Id,change_type
0,2
1,2
2,2
3,3
4,3
5,2
6,2
7,2
8,2
9,2
10,2
11,2
12,2
13,2
14,2
15,3
16,3
17,2
18,3
19,2
20,2
21,2
22,3
23,2
24,2
25,2
26,2
27,2
28,3
29,2
30,2
31,2
32,2
33,2
34,2
35,2
36,1
37,2
38,2
39,2
40,2
41,2
42,2
43,2
44,2
45,3
46,3
47,3
48,3
49,3
50,3
51,3
52,3
53,3
54,3
55,3
56,3
57,3
58,3
59,3
60,2
61,2
62,3
63,3
64,3
65,3
66,3
67,3
68,1
69,3
70,3
71,3
72,3
73,3
74,3
75,2
76,2
77,2
78,3
79,1
80,3
81,2
82,3
83,3
84,3
85,2
86,1
87,3
88,1
89,3
90,3
91,3
92,3
93,3
94,3
95,3
96,3
97,3
98,3
99,3
100,3
101,3
102,3
103,3
104,3
105,3
106,3
107,3
108,3
109,3
110,3
111,3
112,2
113,2
114,3
115,2
116,3
117,3
118,3
119,3
120,3
121,3
122,3
123,3
124,2
125,3
126,3
127,2
128,3
129,2
130,2
131,2
132,2
133,0
134,2
135,0
136,3
137,0
138,3
139,2
140,2
141,2
142,2
143,2
144,2
145,3
146,2
147,2
148,3
149,3
150,3
151,2
152,3
153,2
154,2
155,3
156,3
157,2
158,3
159,3
160,2
161,3
162,3
163,3
164,2
165,3
166,3
167,3
168,3
169,2
170,3
171,3
172,2
173,2
174,2
175,2
176,2
177,2
178,2
179,2
180,2
181,3
182,3
183,3
184,2
185,3
186,3
187,3
188,3
189,2
190,2
191,2
192,2
193,1
194,3
195,3
196,3
197,3
198,1
199,1
200,3
201,3
202,3
203,3
204,2
205,3
206,2
207,3
208,3
209,2
210,3
211,3
212,2
213,3
214,3
215,2
216,2
217,2
218,3
219,2
220,3
221,2
222,2
223,2
224,3
225,1
226,3
227,2
228,3
229,3
230,2
231,1
232,2
233,3
234,2
235,3
236,3
237,3
238,2
239,2
240,3
241,2
242,2
243,3
244,3
245,2
246,2
247,3
248,3
249,2
250,2
251,2
252,2
253,3
254,2
255,3
256,3
257,2
258,2
259,3
260,3
261,3
262,3
263,3
264,2
265,3
266,3
267,3
268,3
269,3
270,3
271,3
272,3
273,3
274,3
275,3
276,2
277,3
278,2
279,2
280,3
281,3
282,2
283,3
284,3
285,3
286,3
287,2
288,2
289,3
290,3
291,3
292,3
293,3
294,2
295,3
296,3
297,3
298,3
299,3
300,3
301,3
302,3
303,3
304,3
305,3
306,3
307,3
308,3
309,3
310,3
311,3
312,3
313,3
314,3
315,3
316,3
317,3
318,3
319,2
320,3
321,3
322,2
323,2
324,2
325,2
326,2
327,2
328,2
329,2
330,2
331,2
332,2
333,2
334,2
335,3
336,2
337,3
338,3
339,2
340,3
341,3
342,2
343,3
344,2
345,3
346,3
347,2
348,2
349,2
350,2
351,3
352,3
353,3
354,3
355,3
356,3
357,3
358,2
359,2
360,2
361,2
362,2
363,2
364,2
365,2
366,2
367,2
368,2
369,2
370,2
371,2
372,2
373,2
374,2
375,2
376,2
377,2
378,2
379,2
380,2
381,2
382,0
383,2
384,2
385,3
386,3
387,3
388,3
389,2
390,2
391,2
392,3
393,3
394,3
395,3
396,3
397,2
398,2
399,2
400,0
401,2
402,2
403,2
404,2
405,2
406,2
407,2
408,2
409,2
410,2
411,3
412,3
413,2
414,3
415,3
416,3
417,1
418,3
419,3
420,3
421,3
422,1
423,3
424,3
425,3
426,2
427,3
428,2
429,2
430,3
431,3
432,3
433,3
434,3
435,3
436,2
437,3
438,3
439,3
440,3
441,3
442,3
443,3
444,2
445,3
446,3
447,3
448,3
449,2
450,2
451,3
452,2
453,3
454,3
455,2
456,2
457,2
458,3
459,1
460,3
461,3
462,3
463,3
464,3
465,3
466,3
467,3
468,2
469,3
470,2
471,3
472,3
473,2
474,0
475,2
476,3
477,3
478,2
479,3
480,2
481,2
482,2
483,2
484,2
485,2
486,3
487,3
488,2
489,2
490,2
491,2
492,2
493,2
494,2
495,3
496,3
497,2
498,3
499,2
500,2
501,3
502,3
503,2
504,2
505,3
506,1
507,2
508,2
509,2
510,2
511,2
512,2
513,2
514,2
515,2
516,2
517,1
518,3
519,2
520,2
521,2
522,2
523,2
524,3
525,3
526,2
527,2
528,2
529,3
530,3
531,2
532,3
533,1
534,3
535,3
536,2
537,2
538,3
539,3
540,3
541,3
542,2
543,2
544,2
545,2
546,2
547,2
548,2
549,3
550,2
551,3
552,3
553,3
554,3
555,3
556,3
557,3
558,3
559,3
560,3
561,3
562,3
563,3
564,3
565,3
566,3
567,3
568,3
569,3
570,3
571,3
572,3
573,2
574,3
575,3
576,2
577,3
578,3
579,2
580,3
581,3
582,3
583,3
584,3
585,3
586,3
587,3
588,3
589,3
590,3
591,3
592,3
593,3
594,2
595,3
596,3
597,3
598,3
599,3
600,3
601,3
602,3
603,2
604,2
605,2
606,3
607,3
608,2
609,3
610,3
611,2
612,3
613,3
614,1
615,3
616,3
617,3
618,3
619,1
620,1
621,3
622,3
623,1
624,2
625,2
626,3
627,3
628,3
629,3
630,3
631,3
632,3
633,3
634,3
635,2
636,3
637,3
638,3
639,3
640,3
641,3
642,3
643,1
644,3
645,3
646,3
647,3
648,3
649,2
650,3
651,3
652,3
653,3
654,3
655,3
656,2
657,3
658,3
659,3
660,3
661,3
662,3
663,3
664,2
665,3
666,3
667,3
668,2
669,1
670,2
671,3
672,1
673,3
674,3
675,3
676,3
677,3
678,3
679,2
680,3
681,2
682,3
683,3
684,3
685,2
686,2
687,2
688,3
689,3
690,3
691,2
692,3
693,3
694,3
695,3
696,3
697,3
698,2
699,3
700,3
701,2
702,3
703,1
704,1
705,2
706,2
707,3
708,3
709,3
710,3
711,3
712,2
713,3
714,3
715,3
716,3
717,3
718,2
719,3
720,2
721,3
722,2
723,1
724,3
725,0
726,2
727,2
728,3
729,3
730,3
731,3
732,3
733,3
734,3
735,3
736,2
737,3
738,3
739,2
740,2
741,3
742,3
743,3
744,3
745,3
746,3
747,3
748,2
749,3
750,3
751,2
752,2
753,3
754,2
755,2
756,2
757,3
758,3
759,2
760,3
761,3
762,3
763,2
764,3
765,2
766,3
767,3
768,3
769,2
770,3
771,2
772,2
773,1
774,2
775,3
776,2
777,2
778,3
779,3
780,2
781,3
782,3
783,2
784,3
785,3
786,3
787,3
788,2
789,3
790,3
791,3
792,2
793,3
794,3
795,2
796,3
797,3
798,2
799,2
800,3
801,1
802,2
803,2
804,1
805,3
806,3
807,2
808,1
809,1
810,1
811,1
812,3
813,1
814,3
815,3
816,1
817,1
818,1
819,1
820,1
821,3
822,1
823,1
824,1
825,1
826,2
827,3
828,2
829,2
830,2
831,2
832,1
833,1
834,3
835,3
836,3
837,3
838,3
839,3
840,3
841,3
842,3
843,3
844,3
845,3
846,2
847,2
848,3
849,4
850,3
851,3
852,3
853,3
854,3
855,3
856,3
857,3
858,3
859,3
860,3
861,3
862,3
863,1
864,1
865,2
866,3
867,1
868,3
869,3
870,3
871,3
872,3
873,3
874,3
875,2
876,1
877,3
878,3
879,2
880,3
881,1
882,3
883,3
884,3
885,3
886,3
887,1
888,3
889,3
890,3
891,1
892,3
893,3
894,3
895,3
896,3
897,3
898,3
899,3
900,3
901,3
902,3
903,3
904,3
905,2
906,3
907,3
908,3
909,3
910,3
911,3
912,3
913,3
914,3
915,3
916,3
917,1
918,3
919,3
920,3
921,1
922,3
923,3
924,3
925,3
926,3
927,3
928,1
929,1
930,3
931,3
932,4
933,3
934,3
935,3
936,3
937,3
938,3
939,3
940,3
941,1
942,1
943,1
944,1
945,3
946,3
947,3
948,3
949,3
950,2
951,3
952,3
953,1
954,3
955,3
956,3
957,3
958,3
959,3
960,3
961,3
962,3
963,3
964,3
965,3
966,3
967,3
968,3
969,3
970,3
971,3
972,3
973,3
974,3
975,1
976,3
977,3
978,3
979,3
980,3
981,3
982,3
983,3
984,3
985,3
986,3
987,2
988,3
989,3
990,3
991,3
992,3
993,3
994,3
995,3
996,3
997,3
998,2
999,3
1000,3
1001,3
1002,3
1003,3
1004,1
1005,3
1006,3
1007,3
1008,3
1009,3
1010,3
1011,3
1012,3
1013,3
1014,1
1015,1
1016,2
1017,3
1018,3
1019,3
1020,1
1021,3
1022,3
1023,3
1024,3
1025,3
1026,3
1027,3
1028,3
1029,3
1030,3
1031,3
1032,3
1033,3
1034,3
1035,3
1036,3
1037,3
1038,3
1039,3
1040,3
1041,3
1042,3
1043,3
1044,3
1045,3
1046,3
1047,3
1048,3
1049,1
1050,3
1051,3
1052,3
1053,3
1054,3
1055,3
1056,3
1057,3
1058,1
1059,3
1060,3
1061,1
1062,1
1063,3
1064,3
1065,3
1066,3
1067,3
1068,3
1069,3
1070,3
1071,3
1072,3
1073,3
1074,3
1075,3
1076,3
1077,3
1078,3
1079,3
1080,3
1081,3
1082,3
1083,3
1084,3
1085,3
1086,3
1087,3
1088,3
1089,3
1090,3
1091,1
1092,3
1093,3
1094,1
1095,1
1096,3
1097,3
1098,3
1099,3
1100,3
1101,3
1102,3
1103,3
1104,3
1105,1
1106,3
1107,1
1108,3
1109,1
1110,3
1111,1
1112,1
1113,3
1114,3
1115,3
1116,3
1117,3
1118,1
1119,1
1120,3
1121,1
1122,1
1123,3
1124,3
1125,3
1126,3
1127,3
1128,3
1129,3
1130,1
1131,3
1132,1
1133,1
1134,3
1135,3
1136,3
1137,2
1138,2
1139,1
1140,3
1141,3
1142,3
1143,3
1144,3
1145,1
1146,1
1147,3
1148,3
1149,3
1150,3
1151,3
1152,3
1153,3
1154,3
1155,3
1156,3
1157,3
1158,3
1159,1
1160,3
1161,3
1162,3
1163,3
1164,3
1165,3
1166,3
1167,3
1168,3
1169,3
1170,3
1171,3
1172,3
1173,3
1174,3
1175,3
1176,3
1177,3
1178,1
1179,1
1180,3
1181,3
1182,1
1183,3
1184,3
1185,3
1186,3
1187,3
1188,3
1189,3
1190,3
1191,3
1192,3
1193,3
1194,3
1195,1
1196,1
1197,3
1198,2
1199,2
1200,3
1201,3
1202,3
1203,3
1204,1
1205,1
1206,1
1207,1
1208,1
1209,1
1210,3
1211,1
1212,3
1213,3
1214,3
1215,1
1216,3
1217,3
1218,1
1219,3
1220,3
1221,1
1222,1
1223,3
1224,3
1225,3
1226,3
1227,3
1228,3
1229,3
1230,3
1231,3
1232,3
1233,3
1234,3
1235,3
1236,3
1237,1
1238,3
1239,1
1240,3
1241,3
1242,3
1243,3
1244,3
1245,3
1246,3
1247,3
1248,3
1249,2
1250,2
1251,2
1252,3
1253,3
1254,3
1255,3
1256,3
1257,3
1258,3
1259,3
1260,3
1261,3
1262,3
1263,3
1264,3
1265,3
1266,3
1267,1
1268,1
1269,3
1270,1
1271,3
1272,3
1273,3
1274,1
1275,1
1276,3
1277,3
1278,3
1279,3
1280,3
1281,3
1282,1
1283,1
1284,3
1285,3
1286,3
1287,3
1288,3
1289,3
1290,1
1291,3
1292,3
1293,1
1294,3
1295,1
1296,3
1297,3
1298,3
1299,3
1300,3
1301,3
1302,3
1303,1
1304,3
1305,3
1306,3
1307,3
1308,3
1309,3
1310,3
1311,3
1312,3
1313,3
1314,1
1315,3
1316,3
1317,3
1318,1
1319,3
1320,3
1321,3
1322,1
1323,1
1324,3
1325,3
1326,3
1327,3
1328,3
1329,3
1330,3
1331,3
1332,3
1333,3
1334,3
1335,3
1336,3
1337,3
1338,3
1339,3
1340,3
1341,3
1342,3
1343,3
1344,3
1345,1
1346,1
1347,3
1348,3
1349,3
1350,3
1351,3
1352,3
1353,3
1354,3
1355,3
1356,3
1357,3
1358,3
1359,3
1360,1
1361,1
1362,3
1363,1
1364,1
1365,3
1366,3
1367,1
1368,3
1369,3
1370,3
1371,2
1372,3
1373,3
1374,3
1375,3
1376,3
1377,3
1378,2
1379,3
1380,3
1381,3
1382,1
1383,1
1384,3
1385,3
1386,3
1387,3
1388,3
1389,3
1390,3
1391,3
1392,3
1393,3
1394,2
1395,3
1396,3
1397,3
1398,3
1399,1
1400,3
1401,3
1402,3
1403,3
1404,3
1405,3
1406,3
1407,3
1408,3
1409,3
1410,3
1411,3
1412,3
1413,3
1414,3
1415,3
1416,1
1417,1
1418,3
1419,1
1420,1
1421,3
1422,3
1423,3
1424,3
1425,3
1426,3
1427,3
1428,3
1429,3
1430,3
1431,3
1432,3
1433,3
1434,3
1435,3
1436,1
1437,1
1438,3
1439,3
1440,1
1441,1
1442,1
1443,3
1444,3
1445,1
1446,3
1447,3
1448,3
1449,3
1450,2
1451,3
1452,3
1453,3
1454,3
1455,3
1456,3
1457,3
1458,3
1459,3
1460,3
1461,3
1462,3
1463,3
1464,3
1465,3
1466,1
1467,1
1468,2
1469,1
1470,3
1471,3
1472,3
1473,3
1474,3
1475,3
1476,3
1477,3
1478,3
1479,1
1480,1
1481,1
1482,1
1483,3
1484,3
1485,3
1486,3
1487,1
1488,1
1489,1
1490,1
1491,3
1492,3
1493,1
1494,1
1495,1
1496,1
1497,3
1498,1
1499,1
1500,1
1501,3
1502,3
1503,3
1504,3
1505,3
1506,3
1507,3
1508,3
1509,3
1510,3
1511,3
1512,1
1513,3
1514,3
1515,3
1516,3
1517,3
1518,3
1519,3
1520,1
1521,3
1522,3
1523,3
1524,3
1525,3
1526,3
1527,3
1528,2
1529,3
1530,3
1531,3
1532,3
1533,3
1534,1
1535,1
1536,1
1537,3
1538,3
1539,3
1540,1
1541,2
1542,3
1543,3
1544,3
1545,3
1546,3
1547,1
1548,3
1549,2
1550,3
1551,3
1552,1
1553,3
1554,1
1555,3
1556,3
1557,1
1558,3
1559,3
1560,3
1561,3
1562,3
1563,1
1564,1
1565,3
1566,3
1567,3
1568,3
1569,3
1570,2
1571,3
1572,3
1573,3
1574,3
1575,3
1576,3
1577,3
1578,3
1579,3
1580,3
1581,3
1582,3
1583,3
1584,3
1585,3
1586,3
1587,3
1588,1
1589,3
1590,3
1591,3
1592,3
1593,3
1594,3
1595,3
1596,3
1597,3
1598,3
1599,3
1600,3
1601,2
1602,2
1603,3
1604,3
1605,3
1606,3
1607,1
1608,1
1609,3
1610,1
1611,3
1612,3
1613,1
1614,1
1615,2
1616,3
1617,3
1618,3
1619,3
1620,3
1621,3
1622,3
1623,3
1624,3
1625,3
1626,3
1627,3
1628,3
1629,3
1630,3
1631,3
1632,3
1633,1
1634,3
1635,3
1636,3
1637,3
1638,3
1639,3
1640,3
1641,3
1642,3
1643,3
1644,3
1645,3
1646,2
1647,3
1648,3
1649,3
1650,3
1651,3
1652,3
1653,3
1654,3
1655,2
1656,2
1657,2
1658,3
1659,1
1660,3
1661,3
1662,3
1663,3
1664,3
1665,3
1666,3
1667,3
1668,3
1669,2
1670,3
1671,3
1672,3
1673,3
1674,2
1675,0
1676,1
1677,3
1678,3
1679,3
1680,3
1681,3
1682,3
1683,3
1684,3
1685,3
1686,3
1687,2
1688,3
1689,3
1690,3
1691,2
1692,2
1693,3
1694,2
1695,2
1696,3
1697,3
1698,3
1699,3
1700,3
1701,3
1702,1
1703,2
1704,2
1705,3
1706,3
1707,3
1708,3
1709,3
1710,3
1711,3
1712,3
1713,3
1714,3
1715,3
1716,3
1717,3
1718,3
1719,3
1720,3
1721,3
1722,3
1723,3
1724,3
1725,2
1726,3
1727,2
1728,3
1729,3
1730,3
1731,3
1732,2
1733,3
1734,3
1735,2
1736,3
1737,3
1738,3
1739,3
1740,3
1741,3
1742,3
1743,3
1744,3
1745,3
1746,1
1747,1
1748,3
1749,3
1750,3
1751,1
1752,3
1753,3
1754,3
1755,2
1756,2
1757,3
1758,3
1759,3
1760,3
1761,3
1762,3
1763,3
1764,3
1765,3
1766,3
1767,3
1768,3
1769,3
1770,2
1771,2
1772,3
1773,3
1774,3
1775,2
1776,3
1777,3
1778,3
1779,2
1780,0
1781,2
1782,2
1783,3
1784,0
1785,0
1786,0
1787,0
1788,3
1789,0
1790,0
1791,0
1792,0
1793,3
1794,0
1795,0
1796,3
1797,0
1798,3
1799,0
1800,3
1801,3
1802,3
1803,3
1804,3
1805,3
1806,3
1807,3
1808,3
1809,3
1810,3
1811,3
1812,3
1813,3
1814,3
1815,3
1816,3
1817,3
1818,3
1819,3
1820,3
1821,2
1822,2
1823,2
1824,2
1825,3
1826,2
1827,3
1828,0
1829,3
1830,3
1831,2
1832,2
1833,2
1834,3
1835,2
1836,3
1837,2
1838,3
1839,3
1840,3
1841,3
1842,3
1843,3
1844,3
1845,3
1846,3
1847,3
1848,3
1849,2
1850,3
1851,3
1852,3
1853,3
1854,2
1855,3
1856,3
1857,3
1858,3
1859,3
1860,3
1861,3
1862,3
1863,3
1864,3
1865,3
1866,3
1867,3
1868,3
1869,3
1870,3
1871,2
1872,3
1873,3
1874,2
1875,2
1876,2
1877,2
1878,3
1879,3
1880,2
1881,2
1882,3
1883,3
1884,3
1885,3
1886,2
1887,2
1888,3
1889,2
1890,2
1891,3
1892,2
1893,3
1894,3
1895,3
1896,3
1897,3
1898,3
1899,3
1900,2
1901,3
1902,3
1903,3
1904,3
1905,3
1906,3
1907,3
1908,3
1909,2
1910,2
1911,3
1912,3
1913,3
1914,3
1915,2
1916,3
1917,3
1918,3
1919,2
1920,3
1921,3
1922,3
1923,3
1924,3
1925,2
1926,2
1927,2
1928,2
1929,3
1930,3
1931,2
1932,3
1933,2
1934,3
1935,2
1936,2
1937,3
1938,1
1939,2
1940,1
1941,3
1942,3
1943,3
1944,3
1945,3
1946,2
1947,3
1948,3
1949,3
1950,3
1951,3
1952,2
1953,3
1954,0
1955,3
1956,2
1957,3
1958,3
1959,0
1960,0
1961,2
1962,3
1963,0
1964,0
1965,3
1966,3
1967,3
1968,3
1969,3
1970,2
1971,2
1972,3
1973,3
1974,3
1975,2
1976,3
1977,3
1978,3
1979,3
1980,3
1981,3
1982,2
1983,2
1984,3
1985,2
1986,3
1987,3
1988,0
1989,0
1990,3
1991,3
1992,3
1993,3
1994,3
1995,3
1996,3
1997,3
1998,3
1999,3
2000,3
2001,3
2002,3
2003,3
2004,3
2005,3
2006,2
2007,3
2008,3
2009,3
2010,3
2011,3
2012,3
2013,1
2014,3
2015,2
2016,3
2017,3
2018,3
2019,3
2020,3
2021,3
2022,2
2023,3
2024,3
2025,0
2026,3
2027,3
2028,3
2029,3
2030,3
2031,3
2032,3
2033,3
2034,3
2035,3
2036,3
2037,3
2038,3
2039,3
2040,3
2041,1
2042,3
2043,3
2044,3
2045,3
2046,3
2047,3
2048,3
2049,3
2050,3
2051,3
2052,3
2053,3
2054,1
2055,3
2056,3
2057,3
2058,3
2059,3
2060,1
2061,1
2062,3
2063,1
2064,2
2065,2
2066,2
2067,3
2068,2
2069,3
2070,3
2071,3
2072,3
2073,1
2074,3
2075,3
2076,0
2077,0
2078,0
2079,3
2080,1
2081,0
2082,0
2083,0
2084,3
2085,3
2086,3
2087,3
2088,1
2089,3
2090,3
2091,3
2092,2
2093,3
2094,2
2095,3
2096,3
2097,3
2098,3
2099,3
2100,3
2101,3
2102,2
2103,3
2104,0
2105,0
2106,0
2107,0
2108,1
2109,0
2110,3
2111,3
2112,2
2113,2
2114,3
2115,0
2116,3
2117,3
2118,1
2119,2
2120,0
2121,3
2122,2
2123,3
2124,2
2125,3
2126,2
2127,2
2128,2
2129,3
2130,3
2131,3
2132,2
2133,0
2134,3
2135,3
2136,3
2137,3
2138,3
2139,3
2140,3
2141,3
2142,3
2143,1
2144,3
2145,2
2146,2
2147,2
2148,3
2149,2
2150,3
2151,3
2152,3
2153,3
2154,3
2155,3
2156,3
2157,3
2158,3
2159,3
2160,3
2161,3
2162,3
2163,3
2164,3
2165,3
2166,3
2167,3
2168,3
2169,3
2170,1
2171,3
2172,3
2173,3
2174,3
2175,3
2176,1
2177,3
2178,3
2179,3
2180,3
2181,3
2182,3
2183,3
2184,1
2185,3
2186,1
2187,3
2188,3
2189,3
2190,3
2191,0
2192,1
2193,3
2194,3
2195,3
2196,3
2197,3
2198,3
2199,2
2200,3
2201,3
2202,3
2203,3
2204,3
2205,3
2206,3
2207,3
2208,3
2209,2
2210,3
2211,2
2212,3
2213,3
2214,3
2215,3
2216,3
2217,3
2218,2
2219,3
2220,3
2221,3
2222,3
2223,3
2224,3
2225,0
2226,3
2227,2
2228,3
2229,3
2230,3
2231,2
2232,3
2233,3
2234,2
2235,2
2236,3
2237,2
2238,0
2239,2
2240,3
2241,3
2242,2
2243,2
2244,3
2245,3
2246,2
2247,2
2248,2
2249,2
2250,2
2251,2
2252,2
2253,2
2254,2
2255,2
2256,3
2257,3
2258,3
2259,3
2260,0
2261,0
2262,3
2263,2
2264,2
2265,3
2266,3
2267,2
2268,3
2269,3
2270,0
2271,0
2272,2
2273,2
2274,3
2275,0
2276,1
2277,3
2278,1
2279,3
2280,3
2281,0
2282,3
2283,3
2284,2
2285,2
2286,3
2287,2
2288,3
2289,3
2290,2
2291,3
2292,3
2293,0
2294,2
2295,1
2296,1
2297,1
2298,3
2299,3
2300,3
2301,2
2302,3
2303,1
2304,2
2305,3
2306,3
2307,3
2308,2
2309,2
2310,2
2311,3
2312,0
2313,0
2314,3
2315,0
2316,0
2317,3
2318,2
2319,3
2320,3
2321,3
2322,2
2323,0
2324,3
2325,3
2326,0
2327,3
2328,0
2329,3
2330,3
2331,3
2332,2
2333,3
2334,3
2335,1
2336,2
2337,3
2338,3
2339,3
2340,3
2341,3
2342,2
2343,1
2344,3
2345,1
2346,3
2347,1
2348,1
2349,3
2350,3
2351,3
2352,3
2353,3
2354,1
2355,3
2356,3
2357,1
2358,1
2359,1
2360,3
2361,0
2362,0
2363,0
2364,0
2365,0
2366,1
2367,3
2368,2
2369,2
2370,3
2371,2
2372,2
2373,3
2374,3
2375,2
2376,3
2377,3
2378,3
2379,3
2380,2
2381,3
2382,3
2383,3
2384,3
2385,3
2386,3
2387,3
2388,3
2389,3
2390,3
2391,2
2392,3
2393,0
2394,3
2395,0
2396,3
2397,0
2398,3
2399,3
2400,3
2401,0
2402,3
2403,3
2404,3
2405,3
2406,3
2407,3
2408,3
2409,0
2410,0
2411,0
2412,2
2413,2
2414,2
2415,3
2416,2
2417,2
2418,2
2419,0
2420,0
2421,3
2422,2
2423,2
2424,3
2425,3
2426,2
2427,3
2428,3
2429,3
2430,2
2431,0
2432,0
2433,0
2434,0
2435,3
2436,3
2437,3
2438,3
2439,2
2440,3
2441,2
2442,3
2443,0
2444,2
2445,2
2446,2
2447,2
2448,3
2449,3
2450,2
2451,3
2452,2
2453,2
2454,3
2455,3
2456,1
2457,3
2458,3
2459,2
2460,3
2461,3
2462,3
2463,2
2464,2
2465,3
2466,3
2467,3
2468,3
2469,1
2470,3
2471,1
2472,3
2473,2
2474,2
2475,2
2476,2
2477,2
2478,2
2479,2
2480,2
2481,2
2482,3
2483,2
2484,2
2485,2
2486,3
2487,3
2488,2
2489,2
2490,2
2491,3
2492,2
2493,2
2494,2
2495,2
2496,1
2497,2
2498,1
2499,1
2500,1
2501,3
2502,2
2503,2
2504,2
2505,2
2506,3
2507,2
2508,2
2509,2
2510,2
2511,3
2512,3
2513,2
2514,2
2515,2
2516,3
2517,3
2518,3
2519,2
2520,2
2521,2
2522,2
2523,2
2524,2
2525,3
2526,3
2527,3
2528,3
2529,2
2530,3
2531,2
2532,2
2533,3
2534,2
2535,3
2536,3
2537,3
2538,3
2539,3
2540,3
2541,3
2542,3
2543,3
2544,3
2545,3
2546,3
2547,3
2548,3
2549,3
2550,3
2551,3
2552,3
2553,2
2554,3
2555,3
2556,3
2557,3
2558,3
2559,2
2560,2
2561,3
2562,3
2563,3
2564,2
2565,2
2566,2
2567,3
2568,3
2569,3
2570,3
2571,3
2572,3
2573,1
2574,3
2575,1
2576,3
2577,2
2578,2
2579,3
2580,2
2581,2
2582,2
2583,2
2584,2
2585,3
2586,3
2587,1
2588,2
2589,3
2590,2
2591,2
2592,1
2593,2
2594,2
2595,2
2596,2
2597,2
2598,2
2599,2
2600,3
2601,3
2602,3
2603,2
2604,2
2605,2
2606,2
2607,2
2608,2
2609,2
2610,2
2611,2
2612,2
2613,3
2614,3
2615,3
2616,0
2617,2
2618,3
2619,2
2620,3
2621,0
2622,3
2623,2
2624,2
2625,2
2626,3
2627,2
2628,3
2629,2
2630,2
2631,3
2632,3
2633,2
2634,3
2635,2
2636,3
2637,3
2638,2
2639,3
2640,2
2641,2
2642,2
2643,2
2644,3
2645,2
2646,3
2647,1
2648,3
2649,2
2650,2
2651,3
2652,2
2653,2
2654,3
2655,3
2656,2
2657,2
2658,2
2659,3
2660,2
2661,3
2662,2
2663,2
2664,2
2665,1
2666,3
2667,3
2668,3
2669,3
2670,3
2671,3
2672,3
2673,2
2674,3
2675,2
2676,2
2677,3
2678,3
2679,3
2680,2
2681,3
2682,2
2683,3
2684,3
2685,3
2686,3
2687,3
2688,2
2689,2
2690,2
2691,2
2692,3
2693,3
2694,2
2695,2
2696,2
2697,2
2698,3
2699,1
2700,3
2701,3
2702,2
2703,3
2704,2
2705,3
2706,3
2707,3
2708,3
2709,3
2710,2
2711,3
2712,3
2713,3
2714,2
2715,3
2716,3
2717,3
2718,3
2719,3
2720,3
2721,3
2722,3
2723,2
2724,2
2725,2
2726,3
2727,2
2728,3
2729,3
2730,3
2731,3
2732,3
2733,3
2734,2
2735,3
2736,2
2737,3
2738,3
2739,3
2740,3
2741,2
2742,2
2743,2
2744,2
2745,3
2746,3
2747,3
2748,3
2749,2
2750,2
2751,2
2752,1
2753,2
2754,2
2755,3
2756,3
2757,3
2758,3
2759,2
2760,3
2761,2
2762,3
2763,2
2764,1
2765,2
2766,3
2767,3
2768,3
2769,2
2770,3
2771,2
2772,3
2773,3
2774,3
2775,3
2776,3
2777,1
2778,3
2779,1
2780,1
2781,1
2782,1
2783,3
2784,2
2785,3
2786,3
2787,2
2788,3
2789,2
2790,3
2791,3
2792,2
2793,2
2794,2
2795,3
2796,3
2797,3
2798,3
2799,3
2800,1
2801,3
2802,2
2803,3
2804,2
2805,2
2806,2
2807,2
2808,2
2809,2
2810,2
2811,2
2812,2
2813,2
2814,2
2815,2
2816,2
2817,2
2818,2
2819,2
2820,2
2821,2
2822,2
2823,3
2824,3
2825,2
2826,2
2827,2
2828,2
2829,2
2830,2
2831,2
2832,2
2833,3
2834,3
2835,2
2836,2
2837,2
2838,2
2839,2
2840,2
2841,2
2842,2
2843,2
2844,2
2845,2
2846,3
2847,2
2848,2
2849,2
2850,2
2851,2
2852,2
2853,2
2854,3
2855,2
2856,3
2857,3
2858,3
2859,3
2860,2
2861,2
2862,3
2863,2
2864,2
2865,2
2866,2
2867,3
2868,2
2869,2
2870,3
2871,3
2872,2
2873,2
2874,3
2875,2
2876,2
2877,3
2878,3
2879,3
2880,3
2881,3
2882,3
2883,3
2884,2
2885,3
2886,2
2887,3
2888,3
2889,1
2890,3
2891,3
2892,3
2893,1
2894,3
2895,2
2896,3
2897,1
2898,1
2899,3
2900,3
2901,3
2902,3
2903,3
2904,3
2905,2
2906,3
2907,3
2908,2
2909,3
2910,3
2911,3
2912,3
2913,3
2914,3
2915,3
2916,3
2917,3
2918,3
2919,2
2920,3
2921,3
2922,2
2923,3
2924,3
2925,2
2926,3
2927,2
2928,2
2929,3
2930,2
2931,3
2932,3
2933,2
2934,2
2935,3
2936,2
2937,2
2938,2
2939,3
2940,3
2941,3
2942,3
2943,2
2944,2
2945,2
2946,3
2947,3
2948,3
2949,3
2950,1
2951,2
2952,3
2953,3
2954,3
2955,2
2956,3
2957,3
2958,3
2959,3
2960,1
2961,3
2962,3
2963,3
2964,3
2965,2
2966,3
2967,1
2968,1
2969,2
2970,2
2971,3
2972,3
2973,3
2974,1
2975,2
2976,2
2977,2
2978,2
2979,2
2980,3
2981,2
2982,3
2983,1
2984,2
2985,2
2986,3
2987,2
2988,2
2989,2
2990,2
2991,2
2992,2
2993,3
2994,2
2995,2
2996,3
2997,2
2998,2
2999,2
3000,2
3001,2
3002,2
3003,2
3004,3
3005,2
3006,2
3007,2
3008,2
3009,2
3010,2
3011,2
3012,2
3013,2
3014,2
3015,2
3016,2
3017,2
3018,2
3019,2
3020,2
3021,2
3022,2
3023,2
3024,2
3025,3
3026,2
3027,2
3028,2
3029,3
3030,2
3031,3
3032,2
3033,2
3034,2
3035,2
3036,2
3037,2
3038,1
3039,1
3040,2
3041,2
3042,2
3043,3
3044,2
3045,2
3046,2
3047,2
3048,2
3049,2
3050,3
3051,3
3052,2
3053,2
3054,2
3055,3
3056,3
3057,2
3058,2
3059,3
3060,2
3061,2
3062,2
3063,2
3064,3
3065,3
3066,3
3067,3
3068,3
3069,3
3070,3
3071,3
3072,3
3073,3
3074,2
3075,3
3076,2
3077,2
3078,2
3079,2
3080,3
3081,3
3082,3
3083,3
3084,2
3085,2
3086,3
3087,2
3088,2
3089,2
3090,3
3091,2
3092,2
3093,3
3094,3
3095,3
3096,2
3097,3
3098,3
3099,2
3100,2
3101,3
3102,3
3103,2
3104,3
3105,3
3106,2
3107,3
3108,2
3109,2
3110,2
3111,3
3112,2
3113,2
3114,2
3115,2
3116,3
3117,3
3118,2
3119,1
3120,3
3121,3
3122,2
3123,2
3124,3
3125,3
3126,3
3127,3
3128,1
3129,2
3130,2
3131,2
3132,3
3133,2
3134,3
3135,3
3136,3
3137,3
3138,3
3139,3
3140,3
3141,3
3142,3
3143,3
3144,3
3145,2
3146,3
3147,3
3148,3
3149,3
3150,3
3151,3
3152,2
3153,2
3154,2
3155,2
3156,2
3157,2
3158,3
3159,2
3160,1
3161,1
3162,1
3163,1
3164,3
3165,2
3166,2
3167,3
3168,3
3169,2
3170,2
3171,3
3172,2
3173,3
3174,2
3175,3
3176,1
3177,1
3178,3
3179,2
3180,3
3181,3
3182,2
3183,2
3184,3
3185,3
3186,2
3187,2
3188,3
3189,3
3190,2
3191,3
3192,2
3193,2
3194,2
3195,2
3196,3
3197,3
3198,3
3199,2
3200,2
3201,3
3202,2
3203,2
3204,3
3205,3
3206,1
3207,3
3208,2
3209,2
3210,2
3211,2
3212,3
3213,3
3214,2
3215,2
3216,2
3217,2
3218,2
3219,1
3220,3
3221,1
3222,2
3223,1
3224,2
3225,1
3226,1
3227,3
3228,2
3229,1
3230,3
3231,3
3232,3
3233,3
3234,1
3235,2
3236,2
3237,2
3238,3
3239,3
3240,3
3241,2
3242,3
3243,3
3244,3
3245,3
3246,3
3247,1
3248,3
3249,2
3250,3
3251,2
3252,3
3253,1
3254,1
3255,3
3256,2
3257,1
3258,3
3259,2
3260,2
3261,2
3262,2
3263,2
3264,3
3265,2
3266,2
3267,3
3268,2
3269,2
3270,1
3271,2
3272,2
3273,3
3274,3
3275,2
3276,3
3277,3
3278,2
3279,1
3280,3
3281,3
3282,3
3283,2
3284,3
3285,2
3286,2
3287,2
3288,2
3289,2
3290,2
3291,2
3292,1
3293,3
3294,1
3295,3
3296,3
3297,3
3298,2
3299,3
3300,1
3301,3
3302,2
3303,3
3304,2
3305,2
3306,2
3307,3
3308,1
3309,2
3310,2
3311,2
3312,2
3313,2
3314,1
3315,3
3316,2
3317,2
3318,2
3319,2
3320,2
3321,2
3322,2
3323,2
3324,2
3325,2
3326,2
3327,2
3328,2
3329,2
3330,3
3331,2
3332,3
3333,2
3334,2
3335,2
3336,3
3337,3
3338,2
3339,2
3340,2
3341,2
3342,2
3343,2
3344,2
3345,2
3346,2
3347,3
3348,2
3349,2
3350,2
3351,2
3352,2
3353,3
3354,2
3355,2
3356,2
3357,2
3358,2
3359,2
3360,3
3361,3
3362,2
3363,2
3364,2
3365,2
3366,2
3367,2
3368,2
3369,2
3370,3
3371,3
3372,2
3373,2
3374,3
3375,2
3376,3
3377,2
3378,2
3379,2
3380,2
3381,2
3382,3
3383,2
3384,2
3385,2
3386,2
3387,2
3388,2
3389,3
3390,3
3391,3
3392,3
3393,3
3394,3
3395,3
3396,3
3397,1
3398,3
3399,3
3400,3
3401,3
3402,2
3403,2
3404,2
3405,3
3406,3
3407,3
3408,2
3409,2
3410,2
3411,2
3412,3
3413,3
3414,3
3415,3
3416,3
3417,2
3418,3
3419,1
3420,3
3421,2
3422,2
3423,3
3424,2
3425,2
3426,2
3427,3
3428,2
3429,2
3430,2
3431,2
3432,2
3433,2
3434,2
3435,2
3436,2
3437,2
3438,2
3439,2
3440,2
3441,2
3442,3
3443,3
3444,3
3445,2
3446,3
3447,3
3448,2
3449,2
3450,3
3451,3
3452,3
3453,2
3454,2
3455,2
3456,2
3457,2
3458,2
3459,2
3460,2
3461,2
3462,2
3463,2
3464,2
3465,3
3466,2
3467,2
3468,2
3469,3
3470,2
3471,3
3472,2
3473,3
3474,3
3475,4
3476,3
3477,3
3478,3
3479,3
3480,2
3481,3
3482,3
3483,3
3484,2
3485,3
3486,3
3487,2
3488,3
3489,2
3490,3
3491,2
3492,2
3493,2
3494,3
3495,3
3496,2
3497,2
3498,3
3499,3
3500,3
3501,2
3502,2
3503,2
3504,3
3505,2
3506,3
3507,3
3508,3
3509,3
3510,3
3511,3
3512,2
3513,3
3514,2
3515,3
3516,3
3517,2
3518,3
3519,3
3520,3
3521,2
3522,2
3523,2
3524,2
3525,2
3526,2
3527,3
3528,3
3529,3
3530,3
3531,3
3532,1
3533,2
3534,3
3535,3
3536,3
3537,2
3538,3
3539,3
3540,3
3541,3
3542,3
3543,3
3544,3
3545,2
3546,3
3547,3
3548,2
3549,3
3550,2
3551,3
3552,3
3553,2
3554,2
3555,2
3556,3
3557,2
3558,3
3559,2
3560,2
3561,2
3562,2
3563,3
3564,2
3565,2
3566,3
3567,2
3568,2
3569,2
3570,3
3571,2
3572,3
3573,3
3574,2
3575,2
3576,3
3577,2
3578,2
3579,1
3580,3
3581,3
3582,3
3583,3
3584,3
3585,3
3586,2
3587,2
3588,3
3589,2
3590,2
3591,2
3592,2
3593,2
3594,3
3595,2
3596,3
3597,2
3598,3
3599,2
3600,3
3601,2
3602,2
3603,1
3604,2
3605,2
3606,2
3607,3
3608,3
3609,3
3610,2
3611,2
3612,2
3613,2
3614,3
3615,3
3616,2
3617,3
3618,2
3619,2
3620,3
3621,3
3622,3
3623,2
3624,2
3625,3
3626,3
3627,2
3628,3
3629,3
3630,3
3631,3
3632,2
3633,3
3634,3
3635,2
3636,3
3637,3
3638,3
3639,2
3640,3
3641,2
3642,2
3643,2
3644,2
3645,3
3646,3
3647,5
3648,2
3649,2
3650,3
3651,2
3652,3
3653,3
3654,2
3655,3
3656,3
3657,2
3658,2
3659,3
3660,3
3661,3
3662,3
3663,3
3664,5
3665,3
3666,3
3667,3
3668,3
3669,3
3670,3
3671,3
3672,4
3673,3
3674,3
3675,3
3676,3
3677,1
3678,3
3679,3
3680,3
3681,3
3682,3
3683,3
3684,3
3685,3
3686,3
3687,3
3688,3
3689,3
3690,3
3691,3
3692,3
3693,3
3694,3
3695,3
3696,3
3697,3
3698,3
3699,3
3700,3
3701,3
3702,3
3703,3
3704,3
3705,3
3706,3
3707,3
3708,3
3709,3
3710,3
3711,3
3712,3
3713,3
3714,3
3715,3
3716,3
3717,3
3718,3
3719,3
3720,3
3721,3
3722,3
3723,3
3724,3
3725,3
3726,3
3727,3
3728,3
3729,3
3730,3
3731,3
3732,3
3733,3
3734,3
3735,3
3736,3
3737,3
3738,3
3739,3
3740,3
3741,3
3742,3
3743,3
3744,3
3745,3
3746,3
3747,3
3748,3
3749,3
3750,3
3751,4
3752,3
3753,3
3754,3
3755,0
3756,3
3757,3
3758,3
3759,3
3760,3
3761,3
3762,0
3763,3
3764,3
3765,3
3766,3
3767,0
3768,0
3769,0
3770,3
3771,3
3772,3
3773,3
3774,0
3775,1
3776,3
3777,3
3778,3
3779,3
3780,3
3781,3
3782,3
3783,3
3784,3
3785,3
3786,3
3787,3
3788,3
3789,3
3790,3
3791,3
3792,3
3793,2
3794,3
3795,3
3796,3
3797,3
3798,3
3799,3
3800,3
3801,2
3802,3
3803,3
3804,3
3805,3
3806,3
3807,3
3808,3
3809,3
3810,3
3811,3
3812,3
3813,3
3814,3
3815,3
3816,3
3817,4
3818,3
3819,3
3820,3
3821,3
3822,3
3823,3
3824,3
3825,3
3826,3
3827,3
3828,3
3829,3
3830,3
3831,3
3832,3
3833,3
3834,3
3835,3
3836,3
3837,3
3838,3
3839,3
3840,3
3841,3
3842,3
3843,3
3844,3
3845,3
3846,3
3847,3
3848,3
3849,3
3850,3
3851,3
3852,3
3853,3
3854,3
3855,3
3856,3
3857,3
3858,3
3859,3
3860,3
3861,3
3862,3
3863,3
3864,3
3865,3
3866,3
3867,3
3868,1
3869,3
3870,3
3871,3
3872,3
3873,3
3874,3
3875,3
3876,3
3877,3
3878,3
3879,3
3880,3
3881,3
3882,3
3883,3
3884,2
3885,3
3886,3
3887,3
3888,3
3889,3
3890,3
3891,3
3892,3
3893,3
3894,3
3895,3
3896,3
3897,3
3898,3
3899,3
3900,3
3901,3
3902,3
3903,3
3904,3
3905,3
3906,3
3907,3
3908,3
3909,3
3910,3
3911,3
3912,3
3913,3
3914,3
3915,3
3916,3
3917,3
3918,3
3919,3
3920,3
3921,3
3922,3
3923,3
3924,3
3925,4
3926,3
3927,3
3928,3
3929,3
3930,3
3931,3
3932,3
3933,3
3934,3
3935,3
3936,3
3937,3
3938,3
3939,3
3940,3
3941,3
3942,3
3943,3
3944,3
3945,3
3946,3
3947,3
3948,3
3949,3
3950,3
3951,3
3952,3
3953,3
3954,3
3955,3
3956,3
3957,3
3958,3
3959,3
3960,3
3961,3
3962,3
3963,3
3964,3
3965,3
3966,3
3967,3
3968,3
3969,3
3970,3
3971,3
3972,3
3973,3
3974,3
3975,3
3976,3
3977,3
3978,3
3979,3
3980,3
3981,3
3982,3
3983,3
3984,3
3985,3
3986,3
3987,3
3988,3
3989,3
3990,3
3991,3
3992,3
3993,3
3994,3
3995,3
3996,3
3997,3
3998,3
3999,3
4000,3
4001,3
4002,3
4003,3
4004,3
4005,3
4006,3
4007,3
4008,3
4009,3
4010,3
4011,3
4012,3
4013,3
4014,3
4015,3
4016,3
4017,2
4018,4
4019,3
4020,3
4021,3
4022,3
4023,3
4024,3
4025,3
4026,3
4027,3
4028,3
4029,3
4030,3
4031,3
4032,4
4033,4
4034,0
4035,0
4036,0
4037,3
4038,3
4039,3
4040,0
4041,3
4042,3
4043,3
4044,3
4045,3
4046,3
4047,3
4048,3
4049,3
4050,3
4051,3
4052,3
4053,3
4054,3
4055,3
4056,3
4057,3
4058,3
4059,3
4060,3
4061,3
4062,3
4063,3
4064,3
4065,1
4066,3
4067,3
4068,3
4069,3
4070,3
4071,3
4072,3
4073,3
4074,3
4075,3
4076,3
4077,3
4078,3
4079,3
4080,3
4081,3
4082,3
4083,3
4084,3
4085,3
4086,3
4087,3
4088,3
4089,3
4090,3
4091,3
4092,3
4093,3
4094,3
4095,3
4096,3
4097,3
4098,3
4099,3
4100,3
4101,3
4102,3
4103,3
4104,4
4105,3
4106,3
4107,3
4108,3
4109,3
4110,3
4111,3
4112,3
4113,3
4114,3
4115,3
4116,3
4117,3
4118,3
4119,3
4120,3
4121,3
4122,3
4123,3
4124,3
4125,3
4126,3
4127,3
4128,3
4129,3
4130,3
4131,3
4132,3
4133,3
4134,3
4135,3
4136,3
4137,3
4138,3
4139,3
4140,3
4141,3
4142,3
4143,3
4144,3
4145,3
4146,3
4147,3
4148,3
4149,3
4150,3
4151,3
4152,3
4153,3
4154,3
4155,3
4156,3
4157,3
4158,3
4159,3
4160,2
4161,3
4162,3
4163,2
4164,3
4165,3
4166,3
4167,3
4168,3
4169,2
4170,3
4171,3
4172,3
4173,3
4174,2
4175,3
4176,3
4177,3
4178,3
4179,3
4180,3
4181,4
4182,3
4183,3
4184,3
4185,4
4186,3
4187,3
4188,3
4189,3
4190,3
4191,3
4192,3
4193,3
4194,3
4195,3
4196,3
4197,3
4198,4
4199,3
4200,3
4201,3
4202,3
4203,3
4204,3
4205,3
4206,3
4207,3
4208,3
4209,3
4210,3
4211,3
4212,3
4213,3
4214,3
4215,3
4216,3
4217,3
4218,3
4219,3
4220,3
4221,3
4222,3
4223,3
4224,3
4225,3
4226,3
4227,3
4228,3
4229,3
4230,3
4231,3
4232,3
4233,3
4234,3
4235,3
4236,3
4237,3
4238,3
4239,3
4240,3
4241,3
4242,3
4243,3
4244,3
4245,3
4246,3
4247,3
4248,3
4249,3
4250,3
4251,3
4252,3
4253,3
4254,3
4255,3
4256,3
4257,3
4258,3
4259,3
4260,3
4261,3
4262,3
4263,3
4264,3
4265,3
4266,3
4267,3
4268,3
4269,3
4270,3
4271,3
4272,3
4273,3
4274,3
4275,3
4276,3
4277,3
4278,3
4279,3
4280,3
4281,3
4282,3
4283,3
4284,3
4285,3
4286,3
4287,3
4288,3
4289,3
4290,3
4291,3
4292,3
4293,4
4294,3
4295,3
4296,2
4297,3
4298,2
4299,3
4300,3
4301,3
4302,3
4303,3
4304,3
4305,3
4306,3
4307,3
4308,3
4309,3
4310,3
4311,3
4312,3
4313,3
4314,3
4315,3
4316,3
4317,3
4318,3
4319,3
4320,3
4321,3
4322,3
4323,3
4324,3
4325,3
4326,3
4327,3
4328,3
4329,3
4330,3
4331,3
4332,3
4333,3
4334,3
4335,3
4336,3
4337,3
4338,3
4339,3
4340,3
4341,3
4342,3
4343,3
4344,3
4345,3
4346,3
4347,3
4348,3
4349,3
4350,3
4351,3
4352,3
4353,3
4354,3
4355,3
4356,3
4357,2
4358,3
4359,3
4360,3
4361,3
4362,3
4363,3
4364,3
4365,3
4366,3
4367,3
4368,3
4369,3
4370,3
4371,3
4372,3
4373,3
4374,3
4375,3
4376,3
4377,3
4378,3
4379,3
4380,3
4381,3
4382,3
4383,3
4384,3
4385,3
4386,3
4387,3
4388,3
4389,3
4390,3
4391,3
4392,3
4393,3
4394,3
4395,3
4396,3
4397,3
4398,3
4399,3
4400,3
4401,3
4402,3
4403,3
4404,3
4405,3
4406,3
4407,3
4408,3
4409,3
4410,3
4411,3
4412,3
4413,3
4414,3
4415,3
4416,3
4417,3
4418,3
4419,3
4420,3
4421,3
4422,3
4423,3
4424,3
4425,3
4426,3
4427,3
4428,3
4429,3
4430,3
4431,3
4432,3
4433,3
4434,3
4435,3
4436,3
4437,3
4438,3
4439,3
4440,3
4441,3
4442,3
4443,3
4444,3
4445,3
4446,3
4447,3
4448,3
4449,3
4450,3
4451,3
4452,3
4453,3
4454,3
4455,3
4456,3
4457,3
4458,3
4459,3
4460,3
4461,3
4462,3
4463,3
4464,3
4465,3
4466,3
4467,3
4468,3
4469,3
4470,3
4471,4
4472,3
4473,3
4474,3
4475,3
4476,3
4477,3
4478,3
4479,3
4480,3
4481,3
4482,3
4483,3
4484,3
4485,3
4486,3
4487,3
4488,3
4489,3
4490,3
4491,3
4492,3
4493,3
4494,3
4495,3
4496,3
4497,3
4498,3
4499,3
4500,3
4501,3
4502,3
4503,3
4504,3
4505,3
4506,3
4507,3
4508,3
4509,3
4510,3
4511,3
4512,3
4513,3
4514,3
4515,3
4516,3
4517,3
4518,3
4519,3
4520,3
4521,3
4522,4
4523,3
4524,3
4525,3
4526,3
4527,3
4528,3
4529,3
4530,3
4531,3
4532,3
4533,3
4534,3
4535,3
4536,3
4537,3
4538,3
4539,3
4540,3
4541,3
4542,3
4543,3
4544,3
4545,3
4546,3
4547,3
4548,3
4549,3
4550,3
4551,3
4552,3
4553,3
4554,3
4555,3
4556,3
4557,3
4558,3
4559,3
4560,3
4561,3
4562,3
4563,3
4564,3
4565,3
4566,3
4567,3
4568,3
4569,3
4570,3
4571,3
4572,3
4573,3
4574,3
4575,3
4576,3
4577,3
4578,3
4579,3
4580,3
4581,3
4582,3
4583,3
4584,3
4585,3
4586,3
4587,3
4588,3
4589,3
4590,3
4591,3
4592,3
4593,3
4594,3
4595,3
4596,3
4597,3
4598,3
4599,3
4600,3
4601,3
4602,3
4603,3
4604,3
4605,3
4606,3
4607,3
4608,3
4609,3
4610,3
4611,3
4612,3
4613,3
4614,3
4615,3
4616,3
4617,3
4618,3
4619,3
4620,3
4621,3
4622,3
4623,3
4624,3
4625,3
4626,3
4627,3
4628,3
4629,3
4630,3
4631,3
4632,3
4633,3
4634,3
4635,3
4636,3
4637,3
4638,3
4639,3
4640,3
4641,3
4642,3
4643,3
4644,3
4645,3
4646,3
4647,3
4648,3
4649,3
4650,3
4651,3
4652,3
4653,3
4654,3
4655,3
4656,3
4657,3
4658,3
4659,3
4660,3
4661,3
4662,3
4663,3
4664,3
4665,3
4666,3
4667,3
4668,3
4669,3
4670,3
4671,3
4672,3
4673,3
4674,3
4675,3
4676,3
4677,3
4678,3
4679,3
4680,3
4681,2
4682,3
4683,3
4684,3
4685,3
4686,3
4687,3
4688,3
4689,3
4690,3
4691,3
4692,3
4693,3
4694,3
4695,3
4696,3
4697,3
4698,3
4699,3
4700,3
4701,3
4702,3
4703,3
4704,3
4705,3
4706,3
4707,3
4708,3
4709,3
4710,3
4711,3
4712,3
4713,3
4714,3
4715,3
4716,3
4717,3
4718,3
4719,3
4720,3
4721,3
4722,3
4723,3
4724,3
4725,3
4726,3
4727,3
4728,3
4729,3
4730,3
4731,3
4732,3
4733,3
4734,3
4735,3
4736,3
4737,3
4738,3
4739,3
4740,3
4741,3
4742,3
4743,3
4744,3
4745,3
4746,3
4747,3
4748,3
4749,3
4750,3
4751,3
4752,3
4753,3
4754,4
4755,3
4756,3
4757,3
4758,3
4759,0
4760,3
4761,3
4762,3
4763,3
4764,3
4765,3
4766,3
4767,3
4768,3
4769,3
4770,3
4771,3
4772,3
4773,3
4774,3
4775,3
4776,3
4777,3
4778,3
4779,3
4780,3
4781,3
4782,3
4783,3
4784,3
4785,3
4786,3
4787,3
4788,3
4789,3
4790,3
4791,3
4792,3
4793,3
4794,3
4795,3
4796,3
4797,3
4798,3
4799,3
4800,3
4801,3
4802,3
4803,3
4804,3
4805,3
4806,3
4807,3
4808,3
4809,3
4810,1
4811,3
4812,3
4813,3
4814,3
4815,3
4816,3
4817,3
4818,3
4819,3
4820,3
4821,3
4822,3
4823,4
4824,3
4825,3
4826,3
4827,3
4828,3
4829,3
4830,3
4831,3
4832,3
4833,3
4834,3
4835,3
4836,3
4837,3
4838,3
4839,3
4840,3
4841,3
4842,3
4843,3
4844,3
4845,3
4846,3
4847,3
4848,3
4849,3
4850,3
4851,3
4852,3
4853,3
4854,3
4855,3
4856,3
4857,3
4858,3
4859,3
4860,3
4861,3
4862,3
4863,3
4864,3
4865,3
4866,3
4867,3
4868,3
4869,3
4870,3
4871,3
4872,3
4873,3
4874,3
4875,3
4876,3
4877,3
4878,3
4879,3
4880,3
4881,3
4882,3
4883,3
4884,3
4885,3
4886,3
4887,3
4888,3
4889,3
4890,3
4891,3
4892,3
4893,3
4894,3
4895,3
4896,3
4897,3
4898,3
4899,3
4900,2
4901,3
4902,3
4903,3
4904,3
4905,3
4906,3
4907,3
4908,3
4909,3
4910,3
4911,3
4912,3
4913,3
4914,3
4915,3
4916,3
4917,3
4918,3
4919,3
4920,3
4921,3
4922,3
4923,3
4924,3
4925,3
4926,3
4927,3
4928,4
4929,3
4930,3
4931,3
4932,3
4933,3
4934,3
4935,3
4936,3
4937,3
4938,3
4939,3
4940,3
4941,3
4942,3
4943,3
4944,3
4945,3
4946,3
4947,3
4948,3
4949,3
4950,3
4951,3
4952,3
4953,3
4954,3
4955,3
4956,3
4957,3
4958,3
4959,3
4960,3
4961,3
4962,3
4963,3
4964,3
4965,3
4966,3
4967,3
4968,3
4969,3
4970,3
4971,3
4972,3
4973,3
4974,3
4975,3
4976,3
4977,3
4978,3
4979,3
4980,3
4981,3
4982,3
4983,3
4984,3
4985,3
4986,3
4987,3
4988,3
4989,3
4990,3
4991,3
4992,3
4993,3
4994,3
4995,3
4996,3
4997,3
4998,3
4999,3
5000,3
5001,3
5002,3
5003,3
5004,3
5005,3
5006,3
5007,3
5008,3
5009,3
5010,3
5011,3
5012,3
5013,3
5014,3
5015,3
5016,3
5017,3
5018,3
5019,3
5020,3
5021,3
5022,3
5023,3
5024,3
5025,3
5026,3
5027,3
5028,3
5029,3
5030,3
5031,3
5032,3
5033,3
5034,3
5035,3
5036,3
5037,3
5038,3
5039,3
5040,3
5041,3
5042,3
5043,4
5044,3
5045,3
5046,3
5047,3
5048,3
5049,3
5050,3
5051,3
5052,3
5053,3
5054,3
5055,3
5056,3
5057,3
5058,3
5059,3
5060,3
5061,3
5062,3
5063,3
5064,3
5065,3
5066,3
5067,3
5068,3
5069,3
5070,3
5071,3
5072,3
5073,3
5074,3
5075,3
5076,3
5077,3
5078,3
5079,3
5080,3
5081,3
5082,3
5083,3
5084,3
5085,3
5086,3
5087,3
5088,3
5089,3
5090,2
5091,3
5092,3
5093,3
5094,3
5095,3
5096,3
5097,3
5098,3
5099,3
5100,3
5101,3
5102,3
5103,3
5104,3
5105,3
5106,3
5107,3
5108,3
5109,3
5110,3
5111,3
5112,3
5113,3
5114,3
5115,3
5116,3
5117,3
5118,3
5119,3
5120,3
5121,3
5122,3
5123,3
5124,3
5125,3
5126,3
5127,3
5128,3
5129,3
5130,3
5131,3
5132,3
5133,3
5134,3
5135,3
5136,3
5137,3
5138,3
5139,3
5140,3
5141,3
5142,3
5143,3
5144,3
5145,3
5146,3
5147,3
5148,3
5149,3
5150,3
5151,3
5152,3
5153,3
5154,3
5155,3
5156,3
5157,3
5158,3
5159,3
5160,3
5161,3
5162,3
5163,3
5164,3
5165,3
5166,4
5167,3
5168,3
5169,3
5170,3
5171,3
5172,3
5173,3
5174,3
5175,3
5176,3
5177,3
5178,3
5179,3
5180,3
5181,3
5182,3
5183,3
5184,3
5185,3
5186,3
5187,3
5188,3
5189,3
5190,3
5191,3
5192,3
5193,3
5194,3
5195,3
5196,2
5197,3
5198,3
5199,3
5200,3
5201,3
5202,3
5203,3
5204,3
5205,3
5206,3
5207,3
5208,3
5209,3
5210,3
5211,3
5212,3
5213,3
5214,3
5215,3
5216,3
5217,3
5218,3
5219,3
5220,3
5221,3
5222,3
5223,3
5224,3
5225,3
5226,3
5227,3
5228,3
5229,3
5230,3
5231,3
5232,3
5233,3
5234,3
5235,3
5236,3
5237,3
5238,3
5239,3
5240,3
5241,3
5242,3
5243,3
5244,3
5245,3
5246,3
5247,3
5248,3
5249,3
5250,3
5251,3
5252,3
5253,3
5254,3
5255,3
5256,3
5257,3
5258,3
5259,3
5260,3
5261,3
5262,3
5263,3
5264,3
5265,3
5266,3
5267,3
5268,3
5269,3
5270,3
5271,3
5272,3
5273,4
5274,3
5275,3
5276,3
5277,3
5278,3
5279,3
5280,3
5281,3
5282,3
5283,3
5284,3
5285,3
5286,3
5287,3
5288,3
5289,3
5290,3
5291,3
5292,3
5293,3
5294,3
5295,3
5296,3
5297,3
5298,3
5299,3
5300,3
5301,3
5302,3
5303,3
5304,3
5305,3
5306,3
5307,3
5308,3
5309,3
5310,3
5311,3
5312,3
5313,3
5314,3
5315,3
5316,3
5317,3
5318,3
5319,3
5320,3
5321,3
5322,3
5323,3
5324,3
5325,3
5326,3
5327,3
5328,3
5329,3
5330,3
5331,3
5332,3
5333,3
5334,3
5335,3
5336,3
5337,3
5338,3
5339,3
5340,3
5341,3
5342,3
5343,4
5344,3
5345,3
5346,3
5347,3
5348,3
5349,3
5350,3
5351,3
5352,3
5353,3
5354,3
5355,3
5356,3
5357,3
5358,3
5359,3
5360,3
5361,3
5362,3
5363,3
5364,3
5365,3
5366,3
5367,3
5368,3
5369,3
5370,3
5371,3
5372,3
5373,3
5374,3
5375,3
5376,3
5377,3
5378,3
5379,3
5380,3
5381,3
5382,3
5383,3
5384,3
5385,3
5386,3
5387,3
5388,3
5389,3
5390,3
5391,3
5392,3
5393,3
5394,3
5395,2
5396,3
5397,3
5398,3
5399,3
5400,3
5401,3
5402,3
5403,4
5404,3
5405,3
5406,3
5407,3
5408,3
5409,3
5410,3
5411,3
5412,3
5413,3
5414,3
5415,3
5416,3
5417,3
5418,3
5419,3
5420,3
5421,3
5422,3
5423,3
5424,3
5425,3
5426,3
5427,3
5428,3
5429,3
5430,3
5431,3
5432,3
5433,3
5434,3
5435,3
5436,3
5437,3
5438,3
5439,3
5440,3
5441,3
5442,3
5443,3
5444,3
5445,3
5446,3
5447,3
5448,3
5449,3
5450,3
5451,3
5452,3
5453,3
5454,3
5455,3
5456,3
5457,3
5458,3
5459,3
5460,3
5461,3
5462,3
5463,3
5464,3
5465,3
5466,3
5467,3
5468,3
5469,3
5470,3
5471,3
5472,3
5473,3
5474,3
5475,3
5476,3
5477,3
5478,3
5479,3
5480,3
5481,3
5482,3
5483,3
5484,3
5485,3
5486,3
5487,3
5488,3
5489,3
5490,3
5491,3
5492,3
5493,3
5494,3
5495,3
5496,3
5497,4
5498,3
5499,3
5500,3
5501,3
5502,3
5503,3
5504,3
5505,3
5506,3
5507,3
5508,3
5509,3
5510,3
5511,3
5512,3
5513,3
5514,3
5515,3
5516,3
5517,3
5518,3
5519,3
5520,3
5521,3
5522,3
5523,3
5524,3
5525,3
5526,4
5527,3
5528,3
5529,3
5530,3
5531,3
5532,3
5533,3
5534,3
5535,3
5536,3
5537,3
5538,3
5539,3
5540,3
5541,3
5542,3
5543,2
5544,3
5545,3
5546,3
5547,3
5548,3
5549,3
5550,3
5551,3
5552,3
5553,3
5554,3
5555,3
5556,3
5557,3
5558,3
5559,3
5560,3
5561,3
5562,3
5563,3
5564,3
5565,3
5566,3
5567,3
5568,3
5569,3
5570,3
5571,3
5572,3
5573,3
5574,3
5575,3
5576,3
5577,4
5578,3
5579,3
5580,3
5581,3
5582,3
5583,3
5584,3
5585,3
5586,3
5587,3
5588,3
5589,3
5590,3
5591,3
5592,3
5593,3
5594,3
5595,3
5596,3
5597,3
5598,3
5599,3
5600,3
5601,3
5602,3
5603,3
5604,3
5605,3
5606,4
5607,3
5608,3
5609,3
5610,2
5611,3
5612,3
5613,3
5614,3
5615,3
5616,3
5617,3
5618,3
5619,3
5620,3
5621,3
5622,3
5623,3
5624,2
5625,3
5626,3
5627,3
5628,3
5629,3
5630,3
5631,3
5632,3
5633,3
5634,3
5635,3
5636,3
5637,3
5638,3
5639,3
5640,3
5641,3
5642,2
5643,3
5644,3
5645,3
5646,3
5647,3
5648,3
5649,3
5650,3
5651,3
5652,3
5653,3
5654,3
5655,3
5656,3
5657,3
5658,3
5659,3
5660,3
5661,3
5662,3
5663,3
5664,3
5665,3
5666,3
5667,3
5668,3
5669,3
5670,3
5671,3
5672,3
5673,3
5674,3
5675,3
5676,3
5677,3
5678,3
5679,3
5680,2
5681,3
5682,3
5683,3
5684,3
5685,3
5686,3
5687,3
5688,3
5689,3
5690,3
5691,3
5692,3
5693,3
5694,3
5695,3
5696,3
5697,3
5698,3
5699,3
5700,4
5701,3
5702,3
5703,3
5704,3
5705,3
5706,3
5707,3
5708,3
5709,3
5710,3
5711,3
5712,3
5713,3
5714,3
5715,3
5716,3
5717,3
5718,3
5719,3
5720,3
5721,3
5722,3
5723,3
5724,3
5725,3
5726,3
5727,3
5728,3
5729,3
5730,3
5731,3
5732,3
5733,3
5734,3
5735,3
5736,3
5737,3
5738,3
5739,3
5740,3
5741,3
5742,3
5743,3
5744,3
5745,3
5746,3
5747,3
5748,3
5749,3
5750,3
5751,3
5752,3
5753,3
5754,3
5755,2
5756,3
5757,3
5758,3
5759,3
5760,3
5761,3
5762,3
5763,3
5764,3
5765,3
5766,3
5767,3
5768,3
5769,3
5770,3
5771,3
5772,3
5773,4
5774,3
5775,3
5776,3
5777,3
5778,3
5779,3
5780,3
5781,3
5782,3
5783,3
5784,3
5785,3
5786,3
5787,3
5788,3
5789,3
5790,3
5791,3
5792,3
5793,3
5794,3
5795,3
5796,3
5797,3
5798,3
5799,3
5800,3
5801,3
5802,3
5803,3
5804,3
5805,3
5806,3
5807,3
5808,3
5809,3
5810,3
5811,3
5812,3
5813,4
5814,3
5815,3
5816,3
5817,3
5818,3
5819,3
5820,3
5821,2
5822,3
5823,3
5824,3
5825,3
5826,3
5827,3
5828,3
5829,3
5830,4
5831,3
5832,3
5833,3
5834,3
5835,3
5836,3
5837,3
5838,3
5839,3
5840,3
5841,3
5842,3
5843,3
5844,3
5845,3
5846,3
5847,3
5848,3
5849,3
5850,3
5851,3
5852,3
5853,3
5854,3
5855,3
5856,3
5857,3
5858,3
5859,3
5860,3
5861,3
5862,3
5863,3
5864,3
5865,3
5866,3
5867,3
5868,3
5869,3
5870,3
5871,3
5872,3
5873,3
5874,3
5875,3
5876,3
5877,3
5878,3
5879,3
5880,3
5881,2
5882,3
5883,3
5884,3
5885,3
5886,3
5887,3
5888,3
5889,3
5890,3
5891,3
5892,3
5893,3
5894,3
5895,3
5896,3
5897,3
5898,3
5899,3
5900,3
5901,3
5902,3
5903,3
5904,3
5905,3
5906,3
5907,3
5908,3
5909,3
5910,3
5911,3
5912,3
5913,3
5914,3
5915,3
5916,3
5917,3
5918,3
5919,3
5920,3
5921,3
5922,3
5923,3
5924,3
5925,3
5926,3
5927,3
5928,3
5929,3
5930,3
5931,3
5932,3
5933,3
5934,3
5935,3
5936,3
5937,3
5938,3
5939,3
5940,3
5941,3
5942,3
5943,3
5944,3
5945,3
5946,3
5947,3
5948,3
5949,3
5950,3
5951,3
5952,3
5953,3
5954,3
5955,3
5956,3
5957,3
5958,3
5959,3
5960,3
5961,3
5962,3
5963,3
5964,3
5965,3
5966,3
5967,3
5968,3
5969,3
5970,3
5971,3
5972,3
5973,3
5974,3
5975,3
5976,3
5977,3
5978,3
5979,3
5980,3
5981,3
5982,3
5983,3
5984,3
5985,3
5986,3
5987,3
5988,3
5989,3
5990,3
5991,3
5992,3
5993,3
5994,3
5995,3
5996,3
5997,3
5998,3
5999,3
6000,3
6001,3
6002,3
6003,3
6004,3
6005,3
6006,3
6007,3
6008,3
6009,3
6010,3
6011,3
6012,3
6013,3
6014,3
6015,3
6016,3
6017,3
6018,3
6019,3
6020,2
6021,3
6022,3
6023,3
6024,3
6025,3
6026,3
6027,3
6028,3
6029,3
6030,3
6031,3
6032,3
6033,3
6034,3
6035,3
6036,3
6037,3
6038,3
6039,3
6040,3
6041,3
6042,3
6043,3
6044,3
6045,3
6046,4
6047,3
6048,3
6049,3
6050,3
6051,3
6052,3
6053,3
6054,3
6055,3
6056,3
6057,3
6058,3
6059,3
6060,3
6061,3
6062,3
6063,3
6064,3
6065,3
6066,3
6067,3
6068,3
6069,3
6070,3
6071,3
6072,3
6073,3
6074,3
6075,3
6076,3
6077,3
6078,3
6079,3
6080,3
6081,3
6082,3
6083,3
6084,3
6085,3
6086,3
6087,3
6088,3
6089,3
6090,3
6091,3
6092,3
6093,3
6094,3
6095,3
6096,3
6097,3
6098,3
6099,3
6100,3
6101,3
6102,3
6103,3
6104,3
6105,3
6106,3
6107,3
6108,3
6109,3
6110,3
6111,3
6112,3
6113,3
6114,3
6115,3
6116,3
6117,3
6118,3
6119,3
6120,3
6121,3
6122,3
6123,3
6124,3
6125,3
6126,3
6127,3
6128,3
6129,3
6130,3
6131,3
6132,3
6133,3
6134,3
6135,3
6136,3
6137,3
6138,3
6139,3
6140,3
6141,3
6142,3
6143,3
6144,3
6145,3
6146,3
6147,3
6148,3
6149,3
6150,3
6151,3
6152,3
6153,3
6154,3
6155,3
6156,3
6157,3
6158,3
6159,3
6160,3
6161,3
6162,4
6163,3
6164,3
6165,3
6166,3
6167,3
6168,3
6169,3
6170,3
6171,3
6172,3
6173,3
6174,3
6175,3
6176,3
6177,3
6178,3
6179,3
6180,3
6181,3
6182,3
6183,3
6184,3
6185,3
6186,3
6187,3
6188,3
6189,3
6190,3
6191,3
6192,3
6193,3
6194,3
6195,3
6196,3
6197,3
6198,3
6199,3
6200,3
6201,3
6202,4
6203,3
6204,3
6205,3
6206,3
6207,3
6208,4
6209,3
6210,3
6211,3
6212,3
6213,3
6214,3
6215,3
6216,3
6217,3
6218,3
6219,3
6220,3
6221,3
6222,3
6223,3
6224,3
6225,3
6226,3
6227,3
6228,3
6229,3
6230,3
6231,3
6232,3
6233,2
6234,4
6235,3
6236,3
6237,3
6238,3
6239,3
6240,3
6241,3
6242,3
6243,3
6244,4
6245,3
6246,3
6247,3
6248,3
6249,3
6250,3
6251,3
6252,3
6253,3
6254,3
6255,3
6256,3
6257,3
6258,3
6259,3
6260,3
6261,3
6262,3
6263,3
6264,3
6265,3
6266,3
6267,3
6268,3
6269,3
6270,3
6271,3
6272,3
6273,3
6274,3
6275,3
6276,3
6277,3
6278,3
6279,3
6280,3
6281,3
6282,3
6283,3
6284,3
6285,3
6286,3
6287,3
6288,3
6289,3
6290,3
6291,3
6292,3
6293,3
6294,3
6295,3
6296,3
6297,3
6298,3
6299,3
6300,3
6301,3
6302,3
6303,3
6304,3
6305,3
6306,3
6307,3
6308,3
6309,3
6310,3
6311,3
6312,2
6313,3
6314,3
6315,3
6316,3
6317,3
6318,3
6319,3
6320,3
6321,3
6322,3
6323,3
6324,3
6325,3
6326,3
6327,3
6328,3
6329,3
6330,3
6331,3
6332,3
6333,3
6334,3
6335,3
6336,3
6337,3
6338,3
6339,3
6340,3
6341,3
6342,3
6343,3
6344,3
6345,3
6346,3
6347,3
6348,3
6349,3
6350,3
6351,3
6352,3
6353,3
6354,0
6355,3
6356,3
6357,3
6358,3
6359,3
6360,3
6361,3
6362,3
6363,3
6364,3
6365,3
6366,3
6367,3
6368,3
6369,3
6370,3
6371,3
6372,3
6373,3
6374,3
6375,3
6376,3
6377,3
6378,3
6379,3
6380,3
6381,3
6382,3
6383,3
6384,3
6385,3
6386,3
6387,3
6388,3
6389,3
6390,3
6391,3
6392,3
6393,3
6394,3
6395,3
6396,3
6397,3
6398,3
6399,3
6400,3
6401,3
6402,3
6403,3
6404,3
6405,2
6406,3
6407,3
6408,3
6409,3
6410,3
6411,3
6412,3
6413,3
6414,3
6415,3
6416,3
6417,3
6418,3
6419,3
6420,3
6421,3
6422,3
6423,3
6424,3
6425,3
6426,3
6427,3
6428,3
6429,3
6430,3
6431,3
6432,3
6433,3
6434,3
6435,3
6436,3
6437,3
6438,3
6439,3
6440,3
6441,3
6442,3
6443,3
6444,3
6445,3
6446,3
6447,3
6448,3
6449,3
6450,3
6451,3
6452,3
6453,3
6454,3
6455,3
6456,3
6457,3
6458,3
6459,3
6460,3
6461,3
6462,3
6463,3
6464,3
6465,3
6466,3
6467,3
6468,3
6469,3
6470,3
6471,3
6472,3
6473,3
6474,3
6475,3
6476,3
6477,3
6478,3
6479,3
6480,3
6481,3
6482,3
6483,3
6484,3
6485,3
6486,3
6487,3
6488,3
6489,3
6490,3
6491,3
6492,3
6493,4
6494,3
6495,4
6496,3
6497,3
6498,3
6499,3
6500,3
6501,3
6502,3
6503,3
6504,3
6505,3
6506,3
6507,3
6508,3
6509,3
6510,3
6511,3
6512,3
6513,3
6514,3
6515,3
6516,3
6517,3
6518,3
6519,3
6520,3
6521,3
6522,3
6523,3
6524,3
6525,3
6526,3
6527,3
6528,3
6529,3
6530,3
6531,3
6532,3
6533,3
6534,3
6535,3
6536,3
6537,3
6538,3
6539,3
6540,3
6541,3
6542,3
6543,3
6544,3
6545,3
6546,3
6547,3
6548,3
6549,3
6550,3
6551,3
6552,4
6553,3
6554,3
6555,3
6556,3
6557,3
6558,3
6559,3
6560,3
6561,2
6562,3
6563,3
6564,3
6565,3
6566,3
6567,3
6568,3
6569,3
6570,3
6571,3
6572,3
6573,3
6574,3
6575,2
6576,3
6577,3
6578,3
6579,3
6580,3
6581,3
6582,3
6583,3
6584,3
6585,3
6586,3
6587,3
6588,4
6589,3
6590,3
6591,3
6592,3
6593,3
6594,3
6595,3
6596,3
6597,3
6598,3
6599,3
6600,3
6601,3
6602,3
6603,3
6604,3
6605,3
6606,3
6607,3
6608,3
6609,3
6610,3
6611,3
6612,3
6613,3
6614,3
6615,3
6616,3
6617,3
6618,3
6619,3
6620,3
6621,3
6622,3
6623,3
6624,3
6625,3
6626,3
6627,3
6628,3
6629,3
6630,3
6631,3
6632,3
6633,3
6634,3
6635,3
6636,3
6637,3
6638,3
6639,3
6640,3
6641,3
6642,3
6643,3
6644,3
6645,3
6646,3
6647,3
6648,3
6649,3
6650,3
6651,3
6652,3
6653,3
6654,3
6655,3
6656,3
6657,3
6658,4
6659,3
6660,3
6661,3
6662,3
6663,3
6664,3
6665,3
6666,3
6667,3
6668,3
6669,3
6670,3
6671,3
6672,3
6673,3
6674,3
6675,3
6676,3
6677,3
6678,3
6679,3
6680,3
6681,3
6682,3
6683,3
6684,3
6685,3
6686,3
6687,3
6688,3
6689,3
6690,3
6691,3
6692,3
6693,3
6694,3
6695,3
6696,3
6697,3
6698,3
6699,3
6700,3
6701,3
6702,3
6703,3
6704,3
6705,3
6706,3
6707,3
6708,3
6709,3
6710,3
6711,3
6712,3
6713,3
6714,3
6715,3
6716,3
6717,3
6718,3
6719,3
6720,3
6721,3
6722,3
6723,3
6724,3
6725,3
6726,3
6727,3
6728,3
6729,3
6730,3
6731,3
6732,4
6733,3
6734,3
6735,3
6736,3
6737,3
6738,3
6739,3
6740,3
6741,3
6742,3
6743,3
6744,3
6745,3
6746,3
6747,3
6748,3
6749,3
6750,3
6751,3
6752,3
6753,3
6754,3
6755,3
6756,3
6757,3
6758,3
6759,3
6760,3
6761,3
6762,3
6763,3
6764,3
6765,3
6766,3
6767,3
6768,3
6769,3
6770,3
6771,3
6772,3
6773,3
6774,3
6775,3
6776,3
6777,3
6778,3
6779,3
6780,3
6781,3
6782,3
6783,3
6784,3
6785,3
6786,3
6787,4
6788,3
6789,3
6790,3
6791,3
6792,3
6793,3
6794,3
6795,3
6796,3
6797,3
6798,3
6799,3
6800,3
6801,3
6802,3
6803,3
6804,3
6805,3
6806,3
6807,3
6808,3
6809,3
6810,3
6811,3
6812,3
6813,3
6814,3
6815,3
6816,3
6817,3
6818,3
6819,3
6820,3
6821,3
6822,3
6823,3
6824,3
6825,3
6826,3
6827,3
6828,3
6829,3
6830,3
6831,3
6832,3
6833,3
6834,3
6835,3
6836,3
6837,3
6838,3
6839,3
6840,3
6841,3
6842,3
6843,3
6844,3
6845,3
6846,3
6847,3
6848,2
6849,2
6850,3
6851,3
6852,3
6853,3
6854,3
6855,3
6856,3
6857,3
6858,3
6859,3
6860,3
6861,3
6862,3
6863,3
6864,3
6865,3
6866,3
6867,3
6868,3
6869,3
6870,3
6871,3
6872,3
6873,3
6874,3
6875,3
6876,3
6877,3
6878,3
6879,3
6880,3
6881,3
6882,3
6883,3
6884,3
6885,3
6886,3
6887,3
6888,3
6889,3
6890,3
6891,3
6892,3
6893,3
6894,3
6895,3
6896,3
6897,3
6898,3
6899,3
6900,3
6901,3
6902,3
6903,3
6904,3
6905,3
6906,3
6907,3
6908,3
6909,3
6910,3
6911,3
6912,3
6913,3
6914,3
6915,2
6916,3
6917,3
6918,3
6919,3
6920,3
6921,3
6922,3
6923,3
6924,3
6925,3
6926,3
6927,3
6928,3
6929,3
6930,3
6931,3
6932,3
6933,3
6934,3
6935,3
6936,3
6937,3
6938,3
6939,3
6940,3
6941,3
6942,3
6943,3
6944,3
6945,3
6946,3
6947,3
6948,3
6949,3
6950,3
6951,3
6952,3
6953,3
6954,3
6955,3
6956,3
6957,3
6958,3
6959,3
6960,3
6961,3
6962,3
6963,3
6964,3
6965,3
6966,3
6967,3
6968,4
6969,3
6970,4
6971,3
6972,3
6973,3
6974,3
6975,3
6976,3
6977,3
6978,3
6979,3
6980,3
6981,3
6982,3
6983,3
6984,3
6985,3
6986,3
6987,3
6988,3
6989,3
6990,3
6991,3
6992,3
6993,3
6994,3
6995,3
6996,3
6997,3
6998,3
6999,3
7000,3
7001,3
7002,3
7003,3
7004,3
7005,3
7006,3
7007,3
7008,3
7009,3
7010,3
7011,3
7012,3
7013,3
7014,3
7015,3
7016,3
7017,3
7018,3
7019,3
7020,3
7021,3
7022,3
7023,3
7024,3
7025,3
7026,3
7027,3
7028,3
7029,3
7030,3
7031,3
7032,3
7033,3
7034,3
7035,3
7036,3
7037,3
7038,3
7039,3
7040,3
7041,3
7042,3
7043,3
7044,3
7045,3
7046,3
7047,3
7048,3
7049,3
7050,3
7051,3
7052,3
7053,3
7054,3
7055,3
7056,3
7057,3
7058,3
7059,3
7060,3
7061,3
7062,3
7063,3
7064,3
7065,3
7066,3
7067,3
7068,3
7069,3
7070,3
7071,3
7072,3
7073,3
7074,3
7075,3
7076,3
7077,3
7078,3
7079,3
7080,3
7081,3
7082,3
7083,3
7084,3
7085,3
7086,3
7087,3
7088,3
7089,3
7090,3
7091,3
7092,3
7093,3
7094,3
7095,3
7096,3
7097,3
7098,3
7099,3
7100,3
7101,3
7102,3
7103,3
7104,3
7105,3
7106,3
7107,3
7108,3
7109,3
7110,3
7111,3
7112,3
7113,3
7114,3
7115,3
7116,3
7117,3
7118,3
7119,3
7120,3
7121,3
7122,3
7123,3
7124,3
7125,3
7126,3
7127,3
7128,3
7129,3
7130,3
7131,3
7132,3
7133,3
7134,3
7135,3
7136,3
7137,3
7138,3
7139,3
7140,3
7141,4
7142,3
7143,3
7144,3
7145,3
7146,3
7147,3
7148,3
7149,3
7150,3
7151,3
7152,3
7153,3
7154,3
7155,3
7156,3
7157,3
7158,3
7159,3
7160,3
7161,3
7162,3
7163,3
7164,3
7165,3
7166,3
7167,3
7168,3
7169,3
7170,3
7171,3
7172,3
7173,3
7174,3
7175,3
7176,3
7177,3
7178,3
7179,3
7180,3
7181,3
7182,3
7183,3
7184,3
7185,3
7186,3
7187,3
7188,3
7189,3
7190,3
7191,3
7192,3
7193,4
7194,3
7195,3
7196,3
7197,3
7198,3
7199,3
7200,3
7201,3
7202,3
7203,3
7204,3
7205,3
7206,3
7207,3
7208,3
7209,3
7210,3
7211,3
7212,3
7213,3
7214,2
7215,3
7216,3
7217,3
7218,4
7219,3
7220,3
7221,3
7222,3
7223,3
7224,3
7225,3
7226,3
7227,3
7228,3
7229,3
7230,3
7231,3
7232,3
7233,3
7234,3
7235,3
7236,3
7237,3
7238,3
7239,3
7240,3
7241,3
7242,3
7243,3
7244,3
7245,3
7246,3
7247,3
7248,3
7249,3
7250,3
7251,3
7252,3
7253,3
7254,3
7255,3
7256,3
7257,3
7258,3
7259,3
7260,3
7261,3
7262,3
7263,3
7264,3
7265,3
7266,3
7267,3
7268,3
7269,3
7270,3
7271,3
7272,3
7273,3
7274,3
7275,3
7276,3
7277,3
7278,3
7279,3
7280,3
7281,3
7282,3
7283,3
7284,3
7285,3
7286,3
7287,3
7288,3
7289,3
7290,3
7291,3
7292,3
7293,3
7294,3
7295,3
7296,3
7297,3
7298,3
7299,3
7300,3
7301,3
7302,3
7303,3
7304,3
7305,3
7306,3
7307,3
7308,3
7309,3
7310,3
7311,3
7312,3
7313,3
7314,3
7315,3
7316,2
7317,3
7318,3
7319,1
7320,3
7321,3
7322,1
7323,3
7324,3
7325,3
7326,3
7327,3
7328,3
7329,3
7330,3
7331,3
7332,3
7333,1
7334,3
7335,1
7336,3
7337,1
7338,1
7339,0
7340,1
7341,0
7342,1
7343,1
7344,1
7345,1
7346,3
7347,3
7348,1
7349,1
7350,1
7351,1
7352,3
7353,3
7354,3
7355,1
7356,3
7357,1
7358,3
7359,2
7360,2
7361,3
7362,2
7363,1
7364,1
7365,3
7366,2
7367,2
7368,3
7369,3
7370,3
7371,2
7372,3
7373,3
7374,3
7375,1
7376,3
7377,2
7378,2
7379,2
7380,3
7381,3
7382,2
7383,1
7384,1
7385,1
7386,1
7387,1
7388,1
7389,3
7390,3
7391,1
7392,1
7393,3
7394,2
7395,3
7396,3
7397,3
7398,1
7399,2
7400,2
7401,2
7402,2
7403,2
7404,2
7405,2
7406,2
7407,2
7408,3
7409,3
7410,3
7411,3
7412,2
7413,3
7414,2
7415,2
7416,2
7417,2
7418,2
7419,3
7420,2
7421,1
7422,1
7423,2
7424,2
7425,2
7426,2
7427,2
7428,2
7429,2
7430,2
7431,2
7432,2
7433,2
7434,2
7435,2
7436,3
7437,1
7438,1
7439,1
7440,2
7441,2
7442,2
7443,2
7444,1
7445,1
7446,3
7447,1
7448,1
7449,1
7450,1
7451,1
7452,2
7453,2
7454,2
7455,2
7456,2
7457,2
7458,2
7459,2
7460,2
7461,2
7462,1
7463,2
7464,2
7465,2
7466,2
7467,1
7468,2
7469,2
7470,2
7471,2
7472,2
7473,3
7474,1
7475,1
7476,1
7477,1
7478,1
7479,1
7480,1
7481,1
7482,1
7483,1
7484,3
7485,2
7486,3
7487,2
7488,3
7489,3
7490,1
7491,1
7492,2
7493,3
7494,2
7495,3
7496,3
7497,2
7498,3
7499,3
7500,2
7501,2
7502,2
7503,2
7504,3
7505,3
7506,1
7507,1
7508,1
7509,1
7510,1
7511,1
7512,1
7513,1
7514,1
7515,1
7516,1
7517,1
7518,1
7519,1
7520,1
7521,1
7522,3
7523,3
7524,3
7525,3
7526,1
7527,1
7528,1
7529,3
7530,3
7531,1
7532,3
7533,3
7534,3
7535,1
7536,3
7537,3
7538,3
7539,1
7540,1
7541,2
7542,3
7543,3
7544,3
7545,1
7546,3
7547,2
7548,2
7549,2
7550,3
7551,2
7552,2
7553,2
7554,2
7555,2
7556,2
7557,2
7558,2
7559,2
7560,2
7561,2
7562,2
7563,2
7564,2
7565,3
7566,2
7567,3
7568,1
7569,2
7570,2
7571,3
7572,3
7573,2
7574,3
7575,2
7576,2
7577,2
7578,2
7579,2
7580,3
7581,3
7582,2
7583,2
7584,2
7585,2
7586,2
7587,2
7588,2
7589,2
7590,2
7591,3
7592,2
7593,3
7594,2
7595,3
7596,2
7597,2
7598,2
7599,2
7600,3
7601,1
7602,1
7603,1
7604,1
7605,1
7606,1
7607,1
7608,1
7609,1
7610,1
7611,1
7612,1
7613,3
7614,3
7615,2
7616,3
7617,2
7618,3
7619,1
7620,3
7621,3
7622,2
7623,2
7624,3
7625,3
7626,3
7627,3
7628,3
7629,1
7630,3
7631,2
7632,2
7633,3
7634,3
7635,3
7636,3
7637,3
7638,2
7639,1
7640,3
7641,3
7642,2
7643,1
7644,1
7645,2
7646,0
7647,3
7648,1
7649,1
7650,1
7651,3
7652,1
7653,1
7654,3
7655,1
7656,1
7657,1
7658,1
7659,1
7660,3
7661,1
7662,1
7663,1
7664,1
7665,1
7666,1
7667,1
7668,2
7669,1
7670,2
7671,2
7672,2
7673,2
7674,2
7675,2
7676,2
7677,2
7678,2
7679,2
7680,2
7681,2
7682,2
7683,2
7684,3
7685,2
7686,2
7687,2
7688,2
7689,2
7690,2
7691,2
7692,2
7693,2
7694,2
7695,2
7696,2
7697,2
7698,2
7699,2
7700,2
7701,2
7702,2
7703,2
7704,2
7705,2
7706,2
7707,2
7708,2
7709,2
7710,2
7711,2
7712,2
7713,2
7714,2
7715,2
7716,2
7717,2
7718,2
7719,2
7720,2
7721,2
7722,2
7723,2
7724,2
7725,2
7726,2
7727,2
7728,2
7729,2
7730,2
7731,2
7732,2
7733,2
7734,2
7735,2
7736,2
7737,2
7738,2
7739,2
7740,2
7741,2
7742,2
7743,2
7744,2
7745,2
7746,2
7747,2
7748,2
7749,2
7750,2
7751,2
7752,2
7753,2
7754,2
7755,2
7756,2
7757,2
7758,2
7759,3
7760,2
7761,2
7762,2
7763,2
7764,2
7765,2
7766,2
7767,2
7768,2
7769,2
7770,2
7771,2
7772,2
7773,2
7774,3
7775,3
7776,3
7777,2
7778,2
7779,2
7780,2
7781,2
7782,2
7783,2
7784,2
7785,2
7786,2
7787,2
7788,2
7789,2
7790,2
7791,2
7792,2
7793,2
7794,2
7795,2
7796,2
7797,2
7798,2
7799,2
7800,2
7801,2
7802,2
7803,2
7804,2
7805,2
7806,2
7807,2
7808,2
7809,2
7810,2
7811,2
7812,2
7813,2
7814,2
7815,2
7816,1
7817,3
7818,1
7819,3
7820,2
7821,2
7822,3
7823,1
7824,3
7825,1
7826,2
7827,2
7828,2
7829,3
7830,2
7831,1
7832,1
7833,1
7834,2
7835,2
7836,2
7837,2
7838,2
7839,2
7840,3
7841,2
7842,3
7843,3
7844,2
7845,3
7846,1
7847,1
7848,1
7849,1
7850,2
7851,2
7852,2
7853,2
7854,2
7855,2
7856,2
7857,2
7858,2
7859,2
7860,2
7861,2
7862,2
7863,2
7864,2
7865,2
7866,2
7867,3
7868,2
7869,2
7870,2
7871,2
7872,2
7873,2
7874,2
7875,2
7876,2
7877,2
7878,2
7879,2
7880,2
7881,2
7882,2
7883,2
7884,2
7885,2
7886,2
7887,2
7888,2
7889,2
7890,2
7891,2
7892,2
7893,2
7894,2
7895,2
7896,2
7897,2
7898,2
7899,2
7900,2
7901,2
7902,2
7903,2
7904,2
7905,2
7906,2
7907,2
7908,2
7909,2
7910,2
7911,2
7912,2
7913,2
7914,2
7915,2
7916,2
7917,2
7918,2
7919,3
7920,3
7921,2
7922,2
7923,2
7924,2
7925,2
7926,2
7927,2
7928,2
7929,2
7930,2
7931,2
7932,2
7933,2
7934,2
7935,2
7936,2
7937,2
7938,2
7939,2
7940,2
7941,2
7942,2
7943,2
7944,2
7945,2
7946,2
7947,2
7948,2
7949,2
7950,3
7951,2
7952,2
7953,2
7954,2
7955,2
7956,2
7957,2
7958,2
7959,2
7960,2
7961,2
7962,2
7963,2
7964,2
7965,2
7966,2
7967,2
7968,2
7969,2
7970,1
7971,1
7972,1
7973,3
7974,3
7975,1
7976,2
7977,2
7978,2
7979,2
7980,2
7981,2
7982,2
7983,2
7984,2
7985,2
7986,2
7987,2
7988,3
7989,2
7990,2
7991,2
7992,2
7993,2
7994,2
7995,2
7996,2
7997,2
7998,3
7999,2
8000,2
8001,2
8002,2
8003,2
8004,2
8005,2
8006,2
8007,2
8008,2
8009,2
8010,2
8011,2
8012,2
8013,3
8014,2
8015,2
8016,2
8017,2
8018,2
8019,2
8020,2
8021,2
8022,2
8023,2
8024,2
8025,2
8026,2
8027,2
8028,2
8029,2
8030,2
8031,2
8032,2
8033,2
8034,2
8035,3
8036,3
8037,3
8038,2
8039,2
8040,2
8041,3
8042,3
8043,1
8044,3
8045,3
8046,3
8047,3
8048,2
8049,2
8050,1
8051,2
8052,2
8053,3
8054,2
8055,2
8056,2
8057,2
8058,2
8059,2
8060,2
8061,3
8062,2
8063,2
8064,2
8065,2
8066,2
8067,2
8068,2
8069,2
8070,3
8071,2
8072,2
8073,3
8074,3
8075,1
8076,3
8077,2
8078,2
8079,2
8080,2
8081,2
8082,3
8083,3
8084,2
8085,3
8086,3
8087,2
8088,2
8089,2
8090,2
8091,1
8092,1
8093,1
8094,3
8095,3
8096,1
8097,1
8098,2
8099,2
8100,1
8101,2
8102,1
8103,1
8104,2
8105,2
8106,2
8107,2
8108,2
8109,2
8110,2
8111,2
8112,2
8113,2
8114,2
8115,2
8116,2
8117,2
8118,2
8119,2
8120,2
8121,2
8122,2
8123,2
8124,2
8125,2
8126,2
8127,3
8128,1
8129,1
8130,1
8131,2
8132,2
8133,2
8134,2
8135,2
8136,2
8137,2
8138,2
8139,2
8140,2
8141,2
8142,2
8143,2
8144,2
8145,2
8146,2
8147,2
8148,2
8149,2
8150,2
8151,2
8152,2
8153,3
8154,2
8155,2
8156,2
8157,2
8158,2
8159,2
8160,2
8161,2
8162,2
8163,2
8164,2
8165,2
8166,2
8167,2
8168,3
8169,3
8170,2
8171,2
8172,2
8173,2
8174,1
8175,1
8176,1
8177,1
8178,1
8179,1
8180,2
8181,2
8182,2
8183,2
8184,2
8185,2
8186,2
8187,2
8188,2
8189,1
8190,1
8191,1
8192,2
8193,2
8194,2
8195,2
8196,2
8197,2
8198,2
8199,2
8200,2
8201,2
8202,1
8203,2
8204,2
8205,2
8206,2
8207,2
8208,2
8209,2
8210,2
8211,2
8212,2
8213,2
8214,2
8215,2
8216,2
8217,2
8218,2
8219,2
8220,2
8221,2
8222,2
8223,2
8224,2
8225,1
8226,1
8227,1
8228,1
8229,2
8230,2
8231,2
8232,2
8233,1
8234,3
8235,1
8236,1
8237,1
8238,1
8239,1
8240,3
8241,3
8242,3
8243,2
8244,2
8245,2
8246,2
8247,2
8248,2
8249,2
8250,1
8251,1
8252,1
8253,1
8254,1
8255,1
8256,2
8257,3
8258,2
8259,2
8260,2
8261,2
8262,2
8263,2
8264,2
8265,2
8266,2
8267,2
8268,2
8269,2
8270,2
8271,2
8272,2
8273,1
8274,1
8275,1
8276,2
8277,2
8278,2
8279,2
8280,2
8281,2
8282,2
8283,2
8284,3
8285,1
8286,3
8287,2
8288,2
8289,2
8290,1
8291,2
8292,2
8293,2
8294,2
8295,2
8296,2
8297,2
8298,2
8299,2
8300,2
8301,2
8302,2
8303,2
8304,2
8305,2
8306,2
8307,2
8308,2
8309,2
8310,2
8311,2
8312,2
8313,2
8314,2
8315,2
8316,2
8317,2
8318,2
8319,2
8320,2
8321,2
8322,2
8323,2
8324,2
8325,2
8326,2
8327,2
8328,3
8329,2
8330,3
8331,2
8332,2
8333,2
8334,2
8335,2
8336,2
8337,2
8338,2
8339,2
8340,2
8341,2
8342,2
8343,2
8344,2
8345,2
8346,2
8347,2
8348,2
8349,2
8350,1
8351,2
8352,1
8353,2
8354,1
8355,1
8356,2
8357,2
8358,2
8359,2
8360,2
8361,2
8362,2
8363,2
8364,2
8365,2
8366,2
8367,2
8368,2
8369,2
8370,2
8371,2
8372,2
8373,2
8374,2
8375,2
8376,2
8377,2
8378,2
8379,2
8380,2
8381,2
8382,2
8383,2
8384,2
8385,2
8386,2
8387,2
8388,2
8389,2
8390,2
8391,2
8392,2
8393,2
8394,2
8395,2
8396,2
8397,2
8398,1
8399,1
8400,1
8401,1
8402,2
8403,2
8404,2
8405,2
8406,2
8407,1
8408,2
8409,2
8410,2
8411,3
8412,2
8413,3
8414,2
8415,2
8416,2
8417,1
8418,2
8419,2
8420,2
8421,2
8422,2
8423,2
8424,3
8425,3
8426,2
8427,2
8428,2
8429,2
8430,2
8431,2
8432,2
8433,2
8434,2
8435,2
8436,2
8437,2
8438,2
8439,2
8440,2
8441,2
8442,2
8443,2
8444,2
8445,1
8446,1
8447,1
8448,1
8449,2
8450,2
8451,3
8452,1
8453,1
8454,1
8455,1
8456,2
8457,1
8458,1
8459,1
8460,3
8461,1
8462,2
8463,2
8464,2
8465,1
8466,2
8467,3
8468,3
8469,1
8470,2
8471,2
8472,2
8473,2
8474,2
8475,2
8476,2
8477,2
8478,2
8479,2
8480,2
8481,2
8482,2
8483,2
8484,2
8485,2
8486,2
8487,1
8488,1
8489,2
8490,2
8491,2
8492,2
8493,2
8494,2
8495,2
8496,2
8497,2
8498,2
8499,2
8500,2
8501,2
8502,2
8503,2
8504,2
8505,2
8506,2
8507,2
8508,3
8509,3
8510,2
8511,2
8512,2
8513,2
8514,2
8515,3
8516,2
8517,2
8518,1
8519,1
8520,1
8521,1
8522,1
8523,2
8524,2
8525,2
8526,2
8527,2
8528,2
8529,2
8530,2
8531,2
8532,2
8533,2
8534,2
8535,2
8536,2
8537,2
8538,2
8539,2
8540,2
8541,2
8542,2
8543,2
8544,2
8545,2
8546,2
8547,2
8548,2
8549,2
8550,2
8551,2
8552,2
8553,2
8554,2
8555,2
8556,2
8557,2
8558,2
8559,2
8560,2
8561,2
8562,2
8563,2
8564,2
8565,2
8566,2
8567,2
8568,2
8569,2
8570,2
8571,2
8572,2
8573,2
8574,2
8575,2
8576,2
8577,2
8578,2
8579,2
8580,2
8581,2
8582,2
8583,2
8584,2
8585,2
8586,2
8587,2
8588,2
8589,2
8590,2
8591,2
8592,2
8593,2
8594,2
8595,2
8596,2
8597,2
8598,2
8599,2
8600,2
8601,3
8602,1
8603,3
8604,2
8605,3
8606,1
8607,1
8608,1
8609,3
8610,1
8611,2
8612,1
8613,1
8614,1
8615,1
8616,1
8617,2
8618,2
8619,2
8620,2
8621,1
8622,2
8623,1
8624,3
8625,3
8626,2
8627,2
8628,2
8629,3
8630,3
8631,2
8632,2
8633,2
8634,2
8635,2
8636,2
8637,2
8638,3
8639,2
8640,2
8641,2
8642,2
8643,3
8644,3
8645,2
8646,2
8647,2
8648,3
8649,2
8650,2
8651,2
8652,3
8653,2
8654,2
8655,2
8656,2
8657,2
8658,2
8659,2
8660,2
8661,2
8662,2
8663,2
8664,2
8665,2
8666,2
8667,2
8668,2
8669,2
8670,3
8671,2
8672,2
8673,2
8674,2
8675,2
8676,2
8677,2
8678,2
8679,2
8680,3
8681,2
8682,2
8683,3
8684,2
8685,3
8686,3
8687,4
8688,2
8689,2
8690,2
8691,2
8692,2
8693,2
8694,2
8695,2
8696,2
8697,2
8698,2
8699,3
8700,2
8701,2
8702,2
8703,2
8704,2
8705,2
8706,2
8707,2
8708,2
8709,2
8710,2
8711,2
8712,2
8713,2
8714,2
8715,2
8716,3
8717,1
8718,3
8719,3
8720,3
8721,2
8722,2
8723,2
8724,2
8725,2
8726,2
8727,2
8728,2
8729,3
8730,2
8731,2
8732,3
8733,2
8734,2
8735,2
8736,2
8737,3
8738,3
8739,2
8740,3
8741,2
8742,2
8743,2
8744,2
8745,3
8746,3
8747,1
8748,2
8749,3
8750,2
8751,2
8752,2
8753,3
8754,2
8755,2
8756,2
8757,2
8758,1
8759,1
8760,2
8761,3
8762,2
8763,2
8764,2
8765,2
8766,2
8767,3
8768,2
8769,1
8770,1
8771,1
8772,1
8773,1
8774,2
8775,2
8776,2
8777,2
8778,2
8779,2
8780,2
8781,2
8782,2
8783,2
8784,1
8785,1
8786,2
8787,3
8788,2
8789,2
8790,2
8791,2
8792,2
8793,2
8794,2
8795,3
8796,2
8797,3
8798,2
8799,2
8800,2
8801,2
8802,2
8803,1
8804,3
8805,3
8806,2
8807,1
8808,2
8809,1
8810,2
8811,2
8812,2
8813,2
8814,2
8815,2
8816,2
8817,2
8818,2
8819,2
8820,2
8821,2
8822,2
8823,2
8824,2
8825,2
8826,3
8827,2
8828,2
8829,2
8830,2
8831,2
8832,2
8833,2
8834,3
8835,2
8836,2
8837,2
8838,2
8839,2
8840,2
8841,2
8842,2
8843,2
8844,2
8845,2
8846,2
8847,2
8848,2
8849,2
8850,2
8851,2
8852,2
8853,2
8854,2
8855,2
8856,2
8857,2
8858,2
8859,2
8860,2
8861,2
8862,2
8863,2
8864,2
8865,2
8866,2
8867,2
8868,2
8869,2
8870,2
8871,2
8872,2
8873,2
8874,2
8875,2
8876,2
8877,2
8878,2
8879,2
8880,2
8881,2
8882,2
8883,2
8884,2
8885,2
8886,2
8887,2
8888,2
8889,2
8890,1
8891,1
8892,1
8893,2
8894,2
8895,2
8896,2
8897,2
8898,2
8899,2
8900,2
8901,2
8902,2
8903,2
8904,2
8905,2
8906,2
8907,3
8908,1
8909,3
8910,1
8911,3
8912,1
8913,1
8914,1
8915,1
8916,1
8917,3
8918,1
8919,1
8920,3
8921,1
8922,1
8923,1
8924,1
8925,1
8926,2
8927,1
8928,1
8929,1
8930,2
8931,1
8932,2
8933,2
8934,1
8935,2
8936,2
8937,2
8938,2
8939,1
8940,1
8941,1
8942,2
8943,2
8944,2
8945,2
8946,2
8947,2
8948,2
8949,2
8950,2
8951,2
8952,2
8953,2
8954,2
8955,2
8956,2
8957,2
8958,2
8959,2
8960,2
8961,2
8962,2
8963,2
8964,2
8965,2
8966,2
8967,2
8968,2
8969,2
8970,2
8971,2
8972,1
8973,2
8974,2
8975,2
8976,2
8977,2
8978,2
8979,2
8980,2
8981,2
8982,2
8983,2
8984,2
8985,2
8986,2
8987,2
8988,2
8989,2
8990,2
8991,2
8992,2
8993,2
8994,2
8995,2
8996,2
8997,2
8998,2
8999,2
9000,2
9001,2
9002,2
9003,2
9004,2
9005,2
9006,2
9007,2
9008,2
9009,2
9010,2
9011,2
9012,2
9013,2
9014,2
9015,2
9016,2
9017,2
9018,2
9019,2
9020,2
9021,2
9022,2
9023,2
9024,2
9025,2
9026,2
9027,2
9028,2
9029,2
9030,2
9031,2
9032,2
9033,2
9034,2
9035,2
9036,2
9037,1
9038,3
9039,1
9040,1
9041,3
9042,2
9043,2
9044,2
9045,3
9046,3
9047,2
9048,2
9049,1
9050,1
9051,1
9052,3
9053,1
9054,1
9055,2
9056,1
9057,1
9058,4
9059,1
9060,1
9061,1
9062,1
9063,3
9064,2
9065,1
9066,1
9067,1
9068,3
9069,2
9070,1
9071,1
9072,3
9073,1
9074,1
9075,2
9076,2
9077,2
9078,2
9079,2
9080,2
9081,2
9082,2
9083,2
9084,2
9085,2
9086,2
9087,2
9088,2
9089,2
9090,2
9091,2
9092,2
9093,2
9094,2
9095,2
9096,2
9097,2
9098,2
9099,2
9100,2
9101,2
9102,2
9103,2
9104,2
9105,2
9106,2
9107,2
9108,2
9109,2
9110,2
9111,2
9112,2
9113,2
9114,2
9115,1
9116,3
9117,3
9118,3
9119,3
9120,3
9121,1
9122,1
9123,1
9124,1
9125,3
9126,1
9127,1
9128,3
9129,2
9130,2
9131,1
9132,2
9133,1
9134,1
9135,2
9136,3
9137,2
9138,2
9139,2
9140,2
9141,2
9142,2
9143,2
9144,2
9145,1
9146,1
9147,1
9148,2
9149,2
9150,2
9151,2
9152,2
9153,2
9154,2
9155,2
9156,2
9157,2
9158,2
9159,2
9160,2
9161,2
9162,2
9163,2
9164,2
9165,2
9166,2
9167,2
9168,2
9169,2
9170,2
9171,2
9172,2
9173,2
9174,2
9175,2
9176,2
9177,2
9178,2
9179,2
9180,2
9181,2
9182,2
9183,2
9184,2
9185,2
9186,2
9187,2
9188,2
9189,2
9190,2
9191,2
9192,2
9193,2
9194,2
9195,2
9196,2
9197,2
9198,2
9199,2
9200,1
9201,1
9202,2
9203,2
9204,2
9205,2
9206,2
9207,2
9208,2
9209,1
9210,2
9211,2
9212,2
9213,2
9214,2
9215,2
9216,2
9217,2
9218,2
9219,2
9220,2
9221,2
9222,2
9223,2
9224,2
9225,2
9226,2
9227,2
9228,2
9229,3
9230,2
9231,2
9232,2
9233,2
9234,2
9235,2
9236,2
9237,2
9238,2
9239,2
9240,2
9241,2
9242,2
9243,2
9244,2
9245,2
9246,2
9247,2
9248,2
9249,2
9250,2
9251,2
9252,2
9253,2
9254,2
9255,2
9256,2
9257,2
9258,2
9259,2
9260,2
9261,1
9262,2
9263,2
9264,1
9265,2
9266,2
9267,2
9268,2
9269,2
9270,2
9271,2
9272,1
9273,1
9274,3
9275,1
9276,1
9277,3
9278,2
9279,2
9280,2
9281,2
9282,2
9283,2
9284,3
9285,1
9286,3
9287,4
9288,2
9289,4
9290,1
9291,2
9292,2
9293,3
9294,3
9295,2
9296,2
9297,2
9298,2
9299,2
9300,4
9301,3
9302,2
9303,2
9304,1
9305,1
9306,2
9307,3
9308,2
9309,4
9310,3
9311,2
9312,2
9313,2
9314,2
9315,1
9316,2
9317,2
9318,2
9319,2
9320,2
9321,2
9322,2
9323,3
9324,1
9325,2
9326,2
9327,2
9328,2
9329,2
9330,1
9331,3
9332,1
9333,1
9334,3
9335,3
9336,1
9337,2
9338,3
9339,2
9340,2
9341,1
9342,1
9343,3
9344,1
9345,3
9346,3
9347,2
9348,2
9349,2
9350,2
9351,1
9352,3
9353,1
9354,2
9355,2
9356,2
9357,2
9358,2
9359,1
9360,3
9361,1
9362,2
9363,1
9364,3
9365,2
9366,3
9367,2
9368,2
9369,3
9370,3
9371,3
9372,3
9373,2
9374,2
9375,2
9376,2
9377,2
9378,2
9379,2
9380,3
9381,2
9382,1
9383,2
9384,1
9385,1
9386,1
9387,2
9388,2
9389,2
9390,2
9391,2
9392,2
9393,2
9394,3
9395,2
9396,2
9397,2
9398,2
9399,2
9400,2
9401,2
9402,2
9403,2
9404,3
9405,2
9406,2
9407,2
9408,2
9409,2
9410,2
9411,2
9412,2
9413,2
9414,2
9415,2
9416,3
9417,2
9418,3
9419,3
9420,3
9421,2
9422,2
9423,2
9424,2
9425,2
9426,2
9427,2
9428,2
9429,2
9430,2
9431,2
9432,2
9433,2
9434,2
9435,2
9436,2
9437,2
9438,2
9439,2
9440,3
9441,2
9442,2
9443,2
9444,2
9445,2
9446,2
9447,2
9448,2
9449,2
9450,2
9451,2
9452,2
9453,2
9454,2
9455,2
9456,2
9457,2
9458,2
9459,2
9460,2
9461,2
9462,2
9463,2
9464,2
9465,2
9466,1
9467,2
9468,2
9469,2
9470,2
9471,2
9472,2
9473,2
9474,2
9475,2
9476,2
9477,2
9478,2
9479,2
9480,2
9481,2
9482,2
9483,2
9484,2
9485,2
9486,2
9487,2
9488,2
9489,2
9490,2
9491,2
9492,2
9493,2
9494,2
9495,2
9496,2
9497,2
9498,2
9499,2
9500,2
9501,2
9502,2
9503,2
9504,3
9505,2
9506,2
9507,2
9508,2
9509,2
9510,2
9511,2
9512,2
9513,2
9514,2
9515,2
9516,2
9517,2
9518,2
9519,2
9520,2
9521,2
9522,2
9523,2
9524,2
9525,2
9526,2
9527,2
9528,2
9529,2
9530,2
9531,2
9532,3
9533,2
9534,2
9535,2
9536,2
9537,2
9538,2
9539,2
9540,2
9541,2
9542,2
9543,2
9544,2
9545,2
9546,2
9547,2
9548,2
9549,2
9550,2
9551,2
9552,2
9553,2
9554,2
9555,2
9556,2
9557,2
9558,2
9559,2
9560,2
9561,2
9562,2
9563,2
9564,2
9565,2
9566,2
9567,2
9568,2
9569,2
9570,2
9571,3
9572,2
9573,3
9574,2
9575,2
9576,2
9577,2
9578,2
9579,2
9580,3
9581,2
9582,2
9583,2
9584,2
9585,2
9586,2
9587,2
9588,2
9589,2
9590,2
9591,2
9592,2
9593,2
9594,2
9595,2
9596,2
9597,3
9598,2
9599,2
9600,2
9601,2
9602,3
9603,3
9604,1
9605,3
9606,1
9607,2
9608,3
9609,2
9610,2
9611,2
9612,2
9613,2
9614,2
9615,2
9616,2
9617,3
9618,2
9619,2
9620,2
9621,2
9622,1
9623,3
9624,3
9625,2
9626,2
9627,2
9628,2
9629,2
9630,2
9631,2
9632,2
9633,2
9634,2
9635,2
9636,2
9637,2
9638,2
9639,2
9640,2
9641,2
9642,2
9643,2
9644,2
9645,2
9646,2
9647,2
9648,3
9649,2
9650,2
9651,2
9652,2
9653,2
9654,2
9655,2
9656,2
9657,3
9658,2
9659,2
9660,2
9661,2
9662,2
9663,2
9664,2
9665,2
9666,2
9667,2
9668,2
9669,2
9670,2
9671,2
9672,2
9673,2
9674,2
9675,2
9676,3
9677,2
9678,2
9679,2
9680,2
9681,2
9682,2
9683,2
9684,2
9685,2
9686,2
9687,2
9688,2
9689,2
9690,2
9691,2
9692,2
9693,2
9694,2
9695,2
9696,2
9697,2
9698,2
9699,2
9700,3
9701,2
9702,2
9703,2
9704,2
9705,2
9706,2
9707,2
9708,2
9709,2
9710,2
9711,3
9712,1
9713,1
9714,1
9715,1
9716,1
9717,1
9718,2
9719,2
9720,2
9721,2
9722,2
9723,2
9724,2
9725,2
9726,2
9727,2
9728,2
9729,2
9730,2
9731,2
9732,2
9733,2
9734,2
9735,2
9736,2
9737,3
9738,1
9739,2
9740,2
9741,2
9742,2
9743,2
9744,2
9745,2
9746,1
9747,2
9748,2
9749,2
9750,2
9751,2
9752,2
9753,2
9754,2
9755,2
9756,2
9757,2
9758,2
9759,2
9760,2
9761,2
9762,2
9763,2
9764,2
9765,2
9766,1
9767,3
9768,2
9769,2
9770,1
9771,2
9772,2
9773,2
9774,2
9775,2
9776,2
9777,1
9778,2
9779,3
9780,2
9781,2
9782,2
9783,2
9784,2
9785,2
9786,2
9787,2
9788,2
9789,2
9790,2
9791,2
9792,2
9793,4
9794,2
9795,2
9796,2
9797,2
9798,2
9799,2
9800,2
9801,2
9802,2
9803,2
9804,2
9805,2
9806,2
9807,2
9808,2
9809,2
9810,3
9811,2
9812,2
9813,2
9814,2
9815,2
9816,2
9817,2
9818,2
9819,2
9820,2
9821,2
9822,2
9823,2
9824,2
9825,2
9826,1
9827,2
9828,2
9829,2
9830,1
9831,3
9832,2
9833,2
9834,3
9835,1
9836,2
9837,2
9838,2
9839,3
9840,2
9841,2
9842,1
9843,1
9844,1
9845,3
9846,1
9847,2
9848,2
9849,2
9850,2
9851,2
9852,2
9853,2
9854,2
9855,2
9856,2
9857,2
9858,2
9859,2
9860,2
9861,3
9862,2
9863,1
9864,2
9865,2
9866,3
9867,1
9868,2
9869,2
9870,2
9871,2
9872,2
9873,2
9874,2
9875,2
9876,2
9877,2
9878,2
9879,2
9880,2
9881,2
9882,2
9883,2
9884,2
9885,2
9886,2
9887,2
9888,2
9889,2
9890,2
9891,2
9892,2
9893,2
9894,2
9895,2
9896,2
9897,2
9898,3
9899,2
9900,2
9901,2
9902,2
9903,2
9904,2
9905,2
9906,2
9907,2
9908,2
9909,2
9910,2
9911,2
9912,2
9913,2
9914,3
9915,2
9916,2
9917,2
9918,2
9919,2
9920,1
9921,2
9922,2
9923,3
9924,2
9925,2
9926,2
9927,2
9928,2
9929,2
9930,2
9931,3
9932,2
9933,2
9934,1
9935,2
9936,2
9937,2
9938,2
9939,2
9940,2
9941,2
9942,2
9943,2
9944,2
9945,2
9946,2
9947,3
9948,2
9949,2
9950,2
9951,2
9952,2
9953,2
9954,2
9955,2
9956,2
9957,2
9958,2
9959,2
9960,2
9961,2
9962,2
9963,2
9964,2
9965,2
9966,2
9967,2
9968,2
9969,2
9970,2
9971,2
9972,2
9973,2
9974,2
9975,2
9976,2
9977,2
9978,2
9979,2
9980,2
9981,2
9982,2
9983,2
9984,2
9985,2
9986,2
9987,2
9988,2
9989,2
9990,2
9991,2
9992,2
9993,2
9994,2
9995,2
9996,2
9997,2
9998,2
9999,2
10000,2
10001,2
10002,2
10003,2
10004,2
10005,2
10006,2
10007,2
10008,2
10009,2
10010,2
10011,2
10012,2
10013,2
10014,2
10015,2
10016,2
10017,2
10018,2
10019,2
10020,2
10021,2
10022,2
10023,2
10024,2
10025,2
10026,2
10027,2
10028,2
10029,2
10030,2
10031,2
10032,2
10033,2
10034,2
10035,2
10036,2
10037,2
10038,2
10039,2
10040,2
10041,2
10042,2
10043,2
10044,2
10045,2
10046,2
10047,2
10048,2
10049,2
10050,2
10051,2
10052,2
10053,2
10054,2
10055,2
10056,2
10057,2
10058,2
10059,2
10060,2
10061,2
10062,2
10063,2
10064,2
10065,2
10066,2
10067,2
10068,2
10069,2
10070,2
10071,2
10072,2
10073,2
10074,2
10075,2
10076,2
10077,2
10078,2
10079,2
10080,2
10081,2
10082,2
10083,2
10084,2
10085,2
10086,2
10087,2
10088,2
10089,2
10090,2
10091,2
10092,2
10093,2
10094,2
10095,2
10096,2
10097,2
10098,2
10099,1
10100,2
10101,2
10102,2
10103,3
10104,2
10105,2
10106,2
10107,2
10108,2
10109,2
10110,2
10111,2
10112,2
10113,2
10114,2
10115,2
10116,2
10117,2
10118,2
10119,2
10120,2
10121,2
10122,2
10123,2
10124,2
10125,2
10126,2
10127,2
10128,2
10129,2
10130,2
10131,2
10132,2
10133,2
10134,2
10135,4
10136,2
10137,2
10138,2
10139,2
10140,2
10141,2
10142,2
10143,4
10144,3
10145,2
10146,2
10147,2
10148,2
10149,4
10150,2
10151,3
10152,2
10153,2
10154,2
10155,2
10156,2
10157,2
10158,2
10159,2
10160,2
10161,2
10162,2
10163,2
10164,2
10165,2
10166,2
10167,2
10168,2
10169,2
10170,2
10171,2
10172,2
10173,2
10174,2
10175,2
10176,2
10177,2
10178,2
10179,2
10180,2
10181,2
10182,2
10183,2
10184,2
10185,2
10186,2
10187,2
10188,2
10189,2
10190,2
10191,2
10192,2
10193,2
10194,2
10195,2
10196,2
10197,2
10198,2
10199,2
10200,2
10201,2
10202,2
10203,2
10204,2
10205,2
10206,2
10207,2
10208,2
10209,2
10210,2
10211,2
10212,2
10213,2
10214,2
10215,2
10216,2
10217,2
10218,2
10219,2
10220,2
10221,2
10222,3
10223,2
10224,2
10225,2
10226,2
10227,2
10228,2
10229,2
10230,2
10231,2
10232,2
10233,2
10234,2
10235,2
10236,2
10237,2
10238,2
10239,2
10240,2
10241,2
10242,2
10243,2
10244,2
10245,2
10246,2
10247,2
10248,2
10249,2
10250,2
10251,2
10252,2
10253,2
10254,2
10255,2
10256,2
10257,2
10258,2
10259,2
10260,2
10261,2
10262,2
10263,2
10264,2
10265,2
10266,2
10267,2
10268,2
10269,2
10270,2
10271,2
10272,2
10273,2
10274,2
10275,2
10276,2
10277,2
10278,2
10279,2
10280,2
10281,2
10282,2
10283,2
10284,2
10285,2
10286,2
10287,2
10288,2
10289,2
10290,2
10291,2
10292,2
10293,2
10294,2
10295,2
10296,2
10297,2
10298,2
10299,2
10300,1
10301,2
10302,2
10303,2
10304,2
10305,2
10306,2
10307,2
10308,2
10309,2
10310,2
10311,2
10312,2
10313,2
10314,2
10315,2
10316,2
10317,2
10318,2
10319,2
10320,2
10321,2
10322,2
10323,2
10324,2
10325,2
10326,2
10327,2
10328,2
10329,2
10330,2
10331,2
10332,1
10333,2
10334,1
10335,2
10336,3
10337,2
10338,2
10339,2
10340,2
10341,2
10342,2
10343,2
10344,2
10345,2
10346,2
10347,2
10348,2
10349,2
10350,3
10351,1
10352,2
10353,2
10354,2
10355,2
10356,2
10357,2
10358,2
10359,2
10360,2
10361,2
10362,2
10363,2
10364,2
10365,2
10366,2
10367,2
10368,2
10369,2
10370,2
10371,2
10372,2
10373,2
10374,2
10375,2
10376,2
10377,2
10378,2
10379,2
10380,2
10381,2
10382,2
10383,2
10384,2
10385,2
10386,2
10387,2
10388,3
10389,2
10390,2
10391,2
10392,2
10393,2
10394,2
10395,2
10396,2
10397,2
10398,2
10399,2
10400,2
10401,2
10402,2
10403,2
10404,2
10405,2
10406,2
10407,2
10408,2
10409,2
10410,2
10411,2
10412,2
10413,2
10414,2
10415,2
10416,2
10417,1
10418,2
10419,2
10420,2
10421,2
10422,2
10423,2
10424,2
10425,2
10426,2
10427,2
10428,2
10429,2
10430,2
10431,2
10432,2
10433,2
10434,2
10435,2
10436,2
10437,2
10438,2
10439,2
10440,2
10441,2
10442,2
10443,2
10444,2
10445,2
10446,3
10447,2
10448,2
10449,2
10450,2
10451,2
10452,2
10453,2
10454,2
10455,2
10456,2
10457,2
10458,2
10459,2
10460,2
10461,2
10462,2
10463,2
10464,2
10465,2
10466,2
10467,2
10468,2
10469,2
10470,2
10471,2
10472,2
10473,2
10474,2
10475,2
10476,2
10477,2
10478,2
10479,2
10480,2
10481,2
10482,2
10483,2
10484,2
10485,2
10486,2
10487,2
10488,2
10489,2
10490,3
10491,2
10492,2
10493,2
10494,2
10495,2
10496,2
10497,2
10498,2
10499,2
10500,2
10501,2
10502,2
10503,2
10504,2
10505,2
10506,2
10507,2
10508,2
10509,2
10510,1
10511,1
10512,2
10513,2
10514,2
10515,2
10516,2
10517,2
10518,2
10519,2
10520,2
10521,3
10522,2
10523,2
10524,2
10525,2
10526,2
10527,2
10528,2
10529,2
10530,2
10531,2
10532,2
10533,2
10534,2
10535,2
10536,2
10537,2
10538,2
10539,2
10540,2
10541,2
10542,2
10543,2
10544,2
10545,2
10546,2
10547,2
10548,3
10549,2
10550,3
10551,2
10552,2
10553,2
10554,2
10555,2
10556,3
10557,2
10558,2
10559,2
10560,2
10561,3
10562,2
10563,3
10564,2
10565,2
10566,2
10567,2
10568,1
10569,3
10570,2
10571,3
10572,3
10573,2
10574,2
10575,2
10576,2
10577,2
10578,2
10579,3
10580,4
10581,3
10582,3
10583,2
10584,3
10585,2
10586,2
10587,2
10588,2
10589,2
10590,2
10591,2
10592,2
10593,2
10594,2
10595,2
10596,2
10597,2
10598,2
10599,2
10600,2
10601,2
10602,2
10603,2
10604,2
10605,2
10606,2
10607,2
10608,2
10609,2
10610,2
10611,2
10612,2
10613,2
10614,2
10615,2
10616,2
10617,2
10618,2
10619,2
10620,2
10621,2
10622,2
10623,2
10624,2
10625,2
10626,2
10627,2
10628,2
10629,2
10630,2
10631,2
10632,2
10633,2
10634,2
10635,2
10636,2
10637,2
10638,2
10639,2
10640,2
10641,2
10642,2
10643,2
10644,2
10645,2
10646,2
10647,2
10648,2
10649,1
10650,1
10651,2
10652,2
10653,2
10654,2
10655,2
10656,2
10657,2
10658,2
10659,2
10660,2
10661,2
10662,2
10663,2
10664,2
10665,1
10666,3
10667,3
10668,1
10669,2
10670,2
10671,2
10672,2
10673,2
10674,2
10675,2
10676,2
10677,2
10678,2
10679,2
10680,2
10681,2
10682,2
10683,2
10684,2
10685,2
10686,2
10687,2
10688,2
10689,2
10690,2
10691,2
10692,2
10693,2
10694,2
10695,2
10696,2
10697,2
10698,2
10699,2
10700,2
10701,2
10702,2
10703,2
10704,2
10705,2
10706,2
10707,2
10708,2
10709,2
10710,2
10711,2
10712,2
10713,2
10714,2
10715,2
10716,2
10717,2
10718,2
10719,2
10720,2
10721,2
10722,2
10723,2
10724,2
10725,2
10726,2
10727,2
10728,2
10729,2
10730,2
10731,2
10732,2
10733,2
10734,2
10735,2
10736,2
10737,2
10738,2
10739,2
10740,2
10741,2
10742,2
10743,2
10744,2
10745,2
10746,2
10747,2
10748,2
10749,2
10750,2
10751,2
10752,1
10753,2
10754,2
10755,2
10756,2
10757,2
10758,2
10759,2
10760,2
10761,2
10762,2
10763,2
10764,2
10765,2
10766,2
10767,2
10768,2
10769,2
10770,2
10771,2
10772,2
10773,2
10774,2
10775,2
10776,2
10777,2
10778,2
10779,2
10780,2
10781,2
10782,2
10783,2
10784,2
10785,2
10786,2
10787,2
10788,2
10789,2
10790,2
10791,2
10792,2
10793,2
10794,2
10795,2
10796,2
10797,2
10798,2
10799,2
10800,2
10801,2
10802,2
10803,2
10804,2
10805,2
10806,2
10807,2
10808,2
10809,2
10810,2
10811,1
10812,2
10813,2
10814,2
10815,2
10816,2
10817,3
10818,2
10819,2
10820,2
10821,2
10822,2
10823,2
10824,2
10825,2
10826,2
10827,2
10828,2
10829,2
10830,2
10831,2
10832,2
10833,2
10834,2
10835,2
10836,2
10837,2
10838,2
10839,2
10840,2
10841,2
10842,2
10843,2
10844,2
10845,2
10846,2
10847,2
10848,2
10849,2
10850,2
10851,2
10852,2
10853,3
10854,2
10855,2
10856,2
10857,2
10858,2
10859,2
10860,2
10861,2
10862,2
10863,2
10864,2
10865,2
10866,2
10867,2
10868,2
10869,2
10870,2
10871,2
10872,2
10873,2
10874,2
10875,2
10876,2
10877,2
10878,2
10879,2
10880,2
10881,2
10882,2
10883,2
10884,2
10885,2
10886,2
10887,2
10888,2
10889,2
10890,2
10891,2
10892,2
10893,2
10894,2
10895,2
10896,2
10897,2
10898,2
10899,1
10900,2
10901,2
10902,2
10903,2
10904,2
10905,2
10906,2
10907,2
10908,2
10909,1
10910,2
10911,2
10912,2
10913,2
10914,2
10915,2
10916,2
10917,2
10918,2
10919,2
10920,2
10921,2
10922,2
10923,2
10924,2
10925,2
10926,2
10927,2
10928,2
10929,2
10930,2
10931,2
10932,2
10933,2
10934,2
10935,2
10936,2
10937,2
10938,2
10939,2
10940,2
10941,2
10942,2
10943,2
10944,2
10945,2
10946,2
10947,2
10948,2
10949,3
10950,2
10951,2
10952,2
10953,2
10954,2
10955,2
10956,2
10957,2
10958,2
10959,2
10960,2
10961,2
10962,1
10963,2
10964,2
10965,2
10966,2
10967,2
10968,2
10969,2
10970,2
10971,2
10972,2
10973,2
10974,2
10975,2
10976,2
10977,2
10978,2
10979,2
10980,2
10981,2
10982,2
10983,2
10984,2
10985,2
10986,2
10987,2
10988,2
10989,2
10990,2
10991,2
10992,2
10993,2
10994,2
10995,2
10996,2
10997,2
10998,2
10999,2
11000,2
11001,2
11002,2
11003,2
11004,2
11005,2
11006,2
11007,2
11008,2
11009,2
11010,2
11011,2
11012,2
11013,2
11014,2
11015,2
11016,3
11017,3
11018,2
11019,2
11020,2
11021,2
11022,2
11023,2
11024,2
11025,2
11026,2
11027,2
11028,2
11029,2
11030,2
11031,2
11032,2
11033,2
11034,2
11035,2
11036,2
11037,2
11038,2
11039,2
11040,2
11041,2
11042,2
11043,2
11044,2
11045,2
11046,2
11047,2
11048,2
11049,2
11050,2
11051,2
11052,2
11053,2
11054,2
11055,2
11056,2
11057,2
11058,2
11059,2
11060,2
11061,2
11062,2
11063,2
11064,2
11065,2
11066,2
11067,2
11068,2
11069,2
11070,2
11071,2
11072,2
11073,2
11074,2
11075,2
11076,2
11077,2
11078,2
11079,2
11080,2
11081,2
11082,3
11083,2
11084,2
11085,2
11086,2
11087,2
11088,2
11089,2
11090,2
11091,2
11092,2
11093,2
11094,2
11095,2
11096,2
11097,3
11098,2
11099,2
11100,2
11101,2
11102,2
11103,2
11104,2
11105,2
11106,3
11107,3
11108,2
11109,2
11110,2
11111,2
11112,2
11113,4
11114,2
11115,2
11116,3
11117,3
11118,3
11119,2
11120,2
11121,2
11122,2
11123,2
11124,2
11125,2
11126,2
11127,2
11128,2
11129,2
11130,2
11131,2
11132,2
11133,3
11134,4
11135,3
11136,3
11137,2
11138,2
11139,3
11140,2
11141,2
11142,2
11143,2
11144,2
11145,2
11146,2
11147,1
11148,2
11149,4
11150,4
11151,2
11152,2
11153,2
11154,2
11155,3
11156,3
11157,2
11158,2
11159,3
11160,2
11161,2
11162,2
11163,2
11164,2
11165,2
11166,2
11167,2
11168,2
11169,2
11170,2
11171,2
11172,2
11173,2
11174,2
11175,2
11176,2
11177,2
11178,2
11179,2
11180,2
11181,2
11182,2
11183,2
11184,2
11185,2
11186,2
11187,2
11188,2
11189,2
11190,2
11191,2
11192,2
11193,2
11194,2
11195,2
11196,2
11197,2
11198,2
11199,3
11200,2
11201,2
11202,3
11203,2
11204,2
11205,2
11206,2
11207,2
11208,2
11209,2
11210,2
11211,2
11212,2
11213,2
11214,2
11215,2
11216,2
11217,2
11218,2
11219,2
11220,2
11221,2
11222,2
11223,2
11224,2
11225,2
11226,2
11227,2
11228,2
11229,2
11230,2
11231,2
11232,2
11233,2
11234,2
11235,2
11236,2
11237,2
11238,2
11239,2
11240,2
11241,2
11242,2
11243,2
11244,2
11245,2
11246,2
11247,2
11248,2
11249,2
11250,2
11251,2
11252,2
11253,2
11254,2
11255,2
11256,2
11257,2
11258,2
11259,2
11260,2
11261,2
11262,2
11263,3
11264,3
11265,2
11266,2
11267,2
11268,2
11269,2
11270,4
11271,4
11272,3
11273,2
11274,2
11275,2
11276,2
11277,2
11278,3
11279,3
11280,2
11281,3
11282,2
11283,2
11284,2
11285,2
11286,2
11287,2
11288,2
11289,2
11290,2
11291,2
11292,2
11293,2
11294,2
11295,2
11296,2
11297,2
11298,2
11299,1
11300,2
11301,2
11302,2
11303,2
11304,1
11305,1
11306,2
11307,2
11308,2
11309,2
11310,2
11311,2
11312,2
11313,2
11314,2
11315,2
11316,2
11317,2
11318,2
11319,2
11320,2
11321,2
11322,2
11323,2
11324,2
11325,2
11326,2
11327,2
11328,1
11329,2
11330,2
11331,3
11332,2
11333,2
11334,2
11335,2
11336,2
11337,2
11338,2
11339,2
11340,2
11341,2
11342,2
11343,2
11344,2
11345,2
11346,2
11347,2
11348,2
11349,2
11350,2
11351,2
11352,1
11353,1
11354,3
11355,2
11356,2
11357,2
11358,1
11359,2
11360,2
11361,2
11362,2
11363,2
11364,2
11365,2
11366,2
11367,2
11368,2
11369,2
11370,2
11371,2
11372,2
11373,2
11374,2
11375,2
11376,2
11377,2
11378,2
11379,2
11380,2
11381,2
11382,2
11383,3
11384,2
11385,3
11386,2
11387,3
11388,2
11389,2
11390,2
11391,2
11392,2
11393,2
11394,2
11395,2
11396,1
11397,1
11398,2
11399,2
11400,2
11401,2
11402,1
11403,2
11404,1
11405,1
11406,2
11407,3
11408,2
11409,1
11410,2
11411,2
11412,2
11413,2
11414,2
11415,2
11416,2
11417,2
11418,2
11419,2
11420,2
11421,2
11422,2
11423,2
11424,2
11425,2
11426,2
11427,2
11428,3
11429,2
11430,2
11431,3
11432,2
11433,2
11434,2
11435,2
11436,2
11437,3
11438,2
11439,2
11440,3
11441,2
11442,2
11443,2
11444,2
11445,2
11446,4
11447,2
11448,2
11449,2
11450,2
11451,2
11452,2
11453,2
11454,2
11455,2
11456,2
11457,2
11458,2
11459,2
11460,2
11461,2
11462,2
11463,2
11464,2
11465,2
11466,2
11467,2
11468,2
11469,2
11470,2
11471,2
11472,2
11473,2
11474,2
11475,2
11476,2
11477,2
11478,2
11479,2
11480,2
11481,2
11482,2
11483,2
11484,2
11485,2
11486,2
11487,2
11488,2
11489,2
11490,2
11491,2
11492,2
11493,2
11494,2
11495,2
11496,2
11497,2
11498,1
11499,2
11500,2
11501,1
11502,2
11503,2
11504,2
11505,3
11506,2
11507,2
11508,2
11509,2
11510,2
11511,2
11512,2
11513,2
11514,2
11515,3
11516,2
11517,2
11518,2
11519,2
11520,3
11521,3
11522,3
11523,2
11524,2
11525,2
11526,2
11527,2
11528,2
11529,2
11530,1
11531,1
11532,2
11533,1
11534,2
11535,3
11536,2
11537,1
11538,2
11539,1
11540,1
11541,1
11542,2
11543,2
11544,2
11545,2
11546,2
11547,2
11548,2
11549,2
11550,2
11551,2
11552,2
11553,2
11554,2
11555,2
11556,2
11557,2
11558,2
11559,2
11560,2
11561,2
11562,2
11563,2
11564,3
11565,2
11566,2
11567,2
11568,2
11569,2
11570,2
11571,2
11572,2
11573,2
11574,2
11575,2
11576,2
11577,2
11578,2
11579,2
11580,2
11581,2
11582,2
11583,2
11584,2
11585,2
11586,2
11587,2
11588,2
11589,2
11590,2
11591,2
11592,2
11593,2
11594,2
11595,2
11596,2
11597,2
11598,2
11599,2
11600,2
11601,2
11602,2
11603,2
11604,2
11605,2
11606,2
11607,2
11608,2
11609,2
11610,2
11611,2
11612,2
11613,1
11614,2
11615,2
11616,2
11617,2
11618,2
11619,2
11620,2
11621,2
11622,3
11623,3
11624,2
11625,2
11626,2
11627,2
11628,3
11629,2
11630,2
11631,2
11632,3
11633,3
11634,2
11635,2
11636,2
11637,3
11638,3
11639,2
11640,2
11641,2
11642,2
11643,2
11644,2
11645,2
11646,2
11647,2
11648,2
11649,2
11650,1
11651,3
11652,2
11653,2
11654,2
11655,2
11656,2
11657,2
11658,2
11659,2
11660,2
11661,2
11662,2
11663,2
11664,2
11665,2
11666,3
11667,2
11668,2
11669,2
11670,2
11671,2
11672,2
11673,2
11674,2
11675,2
11676,2
11677,2
11678,2
11679,2
11680,2
11681,2
11682,2
11683,2
11684,2
11685,2
11686,2
11687,2
11688,2
11689,2
11690,2
11691,2
11692,2
11693,2
11694,2
11695,2
11696,2
11697,2
11698,2
11699,2
11700,2
11701,2
11702,2
11703,2
11704,2
11705,2
11706,2
11707,2
11708,2
11709,2
11710,2
11711,2
11712,2
11713,2
11714,2
11715,2
11716,2
11717,2
11718,2
11719,2
11720,2
11721,2
11722,2
11723,2
11724,2
11725,2
11726,2
11727,2
11728,2
11729,2
11730,2
11731,2
11732,2
11733,2
11734,2
11735,3
11736,3
11737,1
11738,2
11739,2
11740,2
11741,2
11742,2
11743,2
11744,4
11745,2
11746,2
11747,2
11748,2
11749,2
11750,3
11751,2
11752,2
11753,2
11754,2
11755,2
11756,2
11757,1
11758,2
11759,2
11760,2
11761,2
11762,1
11763,2
11764,2
11765,3
11766,2
11767,2
11768,2
11769,1
11770,2
11771,3
11772,2
11773,2
11774,2
11775,2
11776,2
11777,2
11778,2
11779,2
11780,2
11781,2
11782,2
11783,1
11784,2
11785,1
11786,2
11787,1
11788,2
11789,1
11790,1
11791,1
11792,2
11793,2
11794,2
11795,2
11796,2
11797,2
11798,2
11799,2
11800,2
11801,2
11802,2
11803,2
11804,2
11805,2
11806,1
11807,2
11808,2
11809,2
11810,2
11811,2
11812,2
11813,2
11814,2
11815,2
11816,2
11817,2
11818,2
11819,2
11820,2
11821,2
11822,2
11823,2
11824,2
11825,2
11826,2
11827,3
11828,3
11829,3
11830,2
11831,2
11832,2
11833,2
11834,3
11835,2
11836,2
11837,2
11838,2
11839,2
11840,2
11841,2
11842,2
11843,2
11844,2
11845,2
11846,2
11847,2
11848,2
11849,2
11850,1
11851,2
11852,2
11853,2
11854,2
11855,2
11856,1
11857,3
11858,2
11859,2
11860,2
11861,2
11862,2
11863,3
11864,1
11865,1
11866,1
11867,1
11868,2
11869,1
11870,2
11871,2
11872,3
11873,2
11874,2
11875,2
11876,2
11877,2
11878,2
11879,2
11880,2
11881,2
11882,2
11883,2
11884,2
11885,2
11886,2
11887,2
11888,2
11889,2
11890,2
11891,2
11892,2
11893,2
11894,2
11895,2
11896,2
11897,2
11898,2
11899,2
11900,2
11901,2
11902,2
11903,2
11904,2
11905,2
11906,2
11907,2
11908,3
11909,2
11910,2
11911,3
11912,2
11913,2
11914,2
11915,2
11916,2
11917,2
11918,2
11919,2
11920,2
11921,3
11922,2
11923,3
11924,1
11925,3
11926,1
11927,1
11928,1
11929,2
11930,1
11931,1
11932,3
11933,1
11934,2
11935,2
11936,1
11937,3
11938,1
11939,2
11940,2
11941,2
11942,2
11943,2
11944,3
11945,2
11946,2
11947,3
11948,3
11949,3
11950,2
11951,1
11952,1
11953,1
11954,2
11955,2
11956,2
11957,2
11958,2
11959,2
11960,2
11961,2
11962,2
11963,2
11964,2
11965,2
11966,2
11967,2
11968,2
11969,2
11970,2
11971,2
11972,2
11973,2
11974,2
11975,2
11976,2
11977,2
11978,3
11979,2
11980,2
11981,2
11982,2
11983,2
11984,2
11985,2
11986,2
11987,2
11988,2
11989,2
11990,2
11991,2
11992,2
11993,2
11994,2
11995,2
11996,2
11997,2
11998,2
11999,2
12000,2
12001,2
12002,2
12003,1
12004,2
12005,2
12006,2
12007,2
12008,2
12009,2
12010,2
12011,2
12012,2
12013,2
12014,2
12015,2
12016,2
12017,2
12018,1
12019,2
12020,3
12021,3
12022,2
12023,1
12024,2
12025,2
12026,2
12027,2
12028,1
12029,1
12030,1
12031,3
12032,3
12033,1
12034,1
12035,1
12036,1
12037,1
12038,2
12039,3
12040,2
12041,2
12042,2
12043,2
12044,2
12045,1
12046,1
12047,1
12048,1
12049,3
12050,3
12051,3
12052,3
12053,3
12054,3
12055,3
12056,3
12057,1
12058,1
12059,1
12060,3
12061,3
12062,2
12063,3
12064,3
12065,1
12066,3
12067,3
12068,2
12069,3
12070,3
12071,2
12072,2
12073,3
12074,3
12075,3
12076,3
12077,3
12078,3
12079,3
12080,3
12081,3
12082,3
12083,3
12084,3
12085,3
12086,3
12087,3
12088,3
12089,3
12090,3
12091,3
12092,1
12093,3
12094,3
12095,1
12096,1
12097,2
12098,2
12099,3
12100,3
12101,3
12102,2
12103,3
12104,3
12105,2
12106,3
12107,1
12108,1
12109,3
12110,3
12111,3
12112,4
12113,3
12114,3
12115,1
12116,1
12117,1
12118,3
12119,3
12120,3
12121,3
12122,2
12123,3
12124,3
12125,3
12126,3
12127,3
12128,3
12129,3
12130,3
12131,3
12132,3
12133,3
12134,3
12135,3
12136,3
12137,3
12138,3
12139,3
12140,3
12141,3
12142,3
12143,3
12144,1
12145,3
12146,3
12147,3
12148,3
12149,3
12150,3
12151,3
12152,2
12153,2
12154,2
12155,3
12156,1
12157,1
12158,3
12159,2
12160,3
12161,3
12162,3
12163,3
12164,3
12165,3
12166,3
12167,3
12168,2
12169,2
12170,3
12171,3
12172,2
12173,2
12174,3
12175,3
12176,3
12177,2
12178,3
12179,3
12180,2
12181,3
12182,3
12183,2
12184,3
12185,3
12186,3
12187,3
12188,3
12189,2
12190,3
12191,3
12192,1
12193,1
12194,3
12195,3
12196,3
12197,3
12198,3
12199,3
12200,2
12201,2
12202,2
12203,3
12204,3
12205,3
12206,2
12207,3
12208,3
12209,3
12210,3
12211,2
12212,3
12213,2
12214,3
12215,3
12216,3
12217,3
12218,3
12219,2
12220,3
12221,2
12222,3
12223,2
12224,2
12225,2
12226,3
12227,3
12228,3
12229,2
12230,3
12231,3
12232,3
12233,1
12234,1
12235,1
12236,1
12237,1
12238,1
12239,2
12240,2
12241,2
12242,3
12243,3
12244,3
12245,2
12246,2
12247,3
12248,3
12249,3
12250,3
12251,3
12252,1
12253,3
12254,3
12255,2
12256,3
12257,3
12258,3
12259,2
12260,2
12261,3
12262,3
12263,2
12264,2
12265,3
12266,3
12267,3
12268,2
12269,3
12270,2
12271,2
12272,2
12273,2
12274,2
12275,2
12276,2
12277,2
12278,2
12279,2
12280,2
12281,2
12282,2
12283,3
12284,2
12285,2
12286,2
12287,2
12288,2
12289,2
12290,2
12291,2
12292,2
12293,2
12294,3
12295,3
12296,3
12297,3
12298,1
12299,2
12300,1
12301,1
12302,1
12303,3
12304,3
12305,3
12306,3
12307,3
12308,3
12309,1
12310,1
12311,2
12312,2
12313,2
12314,2
12315,2
12316,2
12317,2
12318,2
12319,3
12320,2
12321,2
12322,2
12323,3
12324,3
12325,3
12326,2
12327,1
12328,3
12329,2
12330,1
12331,1
12332,1
12333,1
12334,3
12335,3
12336,3
12337,3
12338,1
12339,2
12340,3
12341,3
12342,1
12343,1
12344,3
12345,1
12346,3
12347,2
12348,2
12349,1
12350,2
12351,2
12352,3
12353,2
12354,2
12355,3
12356,3
12357,2
12358,3
12359,3
12360,3
12361,3
12362,1
12363,1
12364,1
12365,3
12366,3
12367,1
12368,3
12369,3
12370,0
12371,1
12372,1
12373,1
12374,2
12375,2
12376,3
12377,2
12378,3
12379,1
12380,2
12381,2
12382,3
12383,1
12384,1
12385,3
12386,3
12387,2
12388,3
12389,5
12390,3
12391,2
12392,3
12393,2
12394,3
12395,3
12396,2
12397,2
12398,2
12399,2
12400,3
12401,2
12402,3
12403,3
12404,3
12405,2
12406,2
12407,3
12408,2
12409,2
12410,2
12411,3
12412,3
12413,3
12414,1
12415,3
12416,1
12417,2
12418,3
12419,2
12420,0
12421,2
12422,2
12423,2
12424,3
12425,2
12426,2
12427,2
12428,2
12429,3
12430,2
12431,2
12432,2
12433,2
12434,3
12435,2
12436,3
12437,2
12438,2
12439,2
12440,2
12441,3
12442,2
12443,2
12444,2
12445,3
12446,2
12447,2
12448,3
12449,2
12450,3
12451,2
12452,2
12453,2
12454,3
12455,2
12456,3
12457,2
12458,3
12459,2
12460,2
12461,2
12462,2
12463,3
12464,2
12465,2
12466,3
12467,3
12468,3
12469,2
12470,0
12471,2
12472,3
12473,2
12474,2
12475,3
12476,2
12477,2
12478,2
12479,3
12480,2
12481,2
12482,2
12483,2
12484,2
12485,2
12486,2
12487,2
12488,2
12489,2
12490,2
12491,2
12492,2
12493,2
12494,2
12495,2
12496,2
12497,2
12498,3
12499,3
12500,2
12501,2
12502,2
12503,2
12504,2
12505,2
12506,3
12507,2
12508,2
12509,2
12510,3
12511,3
12512,2
12513,3
12514,2
12515,2
12516,3
12517,3
12518,3
12519,2
12520,2
12521,2
12522,2
12523,2
12524,2
12525,3
12526,2
12527,2
12528,2
12529,2
12530,2
12531,2
12532,2
12533,2
12534,3
12535,3
12536,2
12537,3
12538,3
12539,3
12540,2
12541,2
12542,3
12543,2
12544,2
12545,2
12546,3
12547,2
12548,2
12549,2
12550,2
12551,2
12552,3
12553,3
12554,2
12555,3
12556,3
12557,3
12558,3
12559,3
12560,3
12561,3
12562,2
12563,3
12564,2
12565,2
12566,2
12567,2
12568,2
12569,2
12570,2
12571,2
12572,2
12573,2
12574,2
12575,2
12576,2
12577,2
12578,2
12579,2
12580,2
12581,2
12582,2
12583,2
12584,3
12585,2
12586,2
12587,2
12588,1
12589,3
12590,2
12591,2
12592,2
12593,2
12594,3
12595,2
12596,2
12597,2
12598,2
12599,3
12600,2
12601,3
12602,2
12603,2
12604,2
12605,3
12606,2
12607,3
12608,3
12609,2
12610,2
12611,3
12612,2
12613,2
12614,2
12615,2
12616,3
12617,3
12618,2
12619,2
12620,3
12621,2
12622,2
12623,2
12624,2
12625,2
12626,3
12627,2
12628,2
12629,2
12630,2
12631,2
12632,3
12633,2
12634,2
12635,2
12636,3
12637,2
12638,2
12639,2
12640,2
12641,2
12642,3
12643,2
12644,2
12645,2
12646,2
12647,2
12648,2
12649,2
12650,2
12651,2
12652,2
12653,2
12654,2
12655,2
12656,2
12657,2
12658,2
12659,2
12660,2
12661,2
12662,2
12663,3
12664,2
12665,2
12666,2
12667,2
12668,2
12669,2
12670,2
12671,2
12672,2
12673,2
12674,2
12675,2
12676,2
12677,2
12678,2
12679,2
12680,2
12681,2
12682,3
12683,2
12684,2
12685,2
12686,2
12687,2
12688,3
12689,2
12690,1
12691,3
12692,2
12693,2
12694,2
12695,2
12696,2
12697,2
12698,2
12699,3
12700,2
12701,2
12702,2
12703,2
12704,2
12705,2
12706,2
12707,3
12708,2
12709,2
12710,2
12711,2
12712,2
12713,2
12714,3
12715,2
12716,2
12717,2
12718,3
12719,2
12720,2
12721,2
12722,2
12723,2
12724,2
12725,2
12726,2
12727,2
12728,2
12729,2
12730,2
12731,2
12732,2
12733,2
12734,2
12735,2
12736,2
12737,2
12738,2
12739,2
12740,2
12741,2
12742,2
12743,2
12744,3
12745,2
12746,2
12747,2
12748,2
12749,2
12750,2
12751,2
12752,2
12753,2
12754,2
12755,2
12756,2
12757,2
12758,2
12759,2
12760,2
12761,2
12762,2
12763,2
12764,2
12765,1
12766,2
12767,2
12768,2
12769,2
12770,2
12771,2
12772,2
12773,2
12774,2
12775,2
12776,2
12777,2
12778,2
12779,2
12780,2
12781,2
12782,2
12783,2
12784,2
12785,2
12786,2
12787,2
12788,2
12789,2
12790,2
12791,2
12792,2
12793,2
12794,2
12795,2
12796,2
12797,2
12798,2
12799,2
12800,2
12801,2
12802,2
12803,2
12804,2
12805,2
12806,2
12807,2
12808,2
12809,2
12810,2
12811,2
12812,2
12813,2
12814,2
12815,2
12816,2
12817,2
12818,2
12819,2
12820,2
12821,2
12822,2
12823,3
12824,2
12825,3
12826,3
12827,3
12828,3
12829,2
12830,2
12831,2
12832,3
12833,2
12834,2
12835,2
12836,2
12837,2
12838,3
12839,2
12840,2
12841,2
12842,2
12843,2
12844,3
12845,2
12846,3
12847,2
12848,2
12849,2
12850,2
12851,2
12852,2
12853,2
12854,2
12855,2
12856,2
12857,2
12858,2
12859,2
12860,2
12861,2
12862,2
12863,2
12864,2
12865,2
12866,2
12867,2
12868,2
12869,2
12870,2
12871,2
12872,2
12873,2
12874,2
12875,2
12876,2
12877,2
12878,2
12879,2
12880,2
12881,2
12882,2
12883,2
12884,2
12885,2
12886,2
12887,2
12888,2
12889,2
12890,2
12891,2
12892,2
12893,2
12894,2
12895,2
12896,2
12897,3
12898,2
12899,2
12900,2
12901,3
12902,2
12903,2
12904,2
12905,2
12906,2
12907,2
12908,2
12909,3
12910,3
12911,2
12912,2
12913,2
12914,2
12915,2
12916,2
12917,2
12918,3
12919,2
12920,2
12921,2
12922,3
12923,2
12924,2
12925,2
12926,3
12927,3
12928,2
12929,2
12930,3
12931,2
12932,2
12933,3
12934,2
12935,3
12936,3
12937,3
12938,2
12939,2
12940,2
12941,2
12942,2
12943,2
12944,2
12945,2
12946,2
12947,2
12948,2
12949,2
12950,2
12951,2
12952,2
12953,2
12954,2
12955,2
12956,2
12957,2
12958,2
12959,2
12960,2
12961,2
12962,2
12963,2
12964,2
12965,2
12966,2
12967,3
12968,2
12969,2
12970,2
12971,2
12972,2
12973,2
12974,2
12975,2
12976,2
12977,3
12978,2
12979,2
12980,2
12981,2
12982,2
12983,2
12984,2
12985,2
12986,2
12987,2
12988,2
12989,2
12990,2
12991,2
12992,2
12993,2
12994,2
12995,3
12996,2
12997,2
12998,2
12999,2
13000,2
13001,2
13002,2
13003,2
13004,2
13005,2
13006,2
13007,2
13008,2
13009,2
13010,2
13011,2
13012,2
13013,2
13014,2
13015,2
13016,2
13017,2
13018,2
13019,2
13020,2
13021,2
13022,2
13023,2
13024,2
13025,2
13026,2
13027,2
13028,2
13029,2
13030,2
13031,2
13032,2
13033,2
13034,2
13035,2
13036,2
13037,3
13038,3
13039,3
13040,3
13041,2
13042,2
13043,3
13044,3
13045,3
13046,3
13047,3
13048,3
13049,3
13050,3
13051,3
13052,3
13053,2
13054,2
13055,2
13056,2
13057,2
13058,2
13059,2
13060,2
13061,2
13062,2
13063,2
13064,2
13065,2
13066,2
13067,2
13068,2
13069,3
13070,2
13071,3
13072,3
13073,3
13074,3
13075,2
13076,2
13077,3
13078,2
13079,2
13080,2
13081,2
13082,2
13083,2
13084,2
13085,2
13086,2
13087,2
13088,2
13089,2
13090,2
13091,2
13092,2
13093,2
13094,2
13095,2
13096,2
13097,2
13098,2
13099,2
13100,2
13101,2
13102,2
13103,2
13104,2
13105,2
13106,2
13107,2
13108,3
13109,3
13110,2
13111,2
13112,2
13113,2
13114,2
13115,2
13116,2
13117,2
13118,2
13119,2
13120,2
13121,2
13122,2
13123,2
13124,2
13125,2
13126,2
13127,2
13128,2
13129,2
13130,2
13131,2
13132,2
13133,2
13134,2
13135,2
13136,2
13137,2
13138,2
13139,2
13140,2
13141,2
13142,2
13143,2
13144,2
13145,2
13146,2
13147,2
13148,2
13149,2
13150,2
13151,2
13152,2
13153,2
13154,2
13155,2
13156,2
13157,2
13158,2
13159,2
13160,2
13161,2
13162,2
13163,2
13164,2
13165,2
13166,2
13167,2
13168,2
13169,2
13170,2
13171,2
13172,2
13173,2
13174,2
13175,2
13176,2
13177,2
13178,2
13179,2
13180,2
13181,2
13182,2
13183,3
13184,2
13185,3
13186,2
13187,2
13188,2
13189,2
13190,2
13191,2
13192,2
13193,2
13194,2
13195,2
13196,2
13197,2
13198,3
13199,3
13200,3
13201,3
13202,2
13203,2
13204,3
13205,3
13206,2
13207,2
13208,2
13209,2
13210,3
13211,3
13212,3
13213,2
13214,2
13215,2
13216,2
13217,2
13218,2
13219,2
13220,2
13221,2
13222,2
13223,2
13224,3
13225,2
13226,2
13227,2
13228,2
13229,2
13230,2
13231,2
13232,2
13233,2
13234,2
13235,2
13236,2
13237,2
13238,2
13239,2
13240,2
13241,2
13242,3
13243,3
13244,2
13245,2
13246,2
13247,3
13248,2
13249,2
13250,2
13251,2
13252,2
13253,2
13254,2
13255,2
13256,2
13257,2
13258,2
13259,2
13260,2
13261,2
13262,2
13263,2
13264,2
13265,2
13266,3
13267,2
13268,3
13269,2
13270,2
13271,1
13272,2
13273,2
13274,2
13275,3
13276,2
13277,2
13278,2
13279,2
13280,2
13281,3
13282,3
13283,2
13284,1
13285,2
13286,2
13287,2
13288,2
13289,2
13290,2
13291,2
13292,2
13293,2
13294,2
13295,2
13296,2
13297,2
13298,2
13299,2
13300,2
13301,2
13302,3
13303,3
13304,2
13305,2
13306,2
13307,2
13308,2
13309,2
13310,2
13311,2
13312,2
13313,2
13314,2
13315,2
13316,2
13317,2
13318,2
13319,2
13320,2
13321,2
13322,2
13323,2
13324,2
13325,2
13326,2
13327,2
13328,2
13329,2
13330,2
13331,2
13332,2
13333,2
13334,2
13335,2
13336,3
13337,3
13338,2
13339,2
13340,2
13341,2
13342,2
13343,2
13344,2
13345,2
13346,2
13347,3
13348,2
13349,2
13350,2
13351,2
13352,2
13353,2
13354,2
13355,2
13356,2
13357,2
13358,2
13359,2
13360,2
13361,2
13362,2
13363,2
13364,2
13365,2
13366,2
13367,2
13368,2
13369,2
13370,2
13371,2
13372,2
13373,2
13374,2
13375,3
13376,3
13377,2
13378,3
13379,2
13380,2
13381,1
13382,2
13383,3
13384,2
13385,2
13386,3
13387,3
13388,3
13389,3
13390,3
13391,2
13392,2
13393,2
13394,2
13395,2
13396,2
13397,2
13398,2
13399,2
13400,3
13401,3
13402,2
13403,3
13404,2
13405,2
13406,2
13407,2
13408,2
13409,2
13410,2
13411,2
13412,2
13413,2
13414,2
13415,2
13416,2
13417,2
13418,2
13419,2
13420,2
13421,2
13422,2
13423,2
13424,2
13425,2
13426,2
13427,2
13428,2
13429,2
13430,2
13431,2
13432,2
13433,2
13434,3
13435,2
13436,2
13437,2
13438,2
13439,2
13440,2
13441,2
13442,2
13443,2
13444,2
13445,2
13446,2
13447,2
13448,2
13449,2
13450,2
13451,2
13452,2
13453,2
13454,2
13455,2
13456,2
13457,2
13458,2
13459,2
13460,2
13461,2
13462,2
13463,2
13464,2
13465,2
13466,2
13467,2
13468,2
13469,2
13470,2
13471,2
13472,2
13473,3
13474,2
13475,2
13476,2
13477,2
13478,2
13479,3
13480,2
13481,2
13482,1
13483,2
13484,2
13485,2
13486,1
13487,3
13488,2
13489,2
13490,2
13491,3
13492,3
13493,2
13494,2
13495,2
13496,2
13497,2
13498,3
13499,2
13500,2
13501,2
13502,2
13503,2
13504,2
13505,2
13506,2
13507,2
13508,2
13509,3
13510,2
13511,3
13512,2
13513,2
13514,2
13515,2
13516,2
13517,2
13518,2
13519,2
13520,2
13521,2
13522,2
13523,2
13524,2
13525,2
13526,2
13527,2
13528,2
13529,2
13530,2
13531,2
13532,2
13533,2
13534,2
13535,2
13536,2
13537,2
13538,2
13539,2
13540,2
13541,2
13542,2
13543,2
13544,2
13545,2
13546,2
13547,2
13548,2
13549,3
13550,2
13551,2
13552,2
13553,2
13554,2
13555,2
13556,2
13557,3
13558,3
13559,3
13560,2
13561,3
13562,3
13563,2
13564,2
13565,2
13566,3
13567,2
13568,2
13569,2
13570,2
13571,3
13572,3
13573,3
13574,3
13575,3
13576,2
13577,2
13578,2
13579,2
13580,2
13581,2
13582,2
13583,2
13584,2
13585,2
13586,2
13587,2
13588,2
13589,2
13590,2
13591,2
13592,2
13593,2
13594,2
13595,2
13596,2
13597,2
13598,2
13599,2
13600,2
13601,2
13602,2
13603,2
13604,2
13605,2
13606,2
13607,3
13608,3
13609,2
13610,3
13611,2
13612,2
13613,2
13614,2
13615,2
13616,2
13617,2
13618,3
13619,2
13620,3
13621,3
13622,3
13623,3
13624,3
13625,2
13626,2
13627,2
13628,2
13629,2
13630,2
13631,2
13632,2
13633,2
13634,2
13635,2
13636,2
13637,2
13638,2
13639,2
13640,2
13641,2
13642,2
13643,2
13644,2
13645,2
13646,2
13647,2
13648,2
13649,2
13650,2
13651,2
13652,2
13653,2
13654,2
13655,2
13656,2
13657,2
13658,3
13659,3
13660,1
13661,3
13662,3
13663,3
13664,3
13665,3
13666,3
13667,2
13668,3
13669,3
13670,3
13671,2
13672,2
13673,2
13674,2
13675,3
13676,2
13677,3
13678,2
13679,2
13680,2
13681,2
13682,2
13683,2
13684,3
13685,2
13686,2
13687,3
13688,2
13689,2
13690,3
13691,3
13692,3
13693,3
13694,3
13695,3
13696,3
13697,2
13698,2
13699,2
13700,2
13701,2
13702,2
13703,2
13704,2
13705,2
13706,2
13707,2
13708,3
13709,2
13710,2
13711,2
13712,2
13713,2
13714,2
13715,3
13716,2
13717,2
13718,2
13719,2
13720,2
13721,2
13722,3
13723,3
13724,3
13725,3
13726,3
13727,2
13728,2
13729,2
13730,2
13731,2
13732,2
13733,2
13734,2
13735,2
13736,2
13737,2
13738,2
13739,2
13740,2
13741,2
13742,2
13743,2
13744,2
13745,2
13746,2
13747,2
13748,2
13749,2
13750,2
13751,2
13752,2
13753,3
13754,2
13755,3
13756,2
13757,2
13758,2
13759,2
13760,2
13761,3
13762,3
13763,2
13764,3
13765,3
13766,3
13767,2
13768,3
13769,2
13770,2
13771,2
13772,2
13773,2
13774,2
13775,2
13776,2
13777,2
13778,3
13779,2
13780,2
13781,3
13782,2
13783,3
13784,1
13785,3
13786,3
13787,2
13788,2
13789,2
13790,2
13791,2
13792,3
13793,2
13794,3
13795,3
13796,3
13797,3
13798,3
13799,3
13800,3
13801,3
13802,3
13803,2
13804,2
13805,3
13806,3
13807,3
13808,3
13809,2
13810,2
13811,3
13812,2
13813,2
13814,2
13815,2
13816,2
13817,2
13818,3
13819,2
13820,2
13821,2
13822,3
13823,2
13824,2
13825,2
13826,3
13827,3
13828,2
13829,2
13830,2
13831,2
13832,2
13833,2
13834,2
13835,2
13836,2
13837,2
13838,2
13839,2
13840,2
13841,2
13842,2
13843,2
13844,2
13845,2
13846,2
13847,2
13848,2
13849,2
13850,2
13851,2
13852,2
13853,2
13854,2
13855,2
13856,2
13857,3
13858,2
13859,3
13860,2
13861,3
13862,3
13863,2
13864,2
13865,2
13866,2
13867,2
13868,2
13869,2
13870,2
13871,2
13872,3
13873,3
13874,3
13875,3
13876,2
13877,2
13878,2
13879,2
13880,2
13881,2
13882,2
13883,2
13884,3
13885,2
13886,3
13887,2
13888,2
13889,3
13890,2
13891,2
13892,2
13893,2
13894,2
13895,2
13896,2
13897,1
13898,2
13899,2
13900,2
13901,2
13902,2
13903,3
13904,2
13905,2
13906,2
13907,2
13908,2
13909,2
13910,2
13911,2
13912,2
13913,2
13914,2
13915,2
13916,2
13917,2
13918,3
13919,2
13920,2
13921,2
13922,2
13923,2
13924,3
13925,2
13926,2
13927,3
13928,2
13929,2
13930,2
13931,2
13932,2
13933,2
13934,2
13935,2
13936,2
13937,2
13938,2
13939,2
13940,2
13941,2
13942,2
13943,2
13944,2
13945,2
13946,2
13947,2
13948,3
13949,2
13950,2
13951,2
13952,2
13953,2
13954,2
13955,2
13956,2
13957,2
13958,2
13959,2
13960,2
13961,2
13962,2
13963,2
13964,2
13965,2
13966,2
13967,2
13968,2
13969,2
13970,2
13971,2
13972,2
13973,2
13974,2
13975,2
13976,3
13977,2
13978,2
13979,2
13980,2
13981,3
13982,2
13983,2
13984,2
13985,2
13986,2
13987,2
13988,2
13989,2
13990,2
13991,2
13992,2
13993,2
13994,2
13995,2
13996,2
13997,2
13998,2
13999,2
14000,2
14001,2
14002,2
14003,2
14004,3
14005,2
14006,3
14007,2
14008,2
14009,2
14010,2
14011,2
14012,2
14013,2
14014,2
14015,2
14016,2
14017,3
14018,3
14019,3
14020,3
14021,2
14022,2
14023,2
14024,2
14025,2
14026,2
14027,2
14028,2
14029,2
14030,2
14031,2
14032,2
14033,3
14034,2
14035,3
14036,2
14037,2
14038,2
14039,2
14040,2
14041,2
14042,2
14043,2
14044,2
14045,2
14046,2
14047,2
14048,2
14049,2
14050,2
14051,3
14052,3
14053,3
14054,2
14055,3
14056,2
14057,2
14058,2
14059,2
14060,2
14061,3
14062,3
14063,2
14064,2
14065,2
14066,2
14067,3
14068,2
14069,2
14070,2
14071,2
14072,2
14073,2
14074,3
14075,2
14076,3
14077,2
14078,2
14079,2
14080,2
14081,2
14082,2
14083,2
14084,2
14085,2
14086,2
14087,2
14088,2
14089,2
14090,3
14091,3
14092,3
14093,3
14094,2
14095,3
14096,3
14097,2
14098,2
14099,3
14100,3
14101,3
14102,3
14103,2
14104,3
14105,3
14106,3
14107,3
14108,2
14109,3
14110,3
14111,3
14112,3
14113,2
14114,2
14115,2
14116,2
14117,2
14118,3
14119,2
14120,2
14121,3
14122,2
14123,3
14124,3
14125,2
14126,2
14127,3
14128,2
14129,2
14130,3
14131,3
14132,2
14133,2
14134,2
14135,2
14136,3
14137,2
14138,2
14139,2
14140,2
14141,3
14142,2
14143,3
14144,2
14145,3
14146,3
14147,3
14148,2
14149,3
14150,3
14151,3
14152,3
14153,2
14154,2
14155,3
14156,3
14157,3
14158,3
14159,3
14160,2
14161,2
14162,3
14163,2
14164,2
14165,2
14166,2
14167,2
14168,2
14169,2
14170,3
14171,2
14172,2
14173,2
14174,2
14175,2
14176,2
14177,2
14178,2
14179,2
14180,5
14181,2
14182,2
14183,2
14184,2
14185,2
14186,2
14187,2
14188,2
14189,2
14190,2
14191,2
14192,2
14193,2
14194,2
14195,2
14196,2
14197,3
14198,0
14199,2
14200,2
14201,2
14202,3
14203,3
14204,2
14205,2
14206,2
14207,2
14208,2
14209,2
14210,2
14211,2
14212,2
14213,2
14214,2
14215,2
14216,2
14217,2
14218,2
14219,2
14220,2
14221,2
14222,2
14223,2
14224,2
14225,2
14226,2
14227,3
14228,2
14229,2
14230,3
14231,3
14232,0
14233,2
14234,2
14235,2
14236,2
14237,2
14238,2
14239,2
14240,2
14241,2
14242,2
14243,2
14244,2
14245,2
14246,2
14247,2
14248,2
14249,2
14250,2
14251,2
14252,4
14253,2
14254,2
14255,2
14256,2
14257,2
14258,2
14259,2
14260,2
14261,2
14262,2
14263,2
14264,2
14265,2
14266,2
14267,2
14268,2
14269,2
14270,2
14271,2
14272,2
14273,2
14274,2
14275,2
14276,2
14277,2
14278,2
14279,2
14280,2
14281,2
14282,2
14283,2
14284,2
14285,2
14286,2
14287,2
14288,2
14289,2
14290,2
14291,2
14292,2
14293,3
14294,1
14295,2
14296,2
14297,2
14298,2
14299,2
14300,2
14301,2
14302,2
14303,2
14304,3
14305,3
14306,2
14307,2
14308,2
14309,2
14310,2
14311,2
14312,2
14313,2
14314,2
14315,2
14316,2
14317,2
14318,2
14319,2
14320,2
14321,2
14322,2
14323,2
14324,2
14325,2
14326,2
14327,2
14328,2
14329,2
14330,2
14331,2
14332,2
14333,2
14334,2
14335,2
14336,2
14337,2
14338,2
14339,2
14340,2
14341,2
14342,2
14343,2
14344,2
14345,2
14346,2
14347,2
14348,2
14349,2
14350,2
14351,3
14352,3
14353,3
14354,2
14355,2
14356,2
14357,2
14358,2
14359,2
14360,2
14361,3
14362,3
14363,1
14364,3
14365,3
14366,3
14367,1
14368,2
14369,2
14370,3
14371,2
14372,2
14373,2
14374,2
14375,2
14376,2
14377,2
14378,2
14379,2
14380,3
14381,2
14382,2
14383,2
14384,2
14385,2
14386,2
14387,2
14388,2
14389,2
14390,2
14391,2
14392,2
14393,2
14394,2
14395,2
14396,2
14397,2
14398,2
14399,3
14400,2
14401,2
14402,2
14403,2
14404,2
14405,2
14406,2
14407,2
14408,2
14409,2
14410,3
14411,2
14412,2
14413,3
14414,2
14415,2
14416,2
14417,2
14418,2
14419,3
14420,2
14421,2
14422,2
14423,2
14424,2
14425,3
14426,3
14427,2
14428,2
14429,2
14430,2
14431,2
14432,2
14433,2
14434,3
14435,3
14436,2
14437,3
14438,2
14439,2
14440,2
14441,2
14442,2
14443,2
14444,2
14445,2
14446,2
14447,2
14448,2
14449,3
14450,2
14451,3
14452,2
14453,2
14454,2
14455,3
14456,2
14457,2
14458,2
14459,2
14460,2
14461,2
14462,2
14463,2
14464,2
14465,2
14466,2
14467,2
14468,2
14469,2
14470,2
14471,2
14472,2
14473,2
14474,2
14475,2
14476,2
14477,2
14478,2
14479,2
14480,2
14481,2
14482,2
14483,2
14484,2
14485,2
14486,2
14487,2
14488,2
14489,2
14490,2
14491,2
14492,2
14493,2
14494,2
14495,2
14496,2
14497,2
14498,2
14499,2
14500,2
14501,2
14502,2
14503,2
14504,2
14505,2
14506,2
14507,2
14508,2
14509,2
14510,2
14511,0
14512,2
14513,2
14514,2
14515,2
14516,2
14517,2
14518,2
14519,2
14520,2
14521,2
14522,3
14523,3
14524,3
14525,2
14526,3
14527,2
14528,1
14529,3
14530,2
14531,2
14532,2
14533,1
14534,2
14535,3
14536,2
14537,2
14538,2
14539,2
14540,2
14541,2
14542,2
14543,2
14544,2
14545,2
14546,2
14547,2
14548,2
14549,2
14550,3
14551,2
14552,2
14553,2
14554,2
14555,2
14556,2
14557,2
14558,2
14559,3
14560,3
14561,2
14562,2
14563,3
14564,2
14565,2
14566,2
14567,2
14568,1
14569,3
14570,3
14571,2
14572,2
14573,3
14574,2
14575,1
14576,1
14577,2
14578,3
14579,2
14580,2
14581,2
14582,2
14583,2
14584,2
14585,2
14586,2
14587,2
14588,3
14589,2
14590,2
14591,2
14592,2
14593,2
14594,2
14595,2
14596,2
14597,2
14598,2
14599,2
14600,3
14601,2
14602,2
14603,2
14604,2
14605,2
14606,2
14607,2
14608,2
14609,2
14610,2
14611,2
14612,2
14613,2
14614,2
14615,2
14616,2
14617,2
14618,2
14619,2
14620,2
14621,2
14622,2
14623,2
14624,2
14625,3
14626,2
14627,2
14628,2
14629,2
14630,2
14631,2
14632,2
14633,2
14634,2
14635,1
14636,3
14637,2
14638,3
14639,1
14640,3
14641,2
14642,3
14643,3
14644,3
14645,3
14646,3
14647,2
14648,2
14649,2
14650,3
14651,3
14652,3
14653,3
14654,3
14655,3
14656,2
14657,2
14658,2
14659,2
14660,1
14661,2
14662,3
14663,3
14664,3
14665,2
14666,1
14667,2
14668,1
14669,2
14670,2
14671,3
14672,1
14673,2
14674,2
14675,1
14676,0
14677,3
14678,3
14679,1
14680,2
14681,2
14682,2
14683,2
14684,2
14685,2
14686,2
14687,2
14688,2
14689,2
14690,3
14691,3
14692,0
14693,3
14694,3
14695,3
14696,2
14697,3
14698,2
14699,2
14700,2
14701,3
14702,2
14703,2
14704,2
14705,2
14706,2
14707,2
14708,2
14709,2
14710,2
14711,2
14712,2
14713,2
14714,2
14715,3
14716,2
14717,2
14718,2
14719,2
14720,2
14721,2
14722,2
14723,2
14724,2
14725,2
14726,2
14727,2
14728,0
14729,2
14730,2
14731,2
14732,2
14733,2
14734,2
14735,2
14736,2
14737,2
14738,2
14739,2
14740,2
14741,2
14742,2
14743,2
14744,2
14745,2
14746,2
14747,2
14748,2
14749,2
14750,2
14751,3
14752,0
14753,2
14754,2
14755,2
14756,2
14757,2
14758,2
14759,2
14760,2
14761,2
14762,2
14763,2
14764,3
14765,3
14766,2
14767,2
14768,2
14769,2
14770,2
14771,2
14772,2
14773,2
14774,2
14775,2
14776,2
14777,2
14778,2
14779,2
14780,2
14781,2
14782,2
14783,2
14784,2
14785,2
14786,2
14787,3
14788,2
14789,2
14790,2
14791,1
14792,3
14793,1
14794,3
14795,3
14796,3
14797,3
14798,3
14799,3
14800,3
14801,3
14802,3
14803,2
14804,3
14805,3
14806,2
14807,2
14808,1
14809,2
14810,2
14811,2
14812,2
14813,3
14814,3
14815,3
14816,3
14817,3
14818,2
14819,2
14820,1
14821,1
14822,2
14823,2
14824,3
14825,1
14826,3
14827,3
14828,3
14829,2
14830,2
14831,2
14832,2
14833,2
14834,2
14835,2
14836,2
14837,2
14838,2
14839,2
14840,2
14841,2
14842,2
14843,2
14844,2
14845,2
14846,2
14847,2
14848,2
14849,2
14850,2
14851,2
14852,2
14853,2
14854,2
14855,2
14856,2
14857,2
14858,2
14859,2
14860,2
14861,2
14862,2
14863,2
14864,2
14865,2
14866,2
14867,2
14868,2
14869,2
14870,2
14871,3
14872,2
14873,2
14874,2
14875,2
14876,2
14877,2
14878,2
14879,2
14880,2
14881,2
14882,2
14883,2
14884,2
14885,2
14886,2
14887,2
14888,2
14889,2
14890,2
14891,2
14892,2
14893,2
14894,2
14895,2
14896,2
14897,2
14898,2
14899,2
14900,2
14901,2
14902,2
14903,2
14904,2
14905,2
14906,2
14907,2
14908,2
14909,2
14910,2
14911,2
14912,3
14913,3
14914,2
14915,3
14916,1
14917,2
14918,2
14919,2
14920,2
14921,2
14922,2
14923,2
14924,3
14925,2
14926,3
14927,2
14928,2
14929,3
14930,2
14931,2
14932,2
14933,2
14934,2
14935,2
14936,2
14937,2
14938,1
14939,2
14940,2
14941,2
14942,2
14943,2
14944,2
14945,2
14946,3
14947,2
14948,2
14949,3
14950,2
14951,2
14952,2
14953,2
14954,2
14955,2
14956,2
14957,2
14958,2
14959,2
14960,2
14961,2
14962,2
14963,2
14964,2
14965,2
14966,2
14967,2
14968,2
14969,2
14970,2
14971,2
14972,2
14973,2
14974,2
14975,2
14976,2
14977,2
14978,2
14979,2
14980,2
14981,2
14982,2
14983,2
14984,2
14985,2
14986,2
14987,2
14988,0
14989,2
14990,2
14991,2
14992,2
14993,2
14994,2
14995,2
14996,2
14997,2
14998,2
14999,2
15000,2
15001,2
15002,2
15003,2
15004,2
15005,2
15006,2
15007,2
15008,2
15009,2
15010,2
15011,2
15012,2
15013,2
15014,2
15015,2
15016,2
15017,2
15018,2
15019,2
15020,2
15021,2
15022,2
15023,2
15024,2
15025,2
15026,2
15027,2
15028,2
15029,2
15030,3
15031,2
15032,2
15033,2
15034,2
15035,2
15036,2
15037,3
15038,3
15039,2
15040,2
15041,2
15042,2
15043,2
15044,2
15045,2
15046,2
15047,2
15048,2
15049,2
15050,2
15051,2
15052,2
15053,3
15054,2
15055,3
15056,2
15057,2
15058,2
15059,2
15060,2
15061,2
15062,2
15063,2
15064,2
15065,2
15066,2
15067,2
15068,2
15069,2
15070,2
15071,2
15072,3
15073,3
15074,2
15075,2
15076,2
15077,2
15078,2
15079,2
15080,2
15081,2
15082,2
15083,3
15084,2
15085,2
15086,3
15087,3
15088,3
15089,2
15090,2
15091,2
15092,3
15093,1
15094,3
15095,3
15096,3
15097,2
15098,2
15099,2
15100,2
15101,2
15102,2
15103,2
15104,2
15105,2
15106,2
15107,2
15108,2
15109,2
15110,2
15111,2
15112,2
15113,2
15114,2
15115,2
15116,2
15117,2
15118,3
15119,2
15120,3
15121,2
15122,3
15123,2
15124,3
15125,2
15126,3
15127,2
15128,3
15129,3
15130,3
15131,3
15132,2
15133,2
15134,2
15135,2
15136,2
15137,2
15138,2
15139,2
15140,2
15141,2
15142,2
15143,2
15144,2
15145,2
15146,2
15147,2
15148,2
15149,3
15150,2
15151,2
15152,2
15153,2
15154,2
15155,2
15156,2
15157,2
15158,2
15159,2
15160,2
15161,2
15162,2
15163,0
15164,2
15165,2
15166,2
15167,2
15168,2
15169,2
15170,2
15171,2
15172,2
15173,2
15174,2
15175,2
15176,2
15177,2
15178,2
15179,2
15180,2
15181,2
15182,2
15183,2
15184,2
15185,2
15186,2
15187,2
15188,2
15189,2
15190,2
15191,2
15192,2
15193,2
15194,2
15195,2
15196,2
15197,2
15198,2
15199,2
15200,2
15201,2
15202,2
15203,2
15204,2
15205,2
15206,2
15207,2
15208,2
15209,2
15210,2
15211,2
15212,2
15213,2
15214,2
15215,2
15216,2
15217,2
15218,2
15219,2
15220,2
15221,2
15222,2
15223,2
15224,2
15225,2
15226,2
15227,2
15228,2
15229,2
15230,2
15231,2
15232,2
15233,2
15234,2
15235,2
15236,2
15237,2
15238,2
15239,2
15240,2
15241,2
15242,2
15243,2
15244,2
15245,2
15246,2
15247,2
15248,2
15249,2
15250,2
15251,2
15252,2
15253,2
15254,2
15255,2
15256,2
15257,2
15258,2
15259,2
15260,2
15261,2
15262,2
15263,2
15264,2
15265,2
15266,2
15267,2
15268,2
15269,2
15270,2
15271,2
15272,2
15273,2
15274,2
15275,2
15276,2
15277,2
15278,2
15279,2
15280,2
15281,2
15282,2
15283,2
15284,2
15285,2
15286,2
15287,2
15288,2
15289,2
15290,2
15291,2
15292,2
15293,2
15294,2
15295,3
15296,2
15297,2
15298,2
15299,2
15300,1
15301,3
15302,2
15303,2
15304,2
15305,2
15306,2
15307,2
15308,3
15309,3
15310,2
15311,2
15312,2
15313,2
15314,2
15315,2
15316,2
15317,2
15318,2
15319,3
15320,3
15321,3
15322,1
15323,1
15324,1
15325,3
15326,1
15327,1
15328,2
15329,2
15330,2
15331,1
15332,2
15333,1
15334,2
15335,2
15336,3
15337,1
15338,1
15339,2
15340,1
15341,2
15342,2
15343,2
15344,3
15345,1
15346,1
15347,1
15348,2
15349,3
15350,1
15351,3
15352,2
15353,2
15354,2
15355,2
15356,3
15357,3
15358,2
15359,2
15360,2
15361,2
15362,2
15363,2
15364,2
15365,2
15366,2
15367,2
15368,2
15369,2
15370,2
15371,2
15372,2
15373,2
15374,2
15375,2
15376,2
15377,2
15378,2
15379,2
15380,2
15381,2
15382,2
15383,2
15384,2
15385,2
15386,2
15387,2
15388,2
15389,2
15390,2
15391,2
15392,2
15393,2
15394,2
15395,2
15396,2
15397,2
15398,2
15399,2
15400,2
15401,2
15402,2
15403,2
15404,2
15405,2
15406,2
15407,3
15408,2
15409,2
15410,3
15411,1
15412,2
15413,2
15414,2
15415,2
15416,2
15417,2
15418,2
15419,2
15420,2
15421,2
15422,2
15423,2
15424,2
15425,2
15426,2
15427,2
15428,2
15429,2
15430,3
15431,2
15432,2
15433,2
15434,3
15435,2
15436,2
15437,3
15438,2
15439,2
15440,2
15441,2
15442,2
15443,2
15444,2
15445,2
15446,2
15447,2
15448,2
15449,2
15450,3
15451,2
15452,2
15453,2
15454,2
15455,2
15456,2
15457,3
15458,2
15459,2
15460,2
15461,2
15462,2
15463,2
15464,2
15465,2
15466,3
15467,2
15468,2
15469,2
15470,2
15471,2
15472,2
15473,2
15474,2
15475,2
15476,2
15477,2
15478,2
15479,2
15480,2
15481,1
15482,2
15483,2
15484,2
15485,2
15486,2
15487,2
15488,2
15489,2
15490,2
15491,2
15492,2
15493,2
15494,2
15495,2
15496,2
15497,2
15498,2
15499,2
15500,2
15501,3
15502,2
15503,2
15504,2
15505,2
15506,2
15507,2
15508,2
15509,2
15510,1
15511,2
15512,2
15513,3
15514,2
15515,3
15516,2
15517,2
15518,2
15519,2
15520,2
15521,2
15522,2
15523,2
15524,2
15525,2
15526,2
15527,3
15528,3
15529,3
15530,2
15531,2
15532,2
15533,2
15534,1
15535,2
15536,2
15537,2
15538,2
15539,2
15540,2
15541,3
15542,3
15543,2
15544,2
15545,3
15546,2
15547,3
15548,2
15549,2
15550,2
15551,2
15552,2
15553,2
15554,2
15555,3
15556,2
15557,1
15558,2
15559,2
15560,2
15561,2
15562,2
15563,3
15564,2
15565,2
15566,2
15567,2
15568,3
15569,2
15570,2
15571,2
15572,2
15573,2
15574,2
15575,2
15576,2
15577,3
15578,3
15579,3
15580,2
15581,2
15582,2
15583,2
15584,2
15585,2
15586,3
15587,3
15588,2
15589,2
15590,2
15591,2
15592,2
15593,2
15594,2
15595,2
15596,2
15597,4
15598,2
15599,2
15600,2
15601,2
15602,2
15603,2
15604,2
15605,2
15606,2
15607,2
15608,2
15609,2
15610,2
15611,2
15612,2
15613,2
15614,4
15615,2
15616,2
15617,2
15618,2
15619,2
15620,2
15621,2
15622,2
15623,2
15624,2
15625,2
15626,2
15627,2
15628,2
15629,2
15630,2
15631,2
15632,2
15633,2
15634,3
15635,2
15636,2
15637,2
15638,2
15639,2
15640,3
15641,2
15642,2
15643,2
15644,2
15645,2
15646,2
15647,2
15648,2
15649,2
15650,2
15651,2
15652,2
15653,2
15654,2
15655,1
15656,2
15657,2
15658,2
15659,2
15660,2
15661,1
15662,2
15663,2
15664,2
15665,2
15666,1
15667,2
15668,2
15669,2
15670,2
15671,2
15672,1
15673,2
15674,2
15675,3
15676,1
15677,3
15678,2
15679,2
15680,2
15681,2
15682,3
15683,2
15684,2
15685,2
15686,2
15687,2
15688,2
15689,2
15690,2
15691,2
15692,2
15693,2
15694,2
15695,2
15696,2
15697,2
15698,2
15699,2
15700,2
15701,2
15702,2
15703,2
15704,2
15705,3
15706,2
15707,2
15708,2
15709,2
15710,2
15711,2
15712,1
15713,2
15714,2
15715,2
15716,2
15717,2
15718,2
15719,2
15720,3
15721,2
15722,3
15723,2
15724,2
15725,2
15726,2
15727,2
15728,2
15729,3
15730,2
15731,2
15732,2
15733,2
15734,2
15735,3
15736,2
15737,3
15738,2
15739,2
15740,2
15741,2
15742,2
15743,3
15744,1
15745,2
15746,2
15747,1
15748,2
15749,2
15750,2
15751,2
15752,2
15753,2
15754,2
15755,2
15756,2
15757,2
15758,2
15759,2
15760,2
15761,2
15762,2
15763,2
15764,2
15765,2
15766,2
15767,3
15768,2
15769,2
15770,2
15771,2
15772,2
15773,2
15774,2
15775,2
15776,2
15777,2
15778,2
15779,1
15780,2
15781,2
15782,2
15783,2
15784,2
15785,2
15786,2
15787,2
15788,2
15789,2
15790,2
15791,2
15792,2
15793,2
15794,2
15795,2
15796,2
15797,3
15798,2
15799,2
15800,2
15801,2
15802,2
15803,2
15804,2
15805,2
15806,2
15807,2
15808,2
15809,2
15810,2
15811,2
15812,2
15813,2
15814,2
15815,2
15816,2
15817,2
15818,2
15819,2
15820,2
15821,2
15822,2
15823,2
15824,2
15825,2
15826,2
15827,2
15828,2
15829,2
15830,2
15831,2
15832,2
15833,2
15834,2
15835,2
15836,3
15837,2
15838,2
15839,2
15840,2
15841,2
15842,2
15843,2
15844,2
15845,2
15846,2
15847,3
15848,2
15849,2
15850,2
15851,3
15852,2
15853,2
15854,2
15855,2
15856,2
15857,2
15858,2
15859,2
15860,2
15861,2
15862,2
15863,2
15864,2
15865,2
15866,2
15867,2
15868,2
15869,1
15870,2
15871,2
15872,2
15873,2
15874,2
15875,2
15876,2
15877,2
15878,2
15879,2
15880,2
15881,2
15882,2
15883,2
15884,2
15885,2
15886,2
15887,2
15888,3
15889,2
15890,2
15891,2
15892,2
15893,3
15894,2
15895,2
15896,2
15897,2
15898,2
15899,2
15900,2
15901,2
15902,2
15903,2
15904,2
15905,2
15906,2
15907,2
15908,2
15909,2
15910,2
15911,2
15912,2
15913,2
15914,2
15915,2
15916,2
15917,2
15918,2
15919,2
15920,2
15921,2
15922,2
15923,2
15924,2
15925,2
15926,2
15927,2
15928,2
15929,2
15930,2
15931,2
15932,2
15933,2
15934,2
15935,2
15936,2
15937,2
15938,2
15939,2
15940,2
15941,2
15942,2
15943,2
15944,2
15945,2
15946,2
15947,2
15948,2
15949,2
15950,2
15951,2
15952,2
15953,2
15954,2
15955,2
15956,2
15957,2
15958,2
15959,2
15960,2
15961,2
15962,2
15963,2
15964,2
15965,2
15966,2
15967,2
15968,2
15969,2
15970,2
15971,5
15972,2
15973,2
15974,2
15975,2
15976,2
15977,2
15978,2
15979,2
15980,2
15981,2
15982,2
15983,2
15984,2
15985,2
15986,2
15987,2
15988,2
15989,2
15990,2
15991,2
15992,2
15993,2
15994,2
15995,2
15996,2
15997,2
15998,2
15999,2
16000,2
16001,1
16002,3
16003,2
16004,2
16005,2
16006,2
16007,2
16008,2
16009,2
16010,2
16011,2
16012,2
16013,2
16014,2
16015,2
16016,2
16017,2
16018,2
16019,2
16020,2
16021,2
16022,2
16023,2
16024,3
16025,2
16026,2
16027,2
16028,2
16029,2
16030,2
16031,2
16032,2
16033,2
16034,2
16035,2
16036,2
16037,2
16038,2
16039,2
16040,2
16041,2
16042,2
16043,2
16044,2
16045,2
16046,2
16047,2
16048,2
16049,2
16050,2
16051,2
16052,2
16053,2
16054,2
16055,2
16056,2
16057,2
16058,2
16059,2
16060,2
16061,2
16062,2
16063,2
16064,2
16065,2
16066,2
16067,2
16068,2
16069,2
16070,2
16071,2
16072,2
16073,2
16074,2
16075,2
16076,2
16077,2
16078,2
16079,2
16080,2
16081,2
16082,2
16083,2
16084,2
16085,2
16086,2
16087,2
16088,2
16089,2
16090,2
16091,2
16092,2
16093,2
16094,2
16095,2
16096,2
16097,2
16098,2
16099,2
16100,2
16101,2
16102,2
16103,2
16104,2
16105,2
16106,2
16107,2
16108,2
16109,2
16110,2
16111,2
16112,2
16113,2
16114,2
16115,2
16116,2
16117,2
16118,2
16119,2
16120,2
16121,2
16122,2
16123,2
16124,2
16125,2
16126,2
16127,2
16128,2
16129,2
16130,2
16131,2
16132,2
16133,2
16134,2
16135,2
16136,2
16137,2
16138,2
16139,2
16140,2
16141,2
16142,3
16143,2
16144,2
16145,2
16146,2
16147,2
16148,2
16149,2
16150,2
16151,2
16152,2
16153,2
16154,2
16155,2
16156,2
16157,2
16158,2
16159,2
16160,2
16161,2
16162,2
16163,2
16164,2
16165,2
16166,2
16167,2
16168,2
16169,2
16170,2
16171,2
16172,2
16173,2
16174,2
16175,2
16176,2
16177,2
16178,2
16179,2
16180,2
16181,3
16182,2
16183,2
16184,2
16185,2
16186,2
16187,2
16188,2
16189,2
16190,2
16191,2
16192,2
16193,2
16194,2
16195,2
16196,2
16197,2
16198,2
16199,2
16200,2
16201,2
16202,2
16203,2
16204,2
16205,2
16206,2
16207,2
16208,2
16209,2
16210,2
16211,2
16212,2
16213,2
16214,2
16215,2
16216,2
16217,2
16218,2
16219,2
16220,2
16221,2
16222,2
16223,2
16224,2
16225,2
16226,2
16227,2
16228,2
16229,2
16230,2
16231,2
16232,2
16233,2
16234,2
16235,2
16236,2
16237,2
16238,2
16239,2
16240,2
16241,2
16242,2
16243,2
16244,2
16245,2
16246,2
16247,2
16248,2
16249,2
16250,2
16251,2
16252,2
16253,2
16254,2
16255,2
16256,2
16257,2
16258,2
16259,2
16260,2
16261,2
16262,2
16263,2
16264,2
16265,2
16266,2
16267,2
16268,2
16269,2
16270,2
16271,2
16272,2
16273,2
16274,2
16275,2
16276,2
16277,2
16278,2
16279,2
16280,2
16281,2
16282,2
16283,2
16284,2
16285,2
16286,2
16287,2
16288,2
16289,2
16290,2
16291,2
16292,2
16293,2
16294,2
16295,2
16296,2
16297,2
16298,2
16299,2
16300,2
16301,2
16302,2
16303,2
16304,2
16305,2
16306,2
16307,2
16308,2
16309,2
16310,2
16311,2
16312,2
16313,2
16314,3
16315,2
16316,2
16317,2
16318,2
16319,2
16320,2
16321,2
16322,2
16323,2
16324,2
16325,2
16326,2
16327,2
16328,2
16329,2
16330,2
16331,2
16332,2
16333,2
16334,2
16335,2
16336,2
16337,2
16338,2
16339,2
16340,2
16341,2
16342,2
16343,2
16344,2
16345,2
16346,2
16347,2
16348,2
16349,2
16350,2
16351,2
16352,2
16353,2
16354,2
16355,2
16356,2
16357,2
16358,2
16359,2
16360,2
16361,2
16362,2
16363,2
16364,2
16365,3
16366,2
16367,2
16368,3
16369,2
16370,2
16371,2
16372,2
16373,3
16374,2
16375,2
16376,3
16377,2
16378,2
16379,2
16380,2
16381,2
16382,2
16383,2
16384,2
16385,2
16386,2
16387,3
16388,2
16389,2
16390,2
16391,2
16392,2
16393,2
16394,2
16395,2
16396,2
16397,2
16398,2
16399,2
16400,2
16401,2
16402,2
16403,2
16404,2
16405,2
16406,2
16407,2
16408,2
16409,2
16410,2
16411,3
16412,2
16413,2
16414,1
16415,2
16416,3
16417,2
16418,2
16419,2
16420,1
16421,2
16422,2
16423,2
16424,2
16425,2
16426,2
16427,2
16428,2
16429,2
16430,2
16431,2
16432,2
16433,2
16434,2
16435,3
16436,3
16437,2
16438,2
16439,2
16440,2
16441,2
16442,2
16443,2
16444,2
16445,2
16446,2
16447,2
16448,2
16449,2
16450,2
16451,2
16452,2
16453,2
16454,2
16455,3
16456,2
16457,2
16458,2
16459,2
16460,2
16461,2
16462,2
16463,2
16464,2
16465,2
16466,2
16467,2
16468,2
16469,2
16470,2
16471,2
16472,2
16473,1
16474,2
16475,2
16476,2
16477,2
16478,2
16479,2
16480,3
16481,3
16482,2
16483,2
16484,2
16485,2
16486,2
16487,3
16488,2
16489,2
16490,2
16491,2
16492,2
16493,2
16494,2
16495,2
16496,2
16497,2
16498,2
16499,2
16500,2
16501,2
16502,2
16503,2
16504,2
16505,2
16506,2
16507,2
16508,2
16509,2
16510,2
16511,2
16512,2
16513,2
16514,2
16515,2
16516,2
16517,2
16518,2
16519,2
16520,2
16521,2
16522,2
16523,2
16524,2
16525,2
16526,2
16527,2
16528,2
16529,2
16530,2
16531,2
16532,2
16533,2
16534,2
16535,2
16536,2
16537,2
16538,2
16539,2
16540,2
16541,2
16542,2
16543,2
16544,2
16545,2
16546,2
16547,2
16548,2
16549,2
16550,2
16551,2
16552,2
16553,2
16554,2
16555,2
16556,2
16557,2
16558,2
16559,2
16560,2
16561,2
16562,2
16563,2
16564,2
16565,2
16566,2
16567,2
16568,2
16569,2
16570,2
16571,2
16572,2
16573,2
16574,2
16575,3
16576,2
16577,2
16578,2
16579,2
16580,2
16581,2
16582,2
16583,2
16584,2
16585,2
16586,2
16587,2
16588,2
16589,2
16590,2
16591,2
16592,2
16593,2
16594,2
16595,2
16596,2
16597,2
16598,2
16599,2
16600,2
16601,2
16602,2
16603,2
16604,2
16605,2
16606,2
16607,2
16608,2
16609,2
16610,2
16611,2
16612,2
16613,2
16614,2
16615,2
16616,2
16617,2
16618,2
16619,2
16620,2
16621,2
16622,2
16623,2
16624,2
16625,2
16626,2
16627,2
16628,2
16629,2
16630,2
16631,2
16632,2
16633,2
16634,2
16635,2
16636,2
16637,2
16638,2
16639,2
16640,2
16641,2
16642,2
16643,2
16644,2
16645,2
16646,2
16647,2
16648,2
16649,2
16650,2
16651,2
16652,2
16653,2
16654,2
16655,2
16656,2
16657,2
16658,2
16659,2
16660,2
16661,2
16662,2
16663,2
16664,2
16665,2
16666,2
16667,2
16668,2
16669,2
16670,2
16671,2
16672,2
16673,2
16674,2
16675,2
16676,2
16677,2
16678,2
16679,2
16680,2
16681,2
16682,2
16683,2
16684,2
16685,2
16686,2
16687,2
16688,2
16689,2
16690,2
16691,2
16692,2
16693,3
16694,2
16695,2
16696,2
16697,2
16698,2
16699,2
16700,2
16701,2
16702,2
16703,2
16704,2
16705,2
16706,2
16707,2
16708,2
16709,2
16710,2
16711,2
16712,2
16713,2
16714,2
16715,2
16716,2
16717,2
16718,2
16719,2
16720,2
16721,2
16722,2
16723,2
16724,2
16725,2
16726,2
16727,2
16728,2
16729,2
16730,2
16731,2
16732,2
16733,2
16734,2
16735,2
16736,2
16737,2
16738,2
16739,2
16740,2
16741,2
16742,2
16743,2
16744,2
16745,2
16746,2
16747,2
16748,2
16749,2
16750,2
16751,2
16752,2
16753,2
16754,2
16755,2
16756,2
16757,2
16758,2
16759,2
16760,2
16761,2
16762,2
16763,2
16764,2
16765,2
16766,2
16767,2
16768,2
16769,2
16770,2
16771,2
16772,2
16773,3
16774,3
16775,2
16776,2
16777,2
16778,2
16779,2
16780,2
16781,2
16782,2
16783,3
16784,2
16785,2
16786,2
16787,3
16788,2
16789,2
16790,2
16791,2
16792,2
16793,2
16794,2
16795,2
16796,2
16797,2
16798,2
16799,2
16800,3
16801,2
16802,2
16803,2
16804,2
16805,2
16806,2
16807,2
16808,2
16809,2
16810,2
16811,2
16812,2
16813,2
16814,2
16815,2
16816,3
16817,2
16818,2
16819,3
16820,2
16821,2
16822,2
16823,2
16824,2
16825,2
16826,2
16827,2
16828,2
16829,2
16830,2
16831,2
16832,2
16833,2
16834,2
16835,2
16836,2
16837,2
16838,2
16839,2
16840,2
16841,2
16842,2
16843,2
16844,2
16845,2
16846,2
16847,2
16848,2
16849,2
16850,2
16851,2
16852,2
16853,2
16854,2
16855,3
16856,2
16857,2
16858,2
16859,2
16860,2
16861,2
16862,2
16863,2
16864,2
16865,2
16866,2
16867,2
16868,2
16869,2
16870,2
16871,3
16872,2
16873,2
16874,2
16875,2
16876,2
16877,2
16878,2
16879,2
16880,2
16881,2
16882,2
16883,2
16884,2
16885,2
16886,2
16887,2
16888,2
16889,2
16890,2
16891,2
16892,2
16893,2
16894,2
16895,2
16896,2
16897,2
16898,2
16899,3
16900,2
16901,2
16902,2
16903,2
16904,2
16905,2
16906,2
16907,2
16908,2
16909,2
16910,2
16911,2
16912,2
16913,2
16914,2
16915,2
16916,2
16917,2
16918,2
16919,2
16920,2
16921,2
16922,2
16923,2
16924,2
16925,2
16926,2
16927,2
16928,2
16929,2
16930,2
16931,2
16932,2
16933,3
16934,2
16935,2
16936,2
16937,2
16938,2
16939,2
16940,2
16941,2
16942,2
16943,2
16944,2
16945,2
16946,2
16947,2
16948,2
16949,2
16950,2
16951,2
16952,2
16953,2
16954,2
16955,2
16956,2
16957,2
16958,2
16959,2
16960,2
16961,2
16962,2
16963,2
16964,2
16965,2
16966,2
16967,2
16968,2
16969,2
16970,2
16971,2
16972,2
16973,2
16974,2
16975,2
16976,2
16977,2
16978,2
16979,2
16980,2
16981,2
16982,2
16983,2
16984,2
16985,2
16986,2
16987,2
16988,2
16989,2
16990,2
16991,2
16992,2
16993,2
16994,2
16995,2
16996,2
16997,2
16998,2
16999,2
17000,2
17001,2
17002,2
17003,2
17004,2
17005,3
17006,2
17007,2
17008,2
17009,2
17010,2
17011,2
17012,2
17013,2
17014,2
17015,2
17016,2
17017,2
17018,2
17019,2
17020,2
17021,2
17022,2
17023,2
17024,2
17025,2
17026,2
17027,2
17028,2
17029,2
17030,2
17031,2
17032,2
17033,2
17034,2
17035,2
17036,2
17037,2
17038,2
17039,2
17040,2
17041,2
17042,2
17043,2
17044,2
17045,2
17046,2
17047,2
17048,2
17049,2
17050,2
17051,2
17052,2
17053,2
17054,2
17055,2
17056,2
17057,2
17058,2
17059,2
17060,2
17061,2
17062,2
17063,2
17064,2
17065,2
17066,2
17067,2
17068,2
17069,2
17070,2
17071,2
17072,2
17073,2
17074,2
17075,1
17076,2
17077,2
17078,2
17079,2
17080,2
17081,2
17082,2
17083,2
17084,2
17085,2
17086,2
17087,2
17088,2
17089,2
17090,1
17091,3
17092,2
17093,2
17094,2
17095,2
17096,3
17097,3
17098,3
17099,3
17100,3
17101,3
17102,2
17103,3
17104,3
17105,2
17106,3
17107,2
17108,2
17109,3
17110,2
17111,2
17112,2
17113,2
17114,2
17115,3
17116,3
17117,3
17118,3
17119,2
17120,3
17121,2
17122,2
17123,2
17124,2
17125,2
17126,2
17127,1
17128,2
17129,2
17130,2
17131,2
17132,2
17133,2
17134,2
17135,2
17136,2
17137,3
17138,2
17139,3
17140,3
17141,2
17142,3
17143,3
17144,2
17145,3
17146,2
17147,2
17148,2
17149,2
17150,2
17151,3
17152,1
17153,2
17154,3
17155,3
17156,3
17157,2
17158,2
17159,2
17160,2
17161,2
17162,2
17163,2
17164,2
17165,2
17166,2
17167,2
17168,2
17169,2
17170,3
17171,2
17172,3
17173,2
17174,2
17175,2
17176,2
17177,2
17178,2
17179,2
17180,2
17181,2
17182,2
17183,2
17184,2
17185,2
17186,2
17187,2
17188,2
17189,2
17190,2
17191,2
17192,2
17193,2
17194,2
17195,2
17196,2
17197,2
17198,2
17199,2
17200,2
17201,2
17202,2
17203,2
17204,2
17205,2
17206,2
17207,2
17208,2
17209,2
17210,2
17211,2
17212,2
17213,2
17214,2
17215,2
17216,2
17217,2
17218,2
17219,2
17220,2
17221,2
17222,2
17223,2
17224,2
17225,2
17226,2
17227,2
17228,2
17229,3
17230,2
17231,2
17232,2
17233,2
17234,2
17235,2
17236,2
17237,2
17238,2
17239,2
17240,2
17241,2
17242,2
17243,2
17244,2
17245,2
17246,2
17247,2
17248,2
17249,2
17250,2
17251,2
17252,2
17253,2
17254,2
17255,2
17256,2
17257,2
17258,2
17259,2
17260,2
17261,2
17262,2
17263,2
17264,2
17265,2
17266,2
17267,2
17268,2
17269,2
17270,2
17271,2
17272,2
17273,2
17274,2
17275,2
17276,2
17277,2
17278,2
17279,2
17280,2
17281,2
17282,2
17283,2
17284,2
17285,2
17286,2
17287,2
17288,2
17289,2
17290,2
17291,2
17292,2
17293,2
17294,2
17295,2
17296,2
17297,2
17298,2
17299,2
17300,2
17301,2
17302,2
17303,2
17304,2
17305,2
17306,2
17307,2
17308,2
17309,2
17310,2
17311,2
17312,2
17313,2
17314,3
17315,2
17316,2
17317,2
17318,2
17319,2
17320,3
17321,3
17322,3
17323,2
17324,3
17325,2
17326,2
17327,2
17328,2
17329,2
17330,2
17331,2
17332,2
17333,2
17334,2
17335,2
17336,2
17337,2
17338,2
17339,2
17340,2
17341,2
17342,2
17343,2
17344,2
17345,2
17346,2
17347,3
17348,2
17349,2
17350,3
17351,2
17352,2
17353,2
17354,3
17355,2
17356,2
17357,2
17358,3
17359,2
17360,2
17361,2
17362,3
17363,2
17364,2
17365,3
17366,3
17367,3
17368,2
17369,2
17370,2
17371,3
17372,2
17373,2
17374,3
17375,3
17376,2
17377,2
17378,2
17379,2
17380,2
17381,2
17382,2
17383,2
17384,2
17385,2
17386,2
17387,2
17388,2
17389,2
17390,2
17391,2
17392,2
17393,2
17394,2
17395,2
17396,2
17397,3
17398,3
17399,2
17400,2
17401,2
17402,2
17403,2
17404,2
17405,2
17406,2
17407,2
17408,2
17409,2
17410,2
17411,2
17412,2
17413,2
17414,2
17415,3
17416,2
17417,2
17418,2
17419,2
17420,2
17421,2
17422,2
17423,2
17424,2
17425,2
17426,2
17427,2
17428,2
17429,2
17430,2
17431,2
17432,2
17433,2
17434,2
17435,2
17436,2
17437,2
17438,2
17439,2
17440,2
17441,2
17442,2
17443,2
17444,2
17445,3
17446,2
17447,2
17448,2
17449,2
17450,2
17451,2
17452,2
17453,2
17454,2
17455,2
17456,2
17457,2
17458,2
17459,2
17460,2
17461,2
17462,2
17463,2
17464,2
17465,2
17466,2
17467,2
17468,2
17469,2
17470,2
17471,2
17472,2
17473,2
17474,2
17475,2
17476,2
17477,3
17478,2
17479,2
17480,2
17481,2
17482,2
17483,3
17484,2
17485,2
17486,2
17487,2
17488,2
17489,2
17490,2
17491,2
17492,2
17493,2
17494,2
17495,2
17496,2
17497,2
17498,2
17499,2
17500,2
17501,2
17502,2
17503,2
17504,2
17505,2
17506,2
17507,2
17508,2
17509,2
17510,2
17511,2
17512,2
17513,2
17514,2
17515,2
17516,2
17517,2
17518,3
17519,2
17520,2
17521,3
17522,3
17523,1
17524,2
17525,2
17526,2
17527,2
17528,2
17529,2
17530,2
17531,2
17532,2
17533,2
17534,2
17535,2
17536,2
17537,2
17538,2
17539,2
17540,2
17541,2
17542,2
17543,2
17544,2
17545,2
17546,2
17547,2
17548,2
17549,2
17550,2
17551,2
17552,2
17553,3
17554,3
17555,3
17556,3
17557,3
17558,2
17559,2
17560,3
17561,3
17562,3
17563,4
17564,2
17565,2
17566,2
17567,2
17568,3
17569,2
17570,2
17571,2
17572,2
17573,2
17574,3
17575,2
17576,3
17577,3
17578,2
17579,2
17580,0
17581,2
17582,2
17583,3
17584,2
17585,3
17586,2
17587,2
17588,3
17589,3
17590,3
17591,3
17592,3
17593,3
17594,3
17595,3
17596,2
17597,3
17598,3
17599,3
17600,3
17601,3
17602,3
17603,2
17604,2
17605,3
17606,3
17607,3
17608,3
17609,2
17610,2
17611,2
17612,3
17613,3
17614,3
17615,3
17616,3
17617,2
17618,2
17619,2
17620,3
17621,3
17622,3
17623,3
17624,3
17625,1
17626,2
17627,3
17628,3
17629,3
17630,3
17631,2
17632,2
17633,3
17634,2
17635,3
17636,3
17637,2
17638,2
17639,1
17640,2
17641,2
17642,3
17643,2
17644,1
17645,3
17646,3
17647,3
17648,3
17649,3
17650,2
17651,3
17652,2
17653,2
17654,2
17655,4
17656,3
17657,2
17658,2
17659,2
17660,3
17661,3
17662,3
17663,2
17664,2
17665,3
17666,3
17667,3
17668,2
17669,2
17670,3
17671,3
17672,2
17673,3
17674,3
17675,2
17676,3
17677,2
17678,2
17679,3
17680,3
17681,3
17682,4
17683,3
17684,3
17685,3
17686,3
17687,3
17688,3
17689,3
17690,3
17691,3
17692,3
17693,3
17694,2
17695,3
17696,3
17697,2
17698,3
17699,3
17700,3
17701,3
17702,3
17703,2
17704,2
17705,3
17706,3
17707,3
17708,3
17709,3
17710,3
17711,3
17712,3
17713,3
17714,3
17715,3
17716,3
17717,2
17718,3
17719,3
17720,3
17721,3
17722,3
17723,3
17724,3
17725,3
17726,3
17727,3
17728,3
17729,3
17730,3
17731,2
17732,2
17733,2
17734,2
17735,2
17736,3
17737,2
17738,2
17739,2
17740,2
17741,3
17742,2
17743,2
17744,3
17745,2
17746,3
17747,2
17748,3
17749,3
17750,3
17751,2
17752,3
17753,3
17754,3
17755,3
17756,3
17757,3
17758,3
17759,3
17760,3
17761,2
17762,3
17763,3
17764,2
17765,3
17766,2
17767,3
17768,3
17769,3
17770,3
17771,3
17772,3
17773,3
17774,3
17775,2
17776,3
17777,2
17778,2
17779,2
17780,2
17781,3
17782,3
17783,3
17784,3
17785,3
17786,3
17787,3
17788,3
17789,3
17790,2
17791,2
17792,3
17793,3
17794,3
17795,4
17796,3
17797,2
17798,2
17799,2
17800,2
17801,3
17802,3
17803,3
17804,3
17805,2
17806,2
17807,2
17808,2
17809,3
17810,3
17811,3
17812,2
17813,2
17814,2
17815,2
17816,3
17817,3
17818,3
17819,2
17820,2
17821,2
17822,2
17823,2
17824,2
17825,2
17826,2
17827,2
17828,2
17829,3
17830,2
17831,2
17832,2
17833,3
17834,2
17835,2
17836,2
17837,2
17838,2
17839,2
17840,2
17841,2
17842,2
17843,2
17844,2
17845,3
17846,2
17847,2
17848,3
17849,3
17850,3
17851,3
17852,3
17853,2
17854,2
17855,2
17856,3
17857,2
17858,2
17859,2
17860,2
17861,3
17862,2
17863,2
17864,2
17865,2
17866,3
17867,3
17868,3
17869,3
17870,2
17871,2
17872,2
17873,2
17874,2
17875,2
17876,2
17877,2
17878,2
17879,2
17880,1
17881,2
17882,2
17883,2
17884,2
17885,2
17886,2
17887,2
17888,2
17889,2
17890,2
17891,3
17892,2
17893,2
17894,2
17895,2
17896,2
17897,3
17898,3
17899,2
17900,2
17901,2
17902,2
17903,2
17904,2
17905,2
17906,2
17907,2
17908,2
17909,2
17910,2
17911,2
17912,2
17913,2
17914,2
17915,2
17916,2
17917,2
17918,2
17919,2
17920,2
17921,2
17922,2
17923,2
17924,2
17925,2
17926,2
17927,2
17928,2
17929,2
17930,2
17931,2
17932,2
17933,2
17934,2
17935,2
17936,2
17937,2
17938,3
17939,2
17940,3
17941,2
17942,2
17943,2
17944,2
17945,2
17946,2
17947,2
17948,2
17949,2
17950,2
17951,2
17952,2
17953,2
17954,2
17955,2
17956,2
17957,2
17958,2
17959,2
17960,2
17961,2
17962,2
17963,2
17964,2
17965,2
17966,3
17967,3
17968,2
17969,2
17970,2
17971,2
17972,2
17973,3
17974,2
17975,2
17976,2
17977,2
17978,2
17979,2
17980,2
17981,2
17982,2
17983,2
17984,2
17985,2
17986,2
17987,2
17988,2
17989,2
17990,2
17991,2
17992,2
17993,2
17994,2
17995,2
17996,2
17997,2
17998,2
17999,2
18000,2
18001,2
18002,2
18003,2
18004,2
18005,2
18006,2
18007,2
18008,2
18009,2
18010,2
18011,2
18012,2
18013,2
18014,2
18015,2
18016,2
18017,2
18018,2
18019,2
18020,2
18021,2
18022,2
18023,2
18024,3
18025,3
18026,2
18027,2
18028,2
18029,2
18030,2
18031,2
18032,2
18033,2
18034,2
18035,2
18036,2
18037,2
18038,2
18039,2
18040,2
18041,2
18042,3
18043,2
18044,3
18045,2
18046,2
18047,2
18048,2
18049,2
18050,2
18051,2
18052,2
18053,2
18054,2
18055,2
18056,2
18057,2
18058,2
18059,2
18060,2
18061,2
18062,2
18063,2
18064,2
18065,2
18066,2
18067,2
18068,2
18069,2
18070,2
18071,2
18072,2
18073,2
18074,2
18075,2
18076,2
18077,2
18078,2
18079,2
18080,2
18081,2
18082,3
18083,3
18084,3
18085,2
18086,2
18087,3
18088,2
18089,2
18090,2
18091,2
18092,2
18093,2
18094,2
18095,2
18096,3
18097,3
18098,3
18099,2
18100,3
18101,3
18102,3
18103,2
18104,3
18105,2
18106,2
18107,2
18108,2
18109,2
18110,2
18111,2
18112,2
18113,2
18114,2
18115,2
18116,2
18117,2
18118,2
18119,2
18120,3
18121,2
18122,2
18123,3
18124,2
18125,2
18126,2
18127,2
18128,2
18129,2
18130,2
18131,2
18132,2
18133,2
18134,2
18135,2
18136,2
18137,2
18138,2
18139,2
18140,2
18141,2
18142,2
18143,2
18144,2
18145,2
18146,2
18147,2
18148,2
18149,2
18150,2
18151,2
18152,2
18153,2
18154,2
18155,3
18156,2
18157,3
18158,2
18159,2
18160,2
18161,2
18162,3
18163,3
18164,3
18165,2
18166,2
18167,3
18168,2
18169,2
18170,3
18171,2
18172,2
18173,2
18174,3
18175,3
18176,3
18177,3
18178,2
18179,3
18180,2
18181,2
18182,3
18183,2
18184,2
18185,2
18186,2
18187,2
18188,2
18189,3
18190,2
18191,2
18192,2
18193,2
18194,2
18195,2
18196,3
18197,2
18198,2
18199,2
18200,2
18201,2
18202,2
18203,2
18204,2
18205,2
18206,2
18207,2
18208,2
18209,3
18210,2
18211,2
18212,2
18213,2
18214,2
18215,2
18216,2
18217,2
18218,2
18219,2
18220,3
18221,2
18222,2
18223,2
18224,2
18225,2
18226,2
18227,2
18228,2
18229,2
18230,2
18231,2
18232,2
18233,2
18234,2
18235,2
18236,2
18237,2
18238,2
18239,2
18240,2
18241,2
18242,2
18243,2
18244,2
18245,2
18246,2
18247,2
18248,2
18249,2
18250,3
18251,2
18252,2
18253,2
18254,2
18255,2
18256,2
18257,2
18258,2
18259,2
18260,2
18261,2
18262,2
18263,2
18264,2
18265,2
18266,2
18267,2
18268,2
18269,2
18270,2
18271,3
18272,2
18273,3
18274,2
18275,2
18276,2
18277,2
18278,2
18279,2
18280,2
18281,2
18282,2
18283,2
18284,2
18285,2
18286,2
18287,2
18288,2
18289,2
18290,2
18291,2
18292,2
18293,2
18294,2
18295,2
18296,2
18297,2
18298,2
18299,2
18300,2
18301,2
18302,2
18303,2
18304,2
18305,2
18306,2
18307,2
18308,2
18309,2
18310,2
18311,2
18312,2
18313,2
18314,2
18315,2
18316,2
18317,2
18318,2
18319,2
18320,2
18321,2
18322,4
18323,2
18324,2
18325,3
18326,2
18327,2
18328,2
18329,2
18330,2
18331,2
18332,2
18333,2
18334,2
18335,2
18336,2
18337,2
18338,2
18339,2
18340,2
18341,2
18342,2
18343,2
18344,2
18345,2
18346,2
18347,2
18348,2
18349,3
18350,2
18351,2
18352,2
18353,2
18354,2
18355,2
18356,2
18357,2
18358,2
18359,2
18360,2
18361,2
18362,2
18363,2
18364,2
18365,2
18366,2
18367,2
18368,2
18369,2
18370,2
18371,2
18372,2
18373,2
18374,2
18375,2
18376,2
18377,2
18378,2
18379,2
18380,2
18381,2
18382,2
18383,2
18384,2
18385,2
18386,2
18387,2
18388,2
18389,2
18390,2
18391,2
18392,2
18393,2
18394,2
18395,2
18396,3
18397,2
18398,2
18399,2
18400,2
18401,3
18402,2
18403,2
18404,2
18405,2
18406,2
18407,2
18408,2
18409,2
18410,2
18411,2
18412,2
18413,2
18414,2
18415,2
18416,2
18417,2
18418,2
18419,2
18420,4
18421,2
18422,2
18423,2
18424,2
18425,2
18426,2
18427,2
18428,2
18429,2
18430,2
18431,2
18432,2
18433,2
18434,2
18435,2
18436,2
18437,2
18438,2
18439,2
18440,2
18441,2
18442,3
18443,2
18444,2
18445,2
18446,2
18447,2
18448,2
18449,2
18450,2
18451,2
18452,2
18453,2
18454,2
18455,2
18456,2
18457,2
18458,2
18459,2
18460,2
18461,2
18462,3
18463,2
18464,2
18465,3
18466,2
18467,2
18468,2
18469,2
18470,2
18471,3
18472,2
18473,2
18474,2
18475,2
18476,2
18477,2
18478,2
18479,2
18480,2
18481,2
18482,2
18483,2
18484,2
18485,2
18486,2
18487,2
18488,2
18489,2
18490,2
18491,2
18492,2
18493,2
18494,2
18495,2
18496,2
18497,2
18498,2
18499,2
18500,2
18501,2
18502,2
18503,2
18504,2
18505,2
18506,2
18507,2
18508,2
18509,2
18510,2
18511,2
18512,2
18513,2
18514,2
18515,2
18516,2
18517,2
18518,2
18519,2
18520,2
18521,2
18522,2
18523,2
18524,2
18525,2
18526,2
18527,2
18528,2
18529,2
18530,2
18531,2
18532,2
18533,2
18534,2
18535,2
18536,2
18537,2
18538,2
18539,3
18540,3
18541,2
18542,2
18543,2
18544,2
18545,2
18546,2
18547,2
18548,2
18549,2
18550,2
18551,2
18552,2
18553,2
18554,2
18555,2
18556,3
18557,2
18558,2
18559,2
18560,2
18561,2
18562,2
18563,2
18564,2
18565,2
18566,2
18567,2
18568,2
18569,2
18570,2
18571,2
18572,2
18573,2
18574,2
18575,2
18576,2
18577,2
18578,3
18579,2
18580,2
18581,2
18582,2
18583,2
18584,2
18585,2
18586,2
18587,3
18588,2
18589,2
18590,2
18591,2
18592,2
18593,2
18594,2
18595,3
18596,2
18597,2
18598,3
18599,2
18600,2
18601,3
18602,3
18603,3
18604,3
18605,2
18606,3
18607,2
18608,2
18609,2
18610,2
18611,2
18612,3
18613,2
18614,3
18615,2
18616,2
18617,2
18618,2
18619,2
18620,2
18621,2
18622,2
18623,2
18624,2
18625,2
18626,2
18627,2
18628,2
18629,2
18630,2
18631,2
18632,2
18633,3
18634,2
18635,2
18636,2
18637,2
18638,2
18639,2
18640,2
18641,2
18642,2
18643,2
18644,2
18645,2
18646,2
18647,2
18648,2
18649,2
18650,2
18651,2
18652,2
18653,2
18654,2
18655,2
18656,2
18657,2
18658,2
18659,2
18660,2
18661,2
18662,2
18663,2
18664,2
18665,2
18666,2
18667,3
18668,2
18669,2
18670,2
18671,3
18672,2
18673,2
18674,2
18675,2
18676,2
18677,2
18678,2
18679,2
18680,2
18681,2
18682,2
18683,2
18684,2
18685,2
18686,2
18687,2
18688,2
18689,3
18690,2
18691,2
18692,2
18693,2
18694,2
18695,2
18696,2
18697,2
18698,2
18699,3
18700,2
18701,2
18702,2
18703,2
18704,2
18705,2
18706,2
18707,2
18708,2
18709,2
18710,2
18711,2
18712,2
18713,3
18714,2
18715,2
18716,2
18717,2
18718,2
18719,2
18720,2
18721,2
18722,2
18723,2
18724,3
18725,2
18726,1
18727,3
18728,3
18729,2
18730,3
18731,2
18732,2
18733,2
18734,2
18735,3
18736,3
18737,2
18738,3
18739,3
18740,2
18741,2
18742,3
18743,2
18744,2
18745,3
18746,2
18747,2
18748,2
18749,3
18750,2
18751,2
18752,2
18753,2
18754,2
18755,2
18756,2
18757,2
18758,2
18759,2
18760,2
18761,2
18762,2
18763,3
18764,2
18765,2
18766,2
18767,2
18768,2
18769,2
18770,2
18771,2
18772,2
18773,2
18774,3
18775,2
18776,2
18777,2
18778,2
18779,2
18780,2
18781,2
18782,2
18783,3
18784,2
18785,2
18786,2
18787,2
18788,2
18789,2
18790,2
18791,2
18792,2
18793,2
18794,2
18795,2
18796,2
18797,2
18798,2
18799,2
18800,2
18801,2
18802,2
18803,2
18804,2
18805,2
18806,2
18807,2
18808,2
18809,2
18810,3
18811,2
18812,2
18813,2
18814,2
18815,2
18816,2
18817,2
18818,2
18819,3
18820,2
18821,2
18822,2
18823,2
18824,2
18825,2
18826,2
18827,2
18828,2
18829,2
18830,2
18831,2
18832,2
18833,2
18834,2
18835,2
18836,2
18837,2
18838,2
18839,2
18840,2
18841,2
18842,2
18843,2
18844,2
18845,2
18846,2
18847,2
18848,2
18849,2
18850,2
18851,2
18852,2
18853,2
18854,2
18855,2
18856,2
18857,2
18858,2
18859,2
18860,2
18861,2
18862,2
18863,2
18864,2
18865,2
18866,2
18867,2
18868,2
18869,2
18870,2
18871,2
18872,2
18873,2
18874,2
18875,2
18876,2
18877,2
18878,2
18879,2
18880,2
18881,2
18882,2
18883,2
18884,2
18885,2
18886,2
18887,2
18888,2
18889,2
18890,3
18891,2
18892,2
18893,2
18894,2
18895,2
18896,2
18897,2
18898,2
18899,2
18900,2
18901,2
18902,2
18903,2
18904,2
18905,2
18906,3
18907,2
18908,2
18909,2
18910,2
18911,2
18912,2
18913,2
18914,2
18915,2
18916,2
18917,2
18918,2
18919,2
18920,2
18921,2
18922,2
18923,2
18924,2
18925,2
18926,2
18927,2
18928,2
18929,2
18930,2
18931,2
18932,2
18933,2
18934,2
18935,2
18936,2
18937,2
18938,2
18939,2
18940,2
18941,2
18942,2
18943,2
18944,2
18945,3
18946,2
18947,2
18948,2
18949,2
18950,2
18951,2
18952,2
18953,2
18954,2
18955,2
18956,2
18957,2
18958,2
18959,2
18960,2
18961,2
18962,2
18963,2
18964,2
18965,2
18966,2
18967,2
18968,2
18969,2
18970,2
18971,2
18972,2
18973,2
18974,2
18975,2
18976,2
18977,2
18978,2
18979,2
18980,2
18981,2
18982,2
18983,2
18984,2
18985,2
18986,2
18987,2
18988,2
18989,2
18990,2
18991,2
18992,2
18993,2
18994,2
18995,2
18996,2
18997,2
18998,2
18999,2
19000,2
19001,2
19002,2
19003,2
19004,2
19005,2
19006,2
19007,2
19008,2
19009,2
19010,2
19011,2
19012,2
19013,2
19014,2
19015,2
19016,2
19017,2
19018,2
19019,2
19020,2
19021,2
19022,2
19023,2
19024,2
19025,2
19026,2
19027,2
19028,2
19029,2
19030,2
19031,2
19032,2
19033,2
19034,2
19035,2
19036,2
19037,2
19038,2
19039,2
19040,2
19041,2
19042,2
19043,2
19044,2
19045,2
19046,2
19047,3
19048,3
19049,2
19050,2
19051,2
19052,2
19053,2
19054,2
19055,2
19056,2
19057,2
19058,2
19059,2
19060,2
19061,2
19062,2
19063,2
19064,2
19065,2
19066,2
19067,2
19068,2
19069,2
19070,2
19071,2
19072,2
19073,2
19074,2
19075,2
19076,2
19077,2
19078,2
19079,2
19080,2
19081,2
19082,2
19083,2
19084,2
19085,2
19086,2
19087,3
19088,3
19089,2
19090,2
19091,2
19092,2
19093,2
19094,2
19095,2
19096,2
19097,2
19098,2
19099,2
19100,2
19101,2
19102,2
19103,2
19104,2
19105,2
19106,2
19107,2
19108,2
19109,2
19110,2
19111,2
19112,2
19113,2
19114,2
19115,2
19116,2
19117,2
19118,2
19119,2
19120,2
19121,2
19122,2
19123,2
19124,2
19125,2
19126,2
19127,2
19128,2
19129,2
19130,2
19131,2
19132,2
19133,2
19134,2
19135,2
19136,2
19137,2
19138,2
19139,2
19140,2
19141,2
19142,2
19143,2
19144,2
19145,2
19146,2
19147,2
19148,2
19149,2
19150,2
19151,2
19152,2
19153,2
19154,2
19155,2
19156,2
19157,2
19158,2
19159,2
19160,2
19161,2
19162,2
19163,2
19164,2
19165,2
19166,2
19167,2
19168,2
19169,2
19170,2
19171,2
19172,2
19173,2
19174,2
19175,2
19176,3
19177,3
19178,2
19179,2
19180,2
19181,2
19182,2
19183,2
19184,2
19185,2
19186,2
19187,2
19188,2
19189,2
19190,2
19191,2
19192,2
19193,2
19194,2
19195,2
19196,2
19197,2
19198,2
19199,2
19200,2
19201,3
19202,2
19203,2
19204,2
19205,2
19206,2
19207,2
19208,2
19209,2
19210,2
19211,2
19212,2
19213,2
19214,2
19215,2
19216,2
19217,2
19218,2
19219,2
19220,2
19221,2
19222,2
19223,2
19224,2
19225,2
19226,2
19227,2
19228,2
19229,2
19230,2
19231,2
19232,2
19233,2
19234,3
19235,2
19236,2
19237,2
19238,2
19239,2
19240,2
19241,2
19242,2
19243,2
19244,2
19245,2
19246,2
19247,2
19248,2
19249,2
19250,2
19251,2
19252,2
19253,2
19254,2
19255,2
19256,2
19257,2
19258,2
19259,2
19260,2
19261,2
19262,2
19263,2
19264,2
19265,2
19266,2
19267,2
19268,2
19269,2
19270,2
19271,2
19272,2
19273,2
19274,2
19275,2
19276,2
19277,2
19278,2
19279,2
19280,2
19281,2
19282,2
19283,2
19284,2
19285,2
19286,2
19287,2
19288,2
19289,2
19290,2
19291,2
19292,2
19293,2
19294,3
19295,2
19296,2
19297,2
19298,2
19299,2
19300,2
19301,2
19302,2
19303,2
19304,2
19305,2
19306,2
19307,2
19308,2
19309,2
19310,2
19311,2
19312,2
19313,2
19314,2
19315,2
19316,2
19317,2
19318,2
19319,2
19320,2
19321,2
19322,2
19323,2
19324,2
19325,2
19326,2
19327,2
19328,2
19329,2
19330,2
19331,2
19332,2
19333,2
19334,3
19335,2
19336,2
19337,2
19338,2
19339,2
19340,3
19341,2
19342,2
19343,2
19344,2
19345,2
19346,2
19347,2
19348,2
19349,2
19350,2
19351,3
19352,2
19353,2
19354,2
19355,2
19356,2
19357,2
19358,2
19359,2
19360,2
19361,2
19362,2
19363,2
19364,2
19365,2
19366,2
19367,2
19368,3
19369,2
19370,2
19371,2
19372,2
19373,2
19374,2
19375,2
19376,2
19377,2
19378,2
19379,3
19380,2
19381,2
19382,2
19383,2
19384,2
19385,2
19386,2
19387,2
19388,2
19389,2
19390,2
19391,2
19392,2
19393,2
19394,2
19395,2
19396,2
19397,2
19398,2
19399,2
19400,2
19401,2
19402,2
19403,2
19404,2
19405,2
19406,2
19407,2
19408,2
19409,2
19410,2
19411,2
19412,2
19413,2
19414,2
19415,2
19416,2
19417,2
19418,2
19419,2
19420,2
19421,2
19422,2
19423,2
19424,2
19425,2
19426,2
19427,2
19428,2
19429,2
19430,2
19431,2
19432,2
19433,2
19434,2
19435,2
19436,2
19437,2
19438,2
19439,2
19440,2
19441,2
19442,2
19443,2
19444,2
19445,2
19446,2
19447,2
19448,2
19449,2
19450,2
19451,2
19452,2
19453,2
19454,2
19455,2
19456,2
19457,2
19458,3
19459,2
19460,2
19461,3
19462,2
19463,2
19464,2
19465,2
19466,2
19467,2
19468,2
19469,2
19470,2
19471,2
19472,2
19473,2
19474,2
19475,2
19476,3
19477,2
19478,2
19479,2
19480,2
19481,2
19482,2
19483,2
19484,2
19485,2
19486,2
19487,2
19488,2
19489,2
19490,2
19491,2
19492,2
19493,2
19494,2
19495,2
19496,2
19497,2
19498,2
19499,2
19500,2
19501,2
19502,2
19503,2
19504,2
19505,2
19506,2
19507,2
19508,2
19509,2
19510,2
19511,2
19512,2
19513,2
19514,2
19515,3
19516,2
19517,2
19518,3
19519,2
19520,2
19521,2
19522,2
19523,2
19524,2
19525,2
19526,2
19527,0
19528,2
19529,2
19530,2
19531,2
19532,2
19533,2
19534,2
19535,2
19536,2
19537,2
19538,2
19539,2
19540,3
19541,2
19542,3
19543,2
19544,2
19545,2
19546,2
19547,3
19548,3
19549,2
19550,2
19551,2
19552,2
19553,2
19554,2
19555,2
19556,2
19557,2
19558,2
19559,2
19560,2
19561,2
19562,3
19563,3
19564,3
19565,3
19566,3
19567,3
19568,3
19569,3
19570,3
19571,3
19572,3
19573,3
19574,3
19575,3
19576,3
19577,3
19578,2
19579,3
19580,3
19581,3
19582,3
19583,3
19584,3
19585,3
19586,3
19587,3
19588,3
19589,3
19590,3
19591,3
19592,3
19593,3
19594,3
19595,3
19596,3
19597,3
19598,3
19599,3
19600,3
19601,3
19602,3
19603,3
19604,3
19605,3
19606,3
19607,2
19608,3
19609,3
19610,3
19611,3
19612,3
19613,3
19614,1
19615,3
19616,3
19617,3
19618,3
19619,2
19620,3
19621,3
19622,3
19623,3
19624,3
19625,3
19626,3
19627,3
19628,3
19629,3
19630,3
19631,3
19632,3
19633,3
19634,3
19635,3
19636,3
19637,3
19638,3
19639,3
19640,3
19641,3
19642,3
19643,3
19644,3
19645,3
19646,3
19647,3
19648,3
19649,3
19650,3
19651,3
19652,3
19653,3
19654,3
19655,3
19656,3
19657,3
19658,3
19659,3
19660,3
19661,3
19662,3
19663,3
19664,3
19665,3
19666,3
19667,3
19668,3
19669,3
19670,3
19671,3
19672,3
19673,3
19674,3
19675,3
19676,3
19677,3
19678,3
19679,3
19680,3
19681,3
19682,3
19683,3
19684,3
19685,3
19686,3
19687,3
19688,3
19689,3
19690,3
19691,3
19692,3
19693,3
19694,3
19695,3
19696,3
19697,3
19698,3
19699,3
19700,3
19701,3
19702,3
19703,3
19704,3
19705,3
19706,2
19707,3
19708,3
19709,3
19710,3
19711,3
19712,3
19713,3
19714,3
19715,3
19716,3
19717,3
19718,3
19719,3
19720,3
19721,3
19722,3
19723,3
19724,3
19725,3
19726,3
19727,3
19728,3
19729,3
19730,3
19731,3
19732,3
19733,3
19734,3
19735,3
19736,3
19737,3
19738,3
19739,3
19740,3
19741,3
19742,3
19743,3
19744,3
19745,3
19746,3
19747,3
19748,3
19749,3
19750,3
19751,3
19752,3
19753,3
19754,3
19755,3
19756,3
19757,3
19758,3
19759,3
19760,3
19761,3
19762,3
19763,3
19764,3
19765,3
19766,3
19767,3
19768,3
19769,3
19770,3
19771,3
19772,3
19773,3
19774,3
19775,3
19776,2
19777,3
19778,3
19779,3
19780,3
19781,3
19782,3
19783,3
19784,3
19785,3
19786,3
19787,3
19788,3
19789,3
19790,3
19791,3
19792,3
19793,3
19794,3
19795,3
19796,3
19797,3
19798,3
19799,3
19800,3
19801,3
19802,3
19803,3
19804,3
19805,3
19806,3
19807,3
19808,3
19809,3
19810,3
19811,3
19812,3
19813,3
19814,3
19815,3
19816,3
19817,3
19818,3
19819,3
19820,3
19821,3
19822,3
19823,3
19824,3
19825,3
19826,3
19827,3
19828,3
19829,3
19830,3
19831,3
19832,3
19833,3
19834,3
19835,3
19836,3
19837,3
19838,3
19839,3
19840,3
19841,3
19842,3
19843,3
19844,3
19845,3
19846,3
19847,3
19848,3
19849,3
19850,3
19851,3
19852,3
19853,3
19854,3
19855,3
19856,3
19857,3
19858,3
19859,3
19860,3
19861,3
19862,3
19863,3
19864,3
19865,3
19866,3
19867,3
19868,3
19869,3
19870,3
19871,3
19872,3
19873,3
19874,3
19875,3
19876,3
19877,3
19878,3
19879,3
19880,3
19881,3
19882,3
19883,3
19884,3
19885,3
19886,3
19887,3
19888,3
19889,3
19890,3
19891,3
19892,3
19893,3
19894,3
19895,3
19896,3
19897,3
19898,3
19899,3
19900,3
19901,3
19902,3
19903,3
19904,3
19905,3
19906,3
19907,3
19908,3
19909,3
19910,3
19911,3
19912,3
19913,3
19914,3
19915,3
19916,3
19917,3
19918,3
19919,3
19920,3
19921,3
19922,3
19923,3
19924,3
19925,3
19926,3
19927,3
19928,3
19929,3
19930,3
19931,3
19932,3
19933,3
19934,3
19935,3
19936,3
19937,3
19938,3
19939,3
19940,3
19941,3
19942,3
19943,3
19944,1
19945,1
19946,1
19947,1
19948,1
19949,3
19950,3
19951,3
19952,3
19953,3
19954,3
19955,3
19956,3
19957,3
19958,3
19959,3
19960,3
19961,3
19962,3
19963,3
19964,3
19965,3
19966,3
19967,3
19968,3
19969,3
19970,3
19971,3
19972,2
19973,2
19974,2
19975,2
19976,2
19977,3
19978,2
19979,2
19980,3
19981,3
19982,2
19983,2
19984,3
19985,2
19986,3
19987,2
19988,3
19989,2
19990,2
19991,3
19992,3
19993,2
19994,3
19995,3
19996,0
19997,3
19998,3
19999,2
20000,0
20001,2
20002,2
20003,2
20004,3
20005,2
20006,2
20007,2
20008,2
20009,2
20010,2
20011,2
20012,2
20013,2
20014,2
20015,2
20016,2
20017,3
20018,2
20019,2
20020,2
20021,2
20022,2
20023,1
20024,2
20025,2
20026,2
20027,2
20028,2
20029,2
20030,2
20031,2
20032,2
20033,2
20034,2
20035,2
20036,2
20037,2
20038,3
20039,2
20040,2
20041,2
20042,2
20043,2
20044,2
20045,2
20046,2
20047,2
20048,3
20049,3
20050,2
20051,2
20052,2
20053,2
20054,3
20055,2
20056,2
20057,2
20058,3
20059,2
20060,2
20061,2
20062,3
20063,3
20064,3
20065,2
20066,2
20067,2
20068,3
20069,3
20070,2
20071,3
20072,2
20073,3
20074,2
20075,3
20076,2
20077,3
20078,2
20079,2
20080,2
20081,2
20082,2
20083,2
20084,2
20085,3
20086,3
20087,3
20088,2
20089,2
20090,3
20091,3
20092,2
20093,2
20094,2
20095,2
20096,3
20097,3
20098,2
20099,2
20100,2
20101,2
20102,2
20103,2
20104,3
20105,1
20106,2
20107,2
20108,3
20109,2
20110,3
20111,2
20112,2
20113,2
20114,2
20115,2
20116,2
20117,2
20118,2
20119,2
20120,3
20121,2
20122,2
20123,2
20124,3
20125,2
20126,2
20127,2
20128,2
20129,3
20130,2
20131,2
20132,2
20133,3
20134,2
20135,3
20136,2
20137,2
20138,2
20139,2
20140,2
20141,2
20142,2
20143,2
20144,2
20145,2
20146,2
20147,2
20148,2
20149,3
20150,2
20151,2
20152,2
20153,2
20154,2
20155,3
20156,3
20157,2
20158,2
20159,2
20160,2
20161,3
20162,3
20163,2
20164,2
20165,2
20166,2
20167,3
20168,3
20169,3
20170,2
20171,2
20172,2
20173,3
20174,2
20175,2
20176,2
20177,3
20178,2
20179,2
20180,2
20181,2
20182,2
20183,2
20184,2
20185,2
20186,2
20187,2
20188,2
20189,3
20190,2
20191,2
20192,2
20193,2
20194,3
20195,2
20196,2
20197,3
20198,2
20199,2
20200,2
20201,2
20202,2
20203,2
20204,2
20205,2
20206,2
20207,2
20208,2
20209,1
20210,3
20211,3
20212,2
20213,3
20214,3
20215,3
20216,3
20217,1
20218,2
20219,2
20220,3
20221,2
20222,2
20223,2
20224,2
20225,2
20226,2
20227,2
20228,3
20229,3
20230,2
20231,2
20232,2
20233,2
20234,2
20235,3
20236,3
20237,3
20238,3
20239,2
20240,3
20241,2
20242,3
20243,3
20244,2
20245,2
20246,2
20247,3
20248,2
20249,2
20250,2
20251,2
20252,3
20253,2
20254,1
20255,3
20256,3
20257,2
20258,1
20259,2
20260,2
20261,2
20262,2
20263,3
20264,2
20265,2
20266,2
20267,3
20268,2
20269,2
20270,2
20271,2
20272,3
20273,3
20274,2
20275,2
20276,2
20277,2
20278,2
20279,2
20280,2
20281,2
20282,2
20283,2
20284,2
20285,2
20286,2
20287,2
20288,2
20289,2
20290,2
20291,2
20292,2
20293,3
20294,2
20295,2
20296,2
20297,2
20298,2
20299,2
20300,2
20301,2
20302,2
20303,2
20304,2
20305,2
20306,2
20307,1
20308,3
20309,2
20310,3
20311,2
20312,2
20313,2
20314,2
20315,2
20316,2
20317,2
20318,2
20319,2
20320,1
20321,3
20322,3
20323,2
20324,2
20325,2
20326,2
20327,2
20328,3
20329,3
20330,2
20331,3
20332,3
20333,3
20334,3
20335,3
20336,3
20337,3
20338,3
20339,2
20340,2
20341,2
20342,2
20343,2
20344,2
20345,2
20346,2
20347,2
20348,2
20349,2
20350,2
20351,2
20352,2
20353,1
20354,2
20355,2
20356,2
20357,2
20358,2
20359,2
20360,2
20361,2
20362,2
20363,3
20364,2
20365,2
20366,2
20367,2
20368,2
20369,2
20370,2
20371,2
20372,2
20373,2
20374,2
20375,3
20376,2
20377,3
20378,2
20379,2
20380,2
20381,2
20382,2
20383,2
20384,2
20385,2
20386,2
20387,2
20388,2
20389,2
20390,2
20391,3
20392,2
20393,2
20394,2
20395,3
20396,2
20397,2
20398,3
20399,2
20400,2
20401,2
20402,3
20403,2
20404,2
20405,2
20406,2
20407,2
20408,2
20409,2
20410,3
20411,2
20412,2
20413,2
20414,2
20415,2
20416,2
20417,2
20418,2
20419,2
20420,2
20421,2
20422,2
20423,2
20424,2
20425,3
20426,2
20427,2
20428,2
20429,2
20430,2
20431,2
20432,2
20433,2
20434,2
20435,3
20436,3
20437,2
20438,2
20439,2
20440,2
20441,2
20442,2
20443,2
20444,2
20445,2
20446,2
20447,2
20448,2
20449,2
20450,2
20451,2
20452,3
20453,3
20454,2
20455,2
20456,2
20457,2
20458,2
20459,1
20460,2
20461,2
20462,2
20463,3
20464,2
20465,2
20466,3
20467,2
20468,2
20469,2
20470,3
20471,2
20472,3
20473,2
20474,2
20475,2
20476,2
20477,3
20478,2
20479,2
20480,2
20481,3
20482,2
20483,1
20484,3
20485,3
20486,3
20487,2
20488,2
20489,3
20490,3
20491,1
20492,3
20493,2
20494,2
20495,2
20496,0
20497,3
20498,2
20499,2
20500,2
20501,2
20502,0
20503,0
20504,3
20505,2
20506,0
20507,2
20508,3
20509,2
20510,2
20511,3
20512,0
20513,2
20514,2
20515,3
20516,0
20517,0
20518,2
20519,2
20520,2
20521,2
20522,2
20523,2
20524,0
20525,2
20526,0
20527,0
20528,2
20529,3
20530,3
20531,3
20532,2
20533,2
20534,2
20535,3
20536,2
20537,2
20538,2
20539,2
20540,2
20541,2
20542,2
20543,2
20544,2
20545,2
20546,2
20547,3
20548,2
20549,2
20550,2
20551,2
20552,2
20553,3
20554,2
20555,2
20556,3
20557,1
20558,2
20559,3
20560,2
20561,2
20562,2
20563,2
20564,2
20565,3
20566,2
20567,3
20568,3
20569,2
20570,2
20571,2
20572,2
20573,2
20574,2
20575,2
20576,2
20577,2
20578,3
20579,2
20580,2
20581,3
20582,3
20583,3
20584,2
20585,3
20586,2
20587,3
20588,3
20589,3
20590,2
20591,2
20592,2
20593,2
20594,2
20595,2
20596,2
20597,2
20598,2
20599,2
20600,2
20601,2
20602,2
20603,2
20604,2
20605,2
20606,2
20607,2
20608,2
20609,3
20610,3
20611,2
20612,2
20613,2
20614,2
20615,2
20616,2
20617,3
20618,2
20619,3
20620,2
20621,3
20622,2
20623,2
20624,2
20625,1
20626,1
20627,1
20628,2
20629,1
20630,1
20631,1
20632,1
20633,3
20634,3
20635,3
20636,0
20637,3
20638,2
20639,3
20640,3
20641,2
20642,0
20643,0
20644,0
20645,0
20646,0
20647,2
20648,3
20649,3
20650,2
20651,3
20652,3
20653,3
20654,3
20655,3
20656,3
20657,2
20658,3
20659,3
20660,2
20661,2
20662,3
20663,2
20664,2
20665,2
20666,2
20667,2
20668,3
20669,3
20670,3
20671,2
20672,2
20673,2
20674,0
20675,2
20676,0
20677,3
20678,0
20679,2
20680,3
20681,2
20682,2
20683,0
20684,0
20685,2
20686,2
20687,2
20688,2
20689,3
20690,2
20691,3
20692,3
20693,2
20694,2
20695,2
20696,3
20697,2
20698,1
20699,1
20700,3
20701,1
20702,3
20703,2
20704,3
20705,3
20706,2
20707,3
20708,3
20709,3
20710,1
20711,3
20712,2
20713,3
20714,3
20715,3
20716,2
20717,3
20718,2
20719,3
20720,3
20721,3
20722,3
20723,3
20724,3
20725,3
20726,3
20727,3
20728,2
20729,2
20730,2
20731,2
20732,2
20733,1
20734,2
20735,2
20736,2
20737,2
20738,3
20739,2
20740,2
20741,2
20742,2
20743,2
20744,2
20745,2
20746,2
20747,2
20748,2
20749,2
20750,2
20751,2
20752,2
20753,2
20754,2
20755,2
20756,2
20757,2
20758,2
20759,2
20760,2
20761,2
20762,2
20763,2
20764,2
20765,2
20766,2
20767,2
20768,2
20769,2
20770,2
20771,2
20772,2
20773,2
20774,2
20775,2
20776,2
20777,2
20778,2
20779,2
20780,2
20781,2
20782,2
20783,2
20784,2
20785,2
20786,2
20787,2
20788,2
20789,2
20790,2
20791,2
20792,2
20793,2
20794,2
20795,2
20796,2
20797,2
20798,2
20799,2
20800,2
20801,2
20802,2
20803,2
20804,2
20805,2
20806,2
20807,2
20808,2
20809,2
20810,2
20811,2
20812,2
20813,2
20814,1
20815,1
20816,2
20817,2
20818,2
20819,2
20820,2
20821,2
20822,2
20823,2
20824,2
20825,2
20826,2
20827,2
20828,2
20829,2
20830,2
20831,2
20832,2
20833,2
20834,2
20835,2
20836,2
20837,2
20838,2
20839,2
20840,2
20841,2
20842,2
20843,2
20844,2
20845,2
20846,2
20847,2
20848,2
20849,3
20850,3
20851,2
20852,2
20853,2
20854,2
20855,2
20856,3
20857,0
20858,3
20859,3
20860,2
20861,2
20862,2
20863,2
20864,2
20865,2
20866,2
20867,1
20868,1
20869,1
20870,1
20871,1
20872,2
20873,2
20874,2
20875,3
20876,3
20877,3
20878,2
20879,2
20880,3
20881,3
20882,2
20883,2
20884,2
20885,2
20886,2
20887,2
20888,2
20889,2
20890,2
20891,2
20892,3
20893,3
20894,3
20895,3
20896,1
20897,2
20898,2
20899,2
20900,2
20901,1
20902,3
20903,2
20904,2
20905,3
20906,2
20907,3
20908,3
20909,3
20910,3
20911,3
20912,3
20913,3
20914,3
20915,2
20916,3
20917,3
20918,3
20919,3
20920,3
20921,3
20922,3
20923,3
20924,2
20925,2
20926,1
20927,3
20928,3
20929,2
20930,3
20931,3
20932,2
20933,2
20934,2
20935,2
20936,2
20937,3
20938,1
20939,1
20940,2
20941,2
20942,2
20943,2
20944,2
20945,2
20946,3
20947,3
20948,3
20949,2
20950,3
20951,3
20952,3
20953,3
20954,3
20955,2
20956,2
20957,3
20958,3
20959,2
20960,2
20961,2
20962,3
20963,3
20964,2
20965,2
20966,3
20967,3
20968,3
20969,2
20970,2
20971,3
20972,3
20973,2
20974,3
20975,3
20976,2
20977,2
20978,3
20979,2
20980,2
20981,2
20982,3
20983,3
20984,2
20985,2
20986,2
20987,3
20988,2
20989,3
20990,3
20991,3
20992,3
20993,3
20994,3
20995,3
20996,3
20997,3
20998,3
20999,3
21000,3
21001,3
21002,3
21003,3
21004,3
21005,3
21006,3
21007,3
21008,3
21009,3
21010,3
21011,3
21012,3
21013,3
21014,3
21015,3
21016,3
21017,2
21018,3
21019,3
21020,3
21021,3
21022,3
21023,3
21024,3
21025,3
21026,1
21027,3
21028,3
21029,1
21030,1
21031,1
21032,3
21033,3
21034,1
21035,3
21036,3
21037,1
21038,1
21039,1
21040,3
21041,3
21042,3
21043,3
21044,2
21045,3
21046,3
21047,3
21048,3
21049,1
21050,1
21051,3
21052,3
21053,2
21054,2
21055,2
21056,2
21057,2
21058,1
21059,3
21060,1
21061,3
21062,2
21063,2
21064,2
21065,3
21066,3
21067,2
21068,2
21069,2
21070,2
21071,2
21072,3
21073,3
21074,3
21075,2
21076,2
21077,3
21078,3
21079,2
21080,3
21081,3
21082,2
21083,2
21084,3
21085,3
21086,2
21087,3
21088,3
21089,0
21090,3
21091,1
21092,2
21093,2
21094,3
21095,3
21096,3
21097,3
21098,3
21099,2
21100,2
21101,2
21102,2
21103,3
21104,3
21105,1
21106,3
21107,2
21108,3
21109,1
21110,3
21111,3
21112,3
21113,3
21114,3
21115,3
21116,3
21117,1
21118,1
21119,1
21120,3
21121,3
21122,2
21123,2
21124,3
21125,3
21126,2
21127,3
21128,3
21129,3
21130,3
21131,3
21132,3
21133,3
21134,2
21135,2
21136,3
21137,3
21138,3
21139,3
21140,3
21141,3
21142,3
21143,3
21144,1
21145,1
21146,1
21147,1
21148,1
21149,3
21150,2
21151,3
21152,1
21153,1
21154,3
21155,3
21156,2
21157,3
21158,3
21159,3
21160,3
21161,2
21162,3
21163,3
21164,3
21165,3
21166,3
21167,2
21168,3
21169,3
21170,1
21171,3
21172,3
21173,3
21174,2
21175,3
21176,2
21177,2
21178,2
21179,2
21180,3
21181,3
21182,3
21183,2
21184,2
21185,3
21186,3
21187,3
21188,3
21189,3
21190,3
21191,1
21192,2
21193,2
21194,3
21195,3
21196,3
21197,3
21198,3
21199,3
21200,3
21201,2
21202,3
21203,2
21204,2
21205,2
21206,3
21207,3
21208,2
21209,2
21210,2
21211,3
21212,3
21213,3
21214,3
21215,3
21216,3
21217,3
21218,2
21219,2
21220,2
21221,2
21222,2
21223,2
21224,2
21225,3
21226,2
21227,2
21228,2
21229,2
21230,2
21231,2
21232,2
21233,2
21234,2
21235,2
21236,2
21237,2
21238,3
21239,2
21240,2
21241,2
21242,2
21243,2
21244,2
21245,2
21246,3
21247,3
21248,2
21249,2
21250,2
21251,2
21252,2
21253,2
21254,2
21255,2
21256,2
21257,2
21258,2
21259,2
21260,2
21261,2
21262,3
21263,2
21264,2
21265,2
21266,3
21267,3
21268,3
21269,3
21270,3
21271,3
21272,3
21273,3
21274,3
21275,3
21276,3
21277,3
21278,3
21279,3
21280,3
21281,3
21282,3
21283,3
21284,2
21285,2
21286,2
21287,3
21288,3
21289,3
21290,3
21291,2
21292,3
21293,3
21294,2
21295,2
21296,2
21297,3
21298,3
21299,3
21300,3
21301,2
21302,2
21303,2
21304,3
21305,2
21306,2
21307,2
21308,3
21309,2
21310,2
21311,2
21312,2
21313,3
21314,2
21315,3
21316,3
21317,2
21318,2
21319,3
21320,2
21321,3
21322,3
21323,3
21324,3
21325,2
21326,2
21327,2
21328,3
21329,3
21330,2
21331,2
21332,2
21333,3
21334,2
21335,3
21336,2
21337,3
21338,2
21339,3
21340,2
21341,2
21342,2
21343,3
21344,3
21345,3
21346,3
21347,2
21348,2
21349,3
21350,2
21351,2
21352,2
21353,3
21354,2
21355,2
21356,2
21357,2
21358,2
21359,3
21360,2
21361,2
21362,2
21363,2
21364,2
21365,2
21366,2
21367,2
21368,3
21369,3
21370,2
21371,2
21372,3
21373,2
21374,2
21375,2
21376,3
21377,2
21378,3
21379,2
21380,2
21381,2
21382,2
21383,2
21384,2
21385,3
21386,3
21387,3
21388,3
21389,2
21390,2
21391,2
21392,2
21393,2
21394,2
21395,2
21396,3
21397,2
21398,3
21399,2
21400,2
21401,2
21402,3
21403,2
21404,2
21405,2
21406,2
21407,2
21408,3
21409,2
21410,2
21411,2
21412,2
21413,2
21414,2
21415,2
21416,2
21417,2
21418,2
21419,2
21420,2
21421,2
21422,2
21423,3
21424,2
21425,2
21426,2
21427,3
21428,3
21429,2
21430,2
21431,2
21432,2
21433,2
21434,3
21435,3
21436,3
21437,3
21438,2
21439,2
21440,2
21441,2
21442,3
21443,2
21444,3
21445,2
21446,3
21447,3
21448,2
21449,3
21450,3
21451,3
21452,2
21453,2
21454,2
21455,2
21456,2
21457,3
21458,3
21459,3
21460,3
21461,3
21462,2
21463,2
21464,2
21465,2
21466,2
21467,2
21468,3
21469,3
21470,3
21471,2
21472,3
21473,2
21474,2
21475,3
21476,2
21477,2
21478,2
21479,2
21480,2
21481,3
21482,3
21483,2
21484,2
21485,2
21486,2
21487,2
21488,3
21489,2
21490,2
21491,2
21492,2
21493,2
21494,2
21495,2
21496,2
21497,2
21498,2
21499,2
21500,2
21501,2
21502,2
21503,3
21504,2
21505,2
21506,2
21507,2
21508,3
21509,3
21510,3
21511,3
21512,3
21513,3
21514,3
21515,3
21516,2
21517,2
21518,2
21519,2
21520,2
21521,2
21522,2
21523,3
21524,3
21525,2
21526,2
21527,2
21528,3
21529,3
21530,2
21531,2
21532,2
21533,2
21534,3
21535,2
21536,2
21537,2
21538,2
21539,2
21540,2
21541,2
21542,2
21543,2
21544,2
21545,2
21546,2
21547,2
21548,2
21549,2
21550,2
21551,2
21552,2
21553,2
21554,2
21555,2
21556,2
21557,2
21558,2
21559,2
21560,2
21561,2
21562,2
21563,2
21564,1
21565,3
21566,3
21567,3
21568,3
21569,3
21570,3
21571,3
21572,1
21573,3
21574,3
21575,2
21576,2
21577,2
21578,3
21579,3
21580,2
21581,2
21582,2
21583,2
21584,2
21585,2
21586,2
21587,2
21588,3
21589,3
21590,3
21591,2
21592,2
21593,3
21594,3
21595,2
21596,2
21597,2
21598,3
21599,2
21600,2
21601,2
21602,2
21603,3
21604,3
21605,2
21606,2
21607,2
21608,2
21609,2
21610,2
21611,2
21612,2
21613,2
21614,2
21615,2
21616,2
21617,2
21618,2
21619,2
21620,2
21621,2
21622,2
21623,2
21624,2
21625,2
21626,2
21627,2
21628,3
21629,2
21630,2
21631,2
21632,2
21633,2
21634,2
21635,2
21636,2
21637,2
21638,2
21639,3
21640,2
21641,2
21642,2
21643,2
21644,3
21645,3
21646,2
21647,2
21648,3
21649,3
21650,2
21651,2
21652,2
21653,2
21654,2
21655,2
21656,2
21657,2
21658,2
21659,2
21660,2
21661,2
21662,2
21663,2
21664,2
21665,2
21666,2
21667,2
21668,2
21669,2
21670,2
21671,2
21672,2
21673,2
21674,2
21675,2
21676,2
21677,2
21678,2
21679,2
21680,2
21681,2
21682,2
21683,2
21684,2
21685,2
21686,2
21687,2
21688,2
21689,2
21690,3
21691,2
21692,2
21693,2
21694,2
21695,2
21696,2
21697,2
21698,2
21699,2
21700,2
21701,2
21702,2
21703,2
21704,2
21705,2
21706,2
21707,2
21708,2
21709,3
21710,2
21711,2
21712,2
21713,2
21714,2
21715,2
21716,2
21717,2
21718,2
21719,2
21720,2
21721,2
21722,2
21723,2
21724,2
21725,2
21726,2
21727,2
21728,2
21729,2
21730,2
21731,2
21732,2
21733,2
21734,2
21735,3
21736,2
21737,2
21738,2
21739,2
21740,2
21741,2
21742,3
21743,3
21744,2
21745,2
21746,2
21747,2
21748,2
21749,2
21750,2
21751,2
21752,2
21753,2
21754,2
21755,2
21756,2
21757,2
21758,2
21759,2
21760,2
21761,3
21762,1
21763,3
21764,1
21765,3
21766,2
21767,2
21768,2
21769,2
21770,2
21771,2
21772,5
21773,2
21774,2
21775,3
21776,2
21777,2
21778,2
21779,2
21780,2
21781,2
21782,2
21783,2
21784,2
21785,2
21786,2
21787,2
21788,2
21789,2
21790,2
21791,2
21792,2
21793,2
21794,2
21795,2
21796,2
21797,2
21798,2
21799,2
21800,2
21801,2
21802,2
21803,2
21804,2
21805,2
21806,2
21807,2
21808,3
21809,2
21810,2
21811,2
21812,2
21813,2
21814,2
21815,3
21816,2
21817,3
21818,2
21819,2
21820,2
21821,2
21822,2
21823,2
21824,2
21825,2
21826,2
21827,2
21828,2
21829,2
21830,2
21831,2
21832,2
21833,3
21834,3
21835,3
21836,2
21837,2
21838,2
21839,2
21840,2
21841,2
21842,2
21843,2
21844,3
21845,2
21846,2
21847,2
21848,3
21849,2
21850,2
21851,3
21852,2
21853,2
21854,2
21855,2
21856,2
21857,2
21858,2
21859,2
21860,2
21861,2
21862,2
21863,2
21864,2
21865,2
21866,2
21867,2
21868,2
21869,2
21870,2
21871,3
21872,2
21873,2
21874,2
21875,2
21876,2
21877,3
21878,2
21879,2
21880,2
21881,2
21882,2
21883,2
21884,3
21885,2
21886,2
21887,2
21888,2
21889,2
21890,2
21891,2
21892,2
21893,2
21894,2
21895,2
21896,2
21897,2
21898,2
21899,2
21900,2
21901,2
21902,2
21903,2
21904,2
21905,2
21906,2
21907,2
21908,2
21909,2
21910,2
21911,2
21912,2
21913,2
21914,2
21915,3
21916,2
21917,3
21918,2
21919,2
21920,3
21921,3
21922,3
21923,3
21924,3
21925,3
21926,2
21927,2
21928,2
21929,3
21930,3
21931,2
21932,2
21933,2
21934,2
21935,3
21936,2
21937,2
21938,2
21939,2
21940,2
21941,2
21942,2
21943,2
21944,2
21945,2
21946,2
21947,2
21948,3
21949,2
21950,2
21951,2
21952,2
21953,2
21954,2
21955,2
21956,2
21957,2
21958,2
21959,2
21960,2
21961,2
21962,2
21963,3
21964,3
21965,3
21966,2
21967,2
21968,2
21969,2
21970,3
21971,2
21972,3
21973,3
21974,3
21975,2
21976,2
21977,1
21978,1
21979,3
21980,2
21981,2
21982,2
21983,2
21984,3
21985,3
21986,3
21987,3
21988,2
21989,2
21990,2
21991,2
21992,2
21993,2
21994,2
21995,2
21996,2
21997,2
21998,2
21999,2
22000,2
22001,2
22002,2
22003,2
22004,2
22005,3
22006,2
22007,2
22008,3
22009,3
22010,2
22011,3
22012,2
22013,2
22014,2
22015,2
22016,2
22017,3
22018,2
22019,2
22020,3
22021,2
22022,2
22023,2
22024,2
22025,2
22026,2
22027,2
22028,2
22029,2
22030,2
22031,2
22032,3
22033,2
22034,3
22035,3
22036,3
22037,3
22038,2
22039,3
22040,2
22041,2
22042,3
22043,2
22044,3
22045,3
22046,3
22047,3
22048,2
22049,3
22050,2
22051,2
22052,2
22053,2
22054,2
22055,2
22056,2
22057,2
22058,2
22059,3
22060,2
22061,2
22062,2
22063,2
22064,2
22065,2
22066,3
22067,3
22068,2
22069,2
22070,2
22071,2
22072,2
22073,2
22074,2
22075,2
22076,2
22077,2
22078,2
22079,2
22080,2
22081,2
22082,2
22083,2
22084,2
22085,2
22086,2
22087,2
22088,2
22089,2
22090,3
22091,2
22092,2
22093,2
22094,2
22095,2
22096,2
22097,2
22098,2
22099,2
22100,2
22101,2
22102,2
22103,2
22104,2
22105,2
22106,2
22107,2
22108,2
22109,2
22110,2
22111,2
22112,2
22113,2
22114,2
22115,2
22116,2
22117,2
22118,2
22119,2
22120,2
22121,2
22122,2
22123,2
22124,2
22125,3
22126,2
22127,2
22128,2
22129,2
22130,2
22131,2
22132,2
22133,2
22134,2
22135,2
22136,2
22137,2
22138,2
22139,2
22140,2
22141,2
22142,2
22143,2
22144,2
22145,2
22146,2
22147,2
22148,2
22149,2
22150,2
22151,2
22152,2
22153,2
22154,2
22155,2
22156,2
22157,2
22158,2
22159,2
22160,2
22161,2
22162,2
22163,2
22164,2
22165,2
22166,2
22167,2
22168,2
22169,2
22170,2
22171,2
22172,2
22173,2
22174,2
22175,2
22176,2
22177,2
22178,2
22179,2
22180,2
22181,2
22182,2
22183,2
22184,2
22185,2
22186,2
22187,2
22188,2
22189,2
22190,2
22191,2
22192,2
22193,2
22194,2
22195,2
22196,2
22197,2
22198,2
22199,2
22200,2
22201,2
22202,2
22203,2
22204,2
22205,2
22206,2
22207,2
22208,2
22209,2
22210,2
22211,2
22212,2
22213,2
22214,2
22215,2
22216,2
22217,2
22218,2
22219,2
22220,2
22221,2
22222,2
22223,2
22224,2
22225,2
22226,2
22227,2
22228,2
22229,2
22230,2
22231,2
22232,2
22233,2
22234,2
22235,2
22236,2
22237,2
22238,2
22239,3
22240,2
22241,2
22242,2
22243,2
22244,2
22245,2
22246,2
22247,2
22248,2
22249,2
22250,2
22251,3
22252,2
22253,2
22254,2
22255,2
22256,2
22257,2
22258,2
22259,2
22260,2
22261,2
22262,2
22263,2
22264,2
22265,2
22266,2
22267,2
22268,2
22269,2
22270,2
22271,2
22272,2
22273,2
22274,2
22275,2
22276,2
22277,2
22278,2
22279,2
22280,2
22281,2
22282,2
22283,2
22284,2
22285,2
22286,2
22287,2
22288,2
22289,2
22290,2
22291,2
22292,2
22293,2
22294,2
22295,2
22296,2
22297,2
22298,2
22299,2
22300,2
22301,2
22302,2
22303,2
22304,2
22305,2
22306,3
22307,2
22308,2
22309,2
22310,2
22311,2
22312,2
22313,2
22314,3
22315,2
22316,3
22317,2
22318,2
22319,2
22320,2
22321,2
22322,2
22323,2
22324,2
22325,2
22326,2
22327,2
22328,2
22329,2
22330,2
22331,2
22332,2
22333,2
22334,2
22335,2
22336,2
22337,2
22338,2
22339,2
22340,2
22341,2
22342,3
22343,2
22344,2
22345,2
22346,2
22347,2
22348,3
22349,2
22350,2
22351,2
22352,4
22353,2
22354,2
22355,2
22356,2
22357,2
22358,2
22359,2
22360,2
22361,2
22362,2
22363,2
22364,2
22365,2
22366,2
22367,2
22368,2
22369,2
22370,2
22371,2
22372,3
22373,2
22374,3
22375,3
22376,3
22377,3
22378,3
22379,3
22380,2
22381,2
22382,2
22383,2
22384,3
22385,3
22386,3
22387,2
22388,2
22389,2
22390,2
22391,3
22392,3
22393,2
22394,3
22395,2
22396,2
22397,3
22398,3
22399,2
22400,2
22401,2
22402,2
22403,2
22404,2
22405,2
22406,2
22407,2
22408,2
22409,3
22410,2
22411,3
22412,2
22413,2
22414,3
22415,2
22416,2
22417,3
22418,2
22419,2
22420,2
22421,2
22422,2
22423,2
22424,2
22425,2
22426,2
22427,2
22428,2
22429,2
22430,2
22431,2
22432,2
22433,2
22434,2
22435,2
22436,2
22437,2
22438,2
22439,2
22440,2
22441,2
22442,2
22443,2
22444,2
22445,2
22446,2
22447,2
22448,2
22449,2
22450,2
22451,2
22452,2
22453,3
22454,2
22455,2
22456,2
22457,2
22458,2
22459,2
22460,2
22461,2
22462,2
22463,2
22464,2
22465,2
22466,2
22467,2
22468,2
22469,2
22470,2
22471,2
22472,2
22473,2
22474,2
22475,2
22476,2
22477,2
22478,2
22479,2
22480,2
22481,2
22482,2
22483,2
22484,2
22485,2
22486,2
22487,2
22488,2
22489,2
22490,2
22491,3
22492,0
22493,0
22494,2
22495,3
22496,3
22497,3
22498,2
22499,2
22500,3
22501,3
22502,2
22503,2
22504,2
22505,2
22506,2
22507,2
22508,2
22509,3
22510,2
22511,3
22512,3
22513,3
22514,3
22515,3
22516,3
22517,3
22518,3
22519,2
22520,3
22521,3
22522,3
22523,3
22524,3
22525,2
22526,3
22527,3
22528,3
22529,3
22530,2
22531,3
22532,2
22533,3
22534,3
22535,3
22536,3
22537,3
22538,3
22539,3
22540,3
22541,2
22542,2
22543,3
22544,3
22545,3
22546,2
22547,2
22548,3
22549,3
22550,3
22551,3
22552,3
22553,3
22554,3
22555,3
22556,3
22557,3
22558,3
22559,3
22560,2
22561,3
22562,3
22563,3
22564,3
22565,3
22566,3
22567,2
22568,3
22569,3
22570,3
22571,3
22572,2
22573,3
22574,3
22575,3
22576,3
22577,3
22578,2
22579,3
22580,2
22581,3
22582,1
22583,3
22584,2
22585,3
22586,2
22587,3
22588,3
22589,1
22590,3
22591,3
22592,3
22593,3
22594,3
22595,3
22596,3
22597,2
22598,3
22599,3
22600,3
22601,3
22602,3
22603,3
22604,3
22605,3
22606,3
22607,3
22608,3
22609,2
22610,2
22611,2
22612,3
22613,3
22614,3
22615,3
22616,3
22617,3
22618,3
22619,3
22620,3
22621,3
22622,3
22623,3
22624,3
22625,2
22626,2
22627,3
22628,2
22629,3
22630,3
22631,1
22632,3
22633,3
22634,3
22635,3
22636,3
22637,3
22638,3
22639,1
22640,1
22641,3
22642,3
22643,3
22644,3
22645,3
22646,3
22647,3
22648,2
22649,3
22650,2
22651,3
22652,3
22653,3
22654,3
22655,3
22656,3
22657,2
22658,3
22659,3
22660,3
22661,2
22662,0
22663,3
22664,3
22665,2
22666,3
22667,3
22668,3
22669,2
22670,3
22671,2
22672,2
22673,3
22674,1
22675,3
22676,2
22677,3
22678,1
22679,1
22680,3
22681,3
22682,2
22683,3
22684,3
22685,3
22686,2
22687,3
22688,1
22689,3
22690,3
22691,3
22692,3
22693,3
22694,3
22695,2
22696,3
22697,3
22698,3
22699,3
22700,3
22701,1
22702,3
22703,3
22704,3
22705,3
22706,3
22707,3
22708,3
22709,1
22710,1
22711,3
22712,3
22713,2
22714,3
22715,2
22716,1
22717,2
22718,2
22719,2
22720,3
22721,3
22722,3
22723,3
22724,3
22725,3
22726,3
22727,3
22728,3
22729,2
22730,2
22731,3
22732,3
22733,3
22734,2
22735,3
22736,3
22737,3
22738,2
22739,3
22740,3
22741,3
22742,2
22743,3
22744,3
22745,3
22746,3
22747,1
22748,3
22749,3
22750,3
22751,3
22752,3
22753,3
22754,3
22755,3
22756,3
22757,2
22758,3
22759,3
22760,3
22761,3
22762,3
22763,3
22764,2
22765,2
22766,3
22767,2
22768,3
22769,3
22770,3
22771,3
22772,3
22773,2
22774,2
22775,3
22776,3
22777,3
22778,3
22779,1
22780,3
22781,3
22782,2
22783,3
22784,2
22785,3
22786,3
22787,3
22788,3
22789,3
22790,3
22791,3
22792,3
22793,2
22794,3
22795,2
22796,2
22797,3
22798,2
22799,3
22800,2
22801,3
22802,3
22803,2
22804,3
22805,3
22806,3
22807,3
22808,0
22809,0
22810,0
22811,0
22812,2
22813,3
22814,2
22815,3
22816,3
22817,3
22818,2
22819,2
22820,2
22821,3
22822,1
22823,3
22824,3
22825,0
22826,1
22827,0
22828,1
22829,3
22830,3
22831,3
22832,2
22833,3
22834,3
22835,3
22836,3
22837,3
22838,3
22839,3
22840,3
22841,3
22842,3
22843,2
22844,2
22845,3
22846,3
22847,3
22848,2
22849,3
22850,3
22851,3
22852,3
22853,3
22854,3
22855,3
22856,3
22857,3
22858,2
22859,3
22860,3
22861,3
22862,3
22863,3
22864,3
22865,3
22866,2
22867,3
22868,2
22869,2
22870,3
22871,2
22872,2
22873,3
22874,3
22875,3
22876,3
22877,1
22878,3
22879,2
22880,2
22881,2
22882,3
22883,1
22884,3
22885,3
22886,3
22887,3
22888,3
22889,3
22890,3
22891,3
22892,3
22893,3
22894,3
22895,3
22896,3
22897,3
22898,3
22899,3
22900,2
22901,3
22902,3
22903,3
22904,3
22905,3
22906,3
22907,3
22908,3
22909,1
22910,3
22911,3
22912,3
22913,3
22914,3
22915,3
22916,3
22917,3
22918,3
22919,3
22920,2
22921,3
22922,3
22923,2
22924,3
22925,3
22926,3
22927,3
22928,3
22929,3
22930,3
22931,3
22932,3
22933,3
22934,3
22935,2
22936,3
22937,3
22938,3
22939,3
22940,3
22941,3
22942,3
22943,3
22944,2
22945,3
22946,3
22947,3
22948,3
22949,3
22950,3
22951,3
22952,3
22953,3
22954,2
22955,2
22956,2
22957,3
22958,3
22959,3
22960,2
22961,3
22962,3
22963,3
22964,2
22965,0
22966,3
22967,3
22968,3
22969,3
22970,3
22971,3
22972,2
22973,3
22974,3
22975,3
22976,2
22977,1
22978,3
22979,3
22980,3
22981,2
22982,3
22983,3
22984,3
22985,3
22986,3
22987,3
22988,3
22989,3
22990,3
22991,3
22992,3
22993,3
22994,3
22995,3
22996,2
22997,0
22998,0
22999,2
23000,2
23001,2
23002,3
23003,1
23004,3
23005,3
23006,3
23007,3
23008,1
23009,3
23010,3
23011,3
23012,3
23013,3
23014,3
23015,3
23016,1
23017,2
23018,3
23019,2
23020,3
23021,3
23022,3
23023,1
23024,1
23025,3
23026,3
23027,3
23028,3
23029,3
23030,3
23031,3
23032,3
23033,3
23034,3
23035,3
23036,3
23037,3
23038,3
23039,3
23040,3
23041,3
23042,3
23043,3
23044,3
23045,3
23046,3
23047,3
23048,3
23049,3
23050,2
23051,3
23052,2
23053,3
23054,2
23055,3
23056,3
23057,3
23058,3
23059,3
23060,3
23061,3
23062,3
23063,3
23064,3
23065,3
23066,3
23067,3
23068,3
23069,3
23070,3
23071,3
23072,3
23073,3
23074,3
23075,3
23076,3
23077,0
23078,3
23079,3
23080,3
23081,1
23082,1
23083,3
23084,3
23085,2
23086,2
23087,2
23088,1
23089,3
23090,3
23091,3
23092,0
23093,2
23094,3
23095,2
23096,3
23097,3
23098,3
23099,3
23100,3
23101,3
23102,3
23103,3
23104,3
23105,3
23106,3
23107,2
23108,2
23109,2
23110,3
23111,3
23112,3
23113,3
23114,3
23115,2
23116,2
23117,3
23118,3
23119,3
23120,3
23121,3
23122,3
23123,3
23124,3
23125,1
23126,2
23127,3
23128,1
23129,3
23130,1
23131,3
23132,0
23133,1
23134,3
23135,3
23136,3
23137,2
23138,3
23139,3
23140,3
23141,2
23142,3
23143,3
23144,3
23145,3
23146,3
23147,3
23148,3
23149,3
23150,3
23151,3
23152,2
23153,2
23154,3
23155,3
23156,3
23157,3
23158,3
23159,1
23160,3
23161,3
23162,3
23163,0
23164,3
23165,1
23166,1
23167,3
23168,3
23169,3
23170,3
23171,3
23172,2
23173,3
23174,3
23175,3
23176,3
23177,3
23178,2
23179,2
23180,2
23181,3
23182,3
23183,3
23184,3
23185,3
23186,3
23187,3
23188,3
23189,3
23190,3
23191,1
23192,3
23193,1
23194,3
23195,1
23196,1
23197,3
23198,3
23199,3
23200,3
23201,3
23202,3
23203,3
23204,3
23205,3
23206,3
23207,3
23208,3
23209,2
23210,3
23211,3
23212,3
23213,2
23214,1
23215,3
23216,1
23217,2
23218,3
23219,3
23220,1
23221,3
23222,3
23223,3
23224,3
23225,3
23226,3
23227,3
23228,3
23229,3
23230,3
23231,3
23232,3
23233,2
23234,2
23235,0
23236,1
23237,3
23238,2
23239,3
23240,3
23241,3
23242,3
23243,3
23244,3
23245,3
23246,3
23247,3
23248,2
23249,1
23250,2
23251,1
23252,2
23253,2
23254,3
23255,3
23256,3
23257,3
23258,3
23259,3
23260,3
23261,3
23262,2
23263,2
23264,3
23265,3
23266,3
23267,3
23268,2
23269,3
23270,3
23271,3
23272,2
23273,2
23274,3
23275,3
23276,3
23277,3
23278,3
23279,3
23280,1
23281,3
23282,3
23283,3
23284,2
23285,3
23286,2
23287,2
23288,3
23289,3
23290,2
23291,3
23292,2
23293,2
23294,2
23295,3
23296,2
23297,3
23298,3
23299,1
23300,2
23301,2
23302,3
23303,3
23304,3
23305,3
23306,3
23307,2
23308,3
23309,3
23310,2
23311,3
23312,2
23313,3
23314,2
23315,2
23316,2
23317,3
23318,0
23319,0
23320,3
23321,3
23322,1
23323,1
23324,2
23325,3
23326,3
23327,3
23328,3
23329,2
23330,3
23331,3
23332,2
23333,2
23334,3
23335,2
23336,2
23337,2
23338,3
23339,3
23340,2
23341,2
23342,3
23343,3
23344,3
23345,2
23346,3
23347,3
23348,2
23349,3
23350,3
23351,3
23352,2
23353,3
23354,3
23355,0
23356,3
23357,2
23358,3
23359,3
23360,3
23361,3
23362,2
23363,2
23364,2
23365,3
23366,3
23367,3
23368,2
23369,2
23370,2
23371,2
23372,2
23373,3
23374,2
23375,2
23376,2
23377,2
23378,2
23379,3
23380,3
23381,2
23382,3
23383,3
23384,3
23385,1
23386,3
23387,3
23388,3
23389,3
23390,2
23391,3
23392,3
23393,3
23394,3
23395,3
23396,2
23397,3
23398,2
23399,3
23400,3
23401,3
23402,3
23403,2
23404,2
23405,2
23406,2
23407,3
23408,3
23409,2
23410,2
23411,3
23412,2
23413,1
23414,3
23415,3
23416,3
23417,1
23418,2
23419,3
23420,3
23421,3
23422,2
23423,1
23424,3
23425,3
23426,3
23427,2
23428,2
23429,1
23430,2
23431,3
23432,3
23433,3
23434,3
23435,3
23436,3
23437,3
23438,3
23439,1
23440,2
23441,1
23442,0
23443,2
23444,2
23445,3
23446,3
23447,3
23448,3
23449,0
23450,0
23451,0
23452,3
23453,3
23454,3
23455,3
23456,2
23457,3
23458,3
23459,3
23460,2
23461,3
23462,2
23463,3
23464,2
23465,2
23466,2
23467,2
23468,3
23469,2
23470,2
23471,2
23472,2
23473,2
23474,3
23475,2
23476,3
23477,3
23478,3
23479,2
23480,3
23481,2
23482,2
23483,2
23484,1
23485,2
23486,3
23487,3
23488,3
23489,3
23490,3
23491,3
23492,3
23493,3
23494,3
23495,3
23496,2
23497,3
23498,3
23499,3
23500,3
23501,2
23502,3
23503,2
23504,3
23505,2
23506,3
23507,2
23508,3
23509,2
23510,2
23511,0
23512,1
23513,3
23514,0
23515,0
23516,0
23517,0
23518,0
23519,2
23520,2
23521,2
23522,2
23523,1
23524,3
23525,3
23526,3
23527,1
23528,2
23529,0
23530,3
23531,0
23532,3
23533,3
23534,3
23535,3
23536,3
23537,3
23538,3
23539,3
23540,2
23541,3
23542,3
23543,2
23544,3
23545,3
23546,3
23547,2
23548,1
23549,1
23550,2
23551,3
23552,1
23553,1
23554,3
23555,1
23556,2
23557,1
23558,2
23559,2
23560,3
23561,3
23562,2
23563,3
23564,3
23565,3
23566,2
23567,3
23568,3
23569,3
23570,3
23571,3
23572,2
23573,2
23574,3
23575,2
23576,3
23577,3
23578,3
23579,0
23580,0
23581,3
23582,3
23583,3
23584,3
23585,1
23586,3
23587,3
23588,1
23589,0
23590,2
23591,3
23592,3
23593,2
23594,3
23595,3
23596,3
23597,3
23598,3
23599,3
23600,1
23601,3
23602,3
23603,3
23604,1
23605,2
23606,3
23607,2
23608,2
23609,1
23610,3
23611,3
23612,3
23613,2
23614,3
23615,3
23616,3
23617,3
23618,3
23619,3
23620,3
23621,3
23622,3
23623,3
23624,0
23625,3
23626,3
23627,3
23628,3
23629,3
23630,3
23631,3
23632,3
23633,3
23634,3
23635,3
23636,3
23637,2
23638,3
23639,3
23640,2
23641,3
23642,2
23643,3
23644,3
23645,3
23646,2
23647,2
23648,3
23649,3
23650,3
23651,1
23652,3
23653,3
23654,3
23655,3
23656,3
23657,3
23658,1
23659,1
23660,1
23661,1
23662,1
23663,1
23664,1
23665,2
23666,2
23667,1
23668,2
23669,2
23670,1
23671,1
23672,1
23673,1
23674,1
23675,1
23676,1
23677,1
23678,1
23679,1
23680,3
23681,1
23682,2
23683,1
23684,1
23685,1
23686,1
23687,1
23688,1
23689,1
23690,1
23691,1
23692,1
23693,1
23694,1
23695,2
23696,1
23697,1
23698,1
23699,1
23700,2
23701,1
23702,2
23703,2
23704,2
23705,2
23706,2
23707,2
23708,3
23709,3
23710,3
23711,2
23712,2
23713,3
23714,3
23715,3
23716,3
23717,2
23718,2
23719,2
23720,3
23721,3
23722,3
23723,2
23724,2
23725,2
23726,3
23727,3
23728,0
23729,3
23730,3
23731,3
23732,3
23733,3
23734,3
23735,3
23736,2
23737,3
23738,2
23739,1
23740,3
23741,2
23742,2
23743,2
23744,2
23745,2
23746,2
23747,2
23748,2
23749,2
23750,3
23751,2
23752,2
23753,2
23754,3
23755,3
23756,2
23757,3
23758,2
23759,2
23760,2
23761,2
23762,2
23763,2
23764,2
23765,1
23766,1
23767,1
23768,1
23769,3
23770,1
23771,3
23772,2
23773,2
23774,2
23775,2
23776,3
23777,2
23778,3
23779,3
23780,3
23781,3
23782,3
23783,3
23784,3
23785,1
23786,3
23787,2
23788,3
23789,2
23790,2
23791,2
23792,3
23793,0
23794,3
23795,0
23796,2
23797,2
23798,2
23799,2
23800,2
23801,2
23802,2
23803,3
23804,3
23805,2
23806,2
23807,2
23808,2
23809,2
23810,2
23811,3
23812,2
23813,2
23814,2
23815,2
23816,3
23817,3
23818,3
23819,2
23820,2
23821,3
23822,2
23823,3
23824,3
23825,2
23826,0
23827,2
23828,2
23829,2
23830,2
23831,2
23832,3
23833,3
23834,2
23835,3
23836,2
23837,2
23838,2
23839,3
23840,3
23841,2
23842,2
23843,2
23844,3
23845,3
23846,2
23847,2
23848,2
23849,2
23850,2
23851,2
23852,2
23853,2
23854,2
23855,2
23856,2
23857,2
23858,2
23859,2
23860,2
23861,1
23862,2
23863,2
23864,2
23865,2
23866,2
23867,2
23868,2
23869,3
23870,2
23871,2
23872,2
23873,2
23874,2
23875,2
23876,2
23877,2
23878,2
23879,2
23880,2
23881,2
23882,2
23883,2
23884,2
23885,2
23886,2
23887,1
23888,3
23889,2
23890,2
23891,2
23892,2
23893,2
23894,2
23895,2
23896,3
23897,2
23898,2
23899,2
23900,3
23901,2
23902,3
23903,2
23904,2
23905,2
23906,2
23907,2
23908,2
23909,2
23910,3
23911,2
23912,2
23913,3
23914,2
23915,2
23916,2
23917,2
23918,2
23919,3
23920,3
23921,2
23922,2
23923,3
23924,2
23925,2
23926,3
23927,3
23928,3
23929,2
23930,3
23931,3
23932,1
23933,2
23934,3
23935,3
23936,2
23937,2
23938,2
23939,1
23940,2
23941,3
23942,2
23943,2
23944,3
23945,3
23946,2
23947,2
23948,2
23949,3
23950,3
23951,1
23952,2
23953,2
23954,2
23955,2
23956,2
23957,2
23958,2
23959,1
23960,1
23961,1
23962,2
23963,1
23964,2
23965,2
23966,3
23967,1
23968,2
23969,2
23970,1
23971,1
23972,1
23973,1
23974,1
23975,1
23976,1
23977,1
23978,1
23979,2
23980,1
23981,2
23982,2
23983,2
23984,3
23985,2
23986,2
23987,2
23988,2
23989,2
23990,0
23991,2
23992,0
23993,2
23994,2
23995,2
23996,1
23997,3
23998,3
23999,3
24000,2
24001,2
24002,1
24003,3
24004,3
24005,2
24006,2
24007,2
24008,3
24009,2
24010,2
24011,2
24012,3
24013,3
24014,3
24015,3
24016,3
24017,3
24018,2
24019,2
24020,3
24021,3
24022,2
24023,3
24024,3
24025,3
24026,3
24027,2
24028,3
24029,3
24030,3
24031,2
24032,3
24033,2
24034,2
24035,2
24036,2
24037,3
24038,2
24039,3
24040,3
24041,2
24042,0
24043,2
24044,2
24045,2
24046,2
24047,3
24048,3
24049,2
24050,2
24051,3
24052,3
24053,3
24054,3
24055,2
24056,2
24057,2
24058,2
24059,2
24060,3
24061,2
24062,2
24063,2
24064,2
24065,2
24066,2
24067,2
24068,2
24069,2
24070,2
24071,2
24072,1
24073,2
24074,2
24075,2
24076,2
24077,2
24078,1
24079,1
24080,2
24081,2
24082,2
24083,2
24084,2
24085,2
24086,1
24087,1
24088,3
24089,2
24090,2
24091,2
24092,2
24093,3
24094,3
24095,1
24096,3
24097,3
24098,3
24099,2
24100,3
24101,2
24102,3
24103,2
24104,3
24105,1
24106,1
24107,1
24108,3
24109,2
24110,2
24111,2
24112,2
24113,3
24114,2
24115,2
24116,3
24117,1
24118,1
24119,1
24120,2
24121,2
24122,2
24123,2
24124,1
24125,3
24126,2
24127,2
24128,2
24129,2
24130,3
24131,2
24132,2
24133,3
24134,2
24135,3
24136,3
24137,3
24138,2
24139,2
24140,3
24141,2
24142,1
24143,2
24144,2
24145,2
24146,2
24147,2
24148,2
24149,2
24150,2
24151,2
24152,2
24153,2
24154,2
24155,2
24156,2
24157,2
24158,2
24159,2
24160,2
24161,2
24162,2
24163,2
24164,2
24165,2
24166,2
24167,2
24168,2
24169,2
24170,2
24171,2
24172,2
24173,2
24174,2
24175,3
24176,3
24177,3
24178,3
24179,3
24180,2
24181,2
24182,3
24183,2
24184,2
24185,2
24186,2
24187,3
24188,3
24189,1
24190,3
24191,3
24192,3
24193,1
24194,1
24195,1
24196,2
24197,2
24198,3
24199,3
24200,1
24201,2
24202,2
24203,2
24204,2
24205,2
24206,2
24207,2
24208,2
24209,2
24210,2
24211,2
24212,2
24213,3
24214,2
24215,2
24216,1
24217,2
24218,2
24219,2
24220,2
24221,2
24222,2
24223,2
24224,1
24225,1
24226,1
24227,4
24228,1
24229,3
24230,3
24231,3
24232,3
24233,3
24234,3
24235,3
24236,3
24237,2
24238,3
24239,3
24240,3
24241,1
24242,1
24243,1
24244,3
24245,3
24246,2
24247,3
24248,3
24249,2
24250,2
24251,2
24252,2
24253,2
24254,2
24255,2
24256,2
24257,2
24258,3
24259,2
24260,3
24261,3
24262,2
24263,3
24264,2
24265,2
24266,2
24267,2
24268,3
24269,2
24270,2
24271,2
24272,2
24273,2
24274,2
24275,3
24276,2
24277,3
24278,1
24279,2
24280,3
24281,3
24282,3
24283,3
24284,3
24285,0
24286,2
24287,2
24288,2
24289,2
24290,3
24291,2
24292,2
24293,2
24294,3
24295,2
24296,2
24297,2
24298,2
24299,2
24300,3
24301,1
24302,2
24303,2
24304,2
24305,0
24306,1
24307,1
24308,1
24309,1
24310,1
24311,1
24312,1
24313,1
24314,2
24315,2
24316,3
24317,2
24318,3
24319,3
24320,0
24321,2
24322,2
24323,2
24324,3
24325,2
24326,3
24327,3
24328,2
24329,1
24330,3
24331,1
24332,2
24333,2
24334,2
24335,1
24336,2
24337,2
24338,1
24339,2
24340,1
24341,0
24342,2
24343,2
24344,2
24345,1
24346,1
24347,1
24348,1
24349,1
24350,1
24351,1
24352,1
24353,1
24354,1
24355,0
24356,2
24357,2
24358,2
24359,2
24360,2
24361,2
24362,2
24363,2
24364,2
24365,2
24366,3
24367,1
24368,3
24369,3
24370,1
24371,3
24372,1
24373,2
24374,3
24375,3
24376,3
24377,2
24378,2
24379,3
24380,3
24381,2
24382,3
24383,3
24384,1
24385,2
24386,2
24387,2
24388,2
24389,2
24390,2
24391,2
24392,0
24393,3
24394,3
24395,2
24396,2
24397,2
24398,2
24399,2
24400,2
24401,2
24402,2
24403,2
24404,2
24405,2
24406,2
24407,2
24408,2
24409,2
24410,2
24411,2
24412,2
24413,2
24414,3
24415,3
24416,2
24417,2
24418,2
24419,2
24420,2
24421,1
24422,1
24423,3
24424,2
24425,3
24426,2
24427,2
24428,2
24429,2
24430,1
24431,2
24432,2
24433,2
24434,2
24435,2
24436,3
24437,2
24438,2
24439,3
24440,0
24441,2
24442,3
24443,3
24444,3
24445,1
24446,3
24447,1
24448,2
24449,2
24450,3
24451,1
24452,2
24453,2
24454,2
24455,2
24456,2
24457,2
24458,2
24459,2
24460,2
24461,2
24462,2
24463,1
24464,1
24465,3
24466,3
24467,2
24468,2
24469,2
24470,3
24471,2
24472,2
24473,2
24474,3
24475,3
24476,2
24477,3
24478,2
24479,2
24480,3
24481,2
24482,3
24483,3
24484,3
24485,2
24486,1
24487,3
24488,2
24489,2
24490,1
24491,1
24492,2
24493,2
24494,3
24495,1
24496,2
24497,3
24498,2
24499,3
24500,3
24501,3
24502,2
24503,3
24504,1
24505,3
24506,3
24507,3
24508,2
24509,3
24510,2
24511,1
24512,2
24513,3
24514,1
24515,3
24516,1
24517,3
24518,3
24519,2
24520,2
24521,1
24522,2
24523,1
24524,3
24525,3
24526,3
24527,3
24528,1
24529,2
24530,2
24531,2
24532,2
24533,2
24534,2
24535,3
24536,3
24537,1
24538,3
24539,2
24540,2
24541,2
24542,2
24543,2
24544,1
24545,2
24546,2
24547,2
24548,2
24549,3
24550,2
24551,1
24552,1
24553,3
24554,2
24555,2
24556,2
24557,3
24558,2
24559,2
24560,2
24561,2
24562,3
24563,2
24564,2
24565,2
24566,2
24567,2
24568,2
24569,2
24570,3
24571,2
24572,2
24573,2
24574,2
24575,2
24576,2
24577,3
24578,2
24579,2
24580,1
24581,2
24582,2
24583,2
24584,2
24585,2
24586,3
24587,3
24588,1
24589,1
24590,3
24591,3
24592,2
24593,2
24594,3
24595,2
24596,2
24597,3
24598,2
24599,3
24600,3
24601,3
24602,2
24603,2
24604,2
24605,2
24606,3
24607,2
24608,1
24609,1
24610,2
24611,2
24612,2
24613,2
24614,2
24615,2
24616,3
24617,2
24618,2
24619,3
24620,0
24621,0
24622,0
24623,2
24624,2
24625,3
24626,1
24627,1
24628,1
24629,1
24630,2
24631,2
24632,3
24633,3
24634,2
24635,2
24636,3
24637,3
24638,1
24639,1
24640,1
24641,1
24642,2
24643,2
24644,3
24645,2
24646,2
24647,2
24648,2
24649,3
24650,2
24651,3
24652,3
24653,2
24654,2
24655,3
24656,3
24657,2
24658,2
24659,3
24660,2
24661,3
24662,3
24663,3
24664,3
24665,2
24666,3
24667,3
24668,3
24669,3
24670,3
24671,2
24672,3
24673,3
24674,2
24675,3
24676,3
24677,2
24678,2
24679,2
24680,3
24681,3
24682,2
24683,3
24684,3
24685,3
24686,2
24687,2
24688,4
24689,2
24690,3
24691,3
24692,2
24693,2
24694,3
24695,2
24696,3
24697,3
24698,2
24699,2
24700,2
24701,2
24702,2
24703,2
24704,3
24705,2
24706,3
24707,3
24708,2
24709,2
24710,2
24711,2
24712,2
24713,2
24714,2
24715,3
24716,2
24717,0
24718,2
24719,2
24720,2
24721,2
24722,3
24723,2
24724,1
24725,1
24726,1
24727,3
24728,2
24729,2
24730,2
24731,2
24732,2
24733,2
24734,2
24735,3
24736,2
24737,3
24738,2
24739,2
24740,2
24741,2
24742,2
24743,2
24744,2
24745,2
24746,2
24747,2
24748,2
24749,2
24750,3
24751,2
24752,2
24753,2
24754,2
24755,2
24756,2
24757,2
24758,2
24759,2
24760,2
24761,2
24762,2
24763,2
24764,2
24765,2
24766,2
24767,2
24768,2
24769,2
24770,2
24771,2
24772,2
24773,2
24774,2
24775,2
24776,2
24777,2
24778,2
24779,2
24780,2
24781,2
24782,2
24783,2
24784,2
24785,2
24786,2
24787,2
24788,2
24789,2
24790,2
24791,2
24792,2
24793,2
24794,2
24795,2
24796,2
24797,2
24798,2
24799,2
24800,2
24801,2
24802,2
24803,2
24804,2
24805,2
24806,2
24807,2
24808,2
24809,2
24810,2
24811,2
24812,2
24813,2
24814,2
24815,2
24816,2
24817,2
24818,2
24819,2
24820,3
24821,2
24822,3
24823,2
24824,2
24825,3
24826,0
24827,3
24828,3
24829,3
24830,2
24831,2
24832,2
24833,3
24834,3
24835,3
24836,2
24837,2
24838,2
24839,2
24840,2
24841,3
24842,2
24843,2
24844,2
24845,3
24846,2
24847,3
24848,1
24849,3
24850,3
24851,1
24852,3
24853,3
24854,3
24855,3
24856,3
24857,2
24858,2
24859,3
24860,2
24861,2
24862,2
24863,2
24864,2
24865,2
24866,3
24867,2
24868,3
24869,2
24870,0
24871,2
24872,2
24873,3
24874,2
24875,2
24876,3
24877,3
24878,2
24879,2
24880,2
24881,3
24882,2
24883,2
24884,2
24885,2
24886,2
24887,2
24888,2
24889,2
24890,3
24891,3
24892,2
24893,2
24894,2
24895,3
24896,3
24897,2
24898,2
24899,2
24900,2
24901,2
24902,2
24903,2
24904,2
24905,2
24906,2
24907,0
24908,3
24909,2
24910,2
24911,2
24912,2
24913,2
24914,2
24915,2
24916,3
24917,2
24918,2
24919,2
24920,2
24921,3
24922,3
24923,3
24924,0
24925,2
24926,3
24927,2
24928,3
24929,0
24930,0
24931,3
24932,2
24933,3
24934,1
24935,3
24936,3
24937,2
24938,3
24939,3
24940,3
24941,2
24942,3
24943,3
24944,2
24945,3
24946,3
24947,3
24948,3
24949,3
24950,3
24951,3
24952,3
24953,3
24954,3
24955,3
24956,3
24957,3
24958,3
24959,3
24960,3
24961,3
24962,3
24963,3
24964,3
24965,3
24966,3
24967,3
24968,3
24969,2
24970,3
24971,3
24972,2
24973,3
24974,3
24975,3
24976,2
24977,3
24978,3
24979,3
24980,3
24981,3
24982,3
24983,3
24984,3
24985,3
24986,3
24987,3
24988,3
24989,2
24990,2
24991,3
24992,3
24993,3
24994,3
24995,2
24996,3
24997,2
24998,3
24999,2
25000,2
25001,3
25002,3
25003,2
25004,3
25005,3
25006,2
25007,2
25008,3
25009,3
25010,2
25011,2
25012,3
25013,3
25014,3
25015,3
25016,3
25017,2
25018,3
25019,2
25020,3
25021,3
25022,2
25023,3
25024,2
25025,3
25026,3
25027,3
25028,2
25029,2
25030,2
25031,2
25032,2
25033,3
25034,3
25035,2
25036,3
25037,2
25038,3
25039,3
25040,3
25041,2
25042,3
25043,3
25044,2
25045,2
25046,3
25047,3
25048,3
25049,1
25050,3
25051,3
25052,3
25053,2
25054,3
25055,3
25056,3
25057,2
25058,3
25059,2
25060,3
25061,2
25062,3
25063,2
25064,3
25065,3
25066,3
25067,3
25068,2
25069,3
25070,2
25071,2
25072,2
25073,2
25074,3
25075,3
25076,3
25077,3
25078,3
25079,2
25080,3
25081,3
25082,3
25083,2
25084,2
25085,2
25086,3
25087,3
25088,3
25089,2
25090,3
25091,3
25092,2
25093,3
25094,3
25095,2
25096,2
25097,3
25098,2
25099,2
25100,2
25101,3
25102,2
25103,2
25104,2
25105,2
25106,3
25107,0
25108,2
25109,3
25110,2
25111,3
25112,3
25113,3
25114,3
25115,2
25116,2
25117,2
25118,2
25119,3
25120,3
25121,3
25122,2
25123,3
25124,3
25125,3
25126,3
25127,2
25128,3
25129,3
25130,2
25131,3
25132,3
25133,3
25134,3
25135,3
25136,3
25137,3
25138,3
25139,3
25140,2
25141,2
25142,3
25143,3
25144,3
25145,3
25146,2
25147,3
25148,3
25149,3
25150,3
25151,3
25152,3
25153,3
25154,2
25155,3
25156,2
25157,3
25158,3
25159,3
25160,3
25161,3
25162,3
25163,3
25164,2
25165,3
25166,3
25167,3
25168,3
25169,3
25170,2
25171,2
25172,3
25173,3
25174,3
25175,3
25176,3
25177,3
25178,3
25179,3
25180,3
25181,3
25182,3
25183,3
25184,2
25185,3
25186,3
25187,3
25188,2
25189,3
25190,3
25191,2
25192,3
25193,3
25194,3
25195,2
25196,2
25197,3
25198,3
25199,3
25200,3
25201,0
25202,3
25203,3
25204,3
25205,2
25206,3
25207,3
25208,2
25209,0
25210,3
25211,3
25212,2
25213,3
25214,3
25215,3
25216,3
25217,3
25218,3
25219,3
25220,3
25221,0
25222,3
25223,3
25224,3
25225,3
25226,3
25227,3
25228,3
25229,3
25230,3
25231,2
25232,3
25233,3
25234,3
25235,3
25236,3
25237,3
25238,3
25239,3
25240,3
25241,3
25242,3
25243,3
25244,3
25245,3
25246,3
25247,3
25248,3
25249,3
25250,3
25251,3
25252,3
25253,3
25254,3
25255,3
25256,3
25257,3
25258,3
25259,3
25260,2
25261,3
25262,3
25263,3
25264,3
25265,3
25266,3
25267,2
25268,3
25269,3
25270,3
25271,3
25272,3
25273,3
25274,3
25275,2
25276,3
25277,3
25278,3
25279,3
25280,3
25281,3
25282,3
25283,3
25284,3
25285,3
25286,3
25287,3
25288,3
25289,2
25290,3
25291,2
25292,3
25293,3
25294,3
25295,3
25296,3
25297,3
25298,3
25299,2
25300,3
25301,3
25302,3
25303,3
25304,3
25305,3
25306,3
25307,3
25308,3
25309,3
25310,3
25311,3
25312,3
25313,3
25314,3
25315,3
25316,3
25317,3
25318,3
25319,3
25320,3
25321,3
25322,3
25323,3
25324,3
25325,3
25326,3
25327,2
25328,3
25329,3
25330,3
25331,3
25332,3
25333,3
25334,3
25335,3
25336,2
25337,3
25338,3
25339,3
25340,3
25341,3
25342,3
25343,3
25344,3
25345,3
25346,3
25347,3
25348,3
25349,3
25350,3
25351,3
25352,3
25353,3
25354,3
25355,3
25356,3
25357,3
25358,3
25359,3
25360,3
25361,3
25362,3
25363,3
25364,3
25365,3
25366,3
25367,3
25368,3
25369,3
25370,2
25371,3
25372,3
25373,3
25374,3
25375,3
25376,3
25377,3
25378,3
25379,3
25380,3
25381,3
25382,3
25383,3
25384,3
25385,3
25386,3
25387,3
25388,3
25389,3
25390,3
25391,3
25392,3
25393,3
25394,3
25395,2
25396,3
25397,3
25398,3
25399,3
25400,3
25401,3
25402,3
25403,3
25404,3
25405,3
25406,2
25407,3
25408,3
25409,3
25410,3
25411,3
25412,3
25413,3
25414,3
25415,3
25416,2
25417,3
25418,3
25419,3
25420,2
25421,3
25422,3
25423,3
25424,3
25425,1
25426,3
25427,3
25428,3
25429,3
25430,3
25431,2
25432,2
25433,3
25434,2
25435,3
25436,2
25437,2
25438,2
25439,2
25440,3
25441,3
25442,3
25443,3
25444,3
25445,3
25446,3
25447,3
25448,3
25449,3
25450,3
25451,3
25452,3
25453,3
25454,3
25455,3
25456,3
25457,3
25458,3
25459,3
25460,3
25461,3
25462,3
25463,3
25464,2
25465,3
25466,3
25467,3
25468,3
25469,3
25470,1
25471,3
25472,3
25473,3
25474,3
25475,3
25476,3
25477,3
25478,3
25479,3
25480,2
25481,3
25482,3
25483,2
25484,3
25485,2
25486,3
25487,0
25488,2
25489,2
25490,3
25491,3
25492,3
25493,3
25494,3
25495,3
25496,3
25497,3
25498,3
25499,3
25500,3
25501,3
25502,3
25503,3
25504,3
25505,2
25506,3
25507,3
25508,3
25509,2
25510,3
25511,3
25512,3
25513,3
25514,2
25515,3
25516,3
25517,3
25518,3
25519,3
25520,3
25521,2
25522,3
25523,3
25524,3
25525,3
25526,3
25527,3
25528,3
25529,3
25530,3
25531,3
25532,3
25533,3
25534,3
25535,3
25536,3
25537,3
25538,3
25539,3
25540,3
25541,3
25542,3
25543,3
25544,3
25545,3
25546,3
25547,3
25548,3
25549,3
25550,3
25551,3
25552,3
25553,3
25554,3
25555,2
25556,0
25557,2
25558,3
25559,3
25560,3
25561,3
25562,3
25563,3
25564,3
25565,3
25566,3
25567,3
25568,3
25569,3
25570,3
25571,3
25572,3
25573,3
25574,3
25575,3
25576,3
25577,3
25578,2
25579,3
25580,2
25581,2
25582,3
25583,3
25584,3
25585,3
25586,3
25587,3
25588,3
25589,0
25590,3
25591,3
25592,0
25593,0
25594,2
25595,3
25596,3
25597,3
25598,3
25599,3
25600,3
25601,3
25602,2
25603,2
25604,3
25605,3
25606,3
25607,2
25608,3
25609,3
25610,3
25611,3
25612,3
25613,3
25614,2
25615,2
25616,2
25617,2
25618,2
25619,2
25620,2
25621,2
25622,2
25623,2
25624,2
25625,2
25626,2
25627,2
25628,2
25629,2
25630,2
25631,2
25632,2
25633,2
25634,2
25635,2
25636,2
25637,2
25638,2
25639,2
25640,2
25641,2
25642,2
25643,2
25644,2
25645,2
25646,2
25647,2
25648,2
25649,2
25650,2
25651,2
25652,2
25653,2
25654,2
25655,2
25656,2
25657,2
25658,2
25659,2
25660,2
25661,2
25662,2
25663,2
25664,2
25665,2
25666,2
25667,2
25668,2
25669,2
25670,2
25671,2
25672,2
25673,2
25674,2
25675,2
25676,2
25677,2
25678,2
25679,2
25680,2
25681,2
25682,2
25683,2
25684,2
25685,2
25686,2
25687,2
25688,2
25689,2
25690,2
25691,2
25692,2
25693,2
25694,2
25695,2
25696,2
25697,2
25698,2
25699,2
25700,2
25701,2
25702,2
25703,2
25704,2
25705,2
25706,2
25707,2
25708,2
25709,2
25710,2
25711,2
25712,2
25713,2
25714,2
25715,2
25716,2
25717,2
25718,2
25719,2
25720,2
25721,2
25722,2
25723,2
25724,2
25725,2
25726,2
25727,2
25728,2
25729,2
25730,2
25731,2
25732,2
25733,2
25734,2
25735,2
25736,2
25737,2
25738,2
25739,2
25740,2
25741,2
25742,2
25743,2
25744,2
25745,2
25746,2
25747,2
25748,2
25749,2
25750,2
25751,2
25752,2
25753,2
25754,2
25755,2
25756,2
25757,2
25758,2
25759,2
25760,2
25761,2
25762,2
25763,2
25764,2
25765,2
25766,2
25767,2
25768,2
25769,2
25770,2
25771,2
25772,2
25773,2
25774,2
25775,2
25776,2
25777,2
25778,2
25779,2
25780,2
25781,2
25782,2
25783,2
25784,2
25785,2
25786,2
25787,2
25788,2
25789,2
25790,2
25791,2
25792,2
25793,2
25794,2
25795,2
25796,2
25797,2
25798,2
25799,2
25800,2
25801,2
25802,2
25803,2
25804,2
25805,2
25806,2
25807,3
25808,3
25809,3
25810,2
25811,3
25812,3
25813,3
25814,3
25815,2
25816,2
25817,2
25818,2
25819,2
25820,2
25821,2
25822,2
25823,2
25824,3
25825,2
25826,3
25827,2
25828,2
25829,2
25830,2
25831,2
25832,2
25833,3
25834,2
25835,3
25836,2
25837,2
25838,2
25839,2
25840,3
25841,2
25842,3
25843,3
25844,3
25845,2
25846,3
25847,3
25848,3
25849,2
25850,2
25851,2
25852,3
25853,3
25854,2
25855,3
25856,3
25857,2
25858,3
25859,3
25860,3
25861,2
25862,3
25863,2
25864,2
25865,3
25866,3
25867,2
25868,3
25869,2
25870,2
25871,2
25872,3
25873,3
25874,1
25875,3
25876,3
25877,3
25878,3
25879,2
25880,2
25881,3
25882,2
25883,3
25884,3
25885,2
25886,2
25887,2
25888,2
25889,2
25890,2
25891,3
25892,2
25893,2
25894,2
25895,2
25896,2
25897,2
25898,2
25899,2
25900,2
25901,2
25902,2
25903,2
25904,3
25905,2
25906,2
25907,2
25908,2
25909,2
25910,2
25911,2
25912,2
25913,3
25914,3
25915,2
25916,2
25917,2
25918,3
25919,3
25920,2
25921,2
25922,3
25923,2
25924,3
25925,3
25926,3
25927,3
25928,3
25929,3
25930,3
25931,3
25932,3
25933,2
25934,2
25935,3
25936,3
25937,2
25938,2
25939,2
25940,2
25941,3
25942,3
25943,2
25944,3
25945,3
25946,3
25947,2
25948,3
25949,3
25950,3
25951,2
25952,2
25953,2
25954,3
25955,3
25956,3
25957,2
25958,3
25959,3
25960,2
25961,3
25962,3
25963,3
25964,2
25965,3
25966,3
25967,3
25968,3
25969,3
25970,3
25971,3
25972,3
25973,2
25974,3
25975,2
25976,2
25977,2
25978,3
25979,2
25980,3
25981,3
25982,3
25983,3
25984,3
25985,3
25986,2
25987,2
25988,2
25989,3
25990,2
25991,3
25992,3
25993,3
25994,3
25995,2
25996,3
25997,3
25998,2
25999,2
26000,3
26001,3
26002,3
26003,3
26004,3
26005,2
26006,2
26007,2
26008,2
26009,3
26010,3
26011,2
26012,3
26013,2
26014,3
26015,3
26016,2
26017,2
26018,2
26019,2
26020,2
26021,3
26022,3
26023,2
26024,2
26025,3
26026,2
26027,3
26028,2
26029,2
26030,2
26031,2
26032,3
26033,3
26034,2
26035,2
26036,3
26037,2
26038,2
26039,3
26040,2
26041,3
26042,3
26043,4
26044,2
26045,2
26046,2
26047,3
26048,4
26049,2
26050,2
26051,2
26052,2
26053,3
26054,2
26055,3
26056,3
26057,3
26058,2
26059,2
26060,3
26061,3
26062,2
26063,3
26064,2
26065,3
26066,2
26067,2
26068,3
26069,3
26070,2
26071,2
26072,2
26073,2
26074,2
26075,2
26076,2
26077,2
26078,2
26079,2
26080,2
26081,2
26082,2
26083,2
26084,2
26085,2
26086,2
26087,3
26088,2
26089,2
26090,2
26091,2
26092,3
26093,2
26094,2
26095,4
26096,2
26097,2
26098,2
26099,2
26100,3
26101,2
26102,3
26103,2
26104,2
26105,3
26106,2
26107,2
26108,2
26109,3
26110,2
26111,2
26112,2
26113,2
26114,2
26115,2
26116,3
26117,3
26118,2
26119,2
26120,3
26121,3
26122,2
26123,3
26124,3
26125,2
26126,2
26127,3
26128,2
26129,3
26130,3
26131,2
26132,2
26133,3
26134,2
26135,2
26136,3
26137,3
26138,3
26139,2
26140,3
26141,2
26142,3
26143,2
26144,3
26145,3
26146,3
26147,2
26148,2
26149,2
26150,2
26151,2
26152,2
26153,2
26154,2
26155,2
26156,2
26157,2
26158,2
26159,2
26160,2
26161,2
26162,2
26163,2
26164,2
26165,2
26166,2
26167,2
26168,2
26169,2
26170,2
26171,3
26172,3
26173,2
26174,2
26175,2
26176,3
26177,2
26178,3
26179,3
26180,3
26181,3
26182,1
26183,2
26184,3
26185,3
26186,3
26187,2
26188,3
26189,3
26190,3
26191,2
26192,3
26193,3
26194,3
26195,3
26196,1
26197,3
26198,3
26199,3
26200,3
26201,2
26202,3
26203,3
26204,2
26205,3
26206,3
26207,3
26208,3
26209,3
26210,3
26211,3
26212,2
26213,3
26214,2
26215,3
26216,3
26217,3
26218,2
26219,2
26220,2
26221,3
26222,2
26223,3
26224,2
26225,3
26226,3
26227,2
26228,2
26229,2
26230,2
26231,2
26232,1
26233,3
26234,3
26235,2
26236,3
26237,2
26238,3
26239,3
26240,1
26241,3
26242,3
26243,3
26244,3
26245,3
26246,3
26247,3
26248,3
26249,3
26250,3
26251,3
26252,3
26253,3
26254,3
26255,3
26256,3
26257,3
26258,3
26259,3
26260,3
26261,3
26262,2
26263,3
26264,3
26265,2
26266,2
26267,2
26268,2
26269,2
26270,2
26271,2
26272,3
26273,3
26274,3
26275,2
26276,3
26277,2
26278,2
26279,2
26280,2
26281,2
26282,2
26283,2
26284,2
26285,2
26286,2
26287,3
26288,2
26289,3
26290,2
26291,2
26292,3
26293,2
26294,2
26295,3
26296,3
26297,3
26298,3
26299,3
26300,3
26301,3
26302,3
26303,3
26304,3
26305,2
26306,3
26307,3
26308,2
26309,3
26310,3
26311,3
26312,2
26313,3
26314,3
26315,2
26316,3
26317,3
26318,3
26319,3
26320,3
26321,3
26322,3
26323,2
26324,2
26325,3
26326,3
26327,3
26328,3
26329,3
26330,2
26331,3
26332,3
26333,2
26334,3
26335,3
26336,2
26337,2
26338,4
26339,3
26340,3
26341,3
26342,3
26343,3
26344,2
26345,3
26346,3
26347,3
26348,3
26349,3
26350,3
26351,3
26352,3
26353,3
26354,3
26355,3
26356,3
26357,1
26358,3
26359,3
26360,2
26361,3
26362,2
26363,3
26364,3
26365,3
26366,2
26367,3
26368,2
26369,2
26370,2
26371,2
26372,2
26373,3
26374,3
26375,1
26376,3
26377,3
26378,3
26379,3
26380,2
26381,3
26382,2
26383,3
26384,2
26385,3
26386,2
26387,2
26388,3
26389,2
26390,3
26391,3
26392,2
26393,3
26394,3
26395,3
26396,2
26397,2
26398,3
26399,3
26400,3
26401,2
26402,3
26403,3
26404,3
26405,3
26406,3
26407,2
26408,2
26409,3
26410,3
26411,3
26412,3
26413,3
26414,2
26415,3
26416,2
26417,2
26418,2
26419,2
26420,2
26421,2
26422,2
26423,2
26424,2
26425,3
26426,3
26427,2
26428,2
26429,2
26430,2
26431,2
26432,2
26433,2
26434,2
26435,2
26436,2
26437,2
26438,3
26439,2
26440,2
26441,2
26442,2
26443,2
26444,2
26445,2
26446,2
26447,2
26448,2
26449,3
26450,2
26451,3
26452,3
26453,2
26454,3
26455,2
26456,2
26457,2
26458,3
26459,3
26460,3
26461,2
26462,2
26463,2
26464,2
26465,2
26466,2
26467,2
26468,2
26469,2
26470,2
26471,2
26472,3
26473,3
26474,3
26475,3
26476,3
26477,2
26478,3
26479,3
26480,2
26481,3
26482,3
26483,3
26484,3
26485,3
26486,2
26487,3
26488,3
26489,2
26490,2
26491,3
26492,3
26493,2
26494,2
26495,2
26496,2
26497,2
26498,2
26499,3
26500,3
26501,3
26502,3
26503,3
26504,3
26505,2
26506,3
26507,2
26508,3
26509,3
26510,3
26511,3
26512,3
26513,3
26514,3
26515,2
26516,3
26517,2
26518,2
26519,2
26520,2
26521,2
26522,2
26523,2
26524,2
26525,2
26526,2
26527,2
26528,2
26529,2
26530,2
26531,2
26532,2
26533,2
26534,3
26535,3
26536,3
26537,3
26538,2
26539,2
26540,3
26541,3
26542,2
26543,2
26544,2
26545,2
26546,3
26547,3
26548,3
26549,2
26550,2
26551,3
26552,2
26553,2
26554,2
26555,2
26556,2
26557,2
26558,2
26559,2
26560,2
26561,2
26562,2
26563,2
26564,2
26565,2
26566,2
26567,2
26568,2
26569,2
26570,2
26571,2
26572,3
26573,3
26574,2
26575,2
26576,2
26577,2
26578,2
26579,2
26580,2
26581,2
26582,2
26583,2
26584,2
26585,2
26586,2
26587,2
26588,2
26589,2
26590,2
26591,2
26592,4
26593,3
26594,2
26595,2
26596,2
26597,2
26598,2
26599,2
26600,2
26601,2
26602,2
26603,2
26604,2
26605,2
26606,2
26607,2
26608,2
26609,2
26610,3
26611,3
26612,2
26613,2
26614,3
26615,1
26616,2
26617,2
26618,1
26619,1
26620,1
26621,1
26622,3
26623,2
26624,3
26625,3
26626,2
26627,3
26628,2
26629,2
26630,2
26631,3
26632,2
26633,3
26634,2
26635,2
26636,3
26637,3
26638,3
26639,2
26640,2
26641,2
26642,2
26643,2
26644,3
26645,2
26646,2
26647,2
26648,3
26649,2
26650,3
26651,3
26652,2
26653,2
26654,3
26655,3
26656,3
26657,3
26658,2
26659,2
26660,3
26661,3
26662,3
26663,3
26664,3
26665,2
26666,2
26667,3
26668,2
26669,2
26670,3
26671,2
26672,2
26673,2
26674,2
26675,2
26676,3
26677,2
26678,2
26679,3
26680,2
26681,2
26682,2
26683,2
26684,1
26685,2
26686,3
26687,2
26688,2
26689,1
26690,2
26691,2
26692,2
26693,2
26694,3
26695,2
26696,2
26697,3
26698,3
26699,3
26700,3
26701,3
26702,3
26703,2
26704,2
26705,3
26706,3
26707,2
26708,2
26709,2
26710,3
26711,3
26712,2
26713,4
26714,2
26715,3
26716,3
26717,3
26718,3
26719,3
26720,3
26721,3
26722,3
26723,3
26724,3
26725,3
26726,3
26727,3
26728,3
26729,3
26730,3
26731,3
26732,3
26733,3
26734,3
26735,3
26736,2
26737,3
26738,3
26739,3
26740,3
26741,3
26742,2
26743,2
26744,3
26745,2
26746,2
26747,3
26748,2
26749,3
26750,3
26751,2
26752,2
26753,3
26754,3
26755,1
26756,2
26757,2
26758,2
26759,2
26760,2
26761,2
26762,2
26763,2
26764,2
26765,2
26766,2
26767,2
26768,2
26769,2
26770,2
26771,2
26772,2
26773,2
26774,2
26775,2
26776,2
26777,2
26778,2
26779,2
26780,2
26781,2
26782,2
26783,2
26784,2
26785,2
26786,2
26787,2
26788,2
26789,2
26790,2
26791,1
26792,1
26793,3
26794,2
26795,2
26796,2
26797,2
26798,2
26799,2
26800,2
26801,2
26802,2
26803,3
26804,3
26805,3
26806,1
26807,1
26808,2
26809,3
26810,3
26811,3
26812,2
26813,1
26814,3
26815,2
26816,2
26817,2
26818,2
26819,3
26820,2
26821,3
26822,3
26823,2
26824,2
26825,2
26826,2
26827,3
26828,3
26829,2
26830,3
26831,2
26832,3
26833,3
26834,3
26835,3
26836,3
26837,3
26838,3
26839,3
26840,2
26841,3
26842,2
26843,3
26844,3
26845,3
26846,3
26847,3
26848,2
26849,3
26850,3
26851,2
26852,2
26853,2
26854,2
26855,2
26856,2
26857,2
26858,2
26859,3
26860,1
26861,1
26862,3
26863,3
26864,3
26865,3
26866,3
26867,3
26868,2
26869,3
26870,3
26871,3
26872,1
26873,2
26874,1
26875,1
26876,3
26877,1
26878,1
26879,1
26880,1
26881,2
26882,2
26883,3
26884,1
26885,3
26886,2
26887,1
26888,1
26889,3
26890,3
26891,3
26892,1
26893,3
26894,1
26895,1
26896,3
26897,3
26898,1
26899,1
26900,1
26901,1
26902,3
26903,3
26904,3
26905,3
26906,2
26907,3
26908,2
26909,2
26910,2
26911,3
26912,0
26913,2
26914,3
26915,3
26916,3
26917,2
26918,2
26919,3
26920,3
26921,3
26922,3
26923,3
26924,2
26925,3
26926,2
26927,3
26928,3
26929,3
26930,3
26931,3
26932,2
26933,3
26934,3
26935,3
26936,2
26937,3
26938,3
26939,3
26940,3
26941,3
26942,3
26943,2
26944,3
26945,3
26946,3
26947,3
26948,3
26949,3
26950,3
26951,2
26952,3
26953,3
26954,3
26955,3
26956,3
26957,3
26958,3
26959,3
26960,3
26961,3
26962,3
26963,3
26964,3
26965,3
26966,3
26967,3
26968,3
26969,3
26970,2
26971,3
26972,3
26973,2
26974,2
26975,1
26976,2
26977,3
26978,3
26979,3
26980,3
26981,3
26982,3
26983,2
26984,3
26985,3
26986,3
26987,3
26988,3
26989,3
26990,3
26991,3
26992,3
26993,3
26994,3
26995,3
26996,3
26997,3
26998,3
26999,3
27000,3
27001,3
27002,3
27003,3
27004,3
27005,3
27006,3
27007,3
27008,2
27009,2
27010,2
27011,2
27012,2
27013,2
27014,3
27015,1
27016,3
27017,3
27018,3
27019,3
27020,3
27021,3
27022,3
27023,3
27024,3
27025,3
27026,3
27027,3
27028,3
27029,3
27030,3
27031,3
27032,3
27033,1
27034,1
27035,1
27036,1
27037,3
27038,3
27039,3
27040,2
27041,2
27042,2
27043,2
27044,2
27045,2
27046,3
27047,3
27048,2
27049,3
27050,2
27051,2
27052,2
27053,2
27054,3
27055,2
27056,2
27057,2
27058,3
27059,3
27060,3
27061,1
27062,2
27063,2
27064,2
27065,2
27066,2
27067,2
27068,2
27069,2
27070,2
27071,2
27072,2
27073,2
27074,2
27075,1
27076,2
27077,2
27078,3
27079,3
27080,2
27081,3
27082,2
27083,2
27084,3
27085,2
27086,2
27087,2
27088,3
27089,3
27090,2
27091,3
27092,3
27093,3
27094,2
27095,2
27096,2
27097,2
27098,2
27099,2
27100,2
27101,2
27102,3
27103,2
27104,2
27105,3
27106,3
27107,2
27108,2
27109,2
27110,1
27111,1
27112,2
27113,2
27114,3
27115,1
27116,3
27117,2
27118,2
27119,2
27120,2
27121,2
27122,2
27123,2
27124,3
27125,2
27126,2
27127,2
27128,2
27129,3
27130,3
27131,3
27132,2
27133,3
27134,2
27135,3
27136,2
27137,2
27138,2
27139,2
27140,2
27141,2
27142,2
27143,2
27144,2
27145,2
27146,2
27147,2
27148,2
27149,2
27150,2
27151,2
27152,2
27153,2
27154,3
27155,2
27156,2
27157,2
27158,2
27159,2
27160,2
27161,2
27162,2
27163,2
27164,2
27165,2
27166,2
27167,2
27168,2
27169,2
27170,2
27171,2
27172,2
27173,2
27174,2
27175,2
27176,2
27177,2
27178,2
27179,2
27180,2
27181,2
27182,2
27183,3
27184,2
27185,2
27186,2
27187,2
27188,2
27189,2
27190,2
27191,2
27192,2
27193,2
27194,2
27195,2
27196,2
27197,2
27198,2
27199,2
27200,2
27201,2
27202,3
27203,2
27204,2
27205,2
27206,2
27207,2
27208,2
27209,2
27210,2
27211,2
27212,2
27213,2
27214,2
27215,2
27216,2
27217,2
27218,2
27219,2
27220,2
27221,2
27222,2
27223,2
27224,2
27225,2
27226,2
27227,2
27228,2
27229,2
27230,2
27231,2
27232,2
27233,2
27234,2
27235,2
27236,2
27237,2
27238,2
27239,2
27240,2
27241,2
27242,2
27243,2
27244,2
27245,2
27246,2
27247,2
27248,2
27249,2
27250,2
27251,2
27252,2
27253,2
27254,2
27255,2
27256,2
27257,2
27258,2
27259,2
27260,2
27261,2
27262,2
27263,2
27264,2
27265,2
27266,2
27267,2
27268,2
27269,2
27270,2
27271,2
27272,2
27273,3
27274,2
27275,2
27276,2
27277,2
27278,2
27279,3
27280,3
27281,3
27282,2
27283,2
27284,2
27285,2
27286,2
27287,2
27288,3
27289,3
27290,2
27291,2
27292,2
27293,2
27294,2
27295,2
27296,2
27297,3
27298,3
27299,2
27300,2
27301,2
27302,2
27303,2
27304,2
27305,2
27306,2
27307,2
27308,2
27309,2
27310,2
27311,2
27312,2
27313,2
27314,2
27315,3
27316,2
27317,2
27318,2
27319,2
27320,2
27321,3
27322,2
27323,2
27324,2
27325,2
27326,2
27327,2
27328,2
27329,2
27330,2
27331,2
27332,2
27333,2
27334,2
27335,2
27336,2
27337,2
27338,2
27339,2
27340,2
27341,2
27342,2
27343,2
27344,2
27345,2
27346,2
27347,2
27348,2
27349,2
27350,2
27351,2
27352,2
27353,2
27354,2
27355,2
27356,2
27357,2
27358,2
27359,2
27360,2
27361,2
27362,2
27363,2
27364,2
27365,2
27366,2
27367,2
27368,2
27369,2
27370,2
27371,2
27372,2
27373,2
27374,2
27375,2
27376,2
27377,2
27378,2
27379,2
27380,2
27381,2
27382,2
27383,2
27384,2
27385,2
27386,2
27387,2
27388,2
27389,2
27390,2
27391,2
27392,2
27393,2
27394,2
27395,2
27396,2
27397,2
27398,2
27399,2
27400,2
27401,2
27402,2
27403,2
27404,2
27405,2
27406,2
27407,2
27408,2
27409,2
27410,2
27411,2
27412,2
27413,2
27414,3
27415,3
27416,2
27417,2
27418,2
27419,2
27420,2
27421,2
27422,2
27423,2
27424,2
27425,2
27426,2
27427,2
27428,2
27429,2
27430,2
27431,2
27432,2
27433,2
27434,2
27435,2
27436,2
27437,2
27438,3
27439,2
27440,2
27441,2
27442,2
27443,2
27444,2
27445,2
27446,2
27447,2
27448,2
27449,2
27450,2
27451,2
27452,2
27453,2
27454,2
27455,2
27456,2
27457,2
27458,2
27459,3
27460,2
27461,2
27462,2
27463,2
27464,2
27465,2
27466,2
27467,2
27468,2
27469,2
27470,2
27471,2
27472,2
27473,2
27474,2
27475,2
27476,2
27477,2
27478,2
27479,2
27480,2
27481,2
27482,2
27483,2
27484,2
27485,2
27486,2
27487,2
27488,2
27489,2
27490,2
27491,2
27492,2
27493,2
27494,3
27495,3
27496,3
27497,2
27498,2
27499,2
27500,2
27501,2
27502,2
27503,2
27504,2
27505,2
27506,2
27507,2
27508,2
27509,2
27510,2
27511,2
27512,2
27513,2
27514,3
27515,2
27516,2
27517,3
27518,2
27519,3
27520,2
27521,2
27522,2
27523,2
27524,2
27525,2
27526,2
27527,2
27528,2
27529,2
27530,2
27531,2
27532,2
27533,2
27534,2
27535,2
27536,2
27537,2
27538,2
27539,2
27540,2
27541,2
27542,3
27543,2
27544,3
27545,3
27546,3
27547,3
27548,2
27549,3
27550,3
27551,2
27552,2
27553,2
27554,3
27555,2
27556,2
27557,3
27558,2
27559,2
27560,2
27561,2
27562,2
27563,2
27564,2
27565,2
27566,2
27567,2
27568,2
27569,2
27570,3
27571,3
27572,2
27573,2
27574,2
27575,3
27576,2
27577,2
27578,2
27579,2
27580,2
27581,2
27582,2
27583,2
27584,2
27585,2
27586,2
27587,2
27588,2
27589,2
27590,2
27591,2
27592,3
27593,2
27594,2
27595,2
27596,2
27597,2
27598,2
27599,2
27600,2
27601,2
27602,2
27603,2
27604,2
27605,2
27606,2
27607,2
27608,2
27609,2
27610,2
27611,2
27612,3
27613,2
27614,2
27615,2
27616,2
27617,2
27618,2
27619,2
27620,2
27621,2
27622,2
27623,2
27624,2
27625,2
27626,2
27627,2
27628,2
27629,2
27630,2
27631,2
27632,2
27633,2
27634,2
27635,2
27636,2
27637,2
27638,2
27639,2
27640,2
27641,2
27642,2
27643,2
27644,2
27645,2
27646,2
27647,2
27648,2
27649,2
27650,2
27651,2
27652,2
27653,2
27654,2
27655,3
27656,2
27657,2
27658,2
27659,2
27660,2
27661,2
27662,2
27663,2
27664,2
27665,2
27666,2
27667,2
27668,2
27669,2
27670,2
27671,3
27672,2
27673,2
27674,2
27675,2
27676,2
27677,2
27678,2
27679,2
27680,2
27681,2
27682,2
27683,2
27684,2
27685,2
27686,2
27687,2
27688,2
27689,2
27690,2
27691,2
27692,2
27693,2
27694,2
27695,2
27696,2
27697,2
27698,2
27699,2
27700,2
27701,2
27702,3
27703,3
27704,2
27705,2
27706,2
27707,3
27708,2
27709,2
27710,2
27711,2
27712,2
27713,2
27714,2
27715,2
27716,2
27717,2
27718,2
27719,2
27720,2
27721,2
27722,2
27723,2
27724,2
27725,2
27726,2
27727,2
27728,3
27729,2
27730,2
27731,2
27732,2
27733,2
27734,3
27735,2
27736,2
27737,2
27738,2
27739,2
27740,2
27741,2
27742,2
27743,2
27744,2
27745,3
27746,3
27747,3
27748,2
27749,2
27750,3
27751,2
27752,2
27753,2
27754,2
27755,2
27756,2
27757,2
27758,2
27759,3
27760,2
27761,2
27762,2
27763,2
27764,2
27765,2
27766,2
27767,2
27768,2
27769,2
27770,2
27771,2
27772,2
27773,2
27774,2
27775,2
27776,2
27777,2
27778,3
27779,3
27780,3
27781,2
27782,2
27783,2
27784,2
27785,2
27786,2
27787,2
27788,2
27789,2
27790,2
27791,3
27792,2
27793,2
27794,2
27795,2
27796,2
27797,2
27798,2
27799,2
27800,2
27801,2
27802,2
27803,2
27804,2
27805,2
27806,2
27807,2
27808,2
27809,2
27810,3
27811,2
27812,2
27813,3
27814,2
27815,2
27816,2
27817,2
27818,2
27819,2
27820,2
27821,2
27822,2
27823,2
27824,2
27825,2
27826,2
27827,2
27828,2
27829,2
27830,2
27831,2
27832,2
27833,2
27834,2
27835,2
27836,2
27837,2
27838,2
27839,2
27840,2
27841,2
27842,2
27843,2
27844,2
27845,2
27846,2
27847,2
27848,2
27849,2
27850,2
27851,2
27852,2
27853,2
27854,2
27855,2
27856,2
27857,3
27858,2
27859,3
27860,2
27861,2
27862,2
27863,2
27864,2
27865,2
27866,2
27867,2
27868,2
27869,2
27870,2
27871,2
27872,2
27873,2
27874,2
27875,2
27876,2
27877,3
27878,3
27879,2
27880,2
27881,2
27882,2
27883,2
27884,2
27885,2
27886,2
27887,2
27888,2
27889,2
27890,2
27891,2
27892,2
27893,2
27894,2
27895,2
27896,2
27897,2
27898,2
27899,2
27900,2
27901,2
27902,2
27903,2
27904,2
27905,2
27906,3
27907,2
27908,2
27909,2
27910,2
27911,2
27912,2
27913,2
27914,2
27915,2
27916,2
27917,2
27918,2
27919,2
27920,2
27921,2
27922,2
27923,2
27924,2
27925,2
27926,2
27927,2
27928,2
27929,2
27930,2
27931,2
27932,2
27933,3
27934,2
27935,2
27936,3
27937,2
27938,2
27939,2
27940,2
27941,2
27942,2
27943,2
27944,2
27945,2
27946,2
27947,2
27948,2
27949,2
27950,2
27951,2
27952,2
27953,2
27954,2
27955,2
27956,2
27957,2
27958,2
27959,2
27960,2
27961,2
27962,2
27963,2
27964,2
27965,2
27966,2
27967,2
27968,2
27969,2
27970,2
27971,2
27972,3
27973,2
27974,2
27975,2
27976,2
27977,2
27978,3
27979,2
27980,2
27981,2
27982,2
27983,2
27984,2
27985,3
27986,2
27987,2
27988,2
27989,2
27990,2
27991,2
27992,2
27993,2
27994,2
27995,3
27996,2
27997,2
27998,2
27999,3
28000,2
28001,2
28002,2
28003,2
28004,2
28005,2
28006,2
28007,2
28008,2
28009,2
28010,3
28011,2
28012,2
28013,2
28014,2
28015,2
28016,2
28017,2
28018,2
28019,2
28020,2
28021,2
28022,2
28023,2
28024,2
28025,2
28026,2
28027,2
28028,2
28029,2
28030,2
28031,2
28032,2
28033,2
28034,2
28035,2
28036,2
28037,2
28038,2
28039,2
28040,2
28041,2
28042,2
28043,2
28044,2
28045,3
28046,2
28047,3
28048,2
28049,2
28050,2
28051,2
28052,2
28053,2
28054,3
28055,2
28056,2
28057,2
28058,2
28059,2
28060,3
28061,2
28062,2
28063,2
28064,2
28065,2
28066,2
28067,2
28068,2
28069,2
28070,2
28071,2
28072,2
28073,2
28074,3
28075,2
28076,2
28077,2
28078,2
28079,2
28080,2
28081,2
28082,2
28083,2
28084,2
28085,2
28086,2
28087,2
28088,2
28089,2
28090,2
28091,2
28092,2
28093,2
28094,2
28095,2
28096,2
28097,3
28098,2
28099,2
28100,2
28101,2
28102,2
28103,2
28104,2
28105,2
28106,3
28107,3
28108,2
28109,2
28110,2
28111,2
28112,2
28113,2
28114,2
28115,2
28116,2
28117,2
28118,2
28119,2
28120,2
28121,2
28122,2
28123,2
28124,2
28125,2
28126,2
28127,2
28128,2
28129,2
28130,2
28131,3
28132,2
28133,2
28134,2
28135,2
28136,2
28137,2
28138,2
28139,2
28140,2
28141,2
28142,2
28143,2
28144,2
28145,2
28146,2
28147,2
28148,2
28149,2
28150,2
28151,2
28152,2
28153,2
28154,3
28155,2
28156,2
28157,1
28158,2
28159,2
28160,2
28161,2
28162,2
28163,2
28164,2
28165,2
28166,2
28167,2
28168,2
28169,2
28170,2
28171,2
28172,3
28173,2
28174,2
28175,2
28176,2
28177,2
28178,1
28179,2
28180,2
28181,3
28182,3
28183,2
28184,2
28185,2
28186,2
28187,2
28188,2
28189,2
28190,3
28191,3
28192,2
28193,2
28194,2
28195,2
28196,2
28197,2
28198,2
28199,2
28200,2
28201,2
28202,2
28203,3
28204,2
28205,2
28206,2
28207,2
28208,2
28209,2
28210,2
28211,2
28212,2
28213,2
28214,2
28215,2
28216,2
28217,2
28218,3
28219,2
28220,2
28221,2
28222,2
28223,3
28224,2
28225,2
28226,2
28227,3
28228,2
28229,2
28230,2
28231,2
28232,2
28233,2
28234,2
28235,3
28236,2
28237,2
28238,2
28239,2
28240,2
28241,2
28242,2
28243,3
28244,3
28245,2
28246,2
28247,2
28248,2
28249,2
28250,2
28251,2
28252,2
28253,2
28254,2
28255,2
28256,2
28257,2
28258,2
28259,2
28260,2
28261,2
28262,2
28263,2
28264,2
28265,2
28266,2
28267,2
28268,2
28269,2
28270,2
28271,2
28272,2
28273,2
28274,2
28275,2
28276,2
28277,3
28278,2
28279,2
28280,3
28281,2
28282,2
28283,3
28284,3
28285,3
28286,2
28287,2
28288,2
28289,2
28290,2
28291,2
28292,2
28293,3
28294,2
28295,2
28296,2
28297,2
28298,2
28299,2
28300,2
28301,3
28302,2
28303,3
28304,2
28305,3
28306,2
28307,2
28308,2
28309,2
28310,2
28311,2
28312,2
28313,3
28314,3
28315,2
28316,2
28317,2
28318,2
28319,3
28320,2
28321,2
28322,2
28323,3
28324,2
28325,2
28326,2
28327,2
28328,2
28329,2
28330,2
28331,2
28332,2
28333,2
28334,3
28335,2
28336,2
28337,2
28338,2
28339,2
28340,2
28341,2
28342,2
28343,2
28344,2
28345,2
28346,2
28347,2
28348,2
28349,2
28350,3
28351,2
28352,2
28353,2
28354,2
28355,2
28356,2
28357,2
28358,2
28359,2
28360,2
28361,2
28362,2
28363,2
28364,2
28365,2
28366,2
28367,2
28368,2
28369,3
28370,2
28371,2
28372,2
28373,2
28374,2
28375,2
28376,2
28377,2
28378,2
28379,2
28380,2
28381,2
28382,3
28383,2
28384,2
28385,2
28386,2
28387,2
28388,2
28389,2
28390,2
28391,2
28392,2
28393,2
28394,2
28395,2
28396,2
28397,2
28398,2
28399,2
28400,2
28401,2
28402,2
28403,2
28404,2
28405,2
28406,2
28407,2
28408,2
28409,2
28410,2
28411,2
28412,2
28413,2
28414,2
28415,2
28416,3
28417,2
28418,2
28419,2
28420,2
28421,2
28422,2
28423,2
28424,2
28425,2
28426,2
28427,2
28428,2
28429,2
28430,2
28431,2
28432,2
28433,2
28434,2
28435,2
28436,2
28437,2
28438,3
28439,2
28440,2
28441,2
28442,2
28443,2
28444,2
28445,2
28446,2
28447,2
28448,2
28449,2
28450,2
28451,2
28452,2
28453,2
28454,2
28455,2
28456,2
28457,3
28458,2
28459,2
28460,2
28461,2
28462,2
28463,2
28464,2
28465,2
28466,3
28467,2
28468,3
28469,3
28470,3
28471,2
28472,2
28473,2
28474,3
28475,2
28476,2
28477,2
28478,2
28479,2
28480,2
28481,2
28482,3
28483,3
28484,2
28485,2
28486,2
28487,2
28488,2
28489,2
28490,2
28491,2
28492,2
28493,2
28494,2
28495,2
28496,2
28497,2
28498,2
28499,2
28500,3
28501,2
28502,3
28503,3
28504,3
28505,2
28506,2
28507,2
28508,2
28509,2
28510,2
28511,2
28512,2
28513,2
28514,2
28515,2
28516,2
28517,2
28518,2
28519,2
28520,2
28521,2
28522,2
28523,2
28524,2
28525,2
28526,2
28527,2
28528,3
28529,2
28530,2
28531,2
28532,2
28533,2
28534,2
28535,2
28536,2
28537,2
28538,2
28539,2
28540,1
28541,2
28542,2
28543,2
28544,2
28545,2
28546,2
28547,2
28548,2
28549,3
28550,2
28551,2
28552,2
28553,2
28554,2
28555,2
28556,2
28557,2
28558,2
28559,2
28560,3
28561,2
28562,2
28563,2
28564,2
28565,2
28566,2
28567,2
28568,2
28569,2
28570,2
28571,2
28572,2
28573,3
28574,2
28575,2
28576,2
28577,2
28578,2
28579,2
28580,2
28581,2
28582,2
28583,2
28584,2
28585,2
28586,2
28587,2
28588,2
28589,2
28590,2
28591,2
28592,2
28593,2
28594,2
28595,2
28596,3
28597,2
28598,3
28599,2
28600,3
28601,2
28602,3
28603,3
28604,3
28605,2
28606,2
28607,2
28608,2
28609,2
28610,2
28611,2
28612,2
28613,2
28614,2
28615,2
28616,2
28617,2
28618,2
28619,2
28620,2
28621,2
28622,2
28623,2
28624,2
28625,2
28626,2
28627,2
28628,2
28629,2
28630,2
28631,2
28632,2
28633,2
28634,2
28635,2
28636,2
28637,3
28638,2
28639,2
28640,3
28641,3
28642,1
28643,2
28644,2
28645,2
28646,2
28647,3
28648,2
28649,2
28650,2
28651,2
28652,2
28653,2
28654,2
28655,2
28656,2
28657,2
28658,2
28659,2
28660,2
28661,2
28662,3
28663,2
28664,2
28665,2
28666,3
28667,2
28668,2
28669,2
28670,2
28671,2
28672,2
28673,3
28674,2
28675,2
28676,2
28677,2
28678,2
28679,2
28680,2
28681,2
28682,2
28683,2
28684,2
28685,2
28686,3
28687,2
28688,2
28689,2
28690,2
28691,2
28692,2
28693,2
28694,2
28695,2
28696,2
28697,2
28698,2
28699,2
28700,2
28701,2
28702,3
28703,2
28704,2
28705,2
28706,2
28707,2
28708,2
28709,2
28710,2
28711,2
28712,2
28713,2
28714,2
28715,2
28716,2
28717,2
28718,2
28719,2
28720,2
28721,2
28722,2
28723,2
28724,3
28725,2
28726,2
28727,3
28728,3
28729,3
28730,2
28731,2
28732,2
28733,2
28734,2
28735,2
28736,2
28737,2
28738,2
28739,2
28740,2
28741,2
28742,3
28743,2
28744,2
28745,2
28746,2
28747,2
28748,2
28749,2
28750,2
28751,2
28752,2
28753,2
28754,2
28755,3
28756,2
28757,2
28758,2
28759,2
28760,2
28761,2
28762,2
28763,3
28764,2
28765,2
28766,2
28767,2
28768,2
28769,2
28770,3
28771,2
28772,2
28773,2
28774,2
28775,2
28776,2
28777,2
28778,2
28779,2
28780,2
28781,2
28782,2
28783,2
28784,2
28785,2
28786,3
28787,2
28788,2
28789,2
28790,2
28791,2
28792,2
28793,2
28794,2
28795,2
28796,2
28797,2
28798,2
28799,2
28800,2
28801,2
28802,3
28803,2
28804,2
28805,2
28806,2
28807,2
28808,2
28809,2
28810,2
28811,2
28812,2
28813,2
28814,2
28815,2
28816,2
28817,2
28818,2
28819,2
28820,2
28821,2
28822,2
28823,2
28824,2
28825,2
28826,2
28827,2
28828,2
28829,2
28830,2
28831,2
28832,2
28833,2
28834,2
28835,2
28836,2
28837,2
28838,2
28839,2
28840,2
28841,2
28842,2
28843,2
28844,2
28845,2
28846,2
28847,2
28848,2
28849,2
28850,2
28851,2
28852,2
28853,2
28854,2
28855,2
28856,2
28857,2
28858,2
28859,2
28860,2
28861,2
28862,2
28863,2
28864,2
28865,2
28866,2
28867,2
28868,2
28869,2
28870,3
28871,2
28872,2
28873,2
28874,3
28875,2
28876,2
28877,2
28878,2
28879,2
28880,2
28881,2
28882,2
28883,2
28884,2
28885,2
28886,2
28887,2
28888,2
28889,2
28890,2
28891,2
28892,1
28893,3
28894,2
28895,2
28896,3
28897,2
28898,2
28899,2
28900,2
28901,2
28902,2
28903,2
28904,2
28905,2
28906,2
28907,2
28908,2
28909,2
28910,2
28911,2
28912,2
28913,2
28914,2
28915,2
28916,2
28917,2
28918,2
28919,2
28920,2
28921,2
28922,2
28923,2
28924,2
28925,2
28926,2
28927,2
28928,2
28929,2
28930,3
28931,2
28932,2
28933,2
28934,2
28935,3
28936,2
28937,4
28938,3
28939,3
28940,2
28941,2
28942,2
28943,2
28944,2
28945,3
28946,2
28947,2
28948,2
28949,3
28950,2
28951,3
28952,3
28953,2
28954,2
28955,2
28956,2
28957,2
28958,2
28959,2
28960,2
28961,2
28962,2
28963,2
28964,2
28965,2
28966,2
28967,2
28968,2
28969,2
28970,2
28971,2
28972,2
28973,2
28974,2
28975,2
28976,2
28977,2
28978,2
28979,2
28980,2
28981,2
28982,2
28983,2
28984,2
28985,2
28986,2
28987,2
28988,2
28989,2
28990,2
28991,2
28992,2
28993,2
28994,2
28995,2
28996,2
28997,2
28998,2
28999,2
29000,1
29001,3
29002,2
29003,2
29004,2
29005,2
29006,2
29007,2
29008,2
29009,2
29010,2
29011,2
29012,2
29013,2
29014,2
29015,2
29016,2
29017,2
29018,2
29019,2
29020,2
29021,1
29022,2
29023,2
29024,2
29025,2
29026,2
29027,2
29028,2
29029,2
29030,2
29031,2
29032,3
29033,2
29034,2
29035,2
29036,3
29037,2
29038,2
29039,3
29040,2
29041,2
29042,2
29043,2
29044,2
29045,2
29046,2
29047,2
29048,3
29049,2
29050,2
29051,2
29052,2
29053,2
29054,2
29055,2
29056,2
29057,2
29058,2
29059,2
29060,2
29061,2
29062,2
29063,2
29064,2
29065,2
29066,2
29067,2
29068,2
29069,2
29070,2
29071,2
29072,2
29073,3
29074,2
29075,2
29076,2
29077,2
29078,2
29079,2
29080,2
29081,2
29082,2
29083,2
29084,2
29085,2
29086,3
29087,3
29088,2
29089,2
29090,2
29091,2
29092,2
29093,2
29094,2
29095,2
29096,2
29097,3
29098,2
29099,2
29100,2
29101,2
29102,2
29103,2
29104,2
29105,2
29106,2
29107,3
29108,2
29109,2
29110,2
29111,2
29112,3
29113,2
29114,1
29115,2
29116,2
29117,2
29118,2
29119,2
29120,2
29121,2
29122,3
29123,2
29124,3
29125,2
29126,2
29127,2
29128,2
29129,2
29130,2
29131,2
29132,2
29133,2
29134,2
29135,2
29136,2
29137,2
29138,2
29139,2
29140,2
29141,2
29142,2
29143,2
29144,2
29145,2
29146,2
29147,2
29148,2
29149,2
29150,2
29151,2
29152,2
29153,3
29154,2
29155,2
29156,2
29157,2
29158,2
29159,2
29160,2
29161,2
29162,2
29163,2
29164,2
29165,2
29166,3
29167,2
29168,2
29169,2
29170,2
29171,2
29172,2
29173,2
29174,2
29175,2
29176,2
29177,2
29178,2
29179,2
29180,2
29181,2
29182,2
29183,2
29184,2
29185,2
29186,2
29187,2
29188,2
29189,2
29190,2
29191,2
29192,2
29193,2
29194,2
29195,2
29196,2
29197,2
29198,2
29199,2
29200,2
29201,2
29202,2
29203,2
29204,2
29205,2
29206,2
29207,2
29208,2
29209,2
29210,2
29211,2
29212,2
29213,2
29214,2
29215,2
29216,2
29217,2
29218,2
29219,2
29220,2
29221,2
29222,2
29223,2
29224,2
29225,2
29226,2
29227,1
29228,2
29229,2
29230,2
29231,2
29232,2
29233,2
29234,2
29235,2
29236,2
29237,3
29238,3
29239,2
29240,3
29241,1
29242,1
29243,3
29244,1
29245,3
29246,1
29247,3
29248,2
29249,2
29250,2
29251,2
29252,2
29253,2
29254,2
29255,2
29256,2
29257,3
29258,3
29259,2
29260,2
29261,2
29262,2
29263,2
29264,2
29265,2
29266,2
29267,2
29268,3
29269,2
29270,2
29271,2
29272,2
29273,2
29274,2
29275,3
29276,3
29277,2
29278,2
29279,3
29280,3
29281,2
29282,2
29283,2
29284,2
29285,3
29286,2
29287,2
29288,2
29289,2
29290,2
29291,3
29292,2
29293,2
29294,2
29295,2
29296,2
29297,2
29298,3
29299,1
29300,2
29301,2
29302,2
29303,2
29304,2
29305,3
29306,2
29307,2
29308,2
29309,2
29310,2
29311,2
29312,2
29313,2
29314,2
29315,2
29316,2
29317,2
29318,3
29319,2
29320,2
29321,2
29322,2
29323,2
29324,3
29325,2
29326,2
29327,2
29328,2
29329,2
29330,2
29331,3
29332,3
29333,2
29334,2
29335,3
29336,3
29337,2
29338,2
29339,2
29340,2
29341,2
29342,2
29343,2
29344,2
29345,2
29346,2
29347,2
29348,2
29349,3
29350,3
29351,2
29352,3
29353,2
29354,3
29355,2
29356,2
29357,2
29358,2
29359,1
29360,2
29361,2
29362,2
29363,2
29364,2
29365,2
29366,2
29367,2
29368,2
29369,2
29370,2
29371,2
29372,2
29373,2
29374,2
29375,2
29376,2
29377,2
29378,2
29379,2
29380,2
29381,2
29382,2
29383,2
29384,2
29385,2
29386,3
29387,2
29388,2
29389,2
29390,2
29391,2
29392,2
29393,2
29394,3
29395,3
29396,2
29397,2
29398,3
29399,2
29400,2
29401,2
29402,2
29403,2
29404,2
29405,2
29406,2
29407,2
29408,2
29409,2
29410,2
29411,2
29412,2
29413,2
29414,2
29415,2
29416,2
29417,2
29418,2
29419,2
29420,2
29421,2
29422,2
29423,2
29424,2
29425,2
29426,2
29427,2
29428,2
29429,2
29430,2
29431,2
29432,2
29433,2
29434,2
29435,3
29436,3
29437,2
29438,2
29439,2
29440,2
29441,3
29442,3
29443,2
29444,1
29445,2
29446,2
29447,3
29448,3
29449,3
29450,3
29451,3
29452,3
29453,1
29454,1
29455,2
29456,2
29457,3
29458,3
29459,3
29460,2
29461,2
29462,2
29463,2
29464,2
29465,2
29466,3
29467,2
29468,2
29469,2
29470,2
29471,2
29472,1
29473,3
29474,2
29475,2
29476,2
29477,3
29478,2
29479,3
29480,2
29481,2
29482,3
29483,2
29484,2
29485,2
29486,2
29487,2
29488,3
29489,2
29490,2
29491,1
29492,3
29493,2
29494,2
29495,1
29496,2
29497,2
29498,2
29499,2
29500,2
29501,2
29502,2
29503,2
29504,2
29505,2
29506,2
29507,2
29508,2
29509,2
29510,2
29511,2
29512,2
29513,2
29514,2
29515,2
29516,2
29517,2
29518,2
29519,2
29520,2
29521,2
29522,3
29523,2
29524,2
29525,2
29526,2
29527,2
29528,2
29529,2
29530,2
29531,2
29532,2
29533,2
29534,2
29535,2
29536,2
29537,2
29538,2
29539,2
29540,2
29541,2
29542,2
29543,2
29544,2
29545,2
29546,2
29547,2
29548,3
29549,2
29550,2
29551,2
29552,2
29553,2
29554,2
29555,2
29556,2
29557,2
29558,2
29559,2
29560,2
29561,2
29562,2
29563,2
29564,3
29565,2
29566,2
29567,2
29568,2
29569,2
29570,2
29571,2
29572,2
29573,2
29574,2
29575,2
29576,2
29577,2
29578,2
29579,2
29580,3
29581,3
29582,2
29583,2
29584,2
29585,2
29586,2
29587,2
29588,2
29589,2
29590,2
29591,2
29592,2
29593,2
29594,2
29595,2
29596,2
29597,2
29598,3
29599,2
29600,3
29601,2
29602,2
29603,2
29604,2
29605,3
29606,2
29607,2
29608,2
29609,2
29610,2
29611,2
29612,2
29613,2
29614,3
29615,2
29616,2
29617,2
29618,2
29619,2
29620,3
29621,2
29622,3
29623,2
29624,2
29625,2
29626,2
29627,2
29628,2
29629,2
29630,2
29631,2
29632,2
29633,3
29634,2
29635,2
29636,2
29637,2
29638,3
29639,2
29640,2
29641,2
29642,2
29643,2
29644,2
29645,2
29646,2
29647,3
29648,2
29649,2
29650,3
29651,3
29652,2
29653,2
29654,2
29655,2
29656,2
29657,2
29658,2
29659,2
29660,2
29661,2
29662,2
29663,2
29664,2
29665,2
29666,2
29667,2
29668,2
29669,2
29670,2
29671,2
29672,2
29673,2
29674,2
29675,2
29676,3
29677,2
29678,1
29679,2
29680,1
29681,1
29682,1
29683,2
29684,3
29685,2
29686,2
29687,2
29688,2
29689,2
29690,2
29691,3
29692,2
29693,2
29694,2
29695,3
29696,2
29697,2
29698,3
29699,2
29700,2
29701,3
29702,2
29703,2
29704,2
29705,2
29706,2
29707,2
29708,2
29709,2
29710,2
29711,2
29712,2
29713,2
29714,2
29715,2
29716,2
29717,2
29718,2
29719,2
29720,2
29721,2
29722,3
29723,2
29724,2
29725,2
29726,2
29727,2
29728,2
29729,2
29730,3
29731,2
29732,2
29733,2
29734,2
29735,2
29736,2
29737,2
29738,2
29739,2
29740,1
29741,2
29742,2
29743,2
29744,2
29745,2
29746,2
29747,2
29748,3
29749,3
29750,1
29751,2
29752,2
29753,2
29754,2
29755,2
29756,2
29757,2
29758,2
29759,2
29760,2
29761,2
29762,2
29763,2
29764,2
29765,2
29766,2
29767,2
29768,2
29769,2
29770,2
29771,2
29772,2
29773,2
29774,2
29775,2
29776,2
29777,2
29778,2
29779,2
29780,2
29781,2
29782,2
29783,2
29784,2
29785,2
29786,2
29787,2
29788,2
29789,2
29790,2
29791,2
29792,2
29793,2
29794,2
29795,2
29796,2
29797,2
29798,2
29799,2
29800,2
29801,3
29802,2
29803,2
29804,3
29805,2
29806,2
29807,2
29808,2
29809,2
29810,2
29811,3
29812,2
29813,2
29814,2
29815,2
29816,2
29817,2
29818,2
29819,2
29820,2
29821,2
29822,2
29823,2
29824,2
29825,2
29826,2
29827,2
29828,2
29829,2
29830,2
29831,2
29832,2
29833,2
29834,2
29835,3
29836,2
29837,2
29838,3
29839,2
29840,2
29841,2
29842,2
29843,2
29844,2
29845,2
29846,1
29847,3
29848,3
29849,3
29850,2
29851,2
29852,2
29853,2
29854,2
29855,2
29856,2
29857,2
29858,1
29859,2
29860,2
29861,2
29862,2
29863,2
29864,2
29865,2
29866,2
29867,2
29868,2
29869,2
29870,2
29871,2
29872,2
29873,2
29874,2
29875,3
29876,2
29877,2
29878,2
29879,2
29880,2
29881,3
29882,2
29883,2
29884,2
29885,2
29886,2
29887,2
29888,2
29889,2
29890,2
29891,2
29892,2
29893,3
29894,3
29895,2
29896,2
29897,2
29898,2
29899,2
29900,2
29901,2
29902,2
29903,2
29904,2
29905,2
29906,2
29907,3
29908,3
29909,3
29910,2
29911,2
29912,2
29913,2
29914,2
29915,2
29916,2
29917,2
29918,2
29919,2
29920,2
29921,2
29922,2
29923,2
29924,3
29925,2
29926,2
29927,2
29928,2
29929,2
29930,2
29931,2
29932,2
29933,2
29934,3
29935,2
29936,3
29937,2
29938,2
29939,2
29940,2
29941,2
29942,2
29943,2
29944,2
29945,2
29946,2
29947,2
29948,2
29949,2
29950,2
29951,3
29952,2
29953,2
29954,2
29955,3
29956,3
29957,3
29958,2
29959,2
29960,2
29961,2
29962,2
29963,2
29964,2
29965,2
29966,2
29967,2
29968,2
29969,3
29970,2
29971,3
29972,3
29973,2
29974,2
29975,2
29976,2
29977,2
29978,2
29979,2
29980,2
29981,2
29982,2
29983,2
29984,2
29985,3
29986,2
29987,2
29988,2
29989,3
29990,2
29991,2
29992,2
29993,2
29994,2
29995,2
29996,2
29997,2
29998,2
29999,2
30000,2
30001,2
30002,2
30003,2
30004,2
30005,2
30006,2
30007,2
30008,2
30009,2
30010,2
30011,2
30012,2
30013,2
30014,2
30015,2
30016,2
30017,2
30018,2
30019,3
30020,2
30021,2
30022,2
30023,2
30024,2
30025,2
30026,2
30027,2
30028,2
30029,2
30030,2
30031,2
30032,2
30033,2
30034,2
30035,2
30036,2
30037,2
30038,2
30039,2
30040,2
30041,2
30042,2
30043,2
30044,2
30045,2
30046,2
30047,2
30048,2
30049,2
30050,3
30051,2
30052,2
30053,2
30054,2
30055,2
30056,2
30057,2
30058,2
30059,2
30060,2
30061,2
30062,2
30063,3
30064,3
30065,3
30066,2
30067,3
30068,2
30069,2
30070,2
30071,2
30072,2
30073,2
30074,2
30075,2
30076,2
30077,3
30078,3
30079,2
30080,2
30081,2
30082,2
30083,2
30084,2
30085,3
30086,2
30087,3
30088,3
30089,2
30090,2
30091,3
30092,2
30093,2
30094,2
30095,2
30096,2
30097,3
30098,2
30099,2
30100,2
30101,2
30102,2
30103,3
30104,2
30105,2
30106,2
30107,2
30108,2
30109,2
30110,2
30111,2
30112,2
30113,2
30114,2
30115,2
30116,3
30117,2
30118,2
30119,3
30120,2
30121,2
30122,2
30123,2
30124,2
30125,2
30126,2
30127,2
30128,2
30129,2
30130,2
30131,2
30132,2
30133,2
30134,2
30135,2
30136,2
30137,2
30138,2
30139,2
30140,2
30141,3
30142,2
30143,2
30144,2
30145,2
30146,2
30147,2
30148,2
30149,2
30150,3
30151,2
30152,2
30153,3
30154,2
30155,2
30156,2
30157,2
30158,2
30159,2
30160,2
30161,2
30162,2
30163,2
30164,2
30165,3
30166,3
30167,2
30168,2
30169,2
30170,2
30171,2
30172,2
30173,2
30174,2
30175,2
30176,2
30177,2
30178,2
30179,2
30180,2
30181,2
30182,2
30183,3
30184,2
30185,3
30186,3
30187,2
30188,3
30189,2
30190,2
30191,2
30192,2
30193,2
30194,2
30195,2
30196,2
30197,2
30198,2
30199,2
30200,2
30201,3
30202,2
30203,3
30204,2
30205,2
30206,2
30207,2
30208,2
30209,2
30210,2
30211,3
30212,3
30213,2
30214,2
30215,2
30216,2
30217,3
30218,2
30219,2
30220,2
30221,2
30222,2
30223,2
30224,2
30225,2
30226,2
30227,2
30228,2
30229,2
30230,2
30231,2
30232,2
30233,2
30234,2
30235,2
30236,2
30237,2
30238,2
30239,2
30240,2
30241,2
30242,2
30243,2
30244,2
30245,2
30246,2
30247,2
30248,2
30249,2
30250,2
30251,2
30252,2
30253,2
30254,3
30255,2
30256,2
30257,2
30258,2
30259,2
30260,2
30261,2
30262,2
30263,2
30264,3
30265,3
30266,2
30267,2
30268,2
30269,2
30270,2
30271,2
30272,2
30273,3
30274,2
30275,2
30276,2
30277,3
30278,2
30279,2
30280,3
30281,2
30282,2
30283,3
30284,2
30285,2
30286,2
30287,2
30288,2
30289,2
30290,2
30291,2
30292,2
30293,2
30294,2
30295,2
30296,2
30297,2
30298,3
30299,2
30300,2
30301,2
30302,1
30303,2
30304,2
30305,2
30306,2
30307,2
30308,2
30309,2
30310,2
30311,2
30312,2
30313,1
30314,1
30315,2
30316,3
30317,2
30318,2
30319,2
30320,3
30321,2
30322,2
30323,3
30324,2
30325,2
30326,2
30327,3
30328,3
30329,2
30330,3
30331,2
30332,2
30333,2
30334,2
30335,2
30336,2
30337,2
30338,2
30339,2
30340,2
30341,2
30342,2
30343,3
30344,2
30345,2
30346,2
30347,2
30348,2
30349,2
30350,2
30351,2
30352,2
30353,2
30354,2
30355,2
30356,2
30357,2
30358,2
30359,2
30360,2
30361,2
30362,2
30363,2
30364,3
30365,2
30366,2
30367,2
30368,2
30369,3
30370,2
30371,2
30372,3
30373,2
30374,2
30375,3
30376,2
30377,2
30378,2
30379,2
30380,2
30381,2
30382,2
30383,2
30384,3
30385,2
30386,2
30387,2
30388,2
30389,2
30390,3
30391,3
30392,3
30393,3
30394,3
30395,3
30396,3
30397,3
30398,3
30399,3
30400,3
30401,3
30402,3
30403,3
30404,3
30405,3
30406,3
30407,3
30408,3
30409,3
30410,3
30411,3
30412,3
30413,3
30414,3
30415,3
30416,3
30417,3
30418,3
30419,3
30420,3
30421,3
30422,3
30423,3
30424,3
30425,3
30426,3
30427,3
30428,3
30429,3
30430,3
30431,3
30432,3
30433,3
30434,3
30435,3
30436,3
30437,3
30438,3
30439,3
30440,3
30441,3
30442,3
30443,3
30444,3
30445,3
30446,3
30447,3
30448,3
30449,3
30450,3
30451,3
30452,3
30453,3
30454,3
30455,3
30456,3
30457,3
30458,3
30459,3
30460,3
30461,3
30462,3
30463,3
30464,3
30465,3
30466,3
30467,3
30468,3
30469,3
30470,3
30471,3
30472,3
30473,3
30474,3
30475,3
30476,3
30477,3
30478,3
30479,3
30480,3
30481,3
30482,3
30483,3
30484,3
30485,3
30486,3
30487,3
30488,3
30489,3
30490,3
30491,3
30492,3
30493,3
30494,3
30495,3
30496,3
30497,3
30498,3
30499,3
30500,3
30501,3
30502,3
30503,3
30504,3
30505,3
30506,3
30507,3
30508,3
30509,3
30510,3
30511,3
30512,3
30513,3
30514,3
30515,3
30516,3
30517,3
30518,3
30519,3
30520,3
30521,3
30522,3
30523,3
30524,3
30525,3
30526,3
30527,3
30528,3
30529,3
30530,3
30531,3
30532,3
30533,3
30534,3
30535,3
30536,3
30537,3
30538,3
30539,3
30540,3
30541,3
30542,3
30543,3
30544,3
30545,3
30546,3
30547,3
30548,3
30549,3
30550,3
30551,3
30552,3
30553,3
30554,3
30555,3
30556,3
30557,3
30558,3
30559,3
30560,3
30561,3
30562,3
30563,3
30564,3
30565,3
30566,3
30567,3
30568,3
30569,3
30570,3
30571,3
30572,3
30573,3
30574,3
30575,3
30576,3
30577,3
30578,3
30579,3
30580,3
30581,3
30582,3
30583,3
30584,3
30585,3
30586,3
30587,3
30588,3
30589,3
30590,3
30591,3
30592,3
30593,3
30594,3
30595,3
30596,3
30597,3
30598,3
30599,2
30600,3
30601,3
30602,3
30603,3
30604,3
30605,3
30606,3
30607,3
30608,3
30609,3
30610,3
30611,3
30612,3
30613,3
30614,3
30615,3
30616,3
30617,3
30618,3
30619,3
30620,3
30621,3
30622,3
30623,3
30624,3
30625,3
30626,3
30627,3
30628,3
30629,3
30630,3
30631,3
30632,3
30633,3
30634,3
30635,3
30636,3
30637,3
30638,3
30639,3
30640,3
30641,3
30642,3
30643,3
30644,3
30645,3
30646,3
30647,3
30648,3
30649,3
30650,3
30651,3
30652,3
30653,3
30654,3
30655,3
30656,3
30657,3
30658,3
30659,3
30660,3
30661,3
30662,3
30663,3
30664,3
30665,3
30666,3
30667,3
30668,3
30669,3
30670,3
30671,3
30672,3
30673,3
30674,3
30675,3
30676,3
30677,3
30678,3
30679,3
30680,3
30681,3
30682,3
30683,3
30684,3
30685,3
30686,3
30687,3
30688,3
30689,3
30690,3
30691,1
30692,3
30693,3
30694,3
30695,3
30696,3
30697,3
30698,3
30699,3
30700,3
30701,3
30702,3
30703,3
30704,1
30705,3
30706,1
30707,1
30708,3
30709,1
30710,3
30711,3
30712,3
30713,3
30714,3
30715,3
30716,3
30717,3
30718,3
30719,1
30720,1
30721,1
30722,1
30723,3
30724,3
30725,3
30726,1
30727,1
30728,1
30729,1
30730,3
30731,1
30732,3
30733,1
30734,1
30735,1
30736,3
30737,1
30738,3
30739,3
30740,1
30741,1
30742,1
30743,1
30744,1
30745,1
30746,1
30747,1
30748,1
30749,1
30750,3
30751,1
30752,1
30753,1
30754,1
30755,3
30756,1
30757,1
30758,1
30759,3
30760,1
30761,3
30762,3
30763,3
30764,3
30765,3
30766,1
30767,3
30768,3
30769,3
30770,3
30771,3
30772,3
30773,3
30774,3
30775,2
30776,3
30777,3
30778,3
30779,3
30780,3
30781,3
30782,3
30783,3
30784,3
30785,3
30786,3
30787,3
30788,3
30789,3
30790,3
30791,3
30792,3
30793,3
30794,3
30795,3
30796,3
30797,3
30798,3
30799,3
30800,3
30801,3
30802,3
30803,3
30804,3
30805,3
30806,3
30807,3
30808,3
30809,3
30810,3
30811,3
30812,3
30813,3
30814,3
30815,3
30816,3
30817,2
30818,2
30819,2
30820,2
30821,2
30822,2
30823,3
30824,3
30825,3
30826,3
30827,3
30828,3
30829,3
30830,3
30831,3
30832,2
30833,3
30834,1
30835,0
30836,3
30837,3
30838,3
30839,3
30840,3
30841,3
30842,3
30843,3
30844,0
30845,3
30846,3
30847,0
30848,3
30849,3
30850,0
30851,0
30852,0
30853,0
30854,2
30855,0
30856,0
30857,0
30858,0
30859,0
30860,0
30861,0
30862,0
30863,3
30864,3
30865,3
30866,3
30867,3
30868,3
30869,3
30870,3
30871,3
30872,3
30873,3
30874,3
30875,3
30876,3
30877,3
30878,3
30879,0
30880,3
30881,3
30882,2
30883,3
30884,3
30885,3
30886,3
30887,3
30888,3
30889,3
30890,3
30891,3
30892,3
30893,3
30894,3
30895,3
30896,3
30897,3
30898,3
30899,3
30900,3
30901,3
30902,3
30903,3
30904,3
30905,3
30906,3
30907,3
30908,3
30909,3
30910,3
30911,3
30912,3
30913,3
30914,3
30915,3
30916,3
30917,3
30918,3
30919,3
30920,3
30921,3
30922,3
30923,3
30924,3
30925,3
30926,3
30927,3
30928,3
30929,3
30930,3
30931,3
30932,3
30933,3
30934,3
30935,3
30936,3
30937,3
30938,3
30939,3
30940,3
30941,3
30942,3
30943,3
30944,3
30945,3
30946,3
30947,3
30948,3
30949,3
30950,3
30951,3
30952,3
30953,3
30954,3
30955,3
30956,3
30957,3
30958,3
30959,3
30960,3
30961,3
30962,3
30963,3
30964,3
30965,3
30966,3
30967,3
30968,3
30969,3
30970,3
30971,3
30972,3
30973,3
30974,3
30975,3
30976,3
30977,3
30978,3
30979,3
30980,3
30981,3
30982,3
30983,3
30984,3
30985,3
30986,3
30987,3
30988,3
30989,3
30990,3
30991,3
30992,3
30993,3
30994,3
30995,3
30996,3
30997,3
30998,3
30999,3
31000,0
31001,3
31002,3
31003,0
31004,3
31005,3
31006,3
31007,3
31008,3
31009,3
31010,3
31011,3
31012,3
31013,3
31014,3
31015,3
31016,3
31017,3
31018,3
31019,3
31020,3
31021,3
31022,3
31023,3
31024,3
31025,3
31026,3
31027,3
31028,3
31029,0
31030,3
31031,3
31032,3
31033,3
31034,3
31035,3
31036,3
31037,3
31038,3
31039,3
31040,3
31041,3
31042,3
31043,3
31044,3
31045,3
31046,3
31047,3
31048,3
31049,3
31050,3
31051,3
31052,3
31053,3
31054,3
31055,3
31056,3
31057,3
31058,3
31059,2
31060,3
31061,3
31062,3
31063,3
31064,3
31065,3
31066,3
31067,3
31068,3
31069,3
31070,3
31071,3
31072,3
31073,3
31074,3
31075,3
31076,3
31077,3
31078,3
31079,3
31080,3
31081,3
31082,3
31083,3
31084,3
31085,3
31086,3
31087,3
31088,3
31089,3
31090,3
31091,3
31092,3
31093,3
31094,3
31095,2
31096,3
31097,3
31098,3
31099,2
31100,3
31101,3
31102,3
31103,2
31104,3
31105,3
31106,3
31107,3
31108,2
31109,2
31110,2
31111,2
31112,3
31113,3
31114,3
31115,3
31116,3
31117,3
31118,3
31119,3
31120,3
31121,2
31122,0
31123,3
31124,3
31125,3
31126,3
31127,2
31128,3
31129,2
31130,2
31131,3
31132,0
31133,2
31134,3
31135,0
31136,3
31137,0
31138,0
31139,0
31140,3
31141,3
31142,3
31143,0
31144,0
31145,3
31146,3
31147,3
31148,3
31149,0
31150,3
31151,2
31152,3
31153,3
31154,0
31155,2
31156,2
31157,3
31158,3
31159,3
31160,3
31161,3
31162,1
31163,3
31164,0
31165,3
31166,0
31167,3
31168,0
31169,3
31170,0
31171,3
31172,0
31173,3
31174,0
31175,3
31176,3
31177,0
31178,2
31179,0
31180,3
31181,0
31182,0
31183,0
31184,0
31185,3
31186,3
31187,2
31188,3
31189,3
31190,3
31191,3
31192,3
31193,3
31194,3
31195,3
31196,3
31197,3
31198,3
31199,2
31200,3
31201,2
31202,3
31203,3
31204,3
31205,3
31206,3
31207,3
31208,2
31209,3
31210,3
31211,3
31212,1
31213,1
31214,1
31215,1
31216,1
31217,1
31218,3
31219,2
31220,3
31221,3
31222,3
31223,1
31224,3
31225,3
31226,3
31227,0
31228,3
31229,3
31230,3
31231,3
31232,3
31233,3
31234,3
31235,3
31236,2
31237,2
31238,3
31239,2
31240,3
31241,2
31242,2
31243,3
31244,3
31245,3
31246,2
31247,3
31248,2
31249,2
31250,3
31251,3
31252,2
31253,2
31254,2
31255,3
31256,3
31257,3
31258,2
31259,3
31260,3
31261,3
31262,3
31263,2
31264,2
31265,2
31266,3
31267,3
31268,3
31269,3
31270,3
31271,3
31272,3
31273,3
31274,3
31275,3
31276,3
31277,3
31278,3
31279,3
31280,3
31281,3
31282,3
31283,3
31284,3
31285,3
31286,3
31287,3
31288,3
31289,3
31290,3
31291,2
31292,2
31293,2
31294,3
31295,3
31296,3
31297,3
31298,3
31299,2
31300,3
31301,3
31302,2
31303,3
31304,3
31305,2
31306,3
31307,3
31308,2
31309,2
31310,2
31311,2
31312,2
31313,2
31314,3
31315,3
31316,1
31317,3
31318,3
31319,3
31320,3
31321,3
31322,3
31323,3
31324,2
31325,3
31326,3
31327,3
31328,3
31329,3
31330,3
31331,3
31332,3
31333,3
31334,3
31335,2
31336,2
31337,2
31338,3
31339,3
31340,2
31341,3
31342,3
31343,2
31344,3
31345,3
31346,2
31347,3
31348,3
31349,3
31350,2
31351,3
31352,3
31353,3
31354,2
31355,3
31356,2
31357,3
31358,3
31359,3
31360,3
31361,3
31362,3
31363,3
31364,3
31365,3
31366,3
31367,3
31368,3
31369,3
31370,3
31371,3
31372,3
31373,3
31374,3
31375,3
31376,3
31377,3
31378,3
31379,2
31380,3
31381,2
31382,3
31383,3
31384,3
31385,2
31386,3
31387,3
31388,3
31389,3
31390,3
31391,3
31392,3
31393,2
31394,3
31395,3
31396,2
31397,3
31398,3
31399,3
31400,2
31401,2
31402,2
31403,3
31404,3
31405,3
31406,3
31407,3
31408,3
31409,3
31410,3
31411,3
31412,3
31413,3
31414,2
31415,3
31416,2
31417,2
31418,3
31419,3
31420,2
31421,2
31422,2
31423,3
31424,3
31425,3
31426,3
31427,3
31428,2
31429,3
31430,3
31431,2
31432,3
31433,2
31434,2
31435,3
31436,3
31437,3
31438,3
31439,3
31440,3
31441,2
31442,3
31443,3
31444,3
31445,3
31446,3
31447,3
31448,3
31449,3
31450,3
31451,2
31452,2
31453,2
31454,1
31455,3
31456,3
31457,3
31458,3
31459,1
31460,3
31461,1
31462,3
31463,1
31464,3
31465,2
31466,2
31467,2
31468,2
31469,3
31470,3
31471,2
31472,2
31473,2
31474,3
31475,2
31476,3
31477,3
31478,2
31479,2
31480,3
31481,3
31482,2
31483,2
31484,2
31485,3
31486,3
31487,1
31488,2
31489,2
31490,2
31491,2
31492,2
31493,3
31494,3
31495,3
31496,3
31497,1
31498,3
31499,1
31500,3
31501,2
31502,2
31503,2
31504,3
31505,3
31506,2
31507,2
31508,2
31509,2
31510,2
31511,3
31512,3
31513,2
31514,3
31515,3
31516,3
31517,3
31518,3
31519,3
31520,3
31521,3
31522,3
31523,2
31524,2
31525,3
31526,3
31527,3
31528,3
31529,3
31530,3
31531,2
31532,3
31533,3
31534,3
31535,3
31536,3
31537,3
31538,3
31539,3
31540,3
31541,1
31542,3
31543,3
31544,3
31545,3
31546,3
31547,3
31548,3
31549,3
31550,3
31551,3
31552,2
31553,2
31554,3
31555,3
31556,2
31557,2
31558,2
31559,3
31560,2
31561,2
31562,2
31563,2
31564,3
31565,2
31566,2
31567,3
31568,3
31569,2
31570,2
31571,2
31572,2
31573,2
31574,2
31575,2
31576,3
31577,3
31578,2
31579,3
31580,2
31581,3
31582,3
31583,3
31584,3
31585,3
31586,2
31587,2
31588,2
31589,2
31590,3
31591,3
31592,3
31593,3
31594,3
31595,3
31596,3
31597,3
31598,3
31599,3
31600,3
31601,3
31602,3
31603,3
31604,3
31605,3
31606,3
31607,3
31608,3
31609,3
31610,3
31611,3
31612,3
31613,3
31614,3
31615,3
31616,3
31617,3
31618,3
31619,3
31620,3
31621,3
31622,2
31623,2
31624,2
31625,2
31626,3
31627,3
31628,2
31629,2
31630,3
31631,2
31632,3
31633,3
31634,3
31635,2
31636,3
31637,3
31638,3
31639,3
31640,3
31641,2
31642,2
31643,3
31644,2
31645,3
31646,3
31647,3
31648,3
31649,3
31650,3
31651,2
31652,3
31653,2
31654,2
31655,3
31656,3
31657,1
31658,1
31659,3
31660,3
31661,1
31662,1
31663,1
31664,1
31665,1
31666,1
31667,1
31668,3
31669,2
31670,3
31671,3
31672,3
31673,3
31674,2
31675,2
31676,2
31677,2
31678,3
31679,3
31680,2
31681,2
31682,2
31683,3
31684,3
31685,3
31686,2
31687,2
31688,3
31689,2
31690,3
31691,3
31692,2
31693,2
31694,2
31695,2
31696,2
31697,3
31698,2
31699,1
31700,3
31701,3
31702,3
31703,3
31704,2
31705,2
31706,3
31707,2
31708,3
31709,2
31710,2
31711,3
31712,3
31713,3
31714,2
31715,2
31716,2
31717,3
31718,3
31719,3
31720,2
31721,3
31722,1
31723,3
31724,3
31725,3
31726,3
31727,3
31728,3
31729,1
31730,3
31731,3
31732,3
31733,3
31734,1
31735,3
31736,2
31737,3
31738,3
31739,3
31740,3
31741,1
31742,1
31743,2
31744,2
31745,2
31746,3
31747,2
31748,2
31749,3
31750,2
31751,2
31752,3
31753,3
31754,3
31755,3
31756,3
31757,3
31758,3
31759,1
31760,3
31761,3
31762,3
31763,3
31764,3
31765,3
31766,3
31767,2
31768,2
31769,2
31770,2
31771,3
31772,2
31773,3
31774,2
31775,3
31776,1
31777,1
31778,1
31779,3
31780,3
31781,3
31782,2
31783,2
31784,2
31785,3
31786,2
31787,3
31788,2
31789,2
31790,2
31791,2
31792,2
31793,2
31794,3
31795,3
31796,2
31797,3
31798,2
31799,2
31800,2
31801,3
31802,1
31803,1
31804,3
31805,3
31806,3
31807,3
31808,3
31809,3
31810,3
31811,3
31812,3
31813,2
31814,2
31815,2
31816,3
31817,1
31818,1
31819,1
31820,2
31821,2
31822,2
31823,2
31824,2
31825,2
31826,2
31827,3
31828,2
31829,2
31830,2
31831,3
31832,2
31833,2
31834,2
31835,3
31836,3
31837,2
31838,2
31839,3
31840,2
31841,2
31842,2
31843,3
31844,3
31845,3
31846,3
31847,1
31848,3
31849,2
31850,3
31851,3
31852,3
31853,3
31854,3
31855,3
31856,3
31857,2
31858,2
31859,2
31860,3
31861,3
31862,1
31863,3
31864,3
31865,3
31866,3
31867,3
31868,3
31869,2
31870,3
31871,3
31872,3
31873,3
31874,3
31875,2
31876,2
31877,2
31878,3
31879,2
31880,3
31881,2
31882,3
31883,2
31884,2
31885,1
31886,1
31887,3
31888,3
31889,3
31890,3
31891,3
31892,3
31893,3
31894,3
31895,2
31896,2
31897,3
31898,3
31899,2
31900,2
31901,2
31902,3
31903,3
31904,2
31905,2
31906,1
31907,2
31908,3
31909,1
31910,2
31911,2
31912,2
31913,2
31914,2
31915,2
31916,2
31917,2
31918,2
31919,2
31920,2
31921,2
31922,2
31923,2
31924,2
31925,2
31926,2
31927,2
31928,2
31929,2
31930,2
31931,2
31932,2
31933,3
31934,2
31935,3
31936,2
31937,2
31938,2
31939,2
31940,2
31941,2
31942,2
31943,2
31944,2
31945,2
31946,2
31947,2
31948,2
31949,2
31950,2
31951,2
31952,3
31953,3
31954,2
31955,3
31956,3
31957,3
31958,2
31959,2
31960,2
31961,2
31962,3
31963,2
31964,2
31965,2
31966,2
31967,2
31968,3
31969,2
31970,2
31971,2
31972,2
31973,2
31974,2
31975,5
31976,2
31977,3
31978,2
31979,3
31980,3
31981,2
31982,2
31983,2
31984,2
31985,2
31986,2
31987,0
31988,2
31989,2
31990,2
31991,2
31992,2
31993,2
31994,2
31995,2
31996,2
31997,2
31998,2
31999,2
32000,2
32001,2
32002,2
32003,2
32004,2
32005,2
32006,3
32007,3
32008,2
32009,2
32010,2
32011,2
32012,2
32013,2
32014,2
32015,2
32016,2
32017,2
32018,2
32019,2
32020,2
32021,2
32022,2
32023,2
32024,3
32025,1
32026,3
32027,2
32028,2
32029,2
32030,2
32031,2
32032,5
32033,2
32034,2
32035,2
32036,2
32037,2
32038,2
32039,3
32040,3
32041,2
32042,2
32043,2
32044,3
32045,2
32046,2
32047,3
32048,2
32049,2
32050,2
32051,3
32052,2
32053,2
32054,2
32055,2
32056,2
32057,2
32058,2
32059,2
32060,3
32061,4
32062,2
32063,2
32064,2
32065,2
32066,2
32067,2
32068,2
32069,2
32070,2
32071,2
32072,2
32073,2
32074,2
32075,2
32076,2
32077,2
32078,2
32079,2
32080,2
32081,2
32082,2
32083,2
32084,2
32085,2
32086,2
32087,2
32088,2
32089,2
32090,2
32091,2
32092,2
32093,2
32094,2
32095,2
32096,2
32097,2
32098,2
32099,2
32100,2
32101,2
32102,2
32103,2
32104,2
32105,2
32106,2
32107,2
32108,2
32109,2
32110,2
32111,3
32112,2
32113,2
32114,2
32115,2
32116,2
32117,2
32118,3
32119,2
32120,2
32121,2
32122,2
32123,2
32124,2
32125,2
32126,2
32127,3
32128,2
32129,3
32130,2
32131,2
32132,3
32133,2
32134,2
32135,2
32136,2
32137,2
32138,2
32139,2
32140,2
32141,2
32142,2
32143,2
32144,2
32145,2
32146,2
32147,2
32148,2
32149,2
32150,2
32151,2
32152,2
32153,2
32154,2
32155,3
32156,2
32157,2
32158,2
32159,2
32160,2
32161,2
32162,2
32163,2
32164,2
32165,2
32166,2
32167,2
32168,2
32169,3
32170,3
32171,3
32172,2
32173,2
32174,2
32175,2
32176,2
32177,2
32178,2
32179,2
32180,2
32181,2
32182,3
32183,2
32184,2
32185,2
32186,2
32187,2
32188,2
32189,2
32190,3
32191,2
32192,2
32193,2
32194,3
32195,2
32196,2
32197,2
32198,2
32199,2
32200,2
32201,2
32202,2
32203,2
32204,2
32205,2
32206,2
32207,2
32208,2
32209,2
32210,2
32211,2
32212,2
32213,2
32214,2
32215,2
32216,2
32217,2
32218,2
32219,2
32220,2
32221,2
32222,2
32223,2
32224,3
32225,3
32226,2
32227,2
32228,2
32229,2
32230,2
32231,2
32232,2
32233,2
32234,2
32235,2
32236,2
32237,2
32238,2
32239,2
32240,2
32241,2
32242,2
32243,2
32244,2
32245,2
32246,2
32247,2
32248,2
32249,2
32250,2
32251,2
32252,3
32253,2
32254,2
32255,2
32256,3
32257,3
32258,2
32259,2
32260,3
32261,2
32262,2
32263,2
32264,2
32265,2
32266,3
32267,2
32268,3
32269,3
32270,3
32271,2
32272,2
32273,2
32274,2
32275,2
32276,2
32277,2
32278,3
32279,3
32280,2
32281,2
32282,2
32283,2
32284,2
32285,2
32286,2
32287,2
32288,3
32289,3
32290,2
32291,2
32292,2
32293,2
32294,2
32295,2
32296,2
32297,2
32298,5
32299,2
32300,2
32301,2
32302,2
32303,2
32304,2
32305,2
32306,2
32307,2
32308,2
32309,3
32310,2
32311,2
32312,2
32313,2
32314,2
32315,2
32316,2
32317,2
32318,2
32319,2
32320,2
32321,2
32322,2
32323,2
32324,2
32325,2
32326,3
32327,2
32328,2
32329,2
32330,2
32331,2
32332,2
32333,2
32334,2
32335,2
32336,2
32337,2
32338,2
32339,2
32340,2
32341,2
32342,2
32343,2
32344,2
32345,2
32346,2
32347,2
32348,2
32349,2
32350,2
32351,2
32352,2
32353,2
32354,2
32355,2
32356,2
32357,2
32358,2
32359,3
32360,2
32361,2
32362,2
32363,2
32364,2
32365,2
32366,2
32367,2
32368,2
32369,2
32370,2
32371,2
32372,2
32373,2
32374,2
32375,2
32376,2
32377,2
32378,2
32379,2
32380,2
32381,2
32382,2
32383,2
32384,2
32385,2
32386,2
32387,2
32388,2
32389,2
32390,2
32391,2
32392,2
32393,2
32394,2
32395,2
32396,2
32397,2
32398,2
32399,2
32400,2
32401,2
32402,2
32403,2
32404,2
32405,2
32406,2
32407,2
32408,2
32409,2
32410,2
32411,2
32412,2
32413,2
32414,2
32415,2
32416,2
32417,2
32418,2
32419,2
32420,2
32421,2
32422,3
32423,3
32424,2
32425,2
32426,2
32427,2
32428,2
32429,2
32430,2
32431,2
32432,3
32433,1
32434,1
32435,1
32436,1
32437,2
32438,2
32439,2
32440,2
32441,3
32442,2
32443,2
32444,3
32445,2
32446,2
32447,2
32448,2
32449,2
32450,2
32451,2
32452,2
32453,2
32454,2
32455,2
32456,3
32457,2
32458,2
32459,2
32460,2
32461,3
32462,2
32463,2
32464,2
32465,2
32466,2
32467,2
32468,2
32469,2
32470,2
32471,2
32472,2
32473,2
32474,2
32475,2
32476,2
32477,2
32478,2
32479,2
32480,2
32481,2
32482,2
32483,2
32484,3
32485,2
32486,2
32487,2
32488,2
32489,2
32490,2
32491,2
32492,2
32493,2
32494,2
32495,2
32496,2
32497,2
32498,2
32499,2
32500,2
32501,2
32502,2
32503,2
32504,2
32505,2
32506,2
32507,2
32508,3
32509,2
32510,2
32511,2
32512,3
32513,2
32514,3
32515,2
32516,2
32517,3
32518,2
32519,3
32520,2
32521,2
32522,2
32523,2
32524,2
32525,2
32526,2
32527,2
32528,2
32529,2
32530,3
32531,2
32532,2
32533,2
32534,2
32535,2
32536,2
32537,2
32538,2
32539,2
32540,2
32541,2
32542,3
32543,2
32544,2
32545,3
32546,3
32547,3
32548,3
32549,3
32550,2
32551,3
32552,3
32553,3
32554,2
32555,2
32556,3
32557,3
32558,2
32559,3
32560,0
32561,3
32562,3
32563,3
32564,3
32565,1
32566,3
32567,3
32568,3
32569,2
32570,2
32571,1
32572,1
32573,3
32574,0
32575,3
32576,3
32577,1
32578,1
32579,2
32580,3
32581,2
32582,2
32583,2
32584,3
32585,2
32586,1
32587,3
32588,3
32589,3
32590,3
32591,3
32592,3
32593,3
32594,3
32595,3
32596,3
32597,3
32598,3
32599,3
32600,3
32601,1
32602,1
32603,3
32604,3
32605,1
32606,3
32607,3
32608,1
32609,1
32610,3
32611,2
32612,3
32613,3
32614,3
32615,3
32616,3
32617,2
32618,3
32619,3
32620,3
32621,2
32622,3
32623,2
32624,3
32625,2
32626,1
32627,0
32628,0
32629,0
32630,0
32631,2
32632,0
32633,0
32634,0
32635,0
32636,0
32637,0
32638,0
32639,0
32640,3
32641,3
32642,0
32643,3
32644,2
32645,3
32646,3
32647,3
32648,3
32649,3
32650,2
32651,3
32652,2
32653,2
32654,2
32655,3
32656,3
32657,3
32658,0
32659,0
32660,3
32661,3
32662,3
32663,3
32664,3
32665,3
32666,3
32667,3
32668,3
32669,3
32670,3
32671,3
32672,3
32673,3
32674,3
32675,3
32676,3
32677,3
32678,3
32679,0
32680,3
32681,2
32682,3
32683,3
32684,3
32685,3
32686,3
32687,3
32688,3
32689,3
32690,3
32691,3
32692,3
32693,3
32694,3
32695,3
32696,3
32697,3
32698,3
32699,3
32700,3
32701,3
32702,3
32703,3
32704,1
32705,0
32706,3
32707,3
32708,2
32709,3
32710,3
32711,3
32712,3
32713,3
32714,3
32715,3
32716,3
32717,3
32718,3
32719,3
32720,3
32721,3
32722,3
32723,3
32724,3
32725,3
32726,3
32727,3
32728,3
32729,3
32730,2
32731,3
32732,3
32733,0
32734,3
32735,3
32736,3
32737,3
32738,2
32739,2
32740,2
32741,2
32742,3
32743,2
32744,3
32745,2
32746,3
32747,2
32748,2
32749,3
32750,3
32751,3
32752,3
32753,3
32754,3
32755,3
32756,3
32757,3
32758,3
32759,0
32760,0
32761,0
32762,2
32763,0
32764,3
32765,2
32766,0
32767,0
32768,0
32769,0
32770,0
32771,0
32772,0
32773,0
32774,0
32775,3
32776,0
32777,3
32778,2
32779,2
32780,2
32781,3
32782,3
32783,3
32784,2
32785,2
32786,3
32787,3
32788,2
32789,3
32790,2
32791,2
32792,3
32793,3
32794,2
32795,3
32796,3
32797,3
32798,3
32799,3
32800,3
32801,3
32802,3
32803,3
32804,3
32805,3
32806,3
32807,3
32808,3
32809,3
32810,3
32811,3
32812,3
32813,3
32814,3
32815,3
32816,3
32817,3
32818,0
32819,3
32820,0
32821,3
32822,3
32823,3
32824,3
32825,3
32826,3
32827,3
32828,3
32829,3
32830,3
32831,3
32832,3
32833,3
32834,3
32835,3
32836,3
32837,3
32838,0
32839,3
32840,3
32841,3
32842,3
32843,3
32844,3
32845,3
32846,3
32847,3
32848,3
32849,3
32850,2
32851,3
32852,3
32853,3
32854,3
32855,2
32856,0
32857,3
32858,3
32859,3
32860,3
32861,3
32862,4
32863,3
32864,3
32865,3
32866,3
32867,3
32868,3
32869,3
32870,3
32871,3
32872,3
32873,3
32874,3
32875,0
32876,1
32877,0
32878,3
32879,3
32880,3
32881,2
32882,0
32883,0
32884,3
32885,3
32886,3
32887,3
32888,2
32889,0
32890,2
32891,3
32892,3
32893,3
32894,3
32895,3
32896,3
32897,3
32898,3
32899,3
32900,3
32901,3
32902,3
32903,3
32904,3
32905,3
32906,3
32907,3
32908,2
32909,2
32910,3
32911,3
32912,3
32913,3
32914,3
32915,3
32916,3
32917,3
32918,3
32919,3
32920,3
32921,3
32922,3
32923,3
32924,3
32925,3
32926,0
32927,0
32928,0
32929,3
32930,3
32931,3
32932,3
32933,3
32934,3
32935,0
32936,0
32937,2
32938,0
32939,3
32940,3
32941,3
32942,3
32943,3
32944,3
32945,3
32946,3
32947,3
32948,0
32949,1
32950,2
32951,1
32952,3
32953,3
32954,3
32955,3
32956,2
32957,0
32958,0
32959,0
32960,2
32961,2
32962,0
32963,2
32964,3
32965,2
32966,2
32967,0
32968,0
32969,0
32970,0
32971,2
32972,3
32973,3
32974,2
32975,0
32976,0
32977,0
32978,0
32979,0
32980,0
32981,0
32982,2
32983,0
32984,2
32985,3
32986,2
32987,0
32988,0
32989,0
32990,0
32991,0
32992,0
32993,2
32994,2
32995,2
32996,0
32997,2
32998,2
32999,0
33000,0
33001,0
33002,0
33003,0
33004,0
33005,0
33006,2
33007,2
33008,2
33009,0
33010,0
33011,0
33012,2
33013,2
33014,2
33015,3
33016,0
33017,0
33018,2
33019,2
33020,0
33021,2
33022,0
33023,1
33024,3
33025,1
33026,1
33027,0
33028,0
33029,3
33030,3
33031,3
33032,3
33033,3
33034,1
33035,0
33036,0
33037,0
33038,0
33039,0
33040,3
33041,0
33042,0
33043,2
33044,0
33045,2
33046,0
33047,0
33048,2
33049,0
33050,2
33051,2
33052,2
33053,1
33054,0
33055,3
33056,2
33057,0
33058,0
33059,0
33060,2
33061,3
33062,0
33063,3
33064,3
33065,3
33066,1
33067,3
33068,3
33069,3
33070,3
33071,0
33072,3
33073,3
33074,3
33075,1
33076,0
33077,2
33078,2
33079,0
33080,3
33081,1
33082,1
33083,0
33084,3
33085,1
33086,1
33087,0
33088,1
33089,0
33090,2
33091,0
33092,2
33093,2
33094,0
33095,2
33096,0
33097,0
33098,0
33099,0
33100,2
33101,0
33102,0
33103,2
33104,2
33105,0
33106,2
33107,2
33108,1
33109,2
33110,3
33111,2
33112,3
33113,0
33114,2
33115,2
33116,3
33117,2
33118,0
33119,1
33120,3
33121,1
33122,0
33123,0
33124,2
33125,2
33126,2
33127,2
33128,2
33129,0
33130,3
33131,3
33132,2
33133,1
33134,2
33135,2
33136,2
33137,2
33138,2
33139,2
33140,3
33141,3
33142,3
33143,1
33144,1
33145,1
33146,1
33147,2
33148,0
33149,2
33150,2
33151,1
33152,3
33153,1
33154,3
33155,1
33156,0
33157,0
33158,0
33159,0
33160,0
33161,3
33162,2
33163,3
33164,2
33165,2
33166,2
33167,2
33168,2
33169,2
33170,2
33171,2
33172,2
33173,2
33174,2
33175,2
33176,2
33177,2
33178,2
33179,2
33180,2
33181,2
33182,3
33183,2
33184,2
33185,2
33186,2
33187,2
33188,2
33189,2
33190,2
33191,2
33192,2
33193,2
33194,2
33195,2
33196,2
33197,2
33198,2
33199,2
33200,2
33201,2
33202,2
33203,2
33204,2
33205,2
33206,2
33207,2
33208,2
33209,2
33210,2
33211,2
33212,3
33213,2
33214,2
33215,3
33216,2
33217,3
33218,3
33219,3
33220,2
33221,3
33222,3
33223,2
33224,3
33225,2
33226,1
33227,3
33228,3
33229,2
33230,2
33231,2
33232,2
33233,2
33234,2
33235,2
33236,2
33237,2
33238,2
33239,2
33240,2
33241,1
33242,2
33243,2
33244,2
33245,3
33246,2
33247,2
33248,2
33249,3
33250,2
33251,2
33252,2
33253,2
33254,2
33255,2
33256,2
33257,2
33258,2
33259,2
33260,3
33261,2
33262,3
33263,1
33264,2
33265,2
33266,3
33267,3
33268,3
33269,3
33270,2
33271,3
33272,3
33273,2
33274,3
33275,2
33276,2
33277,3
33278,3
33279,3
33280,1
33281,3
33282,3
33283,3
33284,1
33285,3
33286,3
33287,3
33288,2
33289,2
33290,3
33291,3
33292,2
33293,2
33294,0
33295,2
33296,2
33297,2
33298,2
33299,1
33300,2
33301,2
33302,2
33303,3
33304,2
33305,1
33306,3
33307,2
33308,2
33309,1
33310,2
33311,2
33312,2
33313,2
33314,2
33315,2
33316,2
33317,2
33318,2
33319,2
33320,2
33321,2
33322,2
33323,3
33324,2
33325,2
33326,2
33327,1
33328,3
33329,1
33330,2
33331,2
33332,2
33333,2
33334,2
33335,2
33336,2
33337,2
33338,2
33339,2
33340,2
33341,2
33342,2
33343,2
33344,2
33345,2
33346,2
33347,2
33348,2
33349,2
33350,2
33351,2
33352,2
33353,3
33354,2
33355,2
33356,2
33357,2
33358,2
33359,2
33360,2
33361,2
33362,2
33363,2
33364,2
33365,2
33366,2
33367,2
33368,2
33369,3
33370,2
33371,3
33372,2
33373,2
33374,1
33375,2
33376,2
33377,2
33378,2
33379,2
33380,2
33381,2
33382,2
33383,2
33384,3
33385,2
33386,2
33387,2
33388,2
33389,2
33390,2
33391,2
33392,2
33393,2
33394,2
33395,2
33396,1
33397,3
33398,3
33399,2
33400,2
33401,2
33402,2
33403,2
33404,2
33405,2
33406,2
33407,2
33408,2
33409,2
33410,3
33411,2
33412,2
33413,2
33414,2
33415,2
33416,3
33417,2
33418,2
33419,3
33420,2
33421,3
33422,2
33423,2
33424,2
33425,2
33426,2
33427,2
33428,2
33429,2
33430,2
33431,2
33432,2
33433,2
33434,2
33435,2
33436,2
33437,2
33438,2
33439,2
33440,2
33441,2
33442,2
33443,2
33444,1
33445,1
33446,2
33447,2
33448,2
33449,2
33450,2
33451,2
33452,2
33453,2
33454,2
33455,3
33456,2
33457,2
33458,2
33459,3
33460,2
33461,2
33462,2
33463,1
33464,2
33465,2
33466,2
33467,2
33468,2
33469,1
33470,2
33471,2
33472,2
33473,1
33474,2
33475,2
33476,2
33477,1
33478,2
33479,2
33480,2
33481,2
33482,2
33483,2
33484,2
33485,2
33486,2
33487,2
33488,2
33489,2
33490,2
33491,2
33492,2
33493,2
33494,2
33495,2
33496,2
33497,2
33498,3
33499,3
33500,2
33501,1
33502,2
33503,2
33504,1
33505,2
33506,3
33507,2
33508,3
33509,3
33510,1
33511,2
33512,3
33513,2
33514,2
33515,2
33516,3
33517,2
33518,2
33519,2
33520,2
33521,1
33522,2
33523,3
33524,3
33525,3
33526,2
33527,2
33528,1
33529,3
33530,1
33531,1
33532,3
33533,1
33534,3
33535,3
33536,1
33537,3
33538,1
33539,3
33540,2
33541,2
33542,3
33543,2
33544,2
33545,2
33546,1
33547,3
33548,3
33549,2
33550,1
33551,1
33552,3
33553,3
33554,3
33555,3
33556,3
33557,3
33558,2
33559,3
33560,2
33561,2
33562,3
33563,2
33564,3
33565,3
33566,3
33567,2
33568,3
33569,1
33570,1
33571,2
33572,2
33573,2
33574,2
33575,2
33576,2
33577,2
33578,2
33579,2
33580,2
33581,2
33582,2
33583,3
33584,3
33585,3
33586,1
33587,2
33588,1
33589,1
33590,2
33591,1
33592,1
33593,3
33594,1
33595,1
33596,1
33597,3
33598,2
33599,2
33600,2
33601,3
33602,1
33603,1
33604,2
33605,3
33606,2
33607,2
33608,2
33609,3
33610,2
33611,2
33612,2
33613,2
33614,2
33615,2
33616,2
33617,2
33618,2
33619,1
33620,2
33621,2
33622,2
33623,2
33624,2
33625,2
33626,2
33627,2
33628,2
33629,2
33630,2
33631,2
33632,2
33633,2
33634,2
33635,2
33636,2
33637,2
33638,2
33639,2
33640,2
33641,2
33642,2
33643,2
33644,2
33645,2
33646,2
33647,2
33648,2
33649,2
33650,2
33651,2
33652,2
33653,2
33654,2
33655,2
33656,2
33657,2
33658,2
33659,2
33660,2
33661,2
33662,2
33663,2
33664,2
33665,3
33666,2
33667,2
33668,2
33669,2
33670,2
33671,2
33672,2
33673,2
33674,2
33675,2
33676,2
33677,2
33678,2
33679,2
33680,2
33681,2
33682,2
33683,2
33684,2
33685,2
33686,2
33687,2
33688,2
33689,2
33690,3
33691,2
33692,2
33693,3
33694,2
33695,2
33696,2
33697,2
33698,2
33699,2
33700,2
33701,2
33702,2
33703,2
33704,2
33705,2
33706,2
33707,2
33708,2
33709,1
33710,2
33711,2
33712,2
33713,2
33714,2
33715,2
33716,3
33717,2
33718,2
33719,2
33720,3
33721,2
33722,1
33723,2
33724,3
33725,3
33726,3
33727,3
33728,2
33729,2
33730,3
33731,2
33732,2
33733,2
33734,2
33735,2
33736,3
33737,2
33738,2
33739,2
33740,2
33741,2
33742,2
33743,1
33744,1
33745,3
33746,2
33747,2
33748,2
33749,2
33750,3
33751,2
33752,3
33753,3
33754,2
33755,1
33756,2
33757,2
33758,2
33759,3
33760,2
33761,2
33762,2
33763,2
33764,2
33765,3
33766,2
33767,2
33768,3
33769,2
33770,2
33771,2
33772,2
33773,3
33774,2
33775,3
33776,2
33777,3
33778,2
33779,2
33780,3
33781,3
33782,1
33783,3
33784,2
33785,3
33786,2
33787,2
33788,2
33789,2
33790,3
33791,3
33792,2
33793,3
33794,3
33795,3
33796,3
33797,3
33798,1
33799,3
33800,3
33801,3
33802,3
33803,3
33804,3
33805,3
33806,3
33807,3
33808,3
33809,3
33810,2
33811,2
33812,2
33813,2
33814,2
33815,3
33816,3
33817,3
33818,2
33819,2
33820,2
33821,3
33822,3
33823,3
33824,2
33825,3
33826,3
33827,3
33828,2
33829,2
33830,2
33831,2
33832,2
33833,2
33834,1
33835,2
33836,3
33837,2
33838,3
33839,2
33840,3
33841,3
33842,2
33843,3
33844,2
33845,3
33846,2
33847,2
33848,2
33849,2
33850,2
33851,3
33852,2
33853,2
33854,2
33855,2
33856,2
33857,2
33858,2
33859,3
33860,2
33861,2
33862,2
33863,2
33864,3
33865,3
33866,3
33867,2
33868,2
33869,2
33870,3
33871,2
33872,2
33873,2
33874,2
33875,2
33876,2
33877,2
33878,2
33879,2
33880,3
33881,2
33882,2
33883,2
33884,2
33885,2
33886,3
33887,2
33888,2
33889,2
33890,2
33891,2
33892,2
33893,2
33894,2
33895,2
33896,2
33897,2
33898,2
33899,2
33900,2
33901,2
33902,2
33903,2
33904,2
33905,2
33906,2
33907,2
33908,2
33909,0
33910,3
33911,2
33912,3
33913,2
33914,2
33915,2
33916,3
33917,2
33918,2
33919,2
33920,2
33921,2
33922,2
33923,2
33924,2
33925,2
33926,2
33927,2
33928,2
33929,2
33930,2
33931,2
33932,2
33933,2
33934,2
33935,2
33936,3
33937,2
33938,2
33939,2
33940,2
33941,2
33942,2
33943,2
33944,2
33945,2
33946,2
33947,2
33948,2
33949,2
33950,3
33951,2
33952,2
33953,2
33954,2
33955,2
33956,2
33957,3
33958,3
33959,2
33960,2
33961,2
33962,2
33963,2
33964,2
33965,2
33966,2
33967,2
33968,2
33969,2
33970,2
33971,2
33972,2
33973,2
33974,2
33975,2
33976,2
33977,2
33978,2
33979,2
33980,2
33981,2
33982,2
33983,2
33984,2
33985,2
33986,3
33987,3
33988,2
33989,2
33990,2
33991,2
33992,2
33993,2
33994,2
33995,2
33996,2
33997,2
33998,3
33999,2
34000,2
34001,2
34002,2
34003,2
34004,2
34005,2
34006,3
34007,2
34008,2
34009,3
34010,2
34011,2
34012,2
34013,3
34014,2
34015,2
34016,2
34017,2
34018,2
34019,2
34020,2
34021,2
34022,2
34023,3
34024,3
34025,2
34026,2
34027,2
34028,3
34029,2
34030,2
34031,2
34032,2
34033,2
34034,2
34035,2
34036,2
34037,2
34038,2
34039,2
34040,2
34041,2
34042,2
34043,2
34044,2
34045,2
34046,2
34047,2
34048,2
34049,2
34050,2
34051,2
34052,2
34053,2
34054,2
34055,3
34056,2
34057,2
34058,2
34059,2
34060,2
34061,2
34062,3
34063,3
34064,2
34065,2
34066,2
34067,2
34068,2
34069,2
34070,2
34071,2
34072,2
34073,2
34074,2
34075,2
34076,2
34077,2
34078,3
34079,2
34080,2
34081,3
34082,3
34083,2
34084,2
34085,2
34086,2
34087,2
34088,2
34089,2
34090,3
34091,2
34092,2
34093,2
34094,3
34095,3
34096,3
34097,2
34098,2
34099,3
34100,2
34101,2
34102,2
34103,2
34104,2
34105,3
34106,2
34107,2
34108,2
34109,2
34110,2
34111,2
34112,2
34113,2
34114,3
34115,3
34116,3
34117,3
34118,2
34119,2
34120,2
34121,2
34122,2
34123,2
34124,2
34125,3
34126,2
34127,3
34128,2
34129,2
34130,3
34131,3
34132,3
34133,2
34134,3
34135,3
34136,3
34137,2
34138,2
34139,2
34140,1
34141,2
34142,2
34143,2
34144,2
34145,2
34146,3
34147,2
34148,2
34149,2
34150,2
34151,1
34152,2
34153,2
34154,2
34155,2
34156,3
34157,3
34158,2
34159,2
34160,2
34161,2
34162,2
34163,2
34164,2
34165,2
34166,2
34167,2
34168,2
34169,2
34170,3
34171,2
34172,2
34173,2
34174,1
34175,2
34176,2
34177,2
34178,2
34179,1
34180,2
34181,2
34182,3
34183,3
34184,2
34185,1
34186,2
34187,3
34188,2
34189,2
34190,2
34191,2
34192,1
34193,2
34194,2
34195,2
34196,2
34197,2
34198,2
34199,2
34200,2
34201,2
34202,3
34203,1
34204,1
34205,1
34206,2
34207,3
34208,2
34209,3
34210,3
34211,3
34212,3
34213,2
34214,2
34215,2
34216,2
34217,2
34218,2
34219,2
34220,2
34221,3
34222,3
34223,3
34224,2
34225,1
34226,2
34227,3
34228,3
34229,3
34230,1
34231,1
34232,1
34233,2
34234,3
34235,3
34236,2
34237,2
34238,2
34239,2
34240,2
34241,1
34242,3
34243,2
34244,2
34245,1
34246,2
34247,2
34248,2
34249,2
34250,2
34251,2
34252,2
34253,2
34254,2
34255,2
34256,2
34257,2
34258,2
34259,2
34260,2
34261,2
34262,2
34263,2
34264,3
34265,2
34266,3
34267,2
34268,3
34269,2
34270,2
34271,2
34272,2
34273,1
34274,2
34275,2
34276,2
34277,2
34278,1
34279,2
34280,2
34281,2
34282,2
34283,2
34284,3
34285,2
34286,2
34287,2
34288,2
34289,1
34290,2
34291,2
34292,2
34293,2
34294,2
34295,2
34296,2
34297,2
34298,2
34299,2
34300,2
34301,1
34302,2
34303,2
34304,2
34305,2
34306,2
34307,2
34308,2
34309,2
34310,1
34311,2
34312,2
34313,2
34314,3
34315,2
34316,2
34317,2
34318,2
34319,3
34320,2
34321,2
34322,2
34323,2
34324,2
34325,2
34326,2
34327,2
34328,3
34329,3
34330,2
34331,3
34332,2
34333,2
34334,2
34335,2
34336,2
34337,2
34338,2
34339,2
34340,2
34341,2
34342,3
34343,2
34344,3
34345,3
34346,2
34347,2
34348,2
34349,2
34350,2
34351,2
34352,2
34353,2
34354,2
34355,2
34356,2
34357,2
34358,2
34359,2
34360,2
34361,2
34362,2
34363,2
34364,2
34365,2
34366,2
34367,2
34368,2
34369,2
34370,2
34371,2
34372,2
34373,2
34374,2
34375,3
34376,3
34377,2
34378,3
34379,2
34380,3
34381,3
34382,2
34383,3
34384,2
34385,2
34386,2
34387,3
34388,3
34389,2
34390,3
34391,2
34392,3
34393,2
34394,2
34395,2
34396,2
34397,2
34398,2
34399,3
34400,2
34401,2
34402,2
34403,2
34404,2
34405,2
34406,2
34407,2
34408,2
34409,2
34410,2
34411,2
34412,2
34413,2
34414,2
34415,2
34416,2
34417,3
34418,1
34419,2
34420,3
34421,3
34422,3
34423,1
34424,3
34425,3
34426,2
34427,3
34428,2
34429,3
34430,3
34431,3
34432,1
34433,1
34434,2
34435,3
34436,3
34437,2
34438,2
34439,2
34440,2
34441,2
34442,2
34443,2
34444,2
34445,2
34446,2
34447,2
34448,2
34449,3
34450,3
34451,2
34452,2
34453,2
34454,2
34455,2
34456,2
34457,2
34458,2
34459,2
34460,2
34461,2
34462,2
34463,2
34464,2
34465,2
34466,2
34467,2
34468,2
34469,2
34470,2
34471,2
34472,2
34473,2
34474,0
34475,2
34476,2
34477,2
34478,2
34479,2
34480,2
34481,2
34482,2
34483,2
34484,2
34485,2
34486,2
34487,2
34488,2
34489,2
34490,2
34491,2
34492,2
34493,2
34494,2
34495,2
34496,3
34497,2
34498,2
34499,2
34500,2
34501,2
34502,2
34503,2
34504,2
34505,2
34506,2
34507,2
34508,2
34509,2
34510,3
34511,1
34512,1
34513,2
34514,2
34515,1
34516,3
34517,1
34518,1
34519,3
34520,3
34521,3
34522,3
34523,1
34524,0
34525,1
34526,3
34527,3
34528,1
34529,1
34530,3
34531,2
34532,1
34533,3
34534,3
34535,1
34536,3
34537,3
34538,3
34539,2
34540,3
34541,1
34542,3
34543,3
34544,3
34545,3
34546,2
34547,1
34548,2
34549,1
34550,3
34551,1
34552,2
34553,2
34554,2
34555,3
34556,1
34557,3
34558,1
34559,2
34560,1
34561,1
34562,3
34563,2
34564,2
34565,2
34566,2
34567,1
34568,2
34569,2
34570,2
34571,2
34572,2
34573,2
34574,2
34575,2
34576,2
34577,2
34578,2
34579,2
34580,2
34581,2
34582,2
34583,2
34584,2
34585,2
34586,2
34587,2
34588,2
34589,2
34590,2
34591,2
34592,2
34593,2
34594,2
34595,2
34596,2
34597,2
34598,2
34599,3
34600,2
34601,2
34602,2
34603,2
34604,2
34605,2
34606,2
34607,2
34608,2
34609,2
34610,2
34611,2
34612,2
34613,2
34614,2
34615,2
34616,3
34617,2
34618,2
34619,3
34620,3
34621,2
34622,2
34623,2
34624,2
34625,2
34626,2
34627,2
34628,2
34629,2
34630,2
34631,2
34632,2
34633,2
34634,2
34635,3
34636,2
34637,2
34638,2
34639,2
34640,3
34641,1
34642,3
34643,3
34644,1
34645,3
34646,3
34647,1
34648,3
34649,2
34650,3
34651,3
34652,2
34653,2
34654,2
34655,2
34656,2
34657,1
34658,3
34659,2
34660,2
34661,2
34662,2
34663,2
34664,2
34665,2
34666,3
34667,3
34668,2
34669,2
34670,2
34671,2
34672,3
34673,2
34674,2
34675,2
34676,2
34677,2
34678,2
34679,2
34680,2
34681,2
34682,2
34683,2
34684,2
34685,2
34686,2
34687,2
34688,2
34689,2
34690,2
34691,2
34692,2
34693,2
34694,2
34695,2
34696,2
34697,2
34698,2
34699,2
34700,2
34701,2
34702,2
34703,2
34704,2
34705,2
34706,2
34707,2
34708,2
34709,2
34710,2
34711,3
34712,3
34713,3
34714,3
34715,3
34716,2
34717,3
34718,2
34719,2
34720,2
34721,2
34722,2
34723,2
34724,2
34725,1
34726,3
34727,2
34728,2
34729,2
34730,2
34731,2
34732,2
34733,2
34734,3
34735,2
34736,2
34737,3
34738,3
34739,2
34740,2
34741,2
34742,2
34743,2
34744,2
34745,2
34746,3
34747,2
34748,2
34749,2
34750,2
34751,2
34752,2
34753,2
34754,2
34755,2
34756,2
34757,2
34758,2
34759,2
34760,2
34761,2
34762,2
34763,2
34764,2
34765,2
34766,3
34767,2
34768,2
34769,2
34770,2
34771,2
34772,2
34773,2
34774,2
34775,3
34776,2
34777,2
34778,1
34779,3
34780,2
34781,2
34782,2
34783,2
34784,1
34785,1
34786,1
34787,1
34788,3
34789,1
34790,3
34791,3
34792,1
34793,1
34794,3
34795,1
34796,1
34797,3
34798,3
34799,3
34800,3
34801,1
34802,1
34803,3
34804,1
34805,1
34806,3
34807,3
34808,3
34809,3
34810,1
34811,1
34812,2
34813,3
34814,3
34815,1
34816,1
34817,3
34818,3
34819,3
34820,3
34821,3
34822,3
34823,1
34824,3
34825,1
34826,3
34827,2
34828,2
34829,1
34830,2
34831,2
34832,2
34833,2
34834,3
34835,3
34836,2
34837,2
34838,2
34839,2
34840,2
34841,2
34842,2
34843,2
34844,2
34845,2
34846,1
34847,3
34848,3
34849,3
34850,2
34851,2
34852,2
34853,2
34854,1
34855,2
34856,1
34857,1
34858,2
34859,3
34860,2
34861,2
34862,3
34863,2
34864,3
34865,2
34866,2
34867,2
34868,2
34869,2
34870,2
34871,2
34872,2
34873,2
34874,2
34875,2
34876,2
34877,3
34878,2
34879,3
34880,3
34881,2
34882,2
34883,2
34884,2
34885,3
34886,2
34887,3
34888,3
34889,3
34890,2
34891,2
34892,2
34893,2
34894,3
34895,2
34896,2
34897,3
34898,3
34899,3
34900,3
34901,2
34902,3
34903,3
34904,3
34905,3
34906,2
34907,2
34908,2
34909,3
34910,1
34911,2
34912,3
34913,2
34914,3
34915,2
34916,3
34917,3
34918,2
34919,3
34920,2
34921,2
34922,2
34923,2
34924,3
34925,3
34926,3
34927,2
34928,2
34929,2
34930,2
34931,2
34932,2
34933,2
34934,2
34935,2
34936,2
34937,2
34938,2
34939,2
34940,2
34941,1
34942,2
34943,2
34944,2
34945,2
34946,2
34947,2
34948,3
34949,3
34950,2
34951,2
34952,3
34953,2
34954,3
34955,2
34956,2
34957,3
34958,2
34959,2
34960,2
34961,2
34962,2
34963,2
34964,2
34965,2
34966,1
34967,2
34968,2
34969,1
34970,2
34971,2
34972,2
34973,2
34974,2
34975,2
34976,2
34977,2
34978,2
34979,2
34980,3
34981,2
34982,2
34983,2
34984,2
34985,2
34986,2
34987,2
34988,2
34989,2
34990,2
34991,2
34992,3
34993,2
34994,2
34995,3
34996,3
34997,2
34998,2
34999,3
35000,2
35001,2
35002,2
35003,2
35004,2
35005,2
35006,2
35007,2
35008,2
35009,2
35010,2
35011,2
35012,2
35013,2
35014,2
35015,2
35016,2
35017,2
35018,2
35019,2
35020,2
35021,2
35022,2
35023,2
35024,2
35025,2
35026,2
35027,2
35028,2
35029,2
35030,2
35031,2
35032,2
35033,2
35034,2
35035,2
35036,2
35037,2
35038,2
35039,2
35040,2
35041,2
35042,3
35043,3
35044,2
35045,2
35046,2
35047,2
35048,2
35049,2
35050,3
35051,2
35052,2
35053,3
35054,3
35055,3
35056,3
35057,2
35058,1
35059,3
35060,3
35061,3
35062,3
35063,2
35064,2
35065,2
35066,2
35067,2
35068,2
35069,2
35070,2
35071,2
35072,2
35073,2
35074,2
35075,2
35076,2
35077,2
35078,2
35079,2
35080,2
35081,2
35082,2
35083,2
35084,2
35085,2
35086,2
35087,2
35088,2
35089,2
35090,2
35091,2
35092,2
35093,2
35094,2
35095,2
35096,2
35097,2
35098,2
35099,2
35100,2
35101,2
35102,2
35103,2
35104,2
35105,2
35106,2
35107,2
35108,2
35109,2
35110,2
35111,2
35112,2
35113,2
35114,2
35115,2
35116,2
35117,2
35118,2
35119,2
35120,2
35121,2
35122,2
35123,2
35124,2
35125,2
35126,2
35127,2
35128,2
35129,2
35130,2
35131,2
35132,2
35133,2
35134,2
35135,2
35136,2
35137,2
35138,2
35139,2
35140,2
35141,2
35142,2
35143,2
35144,2
35145,2
35146,2
35147,2
35148,2
35149,2
35150,2
35151,2
35152,2
35153,2
35154,2
35155,2
35156,2
35157,2
35158,2
35159,2
35160,2
35161,2
35162,2
35163,2
35164,2
35165,2
35166,2
35167,2
35168,2
35169,2
35170,2
35171,2
35172,2
35173,2
35174,2
35175,2
35176,2
35177,2
35178,2
35179,2
35180,2
35181,2
35182,2
35183,2
35184,2
35185,2
35186,2
35187,2
35188,2
35189,2
35190,2
35191,2
35192,2
35193,2
35194,2
35195,2
35196,2
35197,2
35198,2
35199,2
35200,2
35201,2
35202,2
35203,2
35204,2
35205,2
35206,2
35207,2
35208,2
35209,2
35210,2
35211,2
35212,2
35213,2
35214,2
35215,2
35216,2
35217,2
35218,2
35219,2
35220,2
35221,2
35222,2
35223,2
35224,2
35225,2
35226,2
35227,2
35228,2
35229,2
35230,2
35231,2
35232,2
35233,2
35234,2
35235,2
35236,2
35237,2
35238,2
35239,2
35240,2
35241,2
35242,2
35243,2
35244,2
35245,2
35246,2
35247,2
35248,2
35249,2
35250,2
35251,3
35252,2
35253,3
35254,2
35255,2
35256,2
35257,2
35258,2
35259,2
35260,2
35261,2
35262,2
35263,2
35264,2
35265,2
35266,2
35267,2
35268,2
35269,2
35270,2
35271,2
35272,2
35273,2
35274,3
35275,3
35276,2
35277,2
35278,2
35279,2
35280,2
35281,2
35282,2
35283,2
35284,2
35285,2
35286,2
35287,2
35288,2
35289,2
35290,2
35291,2
35292,2
35293,2
35294,2
35295,2
35296,2
35297,2
35298,2
35299,2
35300,2
35301,2
35302,2
35303,2
35304,2
35305,2
35306,2
35307,2
35308,2
35309,2
35310,2
35311,2
35312,2
35313,2
35314,2
35315,2
35316,2
35317,2
35318,2
35319,2
35320,2
35321,2
35322,2
35323,2
35324,2
35325,2
35326,2
35327,2
35328,2
35329,2
35330,2
35331,2
35332,2
35333,2
35334,2
35335,2
35336,2
35337,2
35338,2
35339,2
35340,2
35341,2
35342,2
35343,2
35344,2
35345,2
35346,2
35347,2
35348,2
35349,2
35350,2
35351,2
35352,2
35353,2
35354,2
35355,2
35356,2
35357,2
35358,2
35359,2
35360,2
35361,2
35362,2
35363,2
35364,2
35365,2
35366,2
35367,2
35368,2
35369,2
35370,2
35371,2
35372,2
35373,2
35374,2
35375,2
35376,2
35377,2
35378,2
35379,2
35380,2
35381,2
35382,2
35383,2
35384,2
35385,2
35386,2
35387,2
35388,2
35389,2
35390,2
35391,2
35392,2
35393,2
35394,2
35395,2
35396,2
35397,2
35398,2
35399,2
35400,2
35401,2
35402,2
35403,2
35404,2
35405,2
35406,2
35407,2
35408,2
35409,2
35410,2
35411,2
35412,2
35413,2
35414,2
35415,2
35416,2
35417,2
35418,2
35419,2
35420,2
35421,2
35422,2
35423,2
35424,2
35425,2
35426,2
35427,2
35428,2
35429,2
35430,2
35431,2
35432,2
35433,2
35434,2
35435,2
35436,2
35437,2
35438,2
35439,2
35440,2
35441,3
35442,2
35443,2
35444,2
35445,2
35446,2
35447,2
35448,2
35449,2
35450,3
35451,2
35452,2
35453,2
35454,2
35455,2
35456,2
35457,2
35458,2
35459,2
35460,2
35461,2
35462,2
35463,2
35464,2
35465,2
35466,2
35467,2
35468,2
35469,2
35470,2
35471,2
35472,2
35473,2
35474,2
35475,2
35476,2
35477,2
35478,2
35479,2
35480,2
35481,2
35482,2
35483,2
35484,2
35485,2
35486,2
35487,2
35488,2
35489,2
35490,2
35491,2
35492,2
35493,2
35494,2
35495,2
35496,3
35497,2
35498,2
35499,2
35500,2
35501,2
35502,2
35503,2
35504,2
35505,2
35506,2
35507,2
35508,2
35509,2
35510,2
35511,2
35512,2
35513,2
35514,2
35515,3
35516,2
35517,2
35518,2
35519,2
35520,2
35521,2
35522,2
35523,2
35524,2
35525,2
35526,2
35527,2
35528,2
35529,2
35530,2
35531,2
35532,2
35533,2
35534,2
35535,2
35536,2
35537,2
35538,2
35539,2
35540,2
35541,2
35542,2
35543,2
35544,2
35545,2
35546,2
35547,2
35548,2
35549,2
35550,2
35551,2
35552,2
35553,2
35554,2
35555,2
35556,2
35557,2
35558,2
35559,2
35560,2
35561,2
35562,2
35563,2
35564,2
35565,2
35566,2
35567,3
35568,2
35569,2
35570,2
35571,2
35572,2
35573,2
35574,2
35575,2
35576,2
35577,2
35578,2
35579,2
35580,2
35581,2
35582,2
35583,2
35584,2
35585,2
35586,2
35587,2
35588,2
35589,2
35590,2
35591,2
35592,2
35593,2
35594,2
35595,2
35596,2
35597,2
35598,2
35599,2
35600,2
35601,2
35602,2
35603,2
35604,2
35605,2
35606,2
35607,2
35608,2
35609,2
35610,2
35611,2
35612,2
35613,2
35614,2
35615,2
35616,2
35617,2
35618,2
35619,2
35620,2
35621,2
35622,2
35623,2
35624,2
35625,2
35626,2
35627,2
35628,2
35629,2
35630,2
35631,2
35632,2
35633,2
35634,2
35635,2
35636,2
35637,2
35638,2
35639,2
35640,2
35641,2
35642,2
35643,2
35644,2
35645,2
35646,2
35647,2
35648,2
35649,2
35650,2
35651,2
35652,2
35653,2
35654,2
35655,2
35656,2
35657,3
35658,2
35659,2
35660,2
35661,2
35662,2
35663,2
35664,2
35665,2
35666,2
35667,2
35668,2
35669,2
35670,2
35671,2
35672,2
35673,2
35674,2
35675,2
35676,2
35677,2
35678,2
35679,2
35680,2
35681,2
35682,2
35683,2
35684,2
35685,2
35686,2
35687,2
35688,2
35689,2
35690,2
35691,2
35692,2
35693,2
35694,2
35695,2
35696,2
35697,2
35698,2
35699,2
35700,2
35701,2
35702,2
35703,2
35704,2
35705,2
35706,2
35707,2
35708,2
35709,2
35710,2
35711,2
35712,2
35713,2
35714,2
35715,2
35716,2
35717,2
35718,2
35719,2
35720,2
35721,2
35722,2
35723,2
35724,2
35725,2
35726,2
35727,2
35728,2
35729,2
35730,2
35731,2
35732,2
35733,2
35734,2
35735,2
35736,2
35737,2
35738,2
35739,2
35740,2
35741,2
35742,2
35743,2
35744,2
35745,2
35746,2
35747,2
35748,2
35749,2
35750,2
35751,2
35752,2
35753,2
35754,2
35755,2
35756,2
35757,2
35758,2
35759,2
35760,2
35761,2
35762,2
35763,2
35764,2
35765,2
35766,2
35767,2
35768,2
35769,2
35770,2
35771,2
35772,2
35773,2
35774,2
35775,2
35776,2
35777,2
35778,2
35779,2
35780,2
35781,2
35782,2
35783,2
35784,2
35785,2
35786,3
35787,3
35788,3
35789,3
35790,3
35791,3
35792,3
35793,3
35794,2
35795,2
35796,2
35797,2
35798,2
35799,3
35800,2
35801,2
35802,2
35803,2
35804,2
35805,2
35806,2
35807,2
35808,2
35809,2
35810,2
35811,2
35812,2
35813,2
35814,2
35815,2
35816,2
35817,2
35818,2
35819,2
35820,2
35821,2
35822,2
35823,2
35824,2
35825,2
35826,2
35827,2
35828,2
35829,2
35830,2
35831,2
35832,2
35833,2
35834,2
35835,2
35836,2
35837,2
35838,2
35839,2
35840,2
35841,2
35842,2
35843,2
35844,2
35845,2
35846,2
35847,2
35848,2
35849,2
35850,2
35851,2
35852,2
35853,2
35854,2
35855,2
35856,2
35857,2
35858,2
35859,2
35860,2
35861,2
35862,2
35863,2
35864,2
35865,2
35866,2
35867,2
35868,2
35869,2
35870,2
35871,2
35872,2
35873,2
35874,2
35875,2
35876,2
35877,2
35878,2
35879,2
35880,2
35881,2
35882,2
35883,2
35884,2
35885,2
35886,2
35887,2
35888,2
35889,2
35890,2
35891,2
35892,2
35893,2
35894,2
35895,2
35896,2
35897,2
35898,2
35899,2
35900,2
35901,2
35902,2
35903,2
35904,3
35905,2
35906,2
35907,2
35908,2
35909,2
35910,2
35911,2
35912,2
35913,2
35914,2
35915,2
35916,2
35917,2
35918,2
35919,2
35920,2
35921,2
35922,2
35923,2
35924,2
35925,2
35926,2
35927,2
35928,2
35929,2
35930,2
35931,2
35932,2
35933,2
35934,2
35935,2
35936,2
35937,2
35938,2
35939,2
35940,2
35941,2
35942,2
35943,2
35944,2
35945,2
35946,2
35947,2
35948,2
35949,2
35950,2
35951,2
35952,2
35953,2
35954,2
35955,2
35956,2
35957,2
35958,2
35959,2
35960,2
35961,2
35962,2
35963,2
35964,2
35965,2
35966,2
35967,2
35968,2
35969,2
35970,2
35971,2
35972,2
35973,2
35974,2
35975,2
35976,2
35977,2
35978,2
35979,2
35980,2
35981,2
35982,2
35983,2
35984,2
35985,2
35986,2
35987,2
35988,2
35989,2
35990,2
35991,2
35992,2
35993,2
35994,2
35995,2
35996,2
35997,2
35998,2
35999,2
36000,2
36001,2
36002,2
36003,2
36004,2
36005,2
36006,2
36007,2
36008,2
36009,2
36010,2
36011,2
36012,2
36013,2
36014,2
36015,2
36016,2
36017,2
36018,2
36019,2
36020,2
36021,2
36022,2
36023,2
36024,2
36025,2
36026,3
36027,2
36028,2
36029,2
36030,2
36031,2
36032,2
36033,2
36034,2
36035,2
36036,2
36037,2
36038,2
36039,2
36040,2
36041,2
36042,2
36043,2
36044,2
36045,2
36046,2
36047,2
36048,2
36049,2
36050,2
36051,2
36052,2
36053,2
36054,2
36055,2
36056,2
36057,2
36058,2
36059,2
36060,2
36061,2
36062,2
36063,2
36064,2
36065,2
36066,2
36067,2
36068,2
36069,2
36070,2
36071,2
36072,2
36073,2
36074,2
36075,2
36076,2
36077,2
36078,2
36079,2
36080,2
36081,2
36082,2
36083,2
36084,2
36085,2
36086,2
36087,2
36088,2
36089,2
36090,2
36091,2
36092,2
36093,2
36094,2
36095,2
36096,2
36097,2
36098,2
36099,2
36100,2
36101,2
36102,2
36103,2
36104,2
36105,2
36106,2
36107,2
36108,2
36109,2
36110,2
36111,2
36112,2
36113,2
36114,2
36115,2
36116,2
36117,2
36118,2
36119,2
36120,2
36121,2
36122,2
36123,2
36124,2
36125,2
36126,2
36127,2
36128,2
36129,2
36130,2
36131,2
36132,2
36133,2
36134,2
36135,2
36136,2
36137,2
36138,2
36139,2
36140,2
36141,2
36142,2
36143,2
36144,2
36145,2
36146,2
36147,2
36148,2
36149,2
36150,2
36151,2
36152,2
36153,2
36154,2
36155,2
36156,2
36157,2
36158,2
36159,2
36160,2
36161,2
36162,2
36163,2
36164,2
36165,2
36166,2
36167,2
36168,2
36169,3
36170,2
36171,2
36172,2
36173,2
36174,2
36175,2
36176,2
36177,2
36178,2
36179,2
36180,2
36181,2
36182,2
36183,2
36184,2
36185,2
36186,2
36187,2
36188,2
36189,2
36190,2
36191,2
36192,2
36193,2
36194,2
36195,2
36196,2
36197,2
36198,2
36199,2
36200,2
36201,2
36202,2
36203,2
36204,2
36205,2
36206,2
36207,2
36208,2
36209,2
36210,2
36211,2
36212,2
36213,2
36214,2
36215,2
36216,2
36217,2
36218,2
36219,2
36220,2
36221,2
36222,2
36223,2
36224,2
36225,2
36226,2
36227,2
36228,2
36229,2
36230,2
36231,2
36232,2
36233,2
36234,2
36235,2
36236,2
36237,2
36238,2
36239,2
36240,2
36241,2
36242,2
36243,2
36244,2
36245,2
36246,2
36247,2
36248,2
36249,2
36250,2
36251,2
36252,2
36253,2
36254,2
36255,2
36256,2
36257,2
36258,2
36259,2
36260,2
36261,2
36262,2
36263,2
36264,2
36265,2
36266,2
36267,2
36268,2
36269,2
36270,2
36271,2
36272,2
36273,2
36274,2
36275,2
36276,2
36277,2
36278,2
36279,2
36280,2
36281,2
36282,2
36283,2
36284,2
36285,2
36286,2
36287,2
36288,2
36289,2
36290,2
36291,2
36292,2
36293,2
36294,2
36295,2
36296,2
36297,2
36298,2
36299,2
36300,2
36301,2
36302,2
36303,2
36304,2
36305,2
36306,2
36307,2
36308,2
36309,2
36310,2
36311,2
36312,2
36313,2
36314,2
36315,2
36316,2
36317,2
36318,2
36319,2
36320,2
36321,2
36322,2
36323,2
36324,2
36325,2
36326,2
36327,2
36328,2
36329,2
36330,2
36331,2
36332,2
36333,2
36334,2
36335,2
36336,2
36337,2
36338,2
36339,2
36340,2
36341,2
36342,2
36343,2
36344,2
36345,2
36346,2
36347,2
36348,2
36349,2
36350,2
36351,2
36352,2
36353,2
36354,2
36355,2
36356,2
36357,2
36358,2
36359,2
36360,2
36361,2
36362,2
36363,2
36364,2
36365,2
36366,2
36367,2
36368,2
36369,2
36370,2
36371,2
36372,2
36373,2
36374,2
36375,2
36376,2
36377,2
36378,2
36379,2
36380,2
36381,2
36382,2
36383,2
36384,2
36385,2
36386,2
36387,2
36388,2
36389,2
36390,2
36391,2
36392,2
36393,2
36394,2
36395,2
36396,2
36397,2
36398,2
36399,2
36400,2
36401,2
36402,2
36403,2
36404,2
36405,2
36406,2
36407,2
36408,2
36409,2
36410,3
36411,2
36412,2
36413,2
36414,2
36415,2
36416,2
36417,2
36418,2
36419,2
36420,2
36421,2
36422,2
36423,2
36424,2
36425,2
36426,2
36427,2
36428,2
36429,2
36430,2
36431,2
36432,2
36433,2
36434,2
36435,2
36436,2
36437,2
36438,2
36439,2
36440,2
36441,2
36442,2
36443,2
36444,2
36445,2
36446,2
36447,2
36448,2
36449,2
36450,2
36451,2
36452,2
36453,2
36454,2
36455,2
36456,2
36457,2
36458,2
36459,2
36460,2
36461,2
36462,2
36463,2
36464,2
36465,2
36466,2
36467,2
36468,2
36469,2
36470,2
36471,2
36472,2
36473,2
36474,2
36475,2
36476,2
36477,2
36478,2
36479,2
36480,2
36481,2
36482,2
36483,2
36484,2
36485,2
36486,2
36487,2
36488,2
36489,2
36490,2
36491,2
36492,2
36493,2
36494,2
36495,2
36496,2
36497,2
36498,2
36499,2
36500,2
36501,2
36502,2
36503,2
36504,2
36505,2
36506,2
36507,2
36508,2
36509,2
36510,2
36511,2
36512,2
36513,2
36514,2
36515,2
36516,2
36517,2
36518,2
36519,2
36520,2
36521,2
36522,2
36523,2
36524,2
36525,2
36526,2
36527,2
36528,2
36529,2
36530,2
36531,2
36532,2
36533,2
36534,2
36535,2
36536,2
36537,2
36538,2
36539,2
36540,2
36541,2
36542,2
36543,2
36544,2
36545,2
36546,2
36547,2
36548,2
36549,2
36550,2
36551,2
36552,2
36553,2
36554,2
36555,2
36556,2
36557,2
36558,2
36559,2
36560,2
36561,2
36562,2
36563,2
36564,2
36565,2
36566,2
36567,2
36568,2
36569,2
36570,2
36571,2
36572,2
36573,2
36574,2
36575,2
36576,2
36577,2
36578,2
36579,2
36580,2
36581,2
36582,2
36583,2
36584,2
36585,2
36586,2
36587,2
36588,2
36589,2
36590,2
36591,2
36592,2
36593,2
36594,2
36595,2
36596,2
36597,2
36598,2
36599,2
36600,2
36601,2
36602,2
36603,2
36604,2
36605,2
36606,2
36607,2
36608,2
36609,2
36610,2
36611,2
36612,2
36613,2
36614,2
36615,2
36616,2
36617,2
36618,2
36619,2
36620,2
36621,2
36622,2
36623,2
36624,2
36625,2
36626,2
36627,2
36628,2
36629,2
36630,2
36631,2
36632,2
36633,2
36634,2
36635,2
36636,2
36637,2
36638,2
36639,2
36640,2
36641,2
36642,2
36643,2
36644,2
36645,2
36646,2
36647,2
36648,2
36649,2
36650,2
36651,2
36652,2
36653,2
36654,2
36655,2
36656,2
36657,2
36658,2
36659,2
36660,2
36661,2
36662,2
36663,2
36664,2
36665,2
36666,2
36667,2
36668,2
36669,2
36670,2
36671,2
36672,2
36673,2
36674,2
36675,2
36676,2
36677,2
36678,2
36679,2
36680,2
36681,2
36682,2
36683,2
36684,2
36685,2
36686,2
36687,2
36688,2
36689,2
36690,2
36691,2
36692,2
36693,2
36694,2
36695,2
36696,2
36697,2
36698,2
36699,2
36700,2
36701,2
36702,2
36703,2
36704,2
36705,2
36706,2
36707,2
36708,2
36709,2
36710,2
36711,2
36712,2
36713,2
36714,2
36715,2
36716,2
36717,2
36718,2
36719,2
36720,2
36721,2
36722,2
36723,2
36724,2
36725,2
36726,2
36727,2
36728,2
36729,2
36730,2
36731,2
36732,2
36733,2
36734,2
36735,2
36736,2
36737,2
36738,2
36739,2
36740,2
36741,2
36742,2
36743,2
36744,2
36745,2
36746,2
36747,2
36748,2
36749,2
36750,2
36751,2
36752,2
36753,2
36754,2
36755,2
36756,3
36757,2
36758,2
36759,2
36760,2
36761,2
36762,2
36763,2
36764,2
36765,2
36766,2
36767,2
36768,2
36769,2
36770,2
36771,2
36772,2
36773,2
36774,2
36775,2
36776,2
36777,2
36778,2
36779,2
36780,2
36781,2
36782,2
36783,2
36784,2
36785,2
36786,2
36787,2
36788,2
36789,2
36790,2
36791,2
36792,2
36793,2
36794,2
36795,2
36796,2
36797,2
36798,2
36799,2
36800,2
36801,2
36802,2
36803,2
36804,2
36805,2
36806,2
36807,2
36808,2
36809,2
36810,2
36811,2
36812,2
36813,2
36814,2
36815,2
36816,2
36817,2
36818,2
36819,2
36820,2
36821,2
36822,2
36823,2
36824,3
36825,2
36826,2
36827,2
36828,2
36829,2
36830,2
36831,2
36832,2
36833,2
36834,2
36835,2
36836,2
36837,2
36838,2
36839,2
36840,2
36841,2
36842,2
36843,2
36844,2
36845,2
36846,2
36847,2
36848,2
36849,2
36850,2
36851,2
36852,2
36853,2
36854,2
36855,2
36856,2
36857,2
36858,2
36859,2
36860,2
36861,2
36862,2
36863,2
36864,2
36865,2
36866,2
36867,2
36868,2
36869,3
36870,2
36871,2
36872,2
36873,2
36874,2
36875,2
36876,2
36877,2
36878,3
36879,2
36880,2
36881,2
36882,2
36883,2
36884,2
36885,2
36886,2
36887,2
36888,2
36889,2
36890,2
36891,2
36892,2
36893,2
36894,2
36895,2
36896,2
36897,2
36898,2
36899,2
36900,2
36901,2
36902,2
36903,2
36904,2
36905,2
36906,2
36907,2
36908,2
36909,2
36910,2
36911,2
36912,2
36913,2
36914,2
36915,2
36916,2
36917,2
36918,2
36919,2
36920,2
36921,2
36922,2
36923,2
36924,2
36925,2
36926,2
36927,2
36928,2
36929,2
36930,2
36931,2
36932,2
36933,2
36934,2
36935,2
36936,2
36937,2
36938,2
36939,2
36940,2
36941,2
36942,2
36943,2
36944,2
36945,2
36946,2
36947,2
36948,2
36949,2
36950,2
36951,2
36952,2
36953,2
36954,2
36955,2
36956,2
36957,2
36958,2
36959,2
36960,2
36961,2
36962,2
36963,2
36964,2
36965,2
36966,2
36967,2
36968,2
36969,2
36970,2
36971,2
36972,2
36973,2
36974,2
36975,2
36976,2
36977,2
36978,2
36979,2
36980,2
36981,2
36982,2
36983,2
36984,2
36985,2
36986,2
36987,2
36988,2
36989,2
36990,2
36991,2
36992,2
36993,2
36994,2
36995,2
36996,2
36997,2
36998,2
36999,2
37000,2
37001,2
37002,2
37003,2
37004,2
37005,2
37006,2
37007,2
37008,2
37009,2
37010,2
37011,2
37012,2
37013,2
37014,2
37015,2
37016,2
37017,2
37018,2
37019,2
37020,2
37021,2
37022,2
37023,2
37024,2
37025,2
37026,2
37027,2
37028,2
37029,2
37030,2
37031,2
37032,2
37033,2
37034,2
37035,2
37036,2
37037,2
37038,2
37039,2
37040,2
37041,2
37042,2
37043,2
37044,2
37045,2
37046,2
37047,2
37048,2
37049,2
37050,2
37051,2
37052,2
37053,2
37054,2
37055,2
37056,2
37057,2
37058,2
37059,2
37060,2
37061,2
37062,2
37063,2
37064,2
37065,2
37066,2
37067,2
37068,2
37069,2
37070,2
37071,2
37072,2
37073,2
37074,2
37075,2
37076,2
37077,2
37078,2
37079,2
37080,2
37081,2
37082,2
37083,2
37084,2
37085,2
37086,2
37087,2
37088,2
37089,2
37090,2
37091,2
37092,2
37093,2
37094,2
37095,2
37096,2
37097,2
37098,2
37099,2
37100,2
37101,2
37102,2
37103,2
37104,2
37105,2
37106,3
37107,2
37108,2
37109,2
37110,2
37111,2
37112,2
37113,2
37114,2
37115,2
37116,2
37117,2
37118,2
37119,2
37120,2
37121,2
37122,2
37123,2
37124,2
37125,2
37126,2
37127,2
37128,2
37129,2
37130,2
37131,2
37132,2
37133,2
37134,2
37135,2
37136,2
37137,2
37138,2
37139,2
37140,2
37141,2
37142,2
37143,2
37144,2
37145,2
37146,2
37147,2
37148,2
37149,2
37150,2
37151,2
37152,2
37153,2
37154,2
37155,2
37156,2
37157,2
37158,2
37159,2
37160,2
37161,2
37162,2
37163,2
37164,2
37165,2
37166,2
37167,2
37168,2
37169,2
37170,2
37171,2
37172,2
37173,2
37174,2
37175,2
37176,2
37177,2
37178,2
37179,2
37180,2
37181,2
37182,2
37183,2
37184,2
37185,2
37186,2
37187,2
37188,2
37189,2
37190,2
37191,2
37192,2
37193,2
37194,2
37195,2
37196,2
37197,2
37198,2
37199,2
37200,2
37201,2
37202,2
37203,2
37204,2
37205,2
37206,2
37207,2
37208,2
37209,2
37210,2
37211,2
37212,2
37213,2
37214,2
37215,2
37216,2
37217,2
37218,2
37219,2
37220,2
37221,2
37222,2
37223,2
37224,2
37225,2
37226,2
37227,2
37228,2
37229,2
37230,2
37231,2
37232,2
37233,2
37234,2
37235,2
37236,2
37237,2
37238,2
37239,2
37240,2
37241,2
37242,2
37243,2
37244,2
37245,2
37246,2
37247,2
37248,2
37249,2
37250,2
37251,2
37252,2
37253,2
37254,2
37255,2
37256,2
37257,2
37258,2
37259,2
37260,2
37261,2
37262,2
37263,2
37264,2
37265,2
37266,2
37267,2
37268,2
37269,2
37270,2
37271,2
37272,2
37273,2
37274,2
37275,2
37276,2
37277,2
37278,2
37279,2
37280,2
37281,2
37282,2
37283,2
37284,2
37285,2
37286,2
37287,2
37288,2
37289,2
37290,2
37291,2
37292,2
37293,2
37294,2
37295,2
37296,2
37297,2
37298,2
37299,2
37300,2
37301,2
37302,2
37303,2
37304,2
37305,2
37306,2
37307,2
37308,2
37309,2
37310,2
37311,2
37312,2
37313,2
37314,2
37315,2
37316,2
37317,2
37318,2
37319,2
37320,2
37321,2
37322,2
37323,2
37324,2
37325,2
37326,2
37327,2
37328,2
37329,2
37330,2
37331,2
37332,2
37333,2
37334,2
37335,2
37336,2
37337,2
37338,2
37339,2
37340,2
37341,2
37342,2
37343,2
37344,2
37345,2
37346,2
37347,2
37348,2
37349,2
37350,2
37351,2
37352,2
37353,2
37354,2
37355,2
37356,2
37357,2
37358,2
37359,2
37360,2
37361,2
37362,2
37363,2
37364,2
37365,2
37366,2
37367,2
37368,2
37369,2
37370,2
37371,2
37372,2
37373,2
37374,2
37375,2
37376,2
37377,2
37378,2
37379,2
37380,2
37381,2
37382,2
37383,2
37384,2
37385,2
37386,2
37387,2
37388,2
37389,2
37390,2
37391,2
37392,2
37393,2
37394,2
37395,2
37396,2
37397,2
37398,2
37399,2
37400,2
37401,2
37402,2
37403,2
37404,2
37405,2
37406,2
37407,2
37408,2
37409,2
37410,2
37411,2
37412,2
37413,2
37414,2
37415,2
37416,2
37417,2
37418,2
37419,2
37420,2
37421,2
37422,2
37423,2
37424,2
37425,2
37426,2
37427,2
37428,2
37429,2
37430,2
37431,2
37432,2
37433,2
37434,2
37435,2
37436,2
37437,2
37438,2
37439,2
37440,2
37441,2
37442,2
37443,2
37444,2
37445,2
37446,2
37447,2
37448,2
37449,2
37450,2
37451,2
37452,2
37453,2
37454,2
37455,2
37456,2
37457,2
37458,2
37459,2
37460,2
37461,2
37462,2
37463,2
37464,2
37465,2
37466,2
37467,2
37468,2
37469,2
37470,2
37471,2
37472,2
37473,2
37474,2
37475,2
37476,2
37477,2
37478,2
37479,2
37480,2
37481,2
37482,2
37483,2
37484,2
37485,2
37486,2
37487,2
37488,2
37489,3
37490,2
37491,2
37492,2
37493,2
37494,2
37495,2
37496,2
37497,2
37498,2
37499,2
37500,2
37501,2
37502,2
37503,2
37504,2
37505,2
37506,2
37507,2
37508,2
37509,2
37510,2
37511,2
37512,2
37513,2
37514,2
37515,2
37516,2
37517,2
37518,2
37519,2
37520,2
37521,2
37522,2
37523,2
37524,2
37525,2
37526,2
37527,2
37528,2
37529,2
37530,2
37531,2
37532,2
37533,2
37534,2
37535,2
37536,2
37537,2
37538,2
37539,2
37540,2
37541,2
37542,2
37543,2
37544,2
37545,2
37546,2
37547,2
37548,2
37549,2
37550,2
37551,2
37552,2
37553,2
37554,2
37555,2
37556,2
37557,2
37558,2
37559,2
37560,2
37561,2
37562,2
37563,2
37564,2
37565,2
37566,2
37567,2
37568,2
37569,2
37570,2
37571,2
37572,2
37573,2
37574,2
37575,2
37576,2
37577,2
37578,2
37579,2
37580,2
37581,2
37582,2
37583,2
37584,2
37585,2
37586,2
37587,2
37588,2
37589,2
37590,2
37591,2
37592,2
37593,2
37594,2
37595,2
37596,2
37597,2
37598,2
37599,2
37600,2
37601,2
37602,2
37603,2
37604,2
37605,2
37606,2
37607,2
37608,2
37609,2
37610,2
37611,2
37612,2
37613,2
37614,2
37615,2
37616,2
37617,2
37618,2
37619,2
37620,2
37621,2
37622,2
37623,2
37624,2
37625,2
37626,2
37627,2
37628,2
37629,2
37630,2
37631,2
37632,2
37633,2
37634,2
37635,2
37636,2
37637,2
37638,3
37639,2
37640,2
37641,2
37642,2
37643,2
37644,2
37645,2
37646,2
37647,2
37648,2
37649,2
37650,2
37651,2
37652,2
37653,2
37654,2
37655,2
37656,2
37657,2
37658,2
37659,2
37660,2
37661,2
37662,2
37663,2
37664,2
37665,2
37666,2
37667,2
37668,2
37669,2
37670,2
37671,2
37672,2
37673,3
37674,2
37675,2
37676,2
37677,2
37678,2
37679,2
37680,2
37681,2
37682,2
37683,2
37684,2
37685,2
37686,2
37687,2
37688,2
37689,2
37690,2
37691,2
37692,2
37693,2
37694,2
37695,2
37696,2
37697,2
37698,2
37699,2
37700,2
37701,2
37702,2
37703,2
37704,2
37705,2
37706,2
37707,2
37708,2
37709,2
37710,2
37711,2
37712,2
37713,2
37714,2
37715,2
37716,2
37717,2
37718,2
37719,2
37720,2
37721,2
37722,2
37723,2
37724,2
37725,2
37726,2
37727,2
37728,2
37729,2
37730,2
37731,2
37732,2
37733,2
37734,2
37735,2
37736,2
37737,2
37738,2
37739,2
37740,2
37741,2
37742,2
37743,2
37744,2
37745,2
37746,2
37747,2
37748,2
37749,2
37750,2
37751,2
37752,2
37753,2
37754,2
37755,2
37756,2
37757,2
37758,2
37759,2
37760,2
37761,2
37762,2
37763,2
37764,2
37765,2
37766,2
37767,2
37768,2
37769,2
37770,2
37771,2
37772,2
37773,2
37774,2
37775,2
37776,2
37777,2
37778,2
37779,2
37780,2
37781,2
37782,2
37783,2
37784,2
37785,2
37786,2
37787,2
37788,2
37789,2
37790,2
37791,2
37792,2
37793,2
37794,2
37795,2
37796,2
37797,2
37798,2
37799,2
37800,2
37801,2
37802,2
37803,2
37804,2
37805,2
37806,2
37807,2
37808,2
37809,2
37810,2
37811,2
37812,2
37813,2
37814,2
37815,2
37816,2
37817,2
37818,2
37819,2
37820,2
37821,2
37822,2
37823,2
37824,2
37825,2
37826,2
37827,2
37828,2
37829,2
37830,2
37831,2
37832,2
37833,2
37834,2
37835,2
37836,2
37837,2
37838,2
37839,2
37840,2
37841,2
37842,2
37843,2
37844,2
37845,2
37846,2
37847,2
37848,2
37849,2
37850,2
37851,2
37852,2
37853,2
37854,2
37855,2
37856,2
37857,2
37858,2
37859,2
37860,2
37861,3
37862,2
37863,2
37864,2
37865,2
37866,2
37867,2
37868,2
37869,2
37870,2
37871,2
37872,2
37873,2
37874,2
37875,2
37876,2
37877,2
37878,2
37879,2
37880,2
37881,2
37882,2
37883,2
37884,2
37885,2
37886,2
37887,1
37888,2
37889,2
37890,2
37891,2
37892,2
37893,2
37894,2
37895,2
37896,2
37897,2
37898,2
37899,2
37900,2
37901,2
37902,2
37903,2
37904,2
37905,2
37906,2
37907,2
37908,2
37909,2
37910,2
37911,2
37912,2
37913,2
37914,2
37915,2
37916,2
37917,2
37918,2
37919,2
37920,2
37921,2
37922,2
37923,2
37924,2
37925,2
37926,2
37927,2
37928,2
37929,2
37930,2
37931,2
37932,2
37933,2
37934,2
37935,2
37936,2
37937,2
37938,2
37939,2
37940,2
37941,2
37942,2
37943,2
37944,2
37945,2
37946,2
37947,2
37948,2
37949,2
37950,2
37951,2
37952,2
37953,2
37954,2
37955,2
37956,2
37957,2
37958,2
37959,2
37960,2
37961,2
37962,2
37963,2
37964,2
37965,2
37966,2
37967,2
37968,2
37969,2
37970,2
37971,2
37972,2
37973,2
37974,2
37975,2
37976,2
37977,2
37978,2
37979,2
37980,2
37981,3
37982,2
37983,2
37984,2
37985,2
37986,2
37987,2
37988,2
37989,2
37990,2
37991,2
37992,2
37993,2
37994,2
37995,2
37996,2
37997,2
37998,2
37999,2
38000,2
38001,2
38002,2
38003,2
38004,2
38005,2
38006,2
38007,2
38008,2
38009,2
38010,2
38011,2
38012,2
38013,2
38014,2
38015,2
38016,2
38017,2
38018,2
38019,2
38020,2
38021,2
38022,3
38023,2
38024,2
38025,2
38026,2
38027,2
38028,2
38029,2
38030,2
38031,2
38032,2
38033,2
38034,2
38035,2
38036,2
38037,2
38038,2
38039,2
38040,2
38041,2
38042,2
38043,2
38044,2
38045,2
38046,2
38047,2
38048,2
38049,2
38050,2
38051,2
38052,2
38053,2
38054,2
38055,2
38056,2
38057,2
38058,2
38059,2
38060,2
38061,2
38062,2
38063,2
38064,2
38065,2
38066,2
38067,2
38068,2
38069,2
38070,2
38071,2
38072,2
38073,2
38074,2
38075,2
38076,2
38077,2
38078,2
38079,2
38080,2
38081,2
38082,2
38083,2
38084,2
38085,2
38086,2
38087,2
38088,2
38089,2
38090,2
38091,2
38092,2
38093,2
38094,2
38095,2
38096,2
38097,2
38098,2
38099,2
38100,2
38101,2
38102,2
38103,2
38104,2
38105,2
38106,2
38107,2
38108,2
38109,2
38110,2
38111,2
38112,2
38113,2
38114,2
38115,2
38116,2
38117,2
38118,2
38119,2
38120,2
38121,2
38122,2
38123,2
38124,2
38125,2
38126,2
38127,2
38128,2
38129,2
38130,2
38131,2
38132,2
38133,2
38134,2
38135,2
38136,2
38137,2
38138,2
38139,2
38140,2
38141,2
38142,2
38143,2
38144,2
38145,2
38146,2
38147,2
38148,2
38149,2
38150,2
38151,2
38152,2
38153,2
38154,2
38155,2
38156,2
38157,2
38158,2
38159,2
38160,2
38161,2
38162,2
38163,3
38164,3
38165,2
38166,2
38167,2
38168,2
38169,2
38170,2
38171,2
38172,2
38173,2
38174,2
38175,2
38176,2
38177,2
38178,2
38179,2
38180,2
38181,2
38182,2
38183,2
38184,2
38185,2
38186,2
38187,2
38188,2
38189,2
38190,2
38191,2
38192,2
38193,2
38194,2
38195,2
38196,2
38197,2
38198,2
38199,2
38200,2
38201,2
38202,2
38203,2
38204,2
38205,2
38206,2
38207,2
38208,2
38209,2
38210,2
38211,2
38212,2
38213,2
38214,2
38215,2
38216,2
38217,2
38218,2
38219,2
38220,2
38221,2
38222,2
38223,2
38224,2
38225,2
38226,2
38227,2
38228,2
38229,2
38230,2
38231,2
38232,2
38233,2
38234,2
38235,2
38236,2
38237,2
38238,2
38239,2
38240,2
38241,2
38242,2
38243,2
38244,2
38245,2
38246,2
38247,2
38248,2
38249,2
38250,2
38251,2
38252,2
38253,2
38254,2
38255,2
38256,2
38257,2
38258,2
38259,2
38260,2
38261,2
38262,2
38263,2
38264,2
38265,2
38266,2
38267,2
38268,2
38269,2
38270,2
38271,2
38272,2
38273,2
38274,2
38275,2
38276,2
38277,2
38278,2
38279,2
38280,2
38281,2
38282,2
38283,2
38284,2
38285,2
38286,2
38287,2
38288,2
38289,2
38290,2
38291,2
38292,2
38293,2
38294,2
38295,2
38296,2
38297,2
38298,2
38299,2
38300,2
38301,2
38302,2
38303,2
38304,2
38305,2
38306,2
38307,2
38308,2
38309,2
38310,2
38311,2
38312,2
38313,2
38314,2
38315,2
38316,2
38317,2
38318,2
38319,2
38320,2
38321,2
38322,2
38323,2
38324,2
38325,2
38326,2
38327,2
38328,2
38329,2
38330,2
38331,2
38332,2
38333,2
38334,2
38335,2
38336,2
38337,2
38338,2
38339,2
38340,2
38341,2
38342,2
38343,2
38344,2
38345,2
38346,2
38347,2
38348,2
38349,2
38350,2
38351,2
38352,2
38353,2
38354,2
38355,2
38356,2
38357,2
38358,2
38359,2
38360,2
38361,2
38362,2
38363,2
38364,2
38365,2
38366,2
38367,2
38368,2
38369,2
38370,2
38371,2
38372,2
38373,2
38374,2
38375,2
38376,2
38377,2
38378,2
38379,2
38380,2
38381,2
38382,2
38383,2
38384,2
38385,2
38386,2
38387,2
38388,2
38389,2
38390,2
38391,2
38392,2
38393,2
38394,2
38395,2
38396,2
38397,2
38398,2
38399,2
38400,2
38401,2
38402,2
38403,2
38404,2
38405,2
38406,2
38407,2
38408,2
38409,2
38410,2
38411,2
38412,2
38413,2
38414,2
38415,2
38416,2
38417,2
38418,2
38419,2
38420,2
38421,2
38422,2
38423,2
38424,2
38425,2
38426,2
38427,2
38428,2
38429,2
38430,2
38431,2
38432,2
38433,2
38434,2
38435,2
38436,2
38437,2
38438,2
38439,2
38440,2
38441,2
38442,2
38443,2
38444,2
38445,2
38446,2
38447,2
38448,2
38449,2
38450,2
38451,2
38452,2
38453,2
38454,2
38455,2
38456,2
38457,2
38458,2
38459,2
38460,2
38461,2
38462,2
38463,2
38464,2
38465,2
38466,2
38467,2
38468,2
38469,2
38470,2
38471,2
38472,2
38473,2
38474,2
38475,2
38476,2
38477,2
38478,2
38479,2
38480,2
38481,2
38482,2
38483,2
38484,2
38485,2
38486,2
38487,2
38488,2
38489,2
38490,2
38491,2
38492,2
38493,2
38494,2
38495,2
38496,2
38497,2
38498,2
38499,2
38500,2
38501,2
38502,2
38503,2
38504,2
38505,2
38506,2
38507,2
38508,2
38509,2
38510,2
38511,2
38512,2
38513,2
38514,2
38515,2
38516,2
38517,2
38518,2
38519,2
38520,2
38521,2
38522,2
38523,2
38524,2
38525,2
38526,2
38527,2
38528,2
38529,2
38530,2
38531,2
38532,2
38533,2
38534,2
38535,2
38536,2
38537,2
38538,2
38539,2
38540,2
38541,2
38542,2
38543,2
38544,2
38545,2
38546,2
38547,2
38548,2
38549,2
38550,2
38551,2
38552,2
38553,2
38554,2
38555,2
38556,2
38557,2
38558,2
38559,2
38560,2
38561,2
38562,2
38563,2
38564,2
38565,2
38566,2
38567,2
38568,2
38569,2
38570,2
38571,2
38572,2
38573,2
38574,2
38575,2
38576,2
38577,2
38578,2
38579,2
38580,2
38581,2
38582,2
38583,2
38584,2
38585,2
38586,2
38587,2
38588,2
38589,2
38590,2
38591,2
38592,2
38593,2
38594,2
38595,2
38596,2
38597,2
38598,2
38599,2
38600,2
38601,2
38602,2
38603,2
38604,2
38605,2
38606,2
38607,2
38608,2
38609,2
38610,2
38611,2
38612,2
38613,2
38614,2
38615,2
38616,2
38617,2
38618,2
38619,2
38620,2
38621,2
38622,2
38623,2
38624,2
38625,2
38626,2
38627,2
38628,2
38629,2
38630,2
38631,2
38632,2
38633,2
38634,2
38635,2
38636,2
38637,2
38638,2
38639,2
38640,2
38641,2
38642,2
38643,2
38644,2
38645,2
38646,2
38647,2
38648,2
38649,2
38650,2
38651,2
38652,2
38653,2
38654,2
38655,2
38656,2
38657,2
38658,2
38659,2
38660,2
38661,2
38662,2
38663,2
38664,2
38665,2
38666,2
38667,2
38668,2
38669,2
38670,2
38671,2
38672,2
38673,2
38674,2
38675,2
38676,2
38677,2
38678,2
38679,2
38680,2
38681,2
38682,2
38683,2
38684,2
38685,2
38686,2
38687,2
38688,2
38689,2
38690,2
38691,2
38692,2
38693,2
38694,2
38695,2
38696,2
38697,2
38698,2
38699,2
38700,2
38701,2
38702,2
38703,2
38704,2
38705,2
38706,2
38707,2
38708,2
38709,2
38710,2
38711,2
38712,2
38713,2
38714,2
38715,2
38716,2
38717,2
38718,2
38719,2
38720,2
38721,2
38722,2
38723,2
38724,2
38725,2
38726,2
38727,2
38728,2
38729,2
38730,2
38731,2
38732,2
38733,2
38734,2
38735,2
38736,2
38737,2
38738,2
38739,2
38740,2
38741,2
38742,2
38743,2
38744,2
38745,2
38746,2
38747,2
38748,2
38749,2
38750,2
38751,2
38752,2
38753,2
38754,2
38755,2
38756,2
38757,2
38758,2
38759,2
38760,2
38761,2
38762,2
38763,2
38764,2
38765,2
38766,2
38767,2
38768,2
38769,2
38770,2
38771,2
38772,2
38773,2
38774,2
38775,2
38776,2
38777,2
38778,2
38779,2
38780,2
38781,2
38782,2
38783,2
38784,2
38785,2
38786,2
38787,2
38788,2
38789,2
38790,2
38791,2
38792,2
38793,2
38794,2
38795,2
38796,2
38797,2
38798,2
38799,2
38800,2
38801,2
38802,2
38803,3
38804,2
38805,2
38806,2
38807,2
38808,2
38809,2
38810,2
38811,2
38812,2
38813,2
38814,2
38815,2
38816,2
38817,2
38818,2
38819,2
38820,2
38821,2
38822,2
38823,2
38824,2
38825,2
38826,2
38827,2
38828,2
38829,2
38830,2
38831,2
38832,2
38833,2
38834,2
38835,2
38836,2
38837,2
38838,2
38839,2
38840,2
38841,2
38842,2
38843,2
38844,2
38845,2
38846,2
38847,2
38848,2
38849,2
38850,2
38851,2
38852,2
38853,2
38854,2
38855,2
38856,2
38857,2
38858,2
38859,2
38860,2
38861,2
38862,2
38863,2
38864,2
38865,2
38866,2
38867,2
38868,2
38869,2
38870,2
38871,2
38872,2
38873,2
38874,2
38875,2
38876,2
38877,2
38878,2
38879,2
38880,2
38881,2
38882,2
38883,2
38884,2
38885,2
38886,2
38887,2
38888,2
38889,2
38890,2
38891,2
38892,2
38893,2
38894,2
38895,2
38896,2
38897,2
38898,2
38899,2
38900,2
38901,2
38902,2
38903,2
38904,2
38905,2
38906,2
38907,2
38908,2
38909,2
38910,2
38911,2
38912,2
38913,2
38914,2
38915,2
38916,2
38917,2
38918,2
38919,2
38920,2
38921,2
38922,2
38923,2
38924,2
38925,2
38926,2
38927,2
38928,2
38929,2
38930,2
38931,2
38932,2
38933,2
38934,2
38935,2
38936,2
38937,2
38938,2
38939,2
38940,2
38941,2
38942,2
38943,2
38944,2
38945,2
38946,2
38947,2
38948,2
38949,2
38950,2
38951,2
38952,2
38953,2
38954,2
38955,2
38956,2
38957,2
38958,2
38959,2
38960,2
38961,2
38962,2
38963,2
38964,2
38965,2
38966,2
38967,2
38968,2
38969,2
38970,2
38971,3
38972,2
38973,2
38974,2
38975,2
38976,2
38977,2
38978,2
38979,2
38980,2
38981,2
38982,2
38983,2
38984,2
38985,2
38986,2
38987,2
38988,2
38989,2
38990,2
38991,2
38992,2
38993,2
38994,2
38995,2
38996,2
38997,2
38998,2
38999,2
39000,2
39001,2
39002,2
39003,2
39004,2
39005,2
39006,2
39007,2
39008,2
39009,2
39010,2
39011,2
39012,2
39013,2
39014,2
39015,2
39016,2
39017,2
39018,2
39019,2
39020,2
39021,2
39022,2
39023,2
39024,2
39025,2
39026,2
39027,2
39028,2
39029,2
39030,2
39031,2
39032,2
39033,2
39034,2
39035,2
39036,2
39037,2
39038,2
39039,2
39040,2
39041,2
39042,2
39043,2
39044,2
39045,2
39046,2
39047,2
39048,2
39049,2
39050,2
39051,2
39052,2
39053,2
39054,2
39055,2
39056,2
39057,2
39058,2
39059,2
39060,2
39061,2
39062,2
39063,2
39064,2
39065,3
39066,2
39067,2
39068,2
39069,2
39070,2
39071,2
39072,2
39073,2
39074,2
39075,2
39076,2
39077,2
39078,2
39079,2
39080,2
39081,2
39082,2
39083,2
39084,2
39085,2
39086,2
39087,2
39088,2
39089,2
39090,2
39091,2
39092,2
39093,2
39094,2
39095,2
39096,2
39097,2
39098,2
39099,2
39100,2
39101,2
39102,2
39103,2
39104,2
39105,2
39106,2
39107,2
39108,2
39109,2
39110,2
39111,2
39112,2
39113,2
39114,2
39115,2
39116,2
39117,2
39118,2
39119,2
39120,2
39121,2
39122,2
39123,2
39124,2
39125,2
39126,2
39127,2
39128,2
39129,2
39130,2
39131,2
39132,2
39133,2
39134,2
39135,2
39136,2
39137,2
39138,2
39139,2
39140,2
39141,2
39142,2
39143,2
39144,2
39145,2
39146,2
39147,2
39148,2
39149,2
39150,2
39151,2
39152,2
39153,2
39154,2
39155,2
39156,2
39157,2
39158,2
39159,2
39160,2
39161,2
39162,2
39163,2
39164,2
39165,2
39166,2
39167,2
39168,2
39169,2
39170,2
39171,2
39172,2
39173,2
39174,2
39175,2
39176,2
39177,2
39178,2
39179,2
39180,2
39181,2
39182,2
39183,2
39184,2
39185,2
39186,2
39187,2
39188,2
39189,2
39190,2
39191,2
39192,2
39193,2
39194,2
39195,2
39196,2
39197,2
39198,2
39199,2
39200,2
39201,2
39202,2
39203,2
39204,2
39205,2
39206,2
39207,2
39208,2
39209,2
39210,2
39211,2
39212,2
39213,2
39214,2
39215,2
39216,2
39217,2
39218,2
39219,2
39220,2
39221,2
39222,2
39223,2
39224,2
39225,2
39226,2
39227,2
39228,2
39229,2
39230,2
39231,2
39232,2
39233,2
39234,2
39235,2
39236,2
39237,2
39238,2
39239,2
39240,2
39241,2
39242,2
39243,2
39244,2
39245,2
39246,2
39247,2
39248,2
39249,2
39250,2
39251,2
39252,2
39253,2
39254,2
39255,2
39256,2
39257,2
39258,2
39259,2
39260,2
39261,2
39262,2
39263,2
39264,2
39265,2
39266,2
39267,2
39268,2
39269,2
39270,2
39271,2
39272,2
39273,2
39274,2
39275,2
39276,2
39277,2
39278,2
39279,2
39280,2
39281,2
39282,2
39283,2
39284,2
39285,2
39286,2
39287,2
39288,2
39289,2
39290,2
39291,2
39292,2
39293,2
39294,2
39295,2
39296,2
39297,2
39298,2
39299,2
39300,2
39301,2
39302,2
39303,2
39304,2
39305,2
39306,2
39307,2
39308,2
39309,2
39310,2
39311,2
39312,2
39313,2
39314,2
39315,2
39316,2
39317,2
39318,2
39319,2
39320,2
39321,2
39322,2
39323,2
39324,2
39325,2
39326,2
39327,2
39328,2
39329,2
39330,2
39331,2
39332,2
39333,2
39334,2
39335,2
39336,2
39337,2
39338,2
39339,2
39340,2
39341,2
39342,2
39343,2
39344,2
39345,2
39346,2
39347,2
39348,2
39349,2
39350,2
39351,2
39352,2
39353,3
39354,2
39355,2
39356,2
39357,2
39358,2
39359,2
39360,2
39361,2
39362,2
39363,2
39364,2
39365,2
39366,2
39367,2
39368,2
39369,2
39370,2
39371,2
39372,2
39373,2
39374,2
39375,2
39376,2
39377,2
39378,2
39379,2
39380,2
39381,2
39382,2
39383,2
39384,2
39385,2
39386,2
39387,2
39388,2
39389,2
39390,2
39391,2
39392,2
39393,2
39394,2
39395,2
39396,2
39397,2
39398,2
39399,2
39400,2
39401,2
39402,2
39403,2
39404,2
39405,2
39406,2
39407,2
39408,2
39409,2
39410,2
39411,2
39412,2
39413,2
39414,2
39415,2
39416,2
39417,2
39418,2
39419,2
39420,2
39421,2
39422,2
39423,2
39424,2
39425,2
39426,2
39427,2
39428,2
39429,2
39430,2
39431,2
39432,2
39433,2
39434,2
39435,2
39436,2
39437,2
39438,2
39439,2
39440,2
39441,2
39442,2
39443,2
39444,2
39445,2
39446,2
39447,2
39448,2
39449,2
39450,2
39451,2
39452,2
39453,2
39454,2
39455,2
39456,2
39457,2
39458,2
39459,2
39460,2
39461,2
39462,2
39463,2
39464,2
39465,2
39466,2
39467,2
39468,2
39469,2
39470,2
39471,2
39472,2
39473,2
39474,2
39475,2
39476,2
39477,2
39478,2
39479,2
39480,2
39481,2
39482,2
39483,2
39484,2
39485,2
39486,2
39487,2
39488,2
39489,2
39490,2
39491,2
39492,2
39493,2
39494,2
39495,2
39496,2
39497,2
39498,2
39499,2
39500,2
39501,2
39502,2
39503,2
39504,2
39505,2
39506,2
39507,2
39508,2
39509,2
39510,2
39511,2
39512,2
39513,2
39514,2
39515,2
39516,2
39517,2
39518,2
39519,2
39520,2
39521,2
39522,2
39523,2
39524,2
39525,2
39526,2
39527,2
39528,2
39529,2
39530,2
39531,2
39532,2
39533,2
39534,2
39535,2
39536,2
39537,2
39538,2
39539,2
39540,2
39541,2
39542,2
39543,2
39544,2
39545,2
39546,2
39547,2
39548,2
39549,2
39550,2
39551,2
39552,2
39553,2
39554,2
39555,2
39556,2
39557,2
39558,2
39559,2
39560,2
39561,2
39562,2
39563,2
39564,2
39565,2
39566,2
39567,2
39568,2
39569,2
39570,3
39571,3
39572,2
39573,2
39574,2
39575,2
39576,2
39577,3
39578,2
39579,2
39580,2
39581,2
39582,2
39583,2
39584,2
39585,2
39586,2
39587,2
39588,2
39589,4
39590,2
39591,2
39592,2
39593,2
39594,2
39595,2
39596,2
39597,2
39598,2
39599,2
39600,2
39601,2
39602,2
39603,2
39604,2
39605,2
39606,2
39607,2
39608,2
39609,2
39610,2
39611,2
39612,2
39613,2
39614,2
39615,2
39616,2
39617,2
39618,2
39619,2
39620,2
39621,2
39622,2
39623,2
39624,2
39625,2
39626,2
39627,2
39628,2
39629,2
39630,2
39631,2
39632,2
39633,2
39634,2
39635,2
39636,2
39637,2
39638,2
39639,2
39640,2
39641,2
39642,2
39643,3
39644,2
39645,2
39646,2
39647,2
39648,2
39649,2
39650,2
39651,2
39652,2
39653,2
39654,2
39655,2
39656,2
39657,2
39658,2
39659,2
39660,2
39661,2
39662,2
39663,2
39664,2
39665,2
39666,2
39667,2
39668,2
39669,2
39670,2
39671,2
39672,2
39673,2
39674,2
39675,2
39676,2
39677,2
39678,2
39679,2
39680,2
39681,2
39682,2
39683,2
39684,2
39685,2
39686,2
39687,2
39688,2
39689,1
39690,3
39691,3
39692,2
39693,3
39694,2
39695,2
39696,2
39697,0
39698,2
39699,2
39700,2
39701,2
39702,2
39703,2
39704,2
39705,3
39706,3
39707,2
39708,2
39709,2
39710,2
39711,2
39712,2
39713,1
39714,1
39715,0
39716,4
39717,2
39718,2
39719,2
39720,2
39721,2
39722,2
39723,2
39724,2
39725,2
39726,0
39727,2
39728,3
39729,3
39730,2
39731,2
39732,2
39733,3
39734,3
39735,2
39736,3
39737,0
39738,2
39739,2
39740,0
39741,2
39742,2
39743,2
39744,2
39745,2
39746,2
39747,2
39748,2
39749,2
39750,2
39751,2
39752,2
39753,2
39754,3
39755,3
39756,0
39757,2
39758,3
39759,2
39760,2
39761,2
39762,3
39763,3
39764,2
39765,3
39766,3
39767,3
39768,0
39769,2
39770,2
39771,3
39772,2
39773,2
39774,0
39775,2
39776,2
39777,3
39778,2
39779,3
39780,3
39781,3
39782,1
39783,0
39784,2
39785,0
39786,2
39787,2
39788,2
39789,2
39790,0
39791,0
39792,2
39793,2
39794,0
39795,0
39796,2
39797,3
39798,0
39799,2
39800,0
39801,3
39802,0
39803,3
39804,3
39805,3
39806,3
39807,2
39808,2
39809,2
39810,3
39811,3
39812,0
39813,2
39814,3
39815,3
39816,2
39817,2
39818,2
39819,3
39820,2
39821,2
39822,0
39823,2
39824,0
39825,2
39826,2
39827,0
39828,0
39829,2
39830,1
39831,2
39832,2
39833,2
39834,2
39835,2
39836,2
39837,3
39838,3
39839,0
39840,3
39841,3
39842,3
39843,3
39844,3
39845,3
39846,3
39847,3
39848,3
39849,2
39850,3
39851,3
39852,3
39853,3
39854,3
39855,2
39856,2
39857,3
39858,2
39859,2
39860,2
39861,2
39862,0
39863,3
39864,3
39865,3
39866,3
39867,3
39868,3
39869,3
39870,3
39871,3
39872,2
39873,3
39874,3
39875,2
39876,3
39877,2
39878,2
39879,2
39880,3
39881,3
39882,3
39883,3
39884,3
39885,3
39886,3
39887,3
39888,3
39889,3
39890,2
39891,2
39892,2
39893,2
39894,2
39895,2
39896,2
39897,2
39898,2
39899,2
39900,2
39901,3
39902,3
39903,3
39904,1
39905,3
39906,3
39907,3
39908,2
39909,3
39910,3
39911,3
39912,2
39913,3
39914,3
39915,3
39916,3
39917,3
39918,3
39919,3
39920,3
39921,3
39922,3
39923,3
39924,3
39925,2
39926,3
39927,3
39928,3
39929,3
39930,1
39931,3
39932,3
39933,3
39934,3
39935,3
39936,3
39937,3
39938,3
39939,3
39940,3
39941,3
39942,3
39943,2
39944,2
39945,3
39946,3
39947,3
39948,3
39949,3
39950,3
39951,0
39952,0
39953,3
39954,3
39955,0
39956,3
39957,1
39958,1
39959,1
39960,2
39961,3
39962,3
39963,3
39964,3
39965,1
39966,3
39967,3
39968,3
39969,3
39970,3
39971,3
39972,3
39973,3
39974,2
39975,2
39976,3
39977,3
39978,3
39979,2
39980,2
39981,3
39982,2
39983,0
39984,3
39985,2
39986,0
39987,2
39988,0
39989,2
39990,0
39991,0
39992,2
39993,3
39994,3
39995,3
39996,2
39997,3
39998,2
39999,3
40000,2
40001,2
40002,2
40003,3
40004,3
40005,3
40006,0
40007,3
40008,3
40009,3
40010,2
40011,3
40012,3
40013,2
40014,2
40015,3
40016,2
40017,2
40018,3
40019,3
40020,2
40021,2
40022,0
40023,3
40024,3
40025,2
40026,2
40027,3
40028,1
40029,3
40030,3
40031,1
40032,0
40033,0
40034,0
40035,1
40036,1
40037,0
40038,3
40039,3
40040,0
40041,3
40042,2
40043,2
40044,3
40045,2
40046,2
40047,0
40048,3
40049,2
40050,2
40051,2
40052,1
40053,3
40054,0
40055,0
40056,0
40057,0
40058,0
40059,2
40060,2
40061,0
40062,0
40063,0
40064,2
40065,0
40066,0
40067,0
40068,2
40069,0
40070,2
40071,3
40072,0
40073,2
40074,2
40075,0
40076,0
40077,3
40078,0
40079,3
40080,3
40081,3
40082,3
40083,2
40084,2
40085,2
40086,2
40087,3
40088,2
40089,2
40090,3
40091,3
40092,2
40093,0
40094,0
40095,3
40096,3
40097,0
40098,2
40099,3
40100,3
40101,3
40102,0
40103,3
40104,3
40105,3
40106,0
40107,2
40108,0
40109,0
40110,0
40111,3
40112,3
40113,0
40114,0
40115,3
40116,0
40117,0
40118,0
40119,3
40120,3
40121,3
40122,3
40123,3
40124,2
40125,0
40126,2
40127,0
40128,0
40129,0
40130,0
40131,0
40132,2
40133,2
40134,0
40135,2
40136,2
40137,3
40138,0
40139,2
40140,2
40141,2
40142,2
40143,0
40144,0
40145,2
40146,2
40147,3
40148,0
40149,0
40150,0
40151,2
40152,2
40153,0
40154,0
40155,2
40156,2
40157,3
40158,2
40159,3
40160,2
40161,3
40162,0
40163,3
40164,3
40165,2
40166,2
40167,2
40168,0
40169,0
40170,2
40171,2
40172,2
40173,0
40174,0
40175,2
40176,2
40177,0
40178,3
40179,2
40180,0
40181,3
40182,3
40183,3
40184,3
40185,3
40186,0
40187,0
40188,0
40189,3
40190,0
40191,0
40192,0
40193,2
40194,2
40195,3
40196,0
40197,0
40198,2
40199,0
40200,0
40201,2
40202,0
40203,2
40204,0
40205,2
40206,3
40207,0
40208,2
40209,2
40210,3
40211,2
40212,3
40213,0
40214,2
40215,2
40216,2
40217,0
40218,2
40219,2
40220,2
40221,2
40222,2
40223,2
40224,2
40225,0
40226,2
40227,0
40228,0
40229,2
40230,2
40231,3
40232,2
40233,0
40234,0
40235,2
40236,0
40237,2
40238,2
40239,2
40240,0
40241,2
40242,3
40243,2
40244,2
40245,2
40246,1
40247,2
40248,2
40249,2
40250,2
40251,0
40252,2
40253,2
40254,0
40255,2
40256,0
40257,3
40258,3
40259,2
40260,2
40261,2
40262,2
40263,2
40264,0
40265,2
40266,0
40267,3
40268,2
40269,2
40270,2
40271,2
40272,2
40273,0
40274,0
40275,3
40276,2
40277,2
40278,2
40279,3
40280,1
40281,1
40282,1
40283,1
40284,1
40285,1
40286,1
40287,3
40288,1
40289,3
40290,1
40291,3
40292,1
40293,3
40294,3
40295,3
40296,1
40297,3
40298,3
40299,3
40300,3
40301,3
40302,2
40303,3
40304,3
40305,0
40306,3
40307,3
40308,3
40309,2
40310,3
40311,2
40312,2
40313,2
40314,2
40315,3
40316,2
40317,2
40318,2
40319,3
40320,2
40321,3
40322,2
40323,2
40324,2
40325,2
40326,3
40327,2
40328,3
40329,3
40330,2
40331,2
40332,3
40333,2
40334,2
40335,3
40336,2
40337,2
40338,3
40339,3
40340,2
40341,3
40342,3
40343,3
40344,3
40345,3
40346,3
40347,3
40348,3
40349,0
40350,3
40351,3
40352,3
40353,0
40354,3
40355,3
40356,3
40357,2
40358,3
40359,2
40360,3
40361,2
40362,0
40363,3
40364,3
40365,2
40366,3
40367,2
40368,3
40369,0
40370,0
40371,3
40372,3
40373,3
40374,3
40375,3
40376,3
40377,2
40378,0
40379,0
40380,3
40381,1
40382,3
40383,3
40384,3
40385,3
40386,3
40387,2
40388,3
40389,3
40390,3
40391,3
40392,2
40393,3
40394,3
40395,3
40396,3
40397,1
40398,3
40399,0
40400,4
40401,1
40402,2
40403,3
40404,3
40405,3
40406,3
40407,3
40408,2
40409,3
40410,2
40411,3
40412,3
40413,3
40414,0
40415,3
40416,3
40417,1
40418,3
40419,3
40420,3
40421,2
40422,0
40423,2
40424,0
40425,0
40426,0
40427,0
40428,0
40429,0
40430,0
40431,0
40432,0
40433,3
40434,2
40435,3
40436,2
40437,0
40438,2
40439,0
40440,2
40441,0
40442,2
40443,2
40444,3
40445,3
40446,2
40447,2
40448,2
40449,3
40450,3
40451,3
40452,3
40453,3
40454,3
40455,2
40456,3
40457,3
40458,3
40459,3
40460,3
40461,3
40462,3
40463,1
40464,3
40465,3
40466,3
40467,2
40468,3
40469,3
40470,3
40471,3
40472,3
40473,2
40474,2
40475,2
40476,2
40477,3
40478,2
40479,2
40480,2
40481,3
40482,2
40483,3
40484,3
40485,2
40486,2
40487,3
40488,3
40489,3
40490,3
40491,2
40492,3
40493,1
40494,0
40495,3
40496,3
40497,3
40498,1
40499,1
40500,3
40501,0
40502,0
40503,3
40504,3
40505,3
40506,3
40507,3
40508,3
40509,1
40510,3
40511,1
40512,1
40513,1
40514,3
40515,3
40516,3
40517,3
40518,3
40519,1
40520,3
40521,3
40522,1
40523,1
40524,1
40525,1
40526,1
40527,3
40528,1
40529,3
40530,1
40531,1
40532,3
40533,3
40534,2
40535,2
40536,3
40537,1
40538,1
40539,1
40540,1
40541,1
40542,1
40543,1
40544,1
40545,3
40546,3
40547,3
40548,3
40549,3
40550,1
40551,1
40552,1
40553,1
40554,1
40555,1
40556,1
40557,1
40558,1
40559,1
40560,1
40561,1
40562,3
40563,1
40564,3
40565,3
40566,1
40567,1
40568,1
40569,1
40570,1
40571,1
40572,1
40573,3
40574,1
40575,1
40576,1
40577,3
40578,3
40579,3
40580,3
40581,2
40582,2
40583,3
40584,3
40585,3
40586,3
40587,2
40588,3
40589,3
40590,2
40591,3
40592,2
40593,3
40594,3
40595,3
40596,0
40597,0
40598,2
40599,0
40600,3
40601,2
40602,2
40603,3
40604,3
40605,3
40606,3
40607,3
40608,3
40609,3
40610,3
40611,3
40612,2
40613,3
40614,2
40615,3
40616,3
40617,2
40618,3
40619,0
40620,3
40621,3
40622,2
40623,3
40624,2
40625,2
40626,2
40627,2
40628,4
40629,2
40630,3
40631,2
40632,2
40633,3
40634,2
40635,3
40636,3
40637,3
40638,3
40639,3
40640,3
40641,3
40642,3
40643,3
40644,3
40645,3
40646,3
40647,2
40648,3
40649,2
40650,0
40651,3
40652,3
40653,3
40654,2
40655,3
40656,0
40657,0
40658,3
40659,0
40660,3
40661,0
40662,3
40663,3
40664,3
40665,0
40666,3
40667,2
40668,0
40669,3
40670,3
40671,3
40672,3
40673,3
40674,3
40675,3
40676,2
40677,3
40678,3
40679,3
40680,3
40681,3
40682,3
40683,1
40684,0
40685,0
40686,2
40687,0
40688,2
40689,3
40690,0
40691,2
40692,2
40693,2
40694,0
40695,2
40696,2
40697,0
40698,0
40699,3
40700,3
40701,3
40702,1
40703,3
40704,3
40705,2
40706,2
40707,1
40708,3
40709,1
40710,1
40711,1
40712,3
40713,1
40714,3
40715,1
40716,3
40717,1
40718,1
40719,1
40720,3
40721,1
40722,1
40723,1
40724,1
40725,1
40726,2
40727,0
40728,2
40729,2
40730,1
40731,0
40732,3
40733,3
40734,2
40735,3
40736,2
40737,3
40738,3
40739,2
40740,3
40741,3
40742,3
40743,3
40744,0
40745,0
40746,3
40747,0
40748,0
40749,0
40750,3
40751,3
40752,2
40753,2
40754,3
40755,2
40756,3
40757,2
40758,3
40759,2
40760,2
40761,0
40762,0
40763,2
40764,3
40765,2
40766,2
40767,3
40768,3
40769,2
40770,3
40771,2
40772,3
40773,2
40774,3
40775,0
40776,0
40777,1
40778,1
40779,1
40780,1
40781,1
40782,1
40783,1
40784,1
40785,1
40786,1
40787,1
40788,1
40789,3
40790,1
40791,1
40792,1
40793,1
40794,1
40795,3
40796,3
40797,1
40798,1
40799,1
40800,1
40801,2
40802,0
40803,3
40804,1
40805,1
40806,1
40807,2
40808,1
40809,1
40810,3
40811,1
40812,1
40813,1
40814,3
40815,1
40816,1
40817,1
40818,1
40819,1
40820,1
40821,1
40822,3
40823,3
40824,1
40825,3
40826,3
40827,1
40828,1
40829,1
40830,1
40831,1
40832,1
40833,3
40834,3
40835,1
40836,1
40837,1
40838,3
40839,3
40840,1
40841,3
40842,3
40843,2
40844,2
40845,3
40846,3
40847,2
40848,2
40849,3
40850,4
40851,2
40852,2
40853,2
40854,2
40855,2
40856,2
40857,2
40858,2
40859,2
40860,3
40861,2
40862,2
40863,2
40864,2
40865,2
40866,2
40867,3
40868,2
40869,3
40870,2
40871,2
40872,2
40873,2
40874,2
40875,3
40876,3
40877,3
40878,3
40879,3
40880,3
40881,2
40882,3
40883,3
40884,3
40885,3
40886,3
40887,3
40888,3
40889,3
40890,2
40891,3
40892,2
40893,2
40894,3
40895,2
40896,3
40897,3
40898,2
40899,3
40900,3
40901,2
40902,2
40903,2
40904,3
40905,3
40906,3
40907,2
40908,3
40909,3
40910,3
40911,3
40912,3
40913,3
40914,2
40915,2
40916,2
40917,3
40918,3
40919,2
40920,2
40921,2
40922,3
40923,3
40924,2
40925,2
40926,3
40927,2
40928,2
40929,2
40930,2
40931,2
40932,2
40933,2
40934,2
40935,2
40936,2
40937,2
40938,2
40939,3
40940,2
40941,2
40942,2
40943,2
40944,2
40945,2
40946,2
40947,2
40948,3
40949,3
40950,2
40951,3
40952,2
40953,2
40954,2
40955,3
40956,3
40957,2
40958,2
40959,2
40960,2
40961,3
40962,2
40963,2
40964,2
40965,3
40966,2
40967,2
40968,2
40969,2
40970,2
40971,2
40972,2
40973,2
40974,3
40975,3
40976,2
40977,3
40978,3
40979,2
40980,3
40981,3
40982,2
40983,2
40984,3
40985,3
40986,3
40987,3
40988,3
40989,3
40990,3
40991,2
40992,3
40993,2
40994,2
40995,2
40996,2
40997,3
40998,2
40999,4
41000,2
41001,2
41002,2
41003,3
41004,3
41005,3
41006,2
41007,3
41008,2
41009,3
41010,2
41011,3
41012,2
41013,2
41014,3
41015,2
41016,3
41017,3
41018,3
41019,3
41020,1
41021,3
41022,3
41023,2
41024,2
41025,2
41026,2
41027,2
41028,1
41029,3
41030,2
41031,2
41032,1
41033,3
41034,3
41035,3
41036,2
41037,3
41038,3
41039,3
41040,2
41041,2
41042,3
41043,3
41044,3
41045,3
41046,3
41047,2
41048,2
41049,2
41050,2
41051,2
41052,2
41053,2
41054,2
41055,2
41056,2
41057,2
41058,2
41059,3
41060,3
41061,3
41062,3
41063,2
41064,2
41065,2
41066,2
41067,2
41068,2
41069,2
41070,2
41071,2
41072,2
41073,2
41074,2
41075,2
41076,2
41077,2
41078,2
41079,2
41080,3
41081,2
41082,3
41083,3
41084,2
41085,3
41086,3
41087,3
41088,2
41089,3
41090,3
41091,3
41092,3
41093,3
41094,3
41095,3
41096,2
41097,3
41098,2
41099,2
41100,3
41101,3
41102,2
41103,2
41104,2
41105,2
41106,2
41107,2
41108,2
41109,2
41110,2
41111,3
41112,2
41113,2
41114,2
41115,2
41116,2
41117,2
41118,3
41119,3
41120,2
41121,3
41122,3
41123,3
41124,3
41125,3
41126,3
41127,2
41128,2
41129,2
41130,2
41131,3
41132,2
41133,2
41134,3
41135,4
41136,2
41137,2
41138,2
41139,3
41140,2
41141,2
41142,3
41143,3
41144,3
41145,2
41146,2
41147,2
41148,2
41149,3
41150,3
41151,3
41152,3
41153,3
41154,2
41155,3
41156,3
41157,3
41158,3
41159,2
41160,2
41161,3
41162,2
41163,3
41164,3
41165,3
41166,2
41167,3
41168,2
41169,3
41170,3
41171,3
41172,2
41173,3
41174,3
41175,3
41176,3
41177,3
41178,3
41179,3
41180,2
41181,2
41182,3
41183,2
41184,3
41185,1
41186,3
41187,3
41188,3
41189,2
41190,2
41191,3
41192,2
41193,3
41194,2
41195,3
41196,2
41197,3
41198,3
41199,3
41200,3
41201,3
41202,3
41203,3
41204,3
41205,3
41206,3
41207,3
41208,3
41209,1
41210,1
41211,2
41212,3
41213,3
41214,2
41215,2
41216,3
41217,3
41218,3
41219,3
41220,3
41221,2
41222,3
41223,2
41224,3
41225,2
41226,3
41227,3
41228,3
41229,2
41230,3
41231,3
41232,3
41233,2
41234,2
41235,2
41236,4
41237,2
41238,2
41239,2
41240,2
41241,2
41242,2
41243,2
41244,2
41245,2
41246,2
41247,2
41248,2
41249,2
41250,2
41251,2
41252,2
41253,2
41254,2
41255,2
41256,2
41257,2
41258,2
41259,3
41260,3
41261,3
41262,3
41263,3
41264,2
41265,3
41266,3
41267,3
41268,3
41269,3
41270,2
41271,2
41272,3
41273,2
41274,2
41275,2
41276,2
41277,2
41278,3
41279,2
41280,2
41281,3
41282,2
41283,2
41284,2
41285,2
41286,2
41287,2
41288,2
41289,2
41290,2
41291,2
41292,2
41293,2
41294,2
41295,3
41296,3
41297,2
41298,2
41299,2
41300,2
41301,2
41302,3
41303,3
41304,3
41305,2
41306,3
41307,3
41308,2
41309,2
41310,3
41311,3
41312,2
41313,3
41314,3
41315,3
41316,3
41317,3
41318,2
41319,2
41320,3
41321,3
41322,3
41323,3
41324,3
41325,2
41326,2
41327,2
41328,3
41329,3
41330,3
41331,3
41332,3
41333,3
41334,3
41335,3
41336,3
41337,3
41338,3
41339,2
41340,3
41341,2
41342,2
41343,2
41344,2
41345,3
41346,2
41347,2
41348,3
41349,3
41350,3
41351,3
41352,2
41353,2
41354,2
41355,2
41356,2
41357,2
41358,3
41359,2
41360,2
41361,2
41362,2
41363,2
41364,2
41365,2
41366,3
41367,2
41368,2
41369,2
41370,2
41371,2
41372,2
41373,2
41374,2
41375,3
41376,2
41377,3
41378,1
41379,3
41380,2
41381,3
41382,3
41383,3
41384,2
41385,2
41386,2
41387,2
41388,2
41389,2
41390,2
41391,2
41392,3
41393,2
41394,2
41395,2
41396,2
41397,2
41398,2
41399,2
41400,2
41401,3
41402,3
41403,3
41404,2
41405,3
41406,2
41407,1
41408,2
41409,2
41410,2
41411,3
41412,2
41413,2
41414,3
41415,2
41416,3
41417,2
41418,1
41419,2
41420,2
41421,2
41422,2
41423,2
41424,2
41425,2
41426,2
41427,2
41428,2
41429,2
41430,2
41431,2
41432,3
41433,3
41434,2
41435,2
41436,2
41437,3
41438,3
41439,1
41440,1
41441,1
41442,2
41443,2
41444,2
41445,1
41446,1
41447,2
41448,3
41449,2
41450,2
41451,2
41452,2
41453,2
41454,2
41455,2
41456,3
41457,2
41458,2
41459,2
41460,2
41461,2
41462,2
41463,2
41464,2
41465,2
41466,2
41467,2
41468,2
41469,2
41470,3
41471,3
41472,2
41473,2
41474,2
41475,2
41476,2
41477,2
41478,3
41479,3
41480,2
41481,2
41482,3
41483,3
41484,2
41485,3
41486,3
41487,3
41488,3
41489,2
41490,2
41491,2
41492,3
41493,2
41494,3
41495,3
41496,3
41497,3
41498,2
41499,3
41500,3
41501,3
41502,3
41503,1
41504,3
41505,3
41506,2
41507,2
41508,2
41509,3
41510,2
41511,2
41512,2
41513,2
41514,3
41515,3
41516,2
41517,2
41518,3
41519,3
41520,1
41521,2
41522,3
41523,2
41524,2
41525,2
41526,2
41527,3
41528,2
41529,2
41530,3
41531,2
41532,3
41533,2
41534,2
41535,2
41536,2
41537,2
41538,3
41539,2
41540,3
41541,2
41542,3
41543,3
41544,2
41545,3
41546,2
41547,2
41548,2
41549,3
41550,3
41551,3
41552,2
41553,2
41554,3
41555,2
41556,2
41557,2
41558,3
41559,2
41560,2
41561,3
41562,3
41563,3
41564,2
41565,3
41566,3
41567,2
41568,2
41569,2
41570,3
41571,2
41572,3
41573,2
41574,2
41575,2
41576,2
41577,2
41578,2
41579,2
41580,2
41581,2
41582,2
41583,2
41584,2
41585,2
41586,2
41587,2
41588,2
41589,2
41590,3
41591,3
41592,3
41593,2
41594,1
41595,3
41596,2
41597,2
41598,2
41599,1
41600,2
41601,2
41602,2
41603,2
41604,2
41605,2
41606,3
41607,2
41608,2
41609,2
41610,2
41611,3
41612,2
41613,2
41614,2
41615,2
41616,2
41617,2
41618,2
41619,3
41620,3
41621,3
41622,2
41623,2
41624,2
41625,2
41626,2
41627,3
41628,2
41629,2
41630,3
41631,2
41632,3
41633,3
41634,3
41635,2
41636,3
41637,3
41638,2
41639,2
41640,2
41641,3
41642,2
41643,1
41644,3
41645,2
41646,3
41647,1
41648,3
41649,3
41650,2
41651,3
41652,1
41653,3
41654,1
41655,2
41656,2
41657,2
41658,2
41659,3
41660,3
41661,1
41662,3
41663,3
41664,3
41665,3
41666,3
41667,3
41668,3
41669,3
41670,1
41671,3
41672,1
41673,3
41674,3
41675,3
41676,3
41677,3
41678,1
41679,3
41680,3
41681,3
41682,3
41683,3
41684,3
41685,3
41686,3
41687,4
41688,1
41689,0
41690,2
41691,0
41692,3
41693,3
41694,3
41695,3
41696,3
41697,3
41698,3
41699,3
41700,3
41701,3
41702,3
41703,3
41704,3
41705,3
41706,3
41707,3
41708,3
41709,3
41710,3
41711,3
41712,3
41713,1
41714,3
41715,3
41716,3
41717,3
41718,3
41719,3
41720,3
41721,3
41722,3
41723,3
41724,2
41725,3
41726,3
41727,3
41728,3
41729,3
41730,3
41731,3
41732,4
41733,3
41734,3
41735,3
41736,3
41737,3
41738,3
41739,3
41740,3
41741,3
41742,3
41743,1
41744,3
41745,3
41746,3
41747,3
41748,3
41749,3
41750,3
41751,3
41752,3
41753,3
41754,3
41755,1
41756,1
41757,3
41758,3
41759,3
41760,1
41761,3
41762,3
41763,2
41764,3
41765,1
41766,3
41767,3
41768,2
41769,3
41770,3
41771,1
41772,3
41773,2
41774,2
41775,3
41776,3
41777,1
41778,3
41779,3
41780,3
41781,1
41782,1
41783,3
41784,3
41785,1
41786,1
41787,2
41788,3
41789,3
41790,2
41791,2
41792,3
41793,2
41794,2
41795,3
41796,2
41797,2
41798,3
41799,3
41800,3
41801,2
41802,3
41803,3
41804,3
41805,3
41806,3
41807,2
41808,2
41809,2
41810,2
41811,2
41812,2
41813,2
41814,3
41815,1
41816,3
41817,3
41818,2
41819,3
41820,2
41821,2
41822,2
41823,3
41824,2
41825,2
41826,2
41827,2
41828,3
41829,2
41830,3
41831,3
41832,3
41833,3
41834,3
41835,3
41836,1
41837,3
41838,2
41839,3
41840,3
41841,2
41842,2
41843,3
41844,3
41845,2
41846,2
41847,2
41848,3
41849,3
41850,1
41851,3
41852,3
41853,3
41854,2
41855,3
41856,2
41857,3
41858,2
41859,3
41860,3
41861,2
41862,3
41863,3
41864,1
41865,4
41866,2
41867,3
41868,2
41869,2
41870,2
41871,2
41872,3
41873,3
41874,2
41875,2
41876,3
41877,3
41878,3
41879,3
41880,1
41881,3
41882,2
41883,3
41884,2
41885,3
41886,2
41887,2
41888,2
41889,2
41890,2
41891,2
41892,3
41893,3
41894,2
41895,3
41896,2
41897,1
41898,2
41899,1
41900,2
41901,2
41902,2
41903,3
41904,5
41905,3
41906,3
41907,1
41908,3
41909,2
41910,3
41911,3
41912,3
41913,1
41914,3
41915,0
41916,1
41917,3
41918,2
41919,3
41920,2
41921,2
41922,3
41923,3
41924,3
41925,2
41926,3
41927,2
41928,3
41929,3
41930,2
41931,2
41932,3
41933,2
41934,2
41935,2
41936,2
41937,2
41938,3
41939,2
41940,2
41941,2
41942,2
41943,2
41944,2
41945,2
41946,2
41947,3
41948,2
41949,1
41950,1
41951,3
41952,2
41953,2
41954,3
41955,3
41956,2
41957,1
41958,2
41959,2
41960,3
41961,3
41962,3
41963,3
41964,3
41965,1
41966,1
41967,3
41968,1
41969,2
41970,3
41971,3
41972,3
41973,3
41974,3
41975,2
41976,2
41977,2
41978,2
41979,2
41980,3
41981,0
41982,3
41983,3
41984,2
41985,3
41986,3
41987,0
41988,2
41989,2
41990,2
41991,3
41992,2
41993,3
41994,3
41995,2
41996,1
41997,1
41998,3
41999,3
42000,3
42001,3
42002,1
42003,3
42004,2
42005,2
42006,3
42007,2
42008,2
42009,3
42010,2
42011,3
42012,3
42013,3
42014,3
42015,2
42016,2
42017,2
42018,2
42019,2
42020,2
42021,2
42022,2
42023,2
42024,2
42025,3
42026,3
42027,3
42028,3
42029,3
42030,3
42031,3
42032,3
42033,3
42034,3
42035,3
42036,2
42037,3
42038,2
42039,1
42040,3
42041,3
42042,3
42043,3
42044,3
42045,0
42046,3
42047,3
42048,3
42049,3
42050,3
42051,2
42052,2
42053,3
42054,3
42055,3
42056,3
42057,3
42058,2
42059,3
42060,2
42061,2
42062,2
42063,0
42064,0
42065,0
42066,2
42067,0
42068,0
42069,1
42070,3
42071,3
42072,2
42073,2
42074,3
42075,2
42076,2
42077,2
42078,2
42079,2
42080,2
42081,3
42082,2
42083,2
42084,2
42085,2
42086,2
42087,2
42088,2
42089,2
42090,2
42091,2
42092,2
42093,2
42094,2
42095,2
42096,3
42097,2
42098,3
42099,2
42100,3
42101,3
42102,2
42103,3
42104,3
42105,2
42106,3
42107,3
42108,3
42109,2
42110,2
42111,2
42112,2
42113,2
42114,3
42115,3
42116,3
42117,3
42118,2
42119,2
42120,2
42121,3
42122,3
42123,1
42124,3
42125,3
42126,3
42127,3
42128,2
42129,2
42130,2
42131,2
42132,2
42133,2
42134,2
42135,2
42136,2
42137,3
42138,2
42139,2
42140,2
42141,2
42142,2
42143,2
42144,2
42145,2
42146,2
42147,2
42148,2
42149,2
42150,3
42151,2
42152,2
42153,2
42154,2
42155,3
42156,2
42157,3
42158,2
42159,2
42160,2
42161,2
42162,2
42163,3
42164,3
42165,3
42166,3
42167,2
42168,3
42169,2
42170,3
42171,2
42172,2
42173,2
42174,2
42175,2
42176,2
42177,2
42178,2
42179,2
42180,2
42181,2
42182,2
42183,2
42184,1
42185,2
42186,2
42187,0
42188,0
42189,3
42190,0
42191,0
42192,0
42193,3
42194,2
42195,3
42196,3
42197,3
42198,3
42199,3
42200,3
42201,3
42202,3
42203,3
42204,3
42205,1
42206,1
42207,1
42208,3
42209,2
42210,3
42211,3
42212,3
42213,0
42214,2
42215,3
42216,3
42217,2
42218,2
42219,0
42220,3
42221,1
42222,1
42223,0
42224,2
42225,0
42226,2
42227,2
42228,2
42229,2
42230,2
42231,3
42232,2
42233,3
42234,3
42235,3
42236,3
42237,3
42238,3
42239,3
42240,3
42241,3
42242,2
42243,3
42244,2
42245,3
42246,3
42247,2
42248,2
42249,3
42250,3
42251,3
42252,2
42253,3
42254,3
42255,3
42256,3
42257,3
42258,3
42259,2
42260,2
42261,3
42262,3
42263,3
42264,3
42265,3
42266,3
42267,3
42268,1
42269,3
42270,3
42271,3
42272,3
42273,3
42274,3
42275,2
42276,3
42277,3
42278,2
42279,2
42280,2
42281,3
42282,3
42283,3
42284,2
42285,3
42286,2
42287,2
42288,2
42289,3
42290,2
42291,3
42292,3
42293,2
42294,2
42295,3
42296,3
42297,2
42298,2
42299,2
42300,2
42301,0
42302,2
42303,0
42304,2
42305,3
42306,2
42307,3
42308,3
42309,3
42310,3
42311,3
42312,3
42313,1
42314,3
42315,2
42316,3
42317,2
42318,2
42319,2
42320,3
42321,2
42322,3
42323,2
42324,2
42325,2
42326,2
42327,3
42328,2
42329,2
42330,2
42331,2
42332,4
42333,2
42334,2
42335,2
42336,2
42337,2
42338,2
42339,2
42340,2
42341,2
42342,2
42343,2
42344,3
42345,2
42346,1
42347,3
42348,2
42349,2
42350,2
42351,3
42352,2
42353,2
42354,2
42355,2
42356,0
42357,0
42358,2
42359,2
42360,2
42361,2
42362,2
42363,0
42364,2
42365,3
42366,0
42367,2
42368,3
42369,0
42370,0
42371,2
42372,2
42373,2
42374,0
42375,1
42376,1
42377,1
42378,1
42379,3
42380,1
42381,1
42382,2
42383,2
42384,3
42385,3
42386,2
42387,2
42388,2
42389,2
42390,2
42391,2
42392,3
42393,2
42394,2
42395,3
42396,3
42397,2
42398,3
42399,3
42400,3
42401,2
42402,2
42403,2
42404,2
42405,3
42406,3
42407,1
42408,2
42409,3
42410,3
42411,3
42412,2
42413,2
42414,2
42415,3
42416,2
42417,2
42418,3
42419,3
42420,2
42421,3
42422,2
42423,3
42424,3
42425,3
42426,3
42427,2
42428,3
42429,3
42430,3
42431,3
42432,3
42433,3
42434,3
42435,3
42436,3
42437,3
42438,2
42439,2
42440,0
42441,2
42442,3
42443,2
42444,0
42445,2
42446,0
42447,0
42448,2
42449,3
42450,3
42451,3
42452,3
42453,3
42454,2
42455,2
42456,2
42457,2
42458,3
42459,3
42460,3
42461,3
42462,2
42463,2
42464,2
42465,2
42466,3
42467,3
42468,3
42469,2
42470,2
42471,2
42472,2
42473,3
42474,3
42475,3
42476,3
42477,2
42478,2
42479,2
42480,3
42481,3
42482,3
42483,3
42484,3
42485,3
42486,3
42487,3
42488,2
42489,2
42490,2
42491,2
42492,2
42493,3
42494,2
42495,2
42496,3
42497,2
42498,3
42499,3
42500,3
42501,3
42502,3
42503,3
42504,3
42505,3
42506,3
42507,3
42508,2
42509,3
42510,3
42511,1
42512,3
42513,1
42514,3
42515,3
42516,3
42517,3
42518,1
42519,2
42520,2
42521,3
42522,3
42523,3
42524,3
42525,2
42526,1
42527,2
42528,2
42529,3
42530,2
42531,2
42532,2
42533,3
42534,3
42535,1
42536,1
42537,3
42538,2
42539,2
42540,3
42541,2
42542,3
42543,2
42544,3
42545,3
42546,3
42547,3
42548,3
42549,3
42550,3
42551,3
42552,3
42553,3
42554,3
42555,3
42556,2
42557,3
42558,3
42559,3
42560,2
42561,3
42562,3
42563,2
42564,3
42565,3
42566,2
42567,2
42568,3
42569,2
42570,2
42571,2
42572,3
42573,3
42574,3
42575,3
42576,2
42577,2
42578,2
42579,2
42580,1
42581,2
42582,2
42583,2
42584,2
42585,2
42586,2
42587,2
42588,2
42589,3
42590,3
42591,3
42592,2
42593,2
42594,2
42595,2
42596,2
42597,3
42598,2
42599,2
42600,2
42601,3
42602,2
42603,2
42604,3
42605,2
42606,3
42607,2
42608,3
42609,3
42610,2
42611,3
42612,1
42613,2
42614,2
42615,2
42616,2
42617,2
42618,2
42619,2
42620,2
42621,3
42622,2
42623,2
42624,2
42625,2
42626,0
42627,2
42628,2
42629,2
42630,2
42631,2
42632,0
42633,3
42634,3
42635,3
42636,3
42637,2
42638,3
42639,3
42640,2
42641,3
42642,2
42643,2
42644,2
42645,2
42646,3
42647,2
42648,3
42649,3
42650,3
42651,2
42652,3
42653,2
42654,2
42655,2
42656,3
42657,2
42658,3
42659,3
42660,3
42661,2
42662,2
42663,2
42664,3
42665,2
42666,2
42667,2
42668,2
42669,3
42670,3
42671,2
42672,2
42673,2
42674,3
42675,3
42676,3
42677,2
42678,2
42679,2
42680,2
42681,3
42682,3
42683,3
42684,3
42685,2
42686,0
42687,3
42688,3
42689,2
42690,3
42691,3
42692,2
42693,2
42694,2
42695,3
42696,2
42697,2
42698,2
42699,2
42700,2
42701,2
42702,2
42703,3
42704,3
42705,3
42706,3
42707,3
42708,2
42709,2
42710,3
42711,3
42712,3
42713,3
42714,3
42715,3
42716,2
42717,2
42718,2
42719,3
42720,3
42721,3
42722,3
42723,2
42724,3
42725,2
42726,3
42727,2
42728,2
42729,2
42730,2
42731,2
42732,3
42733,3
42734,3
42735,3
42736,2
42737,2
42738,3
42739,3
42740,3
42741,3
42742,3
42743,3
42744,2
42745,2
42746,2
42747,2
42748,3
42749,2
42750,3
42751,3
42752,2
42753,3
42754,3
42755,3
42756,3
42757,3
42758,3
42759,3
42760,2
42761,3
42762,3
42763,3
42764,3
42765,0
42766,3
42767,3
42768,3
42769,0
42770,0
42771,2
42772,2
42773,2
42774,2
42775,3
42776,2
42777,3
42778,2
42779,2
42780,2
42781,2
42782,2
42783,3
42784,2
42785,2
42786,0
42787,0
42788,3
42789,3
42790,3
42791,2
42792,3
42793,3
42794,2
42795,2
42796,2
42797,2
42798,2
42799,3
42800,2
42801,3
42802,3
42803,0
42804,2
42805,3
42806,2
42807,2
42808,2
42809,3
42810,3
42811,2
42812,2
42813,2
42814,2
42815,2
42816,2
42817,2
42818,2
42819,3
42820,2
42821,3
42822,3
42823,3
42824,2
42825,2
42826,2
42827,2
42828,2
42829,2
42830,2
42831,3
42832,2
42833,3
42834,3
42835,3
42836,3
42837,2
42838,2
42839,2
42840,2
42841,3
42842,2
42843,3
42844,3
42845,2
42846,2
42847,3
42848,3
42849,3
42850,3
42851,2
42852,3
42853,2
42854,2
42855,0
42856,0
42857,0
42858,3
42859,2
42860,0
42861,0
42862,0
42863,0
42864,0
42865,2
42866,3
42867,2
42868,3
42869,2
42870,0
42871,0
42872,2
42873,2
42874,0
42875,2
42876,0
42877,0
42878,0
42879,2
42880,0
42881,2
42882,2
42883,2
42884,2
42885,2
42886,2
42887,2
42888,2
42889,2
42890,3
42891,3
42892,1
42893,3
42894,3
42895,0
42896,2
42897,1
42898,1
42899,3
42900,3
42901,3
42902,2
42903,2
42904,2
42905,2
42906,2
42907,3
42908,2
42909,3
42910,3
42911,2
42912,3
42913,2
42914,2
42915,2
42916,3
42917,2
42918,2
42919,2
42920,2
42921,2
42922,2
42923,2
42924,2
42925,3
42926,2
42927,1
42928,3
42929,3
42930,3
42931,2
42932,2
42933,2
42934,2
42935,2
42936,2
42937,3
42938,2
42939,3
42940,2
42941,3
42942,3
42943,1
42944,3
42945,3
42946,3
42947,2
42948,3
42949,3
42950,3
42951,3
42952,3
42953,3
42954,3
42955,3
42956,2
42957,1
42958,3
42959,3
42960,3
42961,2
42962,3
42963,2
42964,3
42965,2
42966,2
42967,3
42968,3
42969,3
42970,1
42971,3
42972,3
42973,3
42974,3
42975,2
42976,2
42977,3
42978,3
42979,2
42980,2
42981,3
42982,3
42983,3
42984,2
42985,3
42986,3
42987,2
42988,2
42989,2
42990,3
42991,3
42992,2
42993,3
42994,3
42995,3
42996,3
42997,3
42998,2
42999,3
43000,3
43001,2
43002,3
43003,3
43004,3
43005,2
43006,3
43007,3
43008,2
43009,3
43010,3
43011,3
43012,3
43013,3
43014,3
43015,3
43016,3
43017,3
43018,3
43019,3
43020,0
43021,0
43022,3
43023,3
43024,3
43025,1
43026,3
43027,3
43028,3
43029,3
43030,3
43031,3
43032,3
43033,3
43034,2
43035,1
43036,2
43037,2
43038,2
43039,2
43040,2
43041,3
43042,3
43043,2
43044,2
43045,3
43046,3
43047,1
43048,3
43049,3
43050,3
43051,2
43052,2
43053,2
43054,2
43055,2
43056,3
43057,3
43058,3
43059,3
43060,3
43061,3
43062,3
43063,2
43064,3
43065,3
43066,2
43067,1
43068,3
43069,2
43070,2
43071,2
43072,2
43073,2
43074,2
43075,2
43076,2
43077,2
43078,2
43079,2
43080,2
43081,2
43082,2
43083,2
43084,2
43085,2
43086,2
43087,2
43088,2
43089,2
43090,2
43091,2
43092,3
43093,3
43094,2
43095,2
43096,2
43097,3
43098,2
43099,2
43100,2
43101,2
43102,2
43103,3
43104,2
43105,3
43106,1
43107,3
43108,1
43109,2
43110,2
43111,3
43112,3
43113,2
43114,3
43115,3
43116,2
43117,2
43118,3
43119,1
43120,2
43121,2
43122,3
43123,3
43124,3
43125,2
43126,3
43127,3
43128,3
43129,2
43130,1
43131,3
43132,3
43133,3
43134,3
43135,3
43136,3
43137,2
43138,3
43139,2
43140,2
43141,2
43142,3
43143,2
43144,3
43145,2
43146,3
43147,3
43148,2
43149,2
43150,2
43151,3
43152,3
43153,2
43154,2
43155,3
43156,2
43157,1
43158,2
43159,2
43160,2
43161,2
43162,2
43163,2
43164,3
43165,3
43166,3
43167,2
43168,2
43169,2
43170,2
43171,2
43172,2
43173,3
43174,3
43175,3
43176,2
43177,3
43178,3
43179,3
43180,3
43181,2
43182,3
43183,3
43184,2
43185,3
43186,2
43187,3
43188,2
43189,3
43190,2
43191,3
43192,3
43193,3
43194,2
43195,2
43196,2
43197,0
43198,3
43199,3
43200,2
43201,2
43202,3
43203,3
43204,3
43205,3
43206,2
43207,2
43208,3
43209,2
43210,2
43211,2
43212,2
43213,3
43214,2
43215,3
43216,2
43217,3
43218,3
43219,3
43220,3
43221,3
43222,3
43223,3
43224,3
43225,3
43226,1
43227,2
43228,3
43229,2
43230,2
43231,3
43232,1
43233,3
43234,2
43235,3
43236,2
43237,2
43238,3
43239,3
43240,3
43241,3
43242,3
43243,3
43244,3
43245,3
43246,3
43247,2
43248,2
43249,2
43250,3
43251,3
43252,2
43253,2
43254,2
43255,2
43256,3
43257,2
43258,3
43259,2
43260,3
43261,3
43262,3
43263,3
43264,3
43265,3
43266,2
43267,3
43268,3
43269,3
43270,3
43271,1
43272,3
43273,2
43274,0
43275,2
43276,2
43277,2
43278,2
43279,1
43280,3
43281,2
43282,2
43283,3
43284,3
43285,3
43286,1
43287,3
43288,3
43289,2
43290,3
43291,2
43292,3
43293,3
43294,1
43295,3
43296,2
43297,3
43298,2
43299,2
43300,2
43301,3
43302,3
43303,2
43304,3
43305,3
43306,3
43307,2
43308,2
43309,3
43310,3
43311,2
43312,1
43313,1
43314,3
43315,3
43316,3
43317,3
43318,2
43319,3
43320,3
43321,3
43322,2
43323,2
43324,2
43325,2
43326,3
43327,3
43328,3
43329,1
43330,1
43331,3
43332,1
43333,3
43334,3
43335,3
43336,3
43337,3
43338,3
43339,3
43340,3
43341,3
43342,3
43343,3
43344,2
43345,2
43346,3
43347,2
43348,3
43349,3
43350,2
43351,2
43352,2
43353,2
43354,3
43355,3
43356,3
43357,3
43358,3
43359,3
43360,3
43361,3
43362,3
43363,3
43364,2
43365,3
43366,3
43367,2
43368,3
43369,2
43370,3
43371,2
43372,3
43373,2
43374,3
43375,3
43376,2
43377,2
43378,3
43379,3
43380,3
43381,3
43382,3
43383,3
43384,3
43385,3
43386,3
43387,3
43388,3
43389,3
43390,3
43391,3
43392,3
43393,2
43394,2
43395,3
43396,2
43397,2
43398,2
43399,3
43400,3
43401,1
43402,3
43403,3
43404,2
43405,2
43406,3
43407,3
43408,3
43409,3
43410,1
43411,1
43412,3
43413,3
43414,3
43415,3
43416,3
43417,1
43418,3
43419,3
43420,2
43421,2
43422,3
43423,3
43424,2
43425,3
43426,2
43427,3
43428,2
43429,3
43430,3
43431,2
43432,3
43433,1
43434,3
43435,3
43436,3
43437,1
43438,3
43439,1
43440,3
43441,2
43442,2
43443,3
43444,3
43445,2
43446,3
43447,2
43448,2
43449,3
43450,2
43451,3
43452,3
43453,1
43454,3
43455,3
43456,3
43457,2
43458,3
43459,3
43460,0
43461,3
43462,3
43463,3
43464,3
43465,3
43466,2
43467,3
43468,2
43469,3
43470,3
43471,3
43472,3
43473,3
43474,3
43475,2
43476,3
43477,3
43478,3
43479,2
43480,2
43481,2
43482,2
43483,3
43484,2
43485,2
43486,3
43487,3
43488,3
43489,2
43490,2
43491,3
43492,2
43493,2
43494,2
43495,2
43496,1
43497,3
43498,3
43499,3
43500,2
43501,2
43502,2
43503,2
43504,3
43505,2
43506,2
43507,2
43508,2
43509,2
43510,3
43511,3
43512,2
43513,2
43514,2
43515,3
43516,2
43517,3
43518,3
43519,2
43520,1
43521,2
43522,2
43523,2
43524,1
43525,2
43526,2
43527,2
43528,2
43529,2
43530,2
43531,1
43532,2
43533,2
43534,2
43535,2
43536,2
43537,1
43538,3
43539,3
43540,1
43541,2
43542,3
43543,3
43544,2
43545,3
43546,2
43547,2
43548,3
43549,3
43550,1
43551,3
43552,3
43553,3
43554,3
43555,2
43556,2
43557,3
43558,3
43559,3
43560,3
43561,2
43562,2
43563,2
43564,2
43565,2
43566,2
43567,2
43568,0
43569,2
43570,2
43571,0
43572,3
43573,3
43574,3
43575,3
43576,2
43577,2
43578,1
43579,2
43580,2
43581,3
43582,2
43583,2
43584,2
43585,2
43586,2
43587,3
43588,3
43589,3
43590,2
43591,2
43592,2
43593,1
43594,3
43595,3
43596,2
43597,1
43598,3
43599,2
43600,3
43601,3
43602,2
43603,2
43604,3
43605,3
43606,3
43607,2
43608,2
43609,3
43610,3
43611,4
43612,3
43613,2
43614,2
43615,3
43616,2
43617,2
43618,2
43619,2
43620,2
43621,2
43622,2
43623,2
43624,2
43625,2
43626,2
43627,2
43628,2
43629,2
43630,2
43631,2
43632,2
43633,2
43634,3
43635,2
43636,3
43637,3
43638,3
43639,3
43640,3
43641,3
43642,2
43643,3
43644,3
43645,3
43646,3
43647,2
43648,2
43649,2
43650,2
43651,2
43652,2
43653,3
43654,2
43655,2
43656,2
43657,2
43658,2
43659,2
43660,2
43661,3
43662,3
43663,2
43664,2
43665,1
43666,2
43667,2
43668,3
43669,3
43670,1
43671,2
43672,3
43673,3
43674,2
43675,2
43676,2
43677,2
43678,2
43679,2
43680,3
43681,2
43682,2
43683,3
43684,2
43685,2
43686,2
43687,3
43688,2
43689,2
43690,3
43691,1
43692,3
43693,3
43694,3
43695,2
43696,2
43697,2
43698,2
43699,2
43700,2
43701,2
43702,2
43703,2
43704,2
43705,2
43706,2
43707,3
43708,2
43709,3
43710,2
43711,3
43712,3
43713,1
43714,3
43715,3
43716,3
43717,2
43718,1
43719,3
43720,3
43721,2
43722,2
43723,2
43724,2
43725,2
43726,2
43727,2
43728,2
43729,2
43730,2
43731,2
43732,2
43733,1
43734,2
43735,2
43736,2
43737,2
43738,2
43739,2
43740,3
43741,2
43742,2
43743,2
43744,3
43745,3
43746,3
43747,3
43748,3
43749,3
43750,3
43751,3
43752,3
43753,3
43754,3
43755,2
43756,3
43757,2
43758,3
43759,3
43760,3
43761,2
43762,3
43763,3
43764,3
43765,3
43766,3
43767,3
43768,3
43769,3
43770,3
43771,3
43772,3
43773,3
43774,3
43775,3
43776,3
43777,3
43778,3
43779,3
43780,3
43781,3
43782,3
43783,3
43784,3
43785,3
43786,3
43787,3
43788,3
43789,3
43790,3
43791,3
43792,3
43793,3
43794,3
43795,3
43796,3
43797,3
43798,3
43799,3
43800,3
43801,3
43802,3
43803,3
43804,3
43805,3
43806,3
43807,4
43808,3
43809,3
43810,3
43811,2
43812,3
43813,3
43814,3
43815,3
43816,3
43817,3
43818,2
43819,3
43820,3
43821,3
43822,2
43823,4
43824,2
43825,3
43826,2
43827,2
43828,3
43829,3
43830,3
43831,3
43832,3
43833,3
43834,2
43835,3
43836,3
43837,3
43838,3
43839,2
43840,3
43841,3
43842,3
43843,3
43844,3
43845,3
43846,3
43847,3
43848,2
43849,3
43850,3
43851,3
43852,3
43853,3
43854,2
43855,3
43856,3
43857,3
43858,3
43859,3
43860,3
43861,3
43862,3
43863,3
43864,2
43865,2
43866,3
43867,3
43868,3
43869,3
43870,3
43871,2
43872,2
43873,2
43874,2
43875,2
43876,3
43877,3
43878,2
43879,3
43880,2
43881,3
43882,2
43883,2
43884,2
43885,3
43886,2
43887,3
43888,3
43889,3
43890,3
43891,3
43892,3
43893,3
43894,3
43895,3
43896,3
43897,2
43898,2
43899,3
43900,3
43901,2
43902,3
43903,2
43904,2
43905,3
43906,3
43907,3
43908,3
43909,2
43910,2
43911,3
43912,3
43913,3
43914,2
43915,3
43916,3
43917,3
43918,3
43919,3
43920,3
43921,3
43922,3
43923,3
43924,2
43925,2
43926,2
43927,3
43928,3
43929,2
43930,3
43931,3
43932,3
43933,3
43934,3
43935,3
43936,3
43937,2
43938,3
43939,3
43940,3
43941,3
43942,2
43943,3
43944,2
43945,2
43946,3
43947,3
43948,3
43949,3
43950,3
43951,3
43952,3
43953,2
43954,3
43955,3
43956,3
43957,3
43958,3
43959,3
43960,3
43961,2
43962,3
43963,3
43964,3
43965,3
43966,3
43967,3
43968,3
43969,3
43970,3
43971,3
43972,3
43973,3
43974,3
43975,3
43976,3
43977,3
43978,2
43979,3
43980,2
43981,3
43982,3
43983,2
43984,3
43985,3
43986,3
43987,3
43988,3
43989,2
43990,2
43991,2
43992,3
43993,3
43994,3
43995,3
43996,3
43997,3
43998,3
43999,3
44000,3
44001,3
44002,3
44003,2
44004,2
44005,3
44006,3
44007,3
44008,3
44009,3
44010,3
44011,3
44012,3
44013,2
44014,2
44015,3
44016,3
44017,2
44018,3
44019,3
44020,3
44021,3
44022,3
44023,2
44024,3
44025,2
44026,3
44027,2
44028,2
44029,3
44030,3
44031,2
44032,3
44033,3
44034,3
44035,2
44036,3
44037,2
44038,2
44039,3
44040,2
44041,2
44042,3
44043,3
44044,2
44045,2
44046,3
44047,3
44048,3
44049,2
44050,3
44051,3
44052,3
44053,3
44054,3
44055,3
44056,3
44057,3
44058,3
44059,3
44060,2
44061,3
44062,3
44063,2
44064,3
44065,3
44066,3
44067,3
44068,3
44069,3
44070,3
44071,3
44072,3
44073,3
44074,3
44075,2
44076,3
44077,3
44078,3
44079,3
44080,3
44081,2
44082,3
44083,2
44084,2
44085,2
44086,3
44087,3
44088,3
44089,3
44090,2
44091,2
44092,2
44093,2
44094,3
44095,3
44096,3
44097,3
44098,3
44099,3
44100,3
44101,3
44102,3
44103,3
44104,3
44105,3
44106,3
44107,3
44108,3
44109,3
44110,3
44111,3
44112,3
44113,3
44114,3
44115,3
44116,3
44117,3
44118,3
44119,3
44120,3
44121,2
44122,3
44123,3
44124,3
44125,3
44126,3
44127,3
44128,2
44129,3
44130,3
44131,3
44132,3
44133,3
44134,3
44135,2
44136,3
44137,3
44138,2
44139,3
44140,3
44141,3
44142,3
44143,3
44144,3
44145,3
44146,3
44147,3
44148,3
44149,3
44150,3
44151,3
44152,3
44153,2
44154,3
44155,2
44156,3
44157,2
44158,3
44159,3
44160,2
44161,2
44162,2
44163,3
44164,3
44165,3
44166,3
44167,3
44168,3
44169,3
44170,3
44171,3
44172,3
44173,3
44174,3
44175,3
44176,2
44177,2
44178,2
44179,3
44180,3
44181,3
44182,3
44183,3
44184,3
44185,3
44186,3
44187,3
44188,3
44189,2
44190,3
44191,3
44192,3
44193,3
44194,3
44195,3
44196,3
44197,3
44198,3
44199,3
44200,3
44201,3
44202,3
44203,3
44204,3
44205,3
44206,3
44207,3
44208,3
44209,3
44210,3
44211,3
44212,3
44213,3
44214,3
44215,3
44216,3
44217,3
44218,3
44219,3
44220,3
44221,3
44222,3
44223,3
44224,3
44225,3
44226,3
44227,3
44228,3
44229,3
44230,3
44231,3
44232,3
44233,3
44234,3
44235,3
44236,3
44237,3
44238,2
44239,2
44240,3
44241,2
44242,3
44243,3
44244,3
44245,2
44246,2
44247,3
44248,3
44249,3
44250,3
44251,3
44252,2
44253,3
44254,3
44255,3
44256,2
44257,3
44258,3
44259,3
44260,3
44261,3
44262,3
44263,3
44264,3
44265,3
44266,3
44267,3
44268,2
44269,3
44270,2
44271,2
44272,2
44273,3
44274,3
44275,3
44276,3
44277,3
44278,3
44279,3
44280,2
44281,3
44282,3
44283,4
44284,3
44285,3
44286,3
44287,3
44288,2
44289,2
44290,2
44291,2
44292,2
44293,3
44294,2
44295,3
44296,2
44297,2
44298,3
44299,2
44300,3
44301,2
44302,2
44303,3
44304,3
44305,2
44306,2
44307,3
44308,3
44309,3
44310,3
44311,3
44312,3
44313,3
44314,3
44315,3
44316,3
44317,3
44318,3
44319,3
44320,3
44321,3
44322,3
44323,3
44324,3
44325,3
44326,3
44327,3
44328,2
44329,3
44330,2
44331,2
44332,3
44333,3
44334,3
44335,3
44336,2
44337,2
44338,2
44339,3
44340,3
44341,3
44342,3
44343,3
44344,2
44345,3
44346,2
44347,1
44348,3
44349,3
44350,3
44351,2
44352,3
44353,2
44354,3
44355,3
44356,2
44357,3
44358,3
44359,2
44360,2
44361,2
44362,3
44363,2
44364,3
44365,3
44366,3
44367,3
44368,3
44369,3
44370,3
44371,3
44372,3
44373,3
44374,3
44375,3
44376,3
44377,3
44378,3
44379,4
44380,3
44381,3
44382,3
44383,3
44384,3
44385,3
44386,3
44387,3
44388,3
44389,3
44390,3
44391,2
44392,2
44393,3
44394,3
44395,3
44396,3
44397,3
44398,2
44399,3
44400,3
44401,3
44402,2
44403,3
44404,2
44405,3
44406,1
44407,2
44408,2
44409,3
44410,3
44411,2
44412,3
44413,3
44414,3
44415,2
44416,3
44417,3
44418,3
44419,3
44420,3
44421,3
44422,3
44423,3
44424,3
44425,3
44426,3
44427,3
44428,3
44429,3
44430,2
44431,3
44432,3
44433,3
44434,3
44435,2
44436,2
44437,2
44438,3
44439,2
44440,3
44441,2
44442,2
44443,3
44444,3
44445,2
44446,3
44447,2
44448,3
44449,2
44450,3
44451,2
44452,2
44453,2
44454,3
44455,3
44456,3
44457,3
44458,3
44459,3
44460,3
44461,2
44462,2
44463,2
44464,2
44465,2
44466,3
44467,2
44468,3
44469,3
44470,3
44471,3
44472,3
44473,2
44474,3
44475,3
44476,3
44477,3
44478,3
44479,3
44480,3
44481,3
44482,3
44483,3
44484,3
44485,3
44486,3
44487,3
44488,3
44489,3
44490,3
44491,3
44492,3
44493,3
44494,2
44495,2
44496,3
44497,3
44498,3
44499,3
44500,3
44501,3
44502,3
44503,3
44504,3
44505,3
44506,3
44507,2
44508,3
44509,3
44510,3
44511,3
44512,3
44513,3
44514,3
44515,2
44516,2
44517,3
44518,3
44519,3
44520,3
44521,3
44522,2
44523,3
44524,2
44525,3
44526,3
44527,3
44528,3
44529,3
44530,3
44531,3
44532,3
44533,3
44534,3
44535,3
44536,3
44537,3
44538,3
44539,3
44540,3
44541,2
44542,2
44543,2
44544,3
44545,3
44546,3
44547,3
44548,3
44549,3
44550,3
44551,3
44552,3
44553,3
44554,3
44555,3
44556,3
44557,3
44558,2
44559,3
44560,3
44561,3
44562,2
44563,3
44564,3
44565,4
44566,3
44567,3
44568,3
44569,3
44570,3
44571,3
44572,3
44573,3
44574,3
44575,3
44576,3
44577,2
44578,3
44579,3
44580,3
44581,3
44582,3
44583,3
44584,3
44585,3
44586,3
44587,3
44588,3
44589,3
44590,3
44591,3
44592,3
44593,3
44594,3
44595,3
44596,3
44597,3
44598,3
44599,2
44600,3
44601,2
44602,3
44603,3
44604,3
44605,3
44606,3
44607,3
44608,2
44609,3
44610,3
44611,3
44612,3
44613,3
44614,3
44615,2
44616,3
44617,3
44618,3
44619,2
44620,2
44621,3
44622,2
44623,3
44624,3
44625,2
44626,3
44627,2
44628,3
44629,3
44630,2
44631,3
44632,3
44633,2
44634,3
44635,3
44636,3
44637,3
44638,2
44639,2
44640,3
44641,3
44642,2
44643,2
44644,3
44645,3
44646,2
44647,2
44648,3
44649,2
44650,2
44651,2
44652,2
44653,3
44654,2
44655,2
44656,2
44657,2
44658,3
44659,3
44660,3
44661,3
44662,3
44663,4
44664,2
44665,3
44666,3
44667,3
44668,3
44669,3
44670,3
44671,3
44672,3
44673,3
44674,3
44675,3
44676,3
44677,3
44678,3
44679,3
44680,3
44681,2
44682,3
44683,2
44684,3
44685,3
44686,3
44687,2
44688,3
44689,3
44690,2
44691,3
44692,2
44693,2
44694,2
44695,3
44696,3
44697,2
44698,2
44699,3
44700,3
44701,3
44702,3
44703,3
44704,3
44705,2
44706,2
44707,3
44708,3
44709,3
44710,2
44711,3
44712,3
44713,3
44714,3
44715,3
44716,3
44717,2
44718,3
44719,3
44720,3
44721,3
44722,3
44723,3
44724,3
44725,3
44726,3
44727,3
44728,3
44729,3
44730,3
44731,3
44732,2
44733,2
44734,3
44735,3
44736,3
44737,3
44738,2
44739,3
44740,3
44741,2
44742,2
44743,3
44744,2
44745,3
44746,2
44747,2
44748,2
44749,3
44750,3
44751,3
44752,2
44753,2
44754,3
44755,3
44756,2
44757,3
44758,3
44759,3
44760,3
44761,3
44762,3
44763,2
44764,3
44765,2
44766,2
44767,2
44768,3
44769,2
44770,2
44771,2
44772,2
44773,2
44774,3
44775,2
44776,3
44777,3
44778,2
44779,2
44780,3
44781,2
44782,3
44783,3
44784,3
44785,3
44786,2
44787,2
44788,3
44789,2
44790,3
44791,3
44792,3
44793,3
44794,2
44795,2
44796,2
44797,2
44798,2
44799,2
44800,2
44801,2
44802,3
44803,2
44804,3
44805,2
44806,2
44807,3
44808,2
44809,3
44810,3
44811,2
44812,2
44813,2
44814,2
44815,3
44816,3
44817,3
44818,2
44819,3
44820,2
44821,2
44822,3
44823,2
44824,3
44825,3
44826,3
44827,2
44828,3
44829,2
44830,2
44831,2
44832,2
44833,2
44834,3
44835,3
44836,3
44837,1
44838,1
44839,1
44840,2
44841,2
44842,2
44843,2
44844,2
44845,2
44846,2
44847,2
44848,2
44849,2
44850,2
44851,2
44852,2
44853,3
44854,2
44855,2
44856,2
44857,2
44858,2
44859,2
44860,2
44861,2
44862,2
44863,2
44864,2
44865,3
44866,2
44867,2
44868,2
44869,2
44870,2
44871,2
44872,2
44873,2
44874,2
44875,2
44876,2
44877,2
44878,2
44879,2
44880,2
44881,2
44882,2
44883,2
44884,2
44885,2
44886,2
44887,3
44888,3
44889,3
44890,3
44891,3
44892,3
44893,2
44894,2
44895,3
44896,3
44897,3
44898,3
44899,3
44900,3
44901,2
44902,3
44903,2
44904,3
44905,2
44906,1
44907,4
44908,3
44909,3
44910,3
44911,4
44912,3
44913,1
44914,3
44915,3
44916,3
44917,3
44918,1
44919,3
44920,3
44921,4
44922,4
44923,1
44924,3
44925,1
44926,5
44927,3
44928,2
44929,1
44930,1
44931,2
44932,3
44933,5
44934,3
44935,3
44936,2
44937,3
44938,4
44939,4
44940,3
44941,4
44942,4
44943,3
44944,4
44945,4
44946,4
44947,4
44948,3
44949,3
44950,3
44951,2
44952,3
44953,3
44954,3
44955,3
44956,2
44957,2
44958,2
44959,2
44960,2
44961,2
44962,2
44963,2
44964,2
44965,2
44966,5
44967,2
44968,2
44969,2
44970,2
44971,2
44972,2
44973,2
44974,2
44975,2
44976,2
44977,2
44978,2
44979,2
44980,2
44981,2
44982,2
44983,2
44984,2
44985,2
44986,2
44987,2
44988,2
44989,2
44990,2
44991,2
44992,2
44993,2
44994,2
44995,2
44996,2
44997,2
44998,3
44999,2
45000,2
45001,2
45002,2
45003,2
45004,2
45005,2
45006,2
45007,2
45008,2
45009,2
45010,2
45011,2
45012,2
45013,2
45014,2
45015,2
45016,2
45017,2
45018,2
45019,2
45020,2
45021,2
45022,2
45023,2
45024,2
45025,2
45026,2
45027,2
45028,2
45029,2
45030,2
45031,2
45032,2
45033,2
45034,2
45035,2
45036,2
45037,2
45038,2
45039,2
45040,2
45041,2
45042,2
45043,2
45044,2
45045,2
45046,2
45047,2
45048,2
45049,2
45050,2
45051,2
45052,2
45053,2
45054,2
45055,2
45056,2
45057,2
45058,2
45059,2
45060,2
45061,2
45062,2
45063,2
45064,2
45065,2
45066,2
45067,2
45068,2
45069,2
45070,2
45071,2
45072,2
45073,3
45074,2
45075,3
45076,2
45077,2
45078,2
45079,2
45080,2
45081,2
45082,2
45083,2
45084,2
45085,2
45086,2
45087,2
45088,2
45089,2
45090,2
45091,2
45092,2
45093,2
45094,2
45095,2
45096,2
45097,2
45098,2
45099,2
45100,3
45101,2
45102,2
45103,3
45104,2
45105,2
45106,2
45107,2
45108,2
45109,2
45110,2
45111,2
45112,2
45113,2
45114,2
45115,2
45116,2
45117,2
45118,2
45119,2
45120,2
45121,2
45122,2
45123,2
45124,2
45125,2
45126,2
45127,2
45128,2
45129,2
45130,2
45131,2
45132,2
45133,2
45134,2
45135,4
45136,3
45137,2
45138,2
45139,2
45140,2
45141,2
45142,4
45143,2
45144,3
45145,2
45146,2
45147,3
45148,2
45149,2
45150,2
45151,3
45152,3
45153,2
45154,2
45155,2
45156,3
45157,1
45158,1
45159,3
45160,2
45161,2
45162,2
45163,2
45164,2
45165,2
45166,2
45167,2
45168,2
45169,2
45170,2
45171,2
45172,2
45173,2
45174,2
45175,2
45176,2
45177,2
45178,2
45179,2
45180,2
45181,2
45182,2
45183,2
45184,2
45185,2
45186,2
45187,2
45188,2
45189,2
45190,2
45191,2
45192,2
45193,2
45194,2
45195,2
45196,3
45197,2
45198,2
45199,2
45200,2
45201,2
45202,3
45203,3
45204,3
45205,2
45206,2
45207,2
45208,2
45209,2
45210,3
45211,2
45212,2
45213,2
45214,2
45215,2
45216,2
45217,2
45218,2
45219,2
45220,2
45221,2
45222,2
45223,2
45224,2
45225,3
45226,3
45227,3
45228,2
45229,2
45230,2
45231,3
45232,2
45233,2
45234,2
45235,2
45236,2
45237,2
45238,3
45239,3
45240,2
45241,2
45242,2
45243,2
45244,3
45245,2
45246,4
45247,2
45248,2
45249,2
45250,2
45251,2
45252,2
45253,2
45254,2
45255,3
45256,2
45257,2
45258,1
45259,2
45260,2
45261,2
45262,2
45263,2
45264,2
45265,2
45266,2
45267,2
45268,2
45269,2
45270,2
45271,2
45272,2
45273,2
45274,3
45275,2
45276,2
45277,2
45278,2
45279,2
45280,2
45281,2
45282,2
45283,2
45284,2
45285,2
45286,2
45287,2
45288,2
45289,2
45290,2
45291,2
45292,2
45293,2
45294,2
45295,2
45296,2
45297,2
45298,2
45299,2
45300,1
45301,2
45302,2
45303,2
45304,3
45305,3
45306,3
45307,2
45308,2
45309,2
45310,2
45311,2
45312,2
45313,2
45314,2
45315,2
45316,3
45317,2
45318,3
45319,2
45320,2
45321,2
45322,2
45323,2
45324,2
45325,3
45326,3
45327,3
45328,3
45329,2
45330,2
45331,3
45332,3
45333,2
45334,2
45335,2
45336,3
45337,4
45338,1
45339,3
45340,3
45341,3
45342,3
45343,1
45344,3
45345,3
45346,3
45347,2
45348,2
45349,2
45350,2
45351,2
45352,2
45353,2
45354,2
45355,2
45356,2
45357,2
45358,2
45359,2
45360,2
45361,2
45362,2
45363,2
45364,2
45365,2
45366,2
45367,2
45368,2
45369,2
45370,2
45371,2
45372,2
45373,2
45374,2
45375,2
45376,2
45377,2
45378,2
45379,2
45380,2
45381,2
45382,2
45383,2
45384,2
45385,2
45386,2
45387,2
45388,2
45389,2
45390,2
45391,2
45392,2
45393,2
45394,2
45395,2
45396,2
45397,2
45398,2
45399,2
45400,2
45401,2
45402,2
45403,2
45404,2
45405,2
45406,2
45407,2
45408,2
45409,2
45410,2
45411,2
45412,2
45413,2
45414,2
45415,2
45416,2
45417,2
45418,2
45419,2
45420,2
45421,2
45422,2
45423,2
45424,2
45425,2
45426,2
45427,2
45428,2
45429,2
45430,2
45431,2
45432,2
45433,2
45434,2
45435,2
45436,2
45437,2
45438,2
45439,2
45440,2
45441,2
45442,2
45443,2
45444,2
45445,2
45446,2
45447,2
45448,2
45449,2
45450,2
45451,2
45452,2
45453,2
45454,2
45455,2
45456,2
45457,2
45458,2
45459,2
45460,2
45461,2
45462,2
45463,2
45464,2
45465,2
45466,2
45467,2
45468,2
45469,2
45470,2
45471,3
45472,3
45473,3
45474,3
45475,2
45476,2
45477,4
45478,2
45479,2
45480,2
45481,2
45482,2
45483,2
45484,1
45485,1
45486,1
45487,1
45488,2
45489,1
45490,3
45491,3
45492,1
45493,2
45494,2
45495,2
45496,1
45497,2
45498,2
45499,2
45500,3
45501,2
45502,3
45503,2
45504,2
45505,3
45506,2
45507,0
45508,3
45509,3
45510,3
45511,2
45512,2
45513,2
45514,2
45515,2
45516,2
45517,2
45518,2
45519,2
45520,2
45521,2
45522,2
45523,2
45524,2
45525,2
45526,2
45527,2
45528,2
45529,2
45530,2
45531,2
45532,2
45533,2
45534,2
45535,2
45536,2
45537,2
45538,2
45539,2
45540,2
45541,2
45542,2
45543,2
45544,2
45545,2
45546,2
45547,2
45548,2
45549,2
45550,2
45551,2
45552,2
45553,2
45554,2
45555,2
45556,2
45557,2
45558,2
45559,2
45560,2
45561,2
45562,2
45563,2
45564,2
45565,2
45566,2
45567,2
45568,2
45569,2
45570,2
45571,2
45572,2
45573,2
45574,2
45575,2
45576,2
45577,2
45578,2
45579,2
45580,2
45581,2
45582,2
45583,2
45584,2
45585,2
45586,2
45587,2
45588,2
45589,2
45590,2
45591,2
45592,2
45593,2
45594,2
45595,2
45596,2
45597,2
45598,2
45599,2
45600,3
45601,2
45602,2
45603,2
45604,2
45605,2
45606,2
45607,2
45608,2
45609,2
45610,2
45611,2
45612,2
45613,2
45614,2
45615,2
45616,2
45617,2
45618,2
45619,2
45620,2
45621,2
45622,2
45623,2
45624,2
45625,2
45626,2
45627,2
45628,2
45629,2
45630,2
45631,2
45632,2
45633,2
45634,2
45635,2
45636,2
45637,2
45638,2
45639,2
45640,2
45641,2
45642,2
45643,2
45644,2
45645,2
45646,2
45647,2
45648,2
45649,2
45650,2
45651,2
45652,2
45653,2
45654,2
45655,2
45656,2
45657,2
45658,2
45659,2
45660,2
45661,2
45662,2
45663,2
45664,3
45665,3
45666,2
45667,4
45668,2
45669,2
45670,2
45671,2
45672,2
45673,2
45674,4
45675,2
45676,2
45677,2
45678,2
45679,2
45680,2
45681,2
45682,2
45683,2
45684,2
45685,2
45686,2
45687,2
45688,2
45689,2
45690,2
45691,2
45692,2
45693,2
45694,2
45695,2
45696,2
45697,4
45698,2
45699,2
45700,2
45701,2
45702,2
45703,2
45704,2
45705,2
45706,2
45707,2
45708,2
45709,2
45710,2
45711,2
45712,2
45713,2
45714,2
45715,2
45716,2
45717,2
45718,2
45719,2
45720,2
45721,2
45722,2
45723,2
45724,3
45725,2
45726,2
45727,2
45728,3
45729,3
45730,2
45731,2
45732,2
45733,3
45734,2
45735,2
45736,2
45737,2
45738,2
45739,2
45740,2
45741,2
45742,2
45743,2
45744,2
45745,2
45746,2
45747,2
45748,2
45749,2
45750,2
45751,2
45752,2
45753,2
45754,2
45755,2
45756,2
45757,2
45758,2
45759,2
45760,2
45761,2
45762,2
45763,2
45764,2
45765,2
45766,2
45767,2
45768,2
45769,2
45770,2
45771,2
45772,2
45773,2
45774,2
45775,2
45776,2
45777,2
45778,2
45779,2
45780,2
45781,2
45782,2
45783,2
45784,2
45785,2
45786,2
45787,2
45788,2
45789,2
45790,2
45791,2
45792,2
45793,2
45794,2
45795,2
45796,2
45797,2
45798,2
45799,2
45800,2
45801,2
45802,2
45803,2
45804,2
45805,2
45806,2
45807,2
45808,2
45809,2
45810,2
45811,2
45812,2
45813,2
45814,2
45815,2
45816,2
45817,2
45818,2
45819,2
45820,2
45821,2
45822,2
45823,2
45824,2
45825,2
45826,2
45827,2
45828,2
45829,2
45830,2
45831,2
45832,2
45833,2
45834,2
45835,2
45836,2
45837,2
45838,2
45839,2
45840,2
45841,2
45842,2
45843,2
45844,2
45845,2
45846,2
45847,2
45848,2
45849,2
45850,2
45851,2
45852,2
45853,2
45854,2
45855,2
45856,2
45857,2
45858,2
45859,2
45860,2
45861,2
45862,2
45863,2
45864,2
45865,2
45866,2
45867,2
45868,2
45869,2
45870,2
45871,2
45872,2
45873,2
45874,2
45875,2
45876,2
45877,2
45878,2
45879,2
45880,2
45881,2
45882,2
45883,2
45884,2
45885,2
45886,2
45887,2
45888,2
45889,2
45890,2
45891,2
45892,2
45893,2
45894,2
45895,2
45896,2
45897,3
45898,2
45899,2
45900,2
45901,2
45902,2
45903,2
45904,1
45905,1
45906,3
45907,3
45908,3
45909,3
45910,3
45911,1
45912,3
45913,3
45914,1
45915,3
45916,0
45917,1
45918,1
45919,3
45920,3
45921,3
45922,2
45923,2
45924,2
45925,2
45926,2
45927,2
45928,2
45929,2
45930,2
45931,2
45932,3
45933,1
45934,1
45935,2
45936,2
45937,2
45938,2
45939,2
45940,3
45941,1
45942,3
45943,2
45944,1
45945,3
45946,2
45947,1
45948,1
45949,3
45950,2
45951,1
45952,2
45953,2
45954,2
45955,2
45956,2
45957,3
45958,3
45959,3
45960,2
45961,3
45962,3
45963,2
45964,3
45965,3
45966,3
45967,3
45968,3
45969,3
45970,3
45971,2
45972,3
45973,2
45974,2
45975,3
45976,2
45977,3
45978,3
45979,2
45980,1
45981,3
45982,3
45983,3
45984,3
45985,2
45986,2
45987,2
45988,3
45989,3
45990,3
45991,3
45992,3
45993,2
45994,3
45995,1
45996,3
45997,0
45998,2
45999,2
46000,2
46001,1
46002,3
46003,1
46004,0
46005,0
46006,1
46007,1
46008,1
46009,1
46010,2
46011,3
46012,1
46013,1
46014,1
46015,2
46016,3
46017,1
46018,0
46019,0
46020,2
46021,2
46022,2
46023,2
46024,3
46025,2
46026,2
46027,3
46028,1
46029,3
46030,1
46031,2
46032,2
46033,2
46034,2
46035,3
46036,2
46037,2
46038,2
46039,2
46040,2
46041,2
46042,2
46043,2
46044,1
46045,1
46046,1
46047,3
46048,3
46049,1
46050,1
46051,2
46052,2
46053,3
46054,3
46055,3
46056,3
46057,3
46058,3
46059,3
46060,3
46061,3
46062,2
46063,3
46064,3
46065,3
46066,3
46067,3
46068,3
46069,3
46070,3
46071,3
46072,2
46073,2
46074,3
46075,3
46076,3
46077,2
46078,0
46079,3
46080,0
46081,2
46082,2
46083,2
46084,2
46085,3
46086,3
46087,3
46088,2
46089,2
46090,2
46091,2
46092,2
46093,0
46094,0
46095,0
46096,2
46097,2
46098,3
46099,3
46100,2
46101,2
46102,2
46103,1
46104,2
46105,2
46106,2
46107,2
46108,2
46109,2
46110,2
46111,2
46112,1
46113,3
46114,0
46115,2
46116,3
46117,1
46118,1
46119,3
46120,1
46121,0
46122,0
46123,2
46124,2
46125,3
46126,3
46127,3
46128,3
46129,0
46130,0
46131,0
46132,0
46133,0
46134,0
46135,0
46136,0
46137,0
46138,0
46139,0
46140,0
46141,0
46142,0
46143,0
46144,3
46145,0
46146,0
46147,1
46148,0
46149,0
46150,2
46151,0
46152,1
46153,3
46154,3
46155,3
46156,3
46157,2
46158,2
46159,2
46160,2
46161,2
46162,2
46163,2
46164,2
46165,1
46166,3
46167,3
46168,2
46169,3
46170,3
46171,1
46172,2
46173,2
46174,3
46175,3
46176,2
46177,2
46178,2
46179,3
46180,3
46181,3
46182,3
46183,3
46184,2
46185,3
46186,2
46187,2
46188,2
46189,3
46190,3
46191,3
46192,3
46193,3
46194,3
46195,2
46196,2
46197,2
46198,3
46199,3
46200,3
46201,3
46202,2
46203,0
46204,0
46205,0
46206,0
46207,1
46208,3
46209,2
46210,2
46211,0
46212,0
46213,0
46214,0
46215,0
46216,0
46217,2
46218,0
46219,0
46220,0
46221,0
46222,0
46223,0
46224,3
46225,3
46226,3
46227,2
46228,3
46229,3
46230,2
46231,2
46232,0
46233,2
46234,2
46235,2
46236,2
46237,2
46238,2
46239,0
46240,0
46241,2
46242,2
46243,0
46244,2
46245,3
46246,3
46247,1
46248,0
46249,0
46250,0
46251,0
46252,0
46253,0
46254,0
46255,0
46256,2
46257,2
46258,1
46259,3
46260,3
46261,3
46262,1
46263,0
46264,3
46265,0
46266,1
46267,2
46268,2
46269,0
46270,1
46271,2
46272,2
46273,2
46274,2
46275,2
46276,3
46277,3
46278,3
46279,2
46280,2
46281,3
46282,2
46283,2
46284,2
46285,3
46286,2
46287,2
46288,3
46289,1
46290,1
46291,1
46292,1
46293,1
46294,3
46295,1
46296,1
46297,3
46298,3
46299,3
46300,2
46301,3
46302,3
46303,3
46304,3
46305,1
46306,2
46307,3
46308,1
46309,3
46310,3
46311,3
46312,2
46313,3
46314,2
46315,1
46316,3
46317,2
46318,2
46319,3
46320,2
46321,3
46322,3
46323,3
46324,1
46325,1
46326,3
46327,2
46328,3
46329,2
46330,1
46331,2
46332,1
46333,2
46334,3
46335,2
46336,1
46337,3
46338,3
46339,2
46340,2
46341,3
46342,1
46343,3
46344,3
46345,1
46346,2
46347,3
46348,3
46349,2
46350,3
46351,3
46352,3
46353,3
46354,2
46355,2
46356,2
46357,3
46358,3
46359,2
46360,2
46361,2
46362,3
46363,0
46364,0
46365,0
46366,0
46367,2
46368,2
46369,3
46370,2
46371,3
46372,3
46373,3
46374,2
46375,0
46376,2
46377,0
46378,0
46379,0
46380,3
46381,3
46382,1
46383,2
46384,2
46385,1
46386,3
46387,3
46388,3
46389,0
46390,3
46391,3
46392,3
46393,2
46394,0
46395,2
46396,2
46397,2
46398,2
46399,2
46400,3
46401,2
46402,2
46403,0
46404,2
46405,1
46406,2
46407,3
46408,1
46409,1
46410,1
46411,2
46412,0
46413,2
46414,2
46415,3
46416,2
46417,3
46418,2
46419,2
46420,1
46421,2
46422,2
46423,2
46424,2
46425,3
46426,1
46427,2
46428,1
46429,1
46430,1
46431,1
46432,2
46433,1
46434,2
46435,1
46436,2
46437,2
46438,3
46439,3
46440,3
46441,3
46442,3
46443,3
46444,2
46445,1
46446,0
46447,0
46448,3
46449,3
46450,3
46451,2
46452,1
46453,1
46454,3
46455,2
46456,1
46457,2
46458,3
46459,2
46460,2
46461,2
46462,2
46463,3
46464,3
46465,3
46466,1
46467,3
46468,2
46469,0
46470,2
46471,2
46472,2
46473,2
46474,3
46475,3
46476,2
46477,3
46478,3
46479,3
46480,1
46481,2
46482,3
46483,3
46484,1
46485,2
46486,2
46487,1
46488,3
46489,3
46490,3
46491,3
46492,3
46493,3
46494,3
46495,1
46496,1
46497,4
46498,2
46499,2
46500,2
46501,3
46502,3
46503,3
46504,3
46505,3
46506,2
46507,3
46508,3
46509,3
46510,2
46511,3
46512,2
46513,3
46514,3
46515,3
46516,2
46517,2
46518,3
46519,3
46520,1
46521,2
46522,2
46523,3
46524,2
46525,3
46526,2
46527,2
46528,2
46529,1
46530,3
46531,3
46532,3
46533,2
46534,2
46535,2
46536,2
46537,2
46538,2
46539,2
46540,1
46541,2
46542,2
46543,3
46544,3
46545,1
46546,2
46547,3
46548,3
46549,0
46550,0
46551,2
46552,2
46553,0
46554,2
46555,3
46556,3
46557,0
46558,2
46559,3
46560,1
46561,3
46562,2
46563,3
46564,1
46565,1
46566,1
46567,1
46568,3
46569,3
46570,1
46571,2
46572,2
46573,2
46574,3
46575,3
46576,2
46577,3
46578,2
46579,3
46580,3
46581,2
46582,2
46583,2
46584,2
46585,2
46586,3
46587,2
46588,2
46589,2
46590,2
46591,2
46592,2
46593,2
46594,2
46595,2
46596,2
46597,2
46598,2
46599,2
46600,2
46601,3
46602,3
46603,2
46604,3
46605,2
46606,2
46607,2
46608,2
46609,3
46610,3
46611,3
46612,1
46613,3
46614,3
46615,2
46616,2
46617,2
46618,2
46619,2
46620,2
46621,2
46622,3
46623,3
46624,3
46625,2
46626,2
46627,2
46628,2
46629,2
46630,2
46631,2
46632,2
46633,3
46634,3
46635,3
46636,2
46637,3
46638,2
46639,2
46640,3
46641,3
46642,2
46643,3
46644,3
46645,2
46646,1
46647,2
46648,2
46649,3
46650,3
46651,2
46652,2
46653,2
46654,2
46655,3
46656,3
46657,3
46658,2
46659,2
46660,2
46661,2
46662,2
46663,2
46664,2
46665,2
46666,2
46667,2
46668,2
46669,2
46670,2
46671,2
46672,2
46673,3
46674,2
46675,2
46676,2
46677,2
46678,2
46679,2
46680,2
46681,2
46682,2
46683,2
46684,2
46685,2
46686,2
46687,3
46688,2
46689,2
46690,2
46691,2
46692,2
46693,2
46694,2
46695,2
46696,2
46697,2
46698,2
46699,2
46700,2
46701,3
46702,2
46703,2
46704,2
46705,2
46706,2
46707,3
46708,3
46709,3
46710,3
46711,3
46712,2
46713,2
46714,2
46715,3
46716,3
46717,3
46718,3
46719,3
46720,2
46721,2
46722,2
46723,2
46724,2
46725,3
46726,3
46727,3
46728,3
46729,3
46730,2
46731,3
46732,2
46733,2
46734,3
46735,3
46736,3
46737,3
46738,2
46739,3
46740,2
46741,2
46742,2
46743,3
46744,2
46745,2
46746,2
46747,2
46748,2
46749,2
46750,2
46751,2
46752,2
46753,2
46754,2
46755,2
46756,2
46757,2
46758,2
46759,3
46760,3
46761,3
46762,3
46763,3
46764,3
46765,2
46766,2
46767,2
46768,3
46769,3
46770,2
46771,2
46772,2
46773,2
46774,2
46775,2
46776,2
46777,2
46778,2
46779,2
46780,2
46781,2
46782,2
46783,3
46784,2
46785,2
46786,2
46787,2
46788,2
46789,2
46790,2
46791,2
46792,2
46793,2
46794,2
46795,2
46796,2
46797,2
46798,2
46799,2
46800,2
46801,2
46802,2
46803,2
46804,2
46805,2
46806,1
46807,1
46808,1
46809,2
46810,2
46811,2
46812,2
46813,2
46814,2
46815,2
46816,2
46817,2
46818,2
46819,2
46820,2
46821,2
46822,2
46823,2
46824,2
46825,2
46826,2
46827,2
46828,2
46829,3
46830,2
46831,2
46832,2
46833,2
46834,2
46835,2
46836,1
46837,1
46838,2
46839,3
46840,3
46841,3
46842,2
46843,2
46844,2
46845,3
46846,2
46847,3
46848,3
46849,2
46850,2
46851,2
46852,2
46853,2
46854,2
46855,2
46856,2
46857,2
46858,2
46859,2
46860,2
46861,2
46862,3
46863,2
46864,2
46865,2
46866,2
46867,2
46868,2
46869,2
46870,2
46871,2
46872,2
46873,2
46874,1
46875,1
46876,2
46877,2
46878,2
46879,2
46880,2
46881,3
46882,2
46883,2
46884,2
46885,2
46886,2
46887,2
46888,2
46889,2
46890,2
46891,3
46892,2
46893,2
46894,2
46895,3
46896,2
46897,3
46898,2
46899,2
46900,2
46901,2
46902,2
46903,2
46904,2
46905,2
46906,3
46907,3
46908,3
46909,2
46910,2
46911,2
46912,2
46913,2
46914,2
46915,2
46916,2
46917,3
46918,2
46919,3
46920,2
46921,2
46922,3
46923,3
46924,2
46925,2
46926,2
46927,2
46928,2
46929,2
46930,2
46931,2
46932,2
46933,2
46934,3
46935,2
46936,2
46937,3
46938,2
46939,2
46940,2
46941,2
46942,2
46943,2
46944,2
46945,2
46946,2
46947,2
46948,2
46949,2
46950,2
46951,2
46952,2
46953,2
46954,2
46955,2
46956,1
46957,1
46958,2
46959,2
46960,2
46961,2
46962,2
46963,2
46964,2
46965,4
46966,2
46967,2
46968,2
46969,2
46970,2
46971,2
46972,2
46973,2
46974,2
46975,2
46976,2
46977,2
46978,2
46979,2
46980,2
46981,2
46982,2
46983,2
46984,2
46985,2
46986,2
46987,2
46988,2
46989,2
46990,2
46991,2
46992,2
46993,2
46994,2
46995,2
46996,2
46997,2
46998,2
46999,2
47000,2
47001,2
47002,2
47003,2
47004,2
47005,2
47006,2
47007,2
47008,2
47009,2
47010,2
47011,2
47012,2
47013,2
47014,2
47015,2
47016,2
47017,2
47018,2
47019,2
47020,2
47021,2
47022,2
47023,2
47024,2
47025,2
47026,2
47027,2
47028,2
47029,2
47030,2
47031,2
47032,2
47033,2
47034,2
47035,2
47036,3
47037,2
47038,2
47039,2
47040,2
47041,2
47042,2
47043,2
47044,3
47045,2
47046,2
47047,3
47048,2
47049,2
47050,2
47051,2
47052,2
47053,2
47054,2
47055,2
47056,1
47057,2
47058,1
47059,3
47060,2
47061,2
47062,2
47063,2
47064,2
47065,2
47066,2
47067,2
47068,2
47069,5
47070,2
47071,2
47072,2
47073,5
47074,2
47075,2
47076,2
47077,2
47078,2
47079,2
47080,2
47081,3
47082,2
47083,3
47084,2
47085,2
47086,2
47087,2
47088,2
47089,2
47090,2
47091,2
47092,2
47093,2
47094,2
47095,2
47096,3
47097,3
47098,3
47099,2
47100,2
47101,2
47102,2
47103,3
47104,2
47105,2
47106,2
47107,2
47108,2
47109,3
47110,2
47111,2
47112,2
47113,2
47114,2
47115,2
47116,2
47117,3
47118,2
47119,2
47120,2
47121,1
47122,2
47123,2
47124,2
47125,2
47126,2
47127,2
47128,2
47129,2
47130,2
47131,3
47132,2
47133,2
47134,2
47135,3
47136,3
47137,3
47138,3
47139,3
47140,3
47141,1
47142,2
47143,2
47144,2
47145,2
47146,2
47147,2
47148,2
47149,2
47150,2
47151,2
47152,2
47153,2
47154,2
47155,2
47156,2
47157,2
47158,2
47159,2
47160,2
47161,2
47162,2
47163,2
47164,3
47165,3
47166,2
47167,2
47168,2
47169,2
47170,2
47171,2
47172,2
47173,2
47174,2
47175,2
47176,2
47177,2
47178,2
47179,2
47180,2
47181,2
47182,2
47183,2
47184,2
47185,2
47186,2
47187,2
47188,3
47189,3
47190,3
47191,3
47192,3
47193,2
47194,2
47195,3
47196,2
47197,2
47198,2
47199,1
47200,3
47201,3
47202,3
47203,2
47204,3
47205,2
47206,3
47207,2
47208,2
47209,2
47210,2
47211,2
47212,2
47213,2
47214,2
47215,2
47216,2
47217,2
47218,2
47219,3
47220,3
47221,3
47222,3
47223,3
47224,3
47225,2
47226,3
47227,2
47228,1
47229,3
47230,2
47231,2
47232,2
47233,2
47234,2
47235,2
47236,2
47237,2
47238,2
47239,2
47240,2
47241,2
47242,2
47243,2
47244,2
47245,2
47246,2
47247,2
47248,2
47249,2
47250,2
47251,2
47252,3
47253,2
47254,2
47255,2
47256,2
47257,3
47258,2
47259,3
47260,2
47261,2
47262,2
47263,2
47264,3
47265,2
47266,2
47267,3
47268,2
47269,2
47270,3
47271,3
47272,3
47273,2
47274,2
47275,3
47276,2
47277,2
47278,3
47279,3
47280,3
47281,3
47282,3
47283,3
47284,3
47285,2
47286,2
47287,3
47288,1
47289,1
47290,3
47291,2
47292,2
47293,2
47294,3
47295,3
47296,2
47297,3
47298,3
47299,3
47300,2
47301,3
47302,3
47303,3
47304,2
47305,2
47306,4
47307,3
47308,3
47309,2
47310,2
47311,3
47312,3
47313,3
47314,2
47315,2
47316,2
47317,2
47318,2
47319,2
47320,2
47321,2
47322,2
47323,2
47324,2
47325,2
47326,2
47327,2
47328,2
47329,2
47330,2
47331,2
47332,3
47333,2
47334,3
47335,2
47336,2
47337,2
47338,3
47339,3
47340,1
47341,3
47342,3
47343,2
47344,3
47345,2
47346,2
47347,3
47348,3
47349,2
47350,2
47351,2
47352,2
47353,2
47354,2
47355,2
47356,2
47357,2
47358,2
47359,2
47360,2
47361,2
47362,2
47363,2
47364,3
47365,3
47366,3
47367,3
47368,3
47369,3
47370,3
47371,3
47372,2
47373,2
47374,2
47375,2
47376,2
47377,2
47378,2
47379,2
47380,2
47381,2
47382,2
47383,2
47384,3
47385,2
47386,2
47387,2
47388,2
47389,2
47390,2
47391,2
47392,2
47393,2
47394,2
47395,3
47396,2
47397,2
47398,2
47399,2
47400,3
47401,2
47402,3
47403,2
47404,2
47405,3
47406,3
47407,3
47408,3
47409,2
47410,3
47411,3
47412,3
47413,2
47414,2
47415,2
47416,2
47417,2
47418,2
47419,2
47420,2
47421,2
47422,2
47423,2
47424,2
47425,2
47426,2
47427,2
47428,3
47429,3
47430,3
47431,2
47432,2
47433,3
47434,2
47435,2
47436,2
47437,2
47438,2
47439,2
47440,2
47441,2
47442,2
47443,2
47444,2
47445,2
47446,2
47447,2
47448,2
47449,2
47450,2
47451,3
47452,3
47453,2
47454,2
47455,2
47456,2
47457,3
47458,3
47459,3
47460,3
47461,2
47462,2
47463,2
47464,2
47465,2
47466,3
47467,2
47468,2
47469,3
47470,2
47471,2
47472,2
47473,2
47474,3
47475,3
47476,3
47477,3
47478,2
47479,2
47480,2
47481,2
47482,2
47483,2
47484,2
47485,3
47486,3
47487,2
47488,2
47489,2
47490,2
47491,2
47492,2
47493,2
47494,2
47495,2
47496,2
47497,2
47498,2
47499,2
47500,2
47501,2
47502,2
47503,2
47504,2
47505,2
47506,2
47507,2
47508,2
47509,2
47510,2
47511,2
47512,2
47513,2
47514,2
47515,2
47516,2
47517,2
47518,3
47519,2
47520,2
47521,2
47522,2
47523,2
47524,2
47525,2
47526,2
47527,2
47528,2
47529,2
47530,2
47531,2
47532,2
47533,3
47534,2
47535,2
47536,2
47537,2
47538,1
47539,1
47540,1
47541,1
47542,1
47543,1
47544,2
47545,3
47546,2
47547,2
47548,2
47549,2
47550,1
47551,2
47552,2
47553,2
47554,2
47555,2
47556,2
47557,2
47558,3
47559,2
47560,3
47561,3
47562,3
47563,3
47564,3
47565,3
47566,3
47567,2
47568,2
47569,2
47570,2
47571,2
47572,2
47573,2
47574,2
47575,2
47576,2
47577,2
47578,2
47579,2
47580,2
47581,2
47582,3
47583,2
47584,2
47585,3
47586,1
47587,3
47588,2
47589,2
47590,2
47591,2
47592,2
47593,2
47594,3
47595,2
47596,3
47597,3
47598,3
47599,3
47600,2
47601,2
47602,3
47603,2
47604,2
47605,3
47606,2
47607,2
47608,2
47609,2
47610,2
47611,2
47612,3
47613,2
47614,2
47615,2
47616,2
47617,2
47618,2
47619,2
47620,1
47621,2
47622,1
47623,2
47624,2
47625,2
47626,2
47627,2
47628,2
47629,2
47630,3
47631,3
47632,2
47633,2
47634,2
47635,3
47636,3
47637,3
47638,3
47639,3
47640,3
47641,3
47642,3
47643,3
47644,3
47645,3
47646,2
47647,3
47648,3
47649,3
47650,3
47651,3
47652,2
47653,3
47654,3
47655,3
47656,3
47657,3
47658,2
47659,2
47660,3
47661,3
47662,3
47663,3
47664,2
47665,3
47666,2
47667,2
47668,2
47669,2
47670,2
47671,2
47672,2
47673,2
47674,2
47675,3
47676,2
47677,3
47678,3
47679,3
47680,3
47681,3
47682,3
47683,3
47684,3
47685,2
47686,2
47687,2
47688,2
47689,3
47690,2
47691,2
47692,2
47693,2
47694,2
47695,2
47696,2
47697,2
47698,2
47699,2
47700,2
47701,2
47702,2
47703,2
47704,2
47705,2
47706,2
47707,2
47708,2
47709,2
47710,2
47711,2
47712,2
47713,2
47714,2
47715,2
47716,2
47717,2
47718,2
47719,2
47720,2
47721,2
47722,2
47723,2
47724,2
47725,2
47726,2
47727,2
47728,2
47729,2
47730,2
47731,2
47732,2
47733,2
47734,2
47735,3
47736,2
47737,2
47738,0
47739,2
47740,3
47741,3
47742,1
47743,1
47744,3
47745,2
47746,3
47747,2
47748,3
47749,3
47750,3
47751,3
47752,3
47753,1
47754,2
47755,3
47756,3
47757,2
47758,2
47759,1
47760,0
47761,3
47762,2
47763,2
47764,3
47765,3
47766,3
47767,0
47768,0
47769,0
47770,2
47771,0
47772,0
47773,3
47774,3
47775,3
47776,2
47777,2
47778,2
47779,2
47780,2
47781,2
47782,2
47783,2
47784,2
47785,2
47786,2
47787,2
47788,2
47789,2
47790,2
47791,2
47792,2
47793,1
47794,2
47795,1
47796,2
47797,3
47798,2
47799,2
47800,2
47801,4
47802,2
47803,1
47804,1
47805,3
47806,3
47807,2
47808,1
47809,3
47810,3
47811,3
47812,3
47813,2
47814,2
47815,2
47816,3
47817,2
47818,3
47819,2
47820,2
47821,0
47822,3
47823,3
47824,3
47825,0
47826,3
47827,2
47828,0
47829,2
47830,2
47831,2
47832,2
47833,2
47834,2
47835,2
47836,2
47837,2
47838,3
47839,3
47840,3
47841,3
47842,3
47843,2
47844,3
47845,0
47846,2
47847,0
47848,2
47849,2
47850,2
47851,2
47852,3
47853,3
47854,3
47855,2
47856,3
47857,3
47858,3
47859,3
47860,1
47861,3
47862,3
47863,0
47864,3
47865,0
47866,0
47867,3
47868,2
47869,3
47870,0
47871,2
47872,2
47873,3
47874,2
47875,3
47876,3
47877,3
47878,2
47879,3
47880,2
47881,2
47882,2
47883,2
47884,2
47885,2
47886,2
47887,2
47888,2
47889,3
47890,2
47891,2
47892,3
47893,3
47894,3
47895,2
47896,2
47897,2
47898,2
47899,2
47900,2
47901,2
47902,2
47903,2
47904,2
47905,2
47906,2
47907,2
47908,2
47909,2
47910,3
47911,2
47912,2
47913,2
47914,2
47915,1
47916,3
47917,2
47918,3
47919,2
47920,3
47921,2
47922,2
47923,2
47924,3
47925,2
47926,2
47927,3
47928,2
47929,2
47930,2
47931,3
47932,3
47933,1
47934,0
47935,0
47936,0
47937,3
47938,0
47939,0
47940,0
47941,0
47942,0
47943,3
47944,0
47945,0
47946,0
47947,0
47948,3
47949,0
47950,0
47951,2
47952,2
47953,3
47954,1
47955,3
47956,2
47957,3
47958,0
47959,0
47960,0
47961,3
47962,3
47963,0
47964,0
47965,3
47966,0
47967,0
47968,0
47969,0
47970,2
47971,0
47972,2
47973,2
47974,2
47975,0
47976,2
47977,3
47978,2
47979,2
47980,2
47981,0
47982,2
47983,2
47984,2
47985,2
47986,2
47987,2
47988,3
47989,2
47990,2
47991,2
47992,1
47993,2
47994,2
47995,2
47996,2
47997,1
47998,2
47999,2
48000,3
48001,3
48002,3
48003,3
48004,2
48005,3
48006,3
48007,1
48008,2
48009,3
48010,2
48011,1
48012,3
48013,3
48014,3
48015,3
48016,2
48017,3
48018,3
48019,3
48020,2
48021,2
48022,2
48023,2
48024,2
48025,2
48026,2
48027,3
48028,3
48029,2
48030,1
48031,2
48032,2
48033,1
48034,2
48035,1
48036,3
48037,1
48038,2
48039,3
48040,3
48041,3
48042,3
48043,3
48044,2
48045,3
48046,2
48047,3
48048,3
48049,0
48050,3
48051,3
48052,3
48053,3
48054,3
48055,3
48056,3
48057,2
48058,0
48059,2
48060,0
48061,3
48062,3
48063,3
48064,3
48065,2
48066,3
48067,3
48068,3
48069,0
48070,3
48071,0
48072,3
48073,3
48074,3
48075,3
48076,3
48077,3
48078,3
48079,3
48080,2
48081,3
48082,3
48083,0
48084,3
48085,3
48086,2
48087,2
48088,3
48089,3
48090,3
48091,3
48092,3
48093,3
48094,3
48095,3
48096,3
48097,3
48098,3
48099,3
48100,3
48101,3
48102,3
48103,3
48104,3
48105,3
48106,3
48107,1
48108,2
48109,1
48110,1
48111,1
48112,2
48113,3
48114,1
48115,3
48116,1
48117,1
48118,3
48119,3
48120,3
48121,2
48122,2
48123,2
48124,2
48125,2
48126,2
48127,2
48128,2
48129,2
48130,2
48131,1
48132,1
48133,2
48134,1
48135,2
48136,2
48137,0
48138,2
48139,2
48140,2
48141,2
48142,2
48143,2
48144,3
48145,2
48146,3
48147,2
48148,2
48149,2
48150,2
48151,2
48152,2
48153,2
48154,2
48155,2
48156,2
48157,3
48158,2
48159,2
48160,2
48161,3
48162,2
48163,2
48164,2
48165,2
48166,2
48167,2
48168,2
48169,3
48170,0
48171,3
48172,2
48173,3
48174,0
48175,3
48176,3
48177,0
48178,3
48179,3
48180,3
48181,3
48182,3
48183,2
48184,0
48185,3
48186,2
48187,0
48188,2
48189,2
48190,0
48191,0
48192,2
48193,2
48194,2
48195,0
48196,2
48197,3
48198,1
48199,3
48200,2
48201,3
48202,2
48203,3
48204,2
48205,2
48206,2
48207,3
48208,3
48209,2
48210,2
48211,3
48212,2
48213,3
48214,3
48215,3
48216,2
48217,3
48218,3
48219,3
48220,3
48221,3
48222,2
48223,2
48224,2
48225,3
48226,3
48227,2
48228,3
48229,3
48230,3
48231,2
48232,2
48233,3
48234,3
48235,3
48236,3
48237,3
48238,3
48239,2
48240,2
48241,2
48242,3
48243,3
48244,3
48245,3
48246,3
48247,3
48248,3
48249,3
48250,2
48251,3
48252,2
48253,3
48254,2
48255,3
48256,3
48257,3
48258,3
48259,3
48260,3
48261,2
48262,3
48263,3
48264,3
48265,3
48266,3
48267,2
48268,3
48269,3
48270,3
48271,3
48272,3
48273,3
48274,3
48275,3
48276,3
48277,3
48278,3
48279,3
48280,3
48281,3
48282,3
48283,3
48284,1
48285,3
48286,2
48287,3
48288,3
48289,2
48290,3
48291,3
48292,3
48293,2
48294,3
48295,1
48296,2
48297,3
48298,3
48299,3
48300,3
48301,3
48302,3
48303,3
48304,3
48305,3
48306,3
48307,3
48308,3
48309,3
48310,0
48311,3
48312,3
48313,3
48314,3
48315,3
48316,0
48317,3
48318,3
48319,0
48320,0
48321,0
48322,0
48323,0
48324,3
48325,3
48326,0
48327,0
48328,2
48329,0
48330,0
48331,3
48332,0
48333,3
48334,2
48335,3
48336,3
48337,3
48338,3
48339,3
48340,0
48341,2
48342,3
48343,0
48344,3
48345,3
48346,2
48347,3
48348,2
48349,0
48350,1
48351,0
48352,0
48353,0
48354,3
48355,3
48356,3
48357,3
48358,3
48359,3
48360,3
48361,2
48362,2
48363,2
48364,2
48365,2
48366,2
48367,2
48368,2
48369,2
48370,2
48371,3
48372,2
48373,2
48374,2
48375,2
48376,2
48377,2
48378,2
48379,2
48380,2
48381,3
48382,2
48383,2
48384,3
48385,2
48386,3
48387,3
48388,3
48389,3
48390,2
48391,2
48392,2
48393,3
48394,3
48395,1
48396,1
48397,3
48398,3
48399,2
48400,2
48401,2
48402,3
48403,2
48404,2
48405,2
48406,2
48407,2
48408,2
48409,2
48410,3
48411,2
48412,2
48413,3
48414,2
48415,2
48416,3
48417,2
48418,3
48419,2
48420,3
48421,3
48422,3
48423,3
48424,2
48425,3
48426,3
48427,3
48428,3
48429,3
48430,3
48431,2
48432,2
48433,1
48434,3
48435,2
48436,3
48437,3
48438,2
48439,2
48440,2
48441,2
48442,2
48443,2
48444,2
48445,2
48446,2
48447,2
48448,2
48449,2
48450,2
48451,2
48452,0
48453,0
48454,3
48455,2
48456,2
48457,0
48458,0
48459,2
48460,2
48461,2
48462,3
48463,2
48464,2
48465,2
48466,3
48467,2
48468,2
48469,3
48470,2
48471,2
48472,2
48473,3
48474,2
48475,3
48476,3
48477,3
48478,2
48479,3
48480,3
48481,2
48482,3
48483,2
48484,3
48485,2
48486,3
48487,2
48488,2
48489,3
48490,3
48491,3
48492,2
48493,2
48494,3
48495,3
48496,2
48497,2
48498,2
48499,2
48500,2
48501,2
48502,2
48503,2
48504,2
48505,2
48506,3
48507,3
48508,2
48509,3
48510,3
48511,2
48512,3
48513,2
48514,2
48515,2
48516,3
48517,2
48518,3
48519,2
48520,2
48521,3
48522,2
48523,2
48524,2
48525,3
48526,3
48527,2
48528,3
48529,3
48530,3
48531,3
48532,2
48533,3
48534,3
48535,3
48536,3
48537,3
48538,3
48539,3
48540,3
48541,3
48542,3
48543,3
48544,3
48545,3
48546,2
48547,1
48548,3
48549,3
48550,3
48551,3
48552,3
48553,3
48554,3
48555,2
48556,0
48557,3
48558,2
48559,3
48560,3
48561,1
48562,3
48563,2
48564,3
48565,1
48566,2
48567,2
48568,2
48569,2
48570,2
48571,2
48572,2
48573,2
48574,2
48575,2
48576,3
48577,3
48578,3
48579,2
48580,2
48581,2
48582,2
48583,2
48584,2
48585,2
48586,2
48587,2
48588,2
48589,2
48590,3
48591,3
48592,3
48593,2
48594,2
48595,2
48596,2
48597,2
48598,2
48599,2
48600,2
48601,2
48602,2
48603,2
48604,2
48605,2
48606,3
48607,2
48608,2
48609,3
48610,2
48611,2
48612,2
48613,2
48614,3
48615,2
48616,2
48617,2
48618,3
48619,3
48620,2
48621,2
48622,2
48623,3
48624,2
48625,2
48626,2
48627,2
48628,2
48629,2
48630,3
48631,2
48632,2
48633,2
48634,2
48635,2
48636,2
48637,2
48638,2
48639,2
48640,2
48641,2
48642,2
48643,2
48644,2
48645,2
48646,2
48647,2
48648,2
48649,2
48650,0
48651,2
48652,0
48653,2
48654,2
48655,2
48656,2
48657,2
48658,2
48659,2
48660,2
48661,2
48662,2
48663,2
48664,2
48665,2
48666,3
48667,0
48668,3
48669,2
48670,2
48671,2
48672,2
48673,2
48674,2
48675,2
48676,3
48677,2
48678,3
48679,2
48680,0
48681,0
48682,2
48683,3
48684,2
48685,2
48686,3
48687,2
48688,2
48689,2
48690,2
48691,2
48692,3
48693,1
48694,1
48695,3
48696,2
48697,3
48698,2
48699,2
48700,2
48701,3
48702,2
48703,2
48704,2
48705,2
48706,2
48707,2
48708,3
48709,3
48710,3
48711,3
48712,3
48713,3
48714,3
48715,2
48716,2
48717,2
48718,2
48719,2
48720,3
48721,2
48722,3
48723,2
48724,3
48725,2
48726,2
48727,2
48728,2
48729,2
48730,2
48731,2
48732,3
48733,2
48734,2
48735,3
48736,2
48737,1
48738,3
48739,2
48740,2
48741,2
48742,2
48743,2
48744,2
48745,2
48746,2
48747,2
48748,2
48749,2
48750,2
48751,3
48752,2
48753,2
48754,2
48755,2
48756,2
48757,2
48758,2
48759,2
48760,2
48761,2
48762,2
48763,2
48764,2
48765,2
48766,3
48767,3
48768,3
48769,2
48770,2
48771,2
48772,2
48773,2
48774,2
48775,2
48776,3
48777,2
48778,2
48779,2
48780,2
48781,2
48782,2
48783,2
48784,3
48785,3
48786,3
48787,2
48788,2
48789,2
48790,3
48791,2
48792,2
48793,2
48794,2
48795,2
48796,0
48797,2
48798,2
48799,3
48800,2
48801,2
48802,2
48803,2
48804,2
48805,2
48806,2
48807,2
48808,2
48809,2
48810,2
48811,2
48812,2
48813,2
48814,2
48815,2
48816,2
48817,2
48818,2
48819,2
48820,1
48821,2
48822,2
48823,2
48824,2
48825,2
48826,2
48827,2
48828,3
48829,2
48830,2
48831,2
48832,2
48833,2
48834,1
48835,2
48836,2
48837,2
48838,2
48839,2
48840,2
48841,2
48842,2
48843,2
48844,3
48845,2
48846,2
48847,3
48848,2
48849,2
48850,2
48851,2
48852,1
48853,2
48854,2
48855,2
48856,2
48857,2
48858,2
48859,2
48860,2
48861,2
48862,2
48863,2
48864,2
48865,2
48866,2
48867,2
48868,2
48869,2
48870,3
48871,2
48872,2
48873,3
48874,2
48875,2
48876,2
48877,2
48878,2
48879,2
48880,2
48881,3
48882,0
48883,1
48884,2
48885,2
48886,2
48887,3
48888,2
48889,2
48890,2
48891,2
48892,2
48893,2
48894,2
48895,2
48896,2
48897,2
48898,2
48899,2
48900,2
48901,3
48902,2
48903,2
48904,2
48905,3
48906,2
48907,2
48908,2
48909,3
48910,2
48911,2
48912,2
48913,2
48914,3
48915,2
48916,2
48917,2
48918,2
48919,2
48920,2
48921,2
48922,2
48923,3
48924,2
48925,2
48926,2
48927,2
48928,2
48929,2
48930,2
48931,3
48932,3
48933,2
48934,2
48935,2
48936,2
48937,2
48938,2
48939,2
48940,2
48941,2
48942,2
48943,2
48944,3
48945,3
48946,2
48947,2
48948,2
48949,2
48950,2
48951,2
48952,2
48953,2
48954,0
48955,0
48956,2
48957,2
48958,0
48959,2
48960,2
48961,2
48962,2
48963,2
48964,2
48965,2
48966,2
48967,2
48968,2
48969,2
48970,3
48971,2
48972,2
48973,2
48974,2
48975,3
48976,2
48977,2
48978,2
48979,2
48980,2
48981,2
48982,2
48983,2
48984,2
48985,2
48986,2
48987,3
48988,2
48989,2
48990,3
48991,3
48992,2
48993,2
48994,2
48995,2
48996,2
48997,2
48998,3
48999,2
49000,2
49001,2
49002,2
49003,2
49004,2
49005,2
49006,2
49007,2
49008,2
49009,2
49010,2
49011,2
49012,2
49013,2
49014,2
49015,0
49016,2
49017,3
49018,3
49019,3
49020,3
49021,2
49022,2
49023,2
49024,2
49025,2
49026,2
49027,2
49028,3
49029,2
49030,2
49031,2
49032,2
49033,2
49034,2
49035,2
49036,2
49037,2
49038,2
49039,2
49040,2
49041,2
49042,2
49043,2
49044,2
49045,2
49046,2
49047,2
49048,3
49049,2
49050,2
49051,2
49052,2
49053,3
49054,2
49055,2
49056,2
49057,2
49058,2
49059,2
49060,2
49061,3
49062,2
49063,2
49064,2
49065,2
49066,2
49067,2
49068,2
49069,2
49070,2
49071,2
49072,2
49073,3
49074,3
49075,2
49076,3
49077,2
49078,2
49079,2
49080,2
49081,2
49082,2
49083,2
49084,2
49085,2
49086,2
49087,2
49088,3
49089,2
49090,2
49091,2
49092,2
49093,2
49094,2
49095,3
49096,2
49097,2
49098,2
49099,2
49100,2
49101,2
49102,2
49103,3
49104,2
49105,2
49106,2
49107,3
49108,2
49109,2
49110,2
49111,2
49112,2
49113,2
49114,2
49115,2
49116,2
49117,3
49118,3
49119,3
49120,2
49121,2
49122,2
49123,2
49124,3
49125,2
49126,2
49127,2
49128,3
49129,2
49130,2
49131,2
49132,2
49133,2
49134,2
49135,2
49136,3
49137,2
49138,3
49139,2
49140,3
49141,2
49142,3
49143,2
49144,2
49145,2
49146,2
49147,2
49148,3
49149,2
49150,2
49151,2
49152,2
49153,2
49154,2
49155,2
49156,3
49157,2
49158,2
49159,2
49160,2
49161,2
49162,2
49163,2
49164,2
49165,2
49166,3
49167,1
49168,2
49169,2
49170,2
49171,2
49172,2
49173,2
49174,2
49175,2
49176,2
49177,2
49178,2
49179,2
49180,2
49181,2
49182,0
49183,2
49184,2
49185,2
49186,2
49187,2
49188,2
49189,3
49190,2
49191,2
49192,2
49193,2
49194,2
49195,2
49196,2
49197,2
49198,2
49199,2
49200,2
49201,2
49202,3
49203,3
49204,2
49205,2
49206,2
49207,2
49208,2
49209,2
49210,2
49211,2
49212,1
49213,2
49214,3
49215,2
49216,2
49217,2
49218,2
49219,2
49220,2
49221,2
49222,2
49223,2
49224,2
49225,3
49226,3
49227,2
49228,2
49229,2
49230,2
49231,2
49232,2
49233,2
49234,2
49235,2
49236,2
49237,2
49238,2
49239,2
49240,2
49241,2
49242,2
49243,2
49244,2
49245,2
49246,2
49247,2
49248,2
49249,2
49250,2
49251,2
49252,2
49253,2
49254,2
49255,2
49256,2
49257,2
49258,2
49259,3
49260,2
49261,3
49262,3
49263,2
49264,2
49265,2
49266,2
49267,2
49268,2
49269,2
49270,2
49271,2
49272,2
49273,3
49274,2
49275,2
49276,2
49277,2
49278,2
49279,2
49280,2
49281,2
49282,3
49283,2
49284,2
49285,2
49286,2
49287,2
49288,2
49289,3
49290,2
49291,2
49292,2
49293,2
49294,2
49295,2
49296,2
49297,3
49298,2
49299,2
49300,2
49301,2
49302,2
49303,2
49304,2
49305,2
49306,3
49307,2
49308,2
49309,2
49310,2
49311,2
49312,2
49313,2
49314,2
49315,3
49316,2
49317,2
49318,2
49319,2
49320,2
49321,2
49322,2
49323,2
49324,2
49325,2
49326,2
49327,2
49328,2
49329,2
49330,2
49331,2
49332,2
49333,2
49334,2
49335,2
49336,2
49337,2
49338,2
49339,2
49340,2
49341,3
49342,3
49343,3
49344,3
49345,3
49346,3
49347,3
49348,3
49349,3
49350,3
49351,3
49352,3
49353,3
49354,3
49355,3
49356,3
49357,3
49358,3
49359,3
49360,3
49361,3
49362,3
49363,3
49364,3
49365,3
49366,3
49367,3
49368,3
49369,3
49370,3
49371,3
49372,3
49373,3
49374,3
49375,3
49376,3
49377,2
49378,3
49379,4
49380,3
49381,3
49382,1
49383,3
49384,3
49385,3
49386,1
49387,1
49388,3
49389,3
49390,1
49391,1
49392,3
49393,1
49394,1
49395,1
49396,1
49397,1
49398,1
49399,1
49400,1
49401,1
49402,1
49403,3
49404,1
49405,1
49406,1
49407,1
49408,3
49409,1
49410,1
49411,1
49412,1
49413,3
49414,1
49415,1
49416,1
49417,1
49418,3
49419,3
49420,3
49421,4
49422,1
49423,1
49424,3
49425,3
49426,3
49427,3
49428,1
49429,1
49430,1
49431,3
49432,3
49433,1
49434,1
49435,1
49436,1
49437,5
49438,3
49439,3
49440,1
49441,1
49442,1
49443,3
49444,3
49445,1
49446,1
49447,1
49448,1
49449,3
49450,4
49451,2
49452,2
49453,2
49454,2
49455,2
49456,2
49457,2
49458,2
49459,2
49460,2
49461,2
49462,3
49463,2
49464,2
49465,5
49466,2
49467,2
49468,2
49469,2
49470,2
49471,2
49472,2
49473,2
49474,2
49475,2
49476,2
49477,2
49478,2
49479,2
49480,2
49481,2
49482,2
49483,2
49484,2
49485,2
49486,2
49487,2
49488,2
49489,2
49490,2
49491,2
49492,2
49493,2
49494,2
49495,2
49496,2
49497,2
49498,2
49499,2
49500,2
49501,2
49502,2
49503,2
49504,2
49505,3
49506,2
49507,2
49508,2
49509,2
49510,2
49511,2
49512,2
49513,2
49514,2
49515,2
49516,2
49517,2
49518,2
49519,2
49520,2
49521,2
49522,2
49523,2
49524,2
49525,2
49526,2
49527,2
49528,2
49529,2
49530,2
49531,2
49532,2
49533,1
49534,2
49535,2
49536,2
49537,2
49538,2
49539,2
49540,2
49541,2
49542,2
49543,2
49544,2
49545,2
49546,2
49547,2
49548,2
49549,2
49550,2
49551,3
49552,2
49553,2
49554,2
49555,2
49556,2
49557,2
49558,3
49559,2
49560,2
49561,2
49562,2
49563,2
49564,2
49565,2
49566,2
49567,2
49568,2
49569,2
49570,2
49571,2
49572,2
49573,2
49574,2
49575,2
49576,2
49577,2
49578,2
49579,2
49580,2
49581,2
49582,2
49583,2
49584,3
49585,3
49586,2
49587,2
49588,2
49589,2
49590,2
49591,2
49592,2
49593,2
49594,2
49595,2
49596,2
49597,2
49598,2
49599,2
49600,2
49601,2
49602,2
49603,2
49604,2
49605,2
49606,2
49607,2
49608,2
49609,2
49610,2
49611,2
49612,2
49613,2
49614,2
49615,2
49616,2
49617,2
49618,2
49619,2
49620,2
49621,2
49622,2
49623,2
49624,2
49625,2
49626,2
49627,2
49628,2
49629,2
49630,2
49631,2
49632,2
49633,2
49634,2
49635,2
49636,2
49637,2
49638,2
49639,2
49640,2
49641,2
49642,2
49643,2
49644,2
49645,2
49646,2
49647,2
49648,2
49649,3
49650,2
49651,3
49652,2
49653,2
49654,2
49655,3
49656,3
49657,2
49658,2
49659,2
49660,2
49661,2
49662,2
49663,2
49664,2
49665,3
49666,2
49667,2
49668,2
49669,2
49670,2
49671,2
49672,2
49673,2
49674,2
49675,2
49676,2
49677,2
49678,2
49679,2
49680,2
49681,2
49682,2
49683,2
49684,2
49685,2
49686,2
49687,2
49688,2
49689,2
49690,2
49691,2
49692,2
49693,2
49694,2
49695,2
49696,2
49697,2
49698,2
49699,2
49700,2
49701,2
49702,2
49703,2
49704,2
49705,2
49706,2
49707,2
49708,2
49709,2
49710,2
49711,2
49712,2
49713,2
49714,2
49715,2
49716,2
49717,2
49718,1
49719,2
49720,2
49721,2
49722,2
49723,2
49724,2
49725,2
49726,2
49727,2
49728,2
49729,2
49730,2
49731,2
49732,2
49733,2
49734,2
49735,2
49736,2
49737,2
49738,2
49739,2
49740,2
49741,2
49742,2
49743,2
49744,2
49745,2
49746,2
49747,2
49748,2
49749,3
49750,2
49751,2
49752,2
49753,2
49754,2
49755,2
49756,3
49757,2
49758,2
49759,2
49760,2
49761,2
49762,2
49763,2
49764,2
49765,2
49766,2
49767,2
49768,2
49769,2
49770,2
49771,2
49772,2
49773,2
49774,1
49775,2
49776,2
49777,2
49778,2
49779,2
49780,2
49781,2
49782,2
49783,2
49784,2
49785,2
49786,2
49787,2
49788,2
49789,2
49790,2
49791,2
49792,2
49793,2
49794,2
49795,2
49796,2
49797,2
49798,2
49799,2
49800,2
49801,2
49802,2
49803,2
49804,2
49805,2
49806,2
49807,2
49808,2
49809,2
49810,3
49811,2
49812,2
49813,2
49814,2
49815,2
49816,2
49817,2
49818,2
49819,2
49820,2
49821,2
49822,2
49823,2
49824,2
49825,2
49826,2
49827,2
49828,2
49829,2
49830,2
49831,2
49832,2
49833,2
49834,2
49835,2
49836,2
49837,2
49838,2
49839,2
49840,2
49841,2
49842,2
49843,2
49844,2
49845,2
49846,2
49847,2
49848,2
49849,2
49850,2
49851,2
49852,2
49853,2
49854,2
49855,2
49856,2
49857,2
49858,2
49859,2
49860,2
49861,2
49862,2
49863,2
49864,2
49865,2
49866,2
49867,2
49868,2
49869,2
49870,2
49871,2
49872,2
49873,2
49874,2
49875,2
49876,2
49877,2
49878,2
49879,2
49880,2
49881,2
49882,2
49883,2
49884,2
49885,2
49886,2
49887,2
49888,2
49889,2
49890,2
49891,2
49892,2
49893,2
49894,2
49895,2
49896,2
49897,2
49898,2
49899,2
49900,2
49901,2
49902,2
49903,2
49904,2
49905,2
49906,2
49907,2
49908,2
49909,2
49910,2
49911,2
49912,2
49913,2
49914,2
49915,2
49916,2
49917,2
49918,2
49919,2
49920,2
49921,2
49922,2
49923,2
49924,2
49925,2
49926,2
49927,2
49928,2
49929,2
49930,2
49931,2
49932,2
49933,2
49934,2
49935,2
49936,2
49937,3
49938,2
49939,2
49940,2
49941,2
49942,2
49943,2
49944,2
49945,2
49946,2
49947,2
49948,2
49949,2
49950,2
49951,2
49952,2
49953,2
49954,2
49955,2
49956,2
49957,2
49958,2
49959,2
49960,2
49961,2
49962,2
49963,2
49964,2
49965,2
49966,2
49967,2
49968,2
49969,2
49970,2
49971,2
49972,2
49973,2
49974,2
49975,2
49976,2
49977,2
49978,2
49979,2
49980,2
49981,2
49982,2
49983,2
49984,2
49985,2
49986,2
49987,2
49988,2
49989,2
49990,2
49991,2
49992,2
49993,2
49994,2
49995,2
49996,2
49997,2
49998,2
49999,2
50000,2
50001,2
50002,2
50003,2
50004,2
50005,2
50006,2
50007,2
50008,2
50009,2
50010,2
50011,2
50012,2
50013,2
50014,2
50015,2
50016,2
50017,2
50018,2
50019,2
50020,2
50021,2
50022,2
50023,2
50024,2
50025,2
50026,2
50027,2
50028,2
50029,2
50030,2
50031,2
50032,2
50033,2
50034,2
50035,2
50036,2
50037,2
50038,2
50039,2
50040,2
50041,2
50042,2
50043,2
50044,2
50045,2
50046,2
50047,2
50048,2
50049,2
50050,2
50051,2
50052,2
50053,2
50054,2
50055,2
50056,2
50057,2
50058,2
50059,2
50060,2
50061,2
50062,2
50063,2
50064,2
50065,2
50066,2
50067,2
50068,2
50069,2
50070,2
50071,2
50072,2
50073,2
50074,2
50075,2
50076,2
50077,2
50078,2
50079,2
50080,2
50081,2
50082,2
50083,2
50084,2
50085,2
50086,2
50087,2
50088,2
50089,2
50090,2
50091,2
50092,2
50093,2
50094,2
50095,2
50096,2
50097,2
50098,2
50099,2
50100,2
50101,2
50102,2
50103,2
50104,2
50105,2
50106,2
50107,2
50108,2
50109,2
50110,2
50111,2
50112,2
50113,2
50114,2
50115,2
50116,2
50117,2
50118,2
50119,2
50120,2
50121,2
50122,2
50123,2
50124,2
50125,2
50126,2
50127,2
50128,2
50129,2
50130,2
50131,2
50132,2
50133,2
50134,2
50135,2
50136,2
50137,2
50138,2
50139,2
50140,2
50141,2
50142,2
50143,2
50144,2
50145,2
50146,2
50147,2
50148,2
50149,2
50150,2
50151,2
50152,2
50153,2
50154,2
50155,2
50156,2
50157,2
50158,2
50159,2
50160,2
50161,2
50162,2
50163,2
50164,2
50165,2
50166,2
50167,2
50168,2
50169,2
50170,2
50171,2
50172,2
50173,2
50174,2
50175,2
50176,2
50177,2
50178,2
50179,2
50180,2
50181,2
50182,2
50183,2
50184,2
50185,2
50186,2
50187,2
50188,2
50189,2
50190,2
50191,2
50192,2
50193,2
50194,2
50195,2
50196,2
50197,2
50198,2
50199,2
50200,2
50201,2
50202,2
50203,2
50204,2
50205,2
50206,2
50207,2
50208,2
50209,2
50210,2
50211,2
50212,2
50213,2
50214,2
50215,2
50216,2
50217,2
50218,2
50219,2
50220,2
50221,2
50222,2
50223,2
50224,2
50225,2
50226,2
50227,3
50228,2
50229,2
50230,2
50231,2
50232,2
50233,2
50234,2
50235,2
50236,2
50237,2
50238,2
50239,2
50240,2
50241,2
50242,2
50243,2
50244,2
50245,2
50246,2
50247,2
50248,2
50249,2
50250,2
50251,2
50252,2
50253,2
50254,2
50255,2
50256,2
50257,2
50258,2
50259,2
50260,2
50261,2
50262,2
50263,2
50264,2
50265,2
50266,2
50267,2
50268,2
50269,2
50270,2
50271,2
50272,2
50273,2
50274,2
50275,2
50276,2
50277,2
50278,2
50279,2
50280,2
50281,2
50282,2
50283,2
50284,2
50285,2
50286,2
50287,2
50288,2
50289,2
50290,2
50291,2
50292,2
50293,2
50294,2
50295,2
50296,2
50297,2
50298,2
50299,2
50300,2
50301,2
50302,2
50303,2
50304,2
50305,2
50306,2
50307,2
50308,2
50309,2
50310,2
50311,2
50312,2
50313,2
50314,2
50315,2
50316,2
50317,2
50318,2
50319,2
50320,2
50321,2
50322,2
50323,2
50324,2
50325,2
50326,2
50327,2
50328,2
50329,2
50330,2
50331,2
50332,2
50333,2
50334,2
50335,2
50336,2
50337,2
50338,2
50339,2
50340,2
50341,2
50342,2
50343,2
50344,2
50345,2
50346,2
50347,2
50348,2
50349,2
50350,2
50351,2
50352,2
50353,2
50354,2
50355,2
50356,2
50357,2
50358,2
50359,2
50360,2
50361,2
50362,2
50363,2
50364,2
50365,2
50366,2
50367,2
50368,2
50369,2
50370,2
50371,2
50372,2
50373,2
50374,2
50375,2
50376,2
50377,2
50378,2
50379,2
50380,2
50381,2
50382,2
50383,2
50384,2
50385,2
50386,2
50387,2
50388,2
50389,2
50390,2
50391,2
50392,2
50393,2
50394,2
50395,2
50396,2
50397,2
50398,2
50399,2
50400,2
50401,2
50402,2
50403,2
50404,2
50405,2
50406,2
50407,2
50408,2
50409,2
50410,2
50411,2
50412,2
50413,2
50414,2
50415,2
50416,2
50417,2
50418,2
50419,2
50420,2
50421,2
50422,2
50423,2
50424,2
50425,2
50426,2
50427,2
50428,2
50429,2
50430,2
50431,2
50432,2
50433,2
50434,2
50435,2
50436,2
50437,2
50438,2
50439,2
50440,2
50441,2
50442,2
50443,2
50444,2
50445,2
50446,2
50447,2
50448,2
50449,2
50450,2
50451,2
50452,2
50453,2
50454,2
50455,2
50456,2
50457,2
50458,2
50459,2
50460,2
50461,2
50462,2
50463,2
50464,2
50465,2
50466,2
50467,2
50468,2
50469,2
50470,2
50471,2
50472,2
50473,2
50474,2
50475,2
50476,2
50477,2
50478,2
50479,2
50480,2
50481,2
50482,2
50483,2
50484,2
50485,2
50486,2
50487,2
50488,2
50489,2
50490,2
50491,2
50492,2
50493,2
50494,2
50495,2
50496,3
50497,2
50498,2
50499,2
50500,2
50501,2
50502,2
50503,2
50504,2
50505,2
50506,2
50507,2
50508,2
50509,2
50510,2
50511,2
50512,2
50513,2
50514,2
50515,2
50516,2
50517,2
50518,2
50519,1
50520,1
50521,1
50522,2
50523,2
50524,2
50525,2
50526,2
50527,2
50528,2
50529,2
50530,2
50531,2
50532,2
50533,2
50534,2
50535,2
50536,2
50537,2
50538,2
50539,2
50540,2
50541,2
50542,2
50543,2
50544,2
50545,2
50546,2
50547,2
50548,2
50549,2
50550,2
50551,2
50552,2
50553,2
50554,2
50555,2
50556,2
50557,2
50558,2
50559,2
50560,2
50561,2
50562,2
50563,2
50564,2
50565,2
50566,2
50567,2
50568,2
50569,2
50570,2
50571,2
50572,2
50573,2
50574,2
50575,2
50576,2
50577,2
50578,2
50579,2
50580,2
50581,2
50582,2
50583,2
50584,2
50585,2
50586,2
50587,2
50588,2
50589,2
50590,2
50591,2
50592,2
50593,2
50594,2
50595,2
50596,3
50597,2
50598,2
50599,2
50600,2
50601,2
50602,2
50603,2
50604,2
50605,2
50606,2
50607,3
50608,3
50609,2
50610,1
50611,3
50612,2
50613,3
50614,2
50615,3
50616,3
50617,3
50618,3
50619,3
50620,3
50621,2
50622,3
50623,3
50624,3
50625,3
50626,2
50627,3
50628,2
50629,2
50630,2
50631,2
50632,2
50633,3
50634,2
50635,2
50636,3
50637,3
50638,2
50639,3
50640,2
50641,2
50642,3
50643,3
50644,3
50645,3
50646,3
50647,3
50648,2
50649,2
50650,2
50651,3
50652,3
50653,3
50654,3
50655,2
50656,2
50657,2
50658,2
50659,3
50660,2
50661,3
50662,2
50663,2
50664,2
50665,2
50666,2
50667,3
50668,2
50669,2
50670,2
50671,2
50672,2
50673,2
50674,2
50675,2
50676,2
50677,2
50678,3
50679,2
50680,3
50681,3
50682,2
50683,2
50684,2
50685,2
50686,3
50687,2
50688,2
50689,2
50690,2
50691,2
50692,2
50693,2
50694,3
50695,2
50696,2
50697,2
50698,4
50699,3
50700,2
50701,3
50702,3
50703,3
50704,3
50705,3
50706,2
50707,2
50708,2
50709,2
50710,2
50711,3
50712,2
50713,2
50714,2
50715,2
50716,2
50717,3
50718,2
50719,2
50720,3
50721,3
50722,3
50723,3
50724,3
50725,2
50726,3
50727,2
50728,3
50729,2
50730,2
50731,3
50732,3
50733,3
50734,3
50735,3
50736,3
50737,3
50738,4
50739,2
50740,3
50741,3
50742,3
50743,2
50744,3
50745,2
50746,3
50747,3
50748,2
50749,2
50750,3
50751,3
50752,3
50753,2
50754,2
50755,2
50756,3
50757,2
50758,2
50759,2
50760,2
50761,2
50762,2
50763,2
50764,2
50765,2
50766,2
50767,2
50768,2
50769,2
50770,2
50771,2
50772,2
50773,2
50774,2
50775,2
50776,2
50777,2
50778,2
50779,2
50780,2
50781,2
50782,2
50783,2
50784,2
50785,2
50786,2
50787,2
50788,2
50789,2
50790,2
50791,2
50792,2
50793,2
50794,2
50795,2
50796,2
50797,2
50798,2
50799,3
50800,3
50801,3
50802,2
50803,3
50804,3
50805,3
50806,2
50807,2
50808,2
50809,2
50810,2
50811,3
50812,2
50813,3
50814,3
50815,3
50816,2
50817,2
50818,2
50819,2
50820,2
50821,2
50822,2
50823,2
50824,2
50825,2
50826,2
50827,3
50828,2
50829,3
50830,3
50831,2
50832,3
50833,2
50834,2
50835,3
50836,2
50837,2
50838,2
50839,2
50840,2
50841,2
50842,2
50843,2
50844,2
50845,2
50846,2
50847,2
50848,2
50849,2
50850,2
50851,2
50852,2
50853,2
50854,2
50855,1
50856,2
50857,2
50858,2
50859,2
50860,2
50861,2
50862,2
50863,2
50864,3
50865,3
50866,4
50867,2
50868,2
50869,2
50870,2
50871,2
50872,2
50873,2
50874,2
50875,2
50876,2
50877,2
50878,2
50879,2
50880,2
50881,2
50882,2
50883,2
50884,2
50885,2
50886,2
50887,2
50888,2
50889,2
50890,2
50891,2
50892,2
50893,2
50894,3
50895,2
50896,2
50897,2
50898,2
50899,2
50900,2
50901,2
50902,2
50903,2
50904,2
50905,2
50906,2
50907,2
50908,2
50909,2
50910,2
50911,2
50912,2
50913,2
50914,2
50915,2
50916,2
50917,3
50918,2
50919,2
50920,2
50921,2
50922,2
50923,2
50924,2
50925,2
50926,2
50927,2
50928,2
50929,2
50930,2
50931,2
50932,2
50933,3
50934,3
50935,2
50936,0
50937,2
50938,3
50939,2
50940,2
50941,2
50942,2
50943,2
50944,2
50945,2
50946,2
50947,2
50948,2
50949,2
50950,2
50951,2
50952,2
50953,2
50954,2
50955,2
50956,2
50957,2
50958,2
50959,2
50960,2
50961,2
50962,2
50963,2
50964,2
50965,2
50966,2
50967,2
50968,3
50969,2
50970,2
50971,2
50972,2
50973,2
50974,2
50975,2
50976,2
50977,2
50978,0
50979,2
50980,2
50981,2
50982,2
50983,2
50984,2
50985,2
50986,2
50987,2
50988,2
50989,2
50990,2
50991,2
50992,2
50993,2
50994,2
50995,2
50996,2
50997,2
50998,2
50999,3
51000,2
51001,2
51002,2
51003,2
51004,2
51005,2
51006,2
51007,2
51008,2
51009,2
51010,2
51011,2
51012,2
51013,2
51014,3
51015,3
51016,2
51017,3
51018,2
51019,2
51020,3
51021,2
51022,2
51023,2
51024,2
51025,2
51026,2
51027,2
51028,2
51029,2
51030,2
51031,2
51032,2
51033,2
51034,2
51035,2
51036,2
51037,2
51038,2
51039,2
51040,2
51041,2
51042,2
51043,2
51044,2
51045,0
51046,2
51047,2
51048,2
51049,2
51050,3
51051,2
51052,2
51053,2
51054,2
51055,2
51056,2
51057,2
51058,2
51059,2
51060,2
51061,2
51062,2
51063,2
51064,2
51065,2
51066,2
51067,2
51068,2
51069,2
51070,2
51071,3
51072,2
51073,2
51074,3
51075,2
51076,1
51077,2
51078,2
51079,2
51080,2
51081,2
51082,2
51083,2
51084,3
51085,2
51086,2
51087,2
51088,2
51089,3
51090,3
51091,2
51092,2
51093,2
51094,2
51095,2
51096,2
51097,2
51098,3
51099,2
51100,2
51101,2
51102,2
51103,3
51104,2
51105,2
51106,2
51107,2
51108,2
51109,2
51110,2
51111,2
51112,2
51113,2
51114,2
51115,2
51116,2
51117,3
51118,2
51119,2
51120,2
51121,2
51122,2
51123,2
51124,2
51125,3
51126,2
51127,2
51128,2
51129,2
51130,5
51131,2
51132,2
51133,2
51134,2
51135,2
51136,2
51137,2
51138,2
51139,2
51140,2
51141,2
51142,2
51143,2
51144,2
51145,2
51146,2
51147,2
51148,2
51149,1
51150,2
51151,2
51152,2
51153,2
51154,2
51155,2
51156,2
51157,2
51158,2
51159,2
51160,2
51161,2
51162,2
51163,2
51164,2
51165,2
51166,2
51167,2
51168,2
51169,2
51170,2
51171,2
51172,2
51173,2
51174,2
51175,2
51176,2
51177,2
51178,3
51179,2
51180,2
51181,2
51182,2
51183,2
51184,2
51185,2
51186,2
51187,2
51188,2
51189,2
51190,2
51191,2
51192,2
51193,2
51194,2
51195,2
51196,2
51197,3
51198,2
51199,2
51200,2
51201,2
51202,2
51203,2
51204,2
51205,2
51206,2
51207,2
51208,2
51209,2
51210,2
51211,2
51212,2
51213,2
51214,2
51215,2
51216,2
51217,2
51218,2
51219,2
51220,2
51221,2
51222,2
51223,2
51224,2
51225,2
51226,2
51227,2
51228,2
51229,2
51230,2
51231,2
51232,2
51233,2
51234,2
51235,2
51236,2
51237,2
51238,2
51239,2
51240,2
51241,2
51242,2
51243,2
51244,2
51245,2
51246,2
51247,2
51248,2
51249,2
51250,2
51251,2
51252,2
51253,2
51254,2
51255,0
51256,2
51257,2
51258,2
51259,2
51260,2
51261,2
51262,2
51263,2
51264,2
51265,2
51266,2
51267,2
51268,2
51269,2
51270,2
51271,2
51272,2
51273,2
51274,2
51275,2
51276,2
51277,2
51278,2
51279,2
51280,2
51281,2
51282,2
51283,2
51284,2
51285,2
51286,2
51287,2
51288,2
51289,2
51290,2
51291,2
51292,2
51293,2
51294,2
51295,2
51296,2
51297,2
51298,2
51299,2
51300,2
51301,2
51302,2
51303,2
51304,2
51305,2
51306,2
51307,2
51308,2
51309,2
51310,2
51311,2
51312,2
51313,2
51314,2
51315,2
51316,2
51317,2
51318,2
51319,2
51320,2
51321,2
51322,2
51323,2
51324,2
51325,2
51326,2
51327,2
51328,2
51329,2
51330,2
51331,2
51332,2
51333,2
51334,2
51335,2
51336,2
51337,2
51338,2
51339,2
51340,2
51341,2
51342,2
51343,2
51344,2
51345,2
51346,2
51347,2
51348,2
51349,2
51350,2
51351,2
51352,2
51353,2
51354,2
51355,2
51356,2
51357,2
51358,2
51359,2
51360,3
51361,2
51362,2
51363,2
51364,2
51365,2
51366,2
51367,2
51368,2
51369,2
51370,2
51371,2
51372,2
51373,2
51374,2
51375,2
51376,2
51377,2
51378,2
51379,2
51380,2
51381,2
51382,2
51383,2
51384,2
51385,2
51386,2
51387,2
51388,2
51389,2
51390,2
51391,2
51392,2
51393,2
51394,2
51395,2
51396,2
51397,2
51398,2
51399,2
51400,2
51401,2
51402,2
51403,2
51404,2
51405,2
51406,2
51407,2
51408,2
51409,2
51410,2
51411,2
51412,2
51413,2
51414,2
51415,2
51416,2
51417,2
51418,2
51419,2
51420,2
51421,2
51422,2
51423,2
51424,2
51425,2
51426,0
51427,2
51428,2
51429,2
51430,2
51431,2
51432,2
51433,2
51434,2
51435,2
51436,2
51437,2
51438,2
51439,2
51440,2
51441,2
51442,2
51443,2
51444,2
51445,2
51446,2
51447,3
51448,2
51449,2
51450,2
51451,2
51452,2
51453,2
51454,2
51455,2
51456,2
51457,2
51458,2
51459,2
51460,2
51461,2
51462,2
51463,2
51464,2
51465,2
51466,2
51467,2
51468,2
51469,2
51470,2
51471,2
51472,2
51473,2
51474,2
51475,2
51476,2
51477,2
51478,2
51479,2
51480,2
51481,2
51482,3
51483,2
51484,2
51485,2
51486,2
51487,2
51488,2
51489,2
51490,2
51491,2
51492,2
51493,2
51494,2
51495,3
51496,3
51497,3
51498,3
51499,3
51500,3
51501,3
51502,3
51503,3
51504,3
51505,3
51506,3
51507,3
51508,1
51509,3
51510,3
51511,3
51512,3
51513,3
51514,3
51515,3
51516,3
51517,3
51518,3
51519,3
51520,3
51521,3
51522,3
51523,3
51524,3
51525,3
51526,3
51527,3
51528,3
51529,3
51530,3
51531,3
51532,2
51533,3
51534,3
51535,3
51536,3
51537,4
51538,3
51539,3
51540,3
51541,3
51542,3
51543,2
51544,3
51545,3
51546,3
51547,3
51548,4
51549,3
51550,2
51551,3
51552,3
51553,3
51554,3
51555,3
51556,4
51557,3
51558,3
51559,3
51560,0
51561,2
51562,2
51563,3
51564,3
51565,3
51566,3
51567,3
51568,3
51569,3
51570,3
51571,3
51572,3
51573,0
51574,3
51575,3
51576,2
51577,3
51578,3
51579,3
51580,3
51581,2
51582,3
51583,3
51584,3
51585,3
51586,3
51587,3
51588,3
51589,3
51590,3
51591,3
51592,3
51593,3
51594,3
51595,3
51596,3
51597,1
51598,4
51599,3
51600,3
51601,3
51602,3
51603,3
51604,3
51605,3
51606,3
51607,3
51608,3
51609,0
51610,1
51611,1
51612,3
51613,0
51614,3
51615,0
51616,0
51617,0
51618,0
51619,2
51620,3
51621,3
51622,0
51623,2
51624,1
51625,1
51626,3
51627,3
51628,3
51629,3
51630,3
51631,3
51632,3
51633,3
51634,3
51635,3
51636,3
51637,3
51638,0
51639,2
51640,2
51641,3
51642,3
51643,3
51644,2
51645,3
51646,0
51647,3
51648,3
51649,2
51650,1
51651,3
51652,0
51653,2
51654,2
51655,2
51656,2
51657,3
51658,3
51659,3
51660,3
51661,3
51662,3
51663,2
51664,3
51665,2
51666,0
51667,0
51668,2
51669,0
51670,2
51671,2
51672,0
51673,0
51674,2
51675,0
51676,2
51677,3
51678,2
51679,3
51680,3
51681,0
51682,0
51683,2
51684,2
51685,3
51686,2
51687,0
51688,2
51689,2
51690,2
51691,3
51692,0
51693,2
51694,0
51695,0
51696,0
51697,0
51698,0
51699,2
51700,1
51701,1
51702,0
51703,0
51704,3
51705,3
51706,3
51707,3
51708,3
51709,3
51710,3
51711,3
51712,3
51713,2
51714,3
51715,4
51716,2
51717,2
51718,3
51719,0
51720,3
51721,3
51722,3
51723,2
51724,2
51725,2
51726,3
51727,2
51728,2
51729,0
51730,0
51731,3
51732,0
51733,0
51734,2
51735,2
51736,0
51737,3
51738,3
51739,3
51740,2
51741,3
51742,3
51743,0
51744,3
51745,3
51746,3
51747,3
51748,2
51749,2
51750,2
51751,3
51752,2
51753,2
51754,2
51755,0
51756,2
51757,3
51758,2
51759,3
51760,3
51761,3
51762,2
51763,3
51764,3
51765,3
51766,2
51767,2
51768,2
51769,2
51770,3
51771,2
51772,2
51773,2
51774,3
51775,2
51776,2
51777,2
51778,2
51779,2
51780,2
51781,2
51782,3
51783,2
51784,2
51785,2
51786,2
51787,2
51788,2
51789,2
51790,2
51791,2
51792,2
51793,2
51794,3
51795,2
51796,3
51797,3
51798,3
51799,3
51800,3
51801,3
51802,3
51803,2
51804,2
51805,2
51806,2
51807,2
51808,3
51809,2
51810,2
51811,2
51812,2
51813,2
51814,2
51815,2
51816,2
51817,2
51818,3
51819,3
51820,3
51821,3
51822,3
51823,2
51824,2
51825,2
51826,2
51827,2
51828,2
51829,3
51830,3
51831,3
51832,3
51833,3
51834,3
51835,3
51836,2
51837,2
51838,3
51839,3
51840,3
51841,3
51842,3
51843,3
51844,3
51845,3
51846,3
51847,2
51848,3
51849,3
51850,3
51851,3
51852,2
51853,2
51854,3
51855,3
51856,3
51857,3
51858,3
51859,3
51860,2
51861,2
51862,2
51863,2
51864,2
51865,2
51866,3
51867,2
51868,2
51869,3
51870,2
51871,3
51872,2
51873,2
51874,3
51875,3
51876,3
51877,3
51878,3
51879,2
51880,3
51881,3
51882,2
51883,3
51884,2
51885,3
51886,3
51887,3
51888,2
51889,3
51890,2
51891,3
51892,3
51893,3
51894,3
51895,3
51896,3
51897,3
51898,3
51899,3
51900,3
51901,3
51902,3
51903,3
51904,3
51905,3
51906,3
51907,3
51908,3
51909,3
51910,3
51911,3
51912,3
51913,3
51914,3
51915,3
51916,3
51917,3
51918,3
51919,3
51920,3
51921,3
51922,3
51923,3
51924,3
51925,2
51926,3
51927,3
51928,2
51929,3
51930,3
51931,3
51932,3
51933,3
51934,3
51935,3
51936,3
51937,2
51938,3
51939,3
51940,3
51941,3
51942,3
51943,2
51944,2
51945,2
51946,2
51947,3
51948,2
51949,2
51950,3
51951,3
51952,3
51953,3
51954,3
51955,3
51956,2
51957,2
51958,2
51959,2
51960,2
51961,2
51962,2
51963,2
51964,2
51965,2
51966,1
51967,1
51968,2
51969,2
51970,2
51971,2
51972,2
51973,2
51974,2
51975,2
51976,2
51977,2
51978,2
51979,2
51980,2
51981,3
51982,2
51983,2
51984,2
51985,2
51986,2
51987,2
51988,2
51989,2
51990,2
51991,2
51992,2
51993,2
51994,2
51995,2
51996,2
51997,3
51998,3
51999,1
52000,1
52001,3
52002,3
52003,3
52004,3
52005,3
52006,3
52007,3
52008,3
52009,3
52010,3
52011,3
52012,3
52013,3
52014,3
52015,3
52016,3
52017,3
52018,3
52019,3
52020,3
52021,3
52022,3
52023,3
52024,3
52025,3
52026,3
52027,3
52028,2
52029,3
52030,3
52031,3
52032,3
52033,2
52034,2
52035,2
52036,2
52037,2
52038,2
52039,2
52040,2
52041,2
52042,2
52043,2
52044,2
52045,3
52046,3
52047,2
52048,2
52049,2
52050,2
52051,2
52052,3
52053,1
52054,2
52055,2
52056,3
52057,3
52058,3
52059,3
52060,2
52061,3
52062,3
52063,3
52064,3
52065,3
52066,3
52067,3
52068,3
52069,3
52070,2
52071,2
52072,2
52073,3
52074,3
52075,3
52076,3
52077,3
52078,3
52079,3
52080,3
52081,3
52082,2
52083,3
52084,3
52085,2
52086,3
52087,3
52088,3
52089,3
52090,2
52091,2
52092,2
52093,2
52094,1
52095,3
52096,3
52097,3
52098,1
52099,2
52100,2
52101,3
52102,2
52103,2
52104,2
52105,3
52106,1
52107,3
52108,1
52109,1
52110,3
52111,3
52112,2
52113,3
52114,2
52115,3
52116,3
52117,3
52118,2
52119,3
52120,2
52121,2
52122,3
52123,3
52124,3
52125,2
52126,2
52127,2
52128,2
52129,2
52130,2
52131,2
52132,2
52133,2
52134,3
52135,3
52136,2
52137,3
52138,3
52139,3
52140,3
52141,2
52142,2
52143,2
52144,2
52145,3
52146,3
52147,3
52148,2
52149,2
52150,1
52151,2
52152,2
52153,2
52154,2
52155,2
52156,2
52157,2
52158,3
52159,1
52160,2
52161,2
52162,2
52163,3
52164,2
52165,2
52166,2
52167,2
52168,2
52169,2
52170,2
52171,2
52172,2
52173,1
52174,2
52175,2
52176,2
52177,2
52178,3
52179,2
52180,2
52181,2
52182,3
52183,1
52184,3
52185,1
52186,2
52187,1
52188,1
52189,1
52190,3
52191,1
52192,1
52193,1
52194,2
52195,3
52196,2
52197,2
52198,2
52199,2
52200,2
52201,2
52202,2
52203,2
52204,2
52205,2
52206,2
52207,3
52208,2
52209,1
52210,1
52211,1
52212,3
52213,2
52214,1
52215,2
52216,2
52217,2
52218,3
52219,3
52220,1
52221,1
52222,3
52223,1
52224,2
52225,2
52226,2
52227,3
52228,3
52229,3
52230,3
52231,3
52232,1
52233,3
52234,3
52235,2
52236,2
52237,2
52238,2
52239,2
52240,2
52241,2
52242,2
52243,2
52244,2
52245,2
52246,3
52247,2
52248,2
52249,0
52250,2
52251,2
52252,2
52253,2
52254,3
52255,3
52256,3
52257,2
52258,3
52259,2
52260,3
52261,2
52262,3
52263,1
52264,3
52265,1
52266,3
52267,1
52268,1
52269,1
52270,3
52271,2
52272,1
52273,3
52274,1
52275,3
52276,3
52277,3
52278,3
52279,1
52280,1
52281,1
52282,1
52283,3
52284,2
52285,2
52286,3
52287,3
52288,1
52289,3
52290,2
52291,1
52292,1
52293,2
52294,3
52295,3
52296,2
52297,2
52298,3
52299,2
52300,2
52301,2
52302,3
52303,2
52304,3
52305,3
52306,2
52307,2
52308,2
52309,2
52310,2
52311,3
52312,3
52313,3
52314,3
52315,2
52316,0
52317,0
52318,2
52319,2
52320,2
52321,2
52322,1
52323,1
52324,3
52325,3
52326,2
52327,3
52328,3
52329,3
52330,1
52331,2
52332,2
52333,2
52334,1
52335,1
52336,1
52337,1
52338,1
52339,2
52340,0
52341,2
52342,0
52343,2
52344,2
52345,2
52346,2
52347,2
52348,2
52349,2
52350,2
52351,3
52352,3
52353,2
52354,3
52355,3
52356,2
52357,2
52358,3
52359,3
52360,3
52361,3
52362,2
52363,3
52364,3
52365,3
52366,3
52367,3
52368,2
52369,2
52370,2
52371,3
52372,3
52373,3
52374,3
52375,3
52376,3
52377,2
52378,3
52379,3
52380,3
52381,3
52382,3
52383,2
52384,3
52385,2
52386,3
52387,2
52388,1
52389,2
52390,1
52391,2
52392,2
52393,2
52394,3
52395,3
52396,2
52397,3
52398,3
52399,3
52400,3
52401,2
52402,3
52403,2
52404,2
52405,0
52406,2
52407,2
52408,2
52409,2
52410,2
52411,2
52412,2
52413,2
52414,2
52415,2
52416,2
52417,2
52418,2
52419,2
52420,3
52421,2
52422,2
52423,2
52424,2
52425,2
52426,2
52427,2
52428,2
52429,2
52430,2
52431,2
52432,2
52433,2
52434,3
52435,2
52436,2
52437,3
52438,2
52439,3
52440,3
52441,3
52442,3
52443,3
52444,2
52445,3
52446,2
52447,3
52448,2
52449,3
52450,3
52451,1
52452,3
52453,3
52454,3
52455,2
52456,2
52457,2
52458,2
52459,2
52460,2
52461,2
52462,2
52463,2
52464,2
52465,2
52466,2
52467,2
52468,2
52469,2
52470,2
52471,3
52472,2
52473,2
52474,2
52475,2
52476,2
52477,2
52478,2
52479,2
52480,2
52481,2
52482,2
52483,2
52484,2
52485,2
52486,3
52487,3
52488,3
52489,3
52490,3
52491,2
52492,3
52493,1
52494,3
52495,3
52496,3
52497,2
52498,3
52499,2
52500,3
52501,3
52502,3
52503,3
52504,3
52505,2
52506,2
52507,3
52508,3
52509,3
52510,3
52511,3
52512,3
52513,3
52514,3
52515,3
52516,2
52517,3
52518,3
52519,3
52520,3
52521,2
52522,3
52523,2
52524,0
52525,3
52526,3
52527,3
52528,2
52529,2
52530,2
52531,0
52532,3
52533,3
52534,3
52535,3
52536,3
52537,3
52538,3
52539,3
52540,3
52541,3
52542,2
52543,2
52544,3
52545,3
52546,3
52547,2
52548,3
52549,2
52550,2
52551,2
52552,2
52553,2
52554,2
52555,2
52556,2
52557,2
52558,2
52559,2
52560,2
52561,2
52562,2
52563,2
52564,2
52565,2
52566,3
52567,2
52568,2
52569,2
52570,2
52571,2
52572,3
52573,2
52574,2
52575,2
52576,2
52577,2
52578,2
52579,2
52580,2
52581,2
52582,2
52583,2
52584,2
52585,2
52586,2
52587,2
52588,2
52589,2
52590,2
52591,2
52592,2
52593,2
52594,2
52595,2
52596,1
52597,2
52598,2
52599,2
52600,2
52601,3
52602,2
52603,2
52604,3
52605,3
52606,2
52607,2
52608,3
52609,2
52610,2
52611,2
52612,2
52613,2
52614,2
52615,2
52616,2
52617,2
52618,2
52619,2
52620,2
52621,2
52622,3
52623,2
52624,2
52625,2
52626,2
52627,2
52628,2
52629,2
52630,2
52631,2
52632,2
52633,3
52634,2
52635,2
52636,2
52637,2
52638,3
52639,3
52640,1
52641,1
52642,3
52643,1
52644,3
52645,3
52646,2
52647,3
52648,3
52649,3
52650,3
52651,3
52652,2
52653,3
52654,3
52655,3
52656,3
52657,3
52658,3
52659,3
52660,3
52661,2
52662,2
52663,3
52664,3
52665,3
52666,2
52667,3
52668,3
52669,3
52670,3
52671,3
52672,3
52673,2
52674,3
52675,4
52676,3
52677,3
52678,3
52679,3
52680,1
52681,3
52682,3
52683,3
52684,3
52685,3
52686,3
52687,3
52688,3
52689,2
52690,3
52691,3
52692,2
52693,2
52694,2
52695,2
52696,2
52697,2
52698,2
52699,3
52700,3
52701,2
52702,3
52703,2
52704,2
52705,2
52706,2
52707,3
52708,3
52709,3
52710,3
52711,3
52712,3
52713,3
52714,3
52715,3
52716,3
52717,3
52718,3
52719,3
52720,3
52721,3
52722,3
52723,3
52724,3
52725,3
52726,3
52727,3
52728,3
52729,3
52730,3
52731,3
52732,3
52733,3
52734,3
52735,3
52736,3
52737,3
52738,3
52739,3
52740,3
52741,3
52742,3
52743,2
52744,3
52745,3
52746,3
52747,3
52748,3
52749,3
52750,3
52751,3
52752,3
52753,3
52754,3
52755,3
52756,3
52757,3
52758,3
52759,2
52760,2
52761,3
52762,3
52763,1
52764,2
52765,3
52766,3
52767,2
52768,3
52769,3
52770,3
52771,3
52772,3
52773,3
52774,3
52775,3
52776,3
52777,2
52778,3
52779,2
52780,3
52781,3
52782,3
52783,3
52784,3
52785,3
52786,3
52787,3
52788,3
52789,3
52790,3
52791,3
52792,3
52793,3
52794,3
52795,3
52796,2
52797,3
52798,2
52799,2
52800,3
52801,3
52802,3
52803,3
52804,3
52805,3
52806,3
52807,3
52808,3
52809,3
52810,3
52811,2
52812,3
52813,3
52814,3
52815,3
52816,3
52817,2
52818,2
52819,2
52820,2
52821,2
52822,2
52823,2
52824,2
52825,2
52826,2
52827,2
52828,2
52829,3
52830,3
52831,3
52832,3
52833,3
52834,2
52835,2
52836,2
52837,2
52838,2
52839,2
52840,2
52841,2
52842,2
52843,2
52844,2
52845,2
52846,2
52847,2
52848,2
52849,3
52850,2
52851,2
52852,2
52853,2
52854,2
52855,2
52856,2
52857,2
52858,3
52859,2
52860,2
52861,2
52862,2
52863,2
52864,2
52865,2
52866,2
52867,2
52868,2
52869,2
52870,2
52871,2
52872,2
52873,2
52874,2
52875,2
52876,2
52877,2
52878,2
52879,2
52880,2
52881,2
52882,2
52883,2
52884,2
52885,2
52886,2
52887,2
52888,2
52889,3
52890,2
52891,2
52892,2
52893,2
52894,2
52895,0
52896,2
52897,2
52898,2
52899,2
52900,2
52901,2
52902,2
52903,2
52904,2
52905,2
52906,2
52907,2
52908,3
52909,2
52910,2
52911,2
52912,2
52913,2
52914,2
52915,2
52916,2
52917,3
52918,4
52919,2
52920,2
52921,2
52922,2
52923,2
52924,2
52925,2
52926,2
52927,2
52928,2
52929,2
52930,2
52931,2
52932,2
52933,2
52934,2
52935,2
52936,2
52937,2
52938,2
52939,2
52940,2
52941,2
52942,2
52943,2
52944,2
52945,3
52946,2
52947,2
52948,2
52949,3
52950,2
52951,2
52952,3
52953,3
52954,2
52955,2
52956,2
52957,0
52958,2
52959,3
52960,3
52961,2
52962,3
52963,3
52964,2
52965,2
52966,2
52967,2
52968,3
52969,3
52970,3
52971,3
52972,2
52973,2
52974,2
52975,2
52976,2
52977,2
52978,2
52979,3
52980,3
52981,3
52982,3
52983,3
52984,0
52985,2
52986,1
52987,2
52988,2
52989,2
52990,2
52991,2
52992,2
52993,2
52994,2
52995,2
52996,2
52997,2
52998,3
52999,3
53000,3
53001,2
53002,2
53003,2
53004,2
53005,2
53006,2
53007,2
53008,2
53009,2
53010,2
53011,2
53012,2
53013,2
53014,2
53015,1
53016,2
53017,2
53018,3
53019,3
53020,3
53021,3
53022,3
53023,3
53024,3
53025,3
53026,4
53027,0
53028,0
53029,2
53030,2
53031,2
53032,2
53033,3
53034,2
53035,2
53036,3
53037,3
53038,2
53039,2
53040,2
53041,3
53042,2
53043,2
53044,3
53045,3
53046,2
53047,2
53048,1
53049,2
53050,3
53051,2
53052,2
53053,2
53054,2
53055,1
53056,3
53057,2
53058,2
53059,3
53060,3
53061,3
53062,3
53063,1
53064,3
53065,3
53066,3
53067,2
53068,2
53069,3
53070,1
53071,2
53072,2
53073,2
53074,2
53075,2
53076,3
53077,2
53078,2
53079,2
53080,2
53081,2
53082,3
53083,3
53084,3
53085,2
53086,0
53087,3
53088,2
53089,3
53090,2
53091,3
53092,3
53093,3
53094,3
53095,2
53096,2
53097,2
53098,2
53099,2
53100,2
53101,2
53102,2
53103,2
53104,2
53105,2
53106,2
53107,2
53108,2
53109,2
53110,2
53111,2
53112,2
53113,2
53114,2
53115,2
53116,2
53117,2
53118,2
53119,2
53120,2
53121,2
53122,2
53123,3
53124,2
53125,2
53126,2
53127,2
53128,2
53129,2
53130,2
53131,2
53132,3
53133,2
53134,2
53135,2
53136,2
53137,2
53138,3
53139,3
53140,3
53141,2
53142,3
53143,2
53144,2
53145,3
53146,2
53147,2
53148,2
53149,2
53150,3
53151,3
53152,3
53153,2
53154,2
53155,2
53156,2
53157,3
53158,2
53159,2
53160,2
53161,2
53162,2
53163,0
53164,2
53165,2
53166,2
53167,2
53168,2
53169,3
53170,2
53171,2
53172,2
53173,2
53174,3
53175,2
53176,3
53177,3
53178,1
53179,3
53180,3
53181,2
53182,2
53183,2
53184,2
53185,2
53186,3
53187,2
53188,2
53189,3
53190,2
53191,3
53192,3
53193,2
53194,2
53195,0
53196,3
53197,0
53198,0
53199,2
53200,3
53201,2
53202,2
53203,2
53204,2
53205,2
53206,2
53207,2
53208,2
53209,3
53210,2
53211,2
53212,2
53213,2
53214,2
53215,2
53216,2
53217,2
53218,2
53219,3
53220,2
53221,2
53222,2
53223,2
53224,2
53225,2
53226,2
53227,3
53228,2
53229,3
53230,2
53231,2
53232,2
53233,2
53234,3
53235,2
53236,3
53237,0
53238,2
53239,3
53240,3
53241,3
53242,2
53243,2
53244,3
53245,2
53246,3
53247,2
53248,2
53249,2
53250,2
53251,2
53252,2
53253,2
53254,3
53255,3
53256,3
53257,2
53258,2
53259,0
53260,2
53261,2
53262,3
53263,3
53264,2
53265,2
53266,2
53267,2
53268,2
53269,3
53270,2
53271,2
53272,2
53273,2
53274,2
53275,2
53276,2
53277,2
53278,2
53279,0
53280,2
53281,2
53282,3
53283,4
53284,2
53285,2
53286,2
53287,2
53288,2
53289,2
53290,3
53291,2
53292,2
53293,2
53294,2
53295,2
53296,3
53297,2
53298,2
53299,2
53300,0
53301,2
53302,2
53303,2
53304,2
53305,2
53306,3
53307,3
53308,2
53309,2
53310,3
53311,2
53312,2
53313,2
53314,2
53315,2
53316,3
53317,3
53318,3
53319,3
53320,3
53321,3
53322,3
53323,2
53324,2
53325,2
53326,3
53327,2
53328,2
53329,2
53330,3
53331,2
53332,2
53333,2
53334,2
53335,2
53336,2
53337,2
53338,2
53339,3
53340,3
53341,3
53342,3
53343,2
53344,3
53345,2
53346,2
53347,2
53348,2
53349,1
53350,2
53351,2
53352,2
53353,2
53354,2
53355,2
53356,2
53357,3
53358,2
53359,2
53360,1
53361,2
53362,2
53363,2
53364,2
53365,3
53366,3
53367,2
53368,2
53369,2
53370,2
53371,2
53372,3
53373,2
53374,3
53375,2
53376,2
53377,0
53378,3
53379,2
53380,3
53381,2
53382,2
53383,2
53384,2
53385,2
53386,2
53387,0
53388,3
53389,2
53390,3
53391,2
53392,2
53393,2
53394,2
53395,2
53396,2
53397,2
53398,2
53399,2
53400,2
53401,2
53402,2
53403,2
53404,2
53405,3
53406,3
53407,3
53408,3
53409,3
53410,2
53411,2
53412,2
53413,2
53414,2
53415,2
53416,2
53417,3
53418,2
53419,2
53420,2
53421,3
53422,2
53423,2
53424,1
53425,1
53426,2
53427,2
53428,1
53429,3
53430,3
53431,3
53432,3
53433,2
53434,1
53435,1
53436,2
53437,2
53438,2
53439,2
53440,2
53441,2
53442,2
53443,2
53444,3
53445,2
53446,2
53447,2
53448,2
53449,2
53450,3
53451,3
53452,2
53453,3
53454,2
53455,2
53456,2
53457,2
53458,2
53459,2
53460,2
53461,2
53462,2
53463,2
53464,2
53465,2
53466,2
53467,2
53468,3
53469,2
53470,2
53471,2
53472,2
53473,2
53474,3
53475,3
53476,3
53477,2
53478,2
53479,2
53480,0
53481,2
53482,2
53483,2
53484,2
53485,3
53486,1
53487,3
53488,2
53489,2
53490,3
53491,3
53492,3
53493,3
53494,2
53495,2
53496,2
53497,2
53498,0
53499,2
53500,2
53501,0
53502,2
53503,3
53504,3
53505,2
53506,2
53507,2
53508,2
53509,2
53510,2
53511,2
53512,2
53513,2
53514,1
53515,1
53516,2
53517,1
53518,3
53519,2
53520,2
53521,2
53522,3
53523,3
53524,2
53525,3
53526,2
53527,2
53528,2
53529,2
53530,2
53531,2
53532,2
53533,2
53534,2
53535,2
53536,2
53537,2
53538,2
53539,2
53540,2
53541,2
53542,2
53543,2
53544,2
53545,3
53546,2
53547,2
53548,2
53549,1
53550,3
53551,2
53552,2
53553,2
53554,2
53555,2
53556,0
53557,2
53558,2
53559,2
53560,2
53561,2
53562,3
53563,0
53564,2
53565,3
53566,2
53567,2
53568,2
53569,2
53570,2
53571,2
53572,2
53573,3
53574,2
53575,2
53576,2
53577,2
53578,2
53579,2
53580,2
53581,2
53582,2
53583,2
53584,2
53585,2
53586,2
53587,2
53588,1
53589,2
53590,2
53591,2
53592,2
53593,2
53594,2
53595,2
53596,2
53597,2
53598,2
53599,2
53600,2
53601,2
53602,2
53603,2
53604,2
53605,2
53606,2
53607,2
53608,2
53609,2
53610,2
53611,2
53612,2
53613,2
53614,2
53615,2
53616,2
53617,2
53618,2
53619,2
53620,2
53621,2
53622,2
53623,2
53624,2
53625,2
53626,2
53627,2
53628,2
53629,2
53630,2
53631,2
53632,2
53633,2
53634,2
53635,2
53636,2
53637,2
53638,2
53639,2
53640,2
53641,2
53642,2
53643,2
53644,2
53645,2
53646,2
53647,2
53648,2
53649,2
53650,2
53651,2
53652,2
53653,2
53654,2
53655,2
53656,2
53657,2
53658,2
53659,2
53660,2
53661,2
53662,2
53663,2
53664,2
53665,2
53666,2
53667,2
53668,2
53669,2
53670,2
53671,2
53672,2
53673,2
53674,2
53675,2
53676,2
53677,2
53678,2
53679,2
53680,2
53681,2
53682,2
53683,2
53684,2
53685,2
53686,2
53687,2
53688,2
53689,2
53690,2
53691,2
53692,2
53693,2
53694,2
53695,2
53696,2
53697,2
53698,2
53699,2
53700,2
53701,2
53702,2
53703,2
53704,2
53705,2
53706,2
53707,2
53708,2
53709,2
53710,2
53711,2
53712,2
53713,2
53714,2
53715,2
53716,2
53717,2
53718,2
53719,2
53720,2
53721,2
53722,2
53723,2
53724,2
53725,2
53726,2
53727,2
53728,2
53729,2
53730,2
53731,2
53732,2
53733,2
53734,2
53735,2
53736,2
53737,2
53738,2
53739,2
53740,2
53741,2
53742,2
53743,2
53744,2
53745,2
53746,2
53747,2
53748,2
53749,2
53750,2
53751,2
53752,2
53753,2
53754,2
53755,2
53756,2
53757,2
53758,1
53759,3
53760,2
53761,2
53762,2
53763,2
53764,3
53765,1
53766,1
53767,1
53768,1
53769,1
53770,1
53771,1
53772,1
53773,1
53774,1
53775,1
53776,1
53777,1
53778,3
53779,1
53780,1
53781,1
53782,2
53783,2
53784,3
53785,2
53786,2
53787,2
53788,2
53789,1
53790,2
53791,3
53792,3
53793,2
53794,3
53795,3
53796,3
53797,3
53798,3
53799,3
53800,3
53801,3
53802,3
53803,2
53804,2
53805,2
53806,2
53807,2
53808,2
53809,2
53810,3
53811,3
53812,3
53813,3
53814,3
53815,2
53816,2
53817,3
53818,2
53819,2
53820,3
53821,3
53822,2
53823,2
53824,2
53825,2
53826,2
53827,3
53828,2
53829,2
53830,3
53831,3
53832,2
53833,3
53834,3
53835,3
53836,3
53837,3
53838,3
53839,3
53840,2
53841,2
53842,3
53843,3
53844,3
53845,3
53846,2
53847,2
53848,2
53849,3
53850,2
53851,3
53852,2
53853,3
53854,3
53855,3
53856,3
53857,3
53858,2
53859,3
53860,2
53861,2
53862,2
53863,2
53864,2
53865,2
53866,2
53867,2
53868,3
53869,3
53870,3
53871,3
53872,3
53873,1
53874,3
53875,3
53876,3
53877,2
53878,1
53879,3
53880,3
53881,3
53882,2
53883,3
53884,3
53885,2
53886,3
53887,3
53888,2
53889,3
53890,3
53891,2
53892,2
53893,1
53894,3
53895,2
53896,3
53897,2
53898,3
53899,3
53900,3
53901,3
53902,3
53903,3
53904,2
53905,3
53906,2
53907,2
53908,2
53909,3
53910,3
53911,3
53912,3
53913,2
53914,3
53915,3
53916,3
53917,2
53918,3
53919,3
53920,3
53921,2
53922,3
53923,2
53924,3
53925,3
53926,2
53927,3
53928,3
53929,3
53930,3
53931,2
53932,2
53933,2
53934,3
53935,3
53936,3
53937,3
53938,3
53939,2
53940,2
53941,3
53942,1
53943,3
53944,2
53945,2
53946,2
53947,1
53948,3
53949,2
53950,0
53951,4
53952,2
53953,1
53954,3
53955,3
53956,2
53957,1
53958,0
53959,3
53960,3
53961,3
53962,0
53963,0
53964,2
53965,2
53966,2
53967,3
53968,2
53969,4
53970,3
53971,3
53972,3
53973,2
53974,3
53975,3
53976,3
53977,3
53978,2
53979,3
53980,3
53981,3
53982,3
53983,2
53984,3
53985,3
53986,3
53987,2
53988,2
53989,3
53990,2
53991,2
53992,2
53993,2
53994,2
53995,3
53996,2
53997,2
53998,3
53999,2
54000,3
54001,3
54002,2
54003,2
54004,2
54005,2
54006,0
54007,0
54008,0
54009,0
54010,0
54011,0
54012,0
54013,2
54014,0
54015,0
54016,3
54017,2
54018,2
54019,2
54020,2
54021,0
54022,2
54023,2
54024,0
54025,0
54026,0
54027,2
54028,2
54029,2
54030,2
54031,3
54032,2
54033,0
54034,2
54035,3
54036,2
54037,2
54038,2
54039,2
54040,0
54041,2
54042,0
54043,2
54044,3
54045,2
54046,2
54047,2
54048,2
54049,2
54050,0
54051,0
54052,0
54053,0
54054,0
54055,0
54056,2
54057,0
54058,0
54059,0
54060,2
54061,0
54062,0
54063,0
54064,3
54065,2
54066,0
54067,2
54068,3
54069,2
54070,0
54071,2
54072,2
54073,2
54074,2
54075,2
54076,0
54077,0
54078,0
54079,0
54080,0
54081,0
54082,0
54083,0
54084,3
54085,0
54086,2
54087,0
54088,0
54089,0
54090,2
54091,0
54092,0
54093,0
54094,0
54095,2
54096,0
54097,2
54098,2
54099,2
54100,2
54101,2
54102,2
54103,2
54104,3
54105,2
54106,2
54107,3
54108,2
54109,3
54110,2
54111,3
54112,4
54113,3
54114,2
54115,2
54116,2
54117,2
54118,3
54119,2
54120,2
54121,2
54122,2
54123,2
54124,4
54125,0
54126,2
54127,2
54128,2
54129,2
54130,2
54131,2
54132,2
54133,1
54134,2
54135,3
54136,2
54137,3
54138,3
54139,3
54140,1
54141,3
54142,3
54143,1
54144,2
54145,2
54146,2
54147,3
54148,2
54149,3
54150,3
54151,2
54152,3
54153,2
54154,2
54155,3
54156,2
54157,2
54158,3
54159,2
54160,3
54161,2
54162,2
54163,3
54164,2
54165,2
54166,2
54167,3
54168,2
54169,2
54170,3
54171,3
54172,2
54173,2
54174,3
54175,2
54176,3
54177,2
54178,2
54179,1
54180,2
54181,2
54182,2
54183,2
54184,2
54185,2
54186,2
54187,0
54188,2
54189,2
54190,0
54191,2
54192,2
54193,2
54194,0
54195,2
54196,2
54197,2
54198,2
54199,2
54200,0
54201,0
54202,2
54203,0
54204,0
54205,3
54206,2
54207,2
54208,2
54209,2
54210,2
54211,0
54212,2
54213,2
54214,2
54215,3
54216,2
54217,1
54218,3
54219,3
54220,0
54221,0
54222,0
54223,0
54224,3
54225,3
54226,3
54227,3
54228,2
54229,2
54230,3
54231,3
54232,3
54233,2
54234,3
54235,3
54236,3
54237,2
54238,2
54239,2
54240,2
54241,3
54242,3
54243,3
54244,2
54245,0
54246,0
54247,0
54248,3
54249,3
54250,3
54251,2
54252,3
54253,2
54254,2
54255,3
54256,2
54257,1
54258,3
54259,3
54260,3
54261,3
54262,3
54263,3
54264,3
54265,3
54266,3
54267,2
54268,2
54269,3
54270,3
54271,3
54272,2
54273,3
54274,2
54275,3
54276,3
54277,2
54278,3
54279,3
54280,3
54281,3
54282,3
54283,3
54284,3
54285,3
54286,3
54287,3
54288,3
54289,2
54290,3
54291,3
54292,3
54293,2
54294,2
54295,2
54296,2
54297,2
54298,2
54299,2
54300,2
54301,2
54302,2
54303,2
54304,3
54305,3
54306,3
54307,3
54308,2
54309,3
54310,3
54311,1
54312,3
54313,3
54314,3
54315,3
54316,1
54317,1
54318,3
54319,1
54320,1
54321,1
54322,1
54323,1
54324,1
54325,1
54326,1
54327,1
54328,1
54329,1
54330,1
54331,3
54332,3
54333,1
54334,1
54335,3
54336,1
54337,1
54338,3
54339,1
54340,3
54341,3
54342,3
54343,1
54344,1
54345,1
54346,3
54347,1
54348,1
54349,1
54350,2
54351,3
54352,2
54353,3
54354,1
54355,1
54356,2
54357,1
54358,3
54359,1
54360,3
54361,1
54362,3
54363,1
54364,3
54365,2
54366,1
54367,1
54368,3
54369,1
54370,3
54371,1
54372,1
54373,1
54374,1
54375,1
54376,1
54377,3
54378,1
54379,1
54380,1
54381,1
54382,1
54383,1
54384,1
54385,3
54386,2
54387,1
54388,1
54389,1
54390,1
54391,1
54392,2
54393,1
54394,1
54395,1
54396,1
54397,1
54398,2
54399,2
54400,2
54401,1
54402,2
54403,3
54404,3
54405,1
54406,1
54407,1
54408,3
54409,3
54410,1
54411,3
54412,3
54413,3
54414,1
54415,3
54416,3
54417,3
54418,3
54419,3
54420,3
54421,3
54422,3
54423,3
54424,3
54425,3
54426,3
54427,2
54428,2
54429,3
54430,2
54431,2
54432,3
54433,3
54434,3
54435,3
54436,3
54437,3
54438,3
54439,3
54440,3
54441,3
54442,3
54443,2
54444,3
54445,3
54446,3
54447,3
54448,2
54449,2
54450,2
54451,3
54452,3
54453,3
54454,1
54455,1
54456,1
54457,1
54458,1
54459,1
54460,1
54461,1
54462,1
54463,1
54464,1
54465,3
54466,3
54467,3
54468,3
54469,2
54470,3
54471,3
54472,2
54473,1
54474,1
54475,2
54476,1
54477,1
54478,1
54479,3
54480,2
54481,2
54482,2
54483,3
54484,3
54485,3
54486,3
54487,3
54488,3
54489,2
54490,3
54491,3
54492,3
54493,2
54494,3
54495,2
54496,2
54497,2
54498,2
54499,2
54500,2
54501,3
54502,2
54503,2
54504,2
54505,2
54506,2
54507,3
54508,3
54509,2
54510,2
54511,1
54512,2
54513,3
54514,3
54515,3
54516,2
54517,2
54518,3
54519,3
54520,2
54521,3
54522,3
54523,2
54524,2
54525,2
54526,2
54527,1
54528,1
54529,1
54530,2
54531,3
54532,3
54533,3
54534,3
54535,2
54536,2
54537,2
54538,2
54539,3
54540,3
54541,3
54542,2
54543,2
54544,2
54545,2
54546,2
54547,3
54548,2
54549,3
54550,3
54551,3
54552,3
54553,3
54554,2
54555,2
54556,2
54557,2
54558,3
54559,3
54560,3
54561,3
54562,2
54563,2
54564,3
54565,3
54566,3
54567,3
54568,2
54569,2
54570,2
54571,3
54572,3
54573,2
54574,2
54575,3
54576,3
54577,3
54578,3
54579,3
54580,2
54581,1
54582,3
54583,3
54584,3
54585,2
54586,2
54587,3
54588,2
54589,2
54590,3
54591,2
54592,2
54593,2
54594,1
54595,1
54596,1
54597,1
54598,2
54599,3
54600,3
54601,1
54602,1
54603,3
54604,3
54605,2
54606,2
54607,3
54608,3
54609,3
54610,3
54611,3
54612,3
54613,3
54614,3
54615,3
54616,3
54617,3
54618,3
54619,2
54620,3
54621,3
54622,2
54623,3
54624,2
54625,2
54626,3
54627,3
54628,2
54629,3
54630,3
54631,3
54632,3
54633,2
54634,3
54635,3
54636,3
54637,2
54638,2
54639,3
54640,3
54641,3
54642,2
54643,2
54644,3
54645,2
54646,2
54647,2
54648,3
54649,2
54650,2
54651,2
54652,2
54653,2
54654,2
54655,2
54656,2
54657,2
54658,2
54659,2
54660,2
54661,2
54662,2
54663,2
54664,2
54665,2
54666,3
54667,3
54668,3
54669,3
54670,3
54671,2
54672,2
54673,2
54674,2
54675,3
54676,3
54677,3
54678,3
54679,3
54680,3
54681,3
54682,3
54683,3
54684,2
54685,3
54686,3
54687,3
54688,3
54689,4
54690,3
54691,3
54692,3
54693,2
54694,3
54695,4
54696,3
54697,2
54698,3
54699,2
54700,3
54701,3
54702,3
54703,2
54704,2
54705,2
54706,3
54707,3
54708,3
54709,2
54710,3
54711,2
54712,2
54713,3
54714,2
54715,3
54716,3
54717,2
54718,2
54719,3
54720,2
54721,2
54722,2
54723,2
54724,2
54725,3
54726,2
54727,3
54728,3
54729,3
54730,3
54731,2
54732,2
54733,2
54734,2
54735,3
54736,5
54737,3
54738,3
54739,2
54740,2
54741,3
54742,3
54743,2
54744,2
54745,2
54746,2
54747,2
54748,2
54749,2
54750,3
54751,3
54752,3
54753,3
54754,3
54755,3
54756,3
54757,3
54758,2
54759,3
54760,3
54761,3
54762,3
54763,3
54764,3
54765,3
54766,3
54767,3
54768,2
54769,3
54770,3
54771,2
54772,3
54773,3
54774,3
54775,3
54776,3
54777,3
54778,3
54779,3
54780,3
54781,3
54782,3
54783,3
54784,3
54785,3
54786,3
54787,2
54788,3
54789,3
54790,3
54791,3
54792,3
54793,3
54794,3
54795,3
54796,3
54797,3
54798,2
54799,2
54800,2
54801,3
54802,2
54803,2
54804,3
54805,3
54806,2
54807,3
54808,3
54809,3
54810,2
54811,3
54812,2
54813,2
54814,3
54815,3
54816,3
54817,2
54818,3
54819,3
54820,3
54821,3
54822,3
54823,3
54824,2
54825,3
54826,3
54827,3
54828,2
54829,3
54830,2
54831,2
54832,3
54833,2
54834,2
54835,2
54836,2
54837,2
54838,2
54839,3
54840,3
54841,3
54842,2
54843,2
54844,3
54845,3
54846,2
54847,3
54848,3
54849,3
54850,3
54851,3
54852,2
54853,3
54854,3
54855,3
54856,3
54857,3
54858,2
54859,2
54860,3
54861,3
54862,3
54863,3
54864,2
54865,3
54866,3
54867,3
54868,3
54869,2
54870,2
54871,3
54872,3
54873,3
54874,3
54875,2
54876,3
54877,3
54878,3
54879,3
54880,2
54881,4
54882,3
54883,2
54884,3
54885,3
54886,3
54887,2
54888,3
54889,3
54890,3
54891,3
54892,2
54893,3
54894,2
54895,3
54896,2
54897,3
54898,3
54899,2
54900,3
54901,3
54902,3
54903,2
54904,3
54905,3
54906,3
54907,3
54908,3
54909,3
54910,3
54911,3
54912,3
54913,3
54914,3
54915,1
54916,2
54917,2
54918,3
54919,2
54920,2
54921,2
54922,3
54923,3
54924,3
54925,3
54926,3
54927,2
54928,3
54929,2
54930,2
54931,3
54932,3
54933,3
54934,3
54935,3
54936,3
54937,3
54938,3
54939,3
54940,3
54941,2
54942,2
54943,3
54944,2
54945,2
54946,2
54947,2
54948,2
54949,3
54950,2
54951,2
54952,2
54953,3
54954,2
54955,3
54956,3
54957,2
54958,2
54959,2
54960,3
54961,2
54962,2
54963,3
54964,3
54965,3
54966,3
54967,3
54968,2
54969,3
54970,3
54971,2
54972,3
54973,3
54974,2
54975,3
54976,3
54977,2
54978,2
54979,3
54980,3
54981,3
54982,3
54983,3
54984,3
54985,3
54986,3
54987,2
54988,3
54989,3
54990,3
54991,3
54992,2
54993,3
54994,3
54995,3
54996,3
54997,3
54998,3
54999,3
55000,2
55001,2
55002,3
55003,3
55004,3
55005,3
55006,3
55007,3
55008,2
55009,2
55010,3
55011,2
55012,3
55013,3
55014,2
55015,2
55016,3
55017,3
55018,3
55019,3
55020,3
55021,3
55022,3
55023,2
55024,2
55025,3
55026,3
55027,2
55028,3
55029,3
55030,3
55031,2
55032,3
55033,2
55034,2
55035,2
55036,2
55037,2
55038,3
55039,3
55040,3
55041,3
55042,2
55043,3
55044,2
55045,2
55046,3
55047,3
55048,2
55049,2
55050,2
55051,3
55052,2
55053,2
55054,2
55055,2
55056,2
55057,3
55058,3
55059,3
55060,2
55061,2
55062,3
55063,3
55064,3
55065,3
55066,3
55067,2
55068,3
55069,2
55070,3
55071,2
55072,3
55073,3
55074,3
55075,2
55076,2
55077,3
55078,2
55079,2
55080,3
55081,3
55082,3
55083,3
55084,3
55085,3
55086,2
55087,2
55088,3
55089,3
55090,3
55091,2
55092,3
55093,2
55094,3
55095,2
55096,3
55097,3
55098,2
55099,3
55100,3
55101,3
55102,3
55103,3
55104,3
55105,3
55106,2
55107,3
55108,3
55109,3
55110,3
55111,2
55112,3
55113,3
55114,2
55115,3
55116,2
55117,3
55118,2
55119,2
55120,2
55121,2
55122,2
55123,2
55124,2
55125,2
55126,3
55127,3
55128,3
55129,2
55130,2
55131,2
55132,2
55133,2
55134,3
55135,2
55136,3
55137,3
55138,3
55139,2
55140,2
55141,2
55142,3
55143,3
55144,3
55145,2
55146,2
55147,2
55148,3
55149,2
55150,3
55151,2
55152,3
55153,2
55154,2
55155,2
55156,3
55157,3
55158,3
55159,3
55160,3
55161,2
55162,3
55163,2
55164,2
55165,2
55166,2
55167,3
55168,3
55169,3
55170,2
55171,3
55172,2
55173,2
55174,3
55175,3
55176,2
55177,2
55178,3
55179,2
55180,2
55181,3
55182,3
55183,3
55184,3
55185,2
55186,2
55187,2
55188,2
55189,2
55190,3
55191,2
55192,3
55193,2
55194,2
55195,3
55196,2
55197,2
55198,3
55199,2
55200,2
55201,2
55202,3
55203,2
55204,3
55205,2
55206,2
55207,2
55208,3
55209,2
55210,3
55211,2
55212,2
55213,2
55214,2
55215,2
55216,3
55217,3
55218,2
55219,2
55220,2
55221,2
55222,3
55223,2
55224,3
55225,3
55226,2
55227,3
55228,2
55229,2
55230,3
55231,2
55232,3
55233,2
55234,2
55235,2
55236,2
55237,2
55238,2
55239,2
55240,2
55241,3
55242,2
55243,3
55244,2
55245,3
55246,2
55247,2
55248,3
55249,2
55250,2
55251,2
55252,2
55253,2
55254,3
55255,2
55256,3
55257,2
55258,3
55259,3
55260,2
55261,3
55262,3
55263,2
55264,2
55265,2
55266,2
55267,3
55268,3
55269,2
55270,3
55271,2
55272,3
55273,2
55274,3
55275,2
55276,2
55277,2
55278,3
55279,2
55280,2
55281,3
55282,2
55283,2
55284,2
55285,3
55286,2
55287,3
55288,2
55289,2
55290,2
55291,2
55292,2
55293,2
55294,3
55295,3
55296,3
55297,2
55298,2
55299,3
55300,2
55301,2
55302,2
55303,2
55304,2
55305,2
55306,2
55307,3
55308,3
55309,2
55310,3
55311,3
55312,2
55313,3
55314,2
55315,2
55316,2
55317,2
55318,2
55319,2
55320,2
55321,2
55322,2
55323,2
55324,2
55325,3
55326,2
55327,3
55328,3
55329,2
55330,2
55331,2
55332,2
55333,2
55334,3
55335,2
55336,2
55337,2
55338,2
55339,2
55340,2
55341,2
55342,2
55343,3
55344,2
55345,3
55346,3
55347,3
55348,2
55349,2
55350,2
55351,3
55352,3
55353,3
55354,2
55355,3
55356,2
55357,2
55358,2
55359,3
55360,2
55361,3
55362,2
55363,2
55364,2
55365,2
55366,2
55367,2
55368,2
55369,2
55370,3
55371,2
55372,2
55373,3
55374,2
55375,2
55376,2
55377,3
55378,3
55379,2
55380,2
55381,3
55382,2
55383,2
55384,2
55385,3
55386,2
55387,2
55388,2
55389,2
55390,2
55391,2
55392,2
55393,2
55394,2
55395,2
55396,2
55397,2
55398,3
55399,2
55400,2
55401,1
55402,1
55403,1
55404,1
55405,1
55406,1
55407,1
55408,3
55409,3
55410,3
55411,2
55412,2
55413,2
55414,2
55415,2
55416,3
55417,2
55418,2
55419,3
55420,2
55421,2
55422,2
55423,2
55424,2
55425,2
55426,2
55427,2
55428,2
55429,3
55430,3
55431,1
55432,1
55433,1
55434,1
55435,3
55436,2
55437,2
55438,2
55439,2
55440,2
55441,3
55442,2
55443,3
55444,3
55445,3
55446,2
55447,3
55448,3
55449,3
55450,2
55451,2
55452,3
55453,3
55454,2
55455,2
55456,2
55457,2
55458,2
55459,5
55460,2
55461,3
55462,2
55463,3
55464,3
55465,2
55466,2
55467,2
55468,2
55469,2
55470,3
55471,2
55472,3
55473,3
55474,2
55475,2
55476,2
55477,2
55478,2
55479,2
55480,2
55481,2
55482,2
55483,2
55484,3
55485,3
55486,3
55487,3
55488,3
55489,0
55490,0
55491,0
55492,3
55493,0
55494,0
55495,0
55496,2
55497,3
55498,2
55499,3
55500,2
55501,2
55502,2
55503,2
55504,2
55505,3
55506,3
55507,2
55508,3
55509,3
55510,3
55511,3
55512,2
55513,3
55514,3
55515,3
55516,3
55517,2
55518,1
55519,1
55520,1
55521,1
55522,1
55523,1
55524,1
55525,2
55526,2
55527,2
55528,2
55529,2
55530,2
55531,3
55532,2
55533,2
55534,3
55535,3
55536,2
55537,3
55538,3
55539,3
55540,1
55541,1
55542,1
55543,1
55544,2
55545,3
55546,2
55547,2
55548,2
55549,3
55550,3
55551,2
55552,2
55553,2
55554,2
55555,2
55556,2
55557,2
55558,2
55559,2
55560,2
55561,2
55562,2
55563,2
55564,2
55565,2
55566,2
55567,2
55568,2
55569,2
55570,2
55571,2
55572,2
55573,2
55574,2
55575,2
55576,2
55577,2
55578,3
55579,3
55580,3
55581,2
55582,3
55583,2
55584,2
55585,2
55586,2
55587,2
55588,2
55589,3
55590,2
55591,2
55592,3
55593,2
55594,2
55595,3
55596,2
55597,2
55598,2
55599,3
55600,2
55601,2
55602,2
55603,2
55604,3
55605,2
55606,2
55607,2
55608,2
55609,2
55610,2
55611,2
55612,2
55613,2
55614,2
55615,2
55616,2
55617,2
55618,2
55619,2
55620,2
55621,2
55622,2
55623,2
55624,2
55625,2
55626,2
55627,2
55628,2
55629,2
55630,2
55631,2
55632,2
55633,2
55634,2
55635,2
55636,2
55637,2
55638,2
55639,2
55640,2
55641,2
55642,2
55643,2
55644,2
55645,2
55646,2
55647,2
55648,2
55649,2
55650,2
55651,2
55652,2
55653,3
55654,3
55655,1
55656,1
55657,1
55658,2
55659,3
55660,2
55661,3
55662,3
55663,2
55664,1
55665,2
55666,2
55667,2
55668,2
55669,2
55670,2
55671,1
55672,3
55673,1
55674,1
55675,2
55676,2
55677,3
55678,2
55679,2
55680,3
55681,3
55682,2
55683,2
55684,2
55685,2
55686,2
55687,2
55688,2
55689,2
55690,2
55691,2
55692,2
55693,2
55694,2
55695,2
55696,2
55697,2
55698,2
55699,2
55700,2
55701,2
55702,2
55703,2
55704,2
55705,2
55706,2
55707,2
55708,2
55709,2
55710,2
55711,2
55712,2
55713,2
55714,2
55715,2
55716,2
55717,2
55718,2
55719,2
55720,2
55721,2
55722,2
55723,2
55724,2
55725,2
55726,2
55727,2
55728,2
55729,2
55730,2
55731,2
55732,2
55733,0
55734,0
55735,2
55736,2
55737,3
55738,3
55739,2
55740,2
55741,2
55742,3
55743,3
55744,3
55745,3
55746,3
55747,3
55748,2
55749,3
55750,3
55751,3
55752,3
55753,2
55754,3
55755,3
55756,3
55757,2
55758,2
55759,3
55760,3
55761,2
55762,3
55763,2
55764,2
55765,2
55766,3
55767,3
55768,2
55769,3
55770,2
55771,2
55772,2
55773,3
55774,2
55775,2
55776,2
55777,2
55778,2
55779,3
55780,2
55781,2
55782,2
55783,2
55784,2
55785,2
55786,2
55787,2
55788,2
55789,2
55790,2
55791,2
55792,2
55793,2
55794,2
55795,2
55796,2
55797,2
55798,2
55799,2
55800,2
55801,2
55802,2
55803,1
55804,1
55805,1
55806,1
55807,1
55808,1
55809,3
55810,3
55811,2
55812,2
55813,2
55814,2
55815,2
55816,2
55817,2
55818,2
55819,3
55820,3
55821,2
55822,2
55823,2
55824,2
55825,2
55826,2
55827,3
55828,3
55829,2
55830,3
55831,3
55832,3
55833,2
55834,2
55835,2
55836,2
55837,2
55838,2
55839,2
55840,2
55841,3
55842,2
55843,2
55844,2
55845,2
55846,3
55847,2
55848,2
55849,2
55850,2
55851,2
55852,2
55853,2
55854,2
55855,2
55856,2
55857,3
55858,2
55859,2
55860,3
55861,2
55862,3
55863,2
55864,2
55865,3
55866,2
55867,2
55868,2
55869,2
55870,2
55871,2
55872,2
55873,3
55874,2
55875,2
55876,2
55877,1
55878,3
55879,3
55880,2
55881,2
55882,3
55883,3
55884,3
55885,2
55886,2
55887,3
55888,2
55889,2
55890,2
55891,1
55892,2
55893,1
55894,2
55895,1
55896,1
55897,1
55898,2
55899,2
55900,2
55901,2
55902,3
55903,2
55904,1
55905,3
55906,3
55907,3
55908,3
55909,3
55910,2
55911,3
55912,2
55913,2
55914,3
55915,2
55916,3
55917,2
55918,3
55919,2
55920,2
55921,3
55922,2
55923,2
55924,3
55925,2
55926,2
55927,1
55928,2
55929,3
55930,3
55931,1
55932,2
55933,2
55934,2
55935,2
55936,2
55937,3
55938,3
55939,2
55940,3
55941,2
55942,3
55943,2
55944,3
55945,2
55946,2
55947,3
55948,2
55949,2
55950,2
55951,2
55952,2
55953,2
55954,0
55955,0
55956,2
55957,3
55958,3
55959,2
55960,2
55961,2
55962,2
55963,2
55964,3
55965,3
55966,1
55967,2
55968,3
55969,2
55970,1
55971,2
55972,3
55973,3
55974,3
55975,2
55976,3
55977,3
55978,1
55979,3
55980,3
55981,2
55982,3
55983,3
55984,2
55985,2
55986,2
55987,3
55988,3
55989,3
55990,3
55991,1
55992,2
55993,3
55994,3
55995,2
55996,2
55997,2
55998,2
55999,2
56000,3
56001,3
56002,3
56003,3
56004,2
56005,2
56006,3
56007,3
56008,2
56009,3
56010,3
56011,3
56012,3
56013,2
56014,3
56015,2
56016,3
56017,3
56018,3
56019,3
56020,3
56021,2
56022,2
56023,3
56024,2
56025,2
56026,2
56027,2
56028,3
56029,2
56030,3
56031,2
56032,3
56033,3
56034,3
56035,3
56036,3
56037,3
56038,3
56039,3
56040,2
56041,3
56042,2
56043,2
56044,2
56045,2
56046,3
56047,2
56048,3
56049,2
56050,3
56051,2
56052,2
56053,1
56054,3
56055,3
56056,3
56057,3
56058,2
56059,2
56060,2
56061,2
56062,2
56063,2
56064,2
56065,2
56066,3
56067,3
56068,3
56069,3
56070,3
56071,3
56072,3
56073,3
56074,3
56075,2
56076,2
56077,3
56078,3
56079,2
56080,3
56081,3
56082,3
56083,3
56084,3
56085,3
56086,2
56087,3
56088,3
56089,2
56090,3
56091,3
56092,3
56093,3
56094,3
56095,1
56096,3
56097,3
56098,3
56099,3
56100,3
56101,3
56102,3
56103,3
56104,2
56105,2
56106,2
56107,2
56108,3
56109,3
56110,2
56111,3
56112,3
56113,2
56114,2
56115,2
56116,2
56117,2
56118,2
56119,2
56120,2
56121,2
56122,2
56123,2
56124,2
56125,2
56126,2
56127,2
56128,2
56129,2
56130,2
56131,3
56132,3
56133,2
56134,2
56135,2
56136,2
56137,2
56138,2
56139,3
56140,2
56141,2
56142,3
56143,2
56144,3
56145,3
56146,3
56147,3
56148,3
56149,3
56150,3
56151,3
56152,1
56153,1
56154,3
56155,3
56156,3
56157,3
56158,3
56159,3
56160,2
56161,3
56162,3
56163,1
56164,1
56165,1
56166,2
56167,2
56168,2
56169,2
56170,2
56171,2
56172,2
56173,3
56174,3
56175,3
56176,3
56177,3
56178,3
56179,3
56180,3
56181,3
56182,1
56183,1
56184,1
56185,3
56186,1
56187,1
56188,1
56189,3
56190,2
56191,1
56192,3
56193,3
56194,2
56195,2
56196,2
56197,2
56198,2
56199,2
56200,2
56201,2
56202,2
56203,3
56204,2
56205,3
56206,2
56207,2
56208,2
56209,2
56210,3
56211,2
56212,2
56213,2
56214,2
56215,2
56216,2
56217,3
56218,2
56219,3
56220,3
56221,2
56222,3
56223,2
56224,3
56225,3
56226,3
56227,3
56228,3
56229,3
56230,3
56231,3
56232,3
56233,2
56234,2
56235,3
56236,3
56237,3
56238,3
56239,3
56240,2
56241,2
56242,2
56243,2
56244,3
56245,2
56246,3
56247,3
56248,3
56249,3
56250,2
56251,2
56252,3
56253,1
56254,3
56255,1
56256,1
56257,3
56258,3
56259,3
56260,2
56261,3
56262,2
56263,2
56264,2
56265,2
56266,2
56267,2
56268,2
56269,2
56270,2
56271,2
56272,2
56273,2
56274,2
56275,2
56276,2
56277,1
56278,1
56279,1
56280,1
56281,3
56282,3
56283,1
56284,3
56285,3
56286,2
56287,2
56288,2
56289,3
56290,3
56291,3
56292,3
56293,2
56294,2
56295,2
56296,2
56297,2
56298,3
56299,3
56300,2
56301,2
56302,3
56303,2
56304,2
56305,2
56306,2
56307,2
56308,3
56309,3
56310,2
56311,2
56312,2
56313,2
56314,3
56315,2
56316,2
56317,3
56318,2
56319,3
56320,2
56321,2
56322,2
56323,2
56324,2
56325,2
56326,2
56327,2
56328,2
56329,2
56330,2
56331,2
56332,2
56333,2
56334,2
56335,2
56336,2
56337,2
56338,2
56339,3
56340,2
56341,2
56342,2
56343,3
56344,2
56345,2
56346,2
56347,2
56348,2
56349,2
56350,2
56351,2
56352,2
56353,2
56354,2
56355,2
56356,2
56357,2
56358,2
56359,2
56360,2
56361,2
56362,2
56363,2
56364,2
56365,2
56366,2
56367,2
56368,2
56369,2
56370,2
56371,2
56372,2
56373,2
56374,2
56375,2
56376,2
56377,2
56378,2
56379,2
56380,2
56381,2
56382,2
56383,2
56384,2
56385,2
56386,2
56387,2
56388,2
56389,2
56390,2
56391,2
56392,2
56393,2
56394,2
56395,3
56396,2
56397,2
56398,2
56399,3
56400,2
56401,2
56402,2
56403,2
56404,3
56405,2
56406,2
56407,2
56408,3
56409,2
56410,2
56411,2
56412,2
56413,2
56414,2
56415,2
56416,2
56417,2
56418,2
56419,2
56420,2
56421,2
56422,2
56423,2
56424,2
56425,2
56426,2
56427,2
56428,2
56429,2
56430,2
56431,2
56432,2
56433,2
56434,2
56435,2
56436,2
56437,2
56438,2
56439,2
56440,2
56441,2
56442,2
56443,2
56444,2
56445,2
56446,2
56447,2
56448,2
56449,3
56450,2
56451,2
56452,2
56453,2
56454,2
56455,2
56456,2
56457,3
56458,2
56459,3
56460,2
56461,3
56462,2
56463,3
56464,2
56465,3
56466,3
56467,3
56468,3
56469,3
56470,2
56471,2
56472,3
56473,3
56474,2
56475,2
56476,2
56477,3
56478,2
56479,3
56480,2
56481,2
56482,2
56483,2
56484,3
56485,3
56486,2
56487,3
56488,3
56489,2
56490,2
56491,3
56492,2
56493,2
56494,3
56495,2
56496,3
56497,2
56498,3
56499,3
56500,2
56501,3
56502,2
56503,3
56504,2
56505,2
56506,2
56507,2
56508,2
56509,2
56510,2
56511,2
56512,2
56513,2
56514,2
56515,2
56516,2
56517,3
56518,2
56519,2
56520,2
56521,3
56522,2
56523,2
56524,2
56525,2
56526,2
56527,2
56528,2
56529,2
56530,2
56531,2
56532,2
56533,2
56534,2
56535,2
56536,2
56537,2
56538,2
56539,2
56540,2
56541,2
56542,2
56543,2
56544,2
56545,2
56546,2
56547,2
56548,2
56549,2
56550,2
56551,2
56552,2
56553,2
56554,2
56555,2
56556,2
56557,2
56558,2
56559,2
56560,2
56561,2
56562,2
56563,2
56564,2
56565,2
56566,1
56567,2
56568,2
56569,2
56570,3
56571,2
56572,2
56573,3
56574,3
56575,3
56576,2
56577,2
56578,2
56579,2
56580,2
56581,2
56582,2
56583,2
56584,2
56585,2
56586,2
56587,2
56588,2
56589,2
56590,1
56591,3
56592,3
56593,3
56594,2
56595,2
56596,2
56597,2
56598,3
56599,2
56600,2
56601,2
56602,2
56603,2
56604,2
56605,2
56606,2
56607,2
56608,2
56609,2
56610,2
56611,2
56612,2
56613,2
56614,2
56615,2
56616,2
56617,2
56618,2
56619,2
56620,2
56621,2
56622,2
56623,3
56624,3
56625,3
56626,3
56627,3
56628,3
56629,3
56630,3
56631,3
56632,3
56633,2
56634,2
56635,3
56636,2
56637,3
56638,2
56639,2
56640,2
56641,3
56642,2
56643,2
56644,2
56645,2
56646,2
56647,2
56648,2
56649,2
56650,2
56651,2
56652,2
56653,2
56654,2
56655,2
56656,2
56657,2
56658,2
56659,2
56660,2
56661,2
56662,2
56663,2
56664,2
56665,2
56666,2
56667,2
56668,2
56669,2
56670,2
56671,2
56672,2
56673,2
56674,2
56675,2
56676,2
56677,2
56678,2
56679,3
56680,2
56681,2
56682,2
56683,2
56684,2
56685,2
56686,2
56687,2
56688,2
56689,3
56690,2
56691,3
56692,3
56693,3
56694,2
56695,2
56696,0
56697,3
56698,3
56699,3
56700,3
56701,3
56702,3
56703,2
56704,2
56705,2
56706,2
56707,2
56708,2
56709,2
56710,2
56711,2
56712,2
56713,2
56714,2
56715,2
56716,2
56717,2
56718,0
56719,3
56720,2
56721,2
56722,3
56723,2
56724,3
56725,3
56726,3
56727,3
56728,3
56729,3
56730,3
56731,2
56732,2
56733,2
56734,2
56735,2
56736,2
56737,2
56738,1
56739,3
56740,3
56741,3
56742,2
56743,3
56744,2
56745,2
56746,3
56747,3
56748,2
56749,2
56750,3
56751,1
56752,1
56753,2
56754,2
56755,2
56756,3
56757,3
56758,0
56759,0
56760,0
56761,2
56762,2
56763,2
56764,3
56765,2
56766,2
56767,2
56768,2
56769,2
56770,3
56771,3
56772,2
56773,2
56774,2
56775,2
56776,3
56777,3
56778,2
56779,2
56780,3
56781,2
56782,2
56783,2
56784,2
56785,2
56786,2
56787,2
56788,2
56789,2
56790,2
56791,2
56792,3
56793,2
56794,3
56795,2
56796,2
56797,3
56798,3
56799,3
56800,3
56801,3
56802,3
56803,3
56804,3
56805,3
56806,3
56807,3
56808,3
56809,3
56810,3
56811,3
56812,3
56813,3
56814,3
56815,3
56816,3
56817,2
56818,3
56819,3
56820,3
56821,3
56822,3
56823,3
56824,3
56825,3
56826,2
56827,3
56828,3
56829,3
56830,2
56831,2
56832,3
56833,3
56834,3
56835,3
56836,2
56837,2
56838,3
56839,3
56840,2
56841,3
56842,3
56843,2
56844,3
56845,2
56846,3
56847,3
56848,3
56849,3
56850,3
56851,3
56852,3
56853,2
56854,3
56855,1
56856,1
56857,3
56858,3
56859,2
56860,2
56861,3
56862,3
56863,3
56864,3
56865,3
56866,3
56867,2
56868,2
56869,2
56870,2
56871,3
56872,1
56873,3
56874,3
56875,3
56876,3
56877,3
56878,2
56879,3
56880,3
56881,3
56882,3
56883,2
56884,2
56885,0
56886,0
56887,2
56888,2
56889,2
56890,0
56891,2
56892,0
56893,2
56894,2
56895,2
56896,2
56897,2
56898,2
56899,2
56900,2
56901,3
56902,3
56903,3
56904,3
56905,3
56906,3
56907,3
56908,2
56909,2
56910,2
56911,1
56912,4
56913,3
56914,2
56915,2
56916,3
56917,3
56918,2
56919,3
56920,2
56921,2
56922,3
56923,2
56924,3
56925,2
56926,3
56927,3
56928,2
56929,2
56930,2
56931,3
56932,3
56933,3
56934,3
56935,2
56936,3
56937,3
56938,3
56939,3
56940,3
56941,3
56942,2
56943,2
56944,2
56945,2
56946,2
56947,3
56948,2
56949,2
56950,2
56951,2
56952,2
56953,3
56954,3
56955,2
56956,2
56957,0
56958,2
56959,2
56960,2
56961,0
56962,2
56963,3
56964,2
56965,0
56966,2
56967,2
56968,2
56969,0
56970,2
56971,2
56972,2
56973,2
56974,1
56975,2
56976,3
56977,3
56978,3
56979,3
56980,2
56981,3
56982,3
56983,3
56984,3
56985,3
56986,3
56987,3
56988,2
56989,2
56990,2
56991,2
56992,2
56993,2
56994,2
56995,3
56996,3
56997,3
56998,3
56999,3
57000,3
57001,0
57002,2
57003,3
57004,2
57005,2
57006,2
57007,0
57008,3
57009,2
57010,2
57011,0
57012,2
57013,2
57014,2
57015,2
57016,2
57017,2
57018,2
57019,3
57020,3
57021,3
57022,3
57023,3
57024,3
57025,0
57026,2
57027,2
57028,2
57029,3
57030,0
57031,3
57032,0
57033,0
57034,2
57035,2
57036,3
57037,2
57038,2
57039,2
57040,2
57041,2
57042,3
57043,3
57044,3
57045,2
57046,2
57047,2
57048,3
57049,2
57050,2
57051,2
57052,2
57053,2
57054,2
57055,2
57056,2
57057,3
57058,2
57059,3
57060,2
57061,3
57062,3
57063,3
57064,2
57065,2
57066,3
57067,3
57068,2
57069,2
57070,3
57071,3
57072,3
57073,2
57074,3
57075,2
57076,1
57077,3
57078,3
57079,3
57080,3
57081,2
57082,2
57083,2
57084,3
57085,3
57086,3
57087,3
57088,3
57089,2
57090,3
57091,3
57092,2
57093,3
57094,1
57095,2
57096,2
57097,2
57098,2
57099,2
57100,3
57101,2
57102,3
57103,3
57104,2
57105,3
57106,3
57107,3
57108,0
57109,0
57110,3
57111,3
57112,3
57113,3
57114,2
57115,2
57116,3
57117,3
57118,3
57119,3
57120,3
57121,2
57122,3
57123,3
57124,2
57125,3
57126,2
57127,2
57128,2
57129,2
57130,2
57131,3
57132,2
57133,2
57134,2
57135,3
57136,3
57137,3
57138,2
57139,2
57140,2
57141,2
57142,2
57143,2
57144,2
57145,2
57146,2
57147,2
57148,2
57149,2
57150,2
57151,2
57152,2
57153,2
57154,2
57155,2
57156,2
57157,2
57158,2
57159,2
57160,2
57161,2
57162,2
57163,2
57164,2
57165,3
57166,3
57167,3
57168,3
57169,3
57170,3
57171,3
57172,3
57173,3
57174,3
57175,2
57176,2
57177,3
57178,3
57179,3
57180,3
57181,3
57182,3
57183,3
57184,3
57185,3
57186,3
57187,2
57188,2
57189,2
57190,2
57191,3
57192,3
57193,3
57194,3
57195,2
57196,1
57197,3
57198,2
57199,1
57200,2
57201,2
57202,2
57203,2
57204,3
57205,3
57206,3
57207,0
57208,0
57209,2
57210,2
57211,2
57212,1
57213,2
57214,0
57215,3
57216,2
57217,2
57218,3
57219,3
57220,2
57221,3
57222,2
57223,3
57224,3
57225,2
57226,2
57227,3
57228,3
57229,3
57230,3
57231,3
57232,3
57233,2
57234,3
57235,2
57236,3
57237,3
57238,3
57239,3
57240,2
57241,2
57242,3
57243,3
57244,3
57245,3
57246,3
57247,3
57248,3
57249,3
57250,3
57251,3
57252,3
57253,2
57254,2
57255,2
57256,2
57257,2
57258,2
57259,2
57260,2
57261,2
57262,3
57263,3
57264,3
57265,2
57266,2
57267,2
57268,2
57269,2
57270,0
57271,2
57272,2
57273,1
57274,2
57275,2
57276,2
57277,2
57278,0
57279,3
57280,3
57281,2
57282,2
57283,2
57284,3
57285,2
57286,2
57287,3
57288,2
57289,2
57290,2
57291,3
57292,3
57293,3
57294,3
57295,3
57296,3
57297,3
57298,3
57299,3
57300,3
57301,3
57302,3
57303,3
57304,3
57305,3
57306,3
57307,3
57308,2
57309,2
57310,2
57311,3
57312,2
57313,2
57314,2
57315,2
57316,0
57317,2
57318,2
57319,2
57320,0
57321,2
57322,3
57323,3
57324,2
57325,2
57326,2
57327,2
57328,3
57329,3
57330,3
57331,3
57332,3
57333,3
57334,2
57335,3
57336,3
57337,3
57338,3
57339,3
57340,0
57341,3
57342,2
57343,2
57344,2
57345,3
57346,3
57347,2
57348,3
57349,3
57350,2
57351,2
57352,2
57353,2
57354,2
57355,2
57356,0
57357,2
57358,2
57359,2
57360,2
57361,2
57362,2
57363,0
57364,0
57365,2
57366,3
57367,3
57368,2
57369,3
57370,0
57371,2
57372,2
57373,3
57374,1
57375,1
57376,1
57377,1
57378,1
57379,2
57380,1
57381,3
57382,3
57383,3
57384,3
57385,2
57386,2
57387,2
57388,2
57389,2
57390,2
57391,2
57392,3
57393,2
57394,2
57395,2
57396,0
57397,2
57398,2
57399,2
57400,2
57401,2
57402,3
57403,2
57404,2
57405,2
57406,2
57407,2
57408,3
57409,3
57410,2
57411,2
57412,3
57413,3
57414,3
57415,3
57416,3
57417,3
57418,3
57419,3
57420,3
57421,3
57422,1
57423,3
57424,2
57425,0
57426,0
57427,0
57428,3
57429,3
57430,3
57431,1
57432,1
57433,1
57434,1
57435,1
57436,1
57437,1
57438,1
57439,1
57440,2
57441,1
57442,1
57443,1
57444,1
57445,1
57446,2
57447,2
57448,3
57449,3
57450,2
57451,2
57452,3
57453,3
57454,3
57455,0
57456,3
57457,3
57458,2
57459,3
57460,3
57461,3
57462,2
57463,3
57464,2
57465,2
57466,2
57467,3
57468,2
57469,3
57470,2
57471,3
57472,3
57473,2
57474,3
57475,3
57476,3
57477,3
57478,3
57479,3
57480,2
57481,3
57482,3
57483,2
57484,2
57485,2
57486,3
57487,2
57488,2
57489,3
57490,0
57491,3
57492,1
57493,3
57494,3
57495,3
57496,3
57497,2
57498,2
57499,2
57500,2
57501,0
57502,2
57503,3
57504,2
57505,2
57506,2
57507,2
57508,2
57509,2
57510,3
57511,3
57512,2
57513,2
57514,2
57515,3
57516,0
57517,3
57518,1
57519,1
57520,3
57521,3
57522,2
57523,2
57524,3
57525,3
57526,3
57527,3
57528,3
57529,0
57530,2
57531,3
57532,3
57533,0
57534,2
57535,3
57536,2
57537,2
57538,2
57539,2
57540,0
57541,3
57542,1
57543,1
57544,1
57545,1
57546,1
57547,3
57548,1
57549,3
57550,1
57551,1
57552,3
57553,3
57554,3
57555,1
57556,1
57557,1
57558,2
57559,0
57560,2
57561,2
57562,2
57563,2
57564,3
57565,2
57566,0
57567,3
57568,0
57569,2
57570,2
57571,2
57572,2
57573,3
57574,3
57575,2
57576,2
57577,2
57578,2
57579,2
57580,2
57581,2
57582,2
57583,2
57584,3
57585,3
57586,2
57587,2
57588,2
57589,0
57590,3
57591,3
57592,3
57593,2
57594,3
57595,3
57596,3
57597,3
57598,3
57599,3
57600,2
57601,3
57602,2
57603,3
57604,2
57605,2
57606,2
57607,3
57608,2
57609,2
57610,2
57611,2
57612,2
57613,2
57614,2
57615,3
57616,2
57617,2
57618,2
57619,2
57620,3
57621,2
57622,2
57623,2
57624,2
57625,3
57626,2
57627,2
57628,3
57629,3
57630,3
57631,2
57632,3
57633,3
57634,3
57635,3
57636,1
57637,1
57638,3
57639,3
57640,1
57641,1
57642,1
57643,2
57644,2
57645,2
57646,2
57647,2
57648,2
57649,2
57650,2
57651,2
57652,2
57653,2
57654,2
57655,2
57656,2
57657,2
57658,2
57659,2
57660,2
57661,1
57662,2
57663,2
57664,2
57665,3
57666,2
57667,1
57668,2
57669,2
57670,2
57671,2
57672,2
57673,2
57674,2
57675,2
57676,2
57677,2
57678,2
57679,2
57680,2
57681,1
57682,1
57683,2
57684,2
57685,2
57686,2
57687,2
57688,1
57689,2
57690,2
57691,2
57692,2
57693,1
57694,2
57695,2
57696,2
57697,2
57698,2
57699,2
57700,2
57701,2
57702,1
57703,2
57704,2
57705,2
57706,2
57707,2
57708,2
57709,2
57710,2
57711,2
57712,2
57713,2
57714,2
57715,2
57716,2
57717,2
57718,2
57719,2
57720,1
57721,1
57722,1
57723,1
57724,1
57725,1
57726,3
57727,1
57728,3
57729,1
57730,1
57731,2
57732,2
57733,2
57734,2
57735,2
57736,2
57737,2
57738,2
57739,2
57740,3
57741,2
57742,2
57743,2
57744,2
57745,2
57746,2
57747,2
57748,2
57749,3
57750,2
57751,2
57752,1
57753,2
57754,3
57755,3
57756,2
57757,2
57758,2
57759,2
57760,3
57761,2
57762,3
57763,2
57764,2
57765,2
57766,2
57767,2
57768,2
57769,2
57770,1
57771,1
57772,2
57773,1
57774,2
57775,2
57776,2
57777,2
57778,2
57779,1
57780,1
57781,3
57782,1
57783,1
57784,2
57785,1
57786,1
57787,1
57788,1
57789,1
57790,1
57791,2
57792,2
57793,2
57794,3
57795,3
57796,1
57797,1
57798,3
57799,3
57800,1
57801,3
57802,3
57803,1
57804,1
57805,2
57806,3
57807,3
57808,1
57809,1
57810,3
57811,1
57812,2
57813,3
57814,3
57815,2
57816,3
57817,2
57818,2
57819,2
57820,3
57821,1
57822,1
57823,1
57824,1
57825,1
57826,1
57827,2
57828,3
57829,3
57830,3
57831,3
57832,2
57833,3
57834,3
57835,3
57836,3
57837,3
57838,3
57839,1
57840,3
57841,3
57842,1
57843,1
57844,3
57845,3
57846,1
57847,3
57848,3
57849,3
57850,3
57851,3
57852,2
57853,3
57854,2
57855,2
57856,3
57857,1
57858,1
57859,3
57860,2
57861,3
57862,3
57863,3
57864,3
57865,3
57866,3
57867,2
57868,2
57869,3
57870,3
57871,3
57872,3
57873,3
57874,3
57875,3
57876,3
57877,3
57878,3
57879,3
57880,1
57881,3
57882,1
57883,3
57884,3
57885,3
57886,3
57887,3
57888,3
57889,1
57890,2
57891,2
57892,2
57893,2
57894,3
57895,3
57896,3
57897,3
57898,2
57899,3
57900,3
57901,3
57902,3
57903,1
57904,1
57905,2
57906,3
57907,2
57908,3
57909,3
57910,3
57911,1
57912,3
57913,3
57914,1
57915,1
57916,1
57917,2
57918,2
57919,1
57920,1
57921,2
57922,1
57923,3
57924,3
57925,3
57926,1
57927,3
57928,3
57929,3
57930,3
57931,3
57932,2
57933,1
57934,2
57935,3
57936,3
57937,1
57938,3
57939,3
57940,2
57941,2
57942,2
57943,2
57944,2
57945,2
57946,2
57947,1
57948,1
57949,2
57950,2
57951,2
57952,2
57953,3
57954,2
57955,3
57956,2
57957,2
57958,3
57959,2
57960,2
57961,2
57962,3
57963,3
57964,3
57965,1
57966,2
57967,2
57968,3
57969,2
57970,1
57971,1
57972,3
57973,1
57974,3
57975,2
57976,3
57977,3
57978,2
57979,2
57980,2
57981,1
57982,2
57983,2
57984,2
57985,2
57986,2
57987,2
57988,2
57989,2
57990,2
57991,3
57992,2
57993,2
57994,2
57995,3
57996,2
57997,2
57998,2
57999,2
58000,2
58001,1
58002,1
58003,2
58004,2
58005,1
58006,3
58007,2
58008,2
58009,2
58010,3
58011,3
58012,3
58013,2
58014,1
58015,2
58016,3
58017,2
58018,2
58019,2
58020,2
58021,3
58022,3
58023,3
58024,1
58025,2
58026,3
58027,3
58028,2
58029,2
58030,3
58031,2
58032,1
58033,1
58034,1
58035,2
58036,2
58037,2
58038,1
58039,3
58040,2
58041,3
58042,3
58043,1
58044,1
58045,2
58046,1
58047,3
58048,2
58049,3
58050,1
58051,2
58052,3
58053,2
58054,3
58055,2
58056,2
58057,2
58058,2
58059,2
58060,2
58061,2
58062,2
58063,2
58064,2
58065,2
58066,2
58067,2
58068,2
58069,2
58070,2
58071,1
58072,2
58073,2
58074,1
58075,2
58076,2
58077,2
58078,2
58079,2
58080,2
58081,2
58082,2
58083,2
58084,2
58085,2
58086,2
58087,2
58088,2
58089,1
58090,2
58091,1
58092,2
58093,3
58094,2
58095,2
58096,2
58097,2
58098,3
58099,2
58100,2
58101,3
58102,3
58103,2
58104,2
58105,3
58106,1
58107,2
58108,2
58109,3
58110,3
58111,2
58112,2
58113,2
58114,3
58115,2
58116,3
58117,1
58118,1
58119,1
58120,3
58121,3
58122,3
58123,3
58124,3
58125,3
58126,3
58127,3
58128,1
58129,3
58130,2
58131,2
58132,4
58133,2
58134,3
58135,2
58136,2
58137,2
58138,2
58139,3
58140,3
58141,3
58142,3
58143,3
58144,3
58145,3
58146,3
58147,2
58148,2
58149,3
58150,3
58151,3
58152,2
58153,2
58154,2
58155,2
58156,3
58157,3
58158,3
58159,2
58160,2
58161,0
58162,2
58163,2
58164,2
58165,3
58166,2
58167,3
58168,2
58169,2
58170,2
58171,2
58172,2
58173,2
58174,2
58175,2
58176,2
58177,2
58178,2
58179,2
58180,2
58181,2
58182,2
58183,2
58184,3
58185,3
58186,3
58187,3
58188,3
58189,2
58190,3
58191,3
58192,2
58193,1
58194,2
58195,2
58196,3
58197,2
58198,1
58199,3
58200,2
58201,3
58202,2
58203,2
58204,2
58205,3
58206,2
58207,2
58208,2
58209,3
58210,3
58211,3
58212,2
58213,3
58214,2
58215,2
58216,3
58217,2
58218,3
58219,2
58220,3
58221,3
58222,2
58223,3
58224,3
58225,3
58226,3
58227,3
58228,3
58229,3
58230,1
58231,1
58232,2
58233,2
58234,2
58235,3
58236,2
58237,3
58238,3
58239,3
58240,2
58241,3
58242,2
58243,3
58244,3
58245,2
58246,2
58247,3
58248,1
58249,1
58250,1
58251,1
58252,1
58253,1
58254,1
58255,1
58256,1
58257,1
58258,1
58259,3
58260,1
58261,1
58262,1
58263,1
58264,1
58265,1
58266,1
58267,1
58268,1
58269,1
58270,1
58271,1
58272,1
58273,1
58274,1
58275,1
58276,3
58277,3
58278,1
58279,1
58280,1
58281,1
58282,3
58283,3
58284,2
58285,0
58286,0
58287,2
58288,2
58289,0
58290,0
58291,2
58292,2
58293,3
58294,2
58295,2
58296,2
58297,3
58298,2
58299,3
58300,3
58301,2
58302,3
58303,2
58304,2
58305,2
58306,2
58307,3
58308,3
58309,2
58310,2
58311,2
58312,2
58313,2
58314,2
58315,2
58316,2
58317,3
58318,2
58319,2
58320,3
58321,1
58322,2
58323,2
58324,2
58325,2
58326,2
58327,2
58328,2
58329,2
58330,2
58331,2
58332,2
58333,2
58334,1
58335,2
58336,2
58337,2
58338,2
58339,3
58340,2
58341,2
58342,1
58343,2
58344,3
58345,1
58346,1
58347,2
58348,2
58349,3
58350,2
58351,2
58352,3
58353,0
58354,0
58355,0
58356,0
58357,2
58358,2
58359,2
58360,2
58361,0
58362,0
58363,2
58364,2
58365,2
58366,2
58367,2
58368,2
58369,2
58370,2
58371,2
58372,2
58373,2
58374,2
58375,2
58376,2
58377,2
58378,2
58379,2
58380,2
58381,0
58382,2
58383,2
58384,2
58385,2
58386,2
58387,2
58388,2
58389,2
58390,2
58391,0
58392,0
58393,2
58394,1
58395,2
58396,2
58397,2
58398,2
58399,2
58400,2
58401,2
58402,2
58403,2
58404,2
58405,2
58406,2
58407,2
58408,2
58409,2
58410,2
58411,2
58412,2
58413,3
58414,3
58415,3
58416,3
58417,2
58418,2
58419,2
58420,3
58421,3
58422,3
58423,2
58424,2
58425,3
58426,3
58427,3
58428,2
58429,2
58430,2
58431,2
58432,2
58433,2
58434,3
58435,3
58436,3
58437,3
58438,2
58439,2
58440,3
58441,3
58442,3
58443,3
58444,3
58445,3
58446,3
58447,3
58448,3
58449,3
58450,2
58451,2
58452,2
58453,2
58454,3
58455,3
58456,3
58457,3
58458,3
58459,3
58460,3
58461,3
58462,3
58463,3
58464,3
58465,3
58466,2
58467,3
58468,2
58469,3
58470,3
58471,3
58472,2
58473,2
58474,2
58475,2
58476,3
58477,2
58478,2
58479,3
58480,3
58481,3
58482,3
58483,2
58484,2
58485,2
58486,2
58487,2
58488,2
58489,2
58490,2
58491,2
58492,2
58493,2
58494,2
58495,2
58496,2
58497,2
58498,2
58499,2
58500,2
58501,2
58502,2
58503,3
58504,2
58505,2
58506,2
58507,2
58508,2
58509,2
58510,2
58511,2
58512,2
58513,2
58514,2
58515,1
58516,2
58517,2
58518,2
58519,2
58520,2
58521,2
58522,2
58523,2
58524,2
58525,3
58526,3
58527,3
58528,3
58529,3
58530,2
58531,2
58532,2
58533,2
58534,3
58535,3
58536,2
58537,3
58538,2
58539,3
58540,0
58541,0
58542,0
58543,0
58544,0
58545,3
58546,2
58547,3
58548,3
58549,0
58550,2
58551,3
58552,2
58553,3
58554,3
58555,3
58556,3
58557,3
58558,2
58559,2
58560,0
58561,2
58562,2
58563,2
58564,2
58565,3
58566,3
58567,3
58568,2
58569,3
58570,3
58571,3
58572,0
58573,0
58574,2
58575,3
58576,3
58577,2
58578,2
58579,0
58580,2
58581,3
58582,2
58583,2
58584,2
58585,1
58586,3
58587,3
58588,3
58589,2
58590,2
58591,2
58592,3
58593,3
58594,2
58595,3
58596,3
58597,3
58598,3
58599,2
58600,2
58601,2
58602,2
58603,2
58604,2
58605,3
58606,3
58607,3
58608,3
58609,3
58610,0
58611,2
58612,2
58613,2
58614,2
58615,2
58616,0
58617,3
58618,2
58619,2
58620,2
58621,2
58622,2
58623,2
58624,2
58625,2
58626,2
58627,2
58628,3
58629,3
58630,2
58631,2
58632,3
58633,2
58634,2
58635,2
58636,1
58637,2
58638,3
58639,3
58640,2
58641,2
58642,2
58643,2
58644,2
58645,2
58646,2
58647,2
58648,3
58649,3
58650,3
58651,3
58652,3
58653,3
58654,2
58655,2
58656,2
58657,2
58658,2
58659,2
58660,0
58661,2
58662,2
58663,3
58664,2
58665,3
58666,3
58667,3
58668,3
58669,3
58670,2
58671,3
58672,3
58673,2
58674,2
58675,3
58676,3
58677,2
58678,2
58679,2
58680,0
58681,0
58682,2
58683,2
58684,2
58685,3
58686,3
58687,3
58688,0
58689,0
58690,0
58691,3
58692,3
58693,3
58694,3
58695,0
58696,3
58697,0
58698,3
58699,1
58700,1
58701,1
58702,3
58703,3
58704,3
58705,1
58706,3
58707,1
58708,1
58709,1
58710,3
58711,1
58712,3
58713,3
58714,3
58715,2
58716,2
58717,2
58718,3
58719,3
58720,0
58721,3
58722,2
58723,0
58724,0
58725,0
58726,0
58727,3
58728,3
58729,3
58730,3
58731,3
58732,2
58733,3
58734,2
58735,2
58736,0
58737,0
58738,2
58739,2
58740,2
58741,3
58742,3
58743,2
58744,2
58745,0
58746,0
58747,3
58748,2
58749,3
58750,2
58751,2
58752,2
58753,2
58754,2
58755,2
58756,2
58757,2
58758,2
58759,2
58760,3
58761,2
58762,0
58763,2
58764,0
58765,2
58766,2
58767,3
58768,2
58769,0
58770,0
58771,0
58772,2
58773,2
58774,0
58775,3
58776,0
58777,2
58778,3
58779,3
58780,3
58781,0
58782,3
58783,0
58784,2
58785,0
58786,3
58787,3
58788,3
58789,3
58790,3
58791,3
58792,3
58793,3
58794,3
58795,3
58796,3
58797,3
58798,3
58799,3
58800,1
58801,1
58802,3
58803,3
58804,3
58805,3
58806,3
58807,3
58808,3
58809,1
58810,1
58811,1
58812,1
58813,3
58814,3
58815,3
58816,3
58817,3
58818,3
58819,3
58820,1
58821,3
58822,3
58823,3
58824,3
58825,3
58826,3
58827,3
58828,2
58829,2
58830,2
58831,5
58832,1
58833,3
58834,2
58835,3
58836,3
58837,2
58838,3
58839,2
58840,3
58841,3
58842,3
58843,3
58844,3
58845,3
58846,3
58847,3
58848,3
58849,3
58850,3
58851,3
58852,3
58853,3
58854,3
58855,3
58856,3
58857,3
58858,3
58859,3
58860,3
58861,3
58862,3
58863,3
58864,1
58865,1
58866,3
58867,3
58868,3
58869,3
58870,3
58871,3
58872,3
58873,3
58874,3
58875,3
58876,1
58877,3
58878,3
58879,3
58880,1
58881,1
58882,1
58883,1
58884,1
58885,3
58886,3
58887,3
58888,3
58889,3
58890,3
58891,1
58892,1
58893,3
58894,3
58895,3
58896,3
58897,3
58898,3
58899,3
58900,3
58901,3
58902,3
58903,3
58904,3
58905,3
58906,3
58907,3
58908,3
58909,1
58910,1
58911,3
58912,1
58913,3
58914,3
58915,3
58916,3
58917,3
58918,3
58919,3
58920,1
58921,1
58922,3
58923,3
58924,3
58925,3
58926,3
58927,3
58928,3
58929,3
58930,3
58931,3
58932,3
58933,3
58934,3
58935,3
58936,3
58937,3
58938,3
58939,3
58940,3
58941,3
58942,3
58943,3
58944,3
58945,1
58946,1
58947,3
58948,1
58949,3
58950,1
58951,1
58952,3
58953,3
58954,3
58955,3
58956,3
58957,3
58958,1
58959,3
58960,3
58961,3
58962,3
58963,3
58964,4
58965,3
58966,3
58967,1
58968,1
58969,3
58970,3
58971,3
58972,3
58973,3
58974,3
58975,3
58976,3
58977,3
58978,3
58979,3
58980,3
58981,3
58982,3
58983,3
58984,3
58985,3
58986,3
58987,3
58988,3
58989,3
58990,3
58991,3
58992,3
58993,3
58994,3
58995,3
58996,3
58997,3
58998,3
58999,3
59000,3
59001,3
59002,3
59003,3
59004,3
59005,3
59006,3
59007,3
59008,3
59009,3
59010,1
59011,3
59012,3
59013,3
59014,3
59015,3
59016,3
59017,3
59018,3
59019,3
59020,3
59021,3
59022,3
59023,3
59024,3
59025,3
59026,3
59027,3
59028,3
59029,3
59030,3
59031,3
59032,3
59033,3
59034,3
59035,3
59036,3
59037,3
59038,3
59039,3
59040,3
59041,3
59042,3
59043,3
59044,3
59045,3
59046,4
59047,3
59048,3
59049,3
59050,3
59051,3
59052,3
59053,3
59054,3
59055,3
59056,3
59057,3
59058,3
59059,3
59060,3
59061,3
59062,3
59063,3
59064,3
59065,3
59066,3
59067,2
59068,3
59069,3
59070,3
59071,3
59072,3
59073,3
59074,3
59075,3
59076,3
59077,3
59078,3
59079,3
59080,3
59081,3
59082,3
59083,3
59084,3
59085,3
59086,3
59087,3
59088,3
59089,2
59090,3
59091,3
59092,3
59093,3
59094,3
59095,3
59096,3
59097,3
59098,3
59099,3
59100,3
59101,3
59102,3
59103,2
59104,3
59105,3
59106,3
59107,3
59108,3
59109,3
59110,3
59111,3
59112,3
59113,2
59114,3
59115,3
59116,3
59117,3
59118,3
59119,3
59120,3
59121,3
59122,3
59123,3
59124,3
59125,3
59126,3
59127,3
59128,3
59129,3
59130,3
59131,3
59132,3
59133,3
59134,3
59135,3
59136,3
59137,3
59138,3
59139,3
59140,3
59141,3
59142,3
59143,3
59144,3
59145,3
59146,3
59147,3
59148,3
59149,3
59150,3
59151,2
59152,3
59153,3
59154,3
59155,3
59156,3
59157,3
59158,3
59159,3
59160,3
59161,3
59162,3
59163,3
59164,3
59165,3
59166,3
59167,3
59168,3
59169,3
59170,3
59171,3
59172,3
59173,3
59174,3
59175,3
59176,3
59177,3
59178,3
59179,3
59180,3
59181,3
59182,3
59183,3
59184,3
59185,3
59186,3
59187,3
59188,3
59189,3
59190,3
59191,3
59192,3
59193,3
59194,3
59195,3
59196,3
59197,3
59198,2
59199,3
59200,3
59201,3
59202,3
59203,3
59204,3
59205,3
59206,3
59207,3
59208,3
59209,3
59210,3
59211,3
59212,3
59213,3
59214,3
59215,3
59216,3
59217,3
59218,3
59219,3
59220,3
59221,3
59222,3
59223,3
59224,3
59225,3
59226,3
59227,3
59228,3
59229,3
59230,3
59231,3
59232,3
59233,3
59234,3
59235,3
59236,3
59237,3
59238,3
59239,3
59240,3
59241,3
59242,3
59243,3
59244,3
59245,3
59246,3
59247,3
59248,1
59249,1
59250,1
59251,1
59252,1
59253,1
59254,3
59255,3
59256,3
59257,3
59258,3
59259,3
59260,3
59261,3
59262,3
59263,3
59264,3
59265,3
59266,3
59267,1
59268,2
59269,1
59270,3
59271,3
59272,3
59273,1
59274,3
59275,1
59276,1
59277,3
59278,3
59279,2
59280,3
59281,2
59282,3
59283,3
59284,3
59285,3
59286,3
59287,3
59288,3
59289,1
59290,3
59291,1
59292,2
59293,3
59294,2
59295,3
59296,2
59297,3
59298,5
59299,3
59300,1
59301,2
59302,1
59303,3
59304,2
59305,3
59306,2
59307,2
59308,3
59309,3
59310,3
59311,2
59312,3
59313,3
59314,2
59315,3
59316,3
59317,2
59318,1
59319,2
59320,2
59321,3
59322,3
59323,2
59324,3
59325,2
59326,2
59327,3
59328,3
59329,3
59330,3
59331,2
59332,2
59333,2
59334,3
59335,2
59336,2
59337,2
59338,2
59339,2
59340,2
59341,3
59342,3
59343,1
59344,3
59345,3
59346,1
59347,1
59348,3
59349,3
59350,3
59351,3
59352,2
59353,3
59354,2
59355,3
59356,3
59357,2
59358,3
59359,3
59360,2
59361,3
59362,3
59363,2
59364,2
59365,3
59366,2
59367,3
59368,1
59369,3
59370,3
59371,3
59372,3
59373,2
59374,3
59375,3
59376,3
59377,3
59378,3
59379,3
59380,2
59381,2
59382,3
59383,3
59384,3
59385,1
59386,3
59387,3
59388,3
59389,1
59390,1
59391,1
59392,3
59393,3
59394,1
59395,1
59396,1
59397,1
59398,1
59399,1
59400,1
59401,1
59402,1
59403,1
59404,1
59405,1
59406,1
59407,1
59408,1
59409,3
59410,1
59411,1
59412,3
59413,3
59414,1
59415,1
59416,1
59417,1
59418,2
59419,2
59420,3
59421,2
59422,3
59423,1
59424,1
59425,1
59426,1
59427,1
59428,1
59429,1
59430,1
59431,1
59432,1
59433,1
59434,3
59435,1
59436,1
59437,3
59438,3
59439,1
59440,1
59441,1
59442,2
59443,3
59444,3
59445,2
59446,2
59447,3
59448,3
59449,2
59450,2
59451,1
59452,1
59453,3
59454,1
59455,1
59456,1
59457,3
59458,3
59459,3
59460,2
59461,2
59462,3
59463,2
59464,2
59465,3
59466,3
59467,1
59468,1
59469,2
59470,2
59471,1
59472,1
59473,3
59474,1
59475,1
59476,1
59477,2
59478,3
59479,3
59480,1
59481,3
59482,2
59483,3
59484,3
59485,2
59486,3
59487,3
59488,2
59489,2
59490,2
59491,2
59492,3
59493,3
59494,2
59495,1
59496,2
59497,3
59498,3
59499,3
59500,1
59501,2
59502,3
59503,2
59504,3
59505,3
59506,3
59507,3
59508,3
59509,2
59510,2
59511,3
59512,2
59513,2
59514,3
59515,3
59516,3
59517,3
59518,3
59519,3
59520,3
59521,3
59522,3
59523,2
59524,2
59525,3
59526,3
59527,3
59528,3
59529,3
59530,3
59531,3
59532,3
59533,3
59534,2
59535,3
59536,3
59537,3
59538,2
59539,3
59540,2
59541,3
59542,2
59543,2
59544,3
59545,3
59546,3
59547,3
59548,3
59549,3
59550,3
59551,3
59552,2
59553,2
59554,2
59555,2
59556,3
59557,2
59558,3
59559,3
59560,2
59561,1
59562,1
59563,2
59564,3
59565,3
59566,3
59567,3
59568,2
59569,2
59570,2
59571,2
59572,2
59573,3
59574,2
59575,2
59576,2
59577,2
59578,2
59579,2
59580,3
59581,2
59582,4
59583,2
59584,2
59585,3
59586,3
59587,3
59588,3
59589,3
59590,3
59591,3
59592,3
59593,3
59594,2
59595,2
59596,2
59597,2
59598,2
59599,2
59600,2
59601,2
59602,2
59603,2
59604,3
59605,2
59606,1
59607,3
59608,2
59609,2
59610,1
59611,2
59612,2
59613,3
59614,1
59615,1
59616,1
59617,1
59618,1
59619,1
59620,1
59621,2
59622,2
59623,2
59624,2
59625,3
59626,2
59627,1
59628,2
59629,3
59630,1
59631,1
59632,1
59633,1
59634,3
59635,3
59636,3
59637,3
59638,3
59639,3
59640,3
59641,0
59642,2
59643,2
59644,3
59645,3
59646,3
59647,3
59648,3
59649,3
59650,2
59651,2
59652,2
59653,2
59654,0
59655,0
59656,3
59657,2
59658,0
59659,2
59660,2
59661,2
59662,2
59663,2
59664,2
59665,2
59666,2
59667,3
59668,2
59669,2
59670,2
59671,2
59672,2
59673,2
59674,3
59675,2
59676,3
59677,3
59678,3
59679,3
59680,3
59681,3
59682,2
59683,2
59684,2
59685,2
59686,2
59687,2
59688,2
59689,2
59690,2
59691,2
59692,2
59693,2
59694,2
59695,2
59696,2
59697,2
59698,2
59699,2
59700,2
59701,2
59702,2
59703,2
59704,2
59705,2
59706,2
59707,2
59708,2
59709,2
59710,2
59711,2
59712,2
59713,2
59714,2
59715,2
59716,2
59717,3
59718,2
59719,2
59720,2
59721,3
59722,2
59723,2
59724,2
59725,2
59726,2
59727,2
59728,2
59729,2
59730,2
59731,2
59732,2
59733,2
59734,1
59735,1
59736,1
59737,1
59738,1
59739,1
59740,1
59741,2
59742,2
59743,2
59744,2
59745,3
59746,2
59747,3
59748,2
59749,2
59750,3
59751,2
59752,2
59753,2
59754,2
59755,2
59756,2
59757,2
59758,2
59759,2
59760,2
59761,2
59762,2
59763,2
59764,2
59765,2
59766,2
59767,2
59768,2
59769,2
59770,2
59771,2
59772,2
59773,2
59774,2
59775,2
59776,2
59777,2
59778,2
59779,2
59780,2
59781,2
59782,2
59783,2
59784,2
59785,2
59786,2
59787,2
59788,2
59789,2
59790,2
59791,2
59792,3
59793,2
59794,2
59795,3
59796,2
59797,2
59798,2
59799,2
59800,2
59801,2
59802,3
59803,3
59804,3
59805,1
59806,3
59807,3
59808,3
59809,3
59810,3
59811,3
59812,3
59813,3
59814,2
59815,2
59816,3
59817,2
59818,3
59819,3
59820,2
59821,3
59822,3
59823,3
59824,3
59825,1
59826,1
59827,3
59828,1
59829,2
59830,2
59831,3
59832,2
59833,2
59834,3
59835,3
59836,2
59837,2
59838,2
59839,4
59840,1
59841,3
59842,3
59843,2
59844,2
59845,2
59846,2
59847,2
59848,2
59849,3
59850,3
59851,2
59852,3
59853,3
59854,3
59855,3
59856,2
59857,3
59858,3
59859,3
59860,3
59861,3
59862,2
59863,2
59864,3
59865,3
59866,3
59867,3
59868,2
59869,2
59870,3
59871,2
59872,2
59873,2
59874,2
59875,2
59876,2
59877,2
59878,2
59879,2
59880,3
59881,3
59882,2
59883,2
59884,2
59885,2
59886,2
59887,2
59888,2
59889,3
59890,2
59891,2
59892,2
59893,2
59894,3
59895,2
59896,2
59897,3
59898,2
59899,2
59900,2
59901,2
59902,2
59903,2
59904,2
59905,2
59906,2
59907,2
59908,3
59909,2
59910,3
59911,3
59912,0
59913,1
59914,3
59915,1
59916,1
59917,1
59918,2
59919,2
59920,2
59921,2
59922,2
59923,3
59924,2
59925,2
59926,2
59927,2
59928,2
59929,2
59930,2
59931,2
59932,2
59933,2
59934,2
59935,2
59936,2
59937,2
59938,2
59939,2
59940,2
59941,2
59942,2
59943,2
59944,2
59945,2
59946,2
59947,2
59948,2
59949,2
59950,2
59951,2
59952,2
59953,2
59954,2
59955,2
59956,2
59957,2
59958,2
59959,2
59960,2
59961,2
59962,2
59963,3
59964,2
59965,2
59966,2
59967,2
59968,2
59969,2
59970,2
59971,2
59972,2
59973,2
59974,2
59975,2
59976,2
59977,2
59978,2
59979,2
59980,2
59981,2
59982,2
59983,2
59984,2
59985,2
59986,2
59987,2
59988,2
59989,2
59990,2
59991,2
59992,2
59993,2
59994,2
59995,2
59996,2
59997,2
59998,2
59999,2
60000,0
60001,2
60002,2
60003,2
60004,2
60005,2
60006,2
60007,2
60008,2
60009,2
60010,4
60011,2
60012,3
60013,2
60014,2
60015,2
60016,2
60017,2
60018,2
60019,3
60020,3
60021,3
60022,3
60023,3
60024,3
60025,3
60026,2
60027,2
60028,3
60029,3
60030,2
60031,3
60032,3
60033,2
60034,2
60035,2
60036,2
60037,2
60038,0
60039,2
60040,2
60041,2
60042,2
60043,3
60044,1
60045,1
60046,3
60047,1
60048,2
60049,2
60050,1
60051,1
60052,1
60053,2
60054,2
60055,2
60056,2
60057,2
60058,2
60059,2
60060,2
60061,2
60062,2
60063,2
60064,2
60065,2
60066,2
60067,2
60068,2
60069,2
60070,2
60071,2
60072,2
60073,2
60074,2
60075,2
60076,2
60077,2
60078,2
60079,2
60080,2
60081,2
60082,2
60083,2
60084,2
60085,2
60086,2
60087,3
60088,2
60089,2
60090,2
60091,2
60092,2
60093,2
60094,2
60095,2
60096,2
60097,2
60098,2
60099,2
60100,2
60101,2
60102,2
60103,2
60104,2
60105,2
60106,2
60107,2
60108,2
60109,1
60110,2
60111,2
60112,2
60113,2
60114,2
60115,2
60116,1
60117,2
60118,2
60119,2
60120,2
60121,2
60122,2
60123,2
60124,2
60125,2
60126,2
60127,2
60128,2
60129,2
60130,2
60131,2
60132,2
60133,2
60134,2
60135,2
60136,2
60137,2
60138,2
60139,2
60140,2
60141,2
60142,2
60143,2
60144,2
60145,2
60146,2
60147,2
60148,2
60149,2
60150,2
60151,2
60152,2
60153,2
60154,2
60155,2
60156,2
60157,2
60158,2
60159,2
60160,2
60161,2
60162,2
60163,2
60164,2
60165,2
60166,2
60167,2
60168,2
60169,2
60170,2
60171,2
60172,2
60173,2
60174,2
60175,2
60176,2
60177,2
60178,2
60179,2
60180,2
60181,2
60182,2
60183,2
60184,2
60185,2
60186,2
60187,2
60188,2
60189,2
60190,2
60191,2
60192,2
60193,2
60194,2
60195,2
60196,2
60197,2
60198,2
60199,2
60200,2
60201,2
60202,2
60203,2
60204,2
60205,2
60206,2
60207,2
60208,2
60209,2
60210,2
60211,2
60212,2
60213,2
60214,2
60215,2
60216,2
60217,2
60218,2
60219,2
60220,2
60221,2
60222,2
60223,2
60224,2
60225,2
60226,2
60227,2
60228,2
60229,2
60230,2
60231,2
60232,2
60233,2
60234,1
60235,2
60236,2
60237,2
60238,2
60239,2
60240,2
60241,2
60242,2
60243,2
60244,2
60245,2
60246,2
60247,2
60248,2
60249,2
60250,2
60251,2
60252,2
60253,2
60254,2
60255,2
60256,2
60257,2
60258,2
60259,2
60260,2
60261,2
60262,2
60263,2
60264,2
60265,2
60266,2
60267,2
60268,2
60269,2
60270,2
60271,2
60272,2
60273,2
60274,2
60275,2
60276,2
60277,2
60278,2
60279,2
60280,2
60281,2
60282,2
60283,2
60284,2
60285,2
60286,2
60287,2
60288,2
60289,2
60290,2
60291,2
60292,2
60293,2
60294,2
60295,2
60296,2
60297,2
60298,2
60299,2
60300,2
60301,3
60302,2
60303,2
60304,2
60305,2
60306,2
60307,2
60308,2
60309,1
60310,2
60311,1
60312,2
60313,2
60314,2
60315,2
60316,1
60317,2
60318,2
60319,2
60320,2
60321,2
60322,2
60323,2
60324,2
60325,2
60326,2
60327,2
60328,2
60329,2
60330,2
60331,2
60332,2
60333,2
60334,1
60335,1
60336,2
60337,2
60338,2
60339,2
60340,2
60341,2
60342,2
60343,2
60344,2
60345,2
60346,2
60347,2
60348,2
60349,2
60350,2
60351,2
60352,2
60353,2
60354,2
60355,2
60356,2
60357,2
60358,2
60359,2
60360,2
60361,2
60362,2
60363,2
60364,2
60365,2
60366,2
60367,2
60368,2
60369,2
60370,2
60371,2
60372,2
60373,2
60374,2
60375,2
60376,2
60377,2
60378,2
60379,2
60380,2
60381,2
60382,2
60383,2
60384,1
60385,2
60386,2
60387,2
60388,2
60389,2
60390,2
60391,2
60392,2
60393,2
60394,2
60395,3
60396,2
60397,2
60398,1
60399,2
60400,1
60401,2
60402,2
60403,2
60404,2
60405,2
60406,1
60407,1
60408,1
60409,1
60410,2
60411,2
60412,2
60413,2
60414,2
60415,2
60416,2
60417,2
60418,2
60419,1
60420,1
60421,2
60422,2
60423,2
60424,2
60425,1
60426,1
60427,1
60428,1
60429,2
60430,1
60431,1
60432,1
60433,1
60434,2
60435,1
60436,2
60437,1
60438,2
60439,2
60440,2
60441,1
60442,1
60443,2
60444,3
60445,0
60446,2
60447,2
60448,2
60449,2
60450,3
60451,2
60452,2
60453,1
60454,3
60455,2
60456,2
60457,2
60458,2
60459,2
60460,2
60461,2
60462,2
60463,2
60464,2
60465,2
60466,2
60467,2
60468,2
60469,2
60470,1
60471,1
60472,1
60473,2
60474,1
60475,2
60476,2
60477,2
60478,2
60479,2
60480,2
60481,2
60482,2
60483,2
60484,2
60485,1
60486,2
60487,2
60488,2
60489,2
60490,2
60491,1
60492,1
60493,1
60494,1
60495,3
60496,2
60497,2
60498,1
60499,2
60500,2
60501,2
60502,2
60503,2
60504,2
60505,2
60506,2
60507,2
60508,2
60509,2
60510,2
60511,2
60512,2
60513,2
60514,2
60515,2
60516,2
60517,2
60518,2
60519,2
60520,2
60521,2
60522,1
60523,2
60524,2
60525,2
60526,2
60527,2
60528,2
60529,2
60530,2
60531,2
60532,2
60533,2
60534,2
60535,2
60536,2
60537,2
60538,2
60539,2
60540,2
60541,2
60542,2
60543,2
60544,2
60545,2
60546,2
60547,2
60548,2
60549,2
60550,2
60551,2
60552,2
60553,2
60554,2
60555,2
60556,2
60557,2
60558,1
60559,2
60560,2
60561,2
60562,2
60563,2
60564,2
60565,2
60566,2
60567,2
60568,2
60569,2
60570,2
60571,2
60572,2
60573,2
60574,2
60575,2
60576,2
60577,2
60578,2
60579,2
60580,2
60581,2
60582,2
60583,2
60584,2
60585,2
60586,2
60587,2
60588,2
60589,2
60590,2
60591,2
60592,2
60593,2
60594,2
60595,2
60596,2
60597,2
60598,2
60599,2
60600,2
60601,2
60602,2
60603,2
60604,2
60605,2
60606,2
60607,2
60608,2
60609,2
60610,2
60611,2
60612,2
60613,2
60614,2
60615,2
60616,2
60617,2
60618,2
60619,2
60620,2
60621,2
60622,1
60623,2
60624,2
60625,2
60626,2
60627,2
60628,2
60629,2
60630,2
60631,1
60632,2
60633,2
60634,2
60635,2
60636,2
60637,2
60638,1
60639,2
60640,2
60641,2
60642,2
60643,1
60644,2
60645,2
60646,2
60647,2
60648,2
60649,1
60650,2
60651,1
60652,2
60653,2
60654,2
60655,2
60656,2
60657,2
60658,2
60659,2
60660,2
60661,2
60662,2
60663,2
60664,2
60665,2
60666,2
60667,2
60668,2
60669,2
60670,2
60671,1
60672,2
60673,3
60674,2
60675,2
60676,2
60677,2
60678,2
60679,2
60680,2
60681,2
60682,2
60683,2
60684,2
60685,2
60686,2
60687,4
60688,2
60689,2
60690,2
60691,2
60692,2
60693,1
60694,2
60695,2
60696,2
60697,2
60698,2
60699,2
60700,2
60701,2
60702,2
60703,2
60704,2
60705,2
60706,2
60707,2
60708,2
60709,2
60710,2
60711,2
60712,2
60713,2
60714,2
60715,2
60716,2
60717,2
60718,2
60719,2
60720,2
60721,2
60722,2
60723,2
60724,2
60725,2
60726,1
60727,2
60728,2
60729,2
60730,2
60731,2
60732,2
60733,2
60734,2
60735,2
60736,2
60737,2
60738,2
60739,2
60740,1
60741,1
60742,2
60743,1
60744,1
60745,1
60746,1
60747,1
60748,1
60749,1
60750,1
60751,1
60752,1
60753,1
60754,3
60755,3
60756,1
60757,1
60758,1
60759,1
60760,1
60761,1
60762,1
60763,1
60764,1
60765,1
60766,1
60767,1
60768,1
60769,1
60770,1
60771,1
60772,1
60773,1
60774,1
60775,1
60776,3
60777,3
60778,3
60779,3
60780,3
60781,3
60782,3
60783,3
60784,3
60785,4
60786,3
60787,3
60788,3
60789,3
60790,3
60791,3
60792,3
60793,3
60794,1
60795,3
60796,3
60797,3
60798,2
60799,3
60800,3
60801,3
60802,3
60803,0
60804,2
60805,0
60806,0
60807,3
60808,2
60809,3
60810,3
60811,3
60812,3
60813,1
60814,0
60815,3
60816,3
60817,3
60818,0
60819,3
60820,2
60821,0
60822,3
60823,0
60824,3
60825,3
60826,3
60827,0
60828,3
60829,2
60830,0
60831,3
60832,3
60833,3
60834,3
60835,3
60836,1
60837,3
60838,3
60839,3
60840,3
60841,0
60842,0
60843,0
60844,0
60845,3
60846,0
60847,0
60848,0
60849,3
60850,0
60851,0
60852,3
60853,0
60854,0
60855,0
60856,3
60857,3
60858,2
60859,3
60860,3
60861,3
60862,2
60863,2
60864,2
60865,2
60866,3
60867,3
60868,3
60869,2
60870,1
60871,0
60872,0
60873,0
60874,0
60875,3
60876,3
60877,3
60878,0
60879,0
60880,2
60881,2
60882,0
60883,3
60884,3
60885,3
60886,2
60887,3
60888,2
60889,3
60890,0
60891,3
60892,3
60893,2
60894,1
60895,3
60896,0
60897,3
60898,3
60899,0
60900,2
60901,0
60902,3
60903,3
60904,3
60905,3
60906,2
60907,3
60908,2
60909,2
60910,2
60911,2
60912,2
60913,1
60914,2
60915,0
60916,3
60917,0
60918,3
60919,3
60920,2
60921,2
60922,0
60923,3
60924,3
60925,3
60926,0
60927,0
60928,3
60929,0
60930,0
60931,3
60932,3
60933,2
60934,0
60935,3
60936,3
60937,3
60938,3
60939,3
60940,3
60941,3
60942,3
60943,3
60944,3
60945,3
60946,3
60947,3
60948,3
60949,3
60950,3
60951,3
60952,3
60953,3
60954,3
60955,3
60956,3
60957,3
60958,3
60959,1
60960,3
60961,3
60962,3
60963,3
60964,3
60965,3
60966,3
60967,3
60968,3
60969,3
60970,0
60971,3
60972,0
60973,0
60974,2
60975,3
60976,2
60977,2
60978,0
60979,0
60980,0
60981,2
60982,3
60983,0
60984,3
60985,0
60986,0
60987,0
60988,0
60989,0
60990,0
60991,0
60992,0
60993,3
60994,3
60995,3
60996,3
60997,3
60998,3
60999,3
61000,3
61001,3
61002,3
61003,3
61004,3
61005,0
61006,0
61007,0
61008,1
61009,2
61010,3
61011,2
61012,2
61013,2
61014,2
61015,3
61016,3
61017,2
61018,2
61019,2
61020,2
61021,2
61022,2
61023,2
61024,3
61025,2
61026,2
61027,2
61028,2
61029,2
61030,2
61031,2
61032,2
61033,3
61034,3
61035,3
61036,3
61037,3
61038,0
61039,3
61040,3
61041,3
61042,3
61043,3
61044,3
61045,3
61046,3
61047,3
61048,3
61049,3
61050,3
61051,3
61052,3
61053,3
61054,3
61055,3
61056,3
61057,3
61058,3
61059,2
61060,3
61061,3
61062,3
61063,3
61064,3
61065,3
61066,3
61067,3
61068,3
61069,3
61070,3
61071,3
61072,3
61073,3
61074,2
61075,3
61076,3
61077,2
61078,3
61079,3
61080,2
61081,3
61082,2
61083,2
61084,3
61085,3
61086,3
61087,0
61088,3
61089,0
61090,0
61091,0
61092,2
61093,3
61094,0
61095,0
61096,0
61097,0
61098,0
61099,0
61100,0
61101,0
61102,0
61103,0
61104,3
61105,0
61106,0
61107,0
61108,0
61109,0
61110,0
61111,0
61112,0
61113,0
61114,0
61115,0
61116,0
61117,0
61118,0
61119,0
61120,0
61121,0
61122,0
61123,2
61124,0
61125,0
61126,0
61127,0
61128,2
61129,0
61130,0
61131,2
61132,2
61133,0
61134,3
61135,3
61136,0
61137,2
61138,3
61139,0
61140,0
61141,0
61142,0
61143,0
61144,3
61145,3
61146,2
61147,2
61148,0
61149,0
61150,0
61151,0
61152,0
61153,3
61154,0
61155,0
61156,0
61157,0
61158,2
61159,2
61160,0
61161,2
61162,2
61163,2
61164,0
61165,0
61166,0
61167,0
61168,0
61169,0
61170,2
61171,0
61172,0
61173,2
61174,2
61175,0
61176,0
61177,0
61178,0
61179,0
61180,2
61181,0
61182,2
61183,2
61184,0
61185,0
61186,0
61187,0
61188,0
61189,0
61190,0
61191,0
61192,0
61193,0
61194,3
61195,0
61196,0
61197,0
61198,0
61199,0
61200,0
61201,0
61202,0
61203,0
61204,0
61205,0
61206,0
61207,0
61208,2
61209,2
61210,2
61211,0
61212,2
61213,0
61214,0
61215,0
61216,0
61217,0
61218,0
61219,0
61220,3
61221,0
61222,3
61223,2
61224,3
61225,0
61226,0
61227,3
61228,1
61229,3
61230,1
61231,1
61232,3
61233,1
61234,3
61235,0
61236,1
61237,3
61238,0
61239,3
61240,3
61241,3
61242,0
61243,0
61244,0
61245,3
61246,3
61247,3
61248,3
61249,0
61250,3
61251,3
61252,0
61253,2
61254,0
61255,0
61256,0
61257,3
61258,2
61259,2
61260,2
61261,2
61262,0
61263,0
61264,2
61265,0
61266,2
61267,2
61268,3
61269,3
61270,0
61271,0
61272,0
61273,2
61274,0
61275,0
61276,0
61277,2
61278,2
61279,0
61280,2
61281,3
61282,2
61283,0
61284,3
61285,0
61286,0
61287,0
61288,2
61289,2
61290,2
61291,2
61292,0
61293,3
61294,3
61295,3
61296,2
61297,0
61298,2
61299,0
61300,0
61301,0
61302,0
61303,0
61304,0
61305,0
61306,2
61307,0
61308,0
61309,0
61310,0
61311,0
61312,0
61313,0
61314,0
61315,0
61316,0
61317,0
61318,0
61319,3
61320,0
61321,2
61322,2
61323,0
61324,0
61325,0
61326,0
61327,0
61328,2
61329,0
61330,0
61331,0
61332,2
61333,2
61334,0
61335,0
61336,0
61337,2
61338,0
61339,0
61340,0
61341,0
61342,0
61343,0
61344,0
61345,2
61346,0
61347,0
61348,0
61349,0
61350,0
61351,0
61352,2
61353,0
61354,0
61355,3
61356,0
61357,0
61358,0
61359,0
61360,0
61361,0
61362,0
61363,0
61364,0
61365,0
61366,0
61367,0
61368,0
61369,0
61370,3
61371,0
61372,0
61373,0
61374,2
61375,0
61376,0
61377,0
61378,0
61379,0
61380,0
61381,0
61382,0
61383,0
61384,0
61385,0
61386,0
61387,0
61388,0
61389,0
61390,0
61391,0
61392,2
61393,2
61394,2
61395,0
61396,0
61397,0
61398,0
61399,0
61400,3
61401,0
61402,0
61403,2
61404,0
61405,2
61406,2
61407,2
61408,0
61409,0
61410,0
61411,0
61412,0
61413,2
61414,0
61415,0
61416,0
61417,0
61418,2
61419,0
61420,0
61421,0
61422,0
61423,0
61424,0
61425,0
61426,0
61427,3
61428,0
61429,0
61430,2
61431,3
61432,3
61433,0
61434,2
61435,3
61436,2
61437,3
61438,2
61439,2
61440,3
61441,3
61442,3
61443,3
61444,3
61445,3
61446,3
61447,0
61448,0
61449,0
61450,0
61451,3
61452,3
61453,0
61454,0
61455,0
61456,3
61457,0
61458,2
61459,3
61460,0
61461,0
61462,0
61463,0
61464,0
61465,0
61466,0
61467,0
61468,2
61469,0
61470,0
61471,3
61472,0
61473,1
61474,0
61475,0
61476,0
61477,0
61478,3
61479,0
61480,0
61481,0
61482,0
61483,0
61484,3
61485,0
61486,0
61487,0
61488,3
61489,0
61490,0
61491,3
61492,3
61493,3
61494,3
61495,3
61496,0
61497,3
61498,0
61499,0
61500,3
61501,3
61502,3
61503,3
61504,0
61505,0
61506,0
61507,0
61508,0
61509,0
61510,0
61511,0
61512,0
61513,0
61514,0
61515,0
61516,0
61517,3
61518,3
61519,3
61520,0
61521,0
61522,2
61523,0
61524,0
61525,2
61526,0
61527,0
61528,0
61529,0
61530,0
61531,2
61532,3
61533,0
61534,2
61535,2
61536,0
61537,0
61538,3
61539,0
61540,0
61541,0
61542,3
61543,1
61544,3
61545,3
61546,3
61547,3
61548,0
61549,0
61550,1
61551,3
61552,3
61553,2
61554,2
61555,0
61556,0
61557,0
61558,2
61559,0
61560,0
61561,0
61562,0
61563,0
61564,0
61565,0
61566,0
61567,3
61568,0
61569,2
61570,0
61571,2
61572,2
61573,0
61574,0
61575,0
61576,3
61577,0
61578,0
61579,2
61580,3
61581,0
61582,0
61583,0
61584,0
61585,0
61586,0
61587,0
61588,0
61589,0
61590,0
61591,0
61592,3
61593,0
61594,3
61595,0
61596,0
61597,0
61598,0
61599,0
61600,0
61601,0
61602,0
61603,0
61604,0
61605,0
61606,0
61607,0
61608,0
61609,0
61610,0
61611,2
61612,3
61613,0
61614,0
61615,0
61616,0
61617,0
61618,3
61619,3
61620,2
61621,2
61622,2
61623,2
61624,2
61625,2
61626,2
61627,2
61628,2
61629,2
61630,2
61631,2
61632,2
61633,2
61634,2
61635,2
61636,2
61637,2
61638,2
61639,2
61640,2
61641,2
61642,2
61643,2
61644,2
61645,2
61646,2
61647,2
61648,2
61649,2
61650,2
61651,2
61652,2
61653,2
61654,2
61655,2
61656,2
61657,2
61658,2
61659,2
61660,2
61661,2
61662,2
61663,2
61664,2
61665,2
61666,2
61667,2
61668,2
61669,2
61670,2
61671,2
61672,2
61673,2
61674,2
61675,2
61676,2
61677,2
61678,2
61679,2
61680,2
61681,2
61682,3
61683,2
61684,3
61685,3
61686,2
61687,2
61688,2
61689,2
61690,1
61691,1
61692,2
61693,1
61694,3
61695,1
61696,3
61697,2
61698,2
61699,2
61700,2
61701,2
61702,2
61703,2
61704,2
61705,3
61706,2
61707,2
61708,3
61709,2
61710,3
61711,2
61712,2
61713,3
61714,3
61715,3
61716,1
61717,2
61718,3
61719,1
61720,2
61721,2
61722,2
61723,2
61724,2
61725,2
61726,2
61727,4
61728,2
61729,2
61730,2
61731,2
61732,2
61733,2
61734,3
61735,3
61736,3
61737,3
61738,2
61739,2
61740,2
61741,2
61742,3
61743,2
61744,2
61745,2
61746,2
61747,2
61748,2
61749,2
61750,2
61751,2
61752,2
61753,2
61754,3
61755,2
61756,2
61757,2
61758,2
61759,2
61760,2
61761,2
61762,2
61763,2
61764,2
61765,2
61766,2
61767,2
61768,2
61769,2
61770,2
61771,2
61772,2
61773,3
61774,2
61775,2
61776,2
61777,2
61778,2
61779,2
61780,1
61781,2
61782,3
61783,1
61784,1
61785,3
61786,1
61787,2
61788,2
61789,2
61790,2
61791,2
61792,2
61793,2
61794,2
61795,2
61796,2
61797,2
61798,2
61799,2
61800,2
61801,2
61802,2
61803,2
61804,2
61805,2
61806,2
61807,2
61808,2
61809,2
61810,2
61811,2
61812,2
61813,2
61814,2
61815,2
61816,2
61817,2
61818,2
61819,2
61820,2
61821,2
61822,2
61823,2
61824,2
61825,2
61826,2
61827,2
61828,2
61829,2
61830,2
61831,2
61832,2
61833,2
61834,3
61835,2
61836,2
61837,2
61838,2
61839,2
61840,2
61841,2
61842,2
61843,2
61844,2
61845,2
61846,2
61847,2
61848,2
61849,3
61850,2
61851,3
61852,3
61853,2
61854,3
61855,2
61856,2
61857,2
61858,2
61859,2
61860,2
61861,2
61862,3
61863,3
61864,2
61865,2
61866,3
61867,2
61868,2
61869,2
61870,2
61871,2
61872,2
61873,2
61874,2
61875,2
61876,2
61877,2
61878,2
61879,2
61880,2
61881,2
61882,2
61883,2
61884,2
61885,2
61886,2
61887,2
61888,2
61889,2
61890,3
61891,2
61892,2
61893,2
61894,2
61895,2
61896,2
61897,2
61898,2
61899,2
61900,3
61901,3
61902,3
61903,3
61904,2
61905,3
61906,3
61907,2
61908,3
61909,2
61910,2
61911,2
61912,2
61913,2
61914,2
61915,3
61916,2
61917,2
61918,2
61919,2
61920,2
61921,2
61922,2
61923,2
61924,2
61925,2
61926,2
61927,2
61928,2
61929,2
61930,2
61931,2
61932,2
61933,2
61934,2
61935,2
61936,2
61937,2
61938,2
61939,2
61940,2
61941,2
61942,2
61943,2
61944,2
61945,2
61946,2
61947,2
61948,2
61949,2
61950,3
61951,2
61952,2
61953,2
61954,2
61955,1
61956,2
61957,1
61958,2
61959,3
61960,3
61961,2
61962,2
61963,2
61964,2
61965,2
61966,2
61967,2
61968,2
61969,2
61970,2
61971,2
61972,3
61973,2
61974,2
61975,2
61976,2
61977,2
61978,2
61979,0
61980,2
61981,2
61982,2
61983,2
61984,2
61985,2
61986,2
61987,2
61988,2
61989,2
61990,2
61991,2
61992,2
61993,2
61994,2
61995,2
61996,2
61997,2
61998,1
61999,2
62000,1
62001,1
62002,3
62003,2
62004,2
62005,2
62006,2
62007,2
62008,2
62009,2
62010,2
62011,2
62012,2
62013,2
62014,2
62015,2
62016,2
62017,2
62018,2
62019,2
62020,2
62021,2
62022,2
62023,3
62024,2
62025,2
62026,2
62027,2
62028,2
62029,3
62030,2
62031,3
62032,2
62033,2
62034,2
62035,2
62036,2
62037,2
62038,3
62039,2
62040,2
62041,2
62042,2
62043,2
62044,2
62045,2
62046,2
62047,2
62048,3
62049,1
62050,1
62051,2
62052,2
62053,2
62054,2
62055,2
62056,2
62057,2
62058,2
62059,2
62060,3
62061,3
62062,1
62063,2
62064,2
62065,2
62066,2
62067,5
62068,2
62069,2
62070,1
62071,1
62072,2
62073,2
62074,2
62075,2
62076,2
62077,2
62078,2
62079,2
62080,2
62081,2
62082,1
62083,2
62084,2
62085,2
62086,2
62087,3
62088,2
62089,2
62090,3
62091,3
62092,2
62093,2
62094,2
62095,1
62096,2
62097,3
62098,3
62099,2
62100,2
62101,3
62102,2
62103,2
62104,2
62105,3
62106,2
62107,2
62108,3
62109,2
62110,2
62111,2
62112,2
62113,2
62114,2
62115,2
62116,2
62117,2
62118,2
62119,2
62120,2
62121,2
62122,2
62123,2
62124,3
62125,3
62126,2
62127,2
62128,2
62129,2
62130,3
62131,2
62132,3
62133,3
62134,3
62135,2
62136,2
62137,3
62138,3
62139,2
62140,2
62141,3
62142,2
62143,3
62144,3
62145,3
62146,2
62147,4
62148,2
62149,3
62150,2
62151,2
62152,3
62153,3
62154,2
62155,2
62156,2
62157,3
62158,3
62159,3
62160,3
62161,2
62162,2
62163,2
62164,3
62165,2
62166,3
62167,3
62168,2
62169,2
62170,3
62171,3
62172,3
62173,3
62174,3
62175,3
62176,2
62177,3
62178,3
62179,2
62180,3
62181,3
62182,3
62183,3
62184,3
62185,2
62186,3
62187,3
62188,1
62189,1
62190,1
62191,1
62192,1
62193,1
62194,1
62195,1
62196,1
62197,1
62198,1
62199,4
62200,3
62201,3
62202,3
62203,3
62204,2
62205,3
62206,3
62207,3
62208,3
62209,3
62210,2
62211,2
62212,3
62213,3
62214,3
62215,3
62216,3
62217,2
62218,3
62219,3
62220,3
62221,3
62222,3
62223,2
62224,3
62225,2
62226,3
62227,3
62228,1
62229,3
62230,3
62231,2
62232,3
62233,2
62234,3
62235,3
62236,3
62237,3
62238,3
62239,2
62240,2
62241,3
62242,3
62243,3
62244,3
62245,3
62246,3
62247,3
62248,2
62249,3
62250,3
62251,2
62252,2
62253,2
62254,2
62255,3
62256,2
62257,2
62258,2
62259,3
62260,3
62261,3
62262,3
62263,2
62264,2
62265,2
62266,2
62267,2
62268,3
62269,3
62270,2
62271,3
62272,2
62273,3
62274,2
62275,3
62276,2
62277,2
62278,3
62279,2
62280,3
62281,2
62282,2
62283,2
62284,3
62285,1
62286,1
62287,1
62288,3
62289,3
62290,1
62291,3
62292,1
62293,1
62294,1
62295,1
62296,3
62297,3
62298,3
62299,3
62300,1
62301,3
62302,3
62303,3
62304,3
62305,3
62306,3
62307,3
62308,3
62309,3
62310,3
62311,3
62312,3
62313,1
62314,3
62315,3
62316,1
62317,1
62318,2
62319,2
62320,2
62321,2
62322,2
62323,2
62324,2
62325,2
62326,3
62327,3
62328,3
62329,2
62330,3
62331,2
62332,2
62333,2
62334,2
62335,2
62336,2
62337,2
62338,2
62339,2
62340,2
62341,2
62342,2
62343,2
62344,2
62345,2
62346,2
62347,2
62348,2
62349,2
62350,2
62351,2
62352,2
62353,3
62354,3
62355,2
62356,2
62357,2
62358,2
62359,2
62360,2
62361,2
62362,1
62363,2
62364,2
62365,2
62366,2
62367,2
62368,2
62369,3
62370,4
62371,3
62372,1
62373,1
62374,1
62375,1
62376,1
62377,3
62378,3
62379,3
62380,1
62381,2
62382,2
62383,2
62384,3
62385,3
62386,3
62387,3
62388,3
62389,3
62390,2
62391,2
62392,3
62393,3
62394,1
62395,1
62396,3
62397,3
62398,3
62399,3
62400,2
62401,2
62402,2
62403,2
62404,2
62405,2
62406,2
62407,1
62408,1
62409,1
62410,1
62411,1
62412,1
62413,3
62414,1
62415,1
62416,1
62417,3
62418,3
62419,3
62420,2
62421,2
62422,1
62423,1
62424,1
62425,1
62426,1
62427,2
62428,2
62429,3
62430,3
62431,1
62432,1
62433,1
62434,1
62435,1
62436,1
62437,1
62438,1
62439,1
62440,1
62441,1
62442,1
62443,1
62444,1
62445,1
62446,1
62447,3
62448,2
62449,1
62450,3
62451,3
62452,3
62453,3
62454,3
62455,3
62456,2
62457,3
62458,1
62459,3
62460,3
62461,3
62462,4
62463,2
62464,3
62465,2
62466,2
62467,3
62468,3
62469,3
62470,3
62471,3
62472,3
62473,3
62474,3
62475,2
62476,2
62477,2
62478,2
62479,2
62480,3
62481,3
62482,3
62483,3
62484,2
62485,2
62486,2
62487,2
62488,2
62489,2
62490,2
62491,2
62492,2
62493,2
62494,2
62495,3
62496,3
62497,3
62498,2
62499,2
62500,2
62501,3
62502,3
62503,3
62504,3
62505,3
62506,2
62507,2
62508,2
62509,2
62510,2
62511,2
62512,3
62513,1
62514,1
62515,2
62516,2
62517,3
62518,3
62519,1
62520,1
62521,1
62522,1
62523,2
62524,2
62525,2
62526,2
62527,2
62528,1
62529,3
62530,1
62531,1
62532,2
62533,3
62534,3
62535,2
62536,3
62537,1
62538,1
62539,2
62540,1
62541,2
62542,2
62543,3
62544,1
62545,3
62546,3
62547,1
62548,3
62549,2
62550,2
62551,2
62552,2
62553,2
62554,2
62555,1
62556,1
62557,1
62558,1
62559,1
62560,2
62561,2
62562,2
62563,2
62564,2
62565,2
62566,2
62567,3
62568,1
62569,2
62570,2
62571,3
62572,2
62573,2
62574,2
62575,3
62576,3
62577,2
62578,2
62579,2
62580,2
62581,3
62582,2
62583,2
62584,2
62585,2
62586,2
62587,3
62588,2
62589,2
62590,2
62591,2
62592,2
62593,2
62594,2
62595,2
62596,2
62597,2
62598,2
62599,3
62600,2
62601,2
62602,2
62603,2
62604,2
62605,3
62606,2
62607,2
62608,3
62609,2
62610,2
62611,2
62612,2
62613,2
62614,2
62615,2
62616,2
62617,2
62618,2
62619,2
62620,2
62621,2
62622,2
62623,2
62624,2
62625,2
62626,3
62627,2
62628,2
62629,2
62630,4
62631,1
62632,1
62633,3
62634,3
62635,1
62636,3
62637,3
62638,3
62639,1
62640,3
62641,2
62642,1
62643,3
62644,2
62645,3
62646,2
62647,2
62648,2
62649,3
62650,2
62651,2
62652,3
62653,2
62654,3
62655,3
62656,3
62657,2
62658,2
62659,2
62660,3
62661,2
62662,2
62663,2
62664,2
62665,2
62666,2
62667,3
62668,2
62669,2
62670,2
62671,3
62672,0
62673,0
62674,0
62675,3
62676,0
62677,0
62678,0
62679,0
62680,0
62681,0
62682,3
62683,3
62684,3
62685,3
62686,3
62687,2
62688,2
62689,2
62690,0
62691,2
62692,3
62693,2
62694,3
62695,2
62696,2
62697,0
62698,2
62699,3
62700,0
62701,3
62702,3
62703,3
62704,3
62705,3
62706,3
62707,3
62708,2
62709,2
62710,3
62711,2
62712,2
62713,2
62714,2
62715,3
62716,3
62717,0
62718,3
62719,3
62720,3
62721,3
62722,3
62723,3
62724,3
62725,3
62726,3
62727,3
62728,2
62729,3
62730,3
62731,1
62732,1
62733,1
62734,3
62735,1
62736,2
62737,3
62738,3
62739,3
62740,2
62741,2
62742,2
62743,3
62744,3
62745,2
62746,0
62747,2
62748,3
62749,3
62750,3
62751,3
62752,3
62753,3
62754,1
62755,3
62756,3
62757,3
62758,3
62759,3
62760,2
62761,3
62762,3
62763,3
62764,3
62765,3
62766,3
62767,3
62768,3
62769,1
62770,1
62771,2
62772,3
62773,3
62774,3
62775,3
62776,3
62777,3
62778,3
62779,3
62780,3
62781,1
62782,2
62783,3
62784,2
62785,2
62786,2
62787,2
62788,0
62789,3
62790,3
62791,3
62792,3
62793,0
62794,0
62795,2
62796,2
62797,2
62798,0
62799,2
62800,0
62801,2
62802,0
62803,0
62804,2
62805,3
62806,3
62807,3
62808,3
62809,3
62810,3
62811,2
62812,3
62813,3
62814,3
62815,3
62816,2
62817,3
62818,3
62819,3
62820,3
62821,2
62822,3
62823,0
62824,2
62825,3
62826,2
62827,3
62828,3
62829,3
62830,3
62831,2
62832,3
62833,0
62834,3
62835,3
62836,2
62837,3
62838,3
62839,3
62840,3
62841,0
62842,2
62843,2
62844,3
62845,3
62846,0
62847,3
62848,3
62849,0
62850,2
62851,2
62852,2
62853,3
62854,2
62855,3
62856,2
62857,2
62858,3
62859,3
62860,3
62861,3
62862,3
62863,3
62864,3
62865,3
62866,3
62867,3
62868,3
62869,3
62870,0
62871,2
62872,2
62873,3
62874,2
62875,0
62876,3
62877,3
62878,0
62879,2
62880,2
62881,2
62882,2
62883,3
62884,3
62885,2
62886,3
62887,2
62888,3
62889,3
62890,3
62891,3
62892,3
62893,0
62894,3
62895,2
62896,3
62897,2
62898,3
62899,3
62900,3
62901,3
62902,3
62903,2
62904,2
62905,2
62906,3
62907,3
62908,2
62909,2
62910,0
62911,0
62912,3
62913,0
62914,0
62915,3
62916,3
62917,0
62918,3
62919,0
62920,3
62921,2
62922,3
62923,3
62924,3
62925,2
62926,2
62927,2
62928,2
62929,2
62930,2
62931,3
62932,2
62933,2
62934,2
62935,2
62936,2
62937,3
62938,1
62939,2
62940,2
62941,0
62942,2
62943,3
62944,2
62945,0
62946,3
62947,3
62948,2
62949,3
62950,3
62951,2
62952,2
62953,3
62954,2
62955,2
62956,2
62957,2
62958,2
62959,3
62960,3
62961,3
62962,3
62963,3
62964,2
62965,2
62966,3
62967,2
62968,2
62969,3
62970,3
62971,3
62972,2
62973,3
62974,3
62975,0
62976,3
62977,2
62978,2
62979,3
62980,3
62981,3
62982,3
62983,2
62984,3
62985,3
62986,3
62987,3
62988,3
62989,1
62990,2
62991,2
62992,0
62993,2
62994,3
62995,3
62996,3
62997,3
62998,3
62999,3
63000,3
63001,3
63002,3
63003,3
63004,3
63005,3
63006,3
63007,3
63008,3
63009,3
63010,4
63011,3
63012,3
63013,3
63014,3
63015,3
63016,3
63017,3
63018,3
63019,3
63020,3
63021,3
63022,3
63023,3
63024,3
63025,3
63026,3
63027,3
63028,3
63029,3
63030,3
63031,3
63032,3
63033,3
63034,3
63035,3
63036,3
63037,3
63038,3
63039,3
63040,3
63041,3
63042,3
63043,3
63044,3
63045,3
63046,3
63047,3
63048,3
63049,3
63050,3
63051,3
63052,3
63053,3
63054,3
63055,3
63056,3
63057,3
63058,3
63059,3
63060,3
63061,3
63062,3
63063,3
63064,3
63065,3
63066,3
63067,3
63068,3
63069,3
63070,3
63071,3
63072,3
63073,3
63074,3
63075,3
63076,3
63077,3
63078,3
63079,3
63080,3
63081,3
63082,3
63083,3
63084,3
63085,2
63086,3
63087,3
63088,3
63089,3
63090,3
63091,3
63092,3
63093,3
63094,3
63095,3
63096,3
63097,3
63098,3
63099,3
63100,3
63101,3
63102,3
63103,3
63104,3
63105,3
63106,3
63107,3
63108,3
63109,3
63110,3
63111,4
63112,3
63113,3
63114,3
63115,3
63116,3
63117,3
63118,3
63119,3
63120,3
63121,3
63122,3
63123,3
63124,3
63125,3
63126,3
63127,3
63128,3
63129,3
63130,3
63131,3
63132,3
63133,3
63134,3
63135,3
63136,3
63137,3
63138,3
63139,3
63140,3
63141,3
63142,3
63143,3
63144,3
63145,1
63146,3
63147,3
63148,3
63149,3
63150,3
63151,3
63152,3
63153,3
63154,3
63155,3
63156,3
63157,3
63158,3
63159,3
63160,3
63161,3
63162,3
63163,3
63164,3
63165,3
63166,3
63167,3
63168,3
63169,3
63170,3
63171,3
63172,3
63173,3
63174,3
63175,3
63176,3
63177,3
63178,3
63179,3
63180,3
63181,3
63182,3
63183,3
63184,3
63185,3
63186,3
63187,3
63188,3
63189,3
63190,3
63191,3
63192,3
63193,3
63194,3
63195,3
63196,3
63197,3
63198,3
63199,3
63200,3
63201,3
63202,3
63203,3
63204,3
63205,3
63206,3
63207,3
63208,3
63209,3
63210,3
63211,3
63212,3
63213,3
63214,3
63215,3
63216,3
63217,3
63218,3
63219,3
63220,3
63221,3
63222,3
63223,3
63224,3
63225,2
63226,3
63227,3
63228,3
63229,3
63230,3
63231,3
63232,3
63233,3
63234,3
63235,3
63236,3
63237,3
63238,3
63239,3
63240,3
63241,3
63242,3
63243,3
63244,3
63245,3
63246,3
63247,3
63248,3
63249,3
63250,3
63251,3
63252,3
63253,3
63254,3
63255,3
63256,3
63257,3
63258,3
63259,3
63260,3
63261,3
63262,3
63263,3
63264,3
63265,3
63266,3
63267,3
63268,3
63269,3
63270,3
63271,3
63272,3
63273,3
63274,3
63275,3
63276,3
63277,3
63278,3
63279,3
63280,3
63281,3
63282,3
63283,3
63284,3
63285,3
63286,3
63287,3
63288,3
63289,3
63290,3
63291,3
63292,3
63293,3
63294,3
63295,3
63296,3
63297,3
63298,3
63299,3
63300,3
63301,3
63302,3
63303,3
63304,3
63305,3
63306,3
63307,3
63308,3
63309,3
63310,3
63311,3
63312,3
63313,3
63314,3
63315,3
63316,3
63317,3
63318,3
63319,3
63320,3
63321,3
63322,3
63323,3
63324,3
63325,3
63326,3
63327,3
63328,3
63329,3
63330,3
63331,3
63332,3
63333,3
63334,3
63335,3
63336,3
63337,3
63338,3
63339,3
63340,3
63341,3
63342,3
63343,3
63344,3
63345,3
63346,3
63347,3
63348,3
63349,3
63350,3
63351,3
63352,3
63353,3
63354,3
63355,3
63356,3
63357,3
63358,3
63359,2
63360,2
63361,3
63362,3
63363,3
63364,2
63365,2
63366,2
63367,3
63368,3
63369,3
63370,3
63371,3
63372,3
63373,3
63374,3
63375,3
63376,3
63377,3
63378,3
63379,3
63380,3
63381,3
63382,3
63383,3
63384,3
63385,3
63386,3
63387,3
63388,3
63389,3
63390,1
63391,3
63392,3
63393,3
63394,1
63395,1
63396,1
63397,1
63398,1
63399,1
63400,1
63401,3
63402,3
63403,1
63404,3
63405,3
63406,3
63407,3
63408,3
63409,3
63410,3
63411,1
63412,3
63413,3
63414,3
63415,3
63416,3
63417,3
63418,3
63419,3
63420,3
63421,3
63422,3
63423,3
63424,3
63425,3
63426,3
63427,3
63428,3
63429,3
63430,3
63431,3
63432,3
63433,3
63434,3
63435,3
63436,3
63437,3
63438,3
63439,3
63440,3
63441,3
63442,3
63443,3
63444,1
63445,1
63446,3
63447,3
63448,3
63449,3
63450,3
63451,3
63452,3
63453,3
63454,3
63455,3
63456,3
63457,3
63458,3
63459,3
63460,3
63461,3
63462,3
63463,3
63464,3
63465,3
63466,3
63467,3
63468,3
63469,3
63470,3
63471,3
63472,3
63473,3
63474,3
63475,3
63476,3
63477,3
63478,3
63479,3
63480,3
63481,3
63482,3
63483,3
63484,3
63485,3
63486,3
63487,3
63488,3
63489,3
63490,3
63491,3
63492,3
63493,3
63494,3
63495,3
63496,3
63497,3
63498,3
63499,3
63500,3
63501,3
63502,3
63503,3
63504,3
63505,3
63506,3
63507,3
63508,3
63509,3
63510,3
63511,3
63512,3
63513,3
63514,3
63515,3
63516,3
63517,3
63518,3
63519,3
63520,3
63521,3
63522,3
63523,3
63524,3
63525,3
63526,3
63527,3
63528,3
63529,3
63530,3
63531,3
63532,3
63533,3
63534,3
63535,3
63536,3
63537,3
63538,3
63539,3
63540,3
63541,3
63542,3
63543,3
63544,3
63545,3
63546,3
63547,3
63548,3
63549,3
63550,3
63551,3
63552,3
63553,3
63554,3
63555,3
63556,3
63557,3
63558,3
63559,3
63560,3
63561,3
63562,3
63563,3
63564,3
63565,3
63566,3
63567,3
63568,3
63569,3
63570,3
63571,3
63572,2
63573,3
63574,2
63575,3
63576,2
63577,3
63578,3
63579,3
63580,3
63581,2
63582,2
63583,3
63584,3
63585,3
63586,3
63587,3
63588,3
63589,3
63590,2
63591,2
63592,2
63593,3
63594,3
63595,3
63596,3
63597,3
63598,3
63599,3
63600,3
63601,3
63602,3
63603,3
63604,3
63605,3
63606,3
63607,3
63608,3
63609,3
63610,3
63611,3
63612,3
63613,3
63614,3
63615,3
63616,3
63617,3
63618,3
63619,3
63620,3
63621,3
63622,3
63623,3
63624,3
63625,3
63626,3
63627,3
63628,3
63629,3
63630,3
63631,3
63632,3
63633,3
63634,3
63635,3
63636,3
63637,3
63638,3
63639,3
63640,3
63641,3
63642,3
63643,3
63644,3
63645,3
63646,3
63647,3
63648,3
63649,3
63650,3
63651,3
63652,3
63653,3
63654,3
63655,3
63656,3
63657,3
63658,3
63659,3
63660,3
63661,3
63662,3
63663,3
63664,3
63665,3
63666,3
63667,3
63668,3
63669,3
63670,3
63671,3
63672,3
63673,3
63674,3
63675,3
63676,3
63677,3
63678,3
63679,3
63680,3
63681,3
63682,3
63683,3
63684,3
63685,3
63686,3
63687,3
63688,3
63689,3
63690,3
63691,3
63692,3
63693,3
63694,3
63695,3
63696,3
63697,3
63698,3
63699,3
63700,3
63701,3
63702,3
63703,3
63704,3
63705,3
63706,3
63707,3
63708,3
63709,3
63710,3
63711,3
63712,3
63713,3
63714,3
63715,3
63716,3
63717,3
63718,3
63719,3
63720,3
63721,3
63722,3
63723,3
63724,3
63725,3
63726,3
63727,3
63728,3
63729,3
63730,3
63731,3
63732,3
63733,3
63734,3
63735,3
63736,3
63737,3
63738,3
63739,3
63740,3
63741,3
63742,3
63743,3
63744,3
63745,3
63746,3
63747,3
63748,3
63749,3
63750,3
63751,3
63752,3
63753,3
63754,3
63755,3
63756,3
63757,3
63758,3
63759,3
63760,3
63761,3
63762,3
63763,3
63764,3
63765,3
63766,3
63767,3
63768,3
63769,3
63770,3
63771,1
63772,1
63773,3
63774,3
63775,3
63776,3
63777,3
63778,3
63779,3
63780,3
63781,3
63782,3
63783,3
63784,3
63785,3
63786,3
63787,3
63788,3
63789,3
63790,3
63791,3
63792,3
63793,3
63794,3
63795,3
63796,3
63797,3
63798,3
63799,3
63800,3
63801,3
63802,3
63803,3
63804,3
63805,3
63806,3
63807,3
63808,3
63809,3
63810,3
63811,3
63812,3
63813,2
63814,3
63815,2
63816,2
63817,3
63818,2
63819,2
63820,3
63821,2
63822,2
63823,3
63824,3
63825,3
63826,3
63827,3
63828,3
63829,3
63830,3
63831,3
63832,3
63833,3
63834,3
63835,3
63836,3
63837,3
63838,3
63839,3
63840,3
63841,3
63842,3
63843,3
63844,3
63845,3
63846,3
63847,3
63848,3
63849,3
63850,3
63851,3
63852,3
63853,3
63854,3
63855,3
63856,3
63857,3
63858,3
63859,3
63860,4
63861,3
63862,3
63863,3
63864,3
63865,3
63866,3
63867,3
63868,3
63869,3
63870,3
63871,3
63872,3
63873,3
63874,3
63875,3
63876,3
63877,3
63878,3
63879,3
63880,3
63881,3
63882,3
63883,3
63884,3
63885,3
63886,3
63887,3
63888,3
63889,3
63890,3
63891,3
63892,3
63893,3
63894,3
63895,3
63896,3
63897,3
63898,3
63899,3
63900,3
63901,3
63902,3
63903,3
63904,3
63905,3
63906,3
63907,3
63908,3
63909,3
63910,3
63911,3
63912,3
63913,3
63914,3
63915,3
63916,3
63917,3
63918,3
63919,3
63920,3
63921,3
63922,3
63923,3
63924,3
63925,3
63926,3
63927,3
63928,3
63929,3
63930,3
63931,3
63932,3
63933,3
63934,3
63935,3
63936,3
63937,3
63938,3
63939,3
63940,3
63941,3
63942,3
63943,3
63944,3
63945,3
63946,3
63947,3
63948,3
63949,3
63950,3
63951,3
63952,3
63953,3
63954,3
63955,3
63956,3
63957,3
63958,3
63959,3
63960,3
63961,3
63962,3
63963,3
63964,3
63965,3
63966,3
63967,3
63968,3
63969,3
63970,3
63971,3
63972,3
63973,3
63974,3
63975,3
63976,3
63977,3
63978,3
63979,3
63980,3
63981,3
63982,3
63983,3
63984,3
63985,3
63986,3
63987,3
63988,3
63989,3
63990,3
63991,3
63992,3
63993,3
63994,3
63995,3
63996,3
63997,3
63998,3
63999,3
64000,3
64001,3
64002,3
64003,3
64004,3
64005,3
64006,3
64007,3
64008,3
64009,3
64010,3
64011,3
64012,3
64013,3
64014,3
64015,3
64016,3
64017,3
64018,3
64019,3
64020,3
64021,3
64022,3
64023,3
64024,3
64025,3
64026,3
64027,3
64028,3
64029,3
64030,3
64031,3
64032,3
64033,3
64034,3
64035,3
64036,3
64037,3
64038,3
64039,3
64040,3
64041,3
64042,3
64043,3
64044,3
64045,3
64046,3
64047,3
64048,3
64049,3
64050,3
64051,3
64052,3
64053,3
64054,3
64055,3
64056,3
64057,3
64058,3
64059,3
64060,3
64061,3
64062,3
64063,3
64064,3
64065,3
64066,3
64067,3
64068,3
64069,3
64070,3
64071,3
64072,3
64073,3
64074,3
64075,3
64076,3
64077,3
64078,3
64079,3
64080,3
64081,3
64082,3
64083,3
64084,3
64085,3
64086,3
64087,3
64088,3
64089,3
64090,3
64091,3
64092,3
64093,3
64094,3
64095,3
64096,3
64097,3
64098,3
64099,3
64100,3
64101,3
64102,3
64103,3
64104,3
64105,3
64106,3
64107,3
64108,3
64109,3
64110,3
64111,3
64112,3
64113,3
64114,3
64115,3
64116,3
64117,3
64118,3
64119,3
64120,3
64121,3
64122,3
64123,3
64124,3
64125,3
64126,3
64127,3
64128,3
64129,3
64130,3
64131,3
64132,3
64133,3
64134,3
64135,3
64136,3
64137,3
64138,3
64139,3
64140,3
64141,3
64142,3
64143,3
64144,3
64145,3
64146,3
64147,3
64148,3
64149,3
64150,3
64151,3
64152,3
64153,3
64154,3
64155,3
64156,3
64157,3
64158,3
64159,3
64160,3
64161,3
64162,3
64163,3
64164,3
64165,3
64166,3
64167,3
64168,3
64169,3
64170,3
64171,3
64172,3
64173,3
64174,3
64175,3
64176,3
64177,3
64178,3
64179,3
64180,3
64181,3
64182,3
64183,3
64184,3
64185,3
64186,3
64187,3
64188,3
64189,3
64190,3
64191,3
64192,3
64193,3
64194,3
64195,3
64196,3
64197,3
64198,3
64199,3
64200,3
64201,3
64202,3
64203,3
64204,3
64205,3
64206,3
64207,3
64208,3
64209,3
64210,3
64211,3
64212,3
64213,3
64214,3
64215,3
64216,3
64217,3
64218,3
64219,3
64220,3
64221,3
64222,3
64223,3
64224,3
64225,3
64226,3
64227,3
64228,3
64229,3
64230,3
64231,3
64232,3
64233,3
64234,3
64235,3
64236,3
64237,3
64238,3
64239,3
64240,3
64241,3
64242,3
64243,3
64244,3
64245,3
64246,3
64247,3
64248,3
64249,3
64250,3
64251,3
64252,3
64253,3
64254,3
64255,3
64256,3
64257,3
64258,3
64259,3
64260,3
64261,3
64262,3
64263,3
64264,3
64265,3
64266,3
64267,3
64268,3
64269,3
64270,3
64271,3
64272,3
64273,3
64274,3
64275,3
64276,3
64277,3
64278,3
64279,3
64280,3
64281,3
64282,3
64283,3
64284,3
64285,3
64286,3
64287,3
64288,3
64289,3
64290,3
64291,3
64292,3
64293,3
64294,3
64295,3
64296,3
64297,3
64298,3
64299,3
64300,3
64301,3
64302,3
64303,3
64304,3
64305,3
64306,3
64307,3
64308,3
64309,3
64310,3
64311,3
64312,3
64313,3
64314,3
64315,3
64316,3
64317,3
64318,3
64319,3
64320,3
64321,3
64322,3
64323,3
64324,3
64325,3
64326,3
64327,3
64328,3
64329,3
64330,3
64331,3
64332,3
64333,3
64334,3
64335,3
64336,3
64337,3
64338,3
64339,3
64340,3
64341,3
64342,3
64343,3
64344,3
64345,3
64346,3
64347,3
64348,3
64349,3
64350,3
64351,3
64352,3
64353,3
64354,3
64355,3
64356,3
64357,3
64358,3
64359,3
64360,3
64361,3
64362,3
64363,3
64364,3
64365,3
64366,3
64367,3
64368,3
64369,3
64370,3
64371,3
64372,3
64373,3
64374,3
64375,3
64376,3
64377,3
64378,3
64379,3
64380,3
64381,3
64382,3
64383,3
64384,3
64385,3
64386,3
64387,3
64388,3
64389,3
64390,3
64391,3
64392,3
64393,3
64394,3
64395,3
64396,3
64397,3
64398,3
64399,3
64400,3
64401,3
64402,3
64403,3
64404,3
64405,3
64406,3
64407,3
64408,1
64409,3
64410,3
64411,3
64412,3
64413,3
64414,3
64415,3
64416,3
64417,3
64418,3
64419,3
64420,3
64421,3
64422,3
64423,3
64424,3
64425,3
64426,3
64427,3
64428,3
64429,3
64430,3
64431,3
64432,3
64433,3
64434,3
64435,3
64436,3
64437,3
64438,3
64439,3
64440,3
64441,3
64442,3
64443,3
64444,3
64445,3
64446,3
64447,3
64448,3
64449,3
64450,3
64451,3
64452,3
64453,3
64454,3
64455,3
64456,3
64457,3
64458,3
64459,3
64460,3
64461,3
64462,3
64463,3
64464,3
64465,3
64466,3
64467,3
64468,3
64469,3
64470,3
64471,3
64472,3
64473,3
64474,3
64475,3
64476,3
64477,3
64478,3
64479,3
64480,3
64481,3
64482,3
64483,3
64484,3
64485,3
64486,3
64487,3
64488,3
64489,3
64490,3
64491,3
64492,3
64493,3
64494,3
64495,3
64496,3
64497,3
64498,3
64499,3
64500,3
64501,3
64502,3
64503,3
64504,3
64505,3
64506,3
64507,3
64508,3
64509,3
64510,3
64511,3
64512,3
64513,3
64514,3
64515,3
64516,3
64517,3
64518,3
64519,3
64520,3
64521,3
64522,3
64523,3
64524,3
64525,3
64526,3
64527,3
64528,3
64529,3
64530,3
64531,3
64532,3
64533,3
64534,3
64535,3
64536,3
64537,3
64538,3
64539,3
64540,3
64541,3
64542,3
64543,3
64544,3
64545,3
64546,3
64547,3
64548,3
64549,3
64550,3
64551,3
64552,3
64553,3
64554,3
64555,3
64556,3
64557,3
64558,3
64559,3
64560,3
64561,3
64562,3
64563,3
64564,3
64565,3
64566,3
64567,3
64568,3
64569,3
64570,3
64571,3
64572,3
64573,3
64574,3
64575,3
64576,3
64577,3
64578,3
64579,3
64580,3
64581,3
64582,3
64583,3
64584,3
64585,3
64586,3
64587,3
64588,3
64589,3
64590,3
64591,3
64592,3
64593,3
64594,3
64595,3
64596,3
64597,3
64598,3
64599,3
64600,3
64601,3
64602,3
64603,3
64604,3
64605,3
64606,3
64607,3
64608,3
64609,3
64610,3
64611,3
64612,3
64613,3
64614,3
64615,3
64616,3
64617,3
64618,3
64619,3
64620,3
64621,3
64622,3
64623,3
64624,3
64625,3
64626,3
64627,3
64628,3
64629,3
64630,3
64631,3
64632,3
64633,3
64634,3
64635,4
64636,3
64637,3
64638,3
64639,3
64640,3
64641,3
64642,3
64643,3
64644,3
64645,3
64646,3
64647,3
64648,3
64649,3
64650,3
64651,3
64652,3
64653,3
64654,3
64655,3
64656,3
64657,3
64658,3
64659,3
64660,3
64661,3
64662,3
64663,3
64664,3
64665,3
64666,3
64667,3
64668,3
64669,3
64670,3
64671,2
64672,3
64673,3
64674,3
64675,3
64676,3
64677,3
64678,3
64679,3
64680,3
64681,3
64682,3
64683,3
64684,3
64685,3
64686,3
64687,3
64688,3
64689,3
64690,3
64691,3
64692,3
64693,3
64694,3
64695,3
64696,3
64697,3
64698,3
64699,3
64700,3
64701,3
64702,3
64703,3
64704,3
64705,3
64706,3
64707,3
64708,3
64709,3
64710,3
64711,3
64712,3
64713,3
64714,3
64715,3
64716,3
64717,3
64718,3
64719,3
64720,3
64721,3
64722,3
64723,3
64724,3
64725,3
64726,3
64727,3
64728,3
64729,3
64730,3
64731,3
64732,3
64733,3
64734,3
64735,3
64736,3
64737,3
64738,3
64739,3
64740,3
64741,3
64742,3
64743,3
64744,3
64745,3
64746,3
64747,2
64748,2
64749,2
64750,2
64751,2
64752,2
64753,2
64754,2
64755,2
64756,2
64757,3
64758,3
64759,3
64760,3
64761,3
64762,3
64763,3
64764,3
64765,0
64766,3
64767,1
64768,3
64769,3
64770,3
64771,3
64772,3
64773,3
64774,3
64775,3
64776,3
64777,3
64778,3
64779,3
64780,3
64781,3
64782,3
64783,3
64784,3
64785,3
64786,3
64787,3
64788,3
64789,3
64790,3
64791,3
64792,3
64793,3
64794,3
64795,3
64796,3
64797,3
64798,3
64799,3
64800,3
64801,3
64802,3
64803,3
64804,3
64805,3
64806,3
64807,3
64808,3
64809,3
64810,3
64811,3
64812,3
64813,3
64814,3
64815,3
64816,3
64817,2
64818,2
64819,3
64820,2
64821,2
64822,2
64823,3
64824,2
64825,2
64826,0
64827,2
64828,3
64829,3
64830,3
64831,2
64832,2
64833,2
64834,2
64835,2
64836,3
64837,3
64838,3
64839,2
64840,3
64841,2
64842,3
64843,3
64844,3
64845,3
64846,3
64847,1
64848,1
64849,2
64850,3
64851,3
64852,3
64853,3
64854,2
64855,3
64856,3
64857,3
64858,3
64859,3
64860,3
64861,3
64862,3
64863,3
64864,3
64865,3
64866,3
64867,3
64868,3
64869,2
64870,2
64871,3
64872,2
64873,3
64874,3
64875,2
64876,3
64877,2
64878,3
64879,3
64880,2
64881,2
64882,2
64883,2
64884,2
64885,2
64886,2
64887,2
64888,2
64889,2
64890,2
64891,2
64892,2
64893,2
64894,2
64895,2
64896,2
64897,2
64898,2
64899,2
64900,2
64901,2
64902,2
64903,2
64904,2
64905,2
64906,2
64907,0
64908,3
64909,2
64910,2
64911,2
64912,2
64913,2
64914,2
64915,0
64916,3
64917,2
64918,3
64919,3
64920,3
64921,3
64922,3
64923,3
64924,3
64925,3
64926,3
64927,3
64928,3
64929,3
64930,3
64931,3
64932,3
64933,3
64934,3
64935,3
64936,3
64937,3
64938,3
64939,3
64940,3
64941,3
64942,3
64943,3
64944,3
64945,3
64946,3
64947,1
64948,3
64949,3
64950,3
64951,3
64952,3
64953,2
64954,3
64955,1
64956,3
64957,2
64958,2
64959,3
64960,3
64961,3
64962,3
64963,3
64964,3
64965,1
64966,1
64967,1
64968,3
64969,1
64970,3
64971,3
64972,3
64973,3
64974,3
64975,3
64976,3
64977,3
64978,2
64979,3
64980,3
64981,2
64982,2
64983,2
64984,2
64985,2
64986,2
64987,3
64988,3
64989,3
64990,2
64991,2
64992,3
64993,3
64994,3
64995,1
64996,3
64997,3
64998,3
64999,3
65000,2
65001,2
65002,2
65003,2
65004,3
65005,2
65006,2
65007,2
65008,2
65009,2
65010,2
65011,3
65012,3
65013,3
65014,2
65015,3
65016,3
65017,3
65018,2
65019,1
65020,3
65021,3
65022,3
65023,3
65024,3
65025,3
65026,3
65027,3
65028,3
65029,3
65030,3
65031,3
65032,3
65033,3
65034,3
65035,3
65036,3
65037,3
65038,3
65039,3
65040,3
65041,3
65042,3
65043,3
65044,3
65045,3
65046,3
65047,3
65048,3
65049,3
65050,3
65051,3
65052,3
65053,3
65054,3
65055,3
65056,3
65057,3
65058,3
65059,3
65060,3
65061,3
65062,3
65063,3
65064,3
65065,3
65066,3
65067,3
65068,2
65069,3
65070,3
65071,3
65072,3
65073,3
65074,3
65075,3
65076,3
65077,3
65078,3
65079,3
65080,3
65081,3
65082,3
65083,3
65084,3
65085,3
65086,3
65087,2
65088,2
65089,2
65090,2
65091,3
65092,3
65093,3
65094,3
65095,3
65096,2
65097,3
65098,3
65099,2
65100,3
65101,2
65102,3
65103,3
65104,2
65105,3
65106,2
65107,3
65108,3
65109,2
65110,2
65111,2
65112,2
65113,2
65114,2
65115,2
65116,2
65117,3
65118,3
65119,2
65120,3
65121,2
65122,3
65123,1
65124,3
65125,3
65126,3
65127,2
65128,3
65129,2
65130,3
65131,3
65132,2
65133,2
65134,2
65135,3
65136,3
65137,3
65138,2
65139,2
65140,3
65141,3
65142,3
65143,3
65144,3
65145,2
65146,3
65147,2
65148,3
65149,3
65150,3
65151,3
65152,3
65153,3
65154,3
65155,3
65156,3
65157,3
65158,3
65159,3
65160,2
65161,3
65162,2
65163,2
65164,2
65165,2
65166,3
65167,2
65168,2
65169,3
65170,3
65171,3
65172,3
65173,3
65174,2
65175,3
65176,3
65177,2
65178,3
65179,3
65180,3
65181,3
65182,3
65183,3
65184,3
65185,2
65186,3
65187,2
65188,3
65189,3
65190,2
65191,2
65192,2
65193,3
65194,2
65195,3
65196,3
65197,3
65198,2
65199,2
65200,2
65201,2
65202,2
65203,3
65204,2
65205,3
65206,3
65207,3
65208,3
65209,3
65210,2
65211,2
65212,2
65213,3
65214,2
65215,2
65216,3
65217,2
65218,3
65219,3
65220,3
65221,3
65222,2
65223,2
65224,3
65225,2
65226,3
65227,2
65228,3
65229,3
65230,2
65231,3
65232,3
65233,3
65234,2
65235,3
65236,2
65237,3
65238,3
65239,3
65240,3
65241,2
65242,3
65243,3
65244,3
65245,3
65246,3
65247,2
65248,3
65249,3
65250,2
65251,3
65252,3
65253,2
65254,1
65255,3
65256,3
65257,3
65258,1
65259,3
65260,3
65261,2
65262,2
65263,3
65264,3
65265,2
65266,2
65267,2
65268,2
65269,3
65270,2
65271,3
65272,3
65273,3
65274,2
65275,2
65276,3
65277,2
65278,2
65279,2
65280,3
65281,3
65282,2
65283,3
65284,3
65285,3
65286,3
65287,2
65288,2
65289,3
65290,2
65291,3
65292,3
65293,3
65294,3
65295,3
65296,2
65297,3
65298,3
65299,3
65300,3
65301,3
65302,3
65303,2
65304,3
65305,3
65306,3
65307,3
65308,3
65309,2
65310,3
65311,3
65312,3
65313,3
65314,3
65315,3
65316,3
65317,3
65318,3
65319,3
65320,3
65321,3
65322,3
65323,3
65324,3
65325,2
65326,3
65327,3
65328,3
65329,3
65330,3
65331,3
65332,3
65333,3
65334,3
65335,3
65336,2
65337,2
65338,2
65339,2
65340,3
65341,3
65342,3
65343,2
65344,3
65345,3
65346,3
65347,2
65348,2
65349,2
65350,2
65351,2
65352,3
65353,2
65354,2
65355,3
65356,2
65357,3
65358,2
65359,2
65360,2
65361,2
65362,2
65363,3
65364,3
65365,3
65366,3
65367,3
65368,3
65369,3
65370,2
65371,2
65372,2
65373,0
65374,3
65375,3
65376,1
65377,2
65378,2
65379,3
65380,3
65381,3
65382,1
65383,3
65384,1
65385,1
65386,1
65387,3
65388,1
65389,1
65390,3
65391,3
65392,2
65393,3
65394,3
65395,2
65396,2
65397,2
65398,2
65399,2
65400,3
65401,2
65402,2
65403,3
65404,2
65405,3
65406,3
65407,3
65408,3
65409,3
65410,3
65411,3
65412,3
65413,3
65414,3
65415,3
65416,3
65417,3
65418,3
65419,2
65420,3
65421,3
65422,3
65423,3
65424,2
65425,3
65426,2
65427,3
65428,2
65429,2
65430,3
65431,2
65432,2
65433,2
65434,2
65435,2
65436,2
65437,2
65438,2
65439,3
65440,3
65441,3
65442,3
65443,3
65444,3
65445,3
65446,3
65447,3
65448,3
65449,3
65450,3
65451,3
65452,3
65453,3
65454,3
65455,3
65456,2
65457,3
65458,3
65459,3
65460,3
65461,2
65462,2
65463,2
65464,3
65465,3
65466,3
65467,3
65468,3
65469,2
65470,2
65471,3
65472,2
65473,2
65474,3
65475,2
65476,3
65477,2
65478,2
65479,3
65480,3
65481,3
65482,3
65483,2
65484,1
65485,1
65486,3
65487,2
65488,3
65489,3
65490,3
65491,3
65492,3
65493,3
65494,3
65495,3
65496,3
65497,2
65498,2
65499,3
65500,3
65501,2
65502,3
65503,3
65504,3
65505,3
65506,3
65507,3
65508,3
65509,3
65510,3
65511,3
65512,3
65513,3
65514,2
65515,2
65516,3
65517,2
65518,3
65519,3
65520,3
65521,3
65522,3
65523,3
65524,3
65525,3
65526,3
65527,3
65528,2
65529,3
65530,3
65531,3
65532,2
65533,2
65534,2
65535,3
65536,3
65537,2
65538,2
65539,2
65540,2
65541,3
65542,2
65543,3
65544,3
65545,3
65546,3
65547,3
65548,3
65549,3
65550,3
65551,3
65552,3
65553,3
65554,3
65555,2
65556,3
65557,2
65558,3
65559,2
65560,3
65561,3
65562,3
65563,3
65564,3
65565,2
65566,3
65567,3
65568,3
65569,3
65570,3
65571,3
65572,3
65573,3
65574,3
65575,2
65576,3
65577,3
65578,3
65579,3
65580,3
65581,3
65582,3
65583,3
65584,3
65585,3
65586,3
65587,3
65588,3
65589,3
65590,3
65591,3
65592,3
65593,3
65594,3
65595,3
65596,3
65597,3
65598,3
65599,3
65600,3
65601,1
65602,3
65603,3
65604,2
65605,3
65606,3
65607,3
65608,3
65609,3
65610,3
65611,3
65612,3
65613,3
65614,3
65615,3
65616,3
65617,3
65618,3
65619,3
65620,3
65621,3
65622,3
65623,3
65624,3
65625,3
65626,2
65627,3
65628,3
65629,3
65630,3
65631,3
65632,3
65633,2
65634,3
65635,3
65636,3
65637,3
65638,3
65639,2
65640,3
65641,3
65642,3
65643,3
65644,2
65645,3
65646,3
65647,2
65648,3
65649,3
65650,3
65651,3
65652,2
65653,3
65654,3
65655,3
65656,3
65657,2
65658,3
65659,3
65660,3
65661,3
65662,2
65663,2
65664,3
65665,3
65666,3
65667,2
65668,3
65669,2
65670,3
65671,3
65672,3
65673,2
65674,3
65675,2
65676,2
65677,2
65678,3
65679,3
65680,3
65681,3
65682,3
65683,3
65684,3
65685,3
65686,2
65687,2
65688,2
65689,2
65690,2
65691,2
65692,2
65693,2
65694,2
65695,3
65696,3
65697,3
65698,3
65699,2
65700,2
65701,3
65702,2
65703,3
65704,2
65705,3
65706,3
65707,3
65708,3
65709,3
65710,2
65711,2
65712,3
65713,2
65714,3
65715,2
65716,2
65717,2
65718,2
65719,2
65720,2
65721,3
65722,3
65723,3
65724,3
65725,3
65726,3
65727,2
65728,2
65729,3
65730,2
65731,2
65732,2
65733,3
65734,2
65735,2
65736,3
65737,2
65738,2
65739,2
65740,3
65741,2
65742,3
65743,2
65744,2
65745,2
65746,3
65747,3
65748,3
65749,2
65750,3
65751,2
65752,3
65753,2
65754,3
65755,3
65756,3
65757,2
65758,3
65759,3
65760,3
65761,2
65762,1
65763,3
65764,3
65765,2
65766,2
65767,2
65768,3
65769,3
65770,3
65771,3
65772,3
65773,3
65774,2
65775,2
65776,3
65777,2
65778,2
65779,2
65780,2
65781,2
65782,2
65783,3
65784,3
65785,2
65786,2
65787,3
65788,3
65789,3
65790,3
65791,3
65792,3
65793,3
65794,3
65795,3
65796,3
65797,3
65798,3
65799,3
65800,2
65801,3
65802,3
65803,3
65804,3
65805,2
65806,3
65807,3
65808,3
65809,3
65810,3
65811,3
65812,3
65813,3
65814,3
65815,2
65816,3
65817,3
65818,3
65819,3
65820,3
65821,3
65822,2
65823,3
65824,3
65825,3
65826,3
65827,2
65828,3
65829,3
65830,3
65831,3
65832,2
65833,3
65834,3
65835,3
65836,3
65837,3
65838,3
65839,3
65840,3
65841,3
65842,2
65843,3
65844,3
65845,3
65846,2
65847,3
65848,3
65849,2
65850,2
65851,2
65852,3
65853,2
65854,3
65855,3
65856,3
65857,3
65858,2
65859,2
65860,2
65861,2
65862,2
65863,2
65864,2
65865,2
65866,2
65867,2
65868,3
65869,3
65870,3
65871,3
65872,3
65873,3
65874,3
65875,3
65876,3
65877,3
65878,3
65879,3
65880,3
65881,3
65882,3
65883,3
65884,3
65885,3
65886,3
65887,3
65888,3
65889,3
65890,3
65891,2
65892,2
65893,2
65894,3
65895,3
65896,3
65897,2
65898,3
65899,3
65900,3
65901,2
65902,2
65903,3
65904,3
65905,3
65906,3
65907,3
65908,3
65909,2
65910,3
65911,2
65912,2
65913,2
65914,2
65915,2
65916,3
65917,3
65918,3
65919,2
65920,2
65921,2
65922,2
65923,3
65924,3
65925,3
65926,3
65927,2
65928,3
65929,2
65930,1
65931,2
65932,3
65933,2
65934,3
65935,3
65936,3
65937,3
65938,3
65939,2
65940,3
65941,3
65942,3
65943,2
65944,2
65945,2
65946,2
65947,3
65948,3
65949,3
65950,2
65951,2
65952,2
65953,2
65954,2
65955,2
65956,2
65957,3
65958,3
65959,3
65960,3
65961,3
65962,3
65963,2
65964,3
65965,2
65966,2
65967,2
65968,2
65969,2
65970,2
65971,3
65972,3
65973,2
65974,2
65975,2
65976,2
65977,2
65978,3
65979,3
65980,3
65981,3
65982,4
65983,3
65984,2
65985,3
65986,3
65987,3
65988,3
65989,3
65990,3
65991,2
65992,3
65993,3
65994,3
65995,3
65996,3
65997,3
65998,3
65999,3
66000,3
66001,3
66002,3
66003,2
66004,3
66005,3
66006,3
66007,3
66008,3
66009,3
66010,2
66011,3
66012,3
66013,3
66014,3
66015,3
66016,3
66017,3
66018,3
66019,3
66020,3
66021,3
66022,3
66023,3
66024,3
66025,3
66026,3
66027,2
66028,3
66029,3
66030,2
66031,3
66032,3
66033,2
66034,3
66035,3
66036,3
66037,2
66038,3
66039,2
66040,2
66041,3
66042,3
66043,2
66044,2
66045,2
66046,3
66047,3
66048,3
66049,3
66050,3
66051,3
66052,3
66053,2
66054,3
66055,2
66056,3
66057,3
66058,3
66059,3
66060,2
66061,2
66062,2
66063,2
66064,2
66065,3
66066,3
66067,3
66068,3
66069,2
66070,3
66071,2
66072,2
66073,3
66074,2
66075,3
66076,2
66077,3
66078,3
66079,3
66080,3
66081,2
66082,3
66083,3
66084,3
66085,3
66086,3
66087,3
66088,3
66089,3
66090,3
66091,3
66092,3
66093,3
66094,3
66095,3
66096,3
66097,3
66098,3
66099,3
66100,3
66101,3
66102,3
66103,3
66104,3
66105,3
66106,3
66107,2
66108,3
66109,3
66110,2
66111,3
66112,2
66113,2
66114,3
66115,3
66116,2
66117,2
66118,3
66119,3
66120,2
66121,3
66122,2
66123,3
66124,3
66125,3
66126,2
66127,2
66128,3
66129,3
66130,3
66131,3
66132,3
66133,3
66134,3
66135,3
66136,3
66137,3
66138,3
66139,3
66140,3
66141,3
66142,3
66143,3
66144,2
66145,3
66146,3
66147,3
66148,3
66149,3
66150,3
66151,3
66152,2
66153,3
66154,2
66155,2
66156,2
66157,3
66158,3
66159,3
66160,2
66161,3
66162,3
66163,3
66164,3
66165,3
66166,3
66167,2
66168,2
66169,3
66170,2
66171,3
66172,3
66173,3
66174,3
66175,3
66176,0
66177,3
66178,3
66179,3
66180,2
66181,2
66182,3
66183,2
66184,3
66185,2
66186,2
66187,2
66188,2
66189,2
66190,2
66191,2
66192,2
66193,2
66194,3
66195,2
66196,3
66197,2
66198,2
66199,2
66200,2
66201,3
66202,2
66203,2
66204,2
66205,3
66206,3
66207,2
66208,2
66209,2
66210,2
66211,2
66212,0
66213,2
66214,3
66215,3
66216,3
66217,3
66218,3
66219,3
66220,3
66221,3
66222,3
66223,3
66224,3
66225,3
66226,3
66227,3
66228,3
66229,3
66230,3
66231,0
66232,3
66233,3
66234,0
66235,0
66236,3
66237,0
66238,0
66239,0
66240,2
66241,2
66242,2
66243,2
66244,3
66245,3
66246,3
66247,0
66248,0
66249,2
66250,3
66251,3
66252,3
66253,3
66254,3
66255,0
66256,3
66257,3
66258,0
66259,2
66260,3
66261,3
66262,3
66263,3
66264,0
66265,2
66266,3
66267,3
66268,0
66269,3
66270,3
66271,3
66272,0
66273,3
66274,3
66275,3
66276,2
66277,1
66278,3
66279,2
66280,2
66281,2
66282,3
66283,2
66284,2
66285,3
66286,3
66287,3
66288,3
66289,3
66290,3
66291,3
66292,2
66293,0
66294,2
66295,3
66296,3
66297,3
66298,0
66299,3
66300,2
66301,0
66302,3
66303,3
66304,3
66305,3
66306,3
66307,2
66308,2
66309,2
66310,2
66311,3
66312,3
66313,3
66314,2
66315,2
66316,3
66317,3
66318,3
66319,3
66320,3
66321,3
66322,3
66323,3
66324,3
66325,3
66326,3
66327,3
66328,3
66329,2
66330,3
66331,3
66332,3
66333,2
66334,3
66335,2
66336,3
66337,3
66338,3
66339,3
66340,3
66341,3
66342,3
66343,3
66344,3
66345,3
66346,2
66347,3
66348,2
66349,1
66350,3
66351,2
66352,0
66353,2
66354,2
66355,3
66356,2
66357,2
66358,3
66359,3
66360,3
66361,3
66362,3
66363,3
66364,3
66365,3
66366,3
66367,3
66368,3
66369,3
66370,3
66371,3
66372,3
66373,3
66374,3
66375,3
66376,3
66377,3
66378,3
66379,3
66380,2
66381,2
66382,3
66383,3
66384,3
66385,3
66386,3
66387,3
66388,2
66389,2
66390,3
66391,1
66392,1
66393,3
66394,3
66395,3
66396,3
66397,3
66398,3
66399,3
66400,3
66401,3
66402,2
66403,3
66404,3
66405,3
66406,2
66407,2
66408,3
66409,3
66410,3
66411,3
66412,3
66413,3
66414,3
66415,3
66416,3
66417,3
66418,3
66419,2
66420,3
66421,3
66422,3
66423,3
66424,3
66425,3
66426,3
66427,3
66428,3
66429,3
66430,2
66431,3
66432,3
66433,3
66434,3
66435,3
66436,3
66437,3
66438,2
66439,3
66440,3
66441,3
66442,3
66443,3
66444,3
66445,0
66446,0
66447,3
66448,0
66449,3
66450,3
66451,3
66452,0
66453,3
66454,0
66455,3
66456,2
66457,0
66458,3
66459,3
66460,3
66461,0
66462,3
66463,3
66464,3
66465,3
66466,3
66467,3
66468,3
66469,0
66470,0
66471,3
66472,3
66473,3
66474,3
66475,3
66476,0
66477,0
66478,1
66479,0
66480,0
66481,3
66482,3
66483,3
66484,3
66485,3
66486,2
66487,3
66488,3
66489,2
66490,3
66491,3
66492,3
66493,3
66494,3
66495,3
66496,3
66497,2
66498,2
66499,2
66500,3
66501,3
66502,2
66503,3
66504,3
66505,3
66506,3
66507,3
66508,3
66509,3
66510,3
66511,2
66512,3
66513,3
66514,2
66515,2
66516,3
66517,3
66518,3
66519,3
66520,3
66521,2
66522,3
66523,3
66524,3
66525,2
66526,3
66527,3
66528,3
66529,3
66530,0
66531,3
66532,3
66533,3
66534,3
66535,3
66536,3
66537,3
66538,3
66539,3
66540,2
66541,3
66542,3
66543,2
66544,3
66545,3
66546,3
66547,3
66548,3
66549,3
66550,3
66551,3
66552,3
66553,3
66554,3
66555,3
66556,2
66557,3
66558,1
66559,2
66560,2
66561,2
66562,3
66563,3
66564,3
66565,3
66566,3
66567,3
66568,3
66569,3
66570,3
66571,3
66572,3
66573,3
66574,2
66575,3
66576,2
66577,2
66578,3
66579,2
66580,1
66581,2
66582,2
66583,2
66584,2
66585,2
66586,2
66587,2
66588,2
66589,2
66590,2
66591,2
66592,2
66593,2
66594,2
66595,3
66596,3
66597,3
66598,3
66599,2
66600,2
66601,3
66602,3
66603,3
66604,3
66605,3
66606,3
66607,2
66608,3
66609,3
66610,3
66611,3
66612,3
66613,3
66614,3
66615,3
66616,3
66617,3
66618,3
66619,3
66620,3
66621,3
66622,3
66623,3
66624,2
66625,2
66626,3
66627,3
66628,3
66629,3
66630,3
66631,3
66632,3
66633,2
66634,2
66635,2
66636,2
66637,2
66638,3
66639,3
66640,3
66641,3
66642,3
66643,2
66644,2
66645,3
66646,3
66647,2
66648,3
66649,3
66650,3
66651,1
66652,3
66653,3
66654,3
66655,3
66656,2
66657,3
66658,3
66659,3
66660,2
66661,2
66662,2
66663,3
66664,2
66665,3
66666,1
66667,3
66668,2
66669,2
66670,3
66671,3
66672,2
66673,3
66674,2
66675,2
66676,3
66677,2
66678,3
66679,3
66680,3
66681,3
66682,3
66683,3
66684,3
66685,3
66686,3
66687,3
66688,3
66689,3
66690,3
66691,3
66692,3
66693,3
66694,3
66695,3
66696,4
66697,3
66698,2
66699,2
66700,3
66701,3
66702,3
66703,3
66704,3
66705,3
66706,2
66707,2
66708,3
66709,2
66710,3
66711,3
66712,3
66713,2
66714,3
66715,3
66716,2
66717,3
66718,3
66719,3
66720,3
66721,1
66722,1
66723,1
66724,1
66725,1
66726,1
66727,1
66728,1
66729,1
66730,2
66731,2
66732,3
66733,2
66734,3
66735,2
66736,2
66737,2
66738,2
66739,2
66740,2
66741,2
66742,2
66743,2
66744,3
66745,3
66746,3
66747,3
66748,3
66749,2
66750,2
66751,1
66752,2
66753,2
66754,1
66755,3
66756,1
66757,2
66758,2
66759,2
66760,2
66761,2
66762,2
66763,2
66764,2
66765,2
66766,2
66767,2
66768,2
66769,3
66770,3
66771,2
66772,2
66773,3
66774,3
66775,2
66776,3
66777,3
66778,3
66779,3
66780,3
66781,3
66782,3
66783,2
66784,2
66785,2
66786,2
66787,2
66788,3
66789,3
66790,3
66791,3
66792,3
66793,2
66794,2
66795,3
66796,3
66797,3
66798,2
66799,2
66800,2
66801,2
66802,2
66803,2
66804,2
66805,2
66806,2
66807,1
66808,3
66809,3
66810,3
66811,3
66812,2
66813,3
66814,2
66815,1
66816,3
66817,3
66818,3
66819,3
66820,3
66821,3
66822,3
66823,3
66824,2
66825,3
66826,3
66827,3
66828,3
66829,3
66830,3
66831,2
66832,2
66833,3
66834,3
66835,3
66836,1
66837,3
66838,3
66839,3
66840,2
66841,2
66842,3
66843,2
66844,3
66845,2
66846,2
66847,2
66848,2
66849,3
66850,3
66851,3
66852,3
66853,3
66854,3
66855,3
66856,3
66857,3
66858,3
66859,3
66860,3
66861,3
66862,3
66863,2
66864,2
66865,3
66866,2
66867,2
66868,2
66869,2
66870,2
66871,3
66872,2
66873,2
66874,3
66875,3
66876,3
66877,3
66878,1
66879,3
66880,2
66881,3
66882,1
66883,2
66884,2
66885,2
66886,3
66887,2
66888,3
66889,3
66890,3
66891,1
66892,2
66893,2
66894,3
66895,3
66896,3
66897,3
66898,2
66899,3
66900,2
66901,2
66902,3
66903,2
66904,2
66905,3
66906,1
66907,3
66908,3
66909,2
66910,2
66911,3
66912,2
66913,2
66914,2
66915,2
66916,3
66917,3
66918,1
66919,1
66920,3
66921,3
66922,2
66923,3
66924,2
66925,2
66926,3
66927,3
66928,3
66929,2
66930,3
66931,2
66932,2
66933,1
66934,3
66935,2
66936,3
66937,3
66938,3
66939,1
66940,3
66941,1
66942,1
66943,3
66944,1
66945,3
66946,3
66947,2
66948,1
66949,2
66950,2
66951,2
66952,2
66953,3
66954,2
66955,3
66956,3
66957,2
66958,2
66959,3
66960,3
66961,3
66962,2
66963,3
66964,2
66965,3
66966,3
66967,3
66968,2
66969,2
66970,3
66971,2
66972,3
66973,2
66974,2
66975,3
66976,3
66977,3
66978,2
66979,2
66980,2
66981,3
66982,3
66983,3
66984,3
66985,3
66986,3
66987,3
66988,3
66989,3
66990,3
66991,3
66992,3
66993,2
66994,2
66995,2
66996,2
66997,2
66998,2
66999,2
67000,2
67001,2
67002,2
67003,2
67004,2
67005,1
67006,2
67007,2
67008,2
67009,2
67010,3
67011,2
67012,2
67013,2
67014,2
67015,3
67016,2
67017,2
67018,2
67019,3
67020,2
67021,2
67022,2
67023,3
67024,2
67025,2
67026,3
67027,3
67028,3
67029,3
67030,3
67031,3
67032,3
67033,3
67034,3
67035,3
67036,3
67037,3
67038,3
67039,3
67040,3
67041,3
67042,3
67043,3
67044,3
67045,2
67046,3
67047,3
67048,3
67049,3
67050,3
67051,2
67052,1
67053,3
67054,2
67055,3
67056,2
67057,2
67058,2
67059,3
67060,2
67061,3
67062,3
67063,3
67064,3
67065,3
67066,2
67067,3
67068,3
67069,2
67070,3
67071,2
67072,2
67073,3
67074,3
67075,3
67076,3
67077,3
67078,3
67079,3
67080,2
67081,2
67082,2
67083,2
67084,3
67085,3
67086,3
67087,3
67088,3
67089,3
67090,3
67091,3
67092,1
67093,3
67094,3
67095,3
67096,3
67097,3
67098,3
67099,3
67100,2
67101,3
67102,3
67103,3
67104,3
67105,1
67106,3
67107,2
67108,3
67109,1
67110,3
67111,3
67112,3
67113,2
67114,3
67115,3
67116,3
67117,2
67118,3
67119,3
67120,3
67121,3
67122,3
67123,3
67124,2
67125,2
67126,3
67127,2
67128,2
67129,2
67130,2
67131,2
67132,3
67133,3
67134,1
67135,3
67136,3
67137,3
67138,3
67139,3
67140,3
67141,3
67142,3
67143,3
67144,3
67145,3
67146,2
67147,3
67148,3
67149,3
67150,3
67151,3
67152,3
67153,1
67154,3
67155,3
67156,3
67157,1
67158,1
67159,1
67160,1
67161,1
67162,1
67163,1
67164,3
67165,3
67166,3
67167,3
67168,3
67169,3
67170,3
67171,3
67172,3
67173,3
67174,3
67175,3
67176,3
67177,1
67178,1
67179,3
67180,3
67181,3
67182,3
67183,3
67184,3
67185,3
67186,3
67187,2
67188,2
67189,2
67190,3
67191,3
67192,3
67193,2
67194,3
67195,3
67196,1
67197,3
67198,3
67199,3
67200,3
67201,3
67202,3
67203,3
67204,3
67205,3
67206,2
67207,2
67208,3
67209,3
67210,2
67211,3
67212,3
67213,3
67214,3
67215,2
67216,2
67217,2
67218,2
67219,3
67220,3
67221,3
67222,3
67223,2
67224,3
67225,3
67226,3
67227,3
67228,3
67229,2
67230,3
67231,3
67232,3
67233,3
67234,2
67235,2
67236,2
67237,2
67238,3
67239,2
67240,2
67241,3
67242,3
67243,3
67244,3
67245,3
67246,3
67247,1
67248,3
67249,3
67250,2
67251,3
67252,3
67253,2
67254,3
67255,3
67256,1
67257,3
67258,2
67259,2
67260,3
67261,3
67262,3
67263,2
67264,3
67265,3
67266,2
67267,3
67268,3
67269,3
67270,3
67271,2
67272,3
67273,3
67274,3
67275,3
67276,3
67277,3
67278,2
67279,3
67280,3
67281,3
67282,1
67283,3
67284,3
67285,1
67286,3
67287,2
67288,2
67289,3
67290,3
67291,2
67292,1
67293,1
67294,2
67295,2
67296,2
67297,1
67298,1
67299,1
67300,3
67301,1
67302,3
67303,2
67304,2
67305,1
67306,1
67307,1
67308,1
67309,1
67310,2
67311,2
67312,2
67313,2
67314,3
67315,3
67316,3
67317,1
67318,1
67319,3
67320,3
67321,3
67322,2
67323,3
67324,2
67325,2
67326,3
67327,3
67328,2
67329,2
67330,2
67331,2
67332,2
67333,2
67334,2
67335,2
67336,2
67337,2
67338,2
67339,2
67340,2
67341,2
67342,2
67343,2
67344,2
67345,1
67346,2
67347,1
67348,2
67349,2
67350,2
67351,2
67352,2
67353,2
67354,2
67355,2
67356,2
67357,2
67358,2
67359,2
67360,2
67361,2
67362,2
67363,2
67364,2
67365,2
67366,2
67367,2
67368,2
67369,2
67370,2
67371,2
67372,2
67373,2
67374,2
67375,2
67376,2
67377,2
67378,2
67379,2
67380,2
67381,2
67382,2
67383,2
67384,2
67385,2
67386,2
67387,2
67388,2
67389,2
67390,2
67391,2
67392,2
67393,2
67394,2
67395,2
67396,2
67397,2
67398,2
67399,2
67400,2
67401,2
67402,2
67403,2
67404,2
67405,2
67406,2
67407,2
67408,2
67409,2
67410,2
67411,2
67412,2
67413,2
67414,2
67415,2
67416,2
67417,2
67418,2
67419,2
67420,2
67421,2
67422,2
67423,2
67424,2
67425,2
67426,2
67427,2
67428,2
67429,2
67430,2
67431,2
67432,2
67433,2
67434,2
67435,2
67436,2
67437,2
67438,2
67439,2
67440,2
67441,2
67442,2
67443,2
67444,2
67445,2
67446,2
67447,2
67448,2
67449,2
67450,3
67451,2
67452,2
67453,3
67454,2
67455,3
67456,2
67457,2
67458,2
67459,2
67460,2
67461,3
67462,3
67463,3
67464,2
67465,3
67466,2
67467,2
67468,2
67469,3
67470,2
67471,2
67472,2
67473,2
67474,2
67475,2
67476,2
67477,2
67478,2
67479,2
67480,2
67481,2
67482,2
67483,2
67484,2
67485,2
67486,2
67487,2
67488,2
67489,2
67490,2
67491,2
67492,2
67493,2
67494,2
67495,2
67496,2
67497,2
67498,2
67499,2
67500,2
67501,2
67502,2
67503,2
67504,2
67505,2
67506,2
67507,2
67508,2
67509,2
67510,2
67511,2
67512,2
67513,2
67514,2
67515,2
67516,2
67517,2
67518,2
67519,2
67520,2
67521,2
67522,2
67523,2
67524,2
67525,2
67526,2
67527,2
67528,2
67529,2
67530,2
67531,2
67532,2
67533,2
67534,2
67535,2
67536,2
67537,2
67538,2
67539,2
67540,2
67541,2
67542,2
67543,2
67544,2
67545,2
67546,2
67547,2
67548,1
67549,1
67550,1
67551,1
67552,1
67553,3
67554,2
67555,3
67556,3
67557,3
67558,3
67559,2
67560,3
67561,2
67562,2
67563,2
67564,2
67565,3
67566,2
67567,2
67568,2
67569,2
67570,2
67571,2
67572,2
67573,3
67574,2
67575,2
67576,2
67577,2
67578,2
67579,2
67580,2
67581,2
67582,2
67583,2
67584,2
67585,2
67586,2
67587,2
67588,2
67589,3
67590,2
67591,2
67592,2
67593,2
67594,2
67595,2
67596,2
67597,2
67598,2
67599,2
67600,2
67601,2
67602,2
67603,2
67604,2
67605,2
67606,2
67607,2
67608,2
67609,2
67610,3
67611,2
67612,3
67613,2
67614,2
67615,3
67616,3
67617,2
67618,4
67619,2
67620,2
67621,3
67622,2
67623,2
67624,2
67625,2
67626,2
67627,2
67628,2
67629,2
67630,2
67631,2
67632,2
67633,2
67634,2
67635,2
67636,2
67637,2
67638,2
67639,2
67640,2
67641,2
67642,2
67643,2
67644,2
67645,2
67646,2
67647,2
67648,3
67649,2
67650,2
67651,2
67652,2
67653,2
67654,3
67655,2
67656,2
67657,3
67658,2
67659,2
67660,2
67661,2
67662,2
67663,2
67664,2
67665,3
67666,3
67667,3
67668,2
67669,2
67670,3
67671,2
67672,3
67673,3
67674,2
67675,2
67676,2
67677,2
67678,3
67679,2
67680,3
67681,2
67682,2
67683,2
67684,2
67685,3
67686,3
67687,3
67688,3
67689,3
67690,2
67691,2
67692,2
67693,2
67694,3
67695,2
67696,2
67697,3
67698,3
67699,2
67700,2
67701,2
67702,2
67703,3
67704,2
67705,2
67706,3
67707,2
67708,2
67709,3
67710,3
67711,3
67712,3
67713,3
67714,3
67715,3
67716,3
67717,3
67718,3
67719,3
67720,3
67721,3
67722,3
67723,3
67724,3
67725,3
67726,3
67727,3
67728,3
67729,3
67730,3
67731,3
67732,0
67733,3
67734,2
67735,3
67736,2
67737,3
67738,3
67739,3
67740,2
67741,3
67742,3
67743,2
67744,3
67745,3
67746,3
67747,3
67748,3
67749,3
67750,3
67751,3
67752,3
67753,3
67754,3
67755,3
67756,3
67757,3
67758,3
67759,3
67760,3
67761,3
67762,3
67763,3
67764,3
67765,3
67766,3
67767,3
67768,3
67769,3
67770,1
67771,1
67772,3
67773,3
67774,3
67775,2
67776,3
67777,3
67778,3
67779,3
67780,3
67781,3
67782,3
67783,3
67784,3
67785,3
67786,0
67787,3
67788,3
67789,2
67790,0
67791,3
67792,3
67793,3
67794,3
67795,2
67796,3
67797,2
67798,3
67799,2
67800,3
67801,3
67802,3
67803,3
67804,3
67805,3
67806,3
67807,3
67808,3
67809,2
67810,3
67811,2
67812,3
67813,3
67814,3
67815,3
67816,2
67817,3
67818,3
67819,2
67820,2
67821,2
67822,2
67823,2
67824,0
67825,2
67826,0
67827,0
67828,0
67829,0
67830,0
67831,0
67832,2
67833,2
67834,3
67835,3
67836,2
67837,3
67838,3
67839,3
67840,3
67841,3
67842,3
67843,3
67844,3
67845,3
67846,3
67847,3
67848,3
67849,3
67850,3
67851,3
67852,3
67853,3
67854,3
67855,3
67856,3
67857,3
67858,3
67859,3
67860,3
67861,3
67862,3
67863,3
67864,3
67865,2
67866,2
67867,3
67868,2
67869,3
67870,3
67871,2
67872,3
67873,3
67874,3
67875,3
67876,3
67877,2
67878,2
67879,3
67880,3
67881,3
67882,3
67883,3
67884,3
67885,3
67886,3
67887,3
67888,3
67889,2
67890,3
67891,3
67892,3
67893,3
67894,3
67895,3
67896,3
67897,3
67898,3
67899,3
67900,3
67901,3
67902,3
67903,3
67904,2
67905,3
67906,3
67907,2
67908,2
67909,2
67910,3
67911,3
67912,3
67913,3
67914,3
67915,3
67916,2
67917,3
67918,3
67919,1
67920,3
67921,3
67922,3
67923,3
67924,3
67925,3
67926,3
67927,3
67928,3
67929,3
67930,3
67931,3
67932,3
67933,3
67934,3
67935,3
67936,3
67937,2
67938,3
67939,3
67940,2
67941,2
67942,3
67943,2
67944,3
67945,2
67946,3
67947,3
67948,3
67949,3
67950,3
67951,3
67952,3
67953,3
67954,3
67955,3
67956,3
67957,3
67958,3
67959,3
67960,3
67961,3
67962,3
67963,3
67964,3
67965,3
67966,2
67967,3
67968,3
67969,3
67970,3
67971,0
67972,0
67973,1
67974,1
67975,3
67976,3
67977,3
67978,3
67979,3
67980,3
67981,3
67982,3
67983,3
67984,3
67985,2
67986,3
67987,3
67988,3
67989,3
67990,2
67991,2
67992,3
67993,3
67994,3
67995,3
67996,2
67997,3
67998,3
67999,2
68000,3
68001,3
68002,3
68003,2
68004,2
68005,3
68006,3
68007,3
68008,3
68009,3
68010,3
68011,3
68012,3
68013,3
68014,3
68015,3
68016,3
68017,2
68018,3
68019,3
68020,3
68021,3
68022,2
68023,3
68024,3
68025,2
68026,3
68027,2
68028,2
68029,3
68030,2
68031,2
68032,3
68033,3
68034,3
68035,3
68036,2
68037,2
68038,2
68039,3
68040,3
68041,3
68042,3
68043,3
68044,3
68045,3
68046,3
68047,3
68048,3
68049,3
68050,3
68051,3
68052,3
68053,2
68054,3
68055,3
68056,3
68057,1
68058,3
68059,3
68060,2
68061,1
68062,1
68063,1
68064,1
68065,1
68066,1
68067,1
68068,1
68069,1
68070,1
68071,1
68072,1
68073,1
68074,1
68075,3
68076,1
68077,1
68078,1
68079,1
68080,1
68081,3
68082,1
68083,1
68084,1
68085,1
68086,3
68087,1
68088,1
68089,3
68090,3
68091,1
68092,3
68093,2
68094,3
68095,1
68096,1
68097,1
68098,3
68099,1
68100,3
68101,1
68102,1
68103,3
68104,1
68105,3
68106,3
68107,3
68108,1
68109,1
68110,1
68111,3
68112,1
68113,1
68114,1
68115,1
68116,1
68117,1
68118,2
68119,3
68120,3
68121,1
68122,1
68123,1
68124,1
68125,3
68126,1
68127,1
68128,1
68129,1
68130,1
68131,1
68132,1
68133,1
68134,2
68135,1
68136,1
68137,1
68138,1
68139,3
68140,3
68141,3
68142,3
68143,3
68144,1
68145,3
68146,1
68147,1
68148,3
68149,3
68150,1
68151,1
68152,1
68153,1
68154,1
68155,1
68156,1
68157,3
68158,1
68159,1
68160,1
68161,3
68162,1
68163,1
68164,3
68165,1
68166,1
68167,1
68168,1
68169,1
68170,1
68171,2
68172,1
68173,1
68174,1
68175,1
68176,2
68177,2
68178,2
68179,3
68180,2
68181,3
68182,3
68183,3
68184,3
68185,3
68186,3
68187,3
68188,3
68189,3
68190,3
68191,3
68192,3
68193,3
68194,3
68195,3
68196,3
68197,3
68198,3
68199,3
68200,3
68201,2
68202,3
68203,3
68204,3
68205,3
68206,3
68207,3
68208,3
68209,3
68210,3
68211,3
68212,3
68213,3
68214,3
68215,2
68216,3
68217,3
68218,3
68219,3
68220,3
68221,3
68222,3
68223,3
68224,2
68225,3
68226,3
68227,3
68228,3
68229,3
68230,3
68231,3
68232,3
68233,2
68234,2
68235,3
68236,2
68237,3
68238,3
68239,3
68240,3
68241,3
68242,2
68243,2
68244,3
68245,2
68246,3
68247,2
68248,3
68249,3
68250,3
68251,3
68252,2
68253,3
68254,3
68255,3
68256,3
68257,3
68258,3
68259,3
68260,2
68261,3
68262,3
68263,3
68264,2
68265,3
68266,3
68267,3
68268,3
68269,2
68270,3
68271,3
68272,2
68273,2
68274,3
68275,3
68276,3
68277,3
68278,3
68279,2
68280,3
68281,2
68282,2
68283,3
68284,3
68285,2
68286,2
68287,2
68288,3
68289,3
68290,3
68291,2
68292,3
68293,3
68294,3
68295,3
68296,3
68297,3
68298,3
68299,3
68300,3
68301,3
68302,3
68303,3
68304,3
68305,3
68306,2
68307,0
68308,2
68309,3
68310,3
68311,3
68312,2
68313,3
68314,2
68315,2
68316,2
68317,3
68318,3
68319,3
68320,2
68321,2
68322,3
68323,2
68324,4
68325,3
68326,3
68327,3
68328,3
68329,3
68330,3
68331,3
68332,2
68333,3
68334,3
68335,2
68336,2
68337,0
68338,2
68339,3
68340,2
68341,2
68342,3
68343,3
68344,2
68345,3
68346,2
68347,2
68348,3
68349,2
68350,2
68351,3
68352,2
68353,3
68354,2
68355,3
68356,2
68357,3
68358,3
68359,3
68360,3
68361,3
68362,3
68363,3
68364,2
68365,3
68366,3
68367,3
68368,3
68369,0
68370,3
68371,3
68372,3
68373,3
68374,3
68375,3
68376,3
68377,3
68378,3
68379,3
68380,3
68381,3
68382,3
68383,3
68384,2
68385,2
68386,3
68387,3
68388,0
68389,3
68390,3
68391,3
68392,3
68393,3
68394,3
68395,3
68396,3
68397,3
68398,3
68399,2
68400,2
68401,3
68402,2
68403,2
68404,3
68405,3
68406,3
68407,2
68408,2
68409,2
68410,3
68411,2
68412,2
68413,2
68414,2
68415,2
68416,2
68417,3
68418,3
68419,3
68420,2
68421,3
68422,3
68423,3
68424,3
68425,3
68426,3
68427,3
68428,3
68429,3
68430,3
68431,3
68432,3
68433,2
68434,3
68435,3
68436,3
68437,3
68438,3
68439,3
68440,2
68441,2
68442,3
68443,2
68444,3
68445,3
68446,0
68447,3
68448,3
68449,3
68450,3
68451,3
68452,3
68453,3
68454,3
68455,3
68456,3
68457,3
68458,3
68459,3
68460,2
68461,2
68462,3
68463,2
68464,3
68465,3
68466,3
68467,3
68468,3
68469,3
68470,3
68471,3
68472,3
68473,3
68474,3
68475,3
68476,3
68477,3
68478,3
68479,3
68480,3
68481,3
68482,3
68483,3
68484,3
68485,2
68486,3
68487,3
68488,3
68489,3
68490,3
68491,3
68492,2
68493,3
68494,2
68495,3
68496,3
68497,3
68498,3
68499,3
68500,3
68501,3
68502,3
68503,3
68504,3
68505,0
68506,3
68507,3
68508,3
68509,3
68510,3
68511,3
68512,3
68513,2
68514,3
68515,2
68516,3
68517,3
68518,3
68519,3
68520,3
68521,0
68522,3
68523,3
68524,3
68525,3
68526,3
68527,3
68528,3
68529,3
68530,2
68531,3
68532,3
68533,3
68534,3
68535,3
68536,3
68537,3
68538,3
68539,3
68540,3
68541,3
68542,3
68543,3
68544,3
68545,3
68546,3
68547,3
68548,3
68549,2
68550,2
68551,2
68552,3
68553,3
68554,2
68555,2
68556,3
68557,3
68558,2
68559,3
68560,2
68561,3
68562,2
68563,2
68564,3
68565,3
68566,3
68567,3
68568,3
68569,3
68570,3
68571,3
68572,0
68573,0
68574,0
68575,0
68576,0
68577,3
68578,2
68579,2
68580,2
68581,3
68582,0
68583,3
68584,0
68585,0
68586,0
68587,3
68588,3
68589,3
68590,3
68591,3
68592,3
68593,2
68594,3
68595,3
68596,2
68597,3
68598,3
68599,3
68600,3
68601,3
68602,3
68603,3
68604,3
68605,3
68606,3
68607,3
68608,3
68609,3
68610,1
68611,1
68612,1
68613,3
68614,3
68615,3
68616,3
68617,2
68618,1
68619,1
68620,1
68621,1
68622,1
68623,1
68624,1
68625,1
68626,1
68627,3
68628,1
68629,1
68630,1
68631,2
68632,3
68633,3
68634,2
68635,2
68636,3
68637,3
68638,3
68639,3
68640,3
68641,3
68642,3
68643,3
68644,3
68645,3
68646,3
68647,3
68648,3
68649,3
68650,3
68651,3
68652,3
68653,3
68654,3
68655,3
68656,3
68657,3
68658,3
68659,1
68660,1
68661,1
68662,1
68663,3
68664,1
68665,1
68666,3
68667,3
68668,3
68669,3
68670,3
68671,3
68672,3
68673,3
68674,3
68675,2
68676,3
68677,3
68678,3
68679,3
68680,3
68681,3
68682,3
68683,3
68684,3
68685,3
68686,3
68687,3
68688,3
68689,0
68690,0
68691,0
68692,3
68693,3
68694,2
68695,2
68696,2
68697,3
68698,3
68699,3
68700,3
68701,2
68702,3
68703,0
68704,3
68705,0
68706,3
68707,3
68708,3
68709,2
68710,3
68711,2
68712,3
68713,3
68714,3
68715,3
68716,3
68717,3
68718,3
68719,3
68720,3
68721,2
68722,3
68723,2
68724,3
68725,0
68726,0
68727,3
68728,0
68729,2
68730,3
68731,3
68732,3
68733,3
68734,3
68735,3
68736,3
68737,3
68738,3
68739,3
68740,3
68741,0
68742,3
68743,3
68744,3
68745,3
68746,2
68747,3
68748,2
68749,3
68750,1
68751,0
68752,3
68753,3
68754,2
68755,3
68756,2
68757,2
68758,3
68759,3
68760,3
68761,2
68762,3
68763,3
68764,2
68765,2
68766,2
68767,3
68768,2
68769,3
68770,3
68771,0
68772,3
68773,3
68774,3
68775,3
68776,3
68777,3
68778,3
68779,3
68780,3
68781,2
68782,3
68783,3
68784,3
68785,3
68786,3
68787,1
68788,3
68789,3
68790,3
68791,1
68792,1
68793,2
68794,3
68795,2
68796,3
68797,2
68798,3
68799,0
68800,3
68801,3
68802,2
68803,3
68804,3
68805,3
68806,2
68807,3
68808,3
68809,3
68810,2
68811,3
68812,3
68813,3
68814,2
68815,2
68816,3
68817,3
68818,3
68819,2
68820,3
68821,3
68822,3
68823,1
68824,3
68825,3
68826,3
68827,2
68828,2
68829,2
68830,1
68831,1
68832,1
68833,3
68834,2
68835,3
68836,3
68837,2
68838,3
68839,3
68840,2
68841,3
68842,2
68843,3
68844,3
68845,3
68846,2
68847,3
68848,3
68849,3
68850,2
68851,2
68852,2
68853,3
68854,2
68855,2
68856,2
68857,3
68858,2
68859,3
68860,1
68861,2
68862,3
68863,3
68864,3
68865,3
68866,2
68867,3
68868,3
68869,2
68870,3
68871,3
68872,3
68873,3
68874,3
68875,3
68876,3
68877,3
68878,3
68879,3
68880,3
68881,3
68882,2
68883,3
68884,3
68885,3
68886,3
68887,3
68888,0
68889,2
68890,3
68891,1
68892,3
68893,3
68894,3
68895,2
68896,3
68897,2
68898,0
68899,2
68900,3
68901,3
68902,3
68903,3
68904,2
68905,2
68906,3
68907,3
68908,1
68909,3
68910,0
68911,3
68912,1
68913,3
68914,3
68915,3
68916,2
68917,0
68918,2
68919,2
68920,3
68921,2
68922,3
68923,2
68924,3
68925,3
68926,2
68927,3
68928,3
68929,2
68930,3
68931,3
68932,3
68933,3
68934,2
68935,2
68936,3
68937,3
68938,3
68939,1
68940,3
68941,3
68942,3
68943,1
68944,3
68945,3
68946,3
68947,3
68948,2
68949,2
68950,3
68951,3
68952,2
68953,3
68954,3
68955,2
68956,3
68957,2
68958,3
68959,3
68960,3
68961,2
68962,3
68963,3
68964,3
68965,3
68966,3
68967,2
68968,3
68969,3
68970,3
68971,3
68972,3
68973,3
68974,3
68975,3
68976,3
68977,1
68978,1
68979,3
68980,1
68981,3
68982,3
68983,2
68984,3
68985,3
68986,3
68987,3
68988,3
68989,3
68990,3
68991,3
68992,2
68993,1
68994,3
68995,3
68996,2
68997,3
68998,1
68999,3
69000,3
69001,3
69002,3
69003,3
69004,3
69005,3
69006,3
69007,3
69008,1
69009,1
69010,1
69011,3
69012,1
69013,2
69014,3
69015,3
69016,3
69017,3
69018,3
69019,3
69020,3
69021,1
69022,1
69023,3
69024,3
69025,1
69026,1
69027,1
69028,0
69029,3
69030,3
69031,3
69032,3
69033,1
69034,3
69035,3
69036,2
69037,3
69038,3
69039,3
69040,2
69041,2
69042,2
69043,3
69044,3
69045,3
69046,3
69047,2
69048,3
69049,3
69050,2
69051,1
69052,1
69053,3
69054,1
69055,1
69056,3
69057,1
69058,3
69059,3
69060,3
69061,3
69062,3
69063,3
69064,3
69065,3
69066,0
69067,3
69068,3
69069,2
69070,2
69071,3
69072,3
69073,2
69074,2
69075,3
69076,0
69077,3
69078,3
69079,3
69080,3
69081,2
69082,3
69083,3
69084,3
69085,2
69086,3
69087,2
69088,3
69089,3
69090,2
69091,3
69092,1
69093,1
69094,3
69095,3
69096,2
69097,3
69098,3
69099,2
69100,1
69101,3
69102,0
69103,3
69104,3
69105,3
69106,3
69107,3
69108,3
69109,3
69110,3
69111,3
69112,3
69113,2
69114,3
69115,3
69116,3
69117,2
69118,2
69119,3
69120,3
69121,2
69122,2
69123,2
69124,2
69125,3
69126,3
69127,3
69128,1
69129,3
69130,3
69131,1
69132,1
69133,1
69134,3
69135,3
69136,3
69137,3
69138,3
69139,1
69140,3
69141,3
69142,3
69143,3
69144,3
69145,3
69146,3
69147,3
69148,3
69149,3
69150,1
69151,3
69152,3
69153,3
69154,1
69155,1
69156,3
69157,3
69158,2
69159,3
69160,3
69161,3
69162,3
69163,3
69164,1
69165,0
69166,0
69167,1
69168,3
69169,1
69170,3
69171,3
69172,1
69173,1
69174,3
69175,3
69176,1
69177,3
69178,3
69179,3
69180,3
69181,3
69182,3
69183,3
69184,3
69185,3
69186,3
69187,3
69188,3
69189,3
69190,3
69191,3
69192,1
69193,2
69194,3
69195,2
69196,3
69197,3
69198,3
69199,3
69200,3
69201,3
69202,3
69203,3
69204,3
69205,3
69206,3
69207,3
69208,3
69209,3
69210,3
69211,3
69212,3
69213,3
69214,1
69215,1
69216,3
69217,3
69218,0
69219,0
69220,0
69221,0
69222,0
69223,3
69224,0
69225,0
69226,3
69227,3
69228,2
69229,2
69230,3
69231,3
69232,3
69233,2
69234,3
69235,3
69236,3
69237,1
69238,2
69239,2
69240,2
69241,0
69242,0
69243,0
69244,2
69245,0
69246,2
69247,3
69248,2
69249,2
69250,2
69251,2
69252,2
69253,2
69254,2
69255,2
69256,2
69257,2
69258,3
69259,2
69260,2
69261,3
69262,3
69263,2
69264,2
69265,3
69266,2
69267,3
69268,3
69269,1
69270,1
69271,3
69272,3
69273,1
69274,3
69275,1
69276,1
69277,3
69278,1
69279,1
69280,1
69281,1
69282,1
69283,1
69284,1
69285,2
69286,1
69287,1
69288,1
69289,1
69290,1
69291,1
69292,1
69293,1
69294,1
69295,1
69296,1
69297,1
69298,1
69299,1
69300,1
69301,1
69302,1
69303,3
69304,2
69305,2
69306,1
69307,1
69308,3
69309,3
69310,3
69311,2
69312,1
69313,3
69314,3
69315,3
69316,3
69317,1
69318,3
69319,3
69320,2
69321,2
69322,2
69323,3
69324,3
69325,3
69326,2
69327,2
69328,3
69329,3
69330,3
69331,2
69332,1
69333,1
69334,1
69335,2
69336,3
69337,2
69338,3
69339,3
69340,3
69341,3
69342,2
69343,3
69344,3
69345,2
69346,1
69347,3
69348,3
69349,2
69350,1
69351,3
69352,3
69353,3
69354,3
69355,2
69356,2
69357,1
69358,1
69359,1
69360,1
69361,1
69362,0
69363,1
69364,1
69365,1
69366,0
69367,0
69368,0
69369,0
69370,0
69371,0
69372,0
69373,2
69374,2
69375,3
69376,2
69377,2
69378,0
69379,2
69380,0
69381,3
69382,0
69383,2
69384,3
69385,3
69386,0
69387,0
69388,2
69389,2
69390,0
69391,2
69392,0
69393,0
69394,0
69395,0
69396,0
69397,0
69398,0
69399,2
69400,3
69401,2
69402,2
69403,2
69404,3
69405,0
69406,0
69407,2
69408,0
69409,0
69410,3
69411,0
69412,0
69413,0
69414,0
69415,0
69416,0
69417,0
69418,0
69419,0
69420,0
69421,0
69422,0
69423,0
69424,0
69425,0
69426,0
69427,0
69428,0
69429,0
69430,0
69431,0
69432,0
69433,0
69434,0
69435,0
69436,2
69437,0
69438,0
69439,0
69440,0
69441,0
69442,2
69443,0
69444,0
69445,0
69446,0
69447,0
69448,0
69449,0
69450,0
69451,0
69452,0
69453,0
69454,0
69455,0
69456,0
69457,0
69458,0
69459,0
69460,0
69461,0
69462,0
69463,0
69464,0
69465,0
69466,0
69467,3
69468,0
69469,0
69470,0
69471,3
69472,2
69473,0
69474,0
69475,0
69476,0
69477,0
69478,0
69479,0
69480,0
69481,0
69482,1
69483,3
69484,0
69485,0
69486,0
69487,0
69488,0
69489,0
69490,0
69491,0
69492,0
69493,0
69494,0
69495,0
69496,0
69497,0
69498,0
69499,0
69500,0
69501,0
69502,2
69503,0
69504,0
69505,0
69506,0
69507,0
69508,0
69509,0
69510,0
69511,0
69512,0
69513,2
69514,0
69515,0
69516,0
69517,0
69518,0
69519,0
69520,0
69521,0
69522,0
69523,0
69524,0
69525,0
69526,0
69527,0
69528,0
69529,0
69530,0
69531,0
69532,0
69533,0
69534,0
69535,0
69536,0
69537,2
69538,2
69539,2
69540,2
69541,0
69542,2
69543,2
69544,0
69545,0
69546,3
69547,0
69548,2
69549,0
69550,0
69551,0
69552,0
69553,0
69554,0
69555,2
69556,3
69557,0
69558,2
69559,0
69560,0
69561,0
69562,2
69563,3
69564,3
69565,0
69566,3
69567,3
69568,2
69569,2
69570,2
69571,2
69572,2
69573,0
69574,2
69575,0
69576,2
69577,3
69578,0
69579,0
69580,2
69581,0
69582,3
69583,0
69584,3
69585,3
69586,3
69587,0
69588,3
69589,3
69590,3
69591,3
69592,2
69593,1
69594,1
69595,1
69596,0
69597,1
69598,3
69599,2
69600,0
69601,0
69602,0
69603,0
69604,0
69605,3
69606,3
69607,1
69608,1
69609,3
69610,3
69611,0
69612,3
69613,1
69614,3
69615,3
69616,1
69617,3
69618,3
69619,3
69620,2
69621,2
69622,2
69623,2
69624,3
69625,3
69626,2
69627,2
69628,3
69629,2
69630,2
69631,2
69632,2
69633,2
69634,2
69635,2
69636,1
69637,0
69638,0
69639,0
69640,2
69641,0
69642,0
69643,0
69644,0
69645,0
69646,2
69647,0
69648,0
69649,0
69650,0
69651,0
69652,0
69653,0
69654,0
69655,0
69656,0
69657,0
69658,0
69659,0
69660,0
69661,0
69662,0
69663,0
69664,2
69665,2
69666,0
69667,0
69668,2
69669,2
69670,3
69671,2
69672,2
69673,2
69674,3
69675,0
69676,2
69677,0
69678,0
69679,0
69680,0
69681,0
69682,0
69683,0
69684,0
69685,0
69686,0
69687,0
69688,0
69689,2
69690,0
69691,0
69692,3
69693,0
69694,0
69695,0
69696,0
69697,0
69698,0
69699,1
69700,4
69701,3
69702,3
69703,3
69704,1
69705,0
69706,2
69707,1
69708,1
69709,3
69710,3
69711,3
69712,1
69713,1
69714,1
69715,1
69716,1
69717,1
69718,1
69719,1
69720,2
69721,3
69722,2
69723,2
69724,0
69725,0
69726,1
69727,1
69728,1
69729,3
69730,1
69731,0
69732,0
69733,3
69734,1
69735,1
69736,1
69737,0
69738,0
69739,0
69740,0
69741,0
69742,1
69743,1
69744,3
69745,1
69746,1
69747,1
69748,1
69749,1
69750,0
69751,3
69752,1
69753,1
69754,3
69755,1
69756,2
69757,2
69758,2
69759,3
69760,3
69761,2
69762,3
69763,2
69764,1
69765,3
69766,2
69767,3
69768,0
69769,3
69770,0
69771,0
69772,0
69773,0
69774,2
69775,2
69776,0
69777,0
69778,0
69779,0
69780,2
69781,0
69782,0
69783,0
69784,0
69785,0
69786,0
69787,0
69788,0
69789,2
69790,0
69791,0
69792,0
69793,0
69794,0
69795,3
69796,2
69797,3
69798,2
69799,3
69800,3
69801,3
69802,0
69803,2
69804,0
69805,3
69806,0
69807,3
69808,3
69809,0
69810,0
69811,0
69812,3
69813,0
69814,0
69815,0
69816,0
69817,0
69818,0
69819,3
69820,0
69821,0
69822,0
69823,2
69824,2
69825,2
69826,2
69827,0
69828,0
69829,0
69830,2
69831,0
69832,2
69833,2
69834,2
69835,0
69836,0
69837,0
69838,0
69839,3
69840,0
69841,0
69842,0
69843,0
69844,0
69845,0
69846,0
69847,0
69848,0
69849,0
69850,0
69851,0
69852,0
69853,0
69854,0
69855,0
69856,0
69857,0
69858,0
69859,0
69860,0
69861,0
69862,0
69863,0
69864,0
69865,3
69866,0
69867,0
69868,0
69869,2
69870,2
69871,0
69872,3
69873,0
69874,3
69875,3
69876,2
69877,0
69878,0
69879,3
69880,0
69881,0
69882,0
69883,3
69884,3
69885,2
69886,3
69887,3
69888,3
69889,3
69890,0
69891,0
69892,3
69893,3
69894,3
69895,3
69896,3
69897,3
69898,3
69899,3
69900,2
69901,3
69902,2
69903,3
69904,3
69905,3
69906,3
69907,3
69908,1
69909,3
69910,1
69911,3
69912,0
69913,0
69914,0
69915,0
69916,0
69917,2
69918,0
69919,0
69920,1
69921,1
69922,3
69923,3
69924,3
69925,0
69926,3
69927,3
69928,2
69929,2
69930,2
69931,3
69932,2
69933,2
69934,2
69935,2
69936,2
69937,2
69938,2
69939,2
69940,2
69941,2
69942,2
69943,2
69944,2
69945,1
69946,3
69947,3
69948,3
69949,3
69950,2
69951,2
69952,2
69953,2
69954,2
69955,2
69956,2
69957,3
69958,2
69959,2
69960,3
69961,3
69962,2
69963,2
69964,2
69965,2
69966,2
69967,0
69968,3
69969,1
69970,3
69971,1
69972,1
69973,3
69974,0
69975,3
69976,3
69977,0
69978,3
69979,2
69980,2
69981,2
69982,2
69983,2
69984,2
69985,0
69986,2
69987,0
69988,2
69989,0
69990,0
69991,0
69992,0
69993,0
69994,0
69995,0
69996,3
69997,0
69998,0
69999,0
70000,0
70001,0
70002,0
70003,3
70004,0
70005,0
70006,3
70007,3
70008,3
70009,0
70010,0
70011,0
70012,0
70013,0
70014,0
70015,0
70016,0
70017,0
70018,0
70019,0
70020,0
70021,0
70022,0
70023,0
70024,0
70025,2
70026,0
70027,0
70028,0
70029,0
70030,0
70031,0
70032,2
70033,0
70034,3
70035,2
70036,0
70037,2
70038,3
70039,0
70040,0
70041,0
70042,0
70043,0
70044,0
70045,0
70046,3
70047,3
70048,3
70049,3
70050,0
70051,3
70052,3
70053,3
70054,3
70055,2
70056,2
70057,1
70058,3
70059,3
70060,2
70061,2
70062,3
70063,0
70064,0
70065,0
70066,0
70067,0
70068,0
70069,0
70070,0
70071,0
70072,2
70073,2
70074,0
70075,0
70076,0
70077,0
70078,2
70079,2
70080,0
70081,0
70082,0
70083,0
70084,0
70085,0
70086,0
70087,0
70088,0
70089,0
70090,0
70091,0
70092,0
70093,0
70094,0
70095,0
70096,0
70097,0
70098,0
70099,0
70100,0
70101,0
70102,0
70103,0
70104,0
70105,0
70106,0
70107,0
70108,0
70109,0
70110,0
70111,0
70112,0
70113,0
70114,0
70115,2
70116,0
70117,0
70118,0
70119,0
70120,0
70121,0
70122,0
70123,0
70124,0
70125,0
70126,0
70127,0
70128,0
70129,0
70130,0
70131,0
70132,0
70133,0
70134,2
70135,0
70136,0
70137,0
70138,2
70139,2
70140,2
70141,0
70142,0
70143,2
70144,0
70145,0
70146,0
70147,0
70148,0
70149,0
70150,0
70151,0
70152,2
70153,0
70154,0
70155,0
70156,0
70157,0
70158,0
70159,0
70160,0
70161,0
70162,0
70163,0
70164,0
70165,0
70166,0
70167,0
70168,0
70169,0
70170,0
70171,0
70172,0
70173,0
70174,3
70175,3
70176,3
70177,3
70178,0
70179,1
70180,3
70181,0
70182,0
70183,0
70184,0
70185,2
70186,2
70187,2
70188,3
70189,3
70190,0
70191,0
70192,1
70193,3
70194,3
70195,0
70196,3
70197,3
70198,0
70199,0
70200,3
70201,0
70202,2
70203,0
70204,0
70205,0
70206,0
70207,3
70208,2
70209,2
70210,0
70211,3
70212,3
70213,1
70214,0
70215,0
70216,2
70217,2
70218,0
70219,0
70220,0
70221,0
70222,0
70223,2
70224,0
70225,0
70226,0
70227,2
70228,0
70229,0
70230,0
70231,0
70232,0
70233,0
70234,0
70235,0
70236,0
70237,0
70238,2
70239,0
70240,0
70241,0
70242,0
70243,2
70244,0
70245,0
70246,0
70247,0
70248,0
70249,0
70250,0
70251,0
70252,0
70253,0
70254,0
70255,0
70256,3
70257,0
70258,3
70259,3
70260,0
70261,0
70262,0
70263,0
70264,0
70265,0
70266,0
70267,0
70268,0
70269,0
70270,1
70271,3
70272,0
70273,0
70274,0
70275,0
70276,0
70277,0
70278,2
70279,3
70280,3
70281,3
70282,2
70283,3
70284,0
70285,2
70286,0
70287,0
70288,0
70289,0
70290,0
70291,0
70292,0
70293,2
70294,0
70295,0
70296,0
70297,2
70298,0
70299,0
70300,0
70301,0
70302,0
70303,0
70304,0
70305,0
70306,0
70307,2
70308,0
70309,0
70310,0
70311,0
70312,0
70313,0
70314,0
70315,0
70316,0
70317,0
70318,0
70319,0
70320,0
70321,0
70322,0
70323,0
70324,0
70325,0
70326,0
70327,0
70328,0
70329,0
70330,0
70331,0
70332,0
70333,0
70334,0
70335,3
70336,0
70337,0
70338,0
70339,2
70340,0
70341,0
70342,0
70343,0
70344,0
70345,0
70346,0
70347,0
70348,0
70349,0
70350,0
70351,0
70352,2
70353,0
70354,0
70355,3
70356,2
70357,3
70358,2
70359,3
70360,2
70361,2
70362,2
70363,3
70364,3
70365,3
70366,3
70367,2
70368,1
70369,2
70370,3
70371,2
70372,0
70373,0
70374,0
70375,0
70376,0
70377,0
70378,2
70379,2
70380,0
70381,2
70382,0
70383,0
70384,0
70385,0
70386,2
70387,0
70388,0
70389,0
70390,0
70391,2
70392,3
70393,2
70394,3
70395,2
70396,3
70397,2
70398,2
70399,2
70400,0
70401,2
70402,2
70403,2
70404,2
70405,2
70406,3
70407,3
70408,0
70409,0
70410,2
70411,0
70412,0
70413,0
70414,0
70415,0
70416,2
70417,2
70418,0
70419,0
70420,0
70421,0
70422,0
70423,2
70424,0
70425,0
70426,0
70427,0
70428,0
70429,0
70430,0
70431,3
70432,0
70433,0
70434,0
70435,3
70436,0
70437,2
70438,0
70439,0
70440,0
70441,0
70442,2
70443,2
70444,2
70445,0
70446,0
70447,2
70448,0
70449,2
70450,2
70451,0
70452,0
70453,0
70454,0
70455,0
70456,0
70457,2
70458,3
70459,0
70460,2
70461,2
70462,0
70463,2
70464,0
70465,0
70466,0
70467,0
70468,0
70469,0
70470,0
70471,0
70472,0
70473,0
70474,2
70475,0
70476,0
70477,0
70478,0
70479,0
70480,0
70481,0
70482,0
70483,0
70484,0
70485,0
70486,0
70487,0
70488,0
70489,0
70490,0
70491,0
70492,0
70493,0
70494,2
70495,2
70496,3
70497,2
70498,2
70499,2
70500,0
70501,0
70502,0
70503,0
70504,2
70505,0
70506,0
70507,2
70508,2
70509,2
70510,2
70511,2
70512,2
70513,0
70514,0
70515,0
70516,0
70517,0
70518,0
70519,2
70520,0
70521,2
70522,0
70523,0
70524,0
70525,0
70526,0
70527,0
70528,1
70529,0
70530,0
70531,0
70532,2
70533,0
70534,0
70535,0
70536,0
70537,0
70538,0
70539,0
70540,0
70541,0
70542,0
70543,0
70544,0
70545,0
70546,0
70547,0
70548,0
70549,0
70550,0
70551,0
70552,0
70553,0
70554,0
70555,0
70556,0
70557,0
70558,0
70559,0
70560,0
70561,0
70562,2
70563,2
70564,2
70565,0
70566,0
70567,0
70568,4
70569,0
70570,0
70571,0
70572,0
70573,2
70574,2
70575,0
70576,0
70577,0
70578,0
70579,0
70580,0
70581,0
70582,0
70583,0
70584,0
70585,0
70586,0
70587,0
70588,0
70589,0
70590,0
70591,0
70592,0
70593,2
70594,2
70595,2
70596,3
70597,2
70598,0
70599,0
70600,0
70601,2
70602,2
70603,2
70604,2
70605,2
70606,2
70607,3
70608,3
70609,2
70610,0
70611,2
70612,2
70613,0
70614,3
70615,0
70616,0
70617,2
70618,2
70619,2
70620,2
70621,0
70622,2
70623,3
70624,2
70625,3
70626,2
70627,2
70628,3
70629,3
70630,3
70631,3
70632,3
70633,2
70634,3
70635,3
70636,3
70637,3
70638,3
70639,3
70640,3
70641,2
70642,3
70643,3
70644,3
70645,3
70646,2
70647,3
70648,2
70649,0
70650,0
70651,0
70652,0
70653,0
70654,0
70655,0
70656,0
70657,0
70658,0
70659,0
70660,2
70661,2
70662,2
70663,0
70664,0
70665,0
70666,2
70667,0
70668,0
70669,0
70670,0
70671,0
70672,0
70673,0
70674,0
70675,0
70676,0
70677,0
70678,0
70679,0
70680,0
70681,0
70682,0
70683,0
70684,0
70685,0
70686,2
70687,2
70688,0
70689,2
70690,2
70691,2
70692,0
70693,0
70694,0
70695,2
70696,0
70697,2
70698,0
70699,0
70700,2
70701,2
70702,0
70703,0
70704,2
70705,0
70706,0
70707,2
70708,2
70709,0
70710,2
70711,0
70712,0
70713,2
70714,0
70715,0
70716,0
70717,0
70718,2
70719,0
70720,2
70721,0
70722,0
70723,0
70724,0
70725,2
70726,0
70727,0
70728,0
70729,0
70730,0
70731,2
70732,2
70733,2
70734,2
70735,0
70736,2
70737,0
70738,0
70739,0
70740,0
70741,2
70742,0
70743,0
70744,0
70745,0
70746,0
70747,0
70748,0
70749,0
70750,0
70751,0
70752,0
70753,0
70754,0
70755,0
70756,0
70757,0
70758,0
70759,0
70760,0
70761,0
70762,0
70763,2
70764,0
70765,2
70766,0
70767,0
70768,0
70769,2
70770,0
70771,0
70772,0
70773,0
70774,0
70775,0
70776,0
70777,0
70778,0
70779,0
70780,0
70781,0
70782,0
70783,0
70784,0
70785,0
70786,2
70787,2
70788,3
70789,2
70790,2
70791,0
70792,0
70793,3
70794,0
70795,2
70796,2
70797,0
70798,0
70799,0
70800,0
70801,2
70802,0
70803,0
70804,0
70805,0
70806,2
70807,1
70808,3
70809,3
70810,3
70811,3
70812,2
70813,2
70814,2
70815,2
70816,0
70817,0
70818,0
70819,0
70820,0
70821,0
70822,0
70823,0
70824,0
70825,0
70826,2
70827,2
70828,0
70829,2
70830,2
70831,0
70832,2
70833,0
70834,2
70835,0
70836,2
70837,2
70838,3
70839,3
70840,3
70841,2
70842,2
70843,2
70844,2
70845,0
70846,0
70847,0
70848,0
70849,2
70850,2
70851,0
70852,0
70853,2
70854,0
70855,2
70856,0
70857,0
70858,0
70859,0
70860,2
70861,0
70862,0
70863,3
70864,0
70865,3
70866,1
70867,3
70868,2
70869,2
70870,2
70871,3
70872,2
70873,0
70874,0
70875,0
70876,0
70877,0
70878,2
70879,0
70880,3
70881,0
70882,2
70883,0
70884,0
70885,0
70886,0
70887,0
70888,0
70889,0
70890,2
70891,0
70892,0
70893,0
70894,0
70895,0
70896,0
70897,1
70898,1
70899,0
70900,0
70901,0
70902,0
70903,0
70904,0
70905,0
70906,3
70907,3
70908,0
70909,0
70910,0
70911,0
70912,0
70913,3
70914,3
70915,2
70916,3
70917,1
70918,3
70919,3
70920,3
70921,0
70922,2
70923,2
70924,2
70925,2
70926,2
70927,2
70928,2
70929,2
70930,2
70931,2
70932,2
70933,2
70934,3
70935,0
70936,0
70937,0
70938,0
70939,2
70940,2
70941,0
70942,2
70943,0
70944,2
70945,0
70946,0
70947,0
70948,0
70949,0
70950,0
70951,0
70952,0
70953,0
70954,0
70955,0
70956,0
70957,0
70958,0
70959,0
70960,0
70961,0
70962,0
70963,0
70964,0
70965,2
70966,2
70967,0
70968,0
70969,0
70970,0
70971,0
70972,0
70973,0
70974,0
70975,0
70976,0
70977,0
70978,0
70979,2
70980,3
70981,2
70982,2
70983,3
70984,0
70985,2
70986,2
70987,2
70988,0
70989,0
70990,0
70991,0
70992,0
70993,0
70994,0
70995,0
70996,0
70997,0
70998,0
70999,0
71000,2
71001,0
71002,0
71003,0
71004,0
71005,2
71006,2
71007,0
71008,3
71009,3
71010,0
71011,2
71012,2
71013,2
71014,0
71015,2
71016,3
71017,0
71018,0
71019,2
71020,0
71021,2
71022,3
71023,2
71024,3
71025,0
71026,0
71027,0
71028,0
71029,2
71030,3
71031,0
71032,0
71033,0
71034,0
71035,2
71036,2
71037,2
71038,0
71039,0
71040,0
71041,0
71042,0
71043,0
71044,0
71045,2
71046,3
71047,3
71048,3
71049,0
71050,0
71051,0
71052,0
71053,2
71054,0
71055,0
71056,0
71057,2
71058,0
71059,0
71060,3
71061,2
71062,0
71063,0
71064,0
71065,0
71066,0
71067,0
71068,0
71069,0
71070,2
71071,2
71072,2
71073,2
71074,0
71075,2
71076,3
71077,0
71078,0
71079,3
71080,0
71081,0
71082,0
71083,0
71084,0
71085,0
71086,2
71087,2
71088,3
71089,2
71090,3
71091,3
71092,2
71093,0
71094,0
71095,0
71096,0
71097,0
71098,0
71099,0
71100,0
71101,0
71102,0
71103,0
71104,0
71105,0
71106,2
71107,0
71108,0
71109,0
71110,3
71111,2
71112,2
71113,2
71114,2
71115,2
71116,2
71117,2
71118,2
71119,2
71120,2
71121,2
71122,2
71123,2
71124,2
71125,2
71126,2
71127,3
71128,2
71129,3
71130,2
71131,3
71132,3
71133,2
71134,0
71135,3
71136,0
71137,0
71138,0
71139,0
71140,0
71141,2
71142,2
71143,0
71144,0
71145,2
71146,2
71147,3
71148,3
71149,2
71150,1
71151,3
71152,0
71153,0
71154,0
71155,0
71156,0
71157,0
71158,0
71159,2
71160,0
71161,3
71162,0
71163,0
71164,0
71165,0
71166,0
71167,2
71168,2
71169,2
71170,2
71171,2
71172,2
71173,2
71174,2
71175,2
71176,2
71177,2
71178,3
71179,2
71180,1
71181,2
71182,1
71183,1
71184,2
71185,4
71186,3
71187,0
71188,2
71189,2
71190,2
71191,2
71192,2
71193,2
71194,2
71195,2
71196,2
71197,2
71198,2
71199,2
71200,2
71201,2
71202,2
71203,2
71204,2
71205,2
71206,2
71207,2
71208,2
71209,2
71210,2
71211,2
71212,2
71213,2
71214,2
71215,2
71216,2
71217,2
71218,2
71219,2
71220,2
71221,2
71222,2
71223,0
71224,2
71225,2
71226,2
71227,2
71228,2
71229,2
71230,2
71231,2
71232,2
71233,2
71234,2
71235,3
71236,3
71237,2
71238,2
71239,2
71240,2
71241,2
71242,2
71243,2
71244,2
71245,2
71246,2
71247,2
71248,2
71249,2
71250,2
71251,2
71252,2
71253,2
71254,2
71255,3
71256,3
71257,2
71258,2
71259,3
71260,3
71261,2
71262,2
71263,2
71264,3
71265,3
71266,3
71267,0
71268,3
71269,3
71270,3
71271,2
71272,2
71273,3
71274,2
71275,3
71276,2
71277,2
71278,2
71279,2
71280,1
71281,3
71282,2
71283,0
71284,2
71285,2
71286,2
71287,2
71288,2
71289,3
71290,2
71291,2
71292,2
71293,2
71294,1
71295,2
71296,2
71297,3
71298,3
71299,1
71300,3
71301,3
71302,2
71303,2
71304,2
71305,2
71306,2
71307,2
71308,2
71309,2
71310,2
71311,2
71312,2
71313,2
71314,2
71315,2
71316,2
71317,3
71318,2
71319,2
71320,2
71321,3
71322,2
71323,2
71324,2
71325,2
71326,2
71327,3
71328,1
71329,3
71330,3
71331,3
71332,0
71333,3
71334,2
71335,2
71336,3
71337,2
71338,2
71339,2
71340,3
71341,0
71342,0
71343,2
71344,0
71345,0
71346,3
71347,2
71348,2
71349,2
71350,2
71351,3
71352,0
71353,0
71354,2
71355,1
71356,0
71357,0
71358,3
71359,3
71360,2
71361,1
71362,0
71363,2
71364,2
71365,2
71366,2
71367,3
71368,3
71369,2
71370,0
71371,3
71372,2
71373,1
71374,3
71375,0
71376,0
71377,0
71378,0
71379,0
71380,0
71381,3
71382,3
71383,2
71384,0
71385,2
71386,2
71387,2
71388,3
71389,2
71390,2
71391,3
71392,3
71393,3
71394,2
71395,1
71396,2
71397,1
71398,2
71399,2
71400,2
71401,2
71402,2
71403,2
71404,2
71405,2
71406,0
71407,3
71408,3
71409,1
71410,0
71411,0
71412,0
71413,3
71414,0
71415,0
71416,0
71417,2
71418,2
71419,0
71420,0
71421,2
71422,2
71423,3
71424,0
71425,0
71426,0
71427,0
71428,2
71429,2
71430,0
71431,0
71432,3
71433,3
71434,2
71435,3
71436,3
71437,2
71438,2
71439,3
71440,2
71441,2
71442,2
71443,2
71444,2
71445,2
71446,0
71447,2
71448,2
71449,2
71450,1
71451,1
71452,1
71453,1
71454,3
71455,0
71456,0
71457,2
71458,3
71459,3
71460,2
71461,3
71462,1
71463,3
71464,1
71465,3
71466,3
71467,1
71468,1
71469,3
71470,2
71471,3
71472,3
71473,3
71474,3
71475,3
71476,2
71477,2
71478,3
71479,3
71480,3
71481,2
71482,3
71483,3
71484,1
71485,2
71486,2
71487,2
71488,3
71489,2
71490,2
71491,2
71492,2
71493,3
71494,3
71495,3
71496,3
71497,2
71498,3
71499,3
71500,2
71501,2
71502,3
71503,3
71504,3
71505,3
71506,3
71507,2
71508,2
71509,2
71510,2
71511,2
71512,1
71513,1
71514,3
71515,2
71516,2
71517,2
71518,3
71519,2
71520,2
71521,2
71522,2
71523,2
71524,2
71525,2
71526,2
71527,2
71528,2
71529,2
71530,2
71531,2
71532,0
71533,2
71534,2
71535,2
71536,3
71537,3
71538,3
71539,3
71540,3
71541,3
71542,3
71543,3
71544,3
71545,3
71546,3
71547,3
71548,3
71549,3
71550,3
71551,3
71552,3
71553,2
71554,2
71555,2
71556,2
71557,2
71558,2
71559,2
71560,3
71561,3
71562,3
71563,3
71564,2
71565,3
71566,3
71567,2
71568,2
71569,2
71570,2
71571,3
71572,2
71573,0
71574,3
71575,2
71576,0
71577,3
71578,2
71579,2
71580,3
71581,0
71582,3
71583,3
71584,2
71585,2
71586,2
71587,2
71588,3
71589,3
71590,2
71591,2
71592,2
71593,2
71594,2
71595,2
71596,2
71597,0
71598,3
71599,2
71600,0
71601,0
71602,0
71603,0
71604,0
71605,2
71606,3
71607,1
71608,1
71609,2
71610,2
71611,2
71612,2
71613,3
71614,2
71615,2
71616,2
71617,3
71618,2
71619,2
71620,2
71621,2
71622,2
71623,3
71624,2
71625,2
71626,2
71627,0
71628,3
71629,3
71630,2
71631,2
71632,2
71633,1
71634,1
71635,1
71636,1
71637,1
71638,2
71639,3
71640,1
71641,1
71642,3
71643,3
71644,3
71645,3
71646,2
71647,2
71648,3
71649,2
71650,3
71651,3
71652,3
71653,3
71654,2
71655,2
71656,2
71657,3
71658,3
71659,1
71660,2
71661,2
71662,2
71663,3
71664,2
71665,3
71666,3
71667,3
71668,3
71669,3
71670,3
71671,1
71672,1
71673,1
71674,1
71675,1
71676,1
71677,0
71678,1
71679,1
71680,1
71681,1
71682,1
71683,3
71684,3
71685,3
71686,3
71687,1
71688,1
71689,1
71690,1
71691,1
71692,1
71693,1
71694,1
71695,1
71696,1
71697,3
71698,1
71699,1
71700,1
71701,1
71702,1
71703,1
71704,1
71705,1
71706,1
71707,1
71708,1
71709,1
71710,1
71711,2
71712,2
71713,3
71714,3
71715,3
71716,3
71717,3
71718,3
71719,3
71720,3
71721,0
71722,3
71723,0
71724,0
71725,0
71726,1
71727,1
71728,1
71729,1
71730,1
71731,1
71732,1
71733,1
71734,1
71735,3
71736,3
71737,3
71738,3
71739,3
71740,3
71741,1
71742,3
71743,2
71744,2
71745,3
71746,3
71747,2
71748,3
71749,2
71750,2
71751,2
71752,2
71753,3
71754,2
71755,2
71756,2
71757,2
71758,1
71759,1
71760,1
71761,1
71762,1
71763,2
71764,2
71765,2
71766,2
71767,2
71768,2
71769,2
71770,2
71771,3
71772,3
71773,2
71774,2
71775,2
71776,2
71777,2
71778,3
71779,2
71780,2
71781,2
71782,2
71783,2
71784,2
71785,2
71786,2
71787,2
71788,2
71789,2
71790,2
71791,2
71792,1
71793,2
71794,2
71795,2
71796,2
71797,2
71798,2
71799,2
71800,1
71801,2
71802,2
71803,2
71804,2
71805,2
71806,2
71807,2
71808,2
71809,2
71810,2
71811,2
71812,2
71813,2
71814,2
71815,2
71816,2
71817,2
71818,2
71819,2
71820,2
71821,2
71822,2
71823,2
71824,2
71825,2
71826,2
71827,2
71828,2
71829,2
71830,2
71831,2
71832,2
71833,2
71834,2
71835,2
71836,2
71837,2
71838,2
71839,2
71840,2
71841,2
71842,2
71843,2
71844,2
71845,2
71846,1
71847,2
71848,2
71849,2
71850,3
71851,2
71852,2
71853,2
71854,3
71855,1
71856,3
71857,2
71858,2
71859,2
71860,2
71861,2
71862,2
71863,2
71864,2
71865,0
71866,0
71867,0
71868,2
71869,0
71870,2
71871,2
71872,2
71873,2
71874,2
71875,2
71876,2
71877,2
71878,2
71879,2
71880,2
71881,2
71882,2
71883,2
71884,2
71885,2
71886,2
71887,2
71888,2
71889,2
71890,2
71891,2
71892,2
71893,2
71894,2
71895,2
71896,2
71897,2
71898,2
71899,2
71900,2
71901,2
71902,2
71903,2
71904,2
71905,2
71906,2
71907,2
71908,2
71909,2
71910,2
71911,2
71912,2
71913,2
71914,1
71915,2
71916,2
71917,3
71918,1
71919,3
71920,1
71921,3
71922,3
71923,1
71924,3
71925,1
71926,1
71927,1
71928,3
71929,2
71930,2
71931,2
71932,2
71933,3
71934,2
71935,3
71936,3
71937,3
71938,3
71939,3
71940,3
71941,3
71942,3
71943,3
71944,3
71945,3
71946,3
71947,3
71948,2
71949,2
71950,1
71951,2
71952,2
71953,2
71954,2
71955,1
71956,1
71957,1
71958,3
71959,2
71960,2
71961,2
71962,3
71963,2
71964,2
71965,2
71966,2
71967,2
71968,2
71969,2
71970,3
71971,3
71972,2
71973,2
71974,2
71975,2
71976,2
71977,0
71978,3
71979,3
71980,3
71981,3
71982,3
71983,2
71984,2
71985,1
71986,1
71987,2
71988,2
71989,1
71990,3
71991,1
71992,2
71993,0
71994,0
71995,2
71996,2
71997,3
71998,3
71999,0
72000,2
72001,2
72002,0
72003,0
72004,2
72005,2
72006,2
72007,2
72008,2
72009,3
72010,2
72011,2
72012,3
72013,2
72014,3
72015,3
72016,3
72017,3
72018,1
72019,0
72020,3
72021,2
72022,2
72023,3
72024,2
72025,2
72026,3
72027,0
72028,3
72029,5
72030,2
72031,2
72032,2
72033,2
72034,2
72035,2
72036,3
72037,0
72038,2
72039,0
72040,3
72041,3
72042,2
72043,3
72044,2
72045,2
72046,3
72047,2
72048,3
72049,3
72050,3
72051,3
72052,2
72053,2
72054,3
72055,3
72056,3
72057,2
72058,3
72059,3
72060,2
72061,3
72062,3
72063,2
72064,3
72065,2
72066,2
72067,2
72068,2
72069,2
72070,0
72071,2
72072,2
72073,2
72074,2
72075,2
72076,2
72077,2
72078,3
72079,2
72080,2
72081,2
72082,2
72083,2
72084,2
72085,2
72086,2
72087,2
72088,2
72089,2
72090,3
72091,3
72092,3
72093,2
72094,2
72095,2
72096,2
72097,2
72098,2
72099,2
72100,2
72101,2
72102,2
72103,2
72104,3
72105,3
72106,3
72107,3
72108,3
72109,3
72110,3
72111,2
72112,2
72113,2
72114,2
72115,2
72116,2
72117,2
72118,2
72119,2
72120,2
72121,2
72122,2
72123,2
72124,2
72125,2
72126,3
72127,2
72128,2
72129,2
72130,2
72131,2
72132,2
72133,3
72134,3
72135,3
72136,3
72137,3
72138,3
72139,3
72140,3
72141,2
72142,2
72143,2
72144,2
72145,2
72146,2
72147,2
72148,2
72149,2
72150,2
72151,2
72152,2
72153,2
72154,2
72155,3
72156,3
72157,3
72158,3
72159,2
72160,3
72161,2
72162,2
72163,2
72164,2
72165,2
72166,3
72167,3
72168,3
72169,3
72170,3
72171,3
72172,3
72173,3
72174,2
72175,2
72176,3
72177,3
72178,2
72179,2
72180,2
72181,2
72182,2
72183,2
72184,2
72185,2
72186,2
72187,2
72188,2
72189,2
72190,2
72191,2
72192,2
72193,2
72194,3
72195,2
72196,2
72197,2
72198,2
72199,2
72200,2
72201,2
72202,2
72203,2
72204,2
72205,2
72206,2
72207,2
72208,2
72209,2
72210,2
72211,2
72212,2
72213,2
72214,2
72215,2
72216,2
72217,2
72218,2
72219,2
72220,2
72221,2
72222,2
72223,2
72224,2
72225,2
72226,2
72227,2
72228,2
72229,2
72230,2
72231,2
72232,2
72233,2
72234,2
72235,2
72236,2
72237,3
72238,3
72239,3
72240,3
72241,3
72242,2
72243,3
72244,2
72245,3
72246,3
72247,2
72248,2
72249,3
72250,3
72251,3
72252,3
72253,3
72254,2
72255,2
72256,2
72257,2
72258,3
72259,2
72260,2
72261,2
72262,2
72263,3
72264,2
72265,2
72266,2
72267,2
72268,3
72269,2
72270,2
72271,2
72272,2
72273,2
72274,2
72275,2
72276,2
72277,1
72278,2
72279,2
72280,2
72281,2
72282,2
72283,2
72284,2
72285,2
72286,2
72287,2
72288,2
72289,2
72290,2
72291,2
72292,2
72293,3
72294,2
72295,3
72296,3
72297,3
72298,1
72299,2
72300,1
72301,2
72302,3
72303,3
72304,2
72305,2
72306,3
72307,2
72308,3
72309,3
72310,3
72311,3
72312,2
72313,1
72314,3
72315,3
72316,3
72317,3
72318,1
72319,1
72320,2
72321,3
72322,3
72323,3
72324,3
72325,3
72326,3
72327,3
72328,3
72329,2
72330,2
72331,3
72332,3
72333,1
72334,3
72335,3
72336,3
72337,1
72338,3
72339,3
72340,3
72341,3
72342,3
72343,0
72344,3
72345,0
72346,3
72347,3
72348,3
72349,2
72350,3
72351,3
72352,3
72353,3
72354,3
72355,3
72356,2
72357,2
72358,3
72359,3
72360,3
72361,3
72362,3
72363,3
72364,3
72365,3
72366,3
72367,2
72368,2
72369,3
72370,3
72371,1
72372,1
72373,1
72374,2
72375,2
72376,3
72377,1
72378,3
72379,0
72380,3
72381,3
72382,3
72383,3
72384,3
72385,3
72386,3
72387,2
72388,3
72389,3
72390,1
72391,3
72392,2
72393,2
72394,2
72395,2
72396,2
72397,2
72398,2
72399,3
72400,3
72401,3
72402,3
72403,3
72404,3
72405,3
72406,3
72407,2
72408,3
72409,3
72410,3
72411,3
72412,3
72413,3
72414,2
72415,3
72416,2
72417,3
72418,3
72419,3
72420,3
72421,1
72422,2
72423,2
72424,3
72425,3
72426,3
72427,3
72428,3
72429,3
72430,2
72431,2
72432,3
72433,3
72434,2
72435,2
72436,2
72437,2
72438,3
72439,3
72440,2
72441,2
72442,2
72443,2
72444,2
72445,2
72446,2
72447,2
72448,3
72449,2
72450,2
72451,2
72452,2
72453,3
72454,2
72455,3
72456,2
72457,3
72458,3
72459,1
72460,3
72461,2
72462,2
72463,3
72464,2
72465,2
72466,3
72467,2
72468,2
72469,2
72470,2
72471,2
72472,2
72473,2
72474,2
72475,2
72476,2
72477,3
72478,2
72479,3
72480,2
72481,2
72482,2
72483,2
72484,2
72485,3
72486,2
72487,2
72488,2
72489,2
72490,2
72491,3
72492,2
72493,2
72494,2
72495,2
72496,2
72497,2
72498,3
72499,3
72500,3
72501,3
72502,3
72503,3
72504,2
72505,2
72506,2
72507,3
72508,3
72509,3
72510,2
72511,2
72512,2
72513,2
72514,3
72515,3
72516,3
72517,3
72518,3
72519,3
72520,2
72521,3
72522,0
72523,3
72524,2
72525,3
72526,2
72527,3
72528,2
72529,2
72530,2
72531,0
72532,2
72533,3
72534,2
72535,2
72536,0
72537,2
72538,0
72539,2
72540,2
72541,0
72542,2
72543,2
72544,2
72545,0
72546,2
72547,3
72548,3
72549,0
72550,3
72551,1
72552,3
72553,2
72554,2
72555,1
72556,1
72557,3
72558,3
72559,3
72560,1
72561,3
72562,3
72563,3
72564,1
72565,1
72566,1
72567,1
72568,1
72569,2
72570,2
72571,2
72572,2
72573,2
72574,2
72575,3
72576,2
72577,2
72578,3
72579,2
72580,0
72581,1
72582,1
72583,2
72584,2
72585,2
72586,2
72587,2
72588,2
72589,2
72590,2
72591,2
72592,2
72593,2
72594,2
72595,2
72596,1
72597,3
72598,2
72599,3
72600,2
72601,2
72602,3
72603,3
72604,3
72605,3
72606,3
72607,2
72608,3
72609,2
72610,3
72611,4
72612,3
72613,2
72614,3
72615,3
72616,3
72617,1
72618,2
72619,0
72620,0
72621,3
72622,3
72623,3
72624,2
72625,2
72626,3
72627,0
72628,0
72629,3
72630,0
72631,3
72632,3
72633,2
72634,2
72635,2
72636,2
72637,2
72638,2
72639,2
72640,2
72641,3
72642,2
72643,2
72644,2
72645,3
72646,2
72647,2
72648,2
72649,2
72650,0
72651,2
72652,0
72653,3
72654,4
72655,2
72656,0
72657,2
72658,3
72659,2
72660,0
72661,0
72662,1
72663,2
72664,0
72665,3
72666,2
72667,2
72668,2
72669,2
72670,2
72671,2
72672,2
72673,2
72674,2
72675,2
72676,2
72677,2
72678,2
72679,2
72680,2
72681,2
72682,2
72683,2
72684,2
72685,2
72686,2
72687,3
72688,2
72689,2
72690,2
72691,2
72692,2
72693,2
72694,2
72695,2
72696,2
72697,3
72698,2
72699,2
72700,2
72701,2
72702,2
72703,2
72704,2
72705,3
72706,3
72707,2
72708,3
72709,2
72710,2
72711,3
72712,2
72713,2
72714,3
72715,2
72716,2
72717,3
72718,3
72719,2
72720,2
72721,2
72722,2
72723,2
72724,3
72725,2
72726,2
72727,3
72728,1
72729,3
72730,2
72731,3
72732,2
72733,2
72734,0
72735,0
72736,2
72737,2
72738,2
72739,2
72740,2
72741,3
72742,2
72743,3
72744,2
72745,2
72746,2
72747,2
72748,3
72749,2
72750,3
72751,2
72752,2
72753,2
72754,2
72755,2
72756,3
72757,3
72758,0
72759,0
72760,0
72761,0
72762,3
72763,0
72764,0
72765,2
72766,0
72767,3
72768,0
72769,2
72770,3
72771,3
72772,0
72773,0
72774,0
72775,0
72776,3
72777,0
72778,0
72779,3
72780,2
72781,2
72782,3
72783,3
72784,0
72785,2
72786,2
72787,2
72788,3
72789,3
72790,3
72791,3
72792,3
72793,2
72794,0
72795,3
72796,3
72797,3
72798,3
72799,3
72800,3
72801,3
72802,3
72803,3
72804,2
72805,3
72806,3
72807,3
72808,3
72809,3
72810,2
72811,3
72812,3
72813,3
72814,3
72815,3
72816,3
72817,3
72818,3
72819,2
72820,3
72821,3
72822,3
72823,3
72824,3
72825,3
72826,2
72827,3
72828,3
72829,2
72830,3
72831,3
72832,3
72833,3
72834,3
72835,2
72836,3
72837,3
72838,3
72839,3
72840,3
72841,3
72842,3
72843,3
72844,3
72845,2
72846,2
72847,1
72848,2
72849,3
72850,3
72851,3
72852,3
72853,2
72854,2
72855,2
72856,2
72857,2
72858,2
72859,2
72860,3
72861,2
72862,2
72863,2
72864,2
72865,3
72866,3
72867,3
72868,2
72869,3
72870,1
72871,1
72872,1
72873,1
72874,1
72875,3
72876,2
72877,2
72878,3
72879,3
72880,3
72881,3
72882,3
72883,3
72884,3
72885,3
72886,3
72887,2
72888,3
72889,3
72890,3
72891,3
72892,1
72893,2
72894,2
72895,2
72896,3
72897,3
72898,3
72899,2
72900,3
72901,2
72902,1
72903,3
72904,3
72905,3
72906,3
72907,3
72908,2
72909,3
72910,3
72911,3
72912,3
72913,3
72914,3
72915,2
72916,2
72917,2
72918,3
72919,2
72920,3
72921,2
72922,3
72923,2
72924,2
72925,3
72926,3
72927,3
72928,3
72929,3
72930,2
72931,2
72932,3
72933,3
72934,2
72935,2
72936,3
72937,2
72938,2
72939,3
72940,3
72941,3
72942,3
72943,3
72944,3
72945,3
72946,2
72947,2
72948,2
72949,2
72950,3
72951,2
72952,3
72953,2
72954,3
72955,3
72956,3
72957,3
72958,3
72959,3
72960,3
72961,2
72962,3
72963,3
72964,2
72965,2
72966,3
72967,2
72968,3
72969,2
72970,3
72971,3
72972,3
72973,2
72974,2
72975,2
72976,3
72977,3
72978,2
72979,2
72980,3
72981,2
72982,3
72983,2
72984,2
72985,2
72986,2
72987,3
72988,3
72989,2
72990,2
72991,2
72992,2
72993,2
72994,2
72995,2
72996,2
72997,2
72998,2
72999,2
73000,2
73001,2
73002,2
73003,2
73004,2
73005,2
73006,2
73007,3
73008,2
73009,2
73010,3
73011,3
73012,3
73013,2
73014,2
73015,3
73016,2
73017,2
73018,2
73019,2
73020,2
73021,2
73022,2
73023,3
73024,3
73025,3
73026,3
73027,3
73028,2
73029,2
73030,3
73031,3
73032,3
73033,3
73034,3
73035,3
73036,3
73037,3
73038,3
73039,2
73040,3
73041,3
73042,3
73043,2
73044,2
73045,2
73046,3
73047,2
73048,2
73049,2
73050,3
73051,2
73052,2
73053,2
73054,2
73055,2
73056,2
73057,2
73058,3
73059,2
73060,3
73061,3
73062,3
73063,3
73064,3
73065,3
73066,3
73067,3
73068,2
73069,3
73070,3
73071,2
73072,3
73073,3
73074,3
73075,2
73076,2
73077,2
73078,2
73079,3
73080,3
73081,3
73082,3
73083,3
73084,3
73085,3
73086,2
73087,3
73088,3
73089,3
73090,3
73091,2
73092,2
73093,3
73094,3
73095,2
73096,3
73097,3
73098,2
73099,2
73100,2
73101,3
73102,2
73103,2
73104,2
73105,2
73106,3
73107,3
73108,3
73109,3
73110,2
73111,3
73112,3
73113,0
73114,3
73115,3
73116,2
73117,3
73118,3
73119,2
73120,3
73121,3
73122,2
73123,2
73124,2
73125,3
73126,2
73127,3
73128,2
73129,3
73130,3
73131,2
73132,3
73133,2
73134,2
73135,2
73136,2
73137,3
73138,2
73139,3
73140,3
73141,2
73142,2
73143,2
73144,2
73145,3
73146,3
73147,3
73148,3
73149,2
73150,2
73151,3
73152,2
73153,2
73154,3
73155,3
73156,3
73157,3
73158,2
73159,3
73160,3
73161,3
73162,2
73163,3
73164,3
73165,2
73166,3
73167,3
73168,3
73169,3
73170,3
73171,3
73172,2
73173,3
73174,3
73175,3
73176,2
73177,2
73178,3
73179,2
73180,2
73181,3
73182,3
73183,3
73184,3
73185,3
73186,3
73187,3
73188,3
73189,3
73190,3
73191,3
73192,3
73193,3
73194,3
73195,3
73196,3
73197,3
73198,2
73199,2
73200,2
73201,3
73202,2
73203,2
73204,3
73205,3
73206,3
73207,2
73208,3
73209,3
73210,3
73211,3
73212,2
73213,2
73214,2
73215,3
73216,3
73217,3
73218,3
73219,3
73220,3
73221,3
73222,3
73223,3
73224,3
73225,3
73226,2
73227,3
73228,3
73229,2
73230,2
73231,3
73232,3
73233,3
73234,3
73235,3
73236,3
73237,3
73238,3
73239,3
73240,3
73241,3
73242,3
73243,3
73244,2
73245,2
73246,2
73247,2
73248,3
73249,2
73250,3
73251,2
73252,2
73253,3
73254,3
73255,2
73256,2
73257,3
73258,3
73259,3
73260,3
73261,3
73262,2
73263,2
73264,2
73265,3
73266,3
73267,2
73268,2
73269,3
73270,2
73271,3
73272,3
73273,2
73274,2
73275,2
73276,3
73277,3
73278,2
73279,3
73280,3
73281,2
73282,2
73283,3
73284,3
73285,3
73286,3
73287,3
73288,3
73289,2
73290,2
73291,3
73292,2
73293,2
73294,2
73295,3
73296,3
73297,3
73298,3
73299,2
73300,2
73301,2
73302,2
73303,2
73304,2
73305,2
73306,2
73307,2
73308,2
73309,2
73310,2
73311,2
73312,2
73313,2
73314,2
73315,2
73316,2
73317,2
73318,2
73319,2
73320,2
73321,2
73322,2
73323,3
73324,2
73325,2
73326,2
73327,2
73328,2
73329,2
73330,2
73331,3
73332,2
73333,2
73334,2
73335,3
73336,2
73337,2
73338,2
73339,2
73340,2
73341,2
73342,2
73343,2
73344,2
73345,2
73346,2
73347,2
73348,2
73349,2
73350,2
73351,2
73352,2
73353,2
73354,2
73355,2
73356,2
73357,2
73358,2
73359,2
73360,2
73361,2
73362,2
73363,2
73364,2
73365,2
73366,2
73367,2
73368,2
73369,2
73370,2
73371,2
73372,2
73373,2
73374,3
73375,3
73376,2
73377,2
73378,2
73379,2
73380,2
73381,2
73382,2
73383,2
73384,2
73385,2
73386,2
73387,2
73388,2
73389,2
73390,2
73391,2
73392,2
73393,2
73394,2
73395,2
73396,2
73397,2
73398,2
73399,2
73400,2
73401,2
73402,2
73403,2
73404,2
73405,2
73406,2
73407,2
73408,2
73409,2
73410,2
73411,2
73412,2
73413,2
73414,2
73415,2
73416,2
73417,2
73418,1
73419,2
73420,2
73421,3
73422,2
73423,2
73424,2
73425,2
73426,2
73427,3
73428,2
73429,2
73430,2
73431,2
73432,2
73433,2
73434,2
73435,2
73436,2
73437,2
73438,2
73439,2
73440,2
73441,2
73442,2
73443,2
73444,2
73445,2
73446,2
73447,2
73448,2
73449,2
73450,2
73451,2
73452,2
73453,2
73454,3
73455,3
73456,2
73457,2
73458,2
73459,2
73460,2
73461,2
73462,2
73463,2
73464,2
73465,2
73466,2
73467,2
73468,2
73469,2
73470,2
73471,2
73472,2
73473,2
73474,2
73475,2
73476,2
73477,2
73478,2
73479,2
73480,2
73481,2
73482,2
73483,2
73484,2
73485,2
73486,2
73487,2
73488,2
73489,2
73490,2
73491,2
73492,2
73493,3
73494,2
73495,2
73496,2
73497,2
73498,2
73499,2
73500,2
73501,2
73502,2
73503,2
73504,2
73505,2
73506,2
73507,2
73508,2
73509,2
73510,2
73511,2
73512,2
73513,2
73514,2
73515,2
73516,2
73517,2
73518,2
73519,3
73520,3
73521,3
73522,2
73523,2
73524,3
73525,2
73526,2
73527,2
73528,2
73529,2
73530,2
73531,2
73532,2
73533,2
73534,2
73535,2
73536,3
73537,2
73538,2
73539,2
73540,2
73541,2
73542,2
73543,2
73544,2
73545,2
73546,2
73547,2
73548,2
73549,2
73550,2
73551,2
73552,2
73553,2
73554,2
73555,2
73556,2
73557,2
73558,2
73559,2
73560,2
73561,2
73562,2
73563,2
73564,2
73565,2
73566,2
73567,2
73568,2
73569,2
73570,2
73571,2
73572,2
73573,2
73574,2
73575,2
73576,2
73577,2
73578,2
73579,2
73580,2
73581,2
73582,2
73583,2
73584,2
73585,2
73586,2
73587,2
73588,2
73589,2
73590,2
73591,2
73592,2
73593,2
73594,2
73595,2
73596,2
73597,2
73598,2
73599,2
73600,2
73601,2
73602,2
73603,2
73604,2
73605,2
73606,2
73607,2
73608,2
73609,2
73610,2
73611,2
73612,2
73613,2
73614,2
73615,2
73616,2
73617,2
73618,2
73619,2
73620,2
73621,2
73622,2
73623,2
73624,2
73625,2
73626,3
73627,2
73628,2
73629,2
73630,2
73631,3
73632,2
73633,2
73634,2
73635,2
73636,2
73637,2
73638,2
73639,2
73640,2
73641,2
73642,3
73643,3
73644,2
73645,2
73646,2
73647,2
73648,2
73649,2
73650,2
73651,2
73652,3
73653,2
73654,2
73655,2
73656,2
73657,2
73658,2
73659,2
73660,2
73661,2
73662,2
73663,2
73664,2
73665,2
73666,2
73667,2
73668,2
73669,2
73670,2
73671,2
73672,2
73673,2
73674,2
73675,2
73676,2
73677,2
73678,2
73679,2
73680,2
73681,2
73682,2
73683,2
73684,2
73685,2
73686,2
73687,2
73688,2
73689,2
73690,2
73691,2
73692,2
73693,2
73694,2
73695,2
73696,2
73697,2
73698,2
73699,2
73700,2
73701,2
73702,3
73703,2
73704,2
73705,2
73706,2
73707,2
73708,2
73709,2
73710,2
73711,2
73712,2
73713,2
73714,2
73715,2
73716,2
73717,2
73718,2
73719,2
73720,2
73721,2
73722,2
73723,2
73724,2
73725,2
73726,2
73727,2
73728,2
73729,2
73730,2
73731,2
73732,2
73733,2
73734,2
73735,2
73736,2
73737,2
73738,2
73739,2
73740,2
73741,2
73742,2
73743,2
73744,2
73745,2
73746,2
73747,2
73748,2
73749,2
73750,2
73751,2
73752,2
73753,2
73754,2
73755,2
73756,2
73757,2
73758,2
73759,2
73760,2
73761,2
73762,2
73763,2
73764,2
73765,2
73766,2
73767,2
73768,2
73769,2
73770,2
73771,2
73772,2
73773,2
73774,2
73775,2
73776,2
73777,2
73778,2
73779,2
73780,2
73781,2
73782,2
73783,2
73784,2
73785,3
73786,2
73787,2
73788,2
73789,2
73790,2
73791,2
73792,2
73793,2
73794,2
73795,2
73796,3
73797,2
73798,2
73799,2
73800,2
73801,2
73802,2
73803,2
73804,2
73805,2
73806,3
73807,2
73808,2
73809,2
73810,2
73811,2
73812,2
73813,2
73814,2
73815,2
73816,2
73817,2
73818,2
73819,2
73820,2
73821,2
73822,2
73823,2
73824,2
73825,2
73826,2
73827,2
73828,3
73829,2
73830,2
73831,2
73832,2
73833,2
73834,2
73835,2
73836,2
73837,2
73838,2
73839,2
73840,2
73841,2
73842,2
73843,3
73844,2
73845,2
73846,2
73847,2
73848,2
73849,2
73850,2
73851,2
73852,2
73853,2
73854,2
73855,2
73856,2
73857,2
73858,2
73859,2
73860,2
73861,2
73862,2
73863,2
73864,2
73865,2
73866,2
73867,3
73868,2
73869,3
73870,2
73871,2
73872,2
73873,2
73874,2
73875,2
73876,2
73877,3
73878,2
73879,2
73880,2
73881,2
73882,2
73883,2
73884,2
73885,2
73886,2
73887,2
73888,2
73889,2
73890,2
73891,2
73892,2
73893,2
73894,2
73895,2
73896,2
73897,2
73898,2
73899,2
73900,2
73901,2
73902,2
73903,2
73904,2
73905,2
73906,2
73907,2
73908,2
73909,2
73910,2
73911,2
73912,2
73913,2
73914,2
73915,2
73916,2
73917,2
73918,2
73919,2
73920,2
73921,2
73922,2
73923,2
73924,2
73925,2
73926,2
73927,2
73928,2
73929,2
73930,2
73931,2
73932,2
73933,2
73934,2
73935,2
73936,2
73937,2
73938,2
73939,2
73940,2
73941,2
73942,2
73943,2
73944,2
73945,2
73946,2
73947,2
73948,2
73949,2
73950,2
73951,2
73952,2
73953,2
73954,2
73955,2
73956,2
73957,2
73958,2
73959,2
73960,2
73961,2
73962,2
73963,2
73964,2
73965,2
73966,2
73967,2
73968,2
73969,2
73970,2
73971,2
73972,2
73973,2
73974,2
73975,2
73976,2
73977,2
73978,2
73979,2
73980,2
73981,2
73982,2
73983,2
73984,2
73985,2
73986,2
73987,2
73988,2
73989,2
73990,2
73991,2
73992,2
73993,2
73994,2
73995,2
73996,2
73997,2
73998,2
73999,2
74000,2
74001,2
74002,2
74003,2
74004,2
74005,2
74006,2
74007,2
74008,2
74009,2
74010,2
74011,2
74012,2
74013,2
74014,2
74015,2
74016,2
74017,2
74018,2
74019,2
74020,2
74021,2
74022,2
74023,2
74024,2
74025,2
74026,2
74027,2
74028,2
74029,2
74030,2
74031,2
74032,2
74033,2
74034,2
74035,2
74036,2
74037,2
74038,2
74039,2
74040,2
74041,2
74042,2
74043,2
74044,2
74045,2
74046,2
74047,2
74048,2
74049,2
74050,2
74051,2
74052,2
74053,2
74054,2
74055,2
74056,2
74057,2
74058,2
74059,2
74060,2
74061,2
74062,2
74063,2
74064,2
74065,2
74066,3
74067,2
74068,2
74069,2
74070,2
74071,2
74072,2
74073,2
74074,2
74075,2
74076,2
74077,2
74078,2
74079,2
74080,2
74081,2
74082,2
74083,2
74084,2
74085,2
74086,2
74087,2
74088,2
74089,2
74090,2
74091,2
74092,2
74093,2
74094,2
74095,2
74096,2
74097,2
74098,2
74099,2
74100,2
74101,2
74102,2
74103,2
74104,2
74105,2
74106,2
74107,2
74108,2
74109,2
74110,3
74111,2
74112,2
74113,2
74114,2
74115,2
74116,2
74117,2
74118,2
74119,2
74120,2
74121,2
74122,2
74123,2
74124,2
74125,2
74126,2
74127,2
74128,2
74129,2
74130,2
74131,2
74132,2
74133,2
74134,2
74135,2
74136,2
74137,2
74138,2
74139,2
74140,2
74141,2
74142,2
74143,2
74144,2
74145,2
74146,2
74147,2
74148,2
74149,2
74150,2
74151,2
74152,2
74153,2
74154,2
74155,2
74156,2
74157,2
74158,2
74159,2
74160,2
74161,2
74162,2
74163,2
74164,2
74165,2
74166,2
74167,2
74168,2
74169,2
74170,2
74171,2
74172,2
74173,2
74174,2
74175,2
74176,2
74177,2
74178,2
74179,2
74180,2
74181,2
74182,2
74183,2
74184,2
74185,2
74186,2
74187,2
74188,2
74189,2
74190,2
74191,2
74192,2
74193,2
74194,2
74195,2
74196,2
74197,2
74198,2
74199,2
74200,2
74201,2
74202,2
74203,2
74204,2
74205,2
74206,2
74207,2
74208,2
74209,2
74210,2
74211,2
74212,2
74213,2
74214,2
74215,2
74216,2
74217,2
74218,3
74219,2
74220,2
74221,2
74222,2
74223,2
74224,2
74225,2
74226,2
74227,2
74228,2
74229,2
74230,2
74231,2
74232,2
74233,2
74234,2
74235,2
74236,2
74237,2
74238,2
74239,2
74240,2
74241,2
74242,2
74243,2
74244,2
74245,2
74246,3
74247,2
74248,2
74249,2
74250,2
74251,2
74252,2
74253,2
74254,2
74255,2
74256,2
74257,2
74258,2
74259,2
74260,2
74261,2
74262,2
74263,2
74264,2
74265,2
74266,2
74267,2
74268,2
74269,2
74270,2
74271,2
74272,2
74273,2
74274,2
74275,2
74276,2
74277,2
74278,2
74279,2
74280,2
74281,2
74282,2
74283,2
74284,2
74285,2
74286,2
74287,2
74288,2
74289,2
74290,2
74291,2
74292,2
74293,2
74294,2
74295,3
74296,2
74297,2
74298,2
74299,2
74300,2
74301,2
74302,2
74303,2
74304,2
74305,2
74306,2
74307,2
74308,2
74309,2
74310,2
74311,2
74312,2
74313,2
74314,2
74315,2
74316,2
74317,2
74318,2
74319,3
74320,2
74321,2
74322,2
74323,2
74324,2
74325,2
74326,2
74327,2
74328,2
74329,2
74330,2
74331,2
74332,2
74333,2
74334,2
74335,2
74336,2
74337,2
74338,2
74339,2
74340,2
74341,2
74342,2
74343,2
74344,2
74345,3
74346,2
74347,2
74348,2
74349,2
74350,2
74351,2
74352,2
74353,2
74354,2
74355,2
74356,2
74357,2
74358,2
74359,2
74360,2
74361,2
74362,2
74363,2
74364,2
74365,2
74366,2
74367,2
74368,2
74369,2
74370,2
74371,2
74372,2
74373,3
74374,2
74375,2
74376,2
74377,2
74378,2
74379,2
74380,2
74381,2
74382,2
74383,2
74384,2
74385,2
74386,2
74387,2
74388,2
74389,2
74390,2
74391,2
74392,2
74393,2
74394,2
74395,2
74396,2
74397,2
74398,2
74399,2
74400,2
74401,2
74402,2
74403,2
74404,2
74405,2
74406,3
74407,2
74408,2
74409,2
74410,2
74411,2
74412,2
74413,2
74414,2
74415,2
74416,2
74417,2
74418,2
74419,2
74420,2
74421,2
74422,2
74423,2
74424,2
74425,2
74426,2
74427,2
74428,2
74429,2
74430,2
74431,2
74432,2
74433,2
74434,2
74435,2
74436,2
74437,2
74438,2
74439,2
74440,2
74441,2
74442,2
74443,2
74444,2
74445,2
74446,2
74447,2
74448,2
74449,2
74450,2
74451,2
74452,2
74453,2
74454,2
74455,2
74456,2
74457,2
74458,2
74459,2
74460,2
74461,2
74462,2
74463,2
74464,3
74465,2
74466,2
74467,2
74468,2
74469,2
74470,3
74471,2
74472,2
74473,2
74474,2
74475,2
74476,2
74477,2
74478,2
74479,2
74480,2
74481,2
74482,2
74483,2
74484,2
74485,2
74486,2
74487,2
74488,2
74489,2
74490,2
74491,2
74492,2
74493,2
74494,2
74495,2
74496,2
74497,2
74498,2
74499,2
74500,2
74501,2
74502,2
74503,2
74504,2
74505,2
74506,2
74507,2
74508,2
74509,2
74510,2
74511,2
74512,2
74513,2
74514,2
74515,2
74516,2
74517,2
74518,2
74519,2
74520,2
74521,2
74522,2
74523,2
74524,2
74525,2
74526,2
74527,2
74528,2
74529,2
74530,2
74531,2
74532,2
74533,2
74534,2
74535,2
74536,2
74537,2
74538,2
74539,2
74540,2
74541,2
74542,2
74543,2
74544,3
74545,2
74546,2
74547,2
74548,2
74549,2
74550,2
74551,2
74552,2
74553,2
74554,3
74555,2
74556,2
74557,2
74558,2
74559,2
74560,2
74561,2
74562,2
74563,2
74564,2
74565,2
74566,2
74567,3
74568,2
74569,2
74570,2
74571,2
74572,2
74573,2
74574,2
74575,2
74576,2
74577,2
74578,3
74579,2
74580,2
74581,2
74582,2
74583,2
74584,2
74585,2
74586,2
74587,2
74588,2
74589,2
74590,2
74591,2
74592,2
74593,2
74594,2
74595,2
74596,2
74597,2
74598,2
74599,2
74600,2
74601,2
74602,2
74603,2
74604,2
74605,2
74606,2
74607,2
74608,2
74609,2
74610,2
74611,2
74612,2
74613,2
74614,2
74615,2
74616,2
74617,2
74618,2
74619,2
74620,2
74621,2
74622,2
74623,2
74624,2
74625,2
74626,2
74627,2
74628,2
74629,3
74630,2
74631,2
74632,2
74633,2
74634,2
74635,2
74636,2
74637,2
74638,2
74639,2
74640,2
74641,2
74642,2
74643,2
74644,2
74645,2
74646,3
74647,3
74648,2
74649,2
74650,2
74651,2
74652,2
74653,2
74654,2
74655,2
74656,2
74657,2
74658,2
74659,2
74660,3
74661,2
74662,2
74663,2
74664,2
74665,2
74666,2
74667,2
74668,2
74669,2
74670,2
74671,2
74672,2
74673,2
74674,2
74675,2
74676,2
74677,2
74678,2
74679,2
74680,2
74681,2
74682,2
74683,2
74684,2
74685,2
74686,2
74687,2
74688,2
74689,2
74690,2
74691,2
74692,2
74693,2
74694,2
74695,2
74696,2
74697,2
74698,2
74699,2
74700,2
74701,2
74702,2
74703,2
74704,2
74705,2
74706,2
74707,2
74708,2
74709,2
74710,2
74711,2
74712,2
74713,2
74714,2
74715,2
74716,2
74717,2
74718,2
74719,2
74720,2
74721,2
74722,2
74723,2
74724,2
74725,2
74726,2
74727,2
74728,2
74729,2
74730,2
74731,2
74732,2
74733,2
74734,2
74735,2
74736,2
74737,2
74738,2
74739,2
74740,2
74741,3
74742,2
74743,2
74744,2
74745,2
74746,2
74747,2
74748,2
74749,2
74750,2
74751,2
74752,2
74753,2
74754,2
74755,2
74756,2
74757,2
74758,2
74759,2
74760,2
74761,2
74762,2
74763,2
74764,2
74765,2
74766,2
74767,2
74768,2
74769,2
74770,2
74771,2
74772,2
74773,2
74774,2
74775,2
74776,2
74777,2
74778,2
74779,2
74780,2
74781,2
74782,2
74783,2
74784,2
74785,3
74786,2
74787,2
74788,2
74789,2
74790,3
74791,2
74792,2
74793,2
74794,2
74795,2
74796,2
74797,2
74798,2
74799,2
74800,2
74801,2
74802,2
74803,2
74804,2
74805,2
74806,2
74807,2
74808,2
74809,2
74810,2
74811,2
74812,2
74813,2
74814,2
74815,2
74816,2
74817,2
74818,2
74819,2
74820,2
74821,2
74822,2
74823,2
74824,2
74825,2
74826,2
74827,2
74828,2
74829,2
74830,2
74831,2
74832,2
74833,2
74834,2
74835,2
74836,2
74837,2
74838,2
74839,2
74840,2
74841,2
74842,2
74843,2
74844,2
74845,2
74846,2
74847,2
74848,2
74849,2
74850,2
74851,2
74852,2
74853,2
74854,2
74855,2
74856,2
74857,2
74858,2
74859,2
74860,2
74861,2
74862,2
74863,2
74864,2
74865,2
74866,2
74867,2
74868,2
74869,2
74870,2
74871,2
74872,2
74873,2
74874,2
74875,2
74876,2
74877,2
74878,2
74879,2
74880,2
74881,2
74882,2
74883,2
74884,2
74885,2
74886,2
74887,2
74888,2
74889,2
74890,2
74891,2
74892,2
74893,2
74894,2
74895,2
74896,2
74897,2
74898,2
74899,2
74900,2
74901,2
74902,2
74903,2
74904,2
74905,2
74906,2
74907,2
74908,2
74909,2
74910,2
74911,2
74912,2
74913,2
74914,2
74915,2
74916,3
74917,2
74918,2
74919,2
74920,2
74921,2
74922,2
74923,2
74924,2
74925,2
74926,2
74927,2
74928,2
74929,2
74930,2
74931,2
74932,3
74933,2
74934,2
74935,2
74936,2
74937,2
74938,3
74939,2
74940,2
74941,2
74942,2
74943,3
74944,2
74945,2
74946,2
74947,2
74948,2
74949,2
74950,2
74951,2
74952,2
74953,2
74954,2
74955,2
74956,2
74957,2
74958,2
74959,2
74960,2
74961,2
74962,2
74963,2
74964,2
74965,2
74966,2
74967,2
74968,2
74969,2
74970,2
74971,2
74972,2
74973,2
74974,2
74975,2
74976,2
74977,2
74978,2
74979,2
74980,2
74981,2
74982,2
74983,2
74984,2
74985,2
74986,2
74987,2
74988,2
74989,2
74990,2
74991,2
74992,2
74993,2
74994,2
74995,2
74996,2
74997,2
74998,2
74999,2
75000,2
75001,2
75002,2
75003,2
75004,2
75005,2
75006,2
75007,2
75008,2
75009,2
75010,2
75011,2
75012,2
75013,2
75014,2
75015,2
75016,2
75017,2
75018,2
75019,2
75020,2
75021,3
75022,2
75023,2
75024,2
75025,2
75026,2
75027,2
75028,2
75029,2
75030,2
75031,2
75032,2
75033,2
75034,2
75035,2
75036,2
75037,2
75038,2
75039,2
75040,2
75041,2
75042,2
75043,2
75044,2
75045,2
75046,2
75047,2
75048,2
75049,2
75050,2
75051,2
75052,2
75053,2
75054,2
75055,2
75056,2
75057,2
75058,2
75059,2
75060,2
75061,2
75062,2
75063,2
75064,3
75065,2
75066,2
75067,2
75068,2
75069,2
75070,3
75071,2
75072,2
75073,3
75074,3
75075,2
75076,3
75077,2
75078,3
75079,2
75080,3
75081,2
75082,2
75083,2
75084,2
75085,3
75086,3
75087,2
75088,2
75089,3
75090,3
75091,2
75092,2
75093,2
75094,2
75095,2
75096,2
75097,2
75098,2
75099,2
75100,2
75101,2
75102,2
75103,2
75104,2
75105,2
75106,2
75107,2
75108,2
75109,3
75110,2
75111,3
75112,3
75113,3
75114,3
75115,2
75116,4
75117,2
75118,2
75119,3
75120,2
75121,4
75122,2
75123,2
75124,2
75125,4
75126,2
75127,2
75128,2
75129,2
75130,2
75131,2
75132,3
75133,2
75134,3
75135,4
75136,3
75137,2
75138,2
75139,3
75140,2
75141,3
75142,3
75143,2
75144,3
75145,3
75146,3
75147,3
75148,3
75149,3
75150,2
75151,2
75152,4
75153,2
75154,3
75155,2
75156,2
75157,2
75158,2
75159,2
75160,2
75161,2
75162,2
75163,2
75164,2
75165,2
75166,2
75167,2
75168,2
75169,3
75170,2
75171,2
75172,2
75173,2
75174,2
75175,2
75176,2
75177,2
75178,2
75179,2
75180,3
75181,1
75182,3
75183,2
75184,2
75185,2
75186,2
75187,2
75188,2
75189,2
75190,2
75191,2
75192,2
75193,2
75194,2
75195,2
75196,1
75197,2
75198,2
75199,2
75200,2
75201,2
75202,2
75203,2
75204,2
75205,2
75206,2
75207,2
75208,3
75209,2
75210,2
75211,2
75212,2
75213,3
75214,2
75215,2
75216,2
75217,2
75218,2
75219,2
75220,2
75221,2
75222,2
75223,2
75224,2
75225,2
75226,2
75227,3
75228,2
75229,2
75230,2
75231,2
75232,2
75233,2
75234,2
75235,2
75236,2
75237,2
75238,2
75239,2
75240,2
75241,2
75242,2
75243,2
75244,2
75245,2
75246,2
75247,2
75248,2
75249,2
75250,2
75251,2
75252,2
75253,2
75254,2
75255,2
75256,2
75257,2
75258,2
75259,2
75260,2
75261,2
75262,2
75263,2
75264,2
75265,2
75266,2
75267,2
75268,2
75269,2
75270,2
75271,2
75272,2
75273,2
75274,2
75275,2
75276,2
75277,2
75278,2
75279,2
75280,2
75281,2
75282,2
75283,2
75284,2
75285,2
75286,2
75287,2
75288,2
75289,2
75290,2
75291,2
75292,2
75293,2
75294,2
75295,2
75296,2
75297,2
75298,2
75299,2
75300,2
75301,2
75302,2
75303,2
75304,2
75305,2
75306,2
75307,2
75308,2
75309,2
75310,2
75311,2
75312,2
75313,2
75314,2
75315,2
75316,2
75317,2
75318,2
75319,2
75320,2
75321,2
75322,2
75323,2
75324,2
75325,2
75326,2
75327,2
75328,2
75329,2
75330,2
75331,2
75332,2
75333,2
75334,2
75335,2
75336,2
75337,2
75338,2
75339,2
75340,2
75341,2
75342,2
75343,2
75344,2
75345,2
75346,2
75347,2
75348,2
75349,2
75350,2
75351,2
75352,2
75353,2
75354,2
75355,2
75356,2
75357,2
75358,2
75359,2
75360,2
75361,2
75362,2
75363,2
75364,2
75365,2
75366,2
75367,2
75368,2
75369,2
75370,2
75371,2
75372,2
75373,2
75374,2
75375,2
75376,2
75377,2
75378,2
75379,2
75380,2
75381,2
75382,2
75383,2
75384,2
75385,2
75386,2
75387,2
75388,2
75389,2
75390,2
75391,2
75392,2
75393,2
75394,2
75395,2
75396,2
75397,2
75398,2
75399,2
75400,2
75401,2
75402,2
75403,2
75404,2
75405,2
75406,2
75407,2
75408,2
75409,2
75410,2
75411,2
75412,2
75413,2
75414,2
75415,2
75416,2
75417,2
75418,2
75419,2
75420,2
75421,2
75422,2
75423,2
75424,2
75425,3
75426,2
75427,2
75428,2
75429,2
75430,2
75431,2
75432,2
75433,2
75434,2
75435,2
75436,2
75437,2
75438,3
75439,2
75440,2
75441,2
75442,2
75443,2
75444,2
75445,2
75446,2
75447,2
75448,2
75449,2
75450,2
75451,2
75452,2
75453,2
75454,2
75455,2
75456,2
75457,2
75458,2
75459,2
75460,2
75461,2
75462,2
75463,2
75464,2
75465,2
75466,2
75467,2
75468,2
75469,2
75470,2
75471,2
75472,2
75473,2
75474,2
75475,3
75476,2
75477,2
75478,2
75479,2
75480,2
75481,2
75482,2
75483,2
75484,2
75485,2
75486,2
75487,2
75488,2
75489,2
75490,2
75491,2
75492,2
75493,2
75494,2
75495,2
75496,2
75497,2
75498,2
75499,2
75500,2
75501,2
75502,2
75503,2
75504,2
75505,2
75506,2
75507,2
75508,2
75509,2
75510,2
75511,2
75512,2
75513,2
75514,2
75515,2
75516,2
75517,2
75518,2
75519,2
75520,2
75521,2
75522,2
75523,2
75524,2
75525,2
75526,2
75527,2
75528,2
75529,2
75530,2
75531,2
75532,2
75533,2
75534,2
75535,2
75536,2
75537,2
75538,2
75539,2
75540,2
75541,2
75542,2
75543,2
75544,2
75545,2
75546,2
75547,2
75548,2
75549,2
75550,2
75551,2
75552,2
75553,2
75554,2
75555,3
75556,2
75557,2
75558,2
75559,2
75560,2
75561,2
75562,2
75563,2
75564,2
75565,2
75566,2
75567,2
75568,2
75569,2
75570,2
75571,2
75572,2
75573,2
75574,2
75575,2
75576,2
75577,2
75578,2
75579,2
75580,2
75581,2
75582,2
75583,2
75584,2
75585,2
75586,2
75587,2
75588,2
75589,2
75590,2
75591,2
75592,2
75593,2
75594,2
75595,2
75596,2
75597,2
75598,2
75599,2
75600,2
75601,2
75602,2
75603,2
75604,2
75605,2
75606,3
75607,2
75608,2
75609,2
75610,2
75611,2
75612,2
75613,2
75614,2
75615,2
75616,2
75617,2
75618,2
75619,2
75620,2
75621,2
75622,2
75623,2
75624,2
75625,2
75626,2
75627,2
75628,2
75629,2
75630,2
75631,2
75632,2
75633,2
75634,2
75635,2
75636,2
75637,2
75638,2
75639,2
75640,2
75641,2
75642,2
75643,2
75644,2
75645,2
75646,2
75647,3
75648,2
75649,2
75650,2
75651,2
75652,2
75653,2
75654,2
75655,2
75656,2
75657,2
75658,2
75659,2
75660,2
75661,2
75662,2
75663,2
75664,2
75665,2
75666,2
75667,2
75668,2
75669,2
75670,2
75671,2
75672,2
75673,2
75674,2
75675,2
75676,2
75677,2
75678,2
75679,2
75680,2
75681,2
75682,2
75683,2
75684,2
75685,2
75686,2
75687,2
75688,2
75689,2
75690,2
75691,2
75692,2
75693,2
75694,2
75695,2
75696,2
75697,2
75698,2
75699,2
75700,2
75701,2
75702,2
75703,2
75704,2
75705,2
75706,2
75707,2
75708,2
75709,2
75710,2
75711,2
75712,2
75713,2
75714,2
75715,2
75716,2
75717,2
75718,2
75719,2
75720,2
75721,2
75722,2
75723,2
75724,2
75725,2
75726,2
75727,2
75728,2
75729,2
75730,2
75731,2
75732,2
75733,2
75734,2
75735,2
75736,2
75737,2
75738,2
75739,2
75740,2
75741,2
75742,2
75743,2
75744,2
75745,3
75746,2
75747,2
75748,2
75749,2
75750,2
75751,3
75752,2
75753,2
75754,2
75755,2
75756,2
75757,2
75758,2
75759,2
75760,2
75761,2
75762,2
75763,2
75764,2
75765,3
75766,2
75767,2
75768,2
75769,2
75770,2
75771,2
75772,2
75773,2
75774,2
75775,2
75776,2
75777,2
75778,2
75779,2
75780,2
75781,2
75782,2
75783,2
75784,2
75785,2
75786,2
75787,2
75788,2
75789,2
75790,2
75791,2
75792,2
75793,2
75794,2
75795,2
75796,2
75797,2
75798,2
75799,2
75800,2
75801,2
75802,2
75803,2
75804,2
75805,2
75806,2
75807,2
75808,2
75809,2
75810,2
75811,0
75812,2
75813,2
75814,2
75815,2
75816,2
75817,2
75818,2
75819,2
75820,2
75821,2
75822,2
75823,2
75824,2
75825,2
75826,2
75827,2
75828,2
75829,2
75830,2
75831,2
75832,2
75833,2
75834,2
75835,2
75836,2
75837,2
75838,2
75839,2
75840,2
75841,2
75842,2
75843,2
75844,2
75845,2
75846,2
75847,2
75848,2
75849,2
75850,2
75851,2
75852,2
75853,2
75854,2
75855,2
75856,2
75857,2
75858,2
75859,2
75860,2
75861,3
75862,2
75863,2
75864,2
75865,2
75866,2
75867,2
75868,2
75869,2
75870,2
75871,2
75872,2
75873,2
75874,2
75875,1
75876,3
75877,2
75878,2
75879,3
75880,2
75881,4
75882,4
75883,1
75884,1
75885,1
75886,2
75887,2
75888,1
75889,2
75890,3
75891,3
75892,1
75893,2
75894,2
75895,2
75896,2
75897,2
75898,3
75899,2
75900,2
75901,2
75902,2
75903,2
75904,2
75905,2
75906,2
75907,2
75908,2
75909,2
75910,2
75911,2
75912,2
75913,2
75914,2
75915,2
75916,2
75917,2
75918,2
75919,2
75920,2
75921,2
75922,2
75923,2
75924,2
75925,2
75926,2
75927,2
75928,2
75929,2
75930,2
75931,2
75932,2
75933,2
75934,2
75935,2
75936,2
75937,2
75938,2
75939,2
75940,2
75941,2
75942,3
75943,3
75944,3
75945,3
75946,4
75947,1
75948,3
75949,2
75950,3
75951,1
75952,3
75953,2
75954,3
75955,3
75956,2
75957,2
75958,2
75959,2
75960,2
75961,2
75962,2
75963,4
75964,2
75965,2
75966,2
75967,2
75968,2
75969,2
75970,2
75971,2
75972,4
75973,4
75974,2
75975,2
75976,2
75977,2
75978,3
75979,3
75980,3
75981,3
75982,2
75983,4
75984,2
75985,2
75986,2
75987,2
75988,2
75989,2
75990,2
75991,2
75992,2
75993,3
75994,3
75995,2
75996,1
75997,3
75998,3
75999,2
76000,3
76001,4
76002,2
76003,2
76004,2
76005,2
76006,2
76007,2
76008,3
76009,2
76010,2
76011,2
76012,2
76013,2
76014,2
76015,3
76016,2
76017,3
76018,2
76019,2
76020,3
76021,3
76022,3
76023,3
76024,1
76025,1
76026,3
76027,2
76028,2
76029,3
76030,3
76031,3
76032,3
76033,2
76034,3
76035,3
76036,3
76037,3
76038,2
76039,3
76040,2
76041,3
76042,3
76043,3
76044,3
76045,3
76046,2
76047,2
76048,3
76049,3
76050,2
76051,2
76052,2
76053,2
76054,1
76055,1
76056,1
76057,3
76058,2
76059,2
76060,4
76061,3
76062,2
76063,3
76064,4
76065,4
76066,4
76067,5
76068,2
76069,2
76070,2
76071,1
76072,3
76073,3
76074,2
76075,4
76076,2
76077,3
76078,3
76079,3
76080,2
76081,2
76082,3
76083,2
76084,2
76085,3
76086,2
76087,2
76088,3
76089,3
76090,2
76091,2
76092,3
76093,2
76094,3
76095,3
76096,3
76097,2
76098,2
76099,3
76100,2
76101,2
76102,2
76103,3
76104,3
76105,3
76106,2
76107,4
76108,2
76109,2
76110,1
76111,3
76112,2
76113,2
76114,1
76115,2
76116,2
76117,2
76118,2
76119,2
76120,2
76121,2
76122,2
76123,2
76124,2
76125,2
76126,2
76127,2
76128,3
76129,3
76130,3
76131,3
76132,3
76133,3
76134,2
76135,3
76136,3
76137,3
76138,4
76139,3
76140,3
76141,3
76142,3
76143,3
76144,3
76145,3
76146,2
76147,3
76148,3
76149,3
76150,3
76151,3
76152,4
76153,3
76154,4
76155,3
76156,3
76157,3
76158,2
76159,2
76160,2
76161,2
76162,2
76163,0
76164,3
76165,3
76166,3
76167,2
76168,2
76169,2
76170,2
76171,2
76172,2
76173,2
76174,2
76175,2
76176,2
76177,2
76178,2
76179,2
76180,2
76181,2
76182,2
76183,2
76184,2
76185,2
76186,2
76187,2
76188,2
76189,2
76190,2
76191,2
76192,2
76193,2
76194,2
76195,2
76196,2
76197,2
76198,2
76199,2
76200,3
76201,2
76202,2
76203,4
76204,2
76205,2
76206,2
76207,2
76208,2
76209,2
76210,2
76211,3
76212,2
76213,2
76214,2
76215,2
76216,2
76217,2
76218,3
76219,3
76220,2
76221,2
76222,2
76223,2
76224,3
76225,2
76226,2
76227,2
76228,2
76229,2
76230,2
76231,2
76232,2
76233,2
76234,2
76235,2
76236,2
76237,2
76238,3
76239,2
76240,2
76241,2
76242,2
76243,2
76244,2
76245,2
76246,2
76247,2
76248,2
76249,2
76250,2
76251,2
76252,2
76253,2
76254,2
76255,2
76256,2
76257,2
76258,2
76259,3
76260,3
76261,2
76262,3
76263,2
76264,2
76265,2
76266,2
76267,2
76268,2
76269,2
76270,2
76271,2
76272,2
76273,2
76274,2
76275,2
76276,3
76277,2
76278,2
76279,2
76280,2
76281,2
76282,2
76283,2
76284,2
76285,2
76286,2
76287,2
76288,2
76289,2
76290,2
76291,2
76292,2
76293,2
76294,2
76295,2
76296,2
76297,2
76298,2
76299,2
76300,2
76301,2
76302,2
76303,2
76304,2
76305,2
76306,2
76307,2
76308,2
76309,2
76310,2
76311,2
76312,2
76313,2
76314,2
76315,2
76316,2
76317,2
76318,2
76319,2
76320,2
76321,2
76322,2
76323,2
76324,2
76325,2
76326,2
76327,2
76328,2
76329,2
76330,2
76331,2
76332,2
76333,2
76334,2
76335,2
76336,2
76337,3
76338,3
76339,3
76340,4
76341,2
76342,2
76343,3
76344,3
76345,3
76346,3
76347,3
76348,3
76349,3
76350,3
76351,2
76352,2
76353,3
76354,3
76355,3
76356,3
76357,3
76358,3
76359,3
76360,3
76361,2
76362,4
76363,2
76364,2
76365,2
76366,2
76367,4
76368,2
76369,3
76370,2
76371,2
76372,4
76373,2
76374,2
76375,3
76376,2
76377,3
76378,3
76379,2
76380,4
76381,3
76382,3
76383,3
76384,3
76385,3
76386,4
76387,3
76388,2
76389,2
76390,2
76391,3
76392,3
76393,2
76394,4
76395,2
76396,3
76397,3
76398,3
76399,2
76400,3
76401,3
76402,3
76403,3
76404,2
76405,2
76406,2
76407,2
76408,2
76409,2
76410,2
76411,2
76412,3
76413,2
76414,2
76415,4
76416,2
76417,2
76418,2
76419,2
76420,2
76421,3
76422,2
76423,2
76424,2
76425,2
76426,2
76427,2
76428,2
76429,2
76430,2
76431,2
76432,2
76433,2
76434,2
76435,2
76436,2
76437,2
76438,2
76439,2
76440,2
76441,2
76442,2
76443,2
76444,2
76445,2
76446,2
76447,2
76448,2
76449,2
76450,2
76451,2
76452,2
76453,2
76454,2
76455,2
76456,2
76457,2
76458,2
76459,2
76460,2
76461,2
76462,2
76463,2
76464,2
76465,2
76466,2
76467,2
76468,2
76469,2
76470,2
76471,2
76472,2
76473,2
76474,2
76475,2
76476,2
76477,2
76478,2
76479,2
76480,2
76481,2
76482,2
76483,2
76484,2
76485,2
76486,2
76487,2
76488,2
76489,2
76490,2
76491,2
76492,2
76493,2
76494,2
76495,3
76496,2
76497,2
76498,2
76499,2
76500,2
76501,2
76502,2
76503,2
76504,2
76505,2
76506,2
76507,2
76508,2
76509,2
76510,2
76511,2
76512,2
76513,3
76514,2
76515,2
76516,2
76517,2
76518,2
76519,2
76520,2
76521,2
76522,2
76523,2
76524,2
76525,2
76526,2
76527,2
76528,2
76529,2
76530,2
76531,2
76532,2
76533,2
76534,2
76535,2
76536,2
76537,2
76538,2
76539,2
76540,2
76541,2
76542,2
76543,2
76544,2
76545,2
76546,2
76547,2
76548,2
76549,2
76550,2
76551,2
76552,2
76553,2
76554,2
76555,2
76556,2
76557,2
76558,2
76559,2
76560,2
76561,2
76562,2
76563,2
76564,2
76565,2
76566,2
76567,2
76568,2
76569,2
76570,2
76571,2
76572,2
76573,2
76574,2
76575,2
76576,2
76577,2
76578,2
76579,2
76580,2
76581,2
76582,2
76583,2
76584,2
76585,2
76586,2
76587,2
76588,2
76589,2
76590,2
76591,2
76592,2
76593,2
76594,2
76595,2
76596,2
76597,2
76598,2
76599,2
76600,2
76601,2
76602,2
76603,2
76604,2
76605,2
76606,2
76607,2
76608,2
76609,2
76610,2
76611,2
76612,2
76613,2
76614,2
76615,2
76616,3
76617,2
76618,2
76619,2
76620,2
76621,2
76622,2
76623,2
76624,2
76625,2
76626,2
76627,2
76628,2
76629,2
76630,2
76631,2
76632,2
76633,2
76634,2
76635,2
76636,2
76637,2
76638,2
76639,2
76640,2
76641,2
76642,2
76643,2
76644,2
76645,2
76646,2
76647,2
76648,2
76649,2
76650,2
76651,2
76652,2
76653,2
76654,2
76655,2
76656,2
76657,2
76658,2
76659,2
76660,2
76661,2
76662,2
76663,2
76664,2
76665,2
76666,2
76667,2
76668,2
76669,2
76670,2
76671,2
76672,2
76673,2
76674,2
76675,2
76676,2
76677,2
76678,2
76679,2
76680,3
76681,2
76682,2
76683,2
76684,2
76685,2
76686,2
76687,3
76688,3
76689,2
76690,2
76691,3
76692,2
76693,2
76694,2
76695,2
76696,2
76697,2
76698,2
76699,2
76700,2
76701,2
76702,2
76703,2
76704,2
76705,2
76706,2
76707,2
76708,2
76709,2
76710,2
76711,2
76712,2
76713,2
76714,2
76715,2
76716,2
76717,2
76718,2
76719,2
76720,2
76721,2
76722,2
76723,2
76724,2
76725,2
76726,2
76727,3
76728,2
76729,2
76730,2
76731,2
76732,2
76733,2
76734,2
76735,2
76736,1
76737,2
76738,2
76739,2
76740,2
76741,2
76742,2
76743,2
76744,2
76745,2
76746,2
76747,2
76748,2
76749,2
76750,2
76751,2
76752,2
76753,2
76754,2
76755,2
76756,2
76757,2
76758,2
76759,2
76760,2
76761,2
76762,2
76763,2
76764,2
76765,2
76766,2
76767,2
76768,2
76769,2
76770,2
76771,2
76772,2
76773,2
76774,2
76775,2
76776,2
76777,2
76778,2
76779,2
76780,2
76781,2
76782,2
76783,2
76784,2
76785,2
76786,2
76787,2
76788,2
76789,2
76790,2
76791,2
76792,2
76793,2
76794,2
76795,2
76796,2
76797,2
76798,2
76799,2
76800,2
76801,2
76802,2
76803,2
76804,2
76805,2
76806,2
76807,2
76808,2
76809,2
76810,2
76811,2
76812,2
76813,2
76814,2
76815,2
76816,2
76817,2
76818,2
76819,2
76820,2
76821,2
76822,2
76823,2
76824,2
76825,2
76826,2
76827,2
76828,2
76829,2
76830,2
76831,2
76832,2
76833,2
76834,2
76835,2
76836,2
76837,2
76838,2
76839,2
76840,2
76841,2
76842,2
76843,2
76844,2
76845,2
76846,2
76847,2
76848,2
76849,2
76850,2
76851,2
76852,2
76853,2
76854,2
76855,2
76856,2
76857,2
76858,2
76859,2
76860,2
76861,2
76862,2
76863,2
76864,2
76865,2
76866,2
76867,2
76868,2
76869,2
76870,2
76871,2
76872,2
76873,2
76874,2
76875,2
76876,2
76877,2
76878,2
76879,2
76880,5
76881,2
76882,2
76883,2
76884,2
76885,2
76886,2
76887,2
76888,2
76889,2
76890,2
76891,2
76892,2
76893,2
76894,2
76895,2
76896,2
76897,2
76898,2
76899,2
76900,2
76901,2
76902,2
76903,2
76904,2
76905,2
76906,2
76907,2
76908,2
76909,2
76910,2
76911,2
76912,2
76913,2
76914,2
76915,2
76916,2
76917,2
76918,2
76919,2
76920,2
76921,2
76922,2
76923,2
76924,2
76925,2
76926,2
76927,2
76928,2
76929,2
76930,2
76931,2
76932,2
76933,2
76934,2
76935,2
76936,2
76937,2
76938,2
76939,2
76940,2
76941,2
76942,2
76943,2
76944,2
76945,2
76946,2
76947,2
76948,2
76949,2
76950,2
76951,2
76952,2
76953,2
76954,2
76955,2
76956,2
76957,2
76958,2
76959,2
76960,2
76961,2
76962,2
76963,2
76964,2
76965,2
76966,2
76967,2
76968,2
76969,2
76970,2
76971,2
76972,2
76973,2
76974,2
76975,2
76976,2
76977,2
76978,2
76979,2
76980,2
76981,2
76982,2
76983,2
76984,2
76985,2
76986,2
76987,2
76988,2
76989,2
76990,2
76991,2
76992,2
76993,2
76994,2
76995,2
76996,2
76997,2
76998,2
76999,2
77000,2
77001,2
77002,2
77003,2
77004,2
77005,2
77006,2
77007,2
77008,2
77009,2
77010,2
77011,2
77012,2
77013,2
77014,2
77015,2
77016,2
77017,2
77018,2
77019,2
77020,2
77021,2
77022,2
77023,2
77024,2
77025,2
77026,2
77027,2
77028,2
77029,2
77030,2
77031,2
77032,2
77033,2
77034,2
77035,2
77036,2
77037,2
77038,2
77039,2
77040,2
77041,2
77042,2
77043,2
77044,2
77045,2
77046,2
77047,2
77048,2
77049,2
77050,2
77051,2
77052,2
77053,2
77054,2
77055,2
77056,2
77057,2
77058,2
77059,2
77060,2
77061,2
77062,2
77063,2
77064,2
77065,2
77066,2
77067,3
77068,3
77069,3
77070,2
77071,2
77072,2
77073,2
77074,2
77075,2
77076,2
77077,2
77078,3
77079,3
77080,3
77081,3
77082,3
77083,2
77084,2
77085,2
77086,3
77087,3
77088,3
77089,2
77090,2
77091,2
77092,2
77093,2
77094,3
77095,3
77096,2
77097,2
77098,2
77099,2
77100,2
77101,2
77102,3
77103,2
77104,3
77105,3
77106,2
77107,2
77108,2
77109,2
77110,2
77111,2
77112,2
77113,2
77114,2
77115,3
77116,3
77117,2
77118,2
77119,2
77120,3
77121,3
77122,2
77123,2
77124,2
77125,2
77126,2
77127,2
77128,2
77129,2
77130,2
77131,2
77132,3
77133,2
77134,3
77135,3
77136,2
77137,2
77138,2
77139,2
77140,2
77141,2
77142,2
77143,2
77144,2
77145,2
77146,2
77147,3
77148,2
77149,2
77150,2
77151,2
77152,2
77153,2
77154,2
77155,2
77156,2
77157,2
77158,2
77159,2
77160,3
77161,2
77162,3
77163,3
77164,2
77165,2
77166,2
77167,2
77168,3
77169,2
77170,2
77171,2
77172,2
77173,3
77174,2
77175,2
77176,2
77177,2
77178,2
77179,2
77180,2
77181,2
77182,2
77183,2
77184,2
77185,2
77186,2
77187,2
77188,2
77189,2
77190,2
77191,2
77192,2
77193,3
77194,2
77195,2
77196,2
77197,2
77198,2
77199,3
77200,3
77201,2
77202,2
77203,2
77204,2
77205,2
77206,2
77207,2
77208,2
77209,2
77210,2
77211,2
77212,3
77213,2
77214,2
77215,3
77216,2
77217,2
77218,3
77219,2
77220,3
77221,2
77222,2
77223,2
77224,2
77225,2
77226,2
77227,2
77228,3
77229,2
77230,2
77231,2
77232,2
77233,2
77234,2
77235,2
77236,2
77237,2
77238,2
77239,2
77240,2
77241,2
77242,2
77243,2
77244,2
77245,2
77246,2
77247,2
77248,2
77249,2
77250,2
77251,2
77252,2
77253,2
77254,2
77255,2
77256,2
77257,2
77258,3
77259,2
77260,2
77261,2
77262,2
77263,2
77264,2
77265,2
77266,2
77267,2
77268,2
77269,2
77270,2
77271,2
77272,2
77273,2
77274,2
77275,2
77276,2
77277,2
77278,2
77279,2
77280,2
77281,2
77282,2
77283,2
77284,2
77285,2
77286,2
77287,2
77288,2
77289,2
77290,2
77291,2
77292,2
77293,2
77294,2
77295,2
77296,2
77297,2
77298,2
77299,3
77300,2
77301,2
77302,2
77303,2
77304,3
77305,2
77306,3
77307,2
77308,3
77309,3
77310,2
77311,2
77312,3
77313,2
77314,3
77315,2
77316,2
77317,2
77318,2
77319,2
77320,2
77321,2
77322,2
77323,2
77324,2
77325,2
77326,2
77327,2
77328,2
77329,2
77330,2
77331,2
77332,2
77333,2
77334,2
77335,2
77336,3
77337,2
77338,2
77339,2
77340,2
77341,3
77342,2
77343,3
77344,2
77345,2
77346,2
77347,2
77348,3
77349,2
77350,2
77351,3
77352,2
77353,2
77354,3
77355,2
77356,2
77357,2
77358,2
77359,2
77360,2
77361,3
77362,2
77363,2
77364,2
77365,2
77366,2
77367,2
77368,2
77369,2
77370,2
77371,2
77372,2
77373,2
77374,2
77375,2
77376,2
77377,2
77378,2
77379,2
77380,2
77381,2
77382,2
77383,2
77384,2
77385,2
77386,2
77387,2
77388,2
77389,2
77390,2
77391,2
77392,2
77393,2
77394,2
77395,2
77396,2
77397,2
77398,2
77399,2
77400,2
77401,2
77402,2
77403,2
77404,2
77405,2
77406,2
77407,2
77408,2
77409,2
77410,2
77411,2
77412,2
77413,2
77414,2
77415,2
77416,2
77417,2
77418,2
77419,2
77420,2
77421,2
77422,2
77423,2
77424,2
77425,2
77426,2
77427,2
77428,2
77429,2
77430,2
77431,3
77432,3
77433,2
77434,2
77435,2
77436,2
77437,2
77438,2
77439,2
77440,3
77441,2
77442,2
77443,2
77444,3
77445,3
77446,3
77447,2
77448,3
77449,2
77450,2
77451,3
77452,2
77453,2
77454,2
77455,2
77456,2
77457,2
77458,2
77459,2
77460,2
77461,2
77462,2
77463,2
77464,3
77465,2
77466,2
77467,3
77468,2
77469,2
77470,2
77471,2
77472,2
77473,2
77474,2
77475,2
77476,2
77477,2
77478,3
77479,2
77480,2
77481,2
77482,2
77483,2
77484,2
77485,3
77486,3
77487,3
77488,3
77489,3
77490,3
77491,2
77492,2
77493,2
77494,2
77495,2
77496,2
77497,2
77498,2
77499,2
77500,3
77501,2
77502,2
77503,2
77504,2
77505,2
77506,2
77507,2
77508,2
77509,2
77510,2
77511,2
77512,2
77513,2
77514,2
77515,2
77516,2
77517,2
77518,2
77519,2
77520,2
77521,2
77522,2
77523,2
77524,2
77525,2
77526,2
77527,2
77528,2
77529,2
77530,2
77531,2
77532,2
77533,2
77534,2
77535,2
77536,2
77537,2
77538,2
77539,2
77540,2
77541,2
77542,2
77543,2
77544,3
77545,3
77546,2
77547,2
77548,2
77549,2
77550,2
77551,2
77552,2
77553,2
77554,2
77555,2
77556,2
77557,2
77558,2
77559,2
77560,2
77561,2
77562,2
77563,2
77564,2
77565,2
77566,2
77567,2
77568,2
77569,3
77570,3
77571,2
77572,3
77573,2
77574,2
77575,2
77576,2
77577,3
77578,3
77579,3
77580,2
77581,2
77582,2
77583,3
77584,3
77585,3
77586,3
77587,2
77588,2
77589,2
77590,2
77591,2
77592,2
77593,2
77594,2
77595,2
77596,2
77597,2
77598,2
77599,2
77600,2
77601,2
77602,2
77603,2
77604,3
77605,3
77606,3
77607,2
77608,2
77609,2
77610,3
77611,3
77612,3
77613,3
77614,2
77615,2
77616,2
77617,2
77618,3
77619,2
77620,2
77621,2
77622,2
77623,2
77624,2
77625,2
77626,2
77627,2
77628,2
77629,2
77630,2
77631,2
77632,2
77633,2
77634,2
77635,2
77636,2
77637,2
77638,3
77639,3
77640,2
77641,2
77642,2
77643,2
77644,2
77645,2
77646,3
77647,3
77648,2
77649,2
77650,2
77651,2
77652,2
77653,2
77654,2
77655,3
77656,3
77657,3
77658,2
77659,2
77660,3
77661,3
77662,2
77663,2
77664,3
77665,2
77666,2
77667,2
77668,2
77669,2
77670,2
77671,3
77672,3
77673,3
77674,3
77675,2
77676,2
77677,2
77678,3
77679,3
77680,2
77681,2
77682,2
77683,3
77684,3
77685,2
77686,2
77687,2
77688,3
77689,3
77690,3
77691,3
77692,3
77693,3
77694,3
77695,2
77696,2
77697,2
77698,2
77699,2
77700,3
77701,3
77702,1
77703,3
77704,3
77705,2
77706,3
77707,2
77708,2
77709,2
77710,2
77711,2
77712,2
77713,2
77714,2
77715,3
77716,2
77717,3
77718,3
77719,3
77720,3
77721,3
77722,3
77723,2
77724,2
77725,2
77726,2
77727,3
77728,4
77729,3
77730,4
77731,3
77732,3
77733,3
77734,3
77735,3
77736,3
77737,3
77738,2
77739,3
77740,3
77741,3
77742,3
77743,2
77744,2
77745,2
77746,3
77747,3
77748,3
77749,3
77750,3
77751,3
77752,3
77753,3
77754,2
77755,3
77756,1
77757,3
77758,3
77759,3
77760,1
77761,3
77762,1
77763,3
77764,1
77765,3
77766,3
77767,3
77768,1
77769,1
77770,1
77771,2
77772,3
77773,3
77774,3
77775,2
77776,3
77777,3
77778,3
77779,1
77780,3
77781,3
77782,3
77783,3
77784,3
77785,3
77786,3
77787,3
77788,3
77789,3
77790,3
77791,3
77792,3
77793,2
77794,3
77795,3
77796,3
77797,3
77798,1
77799,3
77800,3
77801,2
77802,3
77803,3
77804,1
77805,1
77806,1
77807,3
77808,3
77809,1
77810,3
77811,1
77812,3
77813,1
77814,3
77815,3
77816,1
77817,1
77818,1
77819,1
77820,3
77821,3
77822,3
77823,3
77824,3
77825,3
77826,2
77827,3
77828,3
77829,3
77830,3
77831,3
77832,3
77833,3
77834,1
77835,3
77836,3
77837,3
77838,1
77839,3
77840,3
77841,3
77842,2
77843,3
77844,3
77845,3
77846,3
77847,3
77848,3
77849,3
77850,3
77851,3
77852,3
77853,3
77854,2
77855,2
77856,2
77857,2
77858,2
77859,2
77860,2
77861,2
77862,2
77863,5
77864,2
77865,2
77866,2
77867,3
77868,3
77869,3
77870,3
77871,3
77872,2
77873,2
77874,2
77875,2
77876,2
77877,2
77878,2
77879,2
77880,2
77881,2
77882,2
77883,3
77884,3
77885,3
77886,3
77887,2
77888,2
77889,2
77890,2
77891,2
77892,2
77893,2
77894,1
77895,3
77896,3
77897,3
77898,3
77899,3
77900,3
77901,3
77902,3
77903,3
77904,3
77905,3
77906,3
77907,3
77908,3
77909,3
77910,3
77911,2
77912,3
77913,3
77914,3
77915,2
77916,2
77917,2
77918,2
77919,2
77920,2
77921,2
77922,2
77923,3
77924,2
77925,3
77926,3
77927,3
77928,2
77929,2
77930,3
77931,2
77932,3
77933,3
77934,3
77935,3
77936,3
77937,2
77938,3
77939,3
77940,3
77941,3
77942,3
77943,3
77944,3
77945,3
77946,3
77947,2
77948,3
77949,2
77950,1
77951,3
77952,3
77953,3
77954,2
77955,3
77956,3
77957,3
77958,3
77959,3
77960,3
77961,1
77962,3
77963,3
77964,3
77965,3
77966,3
77967,3
77968,2
77969,2
77970,2
77971,3
77972,2
77973,2
77974,2
77975,2
77976,3
77977,3
77978,3
77979,2
77980,2
77981,2
77982,2
77983,2
77984,2
77985,2
77986,2
77987,2
77988,2
77989,2
77990,2
77991,2
77992,3
77993,3
77994,2
77995,2
77996,2
77997,3
77998,3
77999,3
78000,2
78001,2
78002,2
78003,2
78004,2
78005,2
78006,2
78007,3
78008,3
78009,2
78010,3
78011,3
78012,2
78013,2
78014,2
78015,2
78016,3
78017,2
78018,2
78019,2
78020,2
78021,2
78022,2
78023,2
78024,2
78025,3
78026,3
78027,2
78028,2
78029,3
78030,2
78031,2
78032,3
78033,3
78034,3
78035,2
78036,2
78037,2
78038,2
78039,2
78040,3
78041,3
78042,3
78043,3
78044,2
78045,3
78046,3
78047,3
78048,3
78049,2
78050,3
78051,2
78052,2
78053,2
78054,2
78055,2
78056,3
78057,3
78058,2
78059,3
78060,3
78061,2
78062,3
78063,3
78064,2
78065,3
78066,3
78067,3
78068,2
78069,1
78070,3
78071,3
78072,3
78073,3
78074,2
78075,3
78076,3
78077,3
78078,2
78079,2
78080,2
78081,2
78082,2
78083,2
78084,2
78085,2
78086,3
78087,2
78088,3
78089,3
78090,2
78091,2
78092,2
78093,2
78094,2
78095,2
78096,3
78097,2
78098,3
78099,2
78100,2
78101,2
78102,2
78103,3
78104,2
78105,2
78106,2
78107,3
78108,2
78109,2
78110,2
78111,2
78112,2
78113,2
78114,2
78115,2
78116,2
78117,3
78118,2
78119,2
78120,3
78121,2
78122,2
78123,2
78124,2
78125,2
78126,3
78127,3
78128,2
78129,2
78130,2
78131,2
78132,2
78133,2
78134,2
78135,2
78136,2
78137,2
78138,2
78139,2
78140,2
78141,2
78142,3
78143,2
78144,2
78145,3
78146,3
78147,3
78148,3
78149,3
78150,3
78151,3
78152,2
78153,3
78154,2
78155,2
78156,2
78157,2
78158,2
78159,2
78160,2
78161,2
78162,3
78163,3
78164,2
78165,3
78166,3
78167,2
78168,3
78169,3
78170,2
78171,2
78172,2
78173,3
78174,3
78175,3
78176,3
78177,3
78178,2
78179,3
78180,3
78181,2
78182,2
78183,2
78184,2
78185,2
78186,2
78187,2
78188,2
78189,3
78190,3
78191,3
78192,3
78193,3
78194,3
78195,3
78196,3
78197,3
78198,2
78199,2
78200,2
78201,3
78202,3
78203,3
78204,3
78205,3
78206,3
78207,2
78208,2
78209,2
78210,2
78211,2
78212,2
78213,2
78214,2
78215,2
78216,2
78217,2
78218,2
78219,2
78220,3
78221,3
78222,2
78223,2
78224,2
78225,2
78226,2
78227,2
78228,2
78229,2
78230,2
78231,3
78232,3
78233,2
78234,2
78235,3
78236,2
78237,3
78238,2
78239,2
78240,2
78241,2
78242,3
78243,2
78244,2
78245,2
78246,3
78247,3
78248,2
78249,2
78250,2
78251,3
78252,2
78253,2
78254,2
78255,2
78256,3
78257,1
78258,1
78259,3
78260,3
78261,2
78262,2
78263,2
78264,2
78265,2
78266,2
78267,3
78268,3
78269,3
78270,2
78271,2
78272,3
78273,3
78274,3
78275,2
78276,2
78277,2
78278,2
78279,2
78280,2
78281,2
78282,2
78283,3
78284,3
78285,2
78286,3
78287,3
78288,2
78289,2
78290,2
78291,2
78292,3
78293,3
78294,3
78295,3
78296,2
78297,2
78298,2
78299,3
78300,2
78301,2
78302,2
78303,2
78304,2
78305,2
78306,3
78307,2
78308,2
78309,2
78310,3
78311,2
78312,2
78313,2
78314,2
78315,2
78316,3
78317,3
78318,3
78319,3
78320,3
78321,2
78322,2
78323,2
78324,2
78325,3
78326,2
78327,2
78328,2
78329,2
78330,3
78331,3
78332,2
78333,2
78334,2
78335,2
78336,2
78337,2
78338,3
78339,2
78340,3
78341,2
78342,2
78343,3
78344,2
78345,3
78346,2
78347,3
78348,2
78349,3
78350,3
78351,3
78352,3
78353,2
78354,3
78355,2
78356,2
78357,3
78358,2
78359,3
78360,1
78361,3
78362,3
78363,3
78364,2
78365,3
78366,3
78367,3
78368,3
78369,2
78370,2
78371,2
78372,2
78373,2
78374,2
78375,2
78376,3
78377,2
78378,2
78379,2
78380,2
78381,2
78382,2
78383,2
78384,2
78385,2
78386,2
78387,2
78388,2
78389,2
78390,3
78391,3
78392,2
78393,2
78394,2
78395,2
78396,2
78397,2
78398,2
78399,2
78400,2
78401,2
78402,2
78403,2
78404,2
78405,2
78406,2
78407,2
78408,2
78409,2
78410,2
78411,2
78412,2
78413,2
78414,2
78415,2
78416,2
78417,2
78418,1
78419,3
78420,3
78421,3
78422,3
78423,3
78424,3
78425,3
78426,3
78427,3
78428,3
78429,2
78430,2
78431,2
78432,2
78433,2
78434,2
78435,2
78436,3
78437,2
78438,2
78439,2
78440,3
78441,3
78442,3
78443,2
78444,2
78445,2
78446,2
78447,2
78448,2
78449,3
78450,2
78451,2
78452,2
78453,3
78454,3
78455,3
78456,3
78457,2
78458,2
78459,2
78460,3
78461,2
78462,2
78463,2
78464,2
78465,2
78466,3
78467,3
78468,2
78469,2
78470,2
78471,2
78472,2
78473,2
78474,2
78475,2
78476,2
78477,2
78478,2
78479,2
78480,2
78481,2
78482,3
78483,2
78484,2
78485,2
78486,2
78487,2
78488,2
78489,3
78490,2
78491,2
78492,2
78493,3
78494,3
78495,2
78496,2
78497,2
78498,2
78499,2
78500,2
78501,2
78502,2
78503,3
78504,3
78505,3
78506,1
78507,3
78508,1
78509,1
78510,1
78511,2
78512,3
78513,2
78514,2
78515,2
78516,3
78517,2
78518,2
78519,3
78520,3
78521,2
78522,2
78523,3
78524,2
78525,2
78526,2
78527,2
78528,2
78529,2
78530,2
78531,2
78532,3
78533,2
78534,3
78535,3
78536,3
78537,3
78538,2
78539,2
78540,3
78541,3
78542,3
78543,2
78544,2
78545,2
78546,2
78547,2
78548,2
78549,2
78550,2
78551,2
78552,3
78553,2
78554,2
78555,3
78556,3
78557,2
78558,2
78559,2
78560,2
78561,2
78562,2
78563,2
78564,2
78565,2
78566,2
78567,3
78568,3
78569,3
78570,3
78571,3
78572,3
78573,2
78574,3
78575,2
78576,2
78577,2
78578,3
78579,2
78580,2
78581,2
78582,2
78583,2
78584,2
78585,2
78586,2
78587,2
78588,2
78589,2
78590,2
78591,2
78592,2
78593,2
78594,2
78595,2
78596,2
78597,3
78598,3
78599,2
78600,2
78601,1
78602,2
78603,2
78604,3
78605,2
78606,2
78607,2
78608,2
78609,3
78610,3
78611,2
78612,3
78613,2
78614,2
78615,2
78616,2
78617,2
78618,2
78619,2
78620,2
78621,2
78622,2
78623,2
78624,2
78625,2
78626,2
78627,3
78628,2
78629,2
78630,2
78631,2
78632,2
78633,2
78634,2
78635,2
78636,2
78637,2
78638,2
78639,2
78640,3
78641,2
78642,2
78643,3
78644,2
78645,2
78646,2
78647,2
78648,2
78649,2
78650,2
78651,2
78652,2
78653,2
78654,2
78655,2
78656,2
78657,2
78658,2
78659,2
78660,2
78661,3
78662,2
78663,2
78664,2
78665,2
78666,2
78667,3
78668,3
78669,2
78670,2
78671,3
78672,2
78673,2
78674,2
78675,2
78676,2
78677,2
78678,1
78679,1
78680,3
78681,1
78682,3
78683,1
78684,1
78685,2
78686,2
78687,2
78688,2
78689,2
78690,2
78691,2
78692,2
78693,2
78694,2
78695,2
78696,2
78697,2
78698,2
78699,3
78700,3
78701,2
78702,2
78703,2
78704,2
78705,2
78706,2
78707,2
78708,2
78709,2
78710,1
78711,2
78712,2
78713,2
78714,2
78715,2
78716,2
78717,2
78718,2
78719,2
78720,3
78721,3
78722,2
78723,2
78724,3
78725,2
78726,2
78727,3
78728,2
78729,2
78730,2
78731,2
78732,2
78733,3
78734,3
78735,2
78736,2
78737,2
78738,1
78739,3
78740,3
78741,1
78742,3
78743,1
78744,1
78745,3
78746,2
78747,1
78748,1
78749,3
78750,1
78751,2
78752,3
78753,3
78754,2
78755,3
78756,3
78757,3
78758,2
78759,3
78760,3
78761,3
78762,3
78763,3
78764,3
78765,2
78766,2
78767,2
78768,2
78769,2
78770,2
78771,2
78772,3
78773,3
78774,3
78775,2
78776,2
78777,3
78778,2
78779,2
78780,2
78781,2
78782,2
78783,3
78784,2
78785,2
78786,2
78787,2
78788,2
78789,2
78790,2
78791,2
78792,2
78793,2
78794,2
78795,2
78796,2
78797,3
78798,2
78799,2
78800,2
78801,2
78802,3
78803,3
78804,2
78805,3
78806,2
78807,2
78808,2
78809,2
78810,2
78811,3
78812,3
78813,2
78814,2
78815,2
78816,3
78817,2
78818,2
78819,2
78820,2
78821,2
78822,2
78823,2
78824,3
78825,2
78826,3
78827,2
78828,3
78829,2
78830,2
78831,2
78832,2
78833,3
78834,2
78835,2
78836,2
78837,2
78838,2
78839,2
78840,3
78841,2
78842,2
78843,2
78844,2
78845,2
78846,2
78847,2
78848,2
78849,3
78850,2
78851,3
78852,2
78853,2
78854,2
78855,2
78856,2
78857,2
78858,2
78859,2
78860,2
78861,3
78862,2
78863,2
78864,2
78865,2
78866,3
78867,2
78868,3
78869,2
78870,2
78871,2
78872,2
78873,2
78874,3
78875,3
78876,3
78877,3
78878,2
78879,2
78880,3
78881,3
78882,2
78883,3
78884,3
78885,2
78886,2
78887,2
78888,2
78889,2
78890,2
78891,2
78892,3
78893,2
78894,3
78895,2
78896,2
78897,2
78898,3
78899,3
78900,2
78901,4
78902,3
78903,3
78904,2
78905,3
78906,2
78907,2
78908,2
78909,3
78910,3
78911,2
78912,2
78913,2
78914,2
78915,2
78916,2
78917,2
78918,2
78919,2
78920,2
78921,2
78922,2
78923,2
78924,2
78925,2
78926,2
78927,2
78928,2
78929,2
78930,2
78931,3
78932,2
78933,1
78934,2
78935,2
78936,2
78937,2
78938,2
78939,2
78940,2
78941,2
78942,2
78943,2
78944,2
78945,2
78946,2
78947,2
78948,3
78949,3
78950,2
78951,3
78952,3
78953,2
78954,2
78955,2
78956,3
78957,3
78958,2
78959,2
78960,3
78961,3
78962,3
78963,2
78964,2
78965,2
78966,2
78967,2
78968,2
78969,2
78970,2
78971,2
78972,2
78973,2
78974,3
78975,3
78976,2
78977,2
78978,2
78979,2
78980,2
78981,3
78982,3
78983,2
78984,4
78985,2
78986,2
78987,2
78988,2
78989,2
78990,2
78991,2
78992,2
78993,2
78994,3
78995,3
78996,2
78997,2
78998,2
78999,2
79000,2
79001,2
79002,2
79003,2
79004,2
79005,2
79006,2
79007,2
79008,4
79009,2
79010,2
79011,3
79012,2
79013,2
79014,2
79015,2
79016,2
79017,2
79018,2
79019,2
79020,2
79021,2
79022,2
79023,2
79024,2
79025,2
79026,2
79027,2
79028,3
79029,2
79030,2
79031,2
79032,2
79033,2
79034,2
79035,2
79036,2
79037,2
79038,3
79039,3
79040,2
79041,2
79042,2
79043,2
79044,2
79045,2
79046,2
79047,3
79048,3
79049,3
79050,1
79051,3
79052,2
79053,3
79054,3
79055,3
79056,3
79057,3
79058,3
79059,3
79060,3
79061,3
79062,1
79063,3
79064,3
79065,1
79066,3
79067,2
79068,3
79069,1
79070,3
79071,1
79072,3
79073,3
79074,3
79075,3
79076,3
79077,3
79078,3
79079,3
79080,3
79081,2
79082,2
79083,2
79084,3
79085,3
79086,2
79087,3
79088,2
79089,3
79090,2
79091,3
79092,2
79093,2
79094,2
79095,2
79096,2
79097,3
79098,3
79099,2
79100,2
79101,2
79102,3
79103,3
79104,3
79105,3
79106,2
79107,2
79108,2
79109,2
79110,2
79111,2
79112,2
79113,2
79114,2
79115,2
79116,2
79117,2
79118,2
79119,2
79120,2
79121,2
79122,2
79123,2
79124,2
79125,3
79126,2
79127,3
79128,3
79129,2
79130,3
79131,3
79132,3
79133,3
79134,3
79135,3
79136,2
79137,2
79138,2
79139,2
79140,2
79141,2
79142,2
79143,2
79144,2
79145,2
79146,2
79147,2
79148,2
79149,2
79150,2
79151,2
79152,2
79153,2
79154,3
79155,3
79156,3
79157,2
79158,2
79159,2
79160,2
79161,2
79162,3
79163,2
79164,2
79165,2
79166,3
79167,2
79168,2
79169,2
79170,2
79171,2
79172,2
79173,3
79174,3
79175,3
79176,2
79177,3
79178,2
79179,2
79180,3
79181,3
79182,2
79183,2
79184,3
79185,3
79186,3
79187,3
79188,2
79189,2
79190,2
79191,3
79192,3
79193,1
79194,2
79195,2
79196,3
79197,2
79198,3
79199,3
79200,3
79201,3
79202,3
79203,2
79204,2
79205,2
79206,2
79207,2
79208,2
79209,2
79210,2
79211,2
79212,2
79213,2
79214,2
79215,2
79216,2
79217,3
79218,3
79219,3
79220,3
79221,2
79222,2
79223,2
79224,2
79225,2
79226,2
79227,2
79228,2
79229,2
79230,3
79231,3
79232,3
79233,2
79234,2
79235,2
79236,2
79237,2
79238,2
79239,2
79240,2
79241,2
79242,2
79243,2
79244,2
79245,3
79246,2
79247,2
79248,2
79249,2
79250,2
79251,1
79252,3
79253,3
79254,2
79255,3
79256,3
79257,3
79258,3
79259,3
79260,1
79261,2
79262,3
79263,1
79264,1
79265,2
79266,3
79267,2
79268,2
79269,2
79270,3
79271,3
79272,2
79273,2
79274,2
79275,2
79276,3
79277,3
79278,3
79279,2
79280,2
79281,2
79282,3
79283,3
79284,2
79285,3
79286,3
79287,3
79288,3
79289,2
79290,3
79291,3
79292,3
79293,2
79294,3
79295,2
79296,2
79297,2
79298,2
79299,2
79300,3
79301,3
79302,2
79303,3
79304,2
79305,3
79306,2
79307,3
79308,2
79309,2
79310,2
79311,2
79312,3
79313,2
79314,2
79315,2
79316,2
79317,3
79318,3
79319,1
79320,3
79321,3
79322,3
79323,1
79324,1
79325,3
79326,3
79327,1
79328,3
79329,3
79330,3
79331,1
79332,3
79333,3
79334,3
79335,3
79336,3
79337,3
79338,3
79339,1
79340,3
79341,3
79342,3
79343,3
79344,1
79345,3
79346,3
79347,3
79348,3
79349,3
79350,3
79351,3
79352,3
79353,3
79354,3
79355,3
79356,3
79357,3
79358,3
79359,3
79360,3
79361,3
79362,3
79363,3
79364,3
79365,3
79366,3
79367,3
79368,3
79369,3
79370,3
79371,3
79372,3
79373,3
79374,3
79375,3
79376,3
79377,3
79378,3
79379,3
79380,3
79381,3
79382,3
79383,3
79384,2
79385,3
79386,3
79387,2
79388,3
79389,3
79390,3
79391,3
79392,3
79393,3
79394,2
79395,3
79396,3
79397,2
79398,3
79399,3
79400,3
79401,2
79402,2
79403,3
79404,3
79405,3
79406,3
79407,3
79408,2
79409,3
79410,3
79411,3
79412,3
79413,2
79414,2
79415,2
79416,2
79417,2
79418,3
79419,3
79420,3
79421,2
79422,1
79423,2
79424,3
79425,3
79426,3
79427,3
79428,3
79429,3
79430,3
79431,3
79432,3
79433,3
79434,3
79435,1
79436,2
79437,2
79438,3
79439,3
79440,3
79441,3
79442,3
79443,3
79444,3
79445,3
79446,3
79447,3
79448,3
79449,3
79450,3
79451,3
79452,3
79453,3
79454,3
79455,3
79456,2
79457,3
79458,3
79459,3
79460,3
79461,3
79462,3
79463,3
79464,3
79465,3
79466,3
79467,3
79468,3
79469,3
79470,3
79471,3
79472,3
79473,3
79474,3
79475,3
79476,3
79477,3
79478,3
79479,3
79480,3
79481,3
79482,3
79483,3
79484,3
79485,2
79486,3
79487,2
79488,3
79489,3
79490,3
79491,3
79492,3
79493,3
79494,3
79495,3
79496,3
79497,3
79498,3
79499,3
79500,3
79501,3
79502,3
79503,3
79504,3
79505,3
79506,3
79507,3
79508,3
79509,2
79510,2
79511,3
79512,2
79513,3
79514,2
79515,3
79516,3
79517,2
79518,2
79519,2
79520,3
79521,3
79522,3
79523,2
79524,3
79525,2
79526,3
79527,3
79528,2
79529,3
79530,2
79531,2
79532,3
79533,2
79534,2
79535,2
79536,2
79537,3
79538,2
79539,2
79540,3
79541,2
79542,2
79543,2
79544,3
79545,2
79546,2
79547,3
79548,3
79549,3
79550,2
79551,2
79552,3
79553,3
79554,2
79555,3
79556,3
79557,3
79558,3
79559,2
79560,2
79561,2
79562,2
79563,2
79564,3
79565,2
79566,3
79567,3
79568,3
79569,2
79570,2
79571,2
79572,3
79573,2
79574,3
79575,3
79576,2
79577,3
79578,2
79579,2
79580,2
79581,2
79582,3
79583,3
79584,2
79585,3
79586,3
79587,3
79588,3
79589,2
79590,3
79591,3
79592,3
79593,3
79594,3
79595,2
79596,3
79597,3
79598,2
79599,3
79600,2
79601,2
79602,3
79603,3
79604,2
79605,2
79606,2
79607,2
79608,3
79609,2
79610,3
79611,3
79612,2
79613,2
79614,2
79615,2
79616,3
79617,2
79618,2
79619,3
79620,3
79621,2
79622,2
79623,3
79624,3
79625,2
79626,3
79627,3
79628,3
79629,3
79630,3
79631,3
79632,3
79633,2
79634,2
79635,3
79636,3
79637,2
79638,2
79639,3
79640,3
79641,3
79642,1
79643,1
79644,2
79645,1
79646,1
79647,1
79648,1
79649,1
79650,1
79651,1
79652,1
79653,2
79654,2
79655,1
79656,1
79657,1
79658,1
79659,1
79660,1
79661,3
79662,2
79663,2
79664,2
79665,2
79666,2
79667,2
79668,2
79669,2
79670,2
79671,2
79672,2
79673,1
79674,2
79675,2
79676,2
79677,1
79678,1
79679,1
79680,2
79681,2
79682,2
79683,2
79684,2
79685,2
79686,3
79687,1
79688,1
79689,2
79690,2
79691,3
79692,2
79693,3
79694,2
79695,2
79696,2
79697,2
79698,2
79699,2
79700,2
79701,2
79702,2
79703,2
79704,2
79705,2
79706,2
79707,2
79708,2
79709,2
79710,2
79711,2
79712,1
79713,3
79714,2
79715,2
79716,1
79717,2
79718,1
79719,1
79720,2
79721,2
79722,3
79723,2
79724,3
79725,2
79726,2
79727,2
79728,2
79729,1
79730,1
79731,2
79732,2
79733,3
79734,1
79735,1
79736,1
79737,1
79738,1
79739,1
79740,1
79741,2
79742,2
79743,2
79744,2
79745,2
79746,2
79747,2
79748,2
79749,2
79750,2
79751,2
79752,2
79753,1
79754,3
79755,1
79756,1
79757,1
79758,1
79759,1
79760,1
79761,1
79762,1
79763,1
79764,1
79765,2
79766,1
79767,1
79768,1
79769,1
79770,1
79771,1
79772,1
79773,2
79774,1
79775,2
79776,2
79777,2
79778,2
79779,1
79780,2
79781,1
79782,2
79783,2
79784,1
79785,2
79786,2
79787,2
79788,2
79789,2
79790,1
79791,2
79792,3
79793,1
79794,1
79795,1
79796,1
79797,1
79798,1
79799,1
79800,2
79801,1
79802,1
79803,1
79804,2
79805,1
79806,1
79807,1
79808,1
79809,1
79810,2
79811,2
79812,2
79813,1
79814,1
79815,2
79816,1
79817,2
79818,1
79819,2
79820,2
79821,1
79822,2
79823,3
79824,3
79825,2
79826,2
79827,2
79828,2
79829,3
79830,3
79831,1
79832,1
79833,1
79834,1
79835,1
79836,2
79837,1
79838,1
79839,1
79840,1
79841,3
79842,1
79843,2
79844,1
79845,2
79846,2
79847,2
79848,2
79849,2
79850,2
79851,2
79852,1
79853,1
79854,1
79855,1
79856,2
79857,2
79858,2
79859,2
79860,1
79861,2
79862,1
79863,1
79864,2
79865,2
79866,2
79867,2
79868,1
79869,1
79870,2
79871,2
79872,2
79873,2
79874,2
79875,2
79876,2
79877,2
79878,2
79879,2
79880,1
79881,2
79882,2
79883,2
79884,2
79885,2
79886,2
79887,2
79888,2
79889,2
79890,2
79891,2
79892,2
79893,2
79894,2
79895,2
79896,2
79897,2
79898,2
79899,2
79900,3
79901,1
79902,2
79903,2
79904,2
79905,3
79906,2
79907,1
79908,1
79909,2
79910,1
79911,1
79912,2
79913,2
79914,2
79915,2
79916,2
79917,2
79918,2
79919,3
79920,2
79921,2
79922,2
79923,2
79924,2
79925,2
79926,2
79927,2
79928,2
79929,2
79930,2
79931,2
79932,2
79933,2
79934,2
79935,2
79936,2
79937,2
79938,2
79939,2
79940,2
79941,2
79942,2
79943,3
79944,2
79945,2
79946,2
79947,2
79948,2
79949,2
79950,2
79951,2
79952,2
79953,2
79954,2
79955,2
79956,2
79957,2
79958,2
79959,2
79960,2
79961,2
79962,2
79963,2
79964,2
79965,2
79966,2
79967,2
79968,2
79969,2
79970,2
79971,2
79972,2
79973,2
79974,2
79975,2
79976,2
79977,2
79978,2
79979,2
79980,2
79981,2
79982,2
79983,2
79984,2
79985,2
79986,2
79987,2
79988,2
79989,2
79990,2
79991,2
79992,2
79993,2
79994,2
79995,2
79996,2
79997,2
79998,2
79999,2
80000,2
80001,2
80002,2
80003,2
80004,2
80005,3
80006,1
80007,3
80008,2
80009,2
80010,2
80011,2
80012,2
80013,2
80014,2
80015,3
80016,1
80017,1
80018,1
80019,2
80020,2
80021,2
80022,2
80023,2
80024,2
80025,2
80026,2
80027,2
80028,2
80029,2
80030,2
80031,2
80032,2
80033,2
80034,2
80035,2
80036,2
80037,2
80038,2
80039,2
80040,2
80041,2
80042,2
80043,2
80044,2
80045,2
80046,2
80047,2
80048,2
80049,2
80050,2
80051,2
80052,2
80053,2
80054,2
80055,2
80056,2
80057,2
80058,2
80059,2
80060,2
80061,2
80062,2
80063,2
80064,2
80065,1
80066,1
80067,1
80068,1
80069,1
80070,1
80071,2
80072,2
80073,2
80074,2
80075,2
80076,2
80077,2
80078,2
80079,2
80080,2
80081,2
80082,2
80083,2
80084,2
80085,2
80086,2
80087,2
80088,2
80089,2
80090,2
80091,2
80092,2
80093,2
80094,2
80095,2
80096,2
80097,2
80098,2
80099,2
80100,2
80101,2
80102,2
80103,2
80104,2
80105,2
80106,2
80107,2
80108,2
80109,2
80110,2
80111,2
80112,2
80113,2
80114,2
80115,1
80116,3
80117,2
80118,2
80119,3
80120,3
80121,3
80122,3
80123,3
80124,3
80125,2
80126,2
80127,2
80128,2
80129,2
80130,2
80131,2
80132,2
80133,2
80134,2
80135,2
80136,2
80137,2
80138,2
80139,1
80140,2
80141,2
80142,2
80143,2
80144,3
80145,3
80146,2
80147,3
80148,2
80149,2
80150,2
80151,2
80152,2
80153,2
80154,2
80155,2
80156,1
80157,2
80158,2
80159,2
80160,2
80161,1
80162,3
80163,2
80164,1
80165,3
80166,2
80167,2
80168,3
80169,2
80170,3
80171,1
80172,2
80173,2
80174,3
80175,3
80176,3
80177,3
80178,3
80179,3
80180,3
80181,3
80182,3
80183,3
80184,3
80185,3
80186,3
80187,3
80188,3
80189,3
80190,3
80191,3
80192,2
80193,2
80194,2
80195,3
80196,2
80197,2
80198,2
80199,2
80200,3
80201,2
80202,2
80203,2
80204,3
80205,1
80206,2
80207,2
80208,2
80209,2
80210,2
80211,3
80212,3
80213,3
80214,2
80215,2
80216,2
80217,3
80218,3
80219,1
80220,1
80221,1
80222,1
80223,0
80224,0
80225,2
80226,2
80227,3
80228,3
80229,2
80230,3
80231,3
80232,3
80233,2
80234,3
80235,3
80236,2
80237,2
80238,2
80239,3
80240,3
80241,2
80242,3
80243,2
80244,3
80245,0
80246,2
80247,2
80248,2
80249,2
80250,2
80251,0
80252,2
80253,3
80254,2
80255,2
80256,2
80257,2
80258,2
80259,3
80260,2
80261,2
80262,2
80263,2
80264,2
80265,2
80266,3
80267,2
80268,2
80269,2
80270,2
80271,2
80272,2
80273,2
80274,3
80275,3
80276,3
80277,2
80278,3
80279,2
80280,2
80281,3
80282,2
80283,2
80284,2
80285,3
80286,2
80287,2
80288,2
80289,3
80290,2
80291,2
80292,2
80293,2
80294,2
80295,2
80296,2
80297,2
80298,2
80299,3
80300,3
80301,3
80302,2
80303,2
80304,2
80305,2
80306,2
80307,2
80308,2
80309,2
80310,2
80311,2
80312,1
80313,2
80314,2
80315,2
80316,2
80317,2
80318,2
80319,2
80320,2
80321,2
80322,2
80323,2
80324,2
80325,2
80326,2
80327,3
80328,2
80329,2
80330,2
80331,2
80332,2
80333,2
80334,3
80335,2
80336,2
80337,2
80338,2
80339,1
80340,1
80341,1
80342,1
80343,1
80344,1
80345,1
80346,3
80347,3
80348,3
80349,3
80350,3
80351,3
80352,3
80353,1
80354,1
80355,3
80356,3
80357,3
80358,1
80359,3
80360,3
80361,3
80362,2
80363,2
80364,2
80365,2
80366,2
80367,1
80368,1
80369,1
80370,2
80371,1
80372,3
80373,2
80374,3
80375,3
80376,2
80377,2
80378,2
80379,3
80380,3
80381,1
80382,0
80383,2
80384,3
80385,3
80386,0
80387,3
80388,0
80389,2
80390,3
80391,0
80392,0
80393,0
80394,2
80395,2
80396,3
80397,3
80398,2
80399,3
80400,3
80401,3
80402,3
80403,2
80404,1
80405,2
80406,2
80407,3
80408,3
80409,3
80410,3
80411,2
80412,3
80413,3
80414,3
80415,2
80416,3
80417,2
80418,3
80419,3
80420,3
80421,1
80422,1
80423,2
80424,2
80425,3
80426,2
80427,3
80428,3
80429,1
80430,2
80431,2
80432,2
80433,2
80434,3
80435,3
80436,2
80437,2
80438,2
80439,2
80440,2
80441,0
80442,2
80443,2
80444,2
80445,2
80446,2
80447,2
80448,2
80449,2
80450,2
80451,2
80452,2
80453,2
80454,2
80455,2
80456,2
80457,2
80458,2
80459,2
80460,2
80461,2
80462,2
80463,2
80464,2
80465,2
80466,2
80467,2
80468,2
80469,2
80470,2
80471,2
80472,2
80473,2
80474,2
80475,2
80476,2
80477,2
80478,2
80479,2
80480,2
80481,2
80482,2
80483,2
80484,2
80485,2
80486,2
80487,2
80488,2
80489,2
80490,2
80491,2
80492,2
80493,2
80494,2
80495,2
80496,2
80497,2
80498,2
80499,2
80500,2
80501,2
80502,2
80503,2
80504,2
80505,1
80506,1
80507,1
80508,1
80509,1
80510,3
80511,2
80512,2
80513,2
80514,2
80515,2
80516,2
80517,2
80518,2
80519,2
80520,2
80521,2
80522,2
80523,2
80524,2
80525,2
80526,2
80527,2
80528,2
80529,2
80530,2
80531,2
80532,2
80533,2
80534,2
80535,2
80536,2
80537,2
80538,2
80539,2
80540,2
80541,2
80542,2
80543,2
80544,2
80545,2
80546,2
80547,2
80548,2
80549,2
80550,2
80551,2
80552,2
80553,2
80554,2
80555,2
80556,2
80557,2
80558,2
80559,2
80560,2
80561,2
80562,2
80563,2
80564,2
80565,2
80566,2
80567,2
80568,2
80569,2
80570,2
80571,2
80572,2
80573,2
80574,2
80575,3
80576,2
80577,3
80578,2
80579,2
80580,2
80581,2
80582,2
80583,2
80584,2
80585,3
80586,2
80587,2
80588,2
80589,2
80590,2
80591,2
80592,2
80593,2
80594,2
80595,2
80596,2
80597,2
80598,2
80599,1
80600,2
80601,2
80602,2
80603,2
80604,2
80605,2
80606,2
80607,3
80608,2
80609,2
80610,2
80611,2
80612,2
80613,2
80614,2
80615,2
80616,2
80617,2
80618,2
80619,2
80620,2
80621,2
80622,2
80623,2
80624,2
80625,2
80626,2
80627,2
80628,2
80629,2
80630,2
80631,2
80632,2
80633,2
80634,3
80635,2
80636,3
80637,2
80638,2
80639,2
80640,2
80641,2
80642,2
80643,2
80644,2
80645,2
80646,2
80647,2
80648,2
80649,2
80650,3
80651,2
80652,2
80653,2
80654,2
80655,2
80656,2
80657,2
80658,2
80659,2
80660,2
80661,2
80662,2
80663,2
80664,2
80665,2
80666,3
80667,2
80668,2
80669,3
80670,2
80671,2
80672,3
80673,2
80674,2
80675,2
80676,2
80677,2
80678,2
80679,2
80680,2
80681,2
80682,2
80683,2
80684,2
80685,2
80686,2
80687,2
80688,2
80689,2
80690,3
80691,2
80692,2
80693,2
80694,2
80695,2
80696,2
80697,2
80698,2
80699,2
80700,2
80701,2
80702,2
80703,2
80704,2
80705,2
80706,2
80707,2
80708,2
80709,2
80710,2
80711,2
80712,2
80713,2
80714,2
80715,2
80716,2
80717,2
80718,2
80719,3
80720,2
80721,2
80722,2
80723,2
80724,2
80725,3
80726,3
80727,2
80728,2
80729,2
80730,2
80731,1
80732,2
80733,2
80734,2
80735,2
80736,2
80737,2
80738,1
80739,3
80740,2
80741,3
80742,2
80743,2
80744,2
80745,2
80746,2
80747,2
80748,2
80749,3
80750,2
80751,2
80752,2
80753,2
80754,2
80755,2
80756,2
80757,2
80758,2
80759,2
80760,2
80761,2
80762,2
80763,2
80764,2
80765,2
80766,2
80767,2
80768,3
80769,2
80770,2
80771,2
80772,2
80773,2
80774,2
80775,2
80776,0
80777,2
80778,2
80779,2
80780,2
80781,2
80782,2
80783,2
80784,3
80785,4
80786,2
80787,2
80788,2
80789,2
80790,2
80791,2
80792,2
80793,2
80794,2
80795,2
80796,2
80797,2
80798,2
80799,2
80800,3
80801,2
80802,2
80803,2
80804,2
80805,2
80806,2
80807,2
80808,2
80809,2
80810,3
80811,2
80812,2
80813,2
80814,2
80815,2
80816,2
80817,2
80818,2
80819,2
80820,2
80821,2
80822,2
80823,2
80824,2
80825,2
80826,2
80827,2
80828,2
80829,2
80830,2
80831,2
80832,2
80833,3
80834,3
80835,3
80836,3
80837,3
80838,3
80839,3
80840,3
80841,3
80842,0
80843,2
80844,2
80845,2
80846,2
80847,2
80848,2
80849,2
80850,2
80851,2
80852,2
80853,1
80854,1
80855,1
80856,3
80857,2
80858,2
80859,2
80860,2
80861,0
80862,2
80863,2
80864,3
80865,3
80866,2
80867,1
80868,1
80869,1
80870,2
80871,3
80872,3
80873,3
80874,3
80875,3
80876,2
80877,3
80878,3
80879,3
80880,3
80881,3
80882,3
80883,3
80884,3
80885,3
80886,2
80887,3
80888,3
80889,3
80890,3
80891,2
80892,3
80893,3
80894,2
80895,2
80896,3
80897,3
80898,3
80899,2
80900,2
80901,3
80902,3
80903,2
80904,2
80905,2
80906,2
80907,2
80908,2
80909,2
80910,1
80911,1
80912,3
80913,2
80914,2
80915,3
80916,3
80917,3
80918,3
80919,3
80920,2
80921,3
80922,3
80923,2
80924,3
80925,3
80926,3
80927,3
80928,3
80929,3
80930,3
80931,0
80932,3
80933,3
80934,3
80935,3
80936,2
80937,3
80938,3
80939,1
80940,3
80941,3
80942,3
80943,3
80944,3
80945,3
80946,3
80947,3
80948,3
80949,3
80950,3
80951,3
80952,2
80953,3
80954,3
80955,3
80956,3
80957,3
80958,3
80959,3
80960,3
80961,3
80962,3
80963,3
80964,2
80965,3
80966,3
80967,3
80968,3
80969,3
80970,3
80971,3
80972,3
80973,2
80974,3
80975,3
80976,2
80977,3
80978,3
80979,3
80980,3
80981,3
80982,3
80983,3
80984,3
80985,3
80986,3
80987,3
80988,3
80989,3
80990,3
80991,3
80992,2
80993,3
80994,3
80995,2
80996,2
80997,2
80998,2
80999,0
81000,2
81001,3
81002,3
81003,3
81004,3
81005,2
81006,3
81007,3
81008,3
81009,3
81010,2
81011,3
81012,3
81013,3
81014,3
81015,3
81016,3
81017,2
81018,3
81019,1
81020,3
81021,3
81022,2
81023,3
81024,3
81025,3
81026,3
81027,3
81028,3
81029,2
81030,3
81031,3
81032,3
81033,3
81034,3
81035,3
81036,3
81037,3
81038,3
81039,3
81040,3
81041,3
81042,3
81043,3
81044,2
81045,2
81046,1
81047,3
81048,3
81049,3
81050,3
81051,2
81052,3
81053,3
81054,2
81055,2
81056,3
81057,3
81058,3
81059,3
81060,3
81061,2
81062,3
81063,3
81064,2
81065,2
81066,3
81067,3
81068,2
81069,0
81070,3
81071,3
81072,2
81073,2
81074,2
81075,3
81076,3
81077,3
81078,3
81079,3
81080,3
81081,2
81082,2
81083,3
81084,3
81085,3
81086,2
81087,3
81088,3
81089,3
81090,3
81091,2
81092,2
81093,2
81094,3
81095,1
81096,1
81097,3
81098,3
81099,2
81100,3
81101,2
81102,1
81103,3
81104,3
81105,3
81106,3
81107,3
81108,2
81109,3
81110,2
81111,3
81112,2
81113,3
81114,3
81115,2
81116,2
81117,2
81118,3
81119,2
81120,3
81121,3
81122,3
81123,3
81124,3
81125,2
81126,2
81127,3
81128,2
81129,3
81130,2
81131,3
81132,1
81133,3
81134,3
81135,1
81136,3
81137,2
81138,2
81139,3
81140,3
81141,2
81142,3
81143,3
81144,3
81145,3
81146,2
81147,2
81148,3
81149,2
81150,2
81151,2
81152,2
81153,2
81154,2
81155,2
81156,2
81157,2
81158,3
81159,3
81160,3
81161,3
81162,2
81163,2
81164,2
81165,2
81166,2
81167,2
81168,2
81169,2
81170,2
81171,2
81172,3
81173,2
81174,3
81175,3
81176,2
81177,3
81178,2
81179,3
81180,3
81181,3
81182,3
81183,3
81184,2
81185,1
81186,3
81187,3
81188,3
81189,3
81190,3
81191,3
81192,2
81193,3
81194,3
81195,2
81196,2
81197,2
81198,3
81199,2
81200,3
81201,2
81202,3
81203,3
81204,3
81205,3
81206,3
81207,2
81208,2
81209,2
81210,1
81211,3
81212,3
81213,3
81214,2
81215,3
81216,3
81217,3
81218,3
81219,3
81220,2
81221,3
81222,3
81223,3
81224,3
81225,1
81226,2
81227,2
81228,2
81229,2
81230,2
81231,1
81232,2
81233,3
81234,3
81235,1
81236,3
81237,3
81238,2
81239,3
81240,1
81241,1
81242,3
81243,3
81244,2
81245,1
81246,1
81247,1
81248,1
81249,3
81250,3
81251,2
81252,2
81253,3
81254,2
81255,2
81256,1
81257,3
81258,1
81259,3
81260,3
81261,3
81262,3
81263,3
81264,2
81265,2
81266,3
81267,3
81268,1
81269,2
81270,2
81271,3
81272,3
81273,1
81274,1
81275,3
81276,3
81277,1
81278,1
81279,3
81280,3
81281,1
81282,1
81283,1
81284,2
81285,2
81286,2
81287,2
81288,2
81289,2
81290,3
81291,2
81292,1
81293,2
81294,2
81295,2
81296,2
81297,2
81298,2
81299,2
81300,2
81301,2
81302,2
81303,2
81304,2
81305,2
81306,2
81307,3
81308,2
81309,2
81310,2
81311,2
81312,3
81313,3
81314,3
81315,2
81316,3
81317,2
81318,3
81319,3
81320,3
81321,2
81322,2
81323,2
81324,2
81325,2
81326,3
81327,1
81328,3
81329,3
81330,2
81331,3
81332,2
81333,2
81334,2
81335,2
81336,2
81337,2
81338,2
81339,2
81340,2
81341,2
81342,2
81343,3
81344,2
81345,3
81346,3
81347,2
81348,2
81349,2
81350,2
81351,2
81352,3
81353,2
81354,2
81355,2
81356,2
81357,3
81358,1
81359,3
81360,3
81361,2
81362,2
81363,2
81364,2
81365,2
81366,3
81367,2
81368,2
81369,1
81370,1
81371,3
81372,2
81373,3
81374,3
81375,1
81376,3
81377,3
81378,2
81379,2
81380,2
81381,2
81382,2
81383,3
81384,2
81385,3
81386,2
81387,3
81388,3
81389,2
81390,2
81391,2
81392,3
81393,2
81394,2
81395,2
81396,2
81397,2
81398,2
81399,3
81400,3
81401,3
81402,3
81403,3
81404,3
81405,3
81406,3
81407,3
81408,2
81409,3
81410,2
81411,3
81412,3
81413,3
81414,2
81415,2
81416,2
81417,3
81418,2
81419,3
81420,2
81421,3
81422,2
81423,2
81424,2
81425,2
81426,2
81427,2
81428,2
81429,2
81430,2
81431,2
81432,2
81433,2
81434,2
81435,2
81436,2
81437,2
81438,2
81439,2
81440,3
81441,2
81442,2
81443,2
81444,2
81445,2
81446,2
81447,2
81448,2
81449,2
81450,2
81451,2
81452,2
81453,2
81454,2
81455,2
81456,3
81457,2
81458,2
81459,2
81460,2
81461,2
81462,2
81463,2
81464,2
81465,2
81466,2
81467,2
81468,2
81469,2
81470,2
81471,2
81472,2
81473,2
81474,2
81475,3
81476,3
81477,3
81478,3
81479,3
81480,3
81481,3
81482,3
81483,3
81484,3
81485,3
81486,3
81487,2
81488,2
81489,2
81490,3
81491,2
81492,2
81493,2
81494,3
81495,2
81496,2
81497,2
81498,2
81499,2
81500,2
81501,3
81502,2
81503,3
81504,3
81505,2
81506,2
81507,2
81508,3
81509,2
81510,3
81511,2
81512,2
81513,2
81514,2
81515,3
81516,2
81517,2
81518,2
81519,2
81520,2
81521,2
81522,2
81523,2
81524,2
81525,3
81526,2
81527,3
81528,3
81529,3
81530,3
81531,2
81532,3
81533,2
81534,2
81535,2
81536,2
81537,2
81538,3
81539,2
81540,2
81541,3
81542,3
81543,3
81544,3
81545,1
81546,1
81547,3
81548,3
81549,3
81550,3
81551,3
81552,3
81553,3
81554,3
81555,3
81556,3
81557,3
81558,3
81559,3
81560,2
81561,3
81562,3
81563,3
81564,3
81565,2
81566,2
81567,2
81568,2
81569,2
81570,3
81571,2
81572,3
81573,3
81574,3
81575,3
81576,2
81577,2
81578,2
81579,2
81580,3
81581,3
81582,2
81583,3
81584,3
81585,2
81586,2
81587,2
81588,2
81589,2
81590,2
81591,2
81592,2
81593,3
81594,2
81595,2
81596,2
81597,3
81598,2
81599,2
81600,2
81601,2
81602,2
81603,2
81604,2
81605,2
81606,3
81607,3
81608,3
81609,3
81610,2
81611,2
81612,3
81613,3
81614,3
81615,3
81616,2
81617,2
81618,3
81619,3
81620,3
81621,3
81622,2
81623,3
81624,3
81625,3
81626,3
81627,2
81628,3
81629,3
81630,3
81631,3
81632,2
81633,3
81634,3
81635,3
81636,3
81637,2
81638,2
81639,2
81640,3
81641,3
81642,3
81643,2
81644,2
81645,3
81646,2
81647,3
81648,2
81649,2
81650,2
81651,3
81652,2
81653,2
81654,2
81655,2
81656,2
81657,2
81658,2
81659,2
81660,2
81661,3
81662,2
81663,2
81664,2
81665,2
81666,2
81667,2
81668,2
81669,3
81670,2
81671,2
81672,2
81673,2
81674,2
81675,2
81676,2
81677,2
81678,2
81679,2
81680,2
81681,3
81682,2
81683,2
81684,3
81685,2
81686,3
81687,1
81688,3
81689,2
81690,3
81691,3
81692,3
81693,2
81694,2
81695,3
81696,3
81697,3
81698,3
81699,3
81700,2
81701,3
81702,2
81703,2
81704,2
81705,3
81706,2
81707,2
81708,2
81709,2
81710,2
81711,4
81712,2
81713,2
81714,3
81715,2
81716,2
81717,2
81718,2
81719,2
81720,2
81721,2
81722,2
81723,2
81724,2
81725,2
81726,3
81727,2
81728,2
81729,2
81730,2
81731,2
81732,2
81733,2
81734,2
81735,2
81736,2
81737,2
81738,2
81739,3
81740,2
81741,3
81742,2
81743,2
81744,3
81745,3
81746,1
81747,3
81748,2
81749,2
81750,3
81751,1
81752,2
81753,3
81754,3
81755,2
81756,2
81757,2
81758,2
81759,3
81760,2
81761,2
81762,2
81763,3
81764,3
81765,3
81766,3
81767,3
81768,3
81769,3
81770,2
81771,3
81772,2
81773,3
81774,2
81775,2
81776,2
81777,2
81778,3
81779,2
81780,2
81781,2
81782,2
81783,2
81784,3
81785,3
81786,2
81787,2
81788,2
81789,3
81790,2
81791,2
81792,2
81793,2
81794,2
81795,2
81796,2
81797,2
81798,2
81799,2
81800,2
81801,2
81802,2
81803,2
81804,3
81805,3
81806,2
81807,3
81808,3
81809,3
81810,2
81811,3
81812,3
81813,2
81814,2
81815,3
81816,3
81817,3
81818,3
81819,2
81820,2
81821,2
81822,2
81823,2
81824,2
81825,2
81826,2
81827,2
81828,2
81829,3
81830,3
81831,2
81832,2
81833,3
81834,2
81835,2
81836,3
81837,2
81838,1
81839,2
81840,3
81841,2
81842,2
81843,2
81844,2
81845,2
81846,2
81847,2
81848,2
81849,2
81850,2
81851,2
81852,3
81853,2
81854,3
81855,3
81856,2
81857,2
81858,3
81859,3
81860,2
81861,2
81862,2
81863,2
81864,1
81865,3
81866,1
81867,3
81868,3
81869,2
81870,2
81871,1
81872,1
81873,1
81874,3
81875,3
81876,2
81877,2
81878,2
81879,2
81880,3
81881,2
81882,2
81883,3
81884,1
81885,2
81886,3
81887,3
81888,3
81889,2
81890,3
81891,3
81892,3
81893,3
81894,3
81895,3
81896,3
81897,3
81898,3
81899,3
81900,3
81901,3
81902,3
81903,3
81904,3
81905,3
81906,3
81907,3
81908,3
81909,3
81910,3
81911,3
81912,3
81913,3
81914,3
81915,3
81916,3
81917,2
81918,3
81919,3
81920,3
81921,2
81922,3
81923,3
81924,3
81925,3
81926,3
81927,3
81928,3
81929,3
81930,3
81931,3
81932,3
81933,2
81934,2
81935,2
81936,3
81937,3
81938,3
81939,3
81940,2
81941,3
81942,3
81943,3
81944,3
81945,2
81946,2
81947,2
81948,3
81949,2
81950,2
81951,2
81952,2
81953,2
81954,3
81955,2
81956,2
81957,2
81958,2
81959,2
81960,2
81961,2
81962,2
81963,2
81964,2
81965,2
81966,2
81967,2
81968,2
81969,2
81970,2
81971,2
81972,2
81973,2
81974,2
81975,2
81976,2
81977,2
81978,2
81979,2
81980,2
81981,2
81982,2
81983,2
81984,2
81985,2
81986,2
81987,2
81988,2
81989,2
81990,2
81991,2
81992,2
81993,2
81994,2
81995,2
81996,2
81997,2
81998,2
81999,2
82000,2
82001,2
82002,2
82003,3
82004,2
82005,2
82006,2
82007,3
82008,2
82009,3
82010,3
82011,2
82012,2
82013,2
82014,2
82015,2
82016,2
82017,2
82018,3
82019,3
82020,3
82021,3
82022,3
82023,3
82024,3
82025,3
82026,2
82027,2
82028,2
82029,3
82030,3
82031,3
82032,3
82033,2
82034,3
82035,2
82036,2
82037,2
82038,2
82039,3
82040,3
82041,2
82042,2
82043,2
82044,2
82045,2
82046,2
82047,1
82048,2
82049,2
82050,2
82051,2
82052,2
82053,1
82054,3
82055,2
82056,2
82057,3
82058,2
82059,2
82060,2
82061,2
82062,2
82063,2
82064,2
82065,2
82066,2
82067,2
82068,2
82069,2
82070,2
82071,3
82072,2
82073,3
82074,2
82075,3
82076,2
82077,2
82078,3
82079,3
82080,2
82081,3
82082,3
82083,3
82084,2
82085,2
82086,3
82087,3
82088,3
82089,2
82090,2
82091,3
82092,2
82093,2
82094,2
82095,2
82096,2
82097,2
82098,2
82099,2
82100,3
82101,2
82102,2
82103,3
82104,3
82105,2
82106,3
82107,2
82108,2
82109,3
82110,2
82111,2
82112,1
82113,2
82114,2
82115,2
82116,2
82117,3
82118,3
82119,2
82120,2
82121,2
82122,2
82123,2
82124,2
82125,2
82126,2
82127,2
82128,2
82129,2
82130,2
82131,2
82132,2
82133,2
82134,2
82135,2
82136,2
82137,2
82138,2
82139,2
82140,2
82141,3
82142,2
82143,2
82144,2
82145,2
82146,2
82147,2
82148,2
82149,2
82150,3
82151,3
82152,3
82153,3
82154,3
82155,2
82156,3
82157,2
82158,2
82159,2
82160,2
82161,2
82162,2
82163,3
82164,2
82165,2
82166,2
82167,3
82168,3
82169,1
82170,3
82171,2
82172,3
82173,3
82174,3
82175,3
82176,3
82177,3
82178,3
82179,3
82180,2
82181,3
82182,1
82183,3
82184,3
82185,3
82186,3
82187,3
82188,1
82189,3
82190,1
82191,1
82192,3
82193,3
82194,3
82195,3
82196,2
82197,2
82198,2
82199,2
82200,3
82201,3
82202,3
82203,2
82204,2
82205,3
82206,3
82207,3
82208,3
82209,3
82210,3
82211,3
82212,1
82213,1
82214,3
82215,2
82216,2
82217,2
82218,2
82219,2
82220,2
82221,2
82222,2
82223,2
82224,2
82225,2
82226,3
82227,3
82228,3
82229,3
82230,2
82231,2
82232,2
82233,2
82234,2
82235,2
82236,2
82237,2
82238,2
82239,2
82240,1
82241,2
82242,3
82243,2
82244,3
82245,3
82246,1
82247,3
82248,1
82249,2
82250,2
82251,2
82252,2
82253,3
82254,1
82255,1
82256,1
82257,1
82258,1
82259,1
82260,1
82261,1
82262,3
82263,3
82264,1
82265,3
82266,1
82267,1
82268,3
82269,3
82270,1
82271,1
82272,3
82273,3
82274,2
82275,3
82276,3
82277,1
82278,2
82279,3
82280,2
82281,3
82282,3
82283,3
82284,3
82285,2
82286,2
82287,2
82288,3
82289,3
82290,3
82291,3
82292,3
82293,3
82294,3
82295,3
82296,3
82297,3
82298,3
82299,3
82300,3
82301,2
82302,3
82303,3
82304,3
82305,2
82306,3
82307,3
82308,3
82309,2
82310,2
82311,3
82312,2
82313,2
82314,3
82315,3
82316,1
82317,3
82318,2
82319,2
82320,2
82321,2
82322,2
82323,2
82324,2
82325,3
82326,2
82327,2
82328,2
82329,3
82330,2
82331,2
82332,2
82333,3
82334,1
82335,3
82336,2
82337,2
82338,3
82339,3
82340,1
82341,3
82342,2
82343,3
82344,2
82345,3
82346,2
82347,1
82348,2
82349,2
82350,2
82351,3
82352,0
82353,3
82354,3
82355,3
82356,3
82357,3
82358,3
82359,3
82360,2
82361,3
82362,2
82363,3
82364,3
82365,2
82366,2
82367,2
82368,3
82369,2
82370,1
82371,3
82372,3
82373,2
82374,3
82375,2
82376,3
82377,1
82378,3
82379,1
82380,2
82381,2
82382,2
82383,1
82384,3
82385,3
82386,2
82387,3
82388,3
82389,2
82390,2
82391,3
82392,1
82393,3
82394,3
82395,3
82396,2
82397,2
82398,3
82399,3
82400,3
82401,1
82402,3
82403,1
82404,1
82405,2
82406,2
82407,2
82408,2
82409,2
82410,2
82411,2
82412,2
82413,2
82414,3
82415,3
82416,3
82417,2
82418,3
82419,3
82420,3
82421,1
82422,1
82423,1
82424,1
82425,1
82426,3
82427,3
82428,3
82429,1
82430,1
82431,1
82432,3
82433,3
82434,3
82435,2
82436,2
82437,2
82438,2
82439,2
82440,2
82441,2
82442,2
82443,2
82444,3
82445,3
82446,2
82447,2
82448,2
82449,2
82450,3
82451,2
82452,2
82453,2
82454,2
82455,2
82456,3
82457,2
82458,2
82459,2
82460,2
82461,2
82462,2
82463,2
82464,2
82465,3
82466,2
82467,3
82468,2
82469,3
82470,3
82471,3
82472,3
82473,3
82474,3
82475,3
82476,3
82477,3
82478,3
82479,3
82480,3
82481,3
82482,3
82483,2
82484,2
82485,2
82486,3
82487,2
82488,2
82489,3
82490,2
82491,2
82492,3
82493,1
82494,2
82495,2
82496,2
82497,2
82498,3
82499,3
82500,2
82501,2
82502,2
82503,2
82504,2
82505,2
82506,2
82507,2
82508,3
82509,3
82510,3
82511,2
82512,2
82513,3
82514,3
82515,2
82516,2
82517,2
82518,2
82519,2
82520,2
82521,2
82522,2
82523,2
82524,2
82525,2
82526,3
82527,2
82528,2
82529,2
82530,2
82531,2
82532,2
82533,2
82534,2
82535,2
82536,2
82537,2
82538,2
82539,2
82540,2
82541,2
82542,2
82543,2
82544,2
82545,2
82546,2
82547,1
82548,1
82549,1
82550,1
82551,1
82552,1
82553,1
82554,1
82555,1
82556,1
82557,1
82558,1
82559,1
82560,1
82561,1
82562,1
82563,1
82564,1
82565,1
82566,3
82567,3
82568,3
82569,2
82570,3
82571,2
82572,2
82573,3
82574,0
82575,2
82576,1
82577,1
82578,3
82579,3
82580,2
82581,2
82582,3
82583,2
82584,2
82585,1
82586,2
82587,2
82588,2
82589,3
82590,2
82591,2
82592,3
82593,3
82594,3
82595,3
82596,3
82597,3
82598,3
82599,3
82600,3
82601,3
82602,3
82603,3
82604,3
82605,3
82606,3
82607,3
82608,3
82609,3
82610,3
82611,3
82612,2
82613,1
82614,2
82615,2
82616,2
82617,3
82618,3
82619,2
82620,2
82621,2
82622,2
82623,2
82624,2
82625,2
82626,2
82627,2
82628,2
82629,2
82630,2
82631,1
82632,1
82633,1
82634,2
82635,3
82636,3
82637,2
82638,3
82639,1
82640,1
82641,1
82642,2
82643,1
82644,1
82645,1
82646,2
82647,2
82648,2
82649,2
82650,1
82651,2
82652,2
82653,2
82654,2
82655,2
82656,2
82657,2
82658,2
82659,3
82660,3
82661,3
82662,2
82663,2
82664,3
82665,3
82666,3
82667,2
82668,3
82669,2
82670,3
82671,3
82672,3
82673,3
82674,2
82675,1
82676,1
82677,1
82678,3
82679,3
82680,1
82681,3
82682,3
82683,3
82684,1
82685,1
82686,1
82687,1
82688,1
82689,1
82690,1
82691,1
82692,3
82693,2
82694,2
82695,2
82696,3
82697,2
82698,2
82699,2
82700,3
82701,2
82702,3
82703,3
82704,2
82705,3
82706,3
82707,2
82708,3
82709,2
82710,2
82711,2
82712,1
82713,1
82714,1
82715,3
82716,3
82717,2
82718,2
82719,2
82720,2
82721,2
82722,2
82723,2
82724,2
82725,2
82726,2
82727,2
82728,2
82729,2
82730,2
82731,3
82732,3
82733,2
82734,2
82735,2
82736,2
82737,3
82738,2
82739,2
82740,3
82741,3
82742,2
82743,2
82744,2
82745,1
82746,1
82747,1
82748,3
82749,3
82750,3
82751,3
82752,3
82753,3
82754,3
82755,3
82756,3
82757,3
82758,3
82759,3
82760,3
82761,3
82762,3
82763,3
82764,3
82765,3
82766,3
82767,3
82768,3
82769,1
82770,1
82771,1
82772,1
82773,1
82774,1
82775,1
82776,1
82777,1
82778,1
82779,4
82780,3
82781,1
82782,1
82783,1
82784,3
82785,3
82786,1
82787,1
82788,1
82789,1
82790,1
82791,1
82792,1
82793,1
82794,1
82795,1
82796,1
82797,1
82798,1
82799,3
82800,3
82801,3
82802,3
82803,3
82804,3
82805,3
82806,1
82807,3
82808,3
82809,3
82810,3
82811,3
82812,3
82813,3
82814,3
82815,3
82816,3
82817,3
82818,3
82819,3
82820,3
82821,3
82822,3
82823,3
82824,3
82825,3
82826,3
82827,3
82828,3
82829,3
82830,3
82831,3
82832,3
82833,3
82834,1
82835,3
82836,3
82837,3
82838,3
82839,2
82840,2
82841,2
82842,2
82843,3
82844,2
82845,2
82846,3
82847,2
82848,2
82849,2
82850,2
82851,3
82852,2
82853,3
82854,3
82855,2
82856,3
82857,3
82858,3
82859,3
82860,3
82861,3
82862,3
82863,3
82864,3
82865,3
82866,3
82867,3
82868,3
82869,3
82870,3
82871,3
82872,3
82873,3
82874,3
82875,3
82876,3
82877,3
82878,2
82879,1
82880,1
82881,1
82882,1
82883,1
82884,1
82885,1
82886,3
82887,3
82888,3
82889,2
82890,2
82891,2
82892,3
82893,2
82894,2
82895,2
82896,2
82897,2
82898,2
82899,2
82900,2
82901,2
82902,2
82903,2
82904,2
82905,2
82906,2
82907,2
82908,2
82909,2
82910,2
82911,2
82912,2
82913,2
82914,2
82915,2
82916,2
82917,2
82918,2
82919,2
82920,2
82921,2
82922,2
82923,2
82924,2
82925,2
82926,2
82927,2
82928,2
82929,2
82930,2
82931,3
82932,2
82933,2
82934,2
82935,2
82936,2
82937,2
82938,2
82939,2
82940,2
82941,3
82942,0
82943,2
82944,3
82945,2
82946,2
82947,2
82948,2
82949,2
82950,2
82951,2
82952,2
82953,2
82954,2
82955,2
82956,2
82957,2
82958,2
82959,3
82960,3
82961,3
82962,3
82963,2
82964,3
82965,3
82966,3
82967,3
82968,3
82969,2
82970,2
82971,3
82972,2
82973,2
82974,2
82975,3
82976,3
82977,3
82978,3
82979,3
82980,3
82981,3
82982,1
82983,3
82984,3
82985,3
82986,3
82987,3
82988,2
82989,3
82990,3
82991,3
82992,2
82993,1
82994,3
82995,3
82996,3
82997,1
82998,3
82999,3
83000,3
83001,3
83002,3
83003,3
83004,3
83005,3
83006,3
83007,3
83008,3
83009,3
83010,3
83011,2
83012,3
83013,2
83014,2
83015,3
83016,3
83017,3
83018,2
83019,2
83020,2
83021,2
83022,2
83023,2
83024,3
83025,2
83026,3
83027,3
83028,2
83029,2
83030,2
83031,3
83032,2
83033,2
83034,3
83035,3
83036,3
83037,3
83038,3
83039,3
83040,3
83041,3
83042,3
83043,3
83044,2
83045,3
83046,2
83047,3
83048,3
83049,3
83050,3
83051,3
83052,2
83053,2
83054,3
83055,2
83056,3
83057,2
83058,3
83059,3
83060,2
83061,3
83062,3
83063,3
83064,3
83065,2
83066,2
83067,2
83068,2
83069,2
83070,3
83071,3
83072,3
83073,3
83074,3
83075,3
83076,3
83077,3
83078,3
83079,2
83080,2
83081,1
83082,1
83083,2
83084,2
83085,3
83086,3
83087,3
83088,3
83089,3
83090,3
83091,3
83092,3
83093,3
83094,3
83095,3
83096,3
83097,3
83098,3
83099,2
83100,2
83101,1
83102,3
83103,3
83104,3
83105,3
83106,3
83107,3
83108,3
83109,1
83110,3
83111,3
83112,1
83113,3
83114,3
83115,1
83116,3
83117,2
83118,2
83119,2
83120,3
83121,3
83122,2
83123,2
83124,2
83125,2
83126,3
83127,2
83128,3
83129,3
83130,2
83131,3
83132,3
83133,2
83134,3
83135,2
83136,3
83137,3
83138,2
83139,3
83140,2
83141,2
83142,2
83143,3
83144,3
83145,3
83146,3
83147,3
83148,3
83149,3
83150,3
83151,3
83152,3
83153,2
83154,3
83155,3
83156,3
83157,2
83158,2
83159,1
83160,1
83161,3
83162,1
83163,3
83164,3
83165,1
83166,1
83167,3
83168,2
83169,1
83170,3
83171,3
83172,3
83173,2
83174,3
83175,3
83176,2
83177,2
83178,3
83179,2
83180,3
83181,1
83182,3
83183,3
83184,3
83185,3
83186,3
83187,3
83188,3
83189,2
83190,2
83191,2
83192,3
83193,3
83194,3
83195,3
83196,3
83197,3
83198,3
83199,3
83200,3
83201,2
83202,3
83203,3
83204,3
83205,3
83206,3
83207,2
83208,2
83209,3
83210,3
83211,2
83212,3
83213,3
83214,2
83215,3
83216,3
83217,3
83218,3
83219,3
83220,3
83221,2
83222,3
83223,2
83224,2
83225,1
83226,1
83227,3
83228,3
83229,1
83230,3
83231,3
83232,2
83233,3
83234,3
83235,3
83236,2
83237,3
83238,2
83239,2
83240,2
83241,2
83242,2
83243,2
83244,1
83245,1
83246,2
83247,2
83248,2
83249,3
83250,3
83251,3
83252,2
83253,2
83254,3
83255,3
83256,3
83257,3
83258,1
83259,3
83260,3
83261,3
83262,3
83263,3
83264,2
83265,2
83266,2
83267,2
83268,3
83269,1
83270,1
83271,1
83272,1
83273,1
83274,1
83275,3
83276,2
83277,1
83278,1
83279,3
83280,3
83281,2
83282,1
83283,1
83284,3
83285,2
83286,0
83287,2
83288,2
83289,3
83290,2
83291,2
83292,2
83293,2
83294,2
83295,2
83296,3
83297,3
83298,3
83299,3
83300,3
83301,3
83302,3
83303,3
83304,2
83305,2
83306,3
83307,2
83308,2
83309,1
83310,3
83311,2
83312,3
83313,1
83314,2
83315,2
83316,2
83317,2
83318,2
83319,3
83320,3
83321,2
83322,2
83323,3
83324,2
83325,3
83326,2
83327,3
83328,2
83329,3
83330,3
83331,2
83332,3
83333,3
83334,3
83335,3
83336,2
83337,3
83338,3
83339,3
83340,2
83341,3
83342,2
83343,2
83344,3
83345,3
83346,3
83347,3
83348,3
83349,2
83350,3
83351,1
83352,3
83353,1
83354,1
83355,1
83356,1
83357,1
83358,1
83359,3
83360,1
83361,3
83362,3
83363,3
83364,1
83365,1
83366,1
83367,3
83368,1
83369,3
83370,3
83371,3
83372,3
83373,3
83374,3
83375,3
83376,2
83377,3
83378,3
83379,3
83380,3
83381,3
83382,3
83383,3
83384,2
83385,2
83386,2
83387,1
83388,2
83389,3
83390,3
83391,3
83392,3
83393,3
83394,3
83395,3
83396,3
83397,3
83398,3
83399,3
83400,3
83401,3
83402,2
83403,1
83404,1
83405,1
83406,3
83407,3
83408,1
83409,1
83410,1
83411,1
83412,1
83413,1
83414,1
83415,1
83416,3
83417,3
83418,3
83419,2
83420,3
83421,3
83422,3
83423,3
83424,3
83425,3
83426,3
83427,3
83428,3
83429,3
83430,2
83431,3
83432,3
83433,3
83434,2
83435,2
83436,2
83437,2
83438,2
83439,3
83440,3
83441,3
83442,2
83443,3
83444,2
83445,3
83446,3
83447,2
83448,2
83449,3
83450,2
83451,2
83452,2
83453,2
83454,2
83455,2
83456,3
83457,2
83458,2
83459,2
83460,2
83461,2
83462,3
83463,2
83464,2
83465,2
83466,3
83467,2
83468,3
83469,2
83470,2
83471,2
83472,2
83473,2
83474,2
83475,2
83476,2
83477,0
83478,3
83479,3
83480,3
83481,3
83482,3
83483,3
83484,3
83485,0
83486,2
83487,3
83488,3
83489,3
83490,3
83491,3
83492,3
83493,3
83494,3
83495,3
83496,3
83497,3
83498,3
83499,3
83500,3
83501,3
83502,3
83503,0
83504,3
83505,3
83506,3
83507,3
83508,3
83509,3
83510,3
83511,3
83512,1
83513,3
83514,3
83515,0
83516,3
83517,3
83518,3
83519,3
83520,3
83521,3
83522,3
83523,3
83524,3
83525,3
83526,3
83527,3
83528,3
83529,3
83530,3
83531,3
83532,3
83533,3
83534,3
83535,3
83536,2
83537,2
83538,2
83539,3
83540,3
83541,3
83542,2
83543,3
83544,3
83545,2
83546,2
83547,2
83548,2
83549,3
83550,3
83551,2
83552,3
83553,3
83554,2
83555,2
83556,3
83557,2
83558,3
83559,2
83560,2
83561,3
83562,3
83563,3
83564,3
83565,2
83566,2
83567,2
83568,2
83569,3
83570,3
83571,2
83572,2
83573,2
83574,0
83575,0
83576,2
83577,3
83578,3
83579,3
83580,3
83581,3
83582,3
83583,3
83584,3
83585,3
83586,3
83587,3
83588,0
83589,0
83590,0
83591,0
83592,0
83593,0
83594,0
83595,0
83596,0
83597,3
83598,3
83599,2
83600,0
83601,0
83602,3
83603,3
83604,3
83605,0
83606,3
83607,2
83608,3
83609,0
83610,3
83611,2
83612,3
83613,3
83614,3
83615,3
83616,2
83617,3
83618,2
83619,3
83620,3
83621,3
83622,0
83623,1
83624,3
83625,2
83626,3
83627,3
83628,2
83629,3
83630,0
83631,0
83632,3
83633,2
83634,0
83635,0
83636,0
83637,0
83638,2
83639,2
83640,2
83641,0
83642,3
83643,3
83644,0
83645,3
83646,0
83647,0
83648,0
83649,0
83650,0
83651,0
83652,0
83653,0
83654,0
83655,0
83656,0
83657,3
83658,0
83659,0
83660,0
83661,3
83662,2
83663,2
83664,2
83665,2
83666,2
83667,3
83668,3
83669,3
83670,3
83671,3
83672,3
83673,3
83674,3
83675,0
83676,0
83677,0
83678,2
83679,3
83680,0
83681,3
83682,0
83683,0
83684,2
83685,0
83686,3
83687,3
83688,1
83689,3
83690,3
83691,3
83692,3
83693,3
83694,3
83695,2
83696,3
83697,2
83698,3
83699,2
83700,3
83701,3
83702,3
83703,3
83704,3
83705,3
83706,0
83707,3
83708,3
83709,2
83710,3
83711,2
83712,3
83713,3
83714,3
83715,3
83716,2
83717,3
83718,3
83719,0
83720,3
83721,3
83722,3
83723,3
83724,0
83725,3
83726,3
83727,3
83728,3
83729,0
83730,0
83731,0
83732,0
83733,0
83734,3
83735,0
83736,0
83737,3
83738,3
83739,3
83740,0
83741,0
83742,0
83743,0
83744,0
83745,0
83746,0
83747,0
83748,0
83749,2
83750,2
83751,3
83752,3
83753,0
83754,3
83755,3
83756,3
83757,3
83758,3
83759,3
83760,0
83761,3
83762,3
83763,3
83764,3
83765,3
83766,0
83767,0
83768,3
83769,0
83770,0
83771,0
83772,0
83773,0
83774,0
83775,3
83776,0
83777,0
83778,0
83779,0
83780,0
83781,0
83782,0
83783,0
83784,3
83785,0
83786,0
83787,0
83788,2
83789,0
83790,2
83791,3
83792,0
83793,2
83794,0
83795,3
83796,2
83797,3
83798,2
83799,3
83800,3
83801,3
83802,3
83803,3
83804,3
83805,3
83806,0
83807,3
83808,2
83809,2
83810,2
83811,3
83812,3
83813,0
83814,3
83815,0
83816,0
83817,0
83818,0
83819,3
83820,0
83821,0
83822,0
83823,3
83824,0
83825,0
83826,0
83827,0
83828,3
83829,0
83830,0
83831,0
83832,0
83833,0
83834,0
83835,0
83836,0
83837,0
83838,0
83839,3
83840,0
83841,0
83842,0
83843,0
83844,3
83845,0
83846,0
83847,0
83848,3
83849,0
83850,3
83851,3
83852,0
83853,0
83854,0
83855,0
83856,0
83857,0
83858,0
83859,3
83860,0
83861,0
83862,3
83863,3
83864,0
83865,0
83866,0
83867,0
83868,0
83869,0
83870,0
83871,3
83872,3
83873,3
83874,0
83875,3
83876,0
83877,0
83878,0
83879,0
83880,0
83881,0
83882,0
83883,0
83884,0
83885,0
83886,3
83887,0
83888,0
83889,0
83890,0
83891,0
83892,0
83893,0
83894,0
83895,0
83896,0
83897,0
83898,0
83899,0
83900,3
83901,3
83902,0
83903,0
83904,0
83905,0
83906,0
83907,1
83908,0
83909,0
83910,0
83911,0
83912,0
83913,0
83914,0
83915,0
83916,0
83917,0
83918,0
83919,0
83920,0
83921,0
83922,0
83923,0
83924,0
83925,3
83926,0
83927,0
83928,0
83929,0
83930,0
83931,0
83932,0
83933,0
83934,0
83935,0
83936,0
83937,0
83938,0
83939,0
83940,0
83941,0
83942,0
83943,0
83944,0
83945,3
83946,0
83947,0
83948,0
83949,0
83950,0
83951,0
83952,0
83953,0
83954,2
83955,2
83956,0
83957,0
83958,0
83959,3
83960,0
83961,0
83962,3
83963,0
83964,0
83965,0
83966,3
83967,0
83968,0
83969,2
83970,0
83971,2
83972,3
83973,0
83974,0
83975,3
83976,0
83977,3
83978,3
83979,0
83980,2
83981,0
83982,0
83983,0
83984,0
83985,2
83986,3
83987,0
83988,0
83989,0
83990,3
83991,3
83992,3
83993,3
83994,3
83995,3
83996,2
83997,3
83998,3
83999,3
84000,3
84001,3
84002,3
84003,3
84004,0
84005,2
84006,2
84007,2
84008,0
84009,0
84010,0
84011,0
84012,0
84013,0
84014,0
84015,2
84016,2
84017,0
84018,2
84019,0
84020,2
84021,0
84022,0
84023,0
84024,0
84025,0
84026,0
84027,0
84028,2
84029,2
84030,0
84031,0
84032,0
84033,2
84034,0
84035,0
84036,0
84037,0
84038,0
84039,0
84040,0
84041,0
84042,3
84043,3
84044,3
84045,3
84046,2
84047,3
84048,2
84049,2
84050,3
84051,0
84052,0
84053,3
84054,2
84055,3
84056,2
84057,2
84058,0
84059,2
84060,2
84061,2
84062,0
84063,0
84064,3
84065,0
84066,0
84067,0
84068,0
84069,0
84070,0
84071,0
84072,0
84073,0
84074,0
84075,0
84076,0
84077,0
84078,0
84079,0
84080,0
84081,0
84082,0
84083,0
84084,0
84085,0
84086,0
84087,0
84088,0
84089,2
84090,0
84091,3
84092,3
84093,0
84094,0
84095,0
84096,0
84097,2
84098,0
84099,0
84100,3
84101,2
84102,0
84103,3
84104,0
84105,0
84106,0
84107,0
84108,0
84109,3
84110,3
84111,0
84112,3
84113,0
84114,0
84115,0
84116,2
84117,2
84118,0
84119,0
84120,0
84121,0
84122,0
84123,2
84124,2
84125,3
84126,3
84127,0
84128,0
84129,2
84130,0
84131,0
84132,0
84133,3
84134,0
84135,2
84136,0
84137,2
84138,3
84139,3
84140,0
84141,3
84142,0
84143,0
84144,0
84145,0
84146,0
84147,0
84148,0
84149,0
84150,0
84151,0
84152,2
84153,0
84154,3
84155,3
84156,3
84157,0
84158,0
84159,0
84160,0
84161,0
84162,0
84163,0
84164,0
84165,0
84166,0
84167,0
84168,0
84169,0
84170,0
84171,0
84172,0
84173,0
84174,0
84175,3
84176,0
84177,0
84178,0
84179,0
84180,0
84181,0
84182,0
84183,0
84184,0
84185,3
84186,0
84187,3
84188,3
84189,0
84190,0
84191,3
84192,0
84193,0
84194,0
84195,0
84196,0
84197,0
84198,0
84199,0
84200,0
84201,0
84202,0
84203,0
84204,0
84205,0
84206,0
84207,0
84208,0
84209,3
84210,3
84211,0
84212,0
84213,0
84214,0
84215,3
84216,0
84217,0
84218,0
84219,0
84220,0
84221,0
84222,0
84223,0
84224,0
84225,0
84226,3
84227,2
84228,3
84229,0
84230,0
84231,0
84232,0
84233,3
84234,0
84235,0
84236,2
84237,0
84238,3
84239,0
84240,0
84241,0
84242,0
84243,0
84244,2
84245,2
84246,0
84247,0
84248,2
84249,2
84250,0
84251,2
84252,0
84253,0
84254,2
84255,2
84256,3
84257,3
84258,3
84259,3
84260,2
84261,2
84262,2
84263,2
84264,2
84265,2
84266,2
84267,2
84268,2
84269,2
84270,2
84271,2
84272,2
84273,2
84274,3
84275,3
84276,2
84277,2
84278,3
84279,2
84280,3
84281,3
84282,3
84283,2
84284,2
84285,2
84286,3
84287,3
84288,3
84289,3
84290,2
84291,2
84292,2
84293,3
84294,3
84295,2
84296,3
84297,2
84298,0
84299,3
84300,0
84301,3
84302,0
84303,0
84304,0
84305,0
84306,0
84307,0
84308,0
84309,0
84310,0
84311,0
84312,0
84313,3
84314,0
84315,0
84316,0
84317,0
84318,0
84319,0
84320,0
84321,0
84322,3
84323,0
84324,0
84325,0
84326,0
84327,0
84328,3
84329,0
84330,3
84331,3
84332,3
84333,2
84334,3
84335,3
84336,3
84337,3
84338,2
84339,3
84340,3
84341,3
84342,3
84343,3
84344,3
84345,3
84346,0
84347,0
84348,3
84349,2
84350,2
84351,0
84352,0
84353,3
84354,3
84355,3
84356,3
84357,3
84358,3
84359,2
84360,3
84361,2
84362,3
84363,2
84364,3
84365,2
84366,2
84367,3
84368,0
84369,3
84370,3
84371,3
84372,2
84373,3
84374,2
84375,3
84376,3
84377,3
84378,2
84379,2
84380,2
84381,3
84382,2
84383,3
84384,2
84385,2
84386,3
84387,2
84388,2
84389,2
84390,2
84391,2
84392,2
84393,3
84394,2
84395,2
84396,2
84397,2
84398,2
84399,3
84400,3
84401,0
84402,3
84403,2
84404,2
84405,3
84406,0
84407,2
84408,2
84409,3
84410,2
84411,2
84412,2
84413,2
84414,3
84415,3
84416,3
84417,3
84418,2
84419,3
84420,3
84421,3
84422,3
84423,3
84424,3
84425,3
84426,2
84427,0
84428,0
84429,2
84430,2
84431,3
84432,3
84433,2
84434,3
84435,0
84436,0
84437,3
84438,3
84439,3
84440,3
84441,3
84442,2
84443,0
84444,2
84445,0
84446,0
84447,0
84448,0
84449,0
84450,3
84451,3
84452,0
84453,0
84454,2
84455,0
84456,0
84457,0
84458,0
84459,0
84460,0
84461,0
84462,3
84463,0
84464,2
84465,3
84466,0
84467,0
84468,3
84469,3
84470,3
84471,3
84472,3
84473,3
84474,3
84475,3
84476,3
84477,0
84478,0
84479,3
84480,2
84481,2
84482,0
84483,0
84484,0
84485,3
84486,0
84487,0
84488,0
84489,0
84490,2
84491,2
84492,0
84493,0
84494,0
84495,2
84496,3
84497,2
84498,0
84499,0
84500,0
84501,0
84502,0
84503,0
84504,0
84505,0
84506,0
84507,0
84508,0
84509,0
84510,0
84511,0
84512,0
84513,3
84514,2
84515,3
84516,3
84517,3
84518,3
84519,2
84520,2
84521,2
84522,3
84523,3
84524,3
84525,2
84526,3
84527,0
84528,2
84529,3
84530,3
84531,3
84532,3
84533,0
84534,3
84535,2
84536,2
84537,3
84538,3
84539,3
84540,3
84541,2
84542,2
84543,2
84544,3
84545,3
84546,3
84547,3
84548,3
84549,3
84550,3
84551,3
84552,2
84553,0
84554,0
84555,0
84556,0
84557,0
84558,0
84559,0
84560,0
84561,2
84562,2
84563,2
84564,0
84565,3
84566,0
84567,0
84568,3
84569,0
84570,0
84571,0
84572,0
84573,3
84574,0
84575,3
84576,3
84577,3
84578,3
84579,0
84580,3
84581,0
84582,3
84583,2
84584,0
84585,0
84586,3
84587,3
84588,0
84589,0
84590,3
84591,2
84592,3
84593,0
84594,0
84595,3
84596,3
84597,3
84598,2
84599,3
84600,3
84601,3
84602,3
84603,3
84604,3
84605,3
84606,2
84607,3
84608,0
84609,0
84610,0
84611,3
84612,0
84613,3
84614,3
84615,3
84616,0
84617,0
84618,0
84619,3
84620,3
84621,3
84622,2
84623,3
84624,2
84625,2
84626,2
84627,2
84628,2
84629,2
84630,3
84631,3
84632,3
84633,3
84634,3
84635,3
84636,1
84637,1
84638,1
84639,1
84640,3
84641,3
84642,3
84643,3
84644,3
84645,4
84646,3
84647,3
84648,1
84649,1
84650,1
84651,3
84652,1
84653,1
84654,1
84655,1
84656,1
84657,1
84658,1
84659,2
84660,3
84661,2
84662,3
84663,2
84664,3
84665,2
84666,2
84667,3
84668,3
84669,2
84670,2
84671,2
84672,2
84673,2
84674,2
84675,2
84676,2
84677,1
84678,1
84679,1
84680,1
84681,1
84682,1
84683,1
84684,1
84685,1
84686,3
84687,3
84688,3
84689,3
84690,2
84691,2
84692,2
84693,2
84694,2
84695,2
84696,2
84697,2
84698,2
84699,3
84700,2
84701,0
84702,2
84703,2
84704,2
84705,2
84706,2
84707,2
84708,2
84709,2
84710,2
84711,2
84712,2
84713,2
84714,2
84715,2
84716,2
84717,2
84718,2
84719,2
84720,2
84721,2
84722,2
84723,2
84724,2
84725,2
84726,2
84727,3
84728,1
84729,2
84730,2
84731,1
84732,3
84733,1
84734,1
84735,3
84736,1
84737,1
84738,1
84739,1
84740,2
84741,2
84742,2
84743,3
84744,2
84745,1
84746,2
84747,2
84748,2
84749,2
84750,2
84751,2
84752,3
84753,2
84754,2
84755,3
84756,3
84757,2
84758,3
84759,2
84760,2
84761,2
84762,1
84763,1
84764,3
84765,0
84766,0
84767,1
84768,1
84769,2
84770,2
84771,1
84772,0
84773,2
84774,0
84775,0
84776,2
84777,0
84778,2
84779,1
84780,1
84781,2
84782,0
84783,2
84784,2
84785,2
84786,2
84787,3
84788,2
84789,2
84790,2
84791,2
84792,2
84793,2
84794,2
84795,2
84796,2
84797,2
84798,2
84799,2
84800,2
84801,2
84802,2
84803,2
84804,3
84805,2
84806,2
84807,2
84808,2
84809,2
84810,2
84811,2
84812,2
84813,3
84814,2
84815,2
84816,3
84817,2
84818,2
84819,2
84820,2
84821,2
84822,2
84823,5
84824,2
84825,2
84826,0
84827,0
84828,2
84829,2
84830,2
84831,2
84832,2
84833,2
84834,2
84835,2
84836,2
84837,2
84838,2
84839,2
84840,2
84841,2
84842,2
84843,2
84844,1
84845,2
84846,2
84847,2
84848,2
84849,3
84850,2
84851,2
84852,3
84853,2
84854,2
84855,2
84856,2
84857,2
84858,2
84859,2
84860,2
84861,2
84862,2
84863,2
84864,2
84865,2
84866,2
84867,2
84868,2
84869,2
84870,2
84871,2
84872,2
84873,2
84874,2
84875,2
84876,0
84877,0
84878,0
84879,2
84880,2
84881,3
84882,2
84883,2
84884,3
84885,2
84886,2
84887,2
84888,3
84889,2
84890,1
84891,3
84892,2
84893,2
84894,2
84895,2
84896,2
84897,2
84898,2
84899,2
84900,3
84901,3
84902,2
84903,2
84904,2
84905,1
84906,2
84907,3
84908,3
84909,1
84910,2
84911,2
84912,2
84913,2
84914,2
84915,1
84916,1
84917,1
84918,3
84919,2
84920,2
84921,2
84922,2
84923,2
84924,2
84925,2
84926,2
84927,2
84928,3
84929,2
84930,2
84931,2
84932,2
84933,2
84934,2
84935,2
84936,2
84937,2
84938,2
84939,2
84940,2
84941,2
84942,3
84943,2
84944,2
84945,0
84946,2
84947,2
84948,3
84949,3
84950,2
84951,2
84952,2
84953,2
84954,2
84955,2
84956,2
84957,2
84958,2
84959,2
84960,2
84961,2
84962,3
84963,1
84964,2
84965,2
84966,2
84967,2
84968,2
84969,2
84970,3
84971,2
84972,2
84973,2
84974,2
84975,2
84976,2
84977,3
84978,3
84979,2
84980,2
84981,2
84982,3
84983,2
84984,2
84985,2
84986,2
84987,2
84988,2
84989,2
84990,2
84991,2
84992,2
84993,2
84994,2
84995,2
84996,1
84997,1
84998,1
84999,3
85000,3
85001,0
85002,3
85003,3
85004,3
85005,2
85006,3
85007,3
85008,2
85009,2
85010,2
85011,3
85012,2
85013,2
85014,2
85015,2
85016,2
85017,2
85018,2
85019,2
85020,2
85021,2
85022,2
85023,2
85024,2
85025,3
85026,2
85027,3
85028,2
85029,3
85030,2
85031,2
85032,1
85033,2
85034,2
85035,2
85036,2
85037,3
85038,2
85039,2
85040,2
85041,2
85042,2
85043,2
85044,2
85045,2
85046,3
85047,2
85048,2
85049,2
85050,2
85051,2
85052,2
85053,2
85054,2
85055,2
85056,2
85057,2
85058,3
85059,2
85060,2
85061,3
85062,2
85063,2
85064,2
85065,2
85066,2
85067,3
85068,2
85069,2
85070,2
85071,2
85072,2
85073,2
85074,2
85075,2
85076,2
85077,2
85078,2
85079,2
85080,3
85081,3
85082,2
85083,2
85084,2
85085,2
85086,2
85087,2
85088,3
85089,2
85090,3
85091,2
85092,2
85093,2
85094,2
85095,3
85096,2
85097,2
85098,2
85099,0
85100,2
85101,3
85102,3
85103,3
85104,3
85105,2
85106,3
85107,2
85108,2
85109,3
85110,2
85111,2
85112,3
85113,3
85114,0
85115,3
85116,3
85117,3
85118,2
85119,3
85120,3
85121,3
85122,2
85123,3
85124,2
85125,1
85126,2
85127,2
85128,3
85129,2
85130,3
85131,2
85132,2
85133,2
85134,3
85135,2
85136,1
85137,1
85138,1
85139,1
85140,1
85141,1
85142,1
85143,1
85144,1
85145,3
85146,2
85147,2
85148,2
85149,2
85150,2
85151,2
85152,2
85153,2
85154,2
85155,2
85156,2
85157,2
85158,2
85159,2
85160,3
85161,3
85162,3
85163,2
85164,2
85165,2
85166,2
85167,2
85168,2
85169,2
85170,2
85171,3
85172,2
85173,3
85174,3
85175,2
85176,1
85177,3
85178,2
85179,2
85180,2
85181,2
85182,2
85183,2
85184,2
85185,3
85186,2
85187,2
85188,2
85189,2
85190,2
85191,2
85192,1
85193,3
85194,1
85195,2
85196,2
85197,1
85198,1
85199,3
85200,1
85201,3
85202,2
85203,2
85204,2
85205,3
85206,2
85207,2
85208,2
85209,2
85210,3
85211,1
85212,5
85213,1
85214,2
85215,2
85216,2
85217,2
85218,2
85219,2
85220,3
85221,3
85222,2
85223,1
85224,1
85225,1
85226,2
85227,2
85228,3
85229,2
85230,2
85231,1
85232,1
85233,0
85234,3
85235,2
85236,1
85237,2
85238,3
85239,2
85240,2
85241,3
85242,1
85243,1
85244,2
85245,2
85246,2
85247,2
85248,2
85249,1
85250,1
85251,2
85252,2
85253,2
85254,2
85255,2
85256,2
85257,2
85258,2
85259,2
85260,2
85261,2
85262,2
85263,3
85264,1
85265,1
85266,1
85267,1
85268,1
85269,2
85270,2
85271,2
85272,3
85273,1
85274,2
85275,2
85276,2
85277,2
85278,2
85279,3
85280,2
85281,3
85282,2
85283,2
85284,2
85285,2
85286,2
85287,2
85288,2
85289,2
85290,2
85291,2
85292,2
85293,2
85294,2
85295,2
85296,2
85297,3
85298,2
85299,3
85300,3
85301,3
85302,3
85303,1
85304,1
85305,1
85306,1
85307,2
85308,3
85309,2
85310,2
85311,2
85312,3
85313,2
85314,2
85315,2
85316,3
85317,3
85318,3
85319,3
85320,2
85321,2
85322,2
85323,2
85324,2
85325,2
85326,2
85327,3
85328,2
85329,2
85330,4
85331,2
85332,2
85333,2
85334,3
85335,2
85336,2
85337,3
85338,3
85339,3
85340,2
85341,2
85342,3
85343,2
85344,1
85345,3
85346,3
85347,3
85348,3
85349,3
85350,3
85351,2
85352,3
85353,3
85354,3
85355,3
85356,3
85357,2
85358,2
85359,2
85360,3
85361,3
85362,2
85363,3
85364,3
85365,3
85366,3
85367,2
85368,2
85369,2
85370,3
85371,2
85372,3
85373,3
85374,3
85375,3
85376,2
85377,3
85378,3
85379,3
85380,2
85381,3
85382,3
85383,2
85384,2
85385,3
85386,3
85387,3
85388,3
85389,2
85390,2
85391,2
85392,2
85393,2
85394,2
85395,2
85396,2
85397,2
85398,2
85399,2
85400,2
85401,2
85402,2
85403,3
85404,3
85405,2
85406,2
85407,2
85408,3
85409,3
85410,3
85411,3
85412,2
85413,2
85414,2
85415,2
85416,2
85417,3
85418,3
85419,3
85420,3
85421,2
85422,2
85423,2
85424,2
85425,2
85426,2
85427,3
85428,2
85429,2
85430,3
85431,3
85432,3
85433,3
85434,2
85435,2
85436,2
85437,2
85438,3
85439,3
85440,3
85441,3
85442,2
85443,2
85444,2
85445,2
85446,2
85447,3
85448,3
85449,2
85450,2
85451,2
85452,2
85453,2
85454,2
85455,2
85456,2
85457,2
85458,2
85459,2
85460,2
85461,3
85462,2
85463,2
85464,3
85465,2
85466,2
85467,2
85468,2
85469,3
85470,2
85471,2
85472,2
85473,3
85474,2
85475,2
85476,2
85477,3
85478,3
85479,2
85480,2
85481,3
85482,2
85483,1
85484,1
85485,2
85486,2
85487,3
85488,4
85489,2
85490,2
85491,2
85492,2
85493,2
85494,2
85495,2
85496,3
85497,2
85498,2
85499,2
85500,2
85501,2
85502,2
85503,2
85504,2
85505,2
85506,2
85507,2
85508,2
85509,2
85510,2
85511,2
85512,2
85513,2
85514,2
85515,2
85516,2
85517,2
85518,2
85519,2
85520,2
85521,2
85522,2
85523,2
85524,2
85525,2
85526,2
85527,2
85528,2
85529,2
85530,2
85531,2
85532,2
85533,2
85534,2
85535,2
85536,2
85537,2
85538,2
85539,2
85540,2
85541,2
85542,2
85543,2
85544,2
85545,2
85546,2
85547,2
85548,2
85549,2
85550,2
85551,2
85552,2
85553,2
85554,2
85555,2
85556,2
85557,2
85558,2
85559,2
85560,2
85561,2
85562,2
85563,2
85564,2
85565,2
85566,2
85567,2
85568,2
85569,2
85570,2
85571,2
85572,2
85573,2
85574,2
85575,2
85576,2
85577,2
85578,2
85579,2
85580,2
85581,2
85582,2
85583,2
85584,2
85585,2
85586,2
85587,2
85588,2
85589,3
85590,2
85591,2
85592,2
85593,2
85594,2
85595,2
85596,2
85597,2
85598,2
85599,2
85600,2
85601,2
85602,2
85603,2
85604,2
85605,3
85606,2
85607,2
85608,2
85609,2
85610,2
85611,2
85612,2
85613,2
85614,2
85615,2
85616,2
85617,2
85618,2
85619,2
85620,2
85621,2
85622,2
85623,2
85624,2
85625,2
85626,2
85627,2
85628,2
85629,2
85630,2
85631,2
85632,2
85633,2
85634,2
85635,2
85636,2
85637,2
85638,2
85639,2
85640,2
85641,2
85642,2
85643,2
85644,2
85645,2
85646,2
85647,2
85648,2
85649,2
85650,2
85651,2
85652,2
85653,2
85654,2
85655,2
85656,2
85657,2
85658,2
85659,2
85660,2
85661,2
85662,2
85663,2
85664,2
85665,2
85666,2
85667,2
85668,1
85669,2
85670,2
85671,2
85672,2
85673,2
85674,2
85675,2
85676,2
85677,2
85678,2
85679,2
85680,2
85681,2
85682,2
85683,2
85684,2
85685,2
85686,2
85687,2
85688,3
85689,2
85690,3
85691,2
85692,3
85693,3
85694,2
85695,2
85696,2
85697,2
85698,2
85699,2
85700,2
85701,2
85702,2
85703,2
85704,1
85705,1
85706,1
85707,1
85708,1
85709,1
85710,1
85711,1
85712,1
85713,1
85714,3
85715,3
85716,3
85717,1
85718,1
85719,1
85720,1
85721,1
85722,1
85723,1
85724,1
85725,1
85726,1
85727,1
85728,1
85729,1
85730,1
85731,1
85732,1
85733,1
85734,1
85735,1
85736,1
85737,1
85738,1
85739,1
85740,1
85741,1
85742,1
85743,3
85744,1
85745,1
85746,1
85747,1
85748,1
85749,1
85750,1
85751,1
85752,1
85753,1
85754,1
85755,1
85756,1
85757,1
85758,1
85759,1
85760,1
85761,1
85762,1
85763,1
85764,1
85765,1
85766,1
85767,1
85768,1
85769,1
85770,2
85771,3
85772,1
85773,1
85774,1
85775,2
85776,2
85777,2
85778,2
85779,2
85780,2
85781,2
85782,2
85783,2
85784,3
85785,2
85786,3
85787,2
85788,3
85789,2
85790,2
85791,2
85792,2
85793,2
85794,2
85795,2
85796,2
85797,2
85798,2
85799,2
85800,2
85801,2
85802,2
85803,2
85804,2
85805,1
85806,2
85807,2
85808,2
85809,2
85810,2
85811,2
85812,2
85813,2
85814,2
85815,2
85816,2
85817,2
85818,2
85819,2
85820,2
85821,2
85822,2
85823,2
85824,2
85825,2
85826,2
85827,3
85828,2
85829,3
85830,3
85831,2
85832,2
85833,2
85834,2
85835,2
85836,2
85837,2
85838,2
85839,2
85840,2
85841,2
85842,2
85843,2
85844,3
85845,2
85846,2
85847,2
85848,2
85849,2
85850,2
85851,2
85852,2
85853,2
85854,2
85855,2
85856,2
85857,2
85858,2
85859,2
85860,2
85861,2
85862,2
85863,2
85864,2
85865,2
85866,2
85867,2
85868,2
85869,2
85870,2
85871,2
85872,2
85873,2
85874,3
85875,2
85876,2
85877,2
85878,2
85879,2
85880,2
85881,2
85882,2
85883,2
85884,2
85885,2
85886,2
85887,2
85888,2
85889,2
85890,2
85891,2
85892,2
85893,3
85894,2
85895,2
85896,3
85897,2
85898,2
85899,2
85900,2
85901,2
85902,1
85903,2
85904,1
85905,1
85906,1
85907,1
85908,2
85909,2
85910,2
85911,3
85912,3
85913,1
85914,2
85915,2
85916,2
85917,2
85918,2
85919,2
85920,2
85921,2
85922,2
85923,2
85924,2
85925,2
85926,2
85927,2
85928,2
85929,2
85930,2
85931,2
85932,2
85933,2
85934,2
85935,2
85936,2
85937,2
85938,2
85939,2
85940,2
85941,2
85942,2
85943,2
85944,2
85945,2
85946,2
85947,2
85948,2
85949,2
85950,2
85951,2
85952,2
85953,2
85954,2
85955,2
85956,2
85957,2
85958,2
85959,2
85960,2
85961,2
85962,3
85963,3
85964,2
85965,2
85966,2
85967,2
85968,2
85969,2
85970,2
85971,2
85972,3
85973,2
85974,2
85975,3
85976,2
85977,2
85978,2
85979,3
85980,2
85981,2
85982,2
85983,2
85984,2
85985,3
85986,2
85987,2
85988,2
85989,2
85990,2
85991,2
85992,2
85993,2
85994,2
85995,3
85996,2
85997,1
85998,1
85999,1
86000,2
86001,3
86002,2
86003,2
86004,3
86005,2
86006,2
86007,2
86008,2
86009,1
86010,2
86011,2
86012,2
86013,2
86014,2
86015,2
86016,2
86017,2
86018,2
86019,2
86020,2
86021,2
86022,2
86023,2
86024,2
86025,2
86026,2
86027,2
86028,2
86029,2
86030,2
86031,2
86032,2
86033,3
86034,2
86035,2
86036,2
86037,2
86038,2
86039,2
86040,2
86041,2
86042,2
86043,2
86044,2
86045,2
86046,2
86047,2
86048,2
86049,2
86050,2
86051,2
86052,3
86053,2
86054,3
86055,2
86056,2
86057,2
86058,2
86059,2
86060,2
86061,3
86062,2
86063,2
86064,2
86065,2
86066,3
86067,2
86068,2
86069,2
86070,2
86071,2
86072,2
86073,2
86074,2
86075,2
86076,2
86077,2
86078,2
86079,2
86080,2
86081,2
86082,2
86083,2
86084,2
86085,2
86086,2
86087,2
86088,2
86089,2
86090,2
86091,2
86092,2
86093,2
86094,2
86095,2
86096,3
86097,3
86098,3
86099,3
86100,3
86101,3
86102,3
86103,3
86104,2
86105,2
86106,2
86107,3
86108,3
86109,3
86110,2
86111,2
86112,2
86113,2
86114,3
86115,2
86116,3
86117,3
86118,2
86119,2
86120,2
86121,2
86122,2
86123,2
86124,2
86125,2
86126,2
86127,2
86128,2
86129,2
86130,2
86131,2
86132,2
86133,2
86134,2
86135,2
86136,2
86137,2
86138,2
86139,2
86140,2
86141,2
86142,3
86143,3
86144,3
86145,3
86146,2
86147,2
86148,2
86149,2
86150,2
86151,2
86152,2
86153,2
86154,2
86155,2
86156,2
86157,2
86158,2
86159,2
86160,3
86161,1
86162,2
86163,3
86164,1
86165,2
86166,2
86167,2
86168,1
86169,2
86170,2
86171,3
86172,3
86173,3
86174,2
86175,3
86176,2
86177,2
86178,2
86179,2
86180,1
86181,2
86182,2
86183,2
86184,2
86185,2
86186,2
86187,2
86188,2
86189,2
86190,2
86191,2
86192,2
86193,2
86194,2
86195,2
86196,2
86197,2
86198,3
86199,2
86200,2
86201,2
86202,2
86203,2
86204,2
86205,2
86206,2
86207,2
86208,2
86209,2
86210,2
86211,2
86212,2
86213,2
86214,2
86215,2
86216,2
86217,2
86218,2
86219,2
86220,2
86221,2
86222,2
86223,2
86224,2
86225,2
86226,2
86227,2
86228,2
86229,2
86230,2
86231,2
86232,2
86233,2
86234,2
86235,2
86236,2
86237,3
86238,2
86239,2
86240,2
86241,2
86242,2
86243,2
86244,2
86245,2
86246,2
86247,2
86248,2
86249,2
86250,2
86251,3
86252,2
86253,3
86254,2
86255,2
86256,2
86257,3
86258,3
86259,1
86260,3
86261,3
86262,2
86263,2
86264,2
86265,2
86266,2
86267,2
86268,2
86269,3
86270,2
86271,2
86272,3
86273,2
86274,3
86275,2
86276,3
86277,3
86278,2
86279,2
86280,2
86281,2
86282,2
86283,2
86284,2
86285,2
86286,2
86287,2
86288,2
86289,2
86290,2
86291,2
86292,3
86293,3
86294,3
86295,2
86296,2
86297,2
86298,2
86299,2
86300,2
86301,2
86302,2
86303,2
86304,2
86305,2
86306,2
86307,2
86308,2
86309,2
86310,2
86311,2
86312,2
86313,2
86314,3
86315,2
86316,2
86317,2
86318,2
86319,2
86320,2
86321,2
86322,2
86323,2
86324,2
86325,2
86326,2
86327,2
86328,3
86329,1
86330,1
86331,3
86332,2
86333,3
86334,3
86335,2
86336,2
86337,2
86338,2
86339,2
86340,2
86341,2
86342,2
86343,2
86344,2
86345,2
86346,2
86347,2
86348,2
86349,2
86350,2
86351,3
86352,2
86353,2
86354,2
86355,2
86356,2
86357,2
86358,2
86359,2
86360,2
86361,2
86362,2
86363,2
86364,2
86365,2
86366,3
86367,3
86368,3
86369,2
86370,2
86371,2
86372,2
86373,2
86374,2
86375,2
86376,2
86377,2
86378,2
86379,2
86380,2
86381,2
86382,2
86383,2
86384,2
86385,2
86386,2
86387,2
86388,2
86389,2
86390,3
86391,1
86392,2
86393,2
86394,2
86395,2
86396,2
86397,2
86398,2
86399,2
86400,2
86401,3
86402,2
86403,2
86404,2
86405,2
86406,2
86407,2
86408,2
86409,2
86410,2
86411,2
86412,2
86413,3
86414,2
86415,2
86416,2
86417,2
86418,2
86419,2
86420,2
86421,2
86422,2
86423,3
86424,3
86425,2
86426,2
86427,2
86428,2
86429,2
86430,2
86431,2
86432,2
86433,2
86434,2
86435,2
86436,2
86437,2
86438,2
86439,2
86440,2
86441,2
86442,2
86443,2
86444,2
86445,2
86446,2
86447,2
86448,2
86449,2
86450,2
86451,2
86452,2
86453,2
86454,2
86455,2
86456,2
86457,2
86458,2
86459,2
86460,2
86461,2
86462,2
86463,2
86464,2
86465,2
86466,2
86467,2
86468,2
86469,2
86470,2
86471,2
86472,2
86473,2
86474,2
86475,2
86476,2
86477,2
86478,2
86479,3
86480,2
86481,2
86482,3
86483,2
86484,2
86485,2
86486,2
86487,2
86488,2
86489,2
86490,2
86491,2
86492,2
86493,2
86494,2
86495,2
86496,2
86497,2
86498,2
86499,2
86500,2
86501,2
86502,3
86503,2
86504,2
86505,2
86506,2
86507,2
86508,2
86509,2
86510,2
86511,2
86512,2
86513,2
86514,2
86515,2
86516,2
86517,2
86518,2
86519,2
86520,2
86521,2
86522,2
86523,2
86524,3
86525,3
86526,2
86527,3
86528,3
86529,3
86530,3
86531,3
86532,3
86533,3
86534,2
86535,2
86536,2
86537,2
86538,2
86539,2
86540,2
86541,2
86542,2
86543,2
86544,2
86545,2
86546,2
86547,2
86548,2
86549,2
86550,3
86551,2
86552,2
86553,2
86554,2
86555,2
86556,2
86557,2
86558,2
86559,2
86560,2
86561,2
86562,3
86563,2
86564,2
86565,2
86566,2
86567,2
86568,2
86569,3
86570,3
86571,2
86572,3
86573,2
86574,2
86575,3
86576,3
86577,2
86578,3
86579,3
86580,2
86581,2
86582,2
86583,2
86584,2
86585,2
86586,2
86587,2
86588,2
86589,2
86590,2
86591,2
86592,2
86593,2
86594,2
86595,2
86596,2
86597,2
86598,2
86599,2
86600,2
86601,2
86602,2
86603,2
86604,2
86605,3
86606,2
86607,2
86608,3
86609,2
86610,2
86611,2
86612,2
86613,2
86614,2
86615,2
86616,2
86617,2
86618,2
86619,2
86620,2
86621,2
86622,2
86623,2
86624,2
86625,2
86626,2
86627,2
86628,2
86629,2
86630,3
86631,3
86632,2
86633,2
86634,2
86635,2
86636,2
86637,2
86638,2
86639,3
86640,2
86641,2
86642,2
86643,2
86644,2
86645,2
86646,2
86647,2
86648,2
86649,2
86650,2
86651,2
86652,3
86653,2
86654,2
86655,2
86656,2
86657,2
86658,2
86659,2
86660,2
86661,2
86662,2
86663,2
86664,2
86665,2
86666,3
86667,2
86668,3
86669,3
86670,2
86671,3
86672,3
86673,3
86674,2
86675,3
86676,2
86677,2
86678,2
86679,2
86680,2
86681,2
86682,2
86683,2
86684,2
86685,2
86686,2
86687,2
86688,2
86689,2
86690,2
86691,2
86692,2
86693,2
86694,2
86695,2
86696,2
86697,2
86698,2
86699,2
86700,2
86701,2
86702,2
86703,2
86704,2
86705,2
86706,2
86707,2
86708,2
86709,2
86710,2
86711,2
86712,2
86713,2
86714,2
86715,2
86716,2
86717,2
86718,2
86719,2
86720,2
86721,2
86722,2
86723,2
86724,2
86725,2
86726,2
86727,2
86728,2
86729,2
86730,2
86731,2
86732,2
86733,2
86734,2
86735,2
86736,2
86737,2
86738,2
86739,2
86740,2
86741,2
86742,2
86743,2
86744,2
86745,3
86746,3
86747,3
86748,2
86749,2
86750,2
86751,2
86752,2
86753,3
86754,2
86755,2
86756,2
86757,2
86758,2
86759,2
86760,3
86761,2
86762,2
86763,2
86764,2
86765,2
86766,2
86767,2
86768,2
86769,2
86770,2
86771,2
86772,2
86773,2
86774,2
86775,2
86776,2
86777,3
86778,2
86779,2
86780,2
86781,2
86782,1
86783,2
86784,2
86785,2
86786,2
86787,2
86788,2
86789,2
86790,2
86791,2
86792,3
86793,1
86794,2
86795,3
86796,2
86797,2
86798,2
86799,2
86800,2
86801,2
86802,2
86803,2
86804,2
86805,2
86806,2
86807,2
86808,3
86809,2
86810,2
86811,2
86812,2
86813,2
86814,2
86815,2
86816,2
86817,2
86818,2
86819,2
86820,2
86821,2
86822,2
86823,2
86824,2
86825,2
86826,2
86827,2
86828,2
86829,2
86830,2
86831,2
86832,2
86833,2
86834,2
86835,2
86836,2
86837,2
86838,2
86839,2
86840,2
86841,2
86842,2
86843,2
86844,2
86845,3
86846,2
86847,2
86848,2
86849,2
86850,2
86851,2
86852,2
86853,2
86854,2
86855,2
86856,2
86857,2
86858,2
86859,2
86860,2
86861,2
86862,2
86863,2
86864,2
86865,2
86866,2
86867,2
86868,2
86869,2
86870,2
86871,3
86872,3
86873,2
86874,2
86875,2
86876,2
86877,2
86878,2
86879,2
86880,2
86881,2
86882,2
86883,2
86884,3
86885,3
86886,2
86887,3
86888,2
86889,2
86890,2
86891,2
86892,2
86893,2
86894,2
86895,2
86896,2
86897,2
86898,2
86899,2
86900,2
86901,2
86902,2
86903,2
86904,2
86905,2
86906,2
86907,2
86908,2
86909,1
86910,3
86911,3
86912,3
86913,1
86914,2
86915,3
86916,2
86917,3
86918,3
86919,2
86920,3
86921,3
86922,2
86923,2
86924,2
86925,2
86926,2
86927,2
86928,2
86929,2
86930,2
86931,2
86932,2
86933,2
86934,2
86935,2
86936,2
86937,2
86938,2
86939,2
86940,2
86941,2
86942,2
86943,2
86944,2
86945,2
86946,2
86947,2
86948,2
86949,2
86950,2
86951,2
86952,2
86953,2
86954,2
86955,2
86956,2
86957,2
86958,2
86959,2
86960,2
86961,2
86962,2
86963,2
86964,2
86965,2
86966,2
86967,2
86968,2
86969,2
86970,2
86971,2
86972,2
86973,2
86974,2
86975,2
86976,2
86977,2
86978,2
86979,2
86980,2
86981,2
86982,2
86983,2
86984,2
86985,2
86986,2
86987,2
86988,3
86989,2
86990,2
86991,2
86992,2
86993,3
86994,2
86995,2
86996,3
86997,2
86998,2
86999,2
87000,2
87001,2
87002,2
87003,2
87004,2
87005,2
87006,2
87007,2
87008,2
87009,2
87010,2
87011,2
87012,2
87013,2
87014,2
87015,2
87016,2
87017,2
87018,2
87019,2
87020,2
87021,2
87022,2
87023,2
87024,2
87025,2
87026,2
87027,2
87028,2
87029,2
87030,2
87031,2
87032,2
87033,2
87034,2
87035,2
87036,2
87037,2
87038,2
87039,2
87040,2
87041,2
87042,2
87043,2
87044,2
87045,2
87046,2
87047,2
87048,2
87049,2
87050,2
87051,2
87052,2
87053,2
87054,2
87055,2
87056,2
87057,2
87058,2
87059,2
87060,2
87061,2
87062,2
87063,2
87064,2
87065,2
87066,2
87067,2
87068,2
87069,2
87070,2
87071,2
87072,2
87073,2
87074,2
87075,2
87076,2
87077,2
87078,2
87079,2
87080,3
87081,2
87082,2
87083,2
87084,2
87085,2
87086,4
87087,2
87088,2
87089,2
87090,2
87091,2
87092,2
87093,2
87094,2
87095,2
87096,2
87097,2
87098,3
87099,3
87100,3
87101,3
87102,2
87103,2
87104,2
87105,2
87106,2
87107,2
87108,2
87109,2
87110,2
87111,3
87112,3
87113,2
87114,3
87115,3
87116,2
87117,3
87118,2
87119,3
87120,2
87121,2
87122,3
87123,3
87124,3
87125,3
87126,3
87127,2
87128,2
87129,2
87130,2
87131,2
87132,2
87133,2
87134,2
87135,2
87136,2
87137,2
87138,2
87139,2
87140,2
87141,2
87142,2
87143,2
87144,2
87145,3
87146,1
87147,2
87148,2
87149,3
87150,2
87151,2
87152,2
87153,2
87154,2
87155,2
87156,2
87157,2
87158,2
87159,2
87160,2
87161,2
87162,2
87163,3
87164,2
87165,2
87166,2
87167,2
87168,2
87169,2
87170,2
87171,2
87172,2
87173,2
87174,2
87175,2
87176,3
87177,2
87178,2
87179,2
87180,2
87181,2
87182,2
87183,2
87184,2
87185,2
87186,2
87187,2
87188,2
87189,2
87190,2
87191,2
87192,2
87193,2
87194,2
87195,2
87196,2
87197,2
87198,2
87199,2
87200,2
87201,2
87202,2
87203,2
87204,2
87205,2
87206,2
87207,3
87208,2
87209,2
87210,2
87211,3
87212,2
87213,1
87214,2
87215,2
87216,2
87217,2
87218,2
87219,2
87220,2
87221,2
87222,2
87223,2
87224,3
87225,2
87226,2
87227,2
87228,2
87229,2
87230,2
87231,2
87232,2
87233,2
87234,2
87235,2
87236,3
87237,2
87238,2
87239,2
87240,1
87241,2
87242,2
87243,3
87244,3
87245,4
87246,2
87247,2
87248,2
87249,2
87250,2
87251,2
87252,2
87253,3
87254,2
87255,2
87256,3
87257,2
87258,2
87259,2
87260,2
87261,2
87262,2
87263,2
87264,2
87265,2
87266,2
87267,2
87268,2
87269,2
87270,2
87271,2
87272,2
87273,2
87274,2
87275,2
87276,2
87277,2
87278,2
87279,2
87280,2
87281,2
87282,2
87283,2
87284,2
87285,2
87286,2
87287,2
87288,2
87289,2
87290,2
87291,2
87292,2
87293,2
87294,2
87295,2
87296,2
87297,2
87298,2
87299,2
87300,3
87301,2
87302,2
87303,2
87304,2
87305,2
87306,5
87307,2
87308,2
87309,2
87310,2
87311,2
87312,2
87313,2
87314,2
87315,2
87316,2
87317,2
87318,2
87319,3
87320,2
87321,2
87322,2
87323,2
87324,2
87325,2
87326,2
87327,2
87328,2
87329,2
87330,2
87331,2
87332,2
87333,2
87334,2
87335,2
87336,2
87337,2
87338,3
87339,2
87340,2
87341,2
87342,2
87343,2
87344,2
87345,2
87346,2
87347,2
87348,2
87349,2
87350,2
87351,2
87352,2
87353,2
87354,2
87355,2
87356,2
87357,2
87358,2
87359,2
87360,2
87361,2
87362,2
87363,2
87364,2
87365,2
87366,2
87367,2
87368,3
87369,3
87370,2
87371,2
87372,2
87373,2
87374,3
87375,3
87376,2
87377,2
87378,3
87379,3
87380,2
87381,2
87382,2
87383,2
87384,2
87385,2
87386,2
87387,2
87388,2
87389,2
87390,2
87391,2
87392,2
87393,2
87394,2
87395,3
87396,2
87397,2
87398,2
87399,2
87400,2
87401,3
87402,3
87403,2
87404,2
87405,2
87406,2
87407,2
87408,2
87409,2
87410,2
87411,2
87412,2
87413,2
87414,2
87415,2
87416,2
87417,2
87418,2
87419,2
87420,2
87421,2
87422,3
87423,2
87424,2
87425,2
87426,2
87427,2
87428,2
87429,2
87430,3
87431,3
87432,2
87433,2
87434,2
87435,2
87436,2
87437,2
87438,2
87439,2
87440,2
87441,2
87442,2
87443,2
87444,2
87445,2
87446,2
87447,2
87448,2
87449,2
87450,2
87451,2
87452,3
87453,2
87454,3
87455,1
87456,2
87457,2
87458,2
87459,2
87460,2
87461,2
87462,2
87463,2
87464,2
87465,3
87466,2
87467,3
87468,3
87469,3
87470,1
87471,1
87472,2
87473,2
87474,2
87475,2
87476,2
87477,2
87478,2
87479,2
87480,1
87481,1
87482,1
87483,1
87484,1
87485,1
87486,1
87487,2
87488,1
87489,2
87490,3
87491,2
87492,2
87493,2
87494,1
87495,1
87496,1
87497,1
87498,1
87499,1
87500,1
87501,1
87502,2
87503,2
87504,2
87505,1
87506,2
87507,2
87508,2
87509,2
87510,2
87511,2
87512,2
87513,1
87514,1
87515,3
87516,3
87517,3
87518,2
87519,3
87520,3
87521,2
87522,2
87523,2
87524,3
87525,3
87526,3
87527,3
87528,3
87529,3
87530,1
87531,2
87532,3
87533,3
87534,0
87535,2
87536,0
87537,2
87538,3
87539,2
87540,3
87541,2
87542,2
87543,3
87544,2
87545,1
87546,3
87547,3
87548,2
87549,2
87550,2
87551,2
87552,2
87553,2
87554,2
87555,2
87556,2
87557,2
87558,2
87559,2
87560,2
87561,2
87562,2
87563,2
87564,0
87565,3
87566,2
87567,3
87568,2
87569,3
87570,2
87571,3
87572,3
87573,3
87574,2
87575,2
87576,3
87577,2
87578,2
87579,2
87580,2
87581,2
87582,2
87583,2
87584,2
87585,2
87586,2
87587,2
87588,2
87589,2
87590,0
87591,0
87592,2
87593,3
87594,2
87595,2
87596,2
87597,2
87598,0
87599,2
87600,3
87601,2
87602,1
87603,3
87604,1
87605,3
87606,1
87607,1
87608,2
87609,2
87610,3
87611,2
87612,2
87613,2
87614,2
87615,2
87616,2
87617,1
87618,1
87619,3
87620,2
87621,2
87622,2
87623,2
87624,2
87625,2
87626,2
87627,2
87628,2
87629,3
87630,3
87631,2
87632,3
87633,3
87634,2
87635,3
87636,3
87637,2
87638,3
87639,3
87640,3
87641,3
87642,2
87643,3
87644,3
87645,3
87646,3
87647,3
87648,2
87649,2
87650,2
87651,1
87652,2
87653,2
87654,2
87655,2
87656,3
87657,2
87658,2
87659,2
87660,2
87661,2
87662,2
87663,2
87664,2
87665,3
87666,3
87667,3
87668,2
87669,2
87670,2
87671,2
87672,3
87673,3
87674,3
87675,1
87676,1
87677,2
87678,2
87679,2
87680,2
87681,3
87682,2
87683,2
87684,2
87685,3
87686,2
87687,2
87688,2
87689,2
87690,2
87691,2
87692,2
87693,2
87694,2
87695,2
87696,2
87697,1
87698,1
87699,2
87700,3
87701,2
87702,1
87703,2
87704,2
87705,2
87706,2
87707,3
87708,3
87709,3
87710,2
87711,3
87712,2
87713,2
87714,1
87715,2
87716,2
87717,2
87718,3
87719,0
87720,3
87721,2
87722,2
87723,3
87724,2
87725,2
87726,1
87727,1
87728,3
87729,3
87730,3
87731,2
87732,1
87733,3
87734,3
87735,3
87736,1
87737,1
87738,1
87739,1
87740,3
87741,3
87742,3
87743,2
87744,2
87745,2
87746,3
87747,3
87748,2
87749,1
87750,1
87751,3
87752,3
87753,2
87754,3
87755,3
87756,1
87757,2
87758,1
87759,2
87760,2
87761,2
87762,2
87763,2
87764,2
87765,2
87766,2
87767,2
87768,2
87769,2
87770,2
87771,2
87772,2
87773,2
87774,2
87775,3
87776,2
87777,2
87778,2
87779,2
87780,2
87781,2
87782,2
87783,2
87784,2
87785,2
87786,2
87787,2
87788,2
87789,2
87790,2
87791,2
87792,2
87793,2
87794,2
87795,2
87796,2
87797,2
87798,2
87799,2
87800,2
87801,2
87802,2
87803,2
87804,2
87805,3
87806,1
87807,1
87808,1
87809,2
87810,2
87811,2
87812,2
87813,2
87814,2
87815,2
87816,3
87817,2
87818,2
87819,2
87820,1
87821,1
87822,2
87823,2
87824,2
87825,2
87826,1
87827,1
87828,1
87829,2
87830,2
87831,2
87832,2
87833,2
87834,2
87835,2
87836,2
87837,2
87838,2
87839,2
87840,2
87841,2
87842,2
87843,2
87844,2
87845,2
87846,2
87847,2
87848,2
87849,2
87850,2
87851,2
87852,2
87853,2
87854,2
87855,2
87856,2
87857,2
87858,2
87859,2
87860,2
87861,2
87862,3
87863,2
87864,2
87865,2
87866,2
87867,2
87868,2
87869,3
87870,2
87871,2
87872,3
87873,3
87874,3
87875,2
87876,2
87877,2
87878,3
87879,2
87880,2
87881,2
87882,2
87883,3
87884,2
87885,3
87886,3
87887,2
87888,2
87889,2
87890,2
87891,3
87892,2
87893,2
87894,2
87895,2
87896,2
87897,2
87898,2
87899,2
87900,2
87901,2
87902,2
87903,2
87904,2
87905,2
87906,2
87907,2
87908,2
87909,2
87910,2
87911,3
87912,3
87913,3
87914,2
87915,2
87916,2
87917,2
87918,2
87919,2
87920,2
87921,2
87922,2
87923,2
87924,2
87925,2
87926,2
87927,2
87928,2
87929,3
87930,2
87931,2
87932,2
87933,2
87934,2
87935,2
87936,1
87937,2
87938,3
87939,2
87940,2
87941,2
87942,3
87943,2
87944,2
87945,2
87946,2
87947,2
87948,2
87949,2
87950,3
87951,2
87952,2
87953,2
87954,2
87955,3
87956,3
87957,2
87958,2
87959,3
87960,2
87961,2
87962,2
87963,2
87964,2
87965,3
87966,2
87967,2
87968,1
87969,1
87970,2
87971,2
87972,2
87973,2
87974,2
87975,2
87976,2
87977,2
87978,2
87979,2
87980,2
87981,2
87982,2
87983,2
87984,2
87985,2
87986,2
87987,2
87988,2
87989,2
87990,2
87991,2
87992,2
87993,1
87994,1
87995,2
87996,0
87997,2
87998,2
87999,2
88000,1
88001,1
88002,2
88003,2
88004,2
88005,2
88006,2
88007,3
88008,2
88009,2
88010,2
88011,2
88012,3
88013,3
88014,2
88015,3
88016,1
88017,2
88018,2
88019,2
88020,1
88021,2
88022,2
88023,2
88024,2
88025,2
88026,2
88027,2
88028,2
88029,2
88030,2
88031,2
88032,2
88033,2
88034,3
88035,2
88036,3
88037,3
88038,3
88039,1
88040,2
88041,3
88042,2
88043,2
88044,2
88045,2
88046,2
88047,2
88048,2
88049,2
88050,2
88051,3
88052,3
88053,3
88054,2
88055,2
88056,2
88057,2
88058,2
88059,2
88060,2
88061,2
88062,3
88063,2
88064,1
88065,1
88066,2
88067,2
88068,2
88069,2
88070,2
88071,2
88072,2
88073,2
88074,2
88075,3
88076,3
88077,2
88078,2
88079,2
88080,3
88081,2
88082,2
88083,2
88084,1
88085,2
88086,3
88087,2
88088,2
88089,2
88090,1
88091,1
88092,1
88093,3
88094,2
88095,2
88096,2
88097,2
88098,2
88099,2
88100,2
88101,2
88102,3
88103,2
88104,3
88105,1
88106,1
88107,3
88108,3
88109,2
88110,3
88111,2
88112,2
88113,2
88114,2
88115,2
88116,2
88117,2
88118,2
88119,3
88120,3
88121,1
88122,2
88123,2
88124,2
88125,2
88126,2
88127,2
88128,3
88129,0
88130,3
88131,2
88132,2
88133,3
88134,3
88135,2
88136,1
88137,1
88138,1
88139,1
88140,1
88141,1
88142,1
88143,3
88144,1
88145,2
88146,2
88147,1
88148,3
88149,2
88150,2
88151,2
88152,2
88153,2
88154,2
88155,1
88156,3
88157,2
88158,2
88159,2
88160,3
88161,2
88162,2
88163,3
88164,2
88165,2
88166,2
88167,2
88168,1
88169,1
88170,1
88171,1
88172,2
88173,2
88174,2
88175,2
88176,2
88177,2
88178,3
88179,3
88180,1
88181,3
88182,3
88183,3
88184,3
88185,3
88186,3
88187,3
88188,3
88189,3
88190,3
88191,3
88192,3
88193,3
88194,3
88195,3
88196,3
88197,3
88198,3
88199,3
88200,3
88201,3
88202,2
88203,2
88204,2
88205,2
88206,2
88207,3
88208,2
88209,2
88210,1
88211,3
88212,3
88213,3
88214,3
88215,3
88216,3
88217,1
88218,3
88219,3
88220,3
88221,3
88222,2
88223,3
88224,3
88225,0
88226,3
88227,0
88228,3
88229,3
88230,3
88231,2
88232,2
88233,3
88234,3
88235,2
88236,2
88237,3
88238,2
88239,2
88240,3
88241,3
88242,1
88243,3
88244,3
88245,3
88246,3
88247,3
88248,2
88249,2
88250,2
88251,2
88252,2
88253,2
88254,2
88255,3
88256,3
88257,3
88258,2
88259,2
88260,3
88261,3
88262,2
88263,2
88264,2
88265,2
88266,3
88267,2
88268,3
88269,2
88270,2
88271,3
88272,3
88273,2
88274,3
88275,3
88276,2
88277,3
88278,3
88279,3
88280,2
88281,3
88282,2
88283,3
88284,2
88285,2
88286,2
88287,3
88288,3
88289,3
88290,3
88291,3
88292,3
88293,2
88294,2
88295,3
88296,3
88297,3
88298,3
88299,3
88300,0
88301,0
88302,0
88303,0
88304,0
88305,0
88306,0
88307,0
88308,3
88309,0
88310,0
88311,0
88312,3
88313,0
88314,0
88315,0
88316,3
88317,3
88318,2
88319,3
88320,3
88321,3
88322,3
88323,3
88324,3
88325,3
88326,3
88327,3
88328,3
88329,3
88330,3
88331,3
88332,3
88333,3
88334,3
88335,3
88336,3
88337,2
88338,1
88339,3
88340,3
88341,3
88342,3
88343,3
88344,3
88345,3
88346,2
88347,3
88348,3
88349,3
88350,2
88351,2
88352,2
88353,2
88354,3
88355,2
88356,3
88357,2
88358,3
88359,3
88360,3
88361,3
88362,3
88363,2
88364,3
88365,0
88366,3
88367,2
88368,2
88369,1
88370,3
88371,3
88372,3
88373,2
88374,2
88375,3
88376,3
88377,3
88378,3
88379,3
88380,0
88381,3
88382,3
88383,3
88384,0
88385,1
88386,1
88387,3
88388,3
88389,3
88390,3
88391,0
88392,3
88393,3
88394,0
88395,3
88396,3
88397,3
88398,3
88399,3
88400,2
88401,3
88402,3
88403,3
88404,3
88405,3
88406,3
88407,3
88408,1
88409,3
88410,3
88411,2
88412,3
88413,3
88414,3
88415,2
88416,3
88417,3
88418,0
88419,3
88420,0
88421,3
88422,2
88423,2
88424,3
88425,3
88426,3
88427,2
88428,3
88429,3
88430,3
88431,3
88432,3
88433,1
88434,3
88435,2
88436,3
88437,3
88438,3
88439,1
88440,3
88441,3
88442,3
88443,2
88444,3
88445,3
88446,0
88447,0
88448,2
88449,3
88450,3
88451,3
88452,3
88453,3
88454,3
88455,3
88456,3
88457,3
88458,3
88459,3
88460,1
88461,3
88462,3
88463,3
88464,3
88465,3
88466,3
88467,2
88468,0
88469,3
88470,3
88471,3
88472,3
88473,3
88474,0
88475,3
88476,3
88477,0
88478,2
88479,0
88480,0
88481,0
88482,3
88483,3
88484,3
88485,2
88486,2
88487,3
88488,3
88489,3
88490,3
88491,0
88492,0
88493,3
88494,3
88495,0
88496,3
88497,3
88498,2
88499,3
88500,3
88501,3
88502,3
88503,3
88504,3
88505,0
88506,1
88507,0
88508,0
88509,0
88510,0
88511,3
88512,3
88513,3
88514,0
88515,0
88516,3
88517,3
88518,0
88519,3
88520,3
88521,3
88522,3
88523,0
88524,3
88525,3
88526,3
88527,3
88528,3
88529,3
88530,3
88531,3
88532,3
88533,3
88534,3
88535,3
88536,3
88537,3
88538,3
88539,3
88540,0
88541,0
88542,0
88543,0
88544,0
88545,2
88546,2
88547,3
88548,1
88549,3
88550,3
88551,3
88552,0
88553,1
88554,3
88555,3
88556,2
88557,2
88558,2
88559,3
88560,3
88561,2
88562,3
88563,2
88564,3
88565,3
88566,2
88567,2
88568,2
88569,3
88570,3
88571,3
88572,3
88573,2
88574,3
88575,2
88576,2
88577,3
88578,3
88579,3
88580,3
88581,3
88582,3
88583,3
88584,3
88585,3
88586,3
88587,1
88588,3
88589,3
88590,3
88591,3
88592,0
88593,0
88594,0
88595,1
88596,3
88597,3
88598,3
88599,3
88600,3
88601,3
88602,3
88603,3
88604,3
88605,2
88606,3
88607,3
88608,3
88609,3
88610,3
88611,3
88612,3
88613,3
88614,3
88615,3
88616,3
88617,2
88618,3
88619,3
88620,3
88621,3
88622,3
88623,3
88624,2
88625,3
88626,3
88627,3
88628,2
88629,1
88630,3
88631,1
88632,3
88633,3
88634,3
88635,3
88636,3
88637,1
88638,3
88639,3
88640,3
88641,1
88642,3
88643,3
88644,3
88645,3
88646,3
88647,3
88648,1
88649,1
88650,3
88651,2
88652,3
88653,2
88654,3
88655,1
88656,2
88657,2
88658,2
88659,2
88660,3
88661,2
88662,3
88663,1
88664,0
88665,2
88666,3
88667,1
88668,2
88669,2
88670,2
88671,0
88672,0
88673,0
88674,0
88675,2
88676,1
88677,1
88678,3
88679,3
88680,3
88681,3
88682,3
88683,2
88684,3
88685,3
88686,2
88687,2
88688,2
88689,2
88690,0
88691,3
88692,0
88693,0
88694,0
88695,0
88696,3
88697,3
88698,1
88699,0
88700,3
88701,3
88702,2
88703,2
88704,2
88705,3
88706,3
88707,0
88708,3
88709,3
88710,3
88711,3
88712,3
88713,3
88714,3
88715,3
88716,3
88717,3
88718,2
88719,0
88720,0
88721,3
88722,0
88723,0
88724,3
88725,2
88726,2
88727,3
88728,2
88729,3
88730,2
88731,2
88732,2
88733,2
88734,3
88735,2
88736,2
88737,2
88738,2
88739,1
88740,3
88741,2
88742,3
88743,2
88744,2
88745,2
88746,3
88747,2
88748,2
88749,2
88750,2
88751,3
88752,3
88753,3
88754,1
88755,3
88756,3
88757,2
88758,3
88759,2
88760,3
88761,3
88762,3
88763,3
88764,3
88765,3
88766,3
88767,3
88768,3
88769,1
88770,1
88771,1
88772,0
88773,3
88774,3
88775,2
88776,1
88777,1
88778,2
88779,3
88780,3
88781,3
88782,3
88783,3
88784,3
88785,2
88786,2
88787,1
88788,3
88789,3
88790,3
88791,3
88792,2
88793,1
88794,2
88795,3
88796,2
88797,3
88798,3
88799,2
88800,2
88801,3
88802,3
88803,3
88804,3
88805,1
88806,1
88807,1
88808,3
88809,2
88810,3
88811,3
88812,1
88813,3
88814,3
88815,2
88816,3
88817,3
88818,3
88819,3
88820,2
88821,3
88822,3
88823,3
88824,3
88825,3
88826,1
88827,3
88828,3
88829,2
88830,3
88831,1
88832,1
88833,3
88834,0
88835,1
88836,3
88837,3
88838,3
88839,2
88840,1
88841,3
88842,1
88843,0
88844,1
88845,0
88846,3
88847,3
88848,3
88849,0
88850,3
88851,3
88852,2
88853,3
88854,1
88855,3
88856,2
88857,3
88858,3
88859,1
88860,3
88861,3
88862,3
88863,3
88864,3
88865,1
88866,3
88867,3
88868,3
88869,3
88870,3
88871,3
88872,3
88873,3
88874,3
88875,3
88876,3
88877,3
88878,3
88879,3
88880,3
88881,3
88882,3
88883,1
88884,3
88885,3
88886,3
88887,3
88888,1
88889,1
88890,3
88891,3
88892,3
88893,0
88894,0
88895,1
88896,1
88897,2
88898,3
88899,3
88900,1
88901,1
88902,3
88903,1
88904,1
88905,1
88906,0
88907,0
88908,3
88909,1
88910,3
88911,3
88912,1
88913,3
88914,3
88915,2
88916,3
88917,3
88918,0
88919,0
88920,0
88921,3
88922,3
88923,3
88924,3
88925,3
88926,3
88927,3
88928,3
88929,2
88930,3
88931,4
88932,2
88933,2
88934,2
88935,2
88936,3
88937,2
88938,2
88939,2
88940,3
88941,2
88942,2
88943,2
88944,2
88945,3
88946,2
88947,2
88948,2
88949,3
88950,2
88951,2
88952,2
88953,3
88954,2
88955,3
88956,2
88957,3
88958,3
88959,2
88960,2
88961,2
88962,2
88963,2
88964,2
88965,3
88966,2
88967,1
88968,3
88969,1
88970,3
88971,3
88972,2
88973,3
88974,2
88975,2
88976,3
88977,3
88978,2
88979,3
88980,2
88981,2
88982,2
88983,2
88984,2
88985,2
88986,2
88987,2
88988,3
88989,3
88990,3
88991,3
88992,2
88993,2
88994,3
88995,3
88996,3
88997,3
88998,3
88999,2
89000,3
89001,3
89002,3
89003,1
89004,2
89005,2
89006,2
89007,3
89008,3
89009,1
89010,1
89011,1
89012,1
89013,1
89014,3
89015,1
89016,1
89017,1
89018,1
89019,1
89020,1
89021,3
89022,3
89023,3
89024,3
89025,3
89026,1
89027,1
89028,3
89029,3
89030,3
89031,1
89032,1
89033,3
89034,3
89035,3
89036,3
89037,1
89038,3
89039,2
89040,1
89041,3
89042,3
89043,3
89044,3
89045,3
89046,3
89047,3
89048,1
89049,3
89050,3
89051,3
89052,3
89053,3
89054,3
89055,3
89056,3
89057,3
89058,3
89059,3
89060,3
89061,2
89062,1
89063,3
89064,2
89065,2
89066,3
89067,3
89068,3
89069,3
89070,3
89071,3
89072,2
89073,3
89074,3
89075,3
89076,3
89077,1
89078,3
89079,3
89080,1
89081,3
89082,3
89083,3
89084,1
89085,3
89086,1
89087,1
89088,3
89089,3
89090,0
89091,0
89092,0
89093,3
89094,3
89095,3
89096,2
89097,3
89098,3
89099,3
89100,3
89101,2
89102,1
89103,1
89104,3
89105,1
89106,3
89107,1
89108,3
89109,1
89110,1
89111,2
89112,3
89113,3
89114,3
89115,3
89116,1
89117,1
89118,3
89119,3
89120,1
89121,1
89122,3
89123,3
89124,3
89125,1
89126,1
89127,1
89128,3
89129,3
89130,3
89131,3
89132,1
89133,3
89134,3
89135,1
89136,1
89137,0
89138,3
89139,3
89140,2
89141,3
89142,3
89143,3
89144,0
89145,1
89146,3
89147,3
89148,3
89149,3
89150,3
89151,3
89152,3
89153,3
89154,3
89155,2
89156,2
89157,2
89158,3
89159,3
89160,3
89161,2
89162,1
89163,3
89164,2
89165,2
89166,3
89167,3
89168,2
89169,2
89170,3
89171,3
89172,2
89173,3
89174,1
89175,1
89176,3
89177,3
89178,3
89179,2
89180,2
89181,3
89182,1
89183,3
89184,3
89185,3
89186,2
89187,2
89188,2
89189,3
89190,2
89191,2
89192,2
89193,2
89194,2
89195,3
89196,3
89197,3
89198,3
89199,3
89200,3
89201,2
89202,2
89203,3
89204,3
89205,3
89206,3
89207,2
89208,2
89209,2
89210,3
89211,3
89212,3
89213,2
89214,2
89215,3
89216,3
89217,3
89218,3
89219,3
89220,3
89221,3
89222,3
89223,3
89224,3
89225,3
89226,3
89227,3
89228,3
89229,3
89230,2
89231,2
89232,1
89233,2
89234,3
89235,3
89236,3
89237,2
89238,3
89239,3
89240,3
89241,3
89242,1
89243,3
89244,3
89245,1
89246,2
89247,3
89248,3
89249,3
89250,2
89251,2
89252,3
89253,3
89254,3
89255,3
89256,2
89257,3
89258,1
89259,2
89260,3
89261,3
89262,3
89263,3
89264,3
89265,2
89266,3
89267,2
89268,3
89269,2
89270,3
89271,3
89272,0
89273,3
89274,3
89275,2
89276,3
89277,3
89278,3
89279,3
89280,3
89281,2
89282,3
89283,3
89284,3
89285,3
89286,2
89287,1
89288,2
89289,3
89290,2
89291,2
89292,2
89293,2
89294,4
89295,2
89296,2
89297,4
89298,2
89299,2
89300,2
89301,2
89302,2
89303,2
89304,2
89305,2
89306,2
89307,2
89308,2
89309,2
89310,2
89311,2
89312,2
89313,2
89314,3
89315,2
89316,2
89317,2
89318,2
89319,2
89320,4
89321,2
89322,2
89323,2
89324,3
89325,2
89326,2
89327,2
89328,2
89329,0
89330,2
89331,2
89332,2
89333,2
89334,2
89335,2
89336,2
89337,2
89338,2
89339,2
89340,2
89341,2
89342,2
89343,2
89344,2
89345,2
89346,2
89347,2
89348,2
89349,2
89350,2
89351,2
89352,2
89353,2
89354,2
89355,2
89356,2
89357,2
89358,2
89359,2
89360,2
89361,2
89362,2
89363,2
89364,2
89365,2
89366,2
89367,2
89368,2
89369,2
89370,2
89371,2
89372,2
89373,2
89374,2
89375,2
89376,2
89377,2
89378,2
89379,2
89380,2
89381,2
89382,2
89383,2
89384,2
89385,2
89386,2
89387,2
89388,2
89389,2
89390,2
89391,2
89392,2
89393,2
89394,2
89395,2
89396,2
89397,2
89398,2
89399,2
89400,2
89401,2
89402,2
89403,2
89404,2
89405,2
89406,2
89407,2
89408,2
89409,4
89410,3
89411,2
89412,2
89413,2
89414,2
89415,2
89416,2
89417,2
89418,2
89419,2
89420,2
89421,2
89422,2
89423,2
89424,2
89425,2
89426,2
89427,2
89428,2
89429,2
89430,2
89431,2
89432,2
89433,2
89434,2
89435,2
89436,2
89437,2
89438,2
89439,2
89440,2
89441,2
89442,2
89443,2
89444,2
89445,2
89446,2
89447,2
89448,2
89449,2
89450,2
89451,2
89452,2
89453,2
89454,2
89455,2
89456,2
89457,2
89458,2
89459,2
89460,2
89461,2
89462,2
89463,2
89464,2
89465,2
89466,2
89467,2
89468,2
89469,2
89470,2
89471,2
89472,2
89473,2
89474,2
89475,2
89476,2
89477,2
89478,2
89479,2
89480,2
89481,2
89482,2
89483,2
89484,2
89485,2
89486,2
89487,2
89488,2
89489,2
89490,2
89491,2
89492,2
89493,2
89494,2
89495,2
89496,2
89497,2
89498,2
89499,2
89500,2
89501,2
89502,2
89503,2
89504,2
89505,2
89506,2
89507,2
89508,2
89509,2
89510,2
89511,2
89512,2
89513,2
89514,2
89515,2
89516,2
89517,2
89518,2
89519,2
89520,2
89521,2
89522,2
89523,2
89524,2
89525,2
89526,2
89527,2
89528,2
89529,2
89530,2
89531,2
89532,2
89533,2
89534,2
89535,2
89536,2
89537,2
89538,2
89539,2
89540,2
89541,2
89542,2
89543,2
89544,2
89545,2
89546,2
89547,2
89548,2
89549,2
89550,2
89551,2
89552,2
89553,2
89554,2
89555,2
89556,2
89557,2
89558,2
89559,2
89560,2
89561,2
89562,2
89563,2
89564,2
89565,2
89566,2
89567,2
89568,2
89569,2
89570,2
89571,2
89572,2
89573,2
89574,2
89575,2
89576,2
89577,2
89578,2
89579,2
89580,2
89581,2
89582,2
89583,2
89584,2
89585,2
89586,2
89587,2
89588,2
89589,2
89590,2
89591,2
89592,2
89593,2
89594,2
89595,2
89596,2
89597,2
89598,2
89599,2
89600,2
89601,2
89602,2
89603,2
89604,2
89605,2
89606,2
89607,2
89608,2
89609,2
89610,2
89611,2
89612,2
89613,2
89614,2
89615,2
89616,2
89617,2
89618,2
89619,2
89620,2
89621,2
89622,2
89623,2
89624,2
89625,2
89626,2
89627,2
89628,2
89629,2
89630,2
89631,2
89632,2
89633,2
89634,2
89635,2
89636,2
89637,2
89638,2
89639,2
89640,2
89641,2
89642,2
89643,2
89644,2
89645,2
89646,2
89647,2
89648,2
89649,2
89650,2
89651,2
89652,2
89653,2
89654,2
89655,2
89656,2
89657,2
89658,2
89659,2
89660,2
89661,2
89662,2
89663,2
89664,2
89665,2
89666,2
89667,2
89668,2
89669,2
89670,2
89671,2
89672,2
89673,2
89674,2
89675,2
89676,2
89677,2
89678,2
89679,2
89680,2
89681,2
89682,2
89683,2
89684,2
89685,2
89686,2
89687,2
89688,2
89689,2
89690,2
89691,2
89692,2
89693,2
89694,2
89695,2
89696,2
89697,2
89698,2
89699,2
89700,2
89701,2
89702,2
89703,2
89704,2
89705,2
89706,2
89707,2
89708,2
89709,2
89710,2
89711,2
89712,2
89713,2
89714,2
89715,2
89716,2
89717,2
89718,2
89719,2
89720,2
89721,2
89722,2
89723,2
89724,2
89725,2
89726,2
89727,2
89728,2
89729,2
89730,2
89731,2
89732,2
89733,2
89734,2
89735,2
89736,2
89737,2
89738,2
89739,2
89740,2
89741,2
89742,2
89743,2
89744,2
89745,2
89746,2
89747,2
89748,2
89749,2
89750,2
89751,2
89752,2
89753,2
89754,2
89755,2
89756,2
89757,2
89758,2
89759,2
89760,2
89761,2
89762,2
89763,2
89764,2
89765,2
89766,2
89767,2
89768,2
89769,2
89770,2
89771,2
89772,2
89773,2
89774,2
89775,2
89776,2
89777,2
89778,2
89779,2
89780,2
89781,2
89782,2
89783,2
89784,2
89785,2
89786,2
89787,2
89788,2
89789,2
89790,2
89791,2
89792,2
89793,2
89794,2
89795,2
89796,2
89797,2
89798,2
89799,2
89800,2
89801,2
89802,2
89803,2
89804,2
89805,2
89806,2
89807,2
89808,2
89809,2
89810,2
89811,2
89812,2
89813,2
89814,2
89815,2
89816,2
89817,2
89818,2
89819,2
89820,2
89821,2
89822,2
89823,2
89824,2
89825,2
89826,2
89827,2
89828,2
89829,2
89830,2
89831,2
89832,2
89833,2
89834,2
89835,2
89836,2
89837,2
89838,2
89839,2
89840,2
89841,2
89842,2
89843,2
89844,2
89845,2
89846,2
89847,2
89848,2
89849,2
89850,2
89851,2
89852,2
89853,2
89854,2
89855,2
89856,2
89857,2
89858,2
89859,2
89860,2
89861,2
89862,2
89863,2
89864,2
89865,2
89866,2
89867,2
89868,2
89869,2
89870,2
89871,2
89872,2
89873,2
89874,2
89875,2
89876,2
89877,2
89878,2
89879,2
89880,2
89881,2
89882,2
89883,2
89884,2
89885,2
89886,2
89887,2
89888,2
89889,2
89890,2
89891,2
89892,2
89893,2
89894,2
89895,2
89896,2
89897,2
89898,2
89899,2
89900,2
89901,2
89902,2
89903,2
89904,2
89905,2
89906,2
89907,2
89908,2
89909,2
89910,2
89911,2
89912,2
89913,2
89914,2
89915,2
89916,2
89917,2
89918,2
89919,2
89920,2
89921,2
89922,2
89923,2
89924,2
89925,2
89926,2
89927,2
89928,2
89929,2
89930,2
89931,2
89932,2
89933,2
89934,2
89935,2
89936,2
89937,2
89938,2
89939,2
89940,2
89941,2
89942,2
89943,2
89944,2
89945,2
89946,2
89947,2
89948,2
89949,2
89950,2
89951,2
89952,2
89953,2
89954,2
89955,2
89956,2
89957,2
89958,2
89959,2
89960,2
89961,2
89962,2
89963,2
89964,2
89965,2
89966,2
89967,2
89968,2
89969,2
89970,2
89971,2
89972,2
89973,2
89974,2
89975,2
89976,2
89977,2
89978,2
89979,2
89980,2
89981,2
89982,2
89983,2
89984,2
89985,2
89986,2
89987,2
89988,2
89989,2
89990,2
89991,4
89992,3
89993,4
89994,2
89995,2
89996,2
89997,2
89998,2
89999,2
90000,2
90001,2
90002,3
90003,3
90004,2
90005,2
90006,2
90007,2
90008,2
90009,2
90010,2
90011,2
90012,2
90013,2
90014,2
90015,2
90016,2
90017,2
90018,2
90019,2
90020,2
90021,2
90022,2
90023,2
90024,2
90025,2
90026,2
90027,2
90028,2
90029,2
90030,2
90031,2
90032,2
90033,2
90034,2
90035,2
90036,2
90037,2
90038,2
90039,2
90040,2
90041,2
90042,2
90043,2
90044,2
90045,2
90046,2
90047,2
90048,2
90049,1
90050,2
90051,2
90052,2
90053,3
90054,3
90055,2
90056,2
90057,2
90058,3
90059,2
90060,2
90061,2
90062,2
90063,2
90064,2
90065,2
90066,2
90067,2
90068,2
90069,2
90070,2
90071,2
90072,2
90073,2
90074,2
90075,2
90076,2
90077,2
90078,2
90079,2
90080,2
90081,2
90082,2
90083,2
90084,2
90085,2
90086,2
90087,2
90088,2
90089,2
90090,2
90091,2
90092,2
90093,2
90094,2
90095,2
90096,2
90097,2
90098,2
90099,2
90100,2
90101,2
90102,2
90103,2
90104,2
90105,2
90106,2
90107,2
90108,2
90109,2
90110,2
90111,2
90112,2
90113,2
90114,2
90115,2
90116,2
90117,2
90118,2
90119,2
90120,2
90121,2
90122,2
90123,2
90124,2
90125,2
90126,2
90127,2
90128,2
90129,2
90130,2
90131,2
90132,2
90133,2
90134,2
90135,2
90136,2
90137,2
90138,2
90139,2
90140,2
90141,2
90142,2
90143,2
90144,2
90145,2
90146,2
90147,2
90148,2
90149,2
90150,2
90151,2
90152,2
90153,2
90154,2
90155,2
90156,2
90157,2
90158,2
90159,2
90160,2
90161,2
90162,2
90163,2
90164,2
90165,2
90166,2
90167,2
90168,2
90169,2
90170,2
90171,2
90172,2
90173,2
90174,2
90175,2
90176,2
90177,2
90178,2
90179,2
90180,2
90181,2
90182,2
90183,2
90184,2
90185,2
90186,2
90187,2
90188,2
90189,2
90190,2
90191,2
90192,2
90193,2
90194,2
90195,2
90196,2
90197,2
90198,3
90199,2
90200,2
90201,2
90202,2
90203,2
90204,2
90205,2
90206,2
90207,2
90208,2
90209,2
90210,2
90211,2
90212,2
90213,2
90214,2
90215,2
90216,2
90217,2
90218,2
90219,2
90220,2
90221,2
90222,2
90223,2
90224,2
90225,2
90226,2
90227,2
90228,2
90229,2
90230,2
90231,2
90232,2
90233,2
90234,2
90235,2
90236,2
90237,2
90238,2
90239,2
90240,2
90241,2
90242,2
90243,2
90244,2
90245,2
90246,2
90247,2
90248,2
90249,2
90250,2
90251,2
90252,2
90253,2
90254,2
90255,2
90256,2
90257,2
90258,2
90259,2
90260,2
90261,2
90262,2
90263,2
90264,2
90265,2
90266,2
90267,2
90268,2
90269,2
90270,2
90271,2
90272,2
90273,2
90274,2
90275,2
90276,2
90277,2
90278,2
90279,2
90280,2
90281,2
90282,2
90283,2
90284,2
90285,2
90286,2
90287,2
90288,2
90289,2
90290,2
90291,2
90292,2
90293,2
90294,2
90295,2
90296,2
90297,2
90298,2
90299,2
90300,2
90301,2
90302,2
90303,2
90304,2
90305,2
90306,2
90307,2
90308,2
90309,2
90310,2
90311,2
90312,2
90313,2
90314,2
90315,2
90316,2
90317,2
90318,2
90319,2
90320,2
90321,2
90322,2
90323,2
90324,2
90325,2
90326,2
90327,2
90328,3
90329,2
90330,2
90331,2
90332,2
90333,2
90334,2
90335,2
90336,2
90337,2
90338,2
90339,2
90340,2
90341,2
90342,2
90343,2
90344,2
90345,2
90346,2
90347,2
90348,2
90349,2
90350,2
90351,2
90352,2
90353,2
90354,2
90355,2
90356,2
90357,2
90358,2
90359,2
90360,2
90361,2
90362,2
90363,2
90364,2
90365,2
90366,2
90367,2
90368,2
90369,2
90370,2
90371,2
90372,2
90373,2
90374,2
90375,2
90376,2
90377,2
90378,2
90379,2
90380,2
90381,2
90382,2
90383,2
90384,2
90385,2
90386,2
90387,2
90388,2
90389,2
90390,2
90391,2
90392,2
90393,2
90394,2
90395,2
90396,2
90397,2
90398,2
90399,2
90400,2
90401,2
90402,2
90403,2
90404,2
90405,2
90406,2
90407,2
90408,2
90409,2
90410,2
90411,2
90412,2
90413,2
90414,2
90415,2
90416,2
90417,2
90418,2
90419,2
90420,2
90421,2
90422,2
90423,2
90424,2
90425,2
90426,2
90427,2
90428,2
90429,2
90430,2
90431,2
90432,2
90433,2
90434,2
90435,2
90436,2
90437,2
90438,2
90439,2
90440,2
90441,2
90442,2
90443,2
90444,2
90445,2
90446,2
90447,2
90448,2
90449,2
90450,2
90451,2
90452,2
90453,2
90454,2
90455,2
90456,2
90457,2
90458,2
90459,2
90460,2
90461,2
90462,2
90463,2
90464,2
90465,2
90466,2
90467,2
90468,2
90469,2
90470,2
90471,2
90472,2
90473,2
90474,2
90475,2
90476,2
90477,2
90478,2
90479,2
90480,2
90481,2
90482,2
90483,2
90484,2
90485,2
90486,2
90487,2
90488,2
90489,2
90490,2
90491,2
90492,2
90493,2
90494,2
90495,2
90496,4
90497,2
90498,2
90499,2
90500,2
90501,2
90502,2
90503,2
90504,2
90505,4
90506,2
90507,2
90508,2
90509,2
90510,2
90511,2
90512,2
90513,4
90514,4
90515,2
90516,4
90517,2
90518,2
90519,2
90520,2
90521,2
90522,2
90523,3
90524,4
90525,2
90526,2
90527,1
90528,2
90529,2
90530,2
90531,2
90532,2
90533,2
90534,2
90535,2
90536,2
90537,2
90538,2
90539,2
90540,2
90541,2
90542,2
90543,2
90544,2
90545,3
90546,3
90547,2
90548,2
90549,2
90550,2
90551,2
90552,2
90553,2
90554,2
90555,2
90556,2
90557,2
90558,2
90559,2
90560,2
90561,2
90562,2
90563,2
90564,2
90565,2
90566,2
90567,2
90568,2
90569,2
90570,2
90571,2
90572,2
90573,2
90574,2
90575,2
90576,3
90577,3
90578,4
90579,3
90580,2
90581,2
90582,2
90583,2
90584,2
90585,2
90586,3
90587,3
90588,2
90589,2
90590,2
90591,2
90592,2
90593,2
90594,2
90595,2
90596,2
90597,2
90598,2
90599,2
90600,2
90601,2
90602,2
90603,2
90604,2
90605,2
90606,4
90607,2
90608,4
90609,2
90610,2
90611,2
90612,2
90613,2
90614,2
90615,2
90616,2
90617,2
90618,2
90619,2
90620,2
90621,2
90622,2
90623,2
90624,2
90625,2
90626,2
90627,2
90628,2
90629,2
90630,2
90631,2
90632,2
90633,2
90634,2
90635,2
90636,2
90637,2
90638,2
90639,2
90640,2
90641,2
90642,2
90643,2
90644,2
90645,2
90646,2
90647,2
90648,2
90649,2
90650,2
90651,2
90652,2
90653,2
90654,2
90655,2
90656,2
90657,2
90658,2
90659,2
90660,2
90661,2
90662,2
90663,2
90664,2
90665,2
90666,2
90667,2
90668,2
90669,2
90670,2
90671,2
90672,2
90673,2
90674,2
90675,2
90676,2
90677,2
90678,2
90679,2
90680,2
90681,2
90682,2
90683,2
90684,2
90685,2
90686,2
90687,2
90688,2
90689,2
90690,2
90691,2
90692,2
90693,2
90694,2
90695,2
90696,2
90697,2
90698,2
90699,2
90700,2
90701,2
90702,2
90703,2
90704,2
90705,2
90706,2
90707,2
90708,2
90709,2
90710,2
90711,2
90712,2
90713,2
90714,2
90715,2
90716,2
90717,2
90718,2
90719,2
90720,2
90721,2
90722,2
90723,2
90724,2
90725,2
90726,2
90727,2
90728,2
90729,2
90730,2
90731,2
90732,2
90733,2
90734,2
90735,2
90736,2
90737,2
90738,2
90739,2
90740,2
90741,2
90742,2
90743,2
90744,2
90745,2
90746,2
90747,2
90748,2
90749,2
90750,2
90751,2
90752,2
90753,2
90754,2
90755,2
90756,2
90757,2
90758,2
90759,2
90760,2
90761,2
90762,2
90763,2
90764,2
90765,2
90766,2
90767,2
90768,2
90769,2
90770,2
90771,2
90772,2
90773,2
90774,2
90775,2
90776,2
90777,2
90778,2
90779,2
90780,2
90781,2
90782,2
90783,2
90784,2
90785,2
90786,2
90787,2
90788,2
90789,2
90790,2
90791,2
90792,2
90793,2
90794,2
90795,2
90796,2
90797,2
90798,2
90799,2
90800,2
90801,2
90802,2
90803,2
90804,2
90805,2
90806,2
90807,2
90808,2
90809,2
90810,2
90811,2
90812,2
90813,2
90814,2
90815,2
90816,2
90817,2
90818,2
90819,2
90820,2
90821,2
90822,2
90823,2
90824,2
90825,2
90826,2
90827,2
90828,2
90829,2
90830,2
90831,2
90832,2
90833,2
90834,2
90835,2
90836,2
90837,2
90838,2
90839,2
90840,2
90841,2
90842,2
90843,2
90844,2
90845,2
90846,2
90847,2
90848,2
90849,2
90850,2
90851,2
90852,2
90853,2
90854,2
90855,2
90856,2
90857,2
90858,2
90859,2
90860,2
90861,2
90862,2
90863,2
90864,2
90865,2
90866,2
90867,2
90868,2
90869,2
90870,2
90871,2
90872,2
90873,2
90874,2
90875,2
90876,2
90877,2
90878,2
90879,2
90880,2
90881,2
90882,2
90883,2
90884,2
90885,2
90886,2
90887,2
90888,2
90889,2
90890,2
90891,2
90892,2
90893,2
90894,2
90895,2
90896,2
90897,2
90898,2
90899,2
90900,2
90901,2
90902,2
90903,2
90904,2
90905,2
90906,2
90907,2
90908,2
90909,2
90910,2
90911,2
90912,2
90913,2
90914,2
90915,2
90916,2
90917,2
90918,2
90919,2
90920,2
90921,2
90922,2
90923,2
90924,2
90925,2
90926,2
90927,2
90928,2
90929,2
90930,2
90931,2
90932,2
90933,2
90934,2
90935,2
90936,2
90937,2
90938,2
90939,2
90940,2
90941,2
90942,2
90943,2
90944,2
90945,2
90946,2
90947,2
90948,2
90949,2
90950,2
90951,2
90952,2
90953,2
90954,2
90955,2
90956,2
90957,2
90958,2
90959,2
90960,2
90961,2
90962,2
90963,2
90964,2
90965,2
90966,2
90967,2
90968,2
90969,2
90970,2
90971,2
90972,2
90973,2
90974,2
90975,2
90976,2
90977,2
90978,2
90979,2
90980,2
90981,2
90982,2
90983,2
90984,2
90985,2
90986,2
90987,2
90988,2
90989,2
90990,2
90991,2
90992,2
90993,2
90994,2
90995,2
90996,2
90997,2
90998,2
90999,2
91000,2
91001,2
91002,2
91003,2
91004,2
91005,2
91006,2
91007,2
91008,2
91009,2
91010,2
91011,2
91012,2
91013,2
91014,2
91015,2
91016,2
91017,2
91018,2
91019,2
91020,2
91021,2
91022,2
91023,2
91024,2
91025,2
91026,2
91027,2
91028,2
91029,2
91030,2
91031,2
91032,2
91033,2
91034,2
91035,2
91036,2
91037,2
91038,2
91039,2
91040,2
91041,2
91042,2
91043,2
91044,2
91045,2
91046,2
91047,2
91048,2
91049,2
91050,2
91051,2
91052,2
91053,2
91054,2
91055,2
91056,2
91057,2
91058,2
91059,2
91060,2
91061,2
91062,2
91063,2
91064,2
91065,2
91066,2
91067,2
91068,2
91069,2
91070,2
91071,2
91072,2
91073,2
91074,2
91075,2
91076,2
91077,2
91078,2
91079,2
91080,2
91081,2
91082,2
91083,2
91084,2
91085,2
91086,2
91087,2
91088,2
91089,2
91090,2
91091,2
91092,2
91093,2
91094,2
91095,2
91096,2
91097,2
91098,2
91099,2
91100,2
91101,2
91102,2
91103,2
91104,2
91105,2
91106,2
91107,2
91108,2
91109,2
91110,2
91111,2
91112,2
91113,2
91114,2
91115,2
91116,2
91117,2
91118,2
91119,2
91120,2
91121,2
91122,2
91123,2
91124,2
91125,2
91126,2
91127,2
91128,2
91129,2
91130,2
91131,2
91132,2
91133,2
91134,2
91135,2
91136,2
91137,2
91138,2
91139,2
91140,2
91141,2
91142,2
91143,2
91144,2
91145,2
91146,2
91147,2
91148,2
91149,2
91150,2
91151,2
91152,2
91153,2
91154,2
91155,2
91156,2
91157,2
91158,2
91159,2
91160,2
91161,2
91162,2
91163,2
91164,2
91165,2
91166,2
91167,2
91168,2
91169,2
91170,2
91171,2
91172,2
91173,2
91174,2
91175,2
91176,2
91177,2
91178,2
91179,2
91180,2
91181,2
91182,2
91183,2
91184,2
91185,2
91186,2
91187,2
91188,2
91189,2
91190,2
91191,2
91192,2
91193,2
91194,2
91195,2
91196,2
91197,2
91198,2
91199,2
91200,2
91201,2
91202,2
91203,2
91204,2
91205,2
91206,2
91207,2
91208,2
91209,2
91210,2
91211,2
91212,2
91213,2
91214,2
91215,2
91216,2
91217,2
91218,2
91219,2
91220,2
91221,2
91222,2
91223,2
91224,2
91225,2
91226,2
91227,2
91228,2
91229,2
91230,2
91231,2
91232,2
91233,2
91234,2
91235,2
91236,2
91237,2
91238,2
91239,2
91240,2
91241,2
91242,2
91243,2
91244,2
91245,2
91246,2
91247,2
91248,2
91249,2
91250,2
91251,2
91252,2
91253,2
91254,2
91255,2
91256,2
91257,2
91258,2
91259,2
91260,2
91261,2
91262,2
91263,2
91264,2
91265,2
91266,2
91267,2
91268,2
91269,2
91270,2
91271,2
91272,2
91273,2
91274,2
91275,2
91276,2
91277,2
91278,2
91279,2
91280,2
91281,2
91282,2
91283,2
91284,2
91285,2
91286,2
91287,2
91288,2
91289,2
91290,2
91291,2
91292,2
91293,2
91294,2
91295,2
91296,2
91297,2
91298,2
91299,2
91300,2
91301,2
91302,2
91303,2
91304,2
91305,2
91306,2
91307,2
91308,2
91309,2
91310,2
91311,2
91312,3
91313,2
91314,2
91315,2
91316,2
91317,2
91318,2
91319,2
91320,3
91321,3
91322,4
91323,4
91324,2
91325,2
91326,2
91327,2
91328,2
91329,2
91330,2
91331,2
91332,2
91333,2
91334,2
91335,2
91336,3
91337,2
91338,4
91339,2
91340,2
91341,2
91342,2
91343,2
91344,2
91345,2
91346,2
91347,2
91348,2
91349,2
91350,2
91351,2
91352,2
91353,2
91354,2
91355,2
91356,2
91357,2
91358,2
91359,2
91360,2
91361,2
91362,2
91363,2
91364,2
91365,2
91366,2
91367,2
91368,2
91369,2
91370,2
91371,2
91372,2
91373,3
91374,2
91375,2
91376,4
91377,2
91378,2
91379,2
91380,2
91381,2
91382,2
91383,4
91384,2
91385,2
91386,2
91387,3
91388,3
91389,3
91390,4
91391,4
91392,2
91393,2
91394,2
91395,2
91396,2
91397,2
91398,2
91399,2
91400,2
91401,4
91402,2
91403,2
91404,2
91405,4
91406,2
91407,2
91408,2
91409,2
91410,2
91411,2
91412,2
91413,2
91414,3
91415,2
91416,4
91417,2
91418,2
91419,2
91420,2
91421,2
91422,2
91423,2
91424,2
91425,2
91426,4
91427,2
91428,2
91429,2
91430,2
91431,2
91432,2
91433,2
91434,2
91435,2
91436,2
91437,2
91438,2
91439,2
91440,2
91441,2
91442,2
91443,4
91444,2
91445,2
91446,2
91447,2
91448,3
91449,2
91450,2
91451,2
91452,2
91453,4
91454,4
91455,2
91456,2
91457,2
91458,2
91459,2
91460,2
91461,2
91462,2
91463,4
91464,2
91465,2
91466,2
91467,2
91468,2
91469,2
91470,2
91471,2
91472,2
91473,2
91474,2
91475,2
91476,2
91477,2
91478,2
91479,2
91480,4
91481,2
91482,2
91483,2
91484,2
91485,2
91486,2
91487,2
91488,2
91489,2
91490,2
91491,2
91492,2
91493,2
91494,2
91495,2
91496,2
91497,2
91498,2
91499,2
91500,2
91501,2
91502,2
91503,2
91504,2
91505,2
91506,2
91507,2
91508,2
91509,2
91510,2
91511,2
91512,2
91513,2
91514,2
91515,2
91516,2
91517,2
91518,2
91519,2
91520,2
91521,2
91522,2
91523,2
91524,2
91525,2
91526,2
91527,2
91528,2
91529,2
91530,2
91531,2
91532,2
91533,2
91534,2
91535,2
91536,2
91537,2
91538,2
91539,2
91540,2
91541,2
91542,2
91543,2
91544,2
91545,2
91546,2
91547,2
91548,2
91549,2
91550,2
91551,2
91552,2
91553,2
91554,2
91555,2
91556,2
91557,2
91558,2
91559,2
91560,2
91561,2
91562,2
91563,2
91564,2
91565,2
91566,2
91567,2
91568,2
91569,2
91570,2
91571,2
91572,2
91573,2
91574,2
91575,2
91576,2
91577,2
91578,2
91579,2
91580,2
91581,2
91582,2
91583,2
91584,2
91585,2
91586,2
91587,2
91588,2
91589,2
91590,2
91591,2
91592,2
91593,2
91594,2
91595,2
91596,2
91597,2
91598,2
91599,2
91600,2
91601,2
91602,2
91603,2
91604,2
91605,2
91606,2
91607,2
91608,2
91609,2
91610,2
91611,2
91612,2
91613,2
91614,2
91615,2
91616,2
91617,2
91618,2
91619,2
91620,2
91621,2
91622,2
91623,2
91624,2
91625,2
91626,2
91627,2
91628,2
91629,2
91630,2
91631,2
91632,2
91633,2
91634,2
91635,2
91636,2
91637,2
91638,2
91639,2
91640,2
91641,2
91642,2
91643,2
91644,2
91645,2
91646,2
91647,2
91648,2
91649,2
91650,2
91651,2
91652,2
91653,2
91654,2
91655,2
91656,2
91657,2
91658,2
91659,2
91660,2
91661,2
91662,2
91663,2
91664,2
91665,2
91666,2
91667,2
91668,2
91669,2
91670,2
91671,2
91672,2
91673,2
91674,2
91675,2
91676,2
91677,2
91678,2
91679,2
91680,2
91681,2
91682,2
91683,2
91684,2
91685,2
91686,2
91687,2
91688,2
91689,2
91690,2
91691,2
91692,2
91693,2
91694,2
91695,2
91696,2
91697,2
91698,2
91699,2
91700,2
91701,2
91702,2
91703,2
91704,2
91705,2
91706,2
91707,2
91708,2
91709,2
91710,2
91711,2
91712,2
91713,2
91714,2
91715,2
91716,2
91717,2
91718,2
91719,2
91720,2
91721,2
91722,2
91723,2
91724,2
91725,2
91726,2
91727,2
91728,2
91729,2
91730,2
91731,2
91732,2
91733,2
91734,2
91735,2
91736,2
91737,2
91738,2
91739,2
91740,2
91741,2
91742,2
91743,2
91744,2
91745,2
91746,2
91747,2
91748,2
91749,2
91750,2
91751,2
91752,2
91753,2
91754,2
91755,2
91756,2
91757,2
91758,2
91759,2
91760,2
91761,2
91762,2
91763,2
91764,2
91765,2
91766,2
91767,2
91768,2
91769,2
91770,2
91771,2
91772,2
91773,2
91774,2
91775,2
91776,2
91777,2
91778,2
91779,2
91780,2
91781,2
91782,2
91783,2
91784,2
91785,2
91786,2
91787,2
91788,2
91789,2
91790,2
91791,2
91792,2
91793,2
91794,2
91795,2
91796,2
91797,2
91798,2
91799,2
91800,2
91801,2
91802,2
91803,2
91804,2
91805,2
91806,2
91807,2
91808,2
91809,2
91810,2
91811,2
91812,2
91813,2
91814,2
91815,2
91816,2
91817,2
91818,2
91819,2
91820,2
91821,2
91822,2
91823,2
91824,2
91825,2
91826,2
91827,2
91828,2
91829,2
91830,2
91831,2
91832,2
91833,2
91834,2
91835,2
91836,2
91837,2
91838,2
91839,2
91840,2
91841,2
91842,2
91843,2
91844,2
91845,2
91846,2
91847,2
91848,2
91849,2
91850,2
91851,2
91852,2
91853,2
91854,2
91855,2
91856,2
91857,2
91858,2
91859,2
91860,2
91861,2
91862,2
91863,2
91864,2
91865,2
91866,2
91867,2
91868,2
91869,2
91870,2
91871,2
91872,2
91873,2
91874,2
91875,2
91876,2
91877,2
91878,2
91879,2
91880,2
91881,2
91882,2
91883,2
91884,2
91885,2
91886,2
91887,2
91888,2
91889,2
91890,2
91891,2
91892,2
91893,2
91894,2
91895,2
91896,2
91897,2
91898,2
91899,2
91900,2
91901,2
91902,2
91903,2
91904,2
91905,2
91906,2
91907,2
91908,2
91909,2
91910,2
91911,2
91912,2
91913,2
91914,2
91915,2
91916,2
91917,2
91918,2
91919,2
91920,2
91921,2
91922,2
91923,2
91924,2
91925,2
91926,2
91927,2
91928,2
91929,2
91930,2
91931,2
91932,2
91933,2
91934,2
91935,2
91936,2
91937,2
91938,2
91939,2
91940,2
91941,2
91942,2
91943,2
91944,2
91945,2
91946,2
91947,2
91948,2
91949,2
91950,2
91951,2
91952,2
91953,2
91954,2
91955,2
91956,2
91957,2
91958,2
91959,2
91960,2
91961,2
91962,2
91963,2
91964,2
91965,2
91966,2
91967,2
91968,2
91969,2
91970,2
91971,2
91972,2
91973,2
91974,2
91975,2
91976,2
91977,2
91978,2
91979,2
91980,2
91981,2
91982,2
91983,2
91984,2
91985,2
91986,2
91987,2
91988,2
91989,2
91990,2
91991,2
91992,2
91993,2
91994,2
91995,2
91996,2
91997,2
91998,2
91999,2
92000,2
92001,2
92002,2
92003,2
92004,2
92005,2
92006,2
92007,2
92008,2
92009,2
92010,2
92011,2
92012,2
92013,2
92014,2
92015,2
92016,2
92017,2
92018,2
92019,2
92020,2
92021,2
92022,2
92023,2
92024,2
92025,2
92026,2
92027,2
92028,2
92029,2
92030,2
92031,2
92032,2
92033,2
92034,2
92035,2
92036,2
92037,2
92038,2
92039,2
92040,2
92041,2
92042,2
92043,2
92044,2
92045,2
92046,2
92047,2
92048,2
92049,2
92050,2
92051,2
92052,2
92053,2
92054,2
92055,2
92056,2
92057,2
92058,2
92059,2
92060,2
92061,2
92062,2
92063,2
92064,2
92065,2
92066,2
92067,2
92068,2
92069,2
92070,2
92071,2
92072,2
92073,2
92074,2
92075,2
92076,2
92077,2
92078,2
92079,2
92080,2
92081,2
92082,2
92083,2
92084,2
92085,2
92086,2
92087,2
92088,2
92089,2
92090,2
92091,2
92092,2
92093,2
92094,2
92095,2
92096,2
92097,2
92098,2
92099,2
92100,2
92101,2
92102,2
92103,2
92104,2
92105,2
92106,2
92107,2
92108,2
92109,2
92110,2
92111,2
92112,2
92113,2
92114,2
92115,2
92116,2
92117,2
92118,2
92119,2
92120,2
92121,2
92122,2
92123,2
92124,2
92125,2
92126,2
92127,2
92128,2
92129,2
92130,2
92131,2
92132,2
92133,2
92134,2
92135,2
92136,2
92137,2
92138,2
92139,2
92140,2
92141,2
92142,2
92143,2
92144,2
92145,2
92146,2
92147,2
92148,2
92149,2
92150,2
92151,2
92152,2
92153,2
92154,2
92155,2
92156,2
92157,2
92158,2
92159,2
92160,2
92161,2
92162,2
92163,2
92164,2
92165,2
92166,2
92167,2
92168,2
92169,2
92170,2
92171,2
92172,2
92173,2
92174,2
92175,2
92176,2
92177,2
92178,2
92179,2
92180,2
92181,2
92182,2
92183,2
92184,2
92185,2
92186,2
92187,2
92188,2
92189,2
92190,2
92191,2
92192,2
92193,2
92194,2
92195,2
92196,2
92197,2
92198,2
92199,2
92200,2
92201,2
92202,2
92203,2
92204,2
92205,2
92206,2
92207,2
92208,2
92209,2
92210,2
92211,2
92212,2
92213,2
92214,2
92215,2
92216,2
92217,2
92218,2
92219,2
92220,2
92221,2
92222,2
92223,2
92224,2
92225,2
92226,2
92227,2
92228,2
92229,2
92230,2
92231,2
92232,2
92233,2
92234,2
92235,2
92236,2
92237,2
92238,2
92239,2
92240,2
92241,2
92242,2
92243,2
92244,2
92245,2
92246,2
92247,2
92248,2
92249,2
92250,2
92251,2
92252,2
92253,2
92254,2
92255,2
92256,2
92257,2
92258,2
92259,2
92260,2
92261,2
92262,2
92263,2
92264,2
92265,2
92266,2
92267,2
92268,2
92269,2
92270,2
92271,2
92272,2
92273,2
92274,2
92275,2
92276,2
92277,2
92278,2
92279,2
92280,2
92281,2
92282,2
92283,2
92284,2
92285,2
92286,2
92287,2
92288,2
92289,2
92290,2
92291,2
92292,2
92293,2
92294,3
92295,3
92296,2
92297,3
92298,3
92299,2
92300,4
92301,4
92302,2
92303,4
92304,2
92305,4
92306,2
92307,4
92308,2
92309,2
92310,2
92311,2
92312,2
92313,2
92314,2
92315,2
92316,2
92317,2
92318,2
92319,2
92320,2
92321,2
92322,2
92323,2
92324,3
92325,4
92326,2
92327,2
92328,2
92329,2
92330,2
92331,2
92332,2
92333,2
92334,2
92335,2
92336,2
92337,2
92338,2
92339,2
92340,2
92341,2
92342,2
92343,2
92344,2
92345,3
92346,2
92347,2
92348,2
92349,2
92350,2
92351,2
92352,2
92353,2
92354,2
92355,2
92356,2
92357,2
92358,2
92359,2
92360,2
92361,2
92362,2
92363,2
92364,2
92365,2
92366,2
92367,2
92368,2
92369,2
92370,2
92371,2
92372,2
92373,2
92374,2
92375,2
92376,2
92377,2
92378,2
92379,2
92380,2
92381,1
92382,2
92383,2
92384,2
92385,2
92386,2
92387,2
92388,2
92389,2
92390,3
92391,2
92392,2
92393,2
92394,2
92395,2
92396,2
92397,2
92398,2
92399,2
92400,2
92401,2
92402,2
92403,2
92404,2
92405,2
92406,2
92407,2
92408,2
92409,2
92410,2
92411,2
92412,2
92413,2
92414,2
92415,3
92416,2
92417,2
92418,2
92419,3
92420,2
92421,2
92422,2
92423,2
92424,2
92425,2
92426,2
92427,2
92428,2
92429,2
92430,2
92431,2
92432,2
92433,3
92434,2
92435,2
92436,2
92437,2
92438,2
92439,2
92440,4
92441,2
92442,2
92443,2
92444,2
92445,2
92446,2
92447,2
92448,2
92449,2
92450,2
92451,2
92452,2
92453,2
92454,2
92455,2
92456,2
92457,2
92458,2
92459,2
92460,2
92461,2
92462,2
92463,4
92464,2
92465,2
92466,2
92467,2
92468,2
92469,2
92470,2
92471,2
92472,2
92473,2
92474,2
92475,2
92476,2
92477,2
92478,2
92479,2
92480,2
92481,2
92482,2
92483,2
92484,2
92485,2
92486,2
92487,2
92488,2
92489,2
92490,2
92491,2
92492,2
92493,2
92494,2
92495,2
92496,2
92497,2
92498,4
92499,2
92500,2
92501,2
92502,2
92503,2
92504,2
92505,2
92506,2
92507,2
92508,2
92509,2
92510,2
92511,2
92512,3
92513,2
92514,2
92515,2
92516,2
92517,3
92518,2
92519,4
92520,3
92521,2
92522,2
92523,2
92524,2
92525,2
92526,2
92527,2
92528,2
92529,2
92530,2
92531,2
92532,2
92533,2
92534,2
92535,2
92536,2
92537,3
92538,2
92539,3
92540,2
92541,2
92542,2
92543,2
92544,2
92545,2
92546,2
92547,2
92548,2
92549,2
92550,2
92551,2
92552,2
92553,2
92554,2
92555,2
92556,2
92557,2
92558,2
92559,4
92560,2
92561,2
92562,2
92563,2
92564,2
92565,2
92566,2
92567,2
92568,2
92569,2
92570,2
92571,2
92572,2
92573,2
92574,2
92575,2
92576,2
92577,2
92578,2
92579,2
92580,2
92581,2
92582,2
92583,2
92584,2
92585,2
92586,4
92587,2
92588,2
92589,2
92590,2
92591,2
92592,2
92593,2
92594,3
92595,2
92596,2
92597,2
92598,2
92599,2
92600,2
92601,2
92602,2
92603,2
92604,2
92605,2
92606,2
92607,2
92608,2
92609,2
92610,2
92611,2
92612,2
92613,2
92614,2
92615,2
92616,2
92617,2
92618,2
92619,2
92620,2
92621,2
92622,2
92623,2
92624,2
92625,2
92626,2
92627,2
92628,2
92629,2
92630,2
92631,2
92632,2
92633,2
92634,2
92635,2
92636,2
92637,2
92638,2
92639,2
92640,2
92641,2
92642,2
92643,2
92644,2
92645,2
92646,2
92647,2
92648,2
92649,2
92650,2
92651,2
92652,2
92653,3
92654,2
92655,1
92656,4
92657,0
92658,2
92659,3
92660,2
92661,4
92662,2
92663,2
92664,2
92665,2
92666,4
92667,3
92668,2
92669,2
92670,2
92671,2
92672,2
92673,2
92674,2
92675,2
92676,3
92677,2
92678,2
92679,2
92680,2
92681,2
92682,2
92683,2
92684,2
92685,2
92686,2
92687,2
92688,2
92689,2
92690,2
92691,2
92692,2
92693,2
92694,2
92695,2
92696,2
92697,2
92698,2
92699,3
92700,2
92701,2
92702,2
92703,2
92704,2
92705,2
92706,2
92707,2
92708,2
92709,2
92710,2
92711,2
92712,2
92713,2
92714,2
92715,2
92716,2
92717,2
92718,2
92719,2
92720,2
92721,2
92722,2
92723,2
92724,2
92725,2
92726,2
92727,2
92728,2
92729,2
92730,2
92731,2
92732,2
92733,2
92734,2
92735,2
92736,2
92737,2
92738,2
92739,2
92740,2
92741,2
92742,2
92743,2
92744,2
92745,2
92746,2
92747,2
92748,2
92749,2
92750,2
92751,2
92752,2
92753,2
92754,2
92755,2
92756,2
92757,2
92758,2
92759,2
92760,2
92761,2
92762,2
92763,2
92764,2
92765,2
92766,2
92767,2
92768,2
92769,2
92770,2
92771,2
92772,2
92773,2
92774,2
92775,2
92776,2
92777,2
92778,2
92779,2
92780,2
92781,2
92782,2
92783,2
92784,2
92785,2
92786,2
92787,2
92788,2
92789,2
92790,2
92791,2
92792,2
92793,2
92794,2
92795,2
92796,2
92797,2
92798,2
92799,2
92800,2
92801,2
92802,2
92803,2
92804,2
92805,2
92806,2
92807,2
92808,2
92809,2
92810,2
92811,2
92812,2
92813,2
92814,2
92815,2
92816,2
92817,2
92818,2
92819,2
92820,2
92821,2
92822,2
92823,2
92824,2
92825,2
92826,2
92827,2
92828,2
92829,2
92830,2
92831,2
92832,2
92833,2
92834,2
92835,2
92836,2
92837,2
92838,2
92839,2
92840,2
92841,2
92842,2
92843,2
92844,2
92845,2
92846,2
92847,2
92848,2
92849,2
92850,2
92851,2
92852,2
92853,2
92854,2
92855,2
92856,2
92857,2
92858,2
92859,2
92860,2
92861,2
92862,2
92863,2
92864,2
92865,2
92866,2
92867,2
92868,2
92869,2
92870,2
92871,2
92872,2
92873,2
92874,2
92875,2
92876,2
92877,2
92878,2
92879,2
92880,2
92881,2
92882,2
92883,2
92884,2
92885,2
92886,2
92887,2
92888,2
92889,2
92890,2
92891,2
92892,2
92893,2
92894,2
92895,2
92896,2
92897,2
92898,2
92899,2
92900,2
92901,2
92902,2
92903,2
92904,2
92905,2
92906,2
92907,2
92908,2
92909,2
92910,2
92911,2
92912,2
92913,2
92914,2
92915,2
92916,2
92917,2
92918,2
92919,2
92920,2
92921,2
92922,2
92923,2
92924,2
92925,2
92926,2
92927,2
92928,2
92929,2
92930,2
92931,2
92932,2
92933,2
92934,2
92935,2
92936,2
92937,2
92938,2
92939,2
92940,2
92941,2
92942,2
92943,2
92944,2
92945,2
92946,2
92947,2
92948,2
92949,2
92950,2
92951,2
92952,2
92953,2
92954,2
92955,2
92956,2
92957,2
92958,2
92959,2
92960,2
92961,2
92962,2
92963,2
92964,2
92965,2
92966,2
92967,2
92968,2
92969,2
92970,2
92971,2
92972,2
92973,2
92974,2
92975,2
92976,2
92977,2
92978,2
92979,2
92980,2
92981,2
92982,2
92983,2
92984,2
92985,2
92986,2
92987,2
92988,2
92989,2
92990,2
92991,2
92992,2
92993,2
92994,2
92995,2
92996,2
92997,2
92998,2
92999,2
93000,2
93001,2
93002,2
93003,2
93004,2
93005,2
93006,2
93007,2
93008,2
93009,2
93010,2
93011,2
93012,2
93013,2
93014,2
93015,2
93016,2
93017,2
93018,2
93019,2
93020,2
93021,2
93022,2
93023,2
93024,2
93025,2
93026,2
93027,2
93028,2
93029,2
93030,2
93031,2
93032,2
93033,2
93034,2
93035,2
93036,2
93037,2
93038,2
93039,2
93040,2
93041,2
93042,2
93043,2
93044,2
93045,2
93046,2
93047,2
93048,2
93049,2
93050,2
93051,2
93052,2
93053,2
93054,2
93055,2
93056,2
93057,2
93058,2
93059,2
93060,2
93061,2
93062,2
93063,2
93064,2
93065,2
93066,2
93067,2
93068,2
93069,2
93070,2
93071,2
93072,2
93073,2
93074,2
93075,2
93076,2
93077,2
93078,2
93079,2
93080,2
93081,2
93082,2
93083,2
93084,2
93085,2
93086,2
93087,2
93088,2
93089,2
93090,2
93091,2
93092,2
93093,2
93094,2
93095,2
93096,2
93097,2
93098,2
93099,2
93100,2
93101,2
93102,2
93103,2
93104,2
93105,2
93106,2
93107,2
93108,2
93109,2
93110,2
93111,2
93112,2
93113,2
93114,2
93115,2
93116,2
93117,2
93118,2
93119,2
93120,2
93121,2
93122,2
93123,2
93124,2
93125,2
93126,2
93127,2
93128,2
93129,2
93130,2
93131,2
93132,2
93133,2
93134,2
93135,2
93136,2
93137,2
93138,2
93139,2
93140,2
93141,2
93142,2
93143,2
93144,2
93145,2
93146,2
93147,2
93148,2
93149,2
93150,2
93151,2
93152,2
93153,2
93154,2
93155,2
93156,2
93157,2
93158,2
93159,2
93160,2
93161,2
93162,2
93163,2
93164,2
93165,2
93166,2
93167,2
93168,2
93169,2
93170,2
93171,2
93172,2
93173,2
93174,2
93175,2
93176,2
93177,2
93178,2
93179,2
93180,2
93181,2
93182,2
93183,2
93184,2
93185,2
93186,2
93187,2
93188,2
93189,2
93190,2
93191,2
93192,2
93193,2
93194,2
93195,3
93196,2
93197,2
93198,2
93199,2
93200,2
93201,2
93202,2
93203,2
93204,2
93205,2
93206,2
93207,2
93208,2
93209,2
93210,2
93211,2
93212,2
93213,2
93214,2
93215,2
93216,2
93217,2
93218,2
93219,2
93220,2
93221,2
93222,2
93223,2
93224,2
93225,2
93226,2
93227,2
93228,2
93229,2
93230,2
93231,2
93232,2
93233,2
93234,2
93235,2
93236,2
93237,2
93238,2
93239,2
93240,2
93241,2
93242,2
93243,2
93244,2
93245,2
93246,2
93247,2
93248,2
93249,2
93250,2
93251,2
93252,2
93253,2
93254,2
93255,2
93256,2
93257,2
93258,2
93259,2
93260,2
93261,2
93262,2
93263,2
93264,2
93265,2
93266,2
93267,2
93268,3
93269,2
93270,2
93271,2
93272,2
93273,2
93274,2
93275,4
93276,2
93277,2
93278,2
93279,2
93280,2
93281,2
93282,2
93283,2
93284,2
93285,2
93286,2
93287,4
93288,2
93289,2
93290,2
93291,2
93292,2
93293,2
93294,2
93295,2
93296,2
93297,2
93298,2
93299,4
93300,2
93301,2
93302,2
93303,2
93304,2
93305,2
93306,2
93307,2
93308,2
93309,2
93310,2
93311,0
93312,2
93313,2
93314,2
93315,2
93316,2
93317,2
93318,2
93319,2
93320,2
93321,2
93322,2
93323,2
93324,2
93325,2
93326,2
93327,2
93328,2
93329,2
93330,2
93331,2
93332,2
93333,2
93334,2
93335,2
93336,2
93337,2
93338,2
93339,2
93340,2
93341,2
93342,2
93343,2
93344,2
93345,2
93346,2
93347,2
93348,2
93349,2
93350,2
93351,2
93352,2
93353,2
93354,2
93355,2
93356,2
93357,2
93358,2
93359,2
93360,2
93361,2
93362,2
93363,2
93364,2
93365,2
93366,2
93367,2
93368,2
93369,2
93370,2
93371,2
93372,2
93373,2
93374,2
93375,2
93376,2
93377,2
93378,2
93379,2
93380,2
93381,2
93382,2
93383,2
93384,2
93385,2
93386,2
93387,2
93388,2
93389,2
93390,2
93391,2
93392,2
93393,2
93394,2
93395,2
93396,2
93397,2
93398,2
93399,2
93400,2
93401,2
93402,2
93403,2
93404,2
93405,2
93406,2
93407,2
93408,2
93409,2
93410,2
93411,2
93412,2
93413,2
93414,2
93415,2
93416,2
93417,2
93418,2
93419,2
93420,2
93421,2
93422,2
93423,2
93424,2
93425,2
93426,2
93427,2
93428,2
93429,2
93430,2
93431,2
93432,2
93433,2
93434,2
93435,2
93436,2
93437,2
93438,2
93439,2
93440,2
93441,2
93442,2
93443,2
93444,2
93445,2
93446,2
93447,3
93448,2
93449,2
93450,2
93451,2
93452,2
93453,2
93454,2
93455,2
93456,2
93457,2
93458,2
93459,2
93460,1
93461,2
93462,2
93463,2
93464,2
93465,2
93466,2
93467,2
93468,2
93469,2
93470,2
93471,2
93472,2
93473,2
93474,2
93475,2
93476,3
93477,2
93478,2
93479,2
93480,2
93481,2
93482,2
93483,2
93484,2
93485,4
93486,2
93487,2
93488,3
93489,2
93490,2
93491,2
93492,2
93493,2
93494,2
93495,2
93496,2
93497,2
93498,2
93499,3
93500,3
93501,2
93502,2
93503,1
93504,3
93505,2
93506,3
93507,3
93508,3
93509,4
93510,2
93511,2
93512,2
93513,2
93514,2
93515,2
93516,3
93517,2
93518,2
93519,2
93520,2
93521,2
93522,2
93523,2
93524,2
93525,2
93526,2
93527,2
93528,2
93529,2
93530,2
93531,2
93532,2
93533,2
93534,2
93535,3
93536,2
93537,2
93538,2
93539,2
93540,2
93541,4
93542,2
93543,2
93544,2
93545,2
93546,2
93547,2
93548,2
93549,2
93550,2
93551,2
93552,1
93553,2
93554,2
93555,2
93556,2
93557,2
93558,2
93559,2
93560,2
93561,2
93562,2
93563,2
93564,2
93565,2
93566,2
93567,2
93568,2
93569,2
93570,2
93571,2
93572,3
93573,2
93574,2
93575,2
93576,2
93577,2
93578,2
93579,2
93580,2
93581,2
93582,2
93583,2
93584,2
93585,2
93586,2
93587,2
93588,2
93589,2
93590,2
93591,2
93592,2
93593,2
93594,2
93595,2
93596,2
93597,2
93598,2
93599,2
93600,2
93601,2
93602,2
93603,2
93604,2
93605,2
93606,2
93607,2
93608,2
93609,1
93610,2
93611,2
93612,2
93613,2
93614,2
93615,2
93616,2
93617,2
93618,2
93619,2
93620,2
93621,2
93622,1
93623,2
93624,2
93625,2
93626,2
93627,2
93628,2
93629,4
93630,2
93631,2
93632,2
93633,2
93634,2
93635,2
93636,2
93637,2
93638,2
93639,2
93640,2
93641,2
93642,2
93643,2
93644,2
93645,2
93646,2
93647,2
93648,2
93649,2
93650,2
93651,2
93652,2
93653,2
93654,2
93655,2
93656,2
93657,2
93658,2
93659,2
93660,2
93661,2
93662,2
93663,2
93664,2
93665,2
93666,2
93667,2
93668,2
93669,2
93670,2
93671,2
93672,2
93673,2
93674,2
93675,2
93676,2
93677,2
93678,2
93679,2
93680,2
93681,2
93682,2
93683,2
93684,2
93685,2
93686,2
93687,2
93688,2
93689,2
93690,2
93691,2
93692,2
93693,2
93694,2
93695,2
93696,2
93697,2
93698,2
93699,2
93700,2
93701,2
93702,2
93703,2
93704,2
93705,2
93706,2
93707,2
93708,2
93709,2
93710,2
93711,2
93712,2
93713,2
93714,2
93715,2
93716,2
93717,2
93718,2
93719,2
93720,2
93721,2
93722,2
93723,2
93724,2
93725,2
93726,2
93727,2
93728,2
93729,2
93730,2
93731,2
93732,2
93733,2
93734,2
93735,2
93736,2
93737,2
93738,2
93739,2
93740,2
93741,2
93742,2
93743,2
93744,2
93745,2
93746,2
93747,2
93748,2
93749,2
93750,2
93751,2
93752,2
93753,2
93754,2
93755,2
93756,2
93757,2
93758,2
93759,2
93760,2
93761,2
93762,2
93763,2
93764,2
93765,2
93766,2
93767,2
93768,2
93769,2
93770,2
93771,2
93772,2
93773,2
93774,2
93775,2
93776,2
93777,2
93778,2
93779,2
93780,2
93781,2
93782,2
93783,2
93784,2
93785,2
93786,2
93787,2
93788,2
93789,2
93790,2
93791,2
93792,2
93793,2
93794,2
93795,2
93796,2
93797,2
93798,2
93799,2
93800,2
93801,2
93802,2
93803,2
93804,2
93805,2
93806,2
93807,2
93808,2
93809,2
93810,2
93811,2
93812,2
93813,2
93814,2
93815,2
93816,2
93817,2
93818,2
93819,2
93820,2
93821,2
93822,2
93823,2
93824,2
93825,2
93826,2
93827,2
93828,2
93829,2
93830,2
93831,2
93832,2
93833,2
93834,2
93835,2
93836,2
93837,2
93838,2
93839,2
93840,2
93841,2
93842,2
93843,2
93844,2
93845,2
93846,2
93847,2
93848,2
93849,2
93850,2
93851,2
93852,2
93853,2
93854,2
93855,2
93856,2
93857,2
93858,2
93859,2
93860,2
93861,2
93862,2
93863,2
93864,2
93865,2
93866,2
93867,2
93868,2
93869,2
93870,2
93871,2
93872,2
93873,2
93874,2
93875,2
93876,2
93877,2
93878,2
93879,2
93880,2
93881,2
93882,2
93883,2
93884,2
93885,2
93886,2
93887,2
93888,2
93889,2
93890,2
93891,2
93892,2
93893,2
93894,2
93895,2
93896,2
93897,2
93898,2
93899,2
93900,2
93901,2
93902,2
93903,2
93904,2
93905,2
93906,2
93907,2
93908,2
93909,2
93910,2
93911,2
93912,2
93913,2
93914,2
93915,2
93916,2
93917,2
93918,2
93919,2
93920,2
93921,2
93922,2
93923,2
93924,2
93925,2
93926,2
93927,2
93928,2
93929,2
93930,2
93931,2
93932,2
93933,2
93934,2
93935,2
93936,2
93937,2
93938,2
93939,2
93940,2
93941,2
93942,2
93943,2
93944,2
93945,2
93946,2
93947,2
93948,2
93949,2
93950,2
93951,2
93952,2
93953,2
93954,2
93955,2
93956,2
93957,2
93958,2
93959,2
93960,2
93961,2
93962,2
93963,2
93964,2
93965,2
93966,2
93967,2
93968,2
93969,2
93970,2
93971,2
93972,2
93973,2
93974,2
93975,2
93976,2
93977,2
93978,2
93979,2
93980,2
93981,2
93982,2
93983,2
93984,2
93985,2
93986,2
93987,2
93988,2
93989,2
93990,2
93991,2
93992,2
93993,2
93994,2
93995,2
93996,2
93997,2
93998,2
93999,2
94000,2
94001,2
94002,2
94003,2
94004,2
94005,2
94006,2
94007,2
94008,2
94009,2
94010,2
94011,2
94012,2
94013,2
94014,2
94015,2
94016,2
94017,2
94018,2
94019,2
94020,2
94021,2
94022,2
94023,2
94024,2
94025,2
94026,2
94027,2
94028,2
94029,2
94030,2
94031,2
94032,2
94033,2
94034,2
94035,2
94036,2
94037,2
94038,2
94039,2
94040,2
94041,2
94042,2
94043,2
94044,2
94045,2
94046,2
94047,2
94048,2
94049,2
94050,2
94051,2
94052,2
94053,2
94054,2
94055,2
94056,2
94057,2
94058,2
94059,2
94060,2
94061,2
94062,2
94063,2
94064,2
94065,2
94066,2
94067,2
94068,2
94069,2
94070,2
94071,2
94072,2
94073,2
94074,2
94075,2
94076,2
94077,2
94078,2
94079,2
94080,2
94081,2
94082,2
94083,2
94084,2
94085,2
94086,2
94087,2
94088,2
94089,2
94090,2
94091,2
94092,2
94093,2
94094,2
94095,2
94096,2
94097,2
94098,2
94099,2
94100,2
94101,2
94102,2
94103,2
94104,2
94105,2
94106,2
94107,2
94108,2
94109,2
94110,2
94111,2
94112,2
94113,2
94114,2
94115,2
94116,2
94117,2
94118,2
94119,2
94120,2
94121,2
94122,2
94123,2
94124,2
94125,2
94126,2
94127,2
94128,2
94129,2
94130,2
94131,2
94132,2
94133,2
94134,2
94135,2
94136,2
94137,2
94138,2
94139,2
94140,2
94141,2
94142,2
94143,2
94144,2
94145,2
94146,2
94147,2
94148,2
94149,2
94150,2
94151,2
94152,2
94153,2
94154,2
94155,2
94156,2
94157,2
94158,2
94159,2
94160,2
94161,2
94162,2
94163,2
94164,2
94165,2
94166,2
94167,2
94168,2
94169,2
94170,2
94171,2
94172,2
94173,2
94174,2
94175,2
94176,2
94177,2
94178,2
94179,2
94180,2
94181,2
94182,2
94183,2
94184,2
94185,2
94186,2
94187,2
94188,2
94189,2
94190,2
94191,2
94192,2
94193,2
94194,2
94195,2
94196,2
94197,2
94198,2
94199,2
94200,2
94201,2
94202,2
94203,2
94204,2
94205,2
94206,2
94207,2
94208,2
94209,2
94210,2
94211,2
94212,2
94213,2
94214,2
94215,2
94216,2
94217,2
94218,2
94219,2
94220,2
94221,2
94222,2
94223,2
94224,2
94225,2
94226,2
94227,2
94228,2
94229,2
94230,2
94231,2
94232,2
94233,2
94234,2
94235,2
94236,2
94237,2
94238,2
94239,2
94240,2
94241,2
94242,2
94243,4
94244,2
94245,2
94246,2
94247,2
94248,2
94249,2
94250,2
94251,2
94252,2
94253,2
94254,2
94255,2
94256,2
94257,2
94258,2
94259,2
94260,2
94261,2
94262,2
94263,2
94264,2
94265,2
94266,2
94267,2
94268,2
94269,2
94270,2
94271,2
94272,2
94273,2
94274,2
94275,2
94276,2
94277,2
94278,2
94279,2
94280,2
94281,2
94282,2
94283,4
94284,2
94285,2
94286,3
94287,2
94288,2
94289,2
94290,2
94291,2
94292,2
94293,4
94294,2
94295,2
94296,2
94297,2
94298,4
94299,2
94300,2
94301,2
94302,2
94303,2
94304,2
94305,2
94306,2
94307,2
94308,2
94309,2
94310,2
94311,2
94312,2
94313,2
94314,2
94315,2
94316,2
94317,2
94318,2
94319,2
94320,2
94321,2
94322,2
94323,2
94324,2
94325,2
94326,2
94327,2
94328,2
94329,2
94330,2
94331,2
94332,2
94333,2
94334,2
94335,2
94336,2
94337,2
94338,2
94339,2
94340,2
94341,2
94342,2
94343,2
94344,2
94345,2
94346,2
94347,2
94348,2
94349,2
94350,2
94351,2
94352,2
94353,2
94354,2
94355,2
94356,2
94357,2
94358,2
94359,2
94360,2
94361,1
94362,1
94363,1
94364,3
94365,3
94366,4
94367,3
94368,1
94369,2
94370,2
94371,2
94372,2
94373,2
94374,2
94375,2
94376,2
94377,2
94378,2
94379,2
94380,2
94381,2
94382,2
94383,2
94384,2
94385,2
94386,2
94387,2
94388,2
94389,2
94390,2
94391,2
94392,2
94393,2
94394,2
94395,2
94396,2
94397,2
94398,2
94399,2
94400,2
94401,2
94402,2
94403,2
94404,2
94405,2
94406,2
94407,2
94408,2
94409,2
94410,2
94411,2
94412,2
94413,2
94414,2
94415,2
94416,2
94417,2
94418,2
94419,2
94420,2
94421,2
94422,2
94423,2
94424,2
94425,2
94426,2
94427,2
94428,2
94429,2
94430,2
94431,2
94432,2
94433,2
94434,2
94435,2
94436,2
94437,2
94438,2
94439,2
94440,2
94441,2
94442,2
94443,2
94444,2
94445,2
94446,2
94447,2
94448,2
94449,2
94450,2
94451,2
94452,2
94453,2
94454,2
94455,2
94456,2
94457,2
94458,2
94459,2
94460,2
94461,2
94462,2
94463,2
94464,2
94465,2
94466,2
94467,2
94468,2
94469,2
94470,2
94471,2
94472,2
94473,2
94474,2
94475,2
94476,2
94477,2
94478,2
94479,2
94480,2
94481,2
94482,2
94483,2
94484,2
94485,2
94486,2
94487,3
94488,2
94489,2
94490,2
94491,2
94492,2
94493,2
94494,2
94495,2
94496,2
94497,2
94498,2
94499,2
94500,2
94501,2
94502,2
94503,2
94504,2
94505,2
94506,2
94507,2
94508,2
94509,2
94510,2
94511,2
94512,2
94513,2
94514,2
94515,2
94516,2
94517,2
94518,2
94519,2
94520,2
94521,2
94522,2
94523,2
94524,2
94525,2
94526,2
94527,2
94528,2
94529,2
94530,2
94531,2
94532,2
94533,2
94534,2
94535,2
94536,2
94537,2
94538,2
94539,2
94540,2
94541,2
94542,2
94543,2
94544,2
94545,2
94546,2
94547,2
94548,2
94549,2
94550,2
94551,2
94552,2
94553,2
94554,2
94555,2
94556,2
94557,2
94558,2
94559,2
94560,2
94561,2
94562,2
94563,2
94564,2
94565,2
94566,2
94567,2
94568,2
94569,2
94570,2
94571,2
94572,2
94573,2
94574,2
94575,2
94576,2
94577,2
94578,2
94579,2
94580,2
94581,2
94582,2
94583,2
94584,2
94585,2
94586,2
94587,2
94588,2
94589,2
94590,2
94591,2
94592,2
94593,2
94594,2
94595,2
94596,2
94597,2
94598,2
94599,2
94600,2
94601,2
94602,2
94603,2
94604,2
94605,2
94606,2
94607,2
94608,2
94609,2
94610,2
94611,2
94612,2
94613,2
94614,2
94615,2
94616,2
94617,2
94618,2
94619,2
94620,2
94621,2
94622,2
94623,2
94624,2
94625,2
94626,2
94627,2
94628,2
94629,2
94630,2
94631,2
94632,2
94633,2
94634,2
94635,2
94636,2
94637,2
94638,2
94639,2
94640,2
94641,2
94642,2
94643,2
94644,2
94645,2
94646,2
94647,2
94648,2
94649,2
94650,2
94651,2
94652,2
94653,2
94654,2
94655,2
94656,2
94657,2
94658,2
94659,2
94660,2
94661,2
94662,2
94663,2
94664,2
94665,2
94666,2
94667,2
94668,2
94669,2
94670,2
94671,2
94672,2
94673,2
94674,2
94675,2
94676,2
94677,2
94678,2
94679,2
94680,2
94681,2
94682,2
94683,2
94684,2
94685,2
94686,2
94687,2
94688,2
94689,2
94690,2
94691,2
94692,2
94693,2
94694,2
94695,4
94696,2
94697,2
94698,2
94699,2
94700,2
94701,2
94702,2
94703,2
94704,2
94705,2
94706,2
94707,2
94708,2
94709,2
94710,2
94711,2
94712,2
94713,2
94714,2
94715,2
94716,2
94717,2
94718,2
94719,2
94720,2
94721,2
94722,2
94723,2
94724,2
94725,2
94726,2
94727,4
94728,2
94729,2
94730,2
94731,2
94732,2
94733,2
94734,2
94735,2
94736,2
94737,2
94738,2
94739,2
94740,2
94741,2
94742,2
94743,2
94744,2
94745,2
94746,2
94747,2
94748,2
94749,2
94750,2
94751,2
94752,2
94753,2
94754,2
94755,2
94756,2
94757,2
94758,2
94759,2
94760,2
94761,2
94762,2
94763,2
94764,2
94765,2
94766,2
94767,2
94768,2
94769,2
94770,2
94771,2
94772,2
94773,2
94774,2
94775,2
94776,2
94777,2
94778,2
94779,2
94780,2
94781,2
94782,2
94783,2
94784,2
94785,2
94786,2
94787,2
94788,4
94789,2
94790,2
94791,2
94792,2
94793,2
94794,2
94795,2
94796,2
94797,2
94798,2
94799,2
94800,2
94801,2
94802,2
94803,2
94804,4
94805,2
94806,2
94807,2
94808,2
94809,2
94810,2
94811,2
94812,2
94813,2
94814,2
94815,2
94816,2
94817,2
94818,2
94819,2
94820,2
94821,2
94822,2
94823,2
94824,2
94825,2
94826,2
94827,2
94828,2
94829,2
94830,2
94831,2
94832,2
94833,2
94834,2
94835,2
94836,2
94837,2
94838,2
94839,2
94840,2
94841,4
94842,2
94843,2
94844,2
94845,2
94846,2
94847,2
94848,2
94849,2
94850,2
94851,2
94852,2
94853,2
94854,2
94855,2
94856,2
94857,2
94858,2
94859,2
94860,2
94861,2
94862,2
94863,2
94864,3
94865,2
94866,4
94867,2
94868,2
94869,2
94870,2
94871,2
94872,2
94873,2
94874,2
94875,2
94876,2
94877,2
94878,2
94879,2
94880,2
94881,2
94882,2
94883,2
94884,2
94885,2
94886,2
94887,2
94888,2
94889,2
94890,2
94891,2
94892,2
94893,2
94894,2
94895,2
94896,2
94897,2
94898,3
94899,3
94900,2
94901,2
94902,2
94903,3
94904,2
94905,2
94906,2
94907,2
94908,2
94909,2
94910,2
94911,2
94912,2
94913,2
94914,2
94915,2
94916,2
94917,2
94918,2
94919,2
94920,2
94921,2
94922,3
94923,3
94924,2
94925,3
94926,2
94927,4
94928,2
94929,2
94930,2
94931,2
94932,2
94933,2
94934,2
94935,2
94936,2
94937,2
94938,2
94939,3
94940,2
94941,2
94942,2
94943,2
94944,2
94945,2
94946,2
94947,2
94948,4
94949,2
94950,2
94951,3
94952,4
94953,3
94954,2
94955,3
94956,4
94957,3
94958,2
94959,3
94960,2
94961,2
94962,2
94963,1
94964,3
94965,2
94966,4
94967,2
94968,3
94969,1
94970,4
94971,1
94972,1
94973,2
94974,1
94975,2
94976,2
94977,2
94978,2
94979,2
94980,2
94981,2
94982,2
94983,2
94984,2
94985,2
94986,2
94987,2
94988,2
94989,2
94990,2
94991,2
94992,2
94993,2
94994,2
94995,2
94996,2
94997,2
94998,2
94999,2
95000,2
95001,2
95002,2
95003,2
95004,2
95005,2
95006,2
95007,2
95008,2
95009,2
95010,2
95011,2
95012,2
95013,2
95014,2
95015,2
95016,2
95017,2
95018,2
95019,2
95020,2
95021,2
95022,2
95023,2
95024,2
95025,2
95026,2
95027,2
95028,2
95029,2
95030,2
95031,2
95032,2
95033,2
95034,2
95035,2
95036,2
95037,2
95038,2
95039,2
95040,2
95041,2
95042,2
95043,2
95044,2
95045,2
95046,2
95047,2
95048,2
95049,2
95050,2
95051,2
95052,2
95053,2
95054,2
95055,2
95056,2
95057,2
95058,2
95059,2
95060,2
95061,2
95062,2
95063,2
95064,2
95065,2
95066,2
95067,2
95068,2
95069,2
95070,2
95071,2
95072,2
95073,2
95074,2
95075,2
95076,2
95077,2
95078,2
95079,2
95080,2
95081,2
95082,2
95083,2
95084,2
95085,2
95086,2
95087,2
95088,2
95089,2
95090,2
95091,2
95092,2
95093,2
95094,2
95095,2
95096,2
95097,2
95098,2
95099,2
95100,2
95101,2
95102,2
95103,2
95104,2
95105,2
95106,2
95107,2
95108,2
95109,2
95110,2
95111,2
95112,2
95113,2
95114,2
95115,2
95116,2
95117,2
95118,2
95119,2
95120,2
95121,2
95122,2
95123,2
95124,2
95125,2
95126,2
95127,2
95128,2
95129,2
95130,2
95131,2
95132,2
95133,2
95134,2
95135,2
95136,2
95137,2
95138,2
95139,2
95140,2
95141,2
95142,2
95143,2
95144,2
95145,2
95146,2
95147,2
95148,2
95149,2
95150,2
95151,2
95152,2
95153,2
95154,2
95155,2
95156,2
95157,2
95158,2
95159,2
95160,2
95161,2
95162,2
95163,2
95164,2
95165,2
95166,2
95167,2
95168,2
95169,2
95170,2
95171,2
95172,2
95173,2
95174,2
95175,2
95176,2
95177,2
95178,2
95179,2
95180,2
95181,2
95182,2
95183,2
95184,2
95185,2
95186,2
95187,2
95188,2
95189,2
95190,2
95191,2
95192,2
95193,2
95194,2
95195,2
95196,2
95197,2
95198,2
95199,2
95200,2
95201,2
95202,2
95203,2
95204,2
95205,2
95206,2
95207,2
95208,2
95209,2
95210,2
95211,2
95212,2
95213,2
95214,2
95215,2
95216,2
95217,2
95218,2
95219,2
95220,2
95221,2
95222,2
95223,2
95224,2
95225,2
95226,2
95227,2
95228,2
95229,2
95230,2
95231,2
95232,2
95233,2
95234,2
95235,2
95236,2
95237,2
95238,2
95239,2
95240,2
95241,2
95242,2
95243,2
95244,2
95245,2
95246,4
95247,2
95248,2
95249,2
95250,2
95251,2
95252,2
95253,2
95254,2
95255,2
95256,2
95257,2
95258,2
95259,2
95260,2
95261,2
95262,2
95263,2
95264,2
95265,2
95266,2
95267,2
95268,2
95269,2
95270,2
95271,2
95272,2
95273,2
95274,2
95275,2
95276,2
95277,2
95278,2
95279,2
95280,2
95281,2
95282,2
95283,2
95284,2
95285,2
95286,2
95287,2
95288,2
95289,2
95290,2
95291,2
95292,2
95293,2
95294,2
95295,2
95296,2
95297,2
95298,2
95299,2
95300,2
95301,2
95302,2
95303,2
95304,2
95305,2
95306,2
95307,2
95308,2
95309,2
95310,2
95311,2
95312,2
95313,2
95314,2
95315,2
95316,2
95317,2
95318,2
95319,2
95320,2
95321,2
95322,2
95323,2
95324,2
95325,2
95326,2
95327,2
95328,2
95329,2
95330,2
95331,2
95332,2
95333,2
95334,2
95335,2
95336,2
95337,2
95338,2
95339,2
95340,2
95341,2
95342,2
95343,2
95344,2
95345,2
95346,2
95347,2
95348,2
95349,2
95350,2
95351,2
95352,2
95353,2
95354,2
95355,2
95356,2
95357,2
95358,2
95359,2
95360,2
95361,2
95362,2
95363,2
95364,2
95365,2
95366,2
95367,2
95368,2
95369,2
95370,2
95371,2
95372,2
95373,2
95374,2
95375,2
95376,2
95377,2
95378,2
95379,2
95380,2
95381,2
95382,2
95383,2
95384,2
95385,2
95386,2
95387,2
95388,2
95389,2
95390,2
95391,2
95392,2
95393,2
95394,2
95395,2
95396,2
95397,2
95398,2
95399,2
95400,2
95401,2
95402,2
95403,2
95404,2
95405,2
95406,2
95407,2
95408,2
95409,2
95410,2
95411,2
95412,2
95413,2
95414,2
95415,2
95416,2
95417,2
95418,2
95419,2
95420,2
95421,2
95422,2
95423,2
95424,2
95425,2
95426,2
95427,2
95428,2
95429,2
95430,2
95431,2
95432,2
95433,2
95434,2
95435,2
95436,2
95437,2
95438,2
95439,2
95440,2
95441,2
95442,2
95443,2
95444,2
95445,2
95446,2
95447,2
95448,2
95449,2
95450,2
95451,2
95452,2
95453,2
95454,2
95455,2
95456,2
95457,2
95458,2
95459,2
95460,2
95461,2
95462,2
95463,2
95464,2
95465,2
95466,2
95467,2
95468,2
95469,2
95470,2
95471,2
95472,2
95473,1
95474,3
95475,2
95476,2
95477,3
95478,3
95479,3
95480,3
95481,3
95482,3
95483,3
95484,3
95485,3
95486,2
95487,3
95488,3
95489,3
95490,3
95491,3
95492,3
95493,3
95494,3
95495,3
95496,3
95497,3
95498,2
95499,2
95500,2
95501,2
95502,2
95503,3
95504,2
95505,2
95506,2
95507,2
95508,3
95509,3
95510,3
95511,3
95512,3
95513,3
95514,3
95515,3
95516,3
95517,3
95518,3
95519,3
95520,3
95521,3
95522,3
95523,3
95524,2
95525,3
95526,2
95527,3
95528,3
95529,3
95530,3
95531,2
95532,2
95533,2
95534,2
95535,3
95536,2
95537,3
95538,3
95539,3
95540,3
95541,2
95542,2
95543,3
95544,2
95545,2
95546,3
95547,3
95548,3
95549,2
95550,2
95551,2
95552,2
95553,2
95554,3
95555,2
95556,2
95557,2
95558,2
95559,2
95560,2
95561,2
95562,3
95563,2
95564,3
95565,3
95566,2
95567,2
95568,2
95569,2
95570,3
95571,3
95572,0
95573,3
95574,3
95575,3
95576,2
95577,0
95578,0
95579,3
95580,2
95581,2
95582,2
95583,2
95584,2
95585,2
95586,2
95587,2
95588,2
95589,2
95590,3
95591,2
95592,2
95593,3
95594,2
95595,3
95596,3
95597,3
95598,2
95599,2
95600,2
95601,3
95602,3
95603,3
95604,3
95605,3
95606,3
95607,3
95608,3
95609,3
95610,3
95611,1
95612,1
95613,2
95614,3
95615,2
95616,3
95617,3
95618,3
95619,2
95620,1
95621,3
95622,3
95623,3
95624,3
95625,1
95626,1
95627,1
95628,1
95629,3
95630,3
95631,2
95632,2
95633,3
95634,2
95635,3
95636,3
95637,3
95638,2
95639,2
95640,2
95641,3
95642,3
95643,2
95644,3
95645,3
95646,3
95647,3
95648,3
95649,3
95650,3
95651,3
95652,2
95653,3
95654,3
95655,2
95656,3
95657,2
95658,3
95659,3
95660,3
95661,3
95662,3
95663,2
95664,3
95665,3
95666,3
95667,3
95668,3
95669,3
95670,2
95671,3
95672,3
95673,3
95674,3
95675,2
95676,3
95677,3
95678,3
95679,3
95680,2
95681,2
95682,3
95683,3
95684,2
95685,3
95686,2
95687,2
95688,2
95689,1
95690,1
95691,3
95692,1
95693,3
95694,3
95695,1
95696,1
95697,3
95698,3
95699,3
95700,3
95701,3
95702,3
95703,2
95704,3
95705,3
95706,3
95707,3
95708,3
95709,3
95710,2
95711,2
95712,3
95713,3
95714,3
95715,3
95716,3
95717,3
95718,3
95719,3
95720,3
95721,0
95722,3
95723,3
95724,3
95725,3
95726,3
95727,3
95728,3
95729,3
95730,3
95731,3
95732,3
95733,3
95734,3
95735,3
95736,3
95737,3
95738,3
95739,3
95740,3
95741,3
95742,3
95743,3
95744,3
95745,3
95746,3
95747,3
95748,3
95749,3
95750,3
95751,3
95752,3
95753,3
95754,3
95755,3
95756,3
95757,3
95758,3
95759,3
95760,3
95761,3
95762,3
95763,3
95764,3
95765,3
95766,3
95767,3
95768,3
95769,3
95770,3
95771,3
95772,3
95773,3
95774,0
95775,3
95776,3
95777,3
95778,3
95779,0
95780,3
95781,3
95782,3
95783,3
95784,3
95785,3
95786,3
95787,3
95788,3
95789,0
95790,3
95791,2
95792,3
95793,3
95794,3
95795,3
95796,3
95797,3
95798,3
95799,3
95800,3
95801,3
95802,2
95803,3
95804,3
95805,3
95806,2
95807,3
95808,3
95809,2
95810,2
95811,2
95812,2
95813,3
95814,2
95815,3
95816,3
95817,3
95818,3
95819,3
95820,3
95821,3
95822,3
95823,3
95824,3
95825,3
95826,3
95827,3
95828,3
95829,3
95830,3
95831,3
95832,2
95833,3
95834,3
95835,3
95836,2
95837,3
95838,0
95839,3
95840,0
95841,0
95842,3
95843,3
95844,3
95845,3
95846,3
95847,3
95848,3
95849,2
95850,3
95851,3
95852,3
95853,3
95854,3
95855,2
95856,2
95857,3
95858,3
95859,3
95860,3
95861,0
95862,3
95863,3
95864,3
95865,3
95866,3
95867,3
95868,3
95869,1
95870,3
95871,1
95872,3
95873,3
95874,2
95875,3
95876,1
95877,3
95878,3
95879,3
95880,3
95881,3
95882,3
95883,3
95884,3
95885,3
95886,3
95887,3
95888,3
95889,3
95890,3
95891,3
95892,3
95893,3
95894,3
95895,3
95896,3
95897,3
95898,3
95899,3
95900,3
95901,3
95902,3
95903,3
95904,3
95905,2
95906,3
95907,3
95908,3
95909,3
95910,3
95911,3
95912,3
95913,3
95914,3
95915,3
95916,3
95917,3
95918,3
95919,3
95920,3
95921,3
95922,3
95923,3
95924,3
95925,3
95926,3
95927,3
95928,3
95929,3
95930,3
95931,3
95932,3
95933,3
95934,3
95935,2
95936,2
95937,2
95938,3
95939,3
95940,3
95941,3
95942,3
95943,3
95944,3
95945,3
95946,3
95947,2
95948,2
95949,3
95950,3
95951,3
95952,3
95953,3
95954,2
95955,3
95956,3
95957,3
95958,2
95959,2
95960,3
95961,3
95962,3
95963,3
95964,2
95965,3
95966,3
95967,2
95968,3
95969,3
95970,3
95971,3
95972,3
95973,3
95974,3
95975,3
95976,3
95977,3
95978,3
95979,3
95980,2
95981,3
95982,3
95983,3
95984,3
95985,3
95986,3
95987,3
95988,3
95989,3
95990,3
95991,3
95992,3
95993,3
95994,3
95995,3
95996,3
95997,3
95998,3
95999,3
96000,3
96001,3
96002,3
96003,3
96004,3
96005,3
96006,3
96007,3
96008,3
96009,3
96010,3
96011,3
96012,3
96013,3
96014,3
96015,3
96016,3
96017,3
96018,3
96019,3
96020,3
96021,3
96022,3
96023,2
96024,3
96025,3
96026,3
96027,3
96028,3
96029,3
96030,3
96031,3
96032,3
96033,3
96034,2
96035,3
96036,3
96037,3
96038,3
96039,3
96040,3
96041,3
96042,3
96043,3
96044,3
96045,3
96046,3
96047,3
96048,3
96049,3
96050,3
96051,3
96052,2
96053,2
96054,3
96055,3
96056,3
96057,3
96058,3
96059,2
96060,3
96061,3
96062,3
96063,3
96064,3
96065,3
96066,3
96067,2
96068,3
96069,3
96070,2
96071,3
96072,3
96073,3
96074,3
96075,3
96076,3
96077,3
96078,3
96079,3
96080,3
96081,3
96082,3
96083,3
96084,3
96085,3
96086,3
96087,3
96088,3
96089,3
96090,3
96091,3
96092,3
96093,2
96094,3
96095,3
96096,3
96097,3
96098,3
96099,3
96100,3
96101,3
96102,3
96103,3
96104,3
96105,3
96106,3
96107,3
96108,3
96109,3
96110,3
96111,3
96112,3
96113,2
96114,3
96115,3
96116,3
96117,3
96118,3
96119,3
96120,3
96121,3
96122,3
96123,3
96124,3
96125,3
96126,3
96127,3
96128,3
96129,3
96130,3
96131,3
96132,3
96133,3
96134,3
96135,3
96136,3
96137,3
96138,3
96139,2
96140,3
96141,3
96142,3
96143,3
96144,3
96145,3
96146,3
96147,3
96148,3
96149,2
96150,3
96151,3
96152,3
96153,3
96154,3
96155,3
96156,3
96157,3
96158,3
96159,2
96160,3
96161,3
96162,2
96163,3
96164,3
96165,3
96166,3
96167,3
96168,3
96169,3
96170,2
96171,3
96172,3
96173,3
96174,3
96175,3
96176,3
96177,3
96178,3
96179,3
96180,3
96181,3
96182,3
96183,3
96184,2
96185,3
96186,3
96187,3
96188,3
96189,3
96190,3
96191,3
96192,3
96193,3
96194,3
96195,3
96196,3
96197,3
96198,3
96199,3
96200,3
96201,3
96202,3
96203,3
96204,3
96205,4
96206,2
96207,3
96208,2
96209,3
96210,2
96211,3
96212,2
96213,3
96214,3
96215,3
96216,3
96217,3
96218,3
96219,3
96220,3
96221,3
96222,3
96223,3
96224,3
96225,3
96226,3
96227,3
96228,3
96229,3
96230,2
96231,2
96232,2
96233,3
96234,3
96235,3
96236,3
96237,3
96238,3
96239,2
96240,3
96241,3
96242,3
96243,3
96244,3
96245,3
96246,3
96247,3
96248,3
96249,3
96250,3
96251,3
96252,3
96253,3
96254,3
96255,3
96256,3
96257,3
96258,3
96259,3
96260,3
96261,3
96262,3
96263,3
96264,3
96265,3
96266,3
96267,3
96268,3
96269,3
96270,3
96271,3
96272,3
96273,3
96274,3
96275,3
96276,3
96277,3
96278,3
96279,1
96280,2
96281,3
96282,3
96283,3
96284,4
96285,3
96286,3
96287,2
96288,2
96289,3
96290,3
96291,3
96292,2
96293,3
96294,2
96295,3
96296,3
96297,3
96298,2
96299,3
96300,2
96301,2
96302,2
96303,3
96304,3
96305,3
96306,3
96307,3
96308,3
96309,3
96310,3
96311,3
96312,3
96313,3
96314,3
96315,3
96316,3
96317,3
96318,3
96319,3
96320,3
96321,1
96322,3
96323,3
96324,3
96325,3
96326,3
96327,3
96328,3
96329,3
96330,3
96331,3
96332,3
96333,3
96334,3
96335,3
96336,3
96337,3
96338,3
96339,3
96340,3
96341,3
96342,3
96343,3
96344,3
96345,3
96346,3
96347,2
96348,3
96349,3
96350,3
96351,3
96352,3
96353,3
96354,3
96355,3
96356,3
96357,3
96358,3
96359,3
96360,3
96361,3
96362,2
96363,3
96364,2
96365,3
96366,3
96367,3
96368,2
96369,2
96370,2
96371,3
96372,3
96373,3
96374,3
96375,3
96376,3
96377,3
96378,3
96379,3
96380,2
96381,2
96382,3
96383,3
96384,3
96385,3
96386,3
96387,3
96388,3
96389,3
96390,3
96391,3
96392,3
96393,3
96394,3
96395,3
96396,3
96397,3
96398,3
96399,3
96400,3
96401,3
96402,2
96403,2
96404,3
96405,3
96406,3
96407,3
96408,3
96409,3
96410,3
96411,2
96412,3
96413,3
96414,3
96415,3
96416,3
96417,3
96418,3
96419,3
96420,3
96421,3
96422,2
96423,3
96424,3
96425,3
96426,3
96427,3
96428,3
96429,3
96430,3
96431,3
96432,3
96433,3
96434,3
96435,3
96436,3
96437,3
96438,3
96439,3
96440,3
96441,3
96442,3
96443,3
96444,3
96445,3
96446,3
96447,3
96448,3
96449,2
96450,3
96451,3
96452,3
96453,3
96454,3
96455,3
96456,3
96457,3
96458,3
96459,3
96460,2
96461,3
96462,3
96463,3
96464,3
96465,3
96466,3
96467,3
96468,2
96469,3
96470,3
96471,2
96472,3
96473,3
96474,3
96475,2
96476,3
96477,3
96478,3
96479,3
96480,3
96481,3
96482,2
96483,3
96484,3
96485,3
96486,3
96487,3
96488,3
96489,3
96490,3
96491,3
96492,3
96493,3
96494,3
96495,3
96496,3
96497,3
96498,3
96499,3
96500,3
96501,3
96502,2
96503,3
96504,3
96505,3
96506,3
96507,3
96508,3
96509,3
96510,3
96511,3
96512,3
96513,3
96514,3
96515,3
96516,3
96517,3
96518,3
96519,3
96520,3
96521,2
96522,2
96523,3
96524,3
96525,3
96526,3
96527,3
96528,3
96529,2
96530,3
96531,3
96532,3
96533,3
96534,3
96535,3
96536,3
96537,3
96538,3
96539,3
96540,3
96541,3
96542,3
96543,3
96544,3
96545,3
96546,3
96547,3
96548,3
96549,3
96550,3
96551,3
96552,3
96553,1
96554,3
96555,3
96556,3
96557,3
96558,3
96559,3
96560,3
96561,3
96562,3
96563,3
96564,3
96565,3
96566,3
96567,3
96568,3
96569,3
96570,3
96571,3
96572,3
96573,3
96574,3
96575,3
96576,3
96577,3
96578,3
96579,3
96580,3
96581,3
96582,3
96583,3
96584,3
96585,3
96586,3
96587,3
96588,3
96589,3
96590,1
96591,3
96592,3
96593,3
96594,3
96595,3
96596,3
96597,3
96598,3
96599,3
96600,2
96601,3
96602,3
96603,3
96604,3
96605,3
96606,3
96607,3
96608,3
96609,3
96610,3
96611,3
96612,3
96613,3
96614,3
96615,3
96616,3
96617,3
96618,3
96619,3
96620,3
96621,3
96622,3
96623,3
96624,3
96625,3
96626,3
96627,3
96628,3
96629,3
96630,3
96631,3
96632,3
96633,2
96634,2
96635,3
96636,3
96637,3
96638,3
96639,3
96640,3
96641,3
96642,3
96643,3
96644,2
96645,3
96646,3
96647,3
96648,3
96649,3
96650,3
96651,3
96652,3
96653,3
96654,3
96655,3
96656,3
96657,3
96658,3
96659,3
96660,3
96661,3
96662,3
96663,2
96664,2
96665,3
96666,3
96667,3
96668,2
96669,3
96670,3
96671,3
96672,3
96673,3
96674,3
96675,3
96676,3
96677,3
96678,3
96679,3
96680,3
96681,2
96682,3
96683,3
96684,3
96685,3
96686,3
96687,3
96688,3
96689,3
96690,3
96691,3
96692,3
96693,3
96694,3
96695,3
96696,3
96697,3
96698,3
96699,3
96700,3
96701,3
96702,3
96703,1
96704,1
96705,1
96706,3
96707,3
96708,3
96709,3
96710,3
96711,3
96712,3
96713,3
96714,3
96715,3
96716,3
96717,3
96718,3
96719,3
96720,3
96721,2
96722,3
96723,3
96724,2
96725,3
96726,2
96727,3
96728,3
96729,2
96730,3
96731,3
96732,3
96733,3
96734,3
96735,3
96736,3
96737,3
96738,3
96739,3
96740,3
96741,3
96742,3
96743,3
96744,3
96745,3
96746,3
96747,3
96748,3
96749,3
96750,3
96751,3
96752,3
96753,3
96754,3
96755,3
96756,3
96757,3
96758,3
96759,3
96760,3
96761,3
96762,3
96763,3
96764,3
96765,3
96766,3
96767,3
96768,3
96769,2
96770,2
96771,2
96772,3
96773,3
96774,3
96775,3
96776,3
96777,3
96778,3
96779,3
96780,2
96781,3
96782,2
96783,2
96784,3
96785,1
96786,3
96787,3
96788,3
96789,3
96790,3
96791,3
96792,3
96793,3
96794,2
96795,3
96796,3
96797,3
96798,2
96799,3
96800,3
96801,3
96802,3
96803,3
96804,3
96805,1
96806,2
96807,3
96808,2
96809,3
96810,2
96811,2
96812,3
96813,3
96814,3
96815,3
96816,2
96817,3
96818,3
96819,3
96820,3
96821,3
96822,3
96823,3
96824,3
96825,3
96826,3
96827,3
96828,3
96829,3
96830,3
96831,3
96832,3
96833,3
96834,3
96835,3
96836,3
96837,3
96838,3
96839,3
96840,3
96841,3
96842,3
96843,3
96844,2
96845,3
96846,3
96847,3
96848,3
96849,3
96850,3
96851,3
96852,3
96853,3
96854,3
96855,3
96856,3
96857,3
96858,3
96859,3
96860,3
96861,3
96862,3
96863,3
96864,3
96865,3
96866,3
96867,3
96868,3
96869,3
96870,3
96871,2
96872,3
96873,3
96874,3
96875,3
96876,3
96877,3
96878,1
96879,3
96880,3
96881,3
96882,3
96883,3
96884,3
96885,3
96886,2
96887,3
96888,3
96889,3
96890,3
96891,3
96892,3
96893,3
96894,2
96895,3
96896,3
96897,3
96898,3
96899,2
96900,3
96901,2
96902,3
96903,3
96904,3
96905,3
96906,2
96907,3
96908,3
96909,3
96910,3
96911,3
96912,3
96913,3
96914,3
96915,2
96916,3
96917,2
96918,3
96919,2
96920,3
96921,3
96922,3
96923,3
96924,3
96925,3
96926,3
96927,3
96928,3
96929,3
96930,3
96931,1
96932,1
96933,3
96934,3
96935,3
96936,3
96937,3
96938,3
96939,3
96940,3
96941,3
96942,4
96943,3
96944,3
96945,3
96946,3
96947,3
96948,3
96949,3
96950,3
96951,3
96952,3
96953,3
96954,3
96955,3
96956,3
96957,3
96958,3
96959,3
96960,3
96961,3
96962,2
96963,3
96964,3
96965,3
96966,3
96967,3
96968,3
96969,3
96970,3
96971,3
96972,3
96973,3
96974,3
96975,3
96976,3
96977,3
96978,3
96979,3
96980,3
96981,3
96982,3
96983,3
96984,3
96985,3
96986,3
96987,3
96988,3
96989,3
96990,3
96991,3
96992,3
96993,3
96994,3
96995,3
96996,3
96997,3
96998,3
96999,3
97000,3
97001,3
97002,3
97003,3
97004,3
97005,3
97006,3
97007,3
97008,3
97009,3
97010,3
97011,3
97012,3
97013,3
97014,3
97015,3
97016,3
97017,3
97018,3
97019,3
97020,3
97021,3
97022,3
97023,3
97024,3
97025,3
97026,3
97027,3
97028,3
97029,3
97030,3
97031,3
97032,3
97033,3
97034,3
97035,3
97036,3
97037,3
97038,3
97039,3
97040,3
97041,2
97042,3
97043,3
97044,3
97045,3
97046,3
97047,3
97048,3
97049,2
97050,3
97051,3
97052,2
97053,2
97054,3
97055,2
97056,2
97057,2
97058,3
97059,1
97060,1
97061,3
97062,3
97063,2
97064,1
97065,2
97066,3
97067,3
97068,3
97069,3
97070,2
97071,3
97072,3
97073,3
97074,3
97075,2
97076,2
97077,3
97078,3
97079,3
97080,1
97081,3
97082,3
97083,2
97084,2
97085,2
97086,3
97087,2
97088,2
97089,2
97090,2
97091,2
97092,2
97093,2
97094,2
97095,2
97096,2
97097,2
97098,3
97099,2
97100,3
97101,3
97102,2
97103,3
97104,3
97105,2
97106,2
97107,2
97108,1
97109,3
97110,3
97111,1
97112,1
97113,3
97114,5
97115,3
97116,3
97117,2
97118,3
97119,3
97120,3
97121,2
97122,3
97123,3
97124,3
97125,3
97126,3
97127,3
97128,3
97129,3
97130,3
97131,3
97132,3
97133,3
97134,3
97135,3
97136,3
97137,3
97138,3
97139,3
97140,3
97141,3
97142,3
97143,3
97144,3
97145,3
97146,2
97147,2
97148,3
97149,3
97150,3
97151,3
97152,3
97153,3
97154,3
97155,3
97156,2
97157,3
97158,3
97159,3
97160,2
97161,2
97162,2
97163,2
97164,2
97165,2
97166,2
97167,2
97168,2
97169,2
97170,2
97171,2
97172,2
97173,2
97174,3
97175,2
97176,0
97177,2
97178,2
97179,0
97180,2
97181,0
97182,2
97183,2
97184,2
97185,2
97186,0
97187,2
97188,2
97189,2
97190,2
97191,2
97192,3
97193,2
97194,3
97195,3
97196,0
97197,3
97198,3
97199,3
97200,2
97201,3
97202,3
97203,3
97204,2
97205,2
97206,2
97207,2
97208,2
97209,3
97210,2
97211,3
97212,3
97213,3
97214,3
97215,1
97216,1
97217,3
97218,3
97219,3
97220,2
97221,2
97222,2
97223,3
97224,1
97225,2
97226,2
97227,3
97228,2
97229,2
97230,3
97231,2
97232,2
97233,2
97234,2
97235,2
97236,3
97237,2
97238,3
97239,2
97240,3
97241,3
97242,2
97243,2
97244,2
97245,2
97246,2
97247,0
97248,2
97249,3
97250,2
97251,2
97252,2
97253,2
97254,3
97255,2
97256,3
97257,2
97258,2
97259,2
97260,3
97261,2
97262,0
97263,0
97264,2
97265,2
97266,2
97267,2
97268,2
97269,2
97270,2
97271,2
97272,3
97273,2
97274,3
97275,2
97276,2
97277,2
97278,2
97279,2
97280,2
97281,0
97282,2
97283,2
97284,0
97285,2
97286,0
97287,2
97288,0
97289,2
97290,2
97291,2
97292,3
97293,3
97294,2
97295,2
97296,2
97297,2
97298,2
97299,0
97300,2
97301,0
97302,2
97303,3
97304,3
97305,2
97306,2
97307,2
97308,0
97309,0
97310,3
97311,2
97312,2
97313,0
97314,2
97315,0
97316,2
97317,2
97318,0
97319,2
97320,0
97321,0
97322,0
97323,3
97324,3
97325,2
97326,2
97327,0
97328,0
97329,2
97330,2
97331,2
97332,2
97333,0
97334,3
97335,2
97336,2
97337,2
97338,3
97339,3
97340,3
97341,3
97342,3
97343,3
97344,3
97345,3
97346,2
97347,3
97348,3
97349,3
97350,3
97351,2
97352,2
97353,2
97354,0
97355,0
97356,2
97357,2
97358,3
97359,3
97360,1
97361,2
97362,2
97363,2
97364,2
97365,2
97366,1
97367,2
97368,2
97369,2
97370,2
97371,2
97372,2
97373,2
97374,2
97375,2
97376,2
97377,2
97378,3
97379,2
97380,3
97381,3
97382,2
97383,3
97384,3
97385,3
97386,3
97387,3
97388,2
97389,3
97390,2
97391,3
97392,3
97393,3
97394,3
97395,2
97396,3
97397,3
97398,2
97399,3
97400,3
97401,3
97402,3
97403,3
97404,1
97405,2
97406,3
97407,3
97408,3
97409,0
97410,0
97411,0
97412,0
97413,3
97414,2
97415,3
97416,2
97417,2
97418,2
97419,2
97420,2
97421,2
97422,3
97423,3
97424,3
97425,3
97426,2
97427,0
97428,2
97429,2
97430,3
97431,2
97432,3
97433,2
97434,0
97435,1
97436,3
97437,3
97438,3
97439,3
97440,3
97441,3
97442,3
97443,3
97444,3
97445,3
97446,3
97447,1
97448,3
97449,3
97450,1
97451,3
97452,1
97453,3
97454,2
97455,3
97456,3
97457,3
97458,3
97459,3
97460,3
97461,3
97462,3
97463,3
97464,3
97465,3
97466,3
97467,3
97468,2
97469,3
97470,3
97471,3
97472,3
97473,3
97474,3
97475,3
97476,3
97477,2
97478,2
97479,3
97480,2
97481,1
97482,3
97483,3
97484,3
97485,3
97486,3
97487,3
97488,3
97489,3
97490,3
97491,3
97492,3
97493,3
97494,3
97495,3
97496,3
97497,3
97498,3
97499,3
97500,3
97501,3
97502,3
97503,2
97504,3
97505,3
97506,3
97507,2
97508,3
97509,3
97510,3
97511,1
97512,1
97513,3
97514,3
97515,1
97516,1
97517,3
97518,3
97519,3
97520,3
97521,2
97522,3
97523,3
97524,3
97525,3
97526,3
97527,2
97528,3
97529,3
97530,3
97531,2
97532,2
97533,3
97534,0
97535,3
97536,3
97537,3
97538,3
97539,2
97540,3
97541,3
97542,2
97543,2
97544,2
97545,3
97546,2
97547,2
97548,3
97549,2
97550,2
97551,1
97552,2
97553,2
97554,3
97555,1
97556,3
97557,1
97558,3
97559,3
97560,1
97561,3
97562,3
97563,3
97564,1
97565,1
97566,3
97567,1
97568,2
97569,3
97570,1
97571,3
97572,3
97573,3
97574,3
97575,3
97576,3
97577,2
97578,3
97579,2
97580,3
97581,3
97582,3
97583,3
97584,3
97585,2
97586,3
97587,3
97588,3
97589,2
97590,2
97591,3
97592,3
97593,3
97594,3
97595,3
97596,3
97597,3
97598,3
97599,3
97600,3
97601,2
97602,2
97603,3
97604,3
97605,3
97606,3
97607,3
97608,3
97609,3
97610,3
97611,1
97612,3
97613,3
97614,3
97615,3
97616,3
97617,3
97618,3
97619,3
97620,3
97621,3
97622,3
97623,3
97624,3
97625,2
97626,2
97627,3
97628,3
97629,3
97630,3
97631,3
97632,2
97633,2
97634,3
97635,3
97636,3
97637,3
97638,3
97639,3
97640,3
97641,3
97642,2
97643,3
97644,3
97645,3
97646,2
97647,3
97648,2
97649,3
97650,3
97651,3
97652,3
97653,3
97654,3
97655,3
97656,3
97657,3
97658,3
97659,3
97660,2
97661,1
97662,3
97663,3
97664,3
97665,2
97666,3
97667,3
97668,3
97669,3
97670,3
97671,3
97672,3
97673,3
97674,3
97675,3
97676,3
97677,3
97678,3
97679,3
97680,3
97681,3
97682,2
97683,2
97684,2
97685,3
97686,3
97687,3
97688,2
97689,3
97690,2
97691,1
97692,2
97693,2
97694,2
97695,2
97696,2
97697,3
97698,2
97699,3
97700,3
97701,2
97702,3
97703,3
97704,2
97705,3
97706,3
97707,3
97708,3
97709,2
97710,3
97711,1
97712,1
97713,1
97714,3
97715,3
97716,2
97717,2
97718,2
97719,2
97720,2
97721,2
97722,3
97723,3
97724,2
97725,2
97726,3
97727,2
97728,2
97729,2
97730,3
97731,2
97732,3
97733,3
97734,3
97735,3
97736,3
97737,3
97738,3
97739,2
97740,3
97741,3
97742,2
97743,3
97744,2
97745,2
97746,2
97747,2
97748,2
97749,2
97750,2
97751,3
97752,2
97753,2
97754,3
97755,2
97756,3
97757,3
97758,3
97759,3
97760,3
97761,3
97762,1
97763,1
97764,3
97765,3
97766,3
97767,2
97768,3
97769,3
97770,3
97771,3
97772,3
97773,3
97774,3
97775,1
97776,3
97777,3
97778,3
97779,3
97780,1
97781,2
97782,2
97783,2
97784,2
97785,1
97786,2
97787,2
97788,2
97789,3
97790,2
97791,2
97792,2
97793,2
97794,2
97795,2
97796,2
97797,3
97798,2
97799,3
97800,2
97801,3
97802,2
97803,2
97804,0
97805,2
97806,1
97807,3
97808,2
97809,3
97810,3
97811,3
97812,3
97813,2
97814,3
97815,3
97816,3
97817,3
97818,3
97819,2
97820,3
97821,3
97822,3
97823,3
97824,3
97825,3
97826,3
97827,3
97828,3
97829,3
97830,3
97831,3
97832,3
97833,3
97834,3
97835,1
97836,1
97837,1
97838,3
97839,3
97840,3
97841,3
97842,3
97843,3
97844,3
97845,3
97846,3
97847,1
97848,3
97849,3
97850,1
97851,3
97852,1
97853,1
97854,2
97855,3
97856,3
97857,3
97858,2
97859,3
97860,3
97861,3
97862,3
97863,3
97864,2
97865,2
97866,2
97867,3
97868,3
97869,3
97870,3
97871,2
97872,2
97873,2
97874,3
97875,3
97876,1
97877,3
97878,3
97879,3
97880,3
97881,1
97882,3
97883,3
97884,3
97885,3
97886,3
97887,3
97888,1
97889,3
97890,3
97891,3
97892,3
97893,3
97894,3
97895,1
97896,3
97897,1
97898,3
97899,1
97900,1
97901,3
97902,3
97903,1
97904,3
97905,1
97906,3
97907,3
97908,1
97909,1
97910,3
97911,3
97912,1
97913,3
97914,3
97915,3
97916,2
97917,3
97918,3
97919,3
97920,3
97921,3
97922,3
97923,3
97924,3
97925,3
97926,3
97927,3
97928,3
97929,3
97930,3
97931,3
97932,3
97933,3
97934,3
97935,3
97936,3
97937,3
97938,3
97939,3
97940,3
97941,3
97942,3
97943,3
97944,3
97945,1
97946,2
97947,3
97948,3
97949,3
97950,3
97951,3
97952,3
97953,3
97954,3
97955,3
97956,3
97957,3
97958,3
97959,3
97960,3
97961,3
97962,2
97963,2
97964,3
97965,3
97966,3
97967,3
97968,3
97969,3
97970,3
97971,3
97972,3
97973,3
97974,3
97975,3
97976,3
97977,3
97978,3
97979,3
97980,2
97981,3
97982,1
97983,1
97984,3
97985,3
97986,3
97987,3
97988,3
97989,3
97990,3
97991,3
97992,3
97993,3
97994,3
97995,3
97996,3
97997,3
97998,3
97999,3
98000,3
98001,3
98002,3
98003,3
98004,3
98005,3
98006,3
98007,3
98008,3
98009,3
98010,3
98011,3
98012,3
98013,1
98014,3
98015,3
98016,3
98017,3
98018,3
98019,3
98020,3
98021,3
98022,3
98023,2
98024,3
98025,3
98026,3
98027,3
98028,3
98029,3
98030,3
98031,2
98032,2
98033,3
98034,3
98035,3
98036,2
98037,3
98038,3
98039,3
98040,3
98041,3
98042,3
98043,3
98044,3
98045,3
98046,2
98047,2
98048,2
98049,2
98050,2
98051,2
98052,2
98053,3
98054,3
98055,2
98056,3
98057,2
98058,3
98059,2
98060,2
98061,3
98062,3
98063,3
98064,2
98065,3
98066,2
98067,3
98068,3
98069,3
98070,3
98071,2
98072,2
98073,3
98074,2
98075,3
98076,2
98077,3
98078,2
98079,3
98080,3
98081,3
98082,3
98083,3
98084,0
98085,3
98086,0
98087,2
98088,2
98089,0
98090,0
98091,3
98092,3
98093,3
98094,0
98095,0
98096,0
98097,2
98098,2
98099,2
98100,3
98101,2
98102,2
98103,2
98104,0
98105,3
98106,3
98107,3
98108,3
98109,3
98110,3
98111,3
98112,3
98113,1
98114,5
98115,3
98116,3
98117,3
98118,3
98119,3
98120,3
98121,3
98122,3
98123,3
98124,3
98125,3
98126,3
98127,1
98128,3
98129,3
98130,3
98131,1
98132,1
98133,3
98134,1
98135,1
98136,3
98137,3
98138,1
98139,3
98140,3
98141,3
98142,3
98143,1
98144,3
98145,3
98146,1
98147,1
98148,3
98149,1
98150,1
98151,3
98152,3
98153,3
98154,3
98155,3
98156,3
98157,3
98158,2
98159,2
98160,2
98161,3
98162,2
98163,2
98164,3
98165,3
98166,3
98167,3
98168,2
98169,2
98170,2
98171,3
98172,3
98173,2
98174,2
98175,3
98176,3
98177,2
98178,2
98179,2
98180,3
98181,3
98182,3
98183,2
98184,2
98185,2
98186,2
98187,2
98188,2
98189,2
98190,2
98191,2
98192,2
98193,2
98194,2
98195,2
98196,2
98197,2
98198,2
98199,2
98200,2
98201,2
98202,2
98203,2
98204,2
98205,2
98206,2
98207,2
98208,2
98209,2
98210,2
98211,2
98212,2
98213,2
98214,2
98215,2
98216,2
98217,2
98218,2
98219,2
98220,2
98221,3
98222,2
98223,2
98224,2
98225,5
98226,2
98227,2
98228,3
98229,2
98230,2
98231,2
98232,2
98233,2
98234,2
98235,2
98236,2
98237,2
98238,2
98239,2
98240,2
98241,2
98242,3
98243,2
98244,2
98245,3
98246,2
98247,3
98248,2
98249,3
98250,3
98251,2
98252,2
98253,3
98254,3
98255,3
98256,3
98257,3
98258,3
98259,3
98260,2
98261,3
98262,2
98263,2
98264,2
98265,2
98266,2
98267,2
98268,1
98269,2
98270,2
98271,3
98272,3
98273,2
98274,0
98275,2
98276,2
98277,3
98278,2
98279,3
98280,2
98281,2
98282,3
98283,2
98284,3
98285,2
98286,2
98287,3
98288,3
98289,3
98290,3
98291,3
98292,3
98293,3
98294,2
98295,2
98296,3
98297,3
98298,2
98299,2
98300,3
98301,0
98302,3
98303,0
98304,0
98305,0
98306,0
98307,0
98308,3
98309,3
98310,3
98311,3
98312,3
98313,3
98314,3
98315,3
98316,3
98317,2
98318,3
98319,5
98320,3
98321,3
98322,0
98323,3
98324,2
98325,3
98326,2
98327,2
98328,3
98329,3
98330,3
98331,3
98332,3
98333,3
98334,3
98335,3
98336,1
98337,3
98338,3
98339,3
98340,3
98341,3
98342,3
98343,3
98344,1
98345,2
98346,3
98347,3
98348,3
98349,3
98350,2
98351,3
98352,3
98353,2
98354,3
98355,2
98356,2
98357,2
98358,3
98359,2
98360,2
98361,2
98362,2
98363,2
98364,3
98365,3
98366,2
98367,3
98368,2
98369,3
98370,3
98371,2
98372,2
98373,2
98374,2
98375,3
98376,3
98377,3
98378,2
98379,2
98380,3
98381,3
98382,3
98383,2
98384,3
98385,3
98386,3
98387,3
98388,3
98389,2
98390,2
98391,2
98392,3
98393,3
98394,3
98395,2
98396,3
98397,2
98398,3
98399,3
98400,1
98401,3
98402,3
98403,0
98404,3
98405,2
98406,3
98407,3
98408,3
98409,2
98410,3
98411,2
98412,3
98413,2
98414,3
98415,2
98416,2
98417,3
98418,2
98419,2
98420,3
98421,2
98422,0
98423,2
98424,2
98425,2
98426,3
98427,2
98428,2
98429,3
98430,3
98431,3
98432,2
98433,3
98434,2
98435,3
98436,0
98437,2
98438,3
98439,2
98440,2
98441,3
98442,2
98443,2
98444,3
98445,1
98446,1
98447,2
98448,3
98449,1
98450,3
98451,3
98452,3
98453,3
98454,2
98455,3
98456,3
98457,2
98458,3
98459,2
98460,3
98461,3
98462,2
98463,2
98464,2
98465,0
98466,0
98467,2
98468,2
98469,2
98470,3
98471,2
98472,3
98473,2
98474,2
98475,2
98476,2
98477,2
98478,2
98479,2
98480,1
98481,3
98482,0
98483,2
98484,2
98485,3
98486,2
98487,3
98488,3
98489,3
98490,3
98491,3
98492,3
98493,1
98494,1
98495,1
98496,1
98497,2
98498,3
98499,3
98500,3
98501,3
98502,1
98503,1
98504,1
98505,1
98506,1
98507,3
98508,3
98509,3
98510,3
98511,2
98512,1
98513,3
98514,3
98515,3
98516,3
98517,2
98518,2
98519,2
98520,2
98521,3
98522,3
98523,3
98524,3
98525,3
98526,3
98527,3
98528,3
98529,3
98530,2
98531,2
98532,2
98533,3
98534,3
98535,3
98536,3
98537,3
98538,3
98539,3
98540,2
98541,2
98542,2
98543,2
98544,2
98545,2
98546,2
98547,2
98548,3
98549,3
98550,2
98551,1
98552,2
98553,2
98554,2
98555,2
98556,2
98557,3
98558,2
98559,2
98560,3
98561,2
98562,2
98563,2
98564,3
98565,2
98566,2
98567,2
98568,3
98569,2
98570,2
98571,3
98572,0
98573,2
98574,3
98575,2
98576,2
98577,1
98578,3
98579,0
98580,2
98581,1
98582,3
98583,3
98584,2
98585,2
98586,2
98587,2
98588,2
98589,3
98590,2
98591,2
98592,2
98593,3
98594,2
98595,2
98596,1
98597,2
98598,2
98599,2
98600,1
98601,3
98602,2
98603,3
98604,2
98605,2
98606,2
98607,2
98608,2
98609,2
98610,2
98611,3
98612,3
98613,2
98614,2
98615,2
98616,2
98617,2
98618,2
98619,1
98620,2
98621,2
98622,2
98623,2
98624,2
98625,2
98626,2
98627,2
98628,2
98629,2
98630,2
98631,2
98632,2
98633,3
98634,2
98635,2
98636,3
98637,2
98638,0
98639,2
98640,2
98641,2
98642,2
98643,2
98644,2
98645,2
98646,2
98647,2
98648,2
98649,2
98650,2
98651,2
98652,2
98653,2
98654,2
98655,2
98656,2
98657,2
98658,2
98659,2
98660,2
98661,1
98662,2
98663,2
98664,2
98665,2
98666,2
98667,2
98668,3
98669,3
98670,3
98671,2
98672,3
98673,2
98674,2
98675,2
98676,3
98677,3
98678,3
98679,1
98680,2
98681,2
98682,2
98683,2
98684,2
98685,2
98686,2
98687,2
98688,2
98689,2
98690,3
98691,2
98692,2
98693,2
98694,2
98695,3
98696,2
98697,2
98698,2
98699,3
98700,3
98701,3
98702,2
98703,2
98704,2
98705,1
98706,1
98707,2
98708,2
98709,2
98710,2
98711,3
98712,3
98713,2
98714,3
98715,2
98716,2
98717,2
98718,3
98719,2
98720,2
98721,2
98722,1
98723,2
98724,2
98725,3
98726,2
98727,3
98728,3
98729,3
98730,2
98731,2
98732,2
98733,2
98734,2
98735,2
98736,3
98737,3
98738,2
98739,2
98740,2
98741,2
98742,3
98743,3
98744,2
98745,2
98746,2
98747,3
98748,2
98749,2
98750,1
98751,2
98752,2
98753,2
98754,2
98755,2
98756,2
98757,2
98758,2
98759,2
98760,3
98761,1
98762,1
98763,1
98764,3
98765,2
98766,3
98767,2
98768,1
98769,1
98770,2
98771,2
98772,1
98773,3
98774,3
98775,2
98776,2
98777,3
98778,2
98779,3
98780,2
98781,3
98782,3
98783,2
98784,3
98785,2
98786,1
98787,2
98788,2
98789,2
98790,3
98791,2
98792,2
98793,2
98794,3
98795,1
98796,3
98797,3
98798,3
98799,1
98800,3
98801,3
98802,3
98803,1
98804,2
98805,3
98806,2
98807,3
98808,2
98809,3
98810,3
98811,2
98812,2
98813,2
98814,3
98815,2
98816,2
98817,2
98818,2
98819,2
98820,2
98821,2
98822,2
98823,3
98824,2
98825,2
98826,2
98827,3
98828,3
98829,3
98830,2
98831,2
98832,2
98833,2
98834,2
98835,3
98836,3
98837,2
98838,2
98839,2
98840,2
98841,2
98842,2
98843,3
98844,2
98845,2
98846,2
98847,2
98848,2
98849,2
98850,2
98851,2
98852,2
98853,2
98854,2
98855,2
98856,2
98857,2
98858,2
98859,2
98860,2
98861,2
98862,2
98863,3
98864,2
98865,2
98866,2
98867,3
98868,2
98869,3
98870,2
98871,2
98872,2
98873,2
98874,2
98875,2
98876,2
98877,2
98878,2
98879,2
98880,1
98881,2
98882,3
98883,2
98884,2
98885,3
98886,3
98887,3
98888,3
98889,2
98890,3
98891,3
98892,2
98893,1
98894,2
98895,2
98896,2
98897,3
98898,3
98899,3
98900,2
98901,3
98902,3
98903,3
98904,2
98905,3
98906,2
98907,3
98908,2
98909,2
98910,2
98911,2
98912,1
98913,1
98914,3
98915,3
98916,2
98917,2
98918,3
98919,1
98920,2
98921,2
98922,2
98923,2
98924,1
98925,2
98926,3
98927,2
98928,2
98929,2
98930,2
98931,2
98932,2
98933,2
98934,2
98935,3
98936,3
98937,2
98938,2
98939,2
98940,2
98941,2
98942,2
98943,3
98944,2
98945,2
98946,2
98947,2
98948,2
98949,2
98950,2
98951,2
98952,2
98953,2
98954,3
98955,2
98956,2
98957,3
98958,2
98959,2
98960,2
98961,2
98962,2
98963,2
98964,2
98965,2
98966,3
98967,3
98968,3
98969,3
98970,3
98971,1
98972,1
98973,1
98974,2
98975,2
98976,2
98977,3
98978,2
98979,2
98980,3
98981,2
98982,2
98983,2
98984,1
98985,2
98986,2
98987,2
98988,2
98989,2
98990,2
98991,2
98992,1
98993,3
98994,3
98995,3
98996,1
98997,1
98998,2
98999,3
99000,2
99001,2
99002,2
99003,2
99004,2
99005,2
99006,2
99007,3
99008,2
99009,2
99010,2
99011,3
99012,3
99013,2
99014,3
99015,1
99016,3
99017,3
99018,2
99019,2
99020,3
99021,3
99022,2
99023,2
99024,2
99025,2
99026,2
99027,2
99028,3
99029,2
99030,3
99031,2
99032,3
99033,2
99034,1
99035,3
99036,2
99037,2
99038,2
99039,2
99040,2
99041,2
99042,2
99043,2
99044,2
99045,2
99046,3
99047,2
99048,3
99049,3
99050,3
99051,2
99052,2
99053,2
99054,3
99055,3
99056,2
99057,2
99058,3
99059,2
99060,2
99061,2
99062,2
99063,2
99064,2
99065,2
99066,2
99067,2
99068,2
99069,3
99070,2
99071,3
99072,2
99073,2
99074,2
99075,2
99076,3
99077,2
99078,2
99079,3
99080,3
99081,2
99082,2
99083,2
99084,2
99085,2
99086,2
99087,2
99088,3
99089,3
99090,2
99091,2
99092,2
99093,2
99094,2
99095,2
99096,3
99097,2
99098,2
99099,3
99100,3
99101,3
99102,3
99103,3
99104,3
99105,3
99106,3
99107,2
99108,2
99109,3
99110,3
99111,2
99112,2
99113,2
99114,3
99115,2
99116,2
99117,2
99118,3
99119,3
99120,1
99121,1
99122,3
99123,2
99124,2
99125,2
99126,2
99127,2
99128,2
99129,2
99130,1
99131,3
99132,3
99133,3
99134,2
99135,2
99136,2
99137,1
99138,2
99139,3
99140,2
99141,2
99142,2
99143,3
99144,3
99145,3
99146,3
99147,2
99148,3
99149,3
99150,2
99151,2
99152,2
99153,3
99154,2
99155,3
99156,3
99157,3
99158,2
99159,3
99160,1
99161,3
99162,3
99163,2
99164,2
99165,1
99166,2
99167,2
99168,3
99169,2
99170,2
99171,3
99172,3
99173,3
99174,3
99175,3
99176,3
99177,2
99178,2
99179,2
99180,2
99181,2
99182,2
99183,2
99184,1
99185,3
99186,2
99187,1
99188,3
99189,3
99190,2
99191,2
99192,2
99193,2
99194,2
99195,3
99196,3
99197,3
99198,2
99199,2
99200,2
99201,2
99202,0
99203,2
99204,2
99205,2
99206,3
99207,3
99208,3
99209,2
99210,2
99211,2
99212,2
99213,2
99214,2
99215,2
99216,2
99217,2
99218,2
99219,2
99220,3
99221,3
99222,3
99223,2
99224,2
99225,2
99226,2
99227,3
99228,2
99229,2
99230,2
99231,2
99232,2
99233,2
99234,2
99235,2
99236,2
99237,2
99238,2
99239,2
99240,2
99241,2
99242,2
99243,3
99244,2
99245,0
99246,3
99247,2
99248,2
99249,2
99250,2
99251,2
99252,3
99253,3
99254,3
99255,2
99256,3
99257,2
99258,2
99259,2
99260,2
99261,2
99262,2
99263,2
99264,2
99265,2
99266,0
99267,2
99268,2
99269,0
99270,2
99271,2
99272,2
99273,2
99274,2
99275,2
99276,2
99277,3
99278,0
99279,3
99280,2
99281,2
99282,0
99283,2
99284,2
99285,2
99286,2
99287,2
99288,2
99289,2
99290,3
99291,2
99292,2
99293,2
99294,2
99295,2
99296,2
99297,2
99298,2
99299,2
99300,2
99301,3
99302,2
99303,2
99304,2
99305,2
99306,2
99307,3
99308,2
99309,2
99310,2
99311,0
99312,2
99313,2
99314,2
99315,2
99316,2
99317,2
99318,2
99319,1
99320,2
99321,1
99322,2
99323,2
99324,2
99325,3
99326,2
99327,3
99328,2
99329,2
99330,2
99331,3
99332,2
99333,2
99334,2
99335,2
99336,2
99337,2
99338,2
99339,2
99340,2
99341,2
99342,2
99343,2
99344,0
99345,0
99346,2
99347,2
99348,0
99349,0
99350,0
99351,0
99352,0
99353,2
99354,2
99355,2
99356,0
99357,0
99358,2
99359,2
99360,2
99361,3
99362,2
99363,2
99364,2
99365,2
99366,2
99367,2
99368,2
99369,2
99370,2
99371,2
99372,2
99373,2
99374,1
99375,2
99376,2
99377,2
99378,1
99379,2
99380,2
99381,3
99382,3
99383,3
99384,3
99385,2
99386,3
99387,3
99388,2
99389,3
99390,2
99391,2
99392,2
99393,3
99394,2
99395,2
99396,2
99397,2
99398,3
99399,2
99400,2
99401,2
99402,2
99403,3
99404,2
99405,2
99406,2
99407,2
99408,2
99409,3
99410,2
99411,2
99412,2
99413,2
99414,2
99415,3
99416,2
99417,3
99418,2
99419,3
99420,2
99421,2
99422,2
99423,2
99424,2
99425,3
99426,2
99427,2
99428,2
99429,3
99430,3
99431,3
99432,2
99433,1
99434,3
99435,2
99436,3
99437,3
99438,3
99439,2
99440,2
99441,2
99442,3
99443,3
99444,3
99445,3
99446,3
99447,3
99448,3
99449,2
99450,3
99451,1
99452,2
99453,2
99454,2
99455,2
99456,2
99457,2
99458,2
99459,2
99460,1
99461,1
99462,1
99463,2
99464,2
99465,2
99466,2
99467,2
99468,2
99469,2
99470,2
99471,3
99472,2
99473,2
99474,2
99475,2
99476,2
99477,2
99478,2
99479,2
99480,3
99481,2
99482,3
99483,2
99484,2
99485,2
99486,3
99487,3
99488,3
99489,1
99490,1
99491,3
99492,2
99493,3
99494,2
99495,3
99496,2
99497,3
99498,3
99499,3
99500,2
99501,2
99502,3
99503,0
99504,2
99505,2
99506,2
99507,1
99508,3
99509,2
99510,2
99511,2
99512,1
99513,3
99514,2
99515,2
99516,2
99517,3
99518,2
99519,1
99520,1
99521,2
99522,2
99523,3
99524,3
99525,2
99526,2
99527,2
99528,3
99529,2
99530,3
99531,2
99532,3
99533,3
99534,2
99535,2
99536,2
99537,2
99538,2
99539,2
99540,2
99541,2
99542,2
99543,2
99544,2
99545,2
99546,2
99547,2
99548,2
99549,2
99550,2
99551,2
99552,2
99553,2
99554,2
99555,2
99556,2
99557,2
99558,2
99559,2
99560,2
99561,2
99562,2
99563,2
99564,2
99565,2
99566,2
99567,2
99568,2
99569,2
99570,2
99571,2
99572,2
99573,2
99574,2
99575,2
99576,2
99577,2
99578,1
99579,2
99580,2
99581,2
99582,2
99583,2
99584,3
99585,2
99586,2
99587,2
99588,2
99589,2
99590,2
99591,2
99592,2
99593,2
99594,2
99595,2
99596,2
99597,2
99598,2
99599,2
99600,2
99601,2
99602,2
99603,2
99604,2
99605,2
99606,2
99607,2
99608,2
99609,2
99610,2
99611,2
99612,2
99613,2
99614,2
99615,2
99616,2
99617,2
99618,2
99619,2
99620,3
99621,2
99622,2
99623,3
99624,3
99625,2
99626,2
99627,2
99628,2
99629,2
99630,2
99631,2
99632,2
99633,2
99634,3
99635,2
99636,2
99637,2
99638,2
99639,2
99640,2
99641,2
99642,0
99643,0
99644,2
99645,2
99646,2
99647,2
99648,2
99649,2
99650,2
99651,2
99652,2
99653,2
99654,2
99655,2
99656,2
99657,3
99658,1
99659,2
99660,3
99661,3
99662,3
99663,3
99664,2
99665,2
99666,2
99667,2
99668,3
99669,3
99670,2
99671,2
99672,2
99673,2
99674,2
99675,2
99676,2
99677,2
99678,2
99679,2
99680,2
99681,2
99682,2
99683,2
99684,2
99685,2
99686,2
99687,2
99688,2
99689,0
99690,0
99691,2
99692,2
99693,2
99694,0
99695,2
99696,2
99697,2
99698,3
99699,2
99700,2
99701,2
99702,2
99703,2
99704,2
99705,2
99706,2
99707,2
99708,2
99709,2
99710,2
99711,2
99712,0
99713,3
99714,2
99715,2
99716,2
99717,2
99718,2
99719,2
99720,2
99721,2
99722,2
99723,0
99724,2
99725,2
99726,2
99727,2
99728,2
99729,2
99730,2
99731,2
99732,2
99733,3
99734,2
99735,2
99736,2
99737,2
99738,2
99739,2
99740,2
99741,2
99742,2
99743,3
99744,2
99745,2
99746,2
99747,2
99748,2
99749,2
99750,2
99751,2
99752,2
99753,2
99754,2
99755,3
99756,2
99757,2
99758,2
99759,2
99760,1
99761,2
99762,0
99763,2
99764,3
99765,2
99766,2
99767,1
99768,3
99769,2
99770,2
99771,2
99772,2
99773,2
99774,2
99775,2
99776,2
99777,2
99778,0
99779,3
99780,2
99781,3
99782,3
99783,3
99784,2
99785,0
99786,2
99787,0
99788,2
99789,2
99790,2
99791,2
99792,2
99793,3
99794,2
99795,0
99796,0
99797,2
99798,0
99799,0
99800,0
99801,0
99802,2
99803,2
99804,0
99805,2
99806,0
99807,0
99808,2
99809,0
99810,2
99811,3
99812,1
99813,2
99814,0
99815,0
99816,2
99817,2
99818,2
99819,2
99820,2
99821,0
99822,0
99823,2
99824,2
99825,0
99826,2
99827,3
99828,2
99829,2
99830,0
99831,3
99832,3
99833,0
99834,0
99835,0
99836,2
99837,0
99838,0
99839,2
99840,3
99841,0
99842,2
99843,0
99844,2
99845,3
99846,2
99847,2
99848,2
99849,2
99850,0
99851,2
99852,2
99853,0
99854,0
99855,0
99856,0
99857,0
99858,0
99859,0
99860,3
99861,0
99862,0
99863,2
99864,2
99865,2
99866,2
99867,2
99868,0
99869,2
99870,0
99871,2
99872,2
99873,2
99874,2
99875,2
99876,0
99877,2
99878,2
99879,2
99880,2
99881,2
99882,2
99883,3
99884,2
99885,2
99886,2
99887,2
99888,2
99889,2
99890,2
99891,3
99892,2
99893,2
99894,2
99895,2
99896,2
99897,2
99898,2
99899,2
99900,2
99901,2
99902,2
99903,2
99904,2
99905,2
99906,3
99907,2
99908,2
99909,2
99910,3
99911,2
99912,2
99913,2
99914,2
99915,2
99916,2
99917,2
99918,2
99919,2
99920,2
99921,3
99922,3
99923,2
99924,0
99925,2
99926,2
99927,2
99928,2
99929,2
99930,3
99931,3
99932,3
99933,2
99934,2
99935,2
99936,2
99937,2
99938,2
99939,2
99940,2
99941,2
99942,2
99943,4
99944,2
99945,2
99946,2
99947,2
99948,2
99949,2
99950,2
99951,2
99952,2
99953,2
99954,3
99955,2
99956,3
99957,1
99958,2
99959,3
99960,2
99961,3
99962,2
99963,2
99964,3
99965,2
99966,2
99967,2
99968,2
99969,2
99970,2
99971,1
99972,2
99973,0
99974,2
99975,0
99976,0
99977,0
99978,0
99979,2
99980,2
99981,0
99982,0
99983,0
99984,2
99985,0
99986,0
99987,0
99988,0
99989,2
99990,2
99991,2
99992,3
99993,1
99994,2
99995,3
99996,2
99997,2
99998,2
99999,2
100000,2
100001,2
100002,2
100003,2
100004,2
100005,2
100006,2
100007,0
100008,3
100009,2
100010,2
100011,2
100012,2
100013,3
100014,2
100015,0
100016,0
100017,0
100018,0
100019,0
100020,2
100021,2
100022,2
100023,2
100024,3
100025,2
100026,2
100027,2
100028,2
100029,3
100030,2
100031,2
100032,2
100033,3
100034,2
100035,2
100036,3
100037,2
100038,2
100039,2
100040,2
100041,3
100042,3
100043,0
100044,3
100045,3
100046,0
100047,2
100048,3
100049,3
100050,3
100051,1
100052,0
100053,2
100054,0
100055,0
100056,0
100057,2
100058,2
100059,0
100060,2
100061,3
100062,2
100063,3
100064,2
100065,3
100066,2
100067,2
100068,3
100069,2
100070,2
100071,2
100072,2
100073,2
100074,3
100075,2
100076,2
100077,2
100078,1
100079,3
100080,2
100081,3
100082,3
100083,3
100084,3
100085,3
100086,2
100087,1
100088,1
100089,2
100090,2
100091,3
100092,2
100093,2
100094,1
100095,2
100096,3
100097,2
100098,2
100099,3
100100,2
100101,3
100102,3
100103,2
100104,3
100105,0
100106,1
100107,3
100108,2
100109,2
100110,1
100111,2
100112,1
100113,2
100114,2
100115,2
100116,3
100117,2
100118,2
100119,3
100120,2
100121,2
100122,3
100123,2
100124,2
100125,2
100126,2
100127,1
100128,3
100129,2
100130,3
100131,2
100132,2
100133,2
100134,2
100135,2
100136,3
100137,3
100138,3
100139,2
100140,3
100141,2
100142,3
100143,3
100144,2
100145,2
100146,2
100147,2
100148,3
100149,2
100150,3
100151,3
100152,2
100153,1
100154,1
100155,2
100156,1
100157,0
100158,1
100159,1
100160,3
100161,2
100162,3
100163,2
100164,2
100165,3
100166,1
100167,3
100168,0
100169,3
100170,0
100171,2
100172,2
100173,2
100174,2
100175,2
100176,2
100177,2
100178,2
100179,2
100180,2
100181,2
100182,2
100183,2
100184,2
100185,2
100186,3
100187,1
100188,3
100189,2
100190,2
100191,3
100192,3
100193,2
100194,3
100195,2
100196,2
100197,2
100198,2
100199,2
100200,2
100201,0
100202,0
100203,2
100204,2
100205,3
100206,3
100207,3
100208,3
100209,3
100210,2
100211,2
100212,1
100213,2
100214,1
100215,1
100216,2
100217,3
100218,2
100219,2
100220,2
100221,2
100222,2
100223,2
100224,2
100225,2
100226,2
100227,2
100228,2
100229,2
100230,2
100231,2
100232,2
100233,2
100234,2
100235,2
100236,2
100237,2
100238,2
100239,2
100240,2
100241,2
100242,2
100243,2
100244,2
100245,2
100246,3
100247,2
100248,2
100249,2
100250,2
100251,2
100252,2
100253,3
100254,2
100255,2
100256,2
100257,3
100258,2
100259,3
100260,3
100261,3
100262,3
100263,3
100264,3
100265,3
100266,2
100267,2
100268,2
100269,2
100270,2
100271,2
100272,2
100273,2
100274,2
100275,2
100276,2
100277,2
100278,2
100279,2
100280,2
100281,2
100282,2
100283,2
100284,2
100285,2
100286,2
100287,2
100288,2
100289,2
100290,2
100291,2
100292,2
100293,2
100294,2
100295,2
100296,3
100297,2
100298,2
100299,2
100300,1
100301,2
100302,2
100303,2
100304,2
100305,2
100306,2
100307,2
100308,2
100309,2
100310,2
100311,2
100312,2
100313,2
100314,2
100315,2
100316,2
100317,2
100318,2
100319,2
100320,1
100321,2
100322,2
100323,2
100324,2
100325,2
100326,2
100327,3
100328,2
100329,3
100330,3
100331,3
100332,2
100333,3
100334,2
100335,2
100336,2
100337,2
100338,2
100339,2
100340,3
100341,2
100342,2
100343,2
100344,3
100345,3
100346,2
100347,3
100348,1
100349,3
100350,3
100351,2
100352,3
100353,3
100354,3
100355,3
100356,3
100357,3
100358,2
100359,2
100360,2
100361,2
100362,2
100363,3
100364,0
100365,1
100366,3
100367,2
100368,2
100369,0
100370,2
100371,2
100372,2
100373,2
100374,2
100375,2
100376,2
100377,0
100378,3
100379,1
100380,2
100381,3
100382,2
100383,2
100384,2
100385,2
100386,3
100387,2
100388,3
100389,2
100390,2
100391,2
100392,2
100393,2
100394,2
100395,2
100396,2
100397,2
100398,2
100399,2
100400,2
100401,3
100402,3
100403,2
100404,3
100405,3
100406,3
100407,3
100408,3
100409,2
100410,0
100411,3
100412,1
100413,3
100414,2
100415,3
100416,3
100417,2
100418,2
100419,2
100420,2
100421,2
100422,2
100423,2
100424,2
100425,2
100426,2
100427,2
100428,2
100429,2
100430,2
100431,2
100432,0
100433,2
100434,2
100435,2
100436,2
100437,2
100438,2
100439,1
100440,2
100441,2
100442,2
100443,2
100444,2
100445,2
100446,3
100447,2
100448,2
100449,2
100450,3
100451,3
100452,3
100453,2
100454,3
100455,2
100456,2
100457,2
100458,3
100459,2
100460,3
100461,2
100462,2
100463,3
100464,2
100465,2
100466,2
100467,2
100468,3
100469,3
100470,2
100471,1
100472,1
100473,3
100474,2
100475,2
100476,2
100477,2
100478,2
100479,3
100480,2
100481,2
100482,3
100483,3
100484,3
100485,1
100486,3
100487,2
100488,2
100489,2
100490,2
100491,2
100492,1
100493,1
100494,3
100495,3
100496,3
100497,2
100498,3
100499,2
100500,2
100501,2
100502,2
100503,2
100504,1
100505,3
100506,0
100507,0
100508,3
100509,2
100510,3
100511,3
100512,3
100513,3
100514,3
100515,2
100516,2
100517,3
100518,2
100519,3
100520,0
100521,2
100522,2
100523,2
100524,2
100525,2
100526,2
100527,2
100528,3
100529,3
100530,3
100531,2
100532,2
100533,2
100534,2
100535,2
100536,3
100537,2
100538,2
100539,0
100540,0
100541,3
100542,2
100543,0
100544,3
100545,2
100546,2
100547,2
100548,2
100549,2
100550,3
100551,2
100552,2
100553,2
100554,2
100555,2
100556,2
100557,2
100558,3
100559,2
100560,2
100561,0
100562,2
100563,2
100564,2
100565,2
100566,3
100567,2
100568,2
100569,0
100570,3
100571,2
100572,2
100573,2
100574,0
100575,0
100576,0
100577,0
100578,0
100579,0
100580,0
100581,2
100582,2
100583,2
100584,2
100585,2
100586,2
100587,3
100588,2
100589,2
100590,2
100591,2
100592,3
100593,2
100594,2
100595,2
100596,2
100597,2
100598,2
100599,2
100600,2
100601,2
100602,0
100603,0
100604,0
100605,0
100606,2
100607,2
100608,2
100609,2
100610,2
100611,2
100612,3
100613,2
100614,2
100615,2
100616,2
100617,2
100618,0
100619,2
100620,2
100621,2
100622,2
100623,3
100624,3
100625,2
100626,2
100627,2
100628,2
100629,2
100630,2
100631,2
100632,2
100633,2
100634,2
100635,3
100636,2
100637,2
100638,2
100639,2
100640,2
100641,2
100642,2
100643,2
100644,2
100645,2
100646,2
100647,3
100648,2
100649,2
100650,3
100651,3
100652,2
100653,3
100654,2
100655,2
100656,2
100657,2
100658,3
100659,2
100660,2
100661,2
100662,2
100663,2
100664,2
100665,2
100666,2
100667,2
100668,2
100669,3
100670,3
100671,2
100672,2
100673,2
100674,2
100675,2
100676,2
100677,2
100678,2
100679,2
100680,2
100681,2
100682,2
100683,2
100684,2
100685,2
100686,2
100687,2
100688,2
100689,3
100690,2
100691,3
100692,2
100693,2
100694,3
100695,2
100696,2
100697,2
100698,2
100699,2
100700,2
100701,2
100702,0
100703,2
100704,2
100705,2
100706,0
100707,2
100708,2
100709,2
100710,2
100711,2
100712,3
100713,2
100714,2
100715,2
100716,2
100717,2
100718,0
100719,2
100720,2
100721,2
100722,3
100723,2
100724,2
100725,2
100726,2
100727,2
100728,2
100729,2
100730,2
100731,2
100732,2
100733,2
100734,2
100735,2
100736,2
100737,2
100738,0
100739,2
100740,2
100741,2
100742,2
100743,2
100744,2
100745,2
100746,0
100747,2
100748,2
100749,2
100750,3
100751,3
100752,2
100753,2
100754,2
100755,2
100756,2
100757,2
100758,2
100759,2
100760,2
100761,2
100762,2
100763,3
100764,2
100765,2
100766,2
100767,2
100768,2
100769,2
100770,2
100771,2
100772,2
100773,2
100774,2
100775,2
100776,2
100777,3
100778,3
100779,3
100780,2
100781,3
100782,2
100783,3
100784,1
100785,1
100786,3
100787,2
100788,2
100789,2
100790,2
100791,2
100792,2
100793,2
100794,2
100795,2
100796,1
100797,3
100798,3
100799,1
100800,2
100801,3
100802,3
100803,3
100804,2
100805,2
100806,3
100807,3
100808,3
100809,1
100810,1
100811,3
100812,1
100813,3
100814,1
100815,2
100816,3
100817,3
100818,3
100819,2
100820,2
100821,3
100822,1
100823,2
100824,2
100825,2
100826,2
100827,2
100828,2
100829,2
100830,3
100831,3
100832,2
100833,2
100834,2
100835,2
100836,0
100837,0
100838,0
100839,2
100840,2
100841,0
100842,0
100843,3
100844,2
100845,3
100846,2
100847,3
100848,0
100849,2
100850,2
100851,2
100852,2
100853,2
100854,2
100855,2
100856,0
100857,0
100858,0
100859,2
100860,2
100861,2
100862,0
100863,2
100864,3
100865,2
100866,2
100867,2
100868,2
100869,2
100870,2
100871,2
100872,2
100873,2
100874,2
100875,2
100876,2
100877,2
100878,2
100879,2
100880,2
100881,2
100882,2
100883,2
100884,2
100885,2
100886,2
100887,2
100888,2
100889,2
100890,2
100891,2
100892,0
100893,2
100894,2
100895,2
100896,0
100897,0
100898,2
100899,3
100900,2
100901,2
100902,2
100903,2
100904,2
100905,2
100906,1
100907,1
100908,1
100909,1
100910,2
100911,2
100912,2
100913,2
100914,2
100915,2
100916,2
100917,2
100918,2
100919,2
100920,2
100921,2
100922,2
100923,2
100924,2
100925,2
100926,2
100927,2
100928,2
100929,2
100930,2
100931,2
100932,3
100933,2
100934,2
100935,2
100936,2
100937,2
100938,2
100939,2
100940,2
100941,2
100942,2
100943,2
100944,2
100945,2
100946,3
100947,2
100948,2
100949,2
100950,2
100951,2
100952,2
100953,2
100954,2
100955,2
100956,0
100957,2
100958,2
100959,2
100960,2
100961,2
100962,2
100963,2
100964,2
100965,1
100966,1
100967,3
100968,2
100969,2
100970,2
100971,2
100972,2
100973,1
100974,1
100975,2
100976,3
100977,1
100978,2
100979,1
100980,2
100981,2
100982,1
100983,1
100984,1
100985,3
100986,3
100987,2
100988,2
100989,2
100990,2
100991,2
100992,2
100993,2
100994,2
100995,2
100996,2
100997,2
100998,2
100999,2
101000,3
101001,2
101002,2
101003,3
101004,2
101005,2
101006,2
101007,2
101008,2
101009,2
101010,2
101011,2
101012,2
101013,2
101014,2
101015,3
101016,2
101017,2
101018,3
101019,2
101020,2
101021,2
101022,2
101023,2
101024,2
101025,2
101026,2
101027,2
101028,3
101029,3
101030,2
101031,2
101032,2
101033,2
101034,2
101035,2
101036,1
101037,2
101038,2
101039,2
101040,2
101041,2
101042,2
101043,3
101044,2
101045,2
101046,2
101047,3
101048,2
101049,2
101050,2
101051,2
101052,2
101053,2
101054,3
101055,2
101056,3
101057,2
101058,2
101059,2
101060,2
101061,2
101062,2
101063,2
101064,2
101065,2
101066,2
101067,2
101068,2
101069,2
101070,2
101071,2
101072,2
101073,2
101074,2
101075,2
101076,3
101077,2
101078,2
101079,2
101080,2
101081,2
101082,2
101083,2
101084,2
101085,2
101086,2
101087,2
101088,2
101089,2
101090,0
101091,2
101092,3
101093,3
101094,2
101095,2
101096,2
101097,1
101098,2
101099,1
101100,3
101101,3
101102,3
101103,3
101104,3
101105,3
101106,1
101107,3
101108,3
101109,3
101110,3
101111,3
101112,3
101113,3
101114,2
101115,3
101116,3
101117,3
101118,3
101119,3
101120,2
101121,3
101122,2
101123,2
101124,3
101125,3
101126,3
101127,1
101128,3
101129,2
101130,3
101131,3
101132,3
101133,3
101134,3
101135,3
101136,2
101137,3
101138,2
101139,3
101140,3
101141,3
101142,3
101143,3
101144,3
101145,3
101146,3
101147,2
101148,2
101149,2
101150,2
101151,2
101152,2
101153,2
101154,2
101155,2
101156,3
101157,3
101158,3
101159,3
101160,2
101161,2
101162,3
101163,3
101164,1
101165,3
101166,3
101167,2
101168,2
101169,2
101170,2
101171,3
101172,2
101173,2
101174,3
101175,3
101176,2
101177,2
101178,2
101179,2
101180,3
101181,3
101182,1
101183,3
101184,3
101185,1
101186,1
101187,3
101188,3
101189,2
101190,2
101191,2
101192,2
101193,2
101194,2
101195,2
101196,2
101197,2
101198,2
101199,2
101200,2
101201,1
101202,2
101203,3
101204,2
101205,2
101206,1
101207,1
101208,2
101209,1
101210,2
101211,3
101212,2
101213,2
101214,2
101215,2
101216,2
101217,3
101218,3
101219,2
101220,2
101221,3
101222,1
101223,3
101224,3
101225,3
101226,3
101227,3
101228,2
101229,3
101230,3
101231,3
101232,2
101233,2
101234,2
101235,2
101236,2
101237,2
101238,2
101239,2
101240,2
101241,2
101242,2
101243,2
101244,2
101245,3
101246,2
101247,2
101248,2
101249,2
101250,2
101251,2
101252,2
101253,3
101254,3
101255,3
101256,3
101257,3
101258,2
101259,3
101260,3
101261,3
101262,2
101263,3
101264,2
101265,2
101266,3
101267,3
101268,2
101269,3
101270,2
101271,2
101272,2
101273,2
101274,3
101275,2
101276,2
101277,2
101278,2
101279,2
101280,2
101281,2
101282,2
101283,2
101284,2
101285,2
101286,2
101287,2
101288,2
101289,2
101290,2
101291,1
101292,2
101293,2
101294,3
101295,2
101296,2
101297,1
101298,1
101299,2
101300,3
101301,2
101302,2
101303,2
101304,2
101305,2
101306,2
101307,2
101308,3
101309,2
101310,2
101311,2
101312,3
101313,2
101314,2
101315,2
101316,3
101317,2
101318,2
101319,2
101320,2
101321,2
101322,2
101323,2
101324,3
101325,2
101326,2
101327,2
101328,2
101329,2
101330,2
101331,2
101332,1
101333,2
101334,2
101335,1
101336,3
101337,3
101338,3
101339,2
101340,2
101341,2
101342,2
101343,2
101344,3
101345,2
101346,2
101347,2
101348,2
101349,2
101350,2
101351,3
101352,3
101353,1
101354,3
101355,3
101356,2
101357,3
101358,3
101359,3
101360,3
101361,3
101362,3
101363,3
101364,3
101365,3
101366,3
101367,3
101368,3
101369,3
101370,3
101371,3
101372,2
101373,3
101374,3
101375,3
101376,3
101377,3
101378,3
101379,3
101380,1
101381,2
101382,2
101383,2
101384,2
101385,2
101386,2
101387,2
101388,2
101389,2
101390,2
101391,2
101392,2
101393,3
101394,3
101395,3
101396,3
101397,2
101398,2
101399,2
101400,2
101401,2
101402,2
101403,2
101404,2
101405,3
101406,2
101407,2
101408,2
101409,2
101410,3
101411,2
101412,2
101413,3
101414,3
101415,1
101416,1
101417,1
101418,1
101419,3
101420,3
101421,3
101422,3
101423,3
101424,3
101425,3
101426,3
101427,2
101428,2
101429,2
101430,2
101431,2
101432,3
101433,3
101434,2
101435,2
101436,3
101437,2
101438,3
101439,2
101440,2
101441,2
101442,2
101443,2
101444,1
101445,3
101446,2
101447,2
101448,2
101449,3
101450,1
101451,2
101452,2
101453,2
101454,2
101455,2
101456,2
101457,2
101458,2
101459,3
101460,3
101461,2
101462,2
101463,2
101464,3
101465,3
101466,1
101467,3
101468,2
101469,2
101470,1
101471,3
101472,1
101473,1
101474,3
101475,3
101476,3
101477,3
101478,3
101479,1
101480,1
101481,3
101482,2
101483,2
101484,2
101485,2
101486,2
101487,2
101488,2
101489,2
101490,2
101491,2
101492,2
101493,2
101494,3
101495,2
101496,2
101497,2
101498,2
101499,2
101500,2
101501,3
101502,2
101503,2
101504,2
101505,2
101506,2
101507,3
101508,2
101509,2
101510,2
101511,3
101512,3
101513,1
101514,3
101515,2
101516,3
101517,2
101518,2
101519,3
101520,2
101521,2
101522,2
101523,2
101524,3
101525,2
101526,2
101527,2
101528,3
101529,2
101530,2
101531,2
101532,2
101533,3
101534,3
101535,2
101536,2
101537,3
101538,3
101539,3
101540,3
101541,3
101542,3
101543,3
101544,3
101545,3
101546,3
101547,3
101548,3
101549,2
101550,2
101551,3
101552,2
101553,2
101554,2
101555,3
101556,2
101557,2
101558,3
101559,3
101560,2
101561,2
101562,3
101563,3
101564,2
101565,2
101566,2
101567,1
101568,2
101569,2
101570,2
101571,2
101572,2
101573,3
101574,2
101575,2
101576,2
101577,2
101578,3
101579,2
101580,2
101581,2
101582,2
101583,2
101584,3
101585,2
101586,2
101587,2
101588,2
101589,3
101590,2
101591,3
101592,2
101593,2
101594,2
101595,2
101596,2
101597,3
101598,2
101599,2
101600,2
101601,2
101602,3
101603,2
101604,2
101605,2
101606,3
101607,2
101608,3
101609,2
101610,3
101611,3
101612,2
101613,3
101614,3
101615,2
101616,2
101617,2
101618,2
101619,2
101620,3
101621,2
101622,3
101623,3
101624,3
101625,2
101626,2
101627,2
101628,2
101629,2
101630,2
101631,3
101632,2
101633,2
101634,2
101635,3
101636,2
101637,3
101638,3
101639,2
101640,2
101641,3
101642,2
101643,2
101644,2
101645,2
101646,3
101647,2
101648,2
101649,2
101650,3
101651,2
101652,3
101653,2
101654,3
101655,2
101656,3
101657,2
101658,2
101659,3
101660,3
101661,2
101662,3
101663,3
101664,2
101665,3
101666,2
101667,3
101668,2
101669,2
101670,3
101671,3
101672,3
101673,2
101674,2
101675,2
101676,2
101677,3
101678,2
101679,2
101680,2
101681,2
101682,2
101683,2
101684,2
101685,2
101686,2
101687,2
101688,2
101689,2
101690,2
101691,2
101692,2
101693,2
101694,2
101695,2
101696,2
101697,2
101698,2
101699,2
101700,2
101701,2
101702,2
101703,2
101704,2
101705,2
101706,3
101707,2
101708,2
101709,3
101710,2
101711,3
101712,3
101713,2
101714,2
101715,2
101716,2
101717,2
101718,3
101719,2
101720,2
101721,2
101722,2
101723,2
101724,3
101725,2
101726,2
101727,2
101728,2
101729,2
101730,2
101731,2
101732,2
101733,2
101734,2
101735,2
101736,2
101737,2
101738,2
101739,3
101740,2
101741,2
101742,2
101743,2
101744,2
101745,2
101746,2
101747,2
101748,2
101749,2
101750,2
101751,2
101752,2
101753,2
101754,2
101755,2
101756,2
101757,2
101758,3
101759,2
101760,2
101761,2
101762,2
101763,2
101764,2
101765,2
101766,2
101767,3
101768,2
101769,2
101770,2
101771,2
101772,2
101773,2
101774,2
101775,2
101776,2
101777,3
101778,2
101779,2
101780,3
101781,3
101782,3
101783,3
101784,2
101785,3
101786,3
101787,3
101788,3
101789,3
101790,3
101791,3
101792,3
101793,2
101794,2
101795,2
101796,3
101797,3
101798,2
101799,2
101800,2
101801,2
101802,3
101803,3
101804,3
101805,3
101806,2
101807,3
101808,3
101809,1
101810,3
101811,3
101812,2
101813,3
101814,2
101815,3
101816,3
101817,3
101818,3
101819,2
101820,3
101821,3
101822,3
101823,3
101824,3
101825,3
101826,3
101827,3
101828,2
101829,3
101830,2
101831,2
101832,3
101833,2
101834,3
101835,3
101836,1
101837,1
101838,2
101839,3
101840,2
101841,2
101842,2
101843,0
101844,2
101845,2
101846,2
101847,2
101848,2
101849,1
101850,1
101851,2
101852,2
101853,2
101854,3
101855,2
101856,2
101857,2
101858,2
101859,1
101860,2
101861,2
101862,2
101863,2
101864,2
101865,2
101866,1
101867,1
101868,1
101869,2
101870,2
101871,1
101872,2
101873,2
101874,2
101875,2
101876,1
101877,2
101878,2
101879,1
101880,1
101881,1
101882,1
101883,1
101884,3
101885,1
101886,2
101887,2
101888,2
101889,2
101890,2
101891,2
101892,2
101893,2
101894,2
101895,2
101896,2
101897,2
101898,1
101899,2
101900,2
101901,2
101902,2
101903,2
101904,2
101905,2
101906,2
101907,2
101908,3
101909,2
101910,2
101911,2
101912,2
101913,1
101914,1
101915,3
101916,2
101917,1
101918,3
101919,2
101920,2
101921,2
101922,2
101923,1
101924,2
101925,2
101926,1
101927,1
101928,2
101929,2
101930,2
101931,1
101932,1
101933,1
101934,1
101935,2
101936,2
101937,1
101938,1
101939,2
101940,1
101941,2
101942,2
101943,2
101944,2
101945,2
101946,2
101947,2
101948,2
101949,1
101950,2
101951,2
101952,2
101953,2
101954,2
101955,2
101956,2
101957,3
101958,2
101959,2
101960,2
101961,3
101962,3
101963,2
101964,2
101965,2
101966,2
101967,2
101968,2
101969,2
101970,2
101971,2
101972,2
101973,2
101974,2
101975,2
101976,2
101977,2
101978,3
101979,2
101980,2
101981,2
101982,2
101983,2
101984,2
101985,2
101986,2
101987,2
101988,2
101989,2
101990,2
101991,2
101992,2
101993,2
101994,2
101995,2
101996,2
101997,2
101998,2
101999,2
102000,3
102001,2
102002,3
102003,2
102004,3
102005,3
102006,2
102007,0
102008,2
102009,2
102010,2
102011,2
102012,2
102013,2
102014,2
102015,3
102016,3
102017,2
102018,2
102019,2
102020,3
102021,2
102022,3
102023,3
102024,3
102025,2
102026,3
102027,3
102028,2
102029,2
102030,2
102031,2
102032,2
102033,2
102034,2
102035,2
102036,2
102037,2
102038,2
102039,2
102040,2
102041,2
102042,2
102043,2
102044,2
102045,2
102046,2
102047,2
102048,2
102049,2
102050,2
102051,2
102052,2
102053,2
102054,2
102055,2
102056,2
102057,2
102058,2
102059,2
102060,2
102061,2
102062,2
102063,2
102064,2
102065,2
102066,2
102067,2
102068,2
102069,2
102070,2
102071,2
102072,2
102073,2
102074,2
102075,2
102076,2
102077,2
102078,2
102079,2
102080,3
102081,2
102082,2
102083,2
102084,2
102085,2
102086,2
102087,2
102088,2
102089,2
102090,2
102091,2
102092,2
102093,2
102094,2
102095,3
102096,2
102097,2
102098,2
102099,2
102100,2
102101,2
102102,3
102103,2
102104,2
102105,2
102106,2
102107,2
102108,3
102109,2
102110,2
102111,2
102112,3
102113,3
102114,2
102115,2
102116,2
102117,2
102118,2
102119,2
102120,2
102121,2
102122,2
102123,2
102124,2
102125,2
102126,2
102127,2
102128,2
102129,2
102130,2
102131,2
102132,2
102133,1
102134,3
102135,3
102136,3
102137,1
102138,3
102139,3
102140,2
102141,2
102142,2
102143,2
102144,2
102145,2
102146,2
102147,2
102148,2
102149,2
102150,2
102151,2
102152,2
102153,2
102154,2
102155,2
102156,2
102157,2
102158,2
102159,2
102160,2
102161,2
102162,2
102163,2
102164,2
102165,2
102166,2
102167,2
102168,2
102169,2
102170,2
102171,2
102172,2
102173,2
102174,1
102175,2
102176,2
102177,1
102178,1
102179,2
102180,2
102181,2
102182,2
102183,2
102184,2
102185,2
102186,2
102187,2
102188,2
102189,2
102190,2
102191,2
102192,2
102193,2
102194,2
102195,2
102196,2
102197,2
102198,2
102199,3
102200,3
102201,3
102202,3
102203,3
102204,3
102205,3
102206,1
102207,1
102208,3
102209,2
102210,1
102211,3
102212,3
102213,3
102214,3
102215,1
102216,1
102217,1
102218,3
102219,1
102220,1
102221,2
102222,2
102223,2
102224,3
102225,3
102226,1
102227,1
102228,2
102229,2
102230,2
102231,1
102232,1
102233,1
102234,1
102235,1
102236,1
102237,1
102238,3
102239,3
102240,3
102241,3
102242,3
102243,3
102244,2
102245,2
102246,2
102247,2
102248,2
102249,2
102250,3
102251,3
102252,1
102253,3
102254,3
102255,3
102256,2
102257,3
102258,2
102259,2
102260,2
102261,1
102262,2
102263,3
102264,2
102265,3
102266,3
102267,3
102268,3
102269,3
102270,2
102271,3
102272,2
102273,2
102274,2
102275,2
102276,2
102277,2
102278,2
102279,0
102280,3
102281,1
102282,1
102283,2
102284,3
102285,0
102286,2
102287,0
102288,0
102289,0
102290,0
102291,3
102292,0
102293,2
102294,2
102295,3
102296,2
102297,3
102298,2
102299,3
102300,2
102301,2
102302,2
102303,2
102304,2
102305,2
102306,1
102307,2
102308,2
102309,2
102310,2
102311,2
102312,2
102313,2
102314,2
102315,0
102316,2
102317,2
102318,2
102319,2
102320,3
102321,2
102322,2
102323,3
102324,2
102325,2
102326,2
102327,2
102328,2
102329,2
102330,2
102331,2
102332,2
102333,2
102334,2
102335,2
102336,2
102337,2
102338,2
102339,2
102340,2
102341,2
102342,2
102343,2
102344,2
102345,2
102346,2
102347,2
102348,2
102349,2
102350,2
102351,2
102352,2
102353,2
102354,2
102355,2
102356,2
102357,2
102358,2
102359,2
102360,2
102361,2
102362,2
102363,2
102364,2
102365,2
102366,2
102367,2
102368,2
102369,2
102370,2
102371,2
102372,2
102373,3
102374,2
102375,2
102376,2
102377,2
102378,2
102379,2
102380,2
102381,2
102382,2
102383,2
102384,2
102385,2
102386,2
102387,2
102388,2
102389,2
102390,2
102391,1
102392,2
102393,2
102394,2
102395,2
102396,2
102397,2
102398,2
102399,2
102400,2
102401,3
102402,2
102403,0
102404,2
102405,2
102406,2
102407,1
102408,2
102409,3
102410,2
102411,2
102412,3
102413,2
102414,2
102415,2
102416,1
102417,2
102418,3
102419,1
102420,2
102421,3
102422,2
102423,1
102424,1
102425,3
102426,2
102427,2
102428,3
102429,3
102430,1
102431,3
102432,2
102433,0
102434,1
102435,2
102436,2
102437,1
102438,2
102439,2
102440,2
102441,1
102442,1
102443,2
102444,2
102445,2
102446,2
102447,2
102448,2
102449,3
102450,2
102451,2
102452,2
102453,2
102454,2
102455,2
102456,2
102457,3
102458,2
102459,2
102460,2
102461,2
102462,2
102463,2
102464,2
102465,2
102466,2
102467,2
102468,2
102469,2
102470,3
102471,2
102472,3
102473,2
102474,2
102475,3
102476,3
102477,2
102478,2
102479,2
102480,2
102481,3
102482,2
102483,3
102484,3
102485,2
102486,2
102487,2
102488,3
102489,3
102490,1
102491,1
102492,1
102493,1
102494,1
102495,3
102496,1
102497,1
102498,1
102499,2
102500,4
102501,3
102502,2
102503,2
102504,2
102505,2
102506,1
102507,1
102508,3
102509,2
102510,2
102511,1
102512,2
102513,2
102514,3
102515,2
102516,2
102517,2
102518,2
102519,3
102520,3
102521,3
102522,2
102523,3
102524,2
102525,3
102526,2
102527,2
102528,2
102529,2
102530,2
102531,2
102532,2
102533,2
102534,2
102535,1
102536,1
102537,1
102538,3
102539,3
102540,1
102541,3
102542,2
102543,2
102544,2
102545,2
102546,3
102547,1
102548,1
102549,2
102550,3
102551,2
102552,1
102553,2
102554,2
102555,1
102556,2
102557,2
102558,2
102559,2
102560,1
102561,2
102562,2
102563,2
102564,2
102565,2
102566,2
102567,2
102568,2
102569,2
102570,1
102571,1
102572,1
102573,1
102574,1
102575,2
102576,2
102577,2
102578,2
102579,2
102580,1
102581,2
102582,2
102583,2
102584,2
102585,2
102586,2
102587,2
102588,2
102589,2
102590,2
102591,2
102592,2
102593,3
102594,1
102595,1
102596,1
102597,1
102598,2
102599,2
102600,2
102601,2
102602,2
102603,2
102604,2
102605,2
102606,2
102607,2
102608,2
102609,2
102610,2
102611,2
102612,2
102613,2
102614,2
102615,2
102616,2
102617,2
102618,2
102619,2
102620,2
102621,2
102622,2
102623,2
102624,2
102625,2
102626,2
102627,2
102628,2
102629,2
102630,2
102631,2
102632,2
102633,2
102634,2
102635,2
102636,3
102637,3
102638,2
102639,3
102640,2
102641,1
102642,3
102643,1
102644,1
102645,1
102646,2
102647,2
102648,2
102649,2
102650,2
102651,2
102652,2
102653,2
102654,1
102655,3
102656,2
102657,2
102658,2
102659,2
102660,2
102661,2
102662,1
102663,2
102664,2
102665,2
102666,2
102667,2
102668,2
102669,2
102670,1
102671,2
102672,2
102673,2
102674,2
102675,2
102676,4
102677,2
102678,2
102679,2
102680,2
102681,2
102682,2
102683,1
102684,1
102685,1
102686,1
102687,1
102688,1
102689,1
102690,1
102691,1
102692,1
102693,2
102694,2
102695,2
102696,1
102697,3
102698,3
102699,3
102700,3
102701,2
102702,2
102703,2
102704,2
102705,2
102706,2
102707,2
102708,2
102709,2
102710,2
102711,2
102712,2
102713,1
102714,2
102715,2
102716,2
102717,3
102718,2
102719,1
102720,2
102721,2
102722,1
102723,1
102724,1
102725,3
102726,3
102727,3
102728,3
102729,2
102730,3
102731,2
102732,2
102733,2
102734,3
102735,3
102736,2
102737,3
102738,2
102739,2
102740,2
102741,1
102742,2
102743,1
102744,1
102745,3
102746,1
102747,3
102748,3
102749,3
102750,3
102751,1
102752,1
102753,2
102754,2
102755,1
102756,1
102757,1
102758,1
102759,1
102760,1
102761,3
102762,3
102763,1
102764,3
102765,3
102766,1
102767,1
102768,1
102769,2
102770,2
102771,2
102772,2
102773,2
102774,2
102775,2
102776,2
102777,2
102778,2
102779,1
102780,2
102781,2
102782,2
102783,2
102784,2
102785,2
102786,2
102787,2
102788,2
102789,2
102790,2
102791,2
102792,2
102793,2
102794,2
102795,2
102796,2
102797,2
102798,2
102799,2
102800,2
102801,2
102802,3
102803,2
102804,2
102805,2
102806,2
102807,2
102808,2
102809,2
102810,2
102811,2
102812,2
102813,2
102814,2
102815,2
102816,2
102817,2
102818,2
102819,2
102820,2
102821,2
102822,2
102823,2
102824,2
102825,2
102826,2
102827,2
102828,2
102829,2
102830,2
102831,2
102832,2
102833,2
102834,2
102835,2
102836,2
102837,2
102838,2
102839,2
102840,2
102841,2
102842,3
102843,2
102844,2
102845,2
102846,2
102847,2
102848,2
102849,2
102850,2
102851,2
102852,2
102853,2
102854,2
102855,2
102856,2
102857,2
102858,2
102859,2
102860,2
102861,2
102862,2
102863,2
102864,2
102865,2
102866,2
102867,2
102868,2
102869,2
102870,2
102871,2
102872,2
102873,2
102874,2
102875,2
102876,2
102877,2
102878,2
102879,2
102880,2
102881,2
102882,3
102883,2
102884,2
102885,2
102886,2
102887,2
102888,2
102889,2
102890,3
102891,3
102892,2
102893,2
102894,2
102895,2
102896,2
102897,2
102898,3
102899,3
102900,2
102901,2
102902,1
102903,2
102904,2
102905,2
102906,2
102907,2
102908,3
102909,2
102910,2
102911,2
102912,2
102913,2
102914,3
102915,2
102916,2
102917,2
102918,2
102919,2
102920,2
102921,2
102922,2
102923,2
102924,2
102925,2
102926,2
102927,2
102928,2
102929,2
102930,2
102931,2
102932,2
102933,2
102934,2
102935,2
102936,2
102937,2
102938,2
102939,3
102940,2
102941,3
102942,2
102943,2
102944,2
102945,2
102946,2
102947,2
102948,2
102949,2
102950,2
102951,2
102952,2
102953,2
102954,2
102955,2
102956,2
102957,2
102958,2
102959,2
102960,2
102961,2
102962,2
102963,2
102964,2
102965,2
102966,2
102967,2
102968,2
102969,2
102970,3
102971,2
102972,2
102973,2
102974,2
102975,2
102976,2
102977,2
102978,2
102979,2
102980,2
102981,2
102982,2
102983,2
102984,2
102985,2
102986,2
102987,2
102988,2
102989,2
102990,2
102991,2
102992,2
102993,2
102994,2
102995,2
102996,2
102997,3
102998,2
102999,2
103000,2
103001,2
103002,2
103003,2
103004,2
103005,2
103006,2
103007,2
103008,2
103009,2
103010,2
103011,2
103012,2
103013,2
103014,2
103015,2
103016,2
103017,2
103018,2
103019,2
103020,2
103021,2
103022,2
103023,2
103024,2
103025,2
103026,2
103027,2
103028,2
103029,2
103030,2
103031,2
103032,3
103033,2
103034,2
103035,2
103036,2
103037,2
103038,2
103039,2
103040,2
103041,2
103042,2
103043,2
103044,2
103045,2
103046,2
103047,3
103048,2
103049,2
103050,2
103051,2
103052,2
103053,2
103054,2
103055,2
103056,2
103057,2
103058,2
103059,2
103060,2
103061,2
103062,2
103063,2
103064,2
103065,2
103066,2
103067,2
103068,2
103069,2
103070,2
103071,2
103072,2
103073,3
103074,2
103075,2
103076,2
103077,2
103078,2
103079,2
103080,2
103081,2
103082,2
103083,3
103084,2
103085,2
103086,2
103087,2
103088,3
103089,2
103090,2
103091,2
103092,2
103093,2
103094,2
103095,2
103096,2
103097,2
103098,2
103099,2
103100,2
103101,2
103102,2
103103,2
103104,2
103105,2
103106,2
103107,2
103108,2
103109,3
103110,2
103111,2
103112,2
103113,2
103114,2
103115,2
103116,2
103117,2
103118,2
103119,2
103120,2
103121,2
103122,2
103123,2
103124,2
103125,2
103126,2
103127,2
103128,2
103129,2
103130,2
103131,2
103132,2
103133,2
103134,2
103135,2
103136,2
103137,2
103138,2
103139,2
103140,2
103141,2
103142,2
103143,2
103144,2
103145,2
103146,2
103147,3
103148,2
103149,2
103150,2
103151,3
103152,2
103153,2
103154,2
103155,2
103156,2
103157,2
103158,2
103159,2
103160,2
103161,2
103162,2
103163,2
103164,2
103165,2
103166,2
103167,2
103168,2
103169,2
103170,2
103171,2
103172,2
103173,2
103174,2
103175,2
103176,2
103177,2
103178,2
103179,2
103180,2
103181,2
103182,2
103183,2
103184,2
103185,2
103186,2
103187,2
103188,2
103189,2
103190,2
103191,3
103192,2
103193,2
103194,2
103195,2
103196,2
103197,2
103198,3
103199,2
103200,2
103201,2
103202,2
103203,2
103204,2
103205,3
103206,2
103207,2
103208,2
103209,2
103210,2
103211,2
103212,3
103213,3
103214,2
103215,3
103216,2
103217,2
103218,2
103219,3
103220,2
103221,1
103222,3
103223,3
103224,2
103225,2
103226,2
103227,2
103228,2
103229,2
103230,2
103231,2
103232,2
103233,2
103234,2
103235,2
103236,2
103237,2
103238,2
103239,2
103240,3
103241,2
103242,2
103243,2
103244,2
103245,2
103246,2
103247,2
103248,2
103249,2
103250,2
103251,2
103252,2
103253,2
103254,2
103255,2
103256,3
103257,2
103258,3
103259,2
103260,2
103261,2
103262,2
103263,2
103264,2
103265,2
103266,2
103267,2
103268,2
103269,2
103270,2
103271,2
103272,2
103273,2
103274,2
103275,2
103276,3
103277,2
103278,2
103279,5
103280,2
103281,2
103282,2
103283,2
103284,2
103285,2
103286,2
103287,2
103288,2
103289,2
103290,2
103291,2
103292,2
103293,2
103294,2
103295,2
103296,3
103297,1
103298,2
103299,2
103300,2
103301,2
103302,2
103303,2
103304,2
103305,2
103306,2
103307,2
103308,2
103309,2
103310,3
103311,2
103312,2
103313,2
103314,2
103315,2
103316,2
103317,3
103318,2
103319,2
103320,2
103321,2
103322,3
103323,2
103324,2
103325,2
103326,2
103327,2
103328,2
103329,2
103330,2
103331,2
103332,2
103333,2
103334,2
103335,2
103336,2
103337,2
103338,2
103339,2
103340,2
103341,2
103342,2
103343,2
103344,2
103345,2
103346,2
103347,2
103348,2
103349,2
103350,3
103351,2
103352,2
103353,2
103354,2
103355,3
103356,2
103357,2
103358,2
103359,2
103360,2
103361,3
103362,2
103363,2
103364,2
103365,2
103366,2
103367,2
103368,2
103369,2
103370,3
103371,2
103372,2
103373,2
103374,2
103375,2
103376,2
103377,3
103378,2
103379,2
103380,2
103381,2
103382,2
103383,2
103384,2
103385,2
103386,2
103387,2
103388,2
103389,2
103390,2
103391,2
103392,2
103393,2
103394,2
103395,2
103396,2
103397,2
103398,2
103399,2
103400,2
103401,1
103402,3
103403,2
103404,3
103405,2
103406,2
103407,2
103408,2
103409,2
103410,2
103411,2
103412,2
103413,2
103414,2
103415,3
103416,2
103417,2
103418,2
103419,2
103420,2
103421,2
103422,2
103423,2
103424,2
103425,3
103426,2
103427,2
103428,2
103429,2
103430,2
103431,2
103432,2
103433,3
103434,3
103435,2
103436,2
103437,2
103438,2
103439,2
103440,2
103441,2
103442,2
103443,2
103444,2
103445,2
103446,2
103447,2
103448,2
103449,2
103450,2
103451,2
103452,3
103453,2
103454,3
103455,2
103456,2
103457,2
103458,2
103459,2
103460,2
103461,2
103462,2
103463,2
103464,2
103465,2
103466,2
103467,2
103468,2
103469,2
103470,2
103471,2
103472,2
103473,2
103474,2
103475,2
103476,2
103477,2
103478,2
103479,2
103480,2
103481,2
103482,2
103483,2
103484,2
103485,2
103486,2
103487,2
103488,2
103489,2
103490,2
103491,2
103492,2
103493,2
103494,2
103495,2
103496,2
103497,2
103498,2
103499,2
103500,2
103501,2
103502,2
103503,2
103504,2
103505,2
103506,2
103507,2
103508,2
103509,2
103510,2
103511,2
103512,2
103513,2
103514,2
103515,2
103516,2
103517,2
103518,2
103519,2
103520,2
103521,2
103522,2
103523,2
103524,2
103525,2
103526,3
103527,2
103528,2
103529,1
103530,2
103531,2
103532,2
103533,2
103534,2
103535,2
103536,2
103537,2
103538,3
103539,3
103540,3
103541,3
103542,2
103543,3
103544,3
103545,3
103546,3
103547,3
103548,3
103549,2
103550,3
103551,3
103552,3
103553,3
103554,2
103555,3
103556,2
103557,3
103558,3
103559,3
103560,3
103561,3
103562,3
103563,3
103564,3
103565,3
103566,3
103567,3
103568,3
103569,2
103570,3
103571,3
103572,3
103573,3
103574,3
103575,3
103576,3
103577,3
103578,2
103579,3
103580,3
103581,3
103582,3
103583,3
103584,3
103585,3
103586,3
103587,3
103588,2
103589,3
103590,3
103591,3
103592,3
103593,3
103594,3
103595,3
103596,3
103597,3
103598,2
103599,3
103600,3
103601,3
103602,3
103603,3
103604,3
103605,3
103606,3
103607,3
103608,3
103609,3
103610,3
103611,3
103612,3
103613,3
103614,3
103615,3
103616,3
103617,2
103618,3
103619,3
103620,2
103621,3
103622,3
103623,3
103624,3
103625,3
103626,3
103627,2
103628,3
103629,3
103630,3
103631,3
103632,3
103633,3
103634,3
103635,3
103636,3
103637,3
103638,3
103639,3
103640,3
103641,3
103642,3
103643,3
103644,3
103645,3
103646,3
103647,3
103648,3
103649,3
103650,3
103651,3
103652,3
103653,3
103654,3
103655,3
103656,3
103657,3
103658,3
103659,3
103660,3
103661,3
103662,3
103663,3
103664,3
103665,1
103666,3
103667,3
103668,3
103669,3
103670,3
103671,3
103672,3
103673,3
103674,3
103675,2
103676,3
103677,3
103678,2
103679,3
103680,3
103681,2
103682,3
103683,3
103684,3
103685,3
103686,2
103687,3
103688,2
103689,3
103690,3
103691,3
103692,3
103693,3
103694,3
103695,3
103696,3
103697,3
103698,3
103699,3
103700,3
103701,3
103702,3
103703,2
103704,3
103705,2
103706,3
103707,3
103708,3
103709,2
103710,3
103711,3
103712,3
103713,3
103714,3
103715,3
103716,3
103717,3
103718,2
103719,3
103720,3
103721,2
103722,3
103723,3
103724,3
103725,3
103726,4
103727,3
103728,3
103729,2
103730,3
103731,3
103732,3
103733,3
103734,3
103735,3
103736,3
103737,3
103738,2
103739,2
103740,2
103741,3
103742,3
103743,3
103744,3
103745,3
103746,3
103747,3
103748,3
103749,3
103750,3
103751,3
103752,2
103753,3
103754,3
103755,3
103756,3
103757,2
103758,2
103759,2
103760,2
103761,3
103762,2
103763,3
103764,3
103765,3
103766,3
103767,3
103768,3
103769,3
103770,3
103771,3
103772,2
103773,2
103774,3
103775,3
103776,2
103777,2
103778,3
103779,2
103780,3
103781,2
103782,3
103783,3
103784,3
103785,3
103786,3
103787,3
103788,2
103789,2
103790,3
103791,3
103792,3
103793,3
103794,3
103795,3
103796,3
103797,3
103798,3
103799,3
103800,3
103801,3
103802,2
103803,2
103804,3
103805,3
103806,2
103807,3
103808,3
103809,3
103810,3
103811,3
103812,3
103813,3
103814,2
103815,2
103816,3
103817,2
103818,2
103819,3
103820,2
103821,2
103822,3
103823,2
103824,2
103825,3
103826,3
103827,2
103828,2
103829,3
103830,3
103831,2
103832,3
103833,3
103834,2
103835,3
103836,3
103837,3
103838,3
103839,3
103840,3
103841,3
103842,3
103843,3
103844,3
103845,2
103846,3
103847,2
103848,3
103849,2
103850,3
103851,3
103852,3
103853,3
103854,3
103855,3
103856,3
103857,3
103858,3
103859,3
103860,3
103861,3
103862,3
103863,3
103864,3
103865,3
103866,3
103867,3
103868,3
103869,3
103870,3
103871,2
103872,2
103873,2
103874,3
103875,2
103876,2
103877,3
103878,3
103879,2
103880,2
103881,2
103882,3
103883,2
103884,3
103885,2
103886,2
103887,2
103888,2
103889,2
103890,2
103891,3
103892,2
103893,3
103894,2
103895,2
103896,3
103897,3
103898,2
103899,2
103900,2
103901,3
103902,2
103903,2
103904,3
103905,3
103906,2
103907,2
103908,2
103909,2
103910,2
103911,1
103912,3
103913,3
103914,3
103915,3
103916,3
103917,3
103918,3
103919,3
103920,3
103921,3
103922,3
103923,2
103924,2
103925,3
103926,3
103927,3
103928,3
103929,3
103930,3
103931,3
103932,3
103933,3
103934,3
103935,3
103936,3
103937,3
103938,3
103939,3
103940,3
103941,3
103942,3
103943,3
103944,3
103945,1
103946,3
103947,3
103948,3
103949,3
103950,2
103951,2
103952,3
103953,3
103954,3
103955,3
103956,3
103957,3
103958,3
103959,3
103960,1
103961,3
103962,3
103963,3
103964,3
103965,3
103966,3
103967,3
103968,3
103969,2
103970,3
103971,3
103972,3
103973,3
103974,3
103975,3
103976,2
103977,3
103978,3
103979,2
103980,3
103981,1
103982,3
103983,4
103984,3
103985,3
103986,3
103987,3
103988,3
103989,2
103990,3
103991,3
103992,3
103993,3
103994,3
103995,3
103996,3
103997,3
103998,3
103999,3
104000,1
104001,3
104002,3
104003,3
104004,3
104005,3
104006,3
104007,3
104008,2
104009,3
104010,3
104011,3
104012,3
104013,3
104014,3
104015,3
104016,3
104017,3
104018,3
104019,3
104020,3
104021,3
104022,3
104023,3
104024,3
104025,3
104026,3
104027,3
104028,3
104029,3
104030,3
104031,3
104032,3
104033,3
104034,3
104035,3
104036,3
104037,3
104038,3
104039,3
104040,3
104041,3
104042,3
104043,2
104044,3
104045,3
104046,3
104047,3
104048,3
104049,3
104050,3
104051,2
104052,3
104053,2
104054,2
104055,3
104056,2
104057,3
104058,3
104059,3
104060,3
104061,3
104062,3
104063,2
104064,3
104065,3
104066,3
104067,3
104068,3
104069,3
104070,3
104071,3
104072,2
104073,3
104074,3
104075,3
104076,3
104077,3
104078,3
104079,3
104080,2
104081,3
104082,3
104083,3
104084,3
104085,3
104086,3
104087,3
104088,3
104089,3
104090,3
104091,3
104092,3
104093,3
104094,3
104095,3
104096,3
104097,3
104098,3
104099,3
104100,3
104101,3
104102,3
104103,3
104104,3
104105,3
104106,3
104107,3
104108,3
104109,3
104110,3
104111,3
104112,3
104113,3
104114,2
104115,2
104116,3
104117,3
104118,3
104119,3
104120,3
104121,3
104122,2
104123,3
104124,3
104125,3
104126,3
104127,3
104128,3
104129,2
104130,3
104131,3
104132,3
104133,3
104134,3
104135,3
104136,3
104137,2
104138,2
104139,3
104140,3
104141,3
104142,1
104143,3
104144,3
104145,3
104146,3
104147,3
104148,3
104149,3
104150,3
104151,3
104152,2
104153,3
104154,2
104155,3
104156,3
104157,3
104158,2
104159,3
104160,3
104161,3
104162,3
104163,3
104164,3
104165,3
104166,3
104167,3
104168,3
104169,2
104170,3
104171,3
104172,3
104173,3
104174,3
104175,2
104176,3
104177,3
104178,3
104179,3
104180,3
104181,3
104182,3
104183,3
104184,3
104185,3
104186,3
104187,3
104188,3
104189,2
104190,3
104191,3
104192,3
104193,3
104194,3
104195,3
104196,3
104197,3
104198,3
104199,3
104200,3
104201,1
104202,1
104203,1
104204,3
104205,3
104206,3
104207,3
104208,3
104209,3
104210,3
104211,3
104212,3
104213,3
104214,3
104215,3
104216,3
104217,3
104218,3
104219,3
104220,3
104221,3
104222,3
104223,3
104224,3
104225,3
104226,3
104227,3
104228,3
104229,3
104230,3
104231,3
104232,3
104233,3
104234,3
104235,3
104236,3
104237,3
104238,3
104239,3
104240,3
104241,3
104242,3
104243,4
104244,3
104245,3
104246,3
104247,3
104248,3
104249,3
104250,3
104251,3
104252,3
104253,3
104254,3
104255,3
104256,3
104257,1
104258,1
104259,3
104260,3
104261,3
104262,1
104263,3
104264,3
104265,3
104266,3
104267,3
104268,3
104269,3
104270,0
104271,3
104272,1
104273,3
104274,3
104275,3
104276,3
104277,3
104278,3
104279,3
104280,3
104281,3
104282,1
104283,3
104284,3
104285,1
104286,1
104287,3
104288,1
104289,1
104290,3
104291,3
104292,1
104293,1
104294,1
104295,1
104296,3
104297,3
104298,3
104299,3
104300,3
104301,3
104302,3
104303,3
104304,1
104305,1
104306,3
104307,3
104308,1
104309,3
104310,2
104311,1
104312,1
104313,3
104314,3
104315,3
104316,3
104317,3
104318,3
104319,3
104320,3
104321,3
104322,3
104323,3
104324,3
104325,0
104326,2
104327,3
104328,3
104329,2
104330,3
104331,3
104332,0
104333,3
104334,0
104335,3
104336,1
104337,1
104338,3
104339,2
104340,1
104341,3
104342,2
104343,3
104344,3
104345,3
104346,3
104347,3
104348,2
104349,3
104350,3
104351,3
104352,1
104353,1
104354,1
104355,1
104356,1
104357,1
104358,3
104359,3
104360,2
104361,3
104362,3
104363,2
104364,2
104365,1
104366,3
104367,3
104368,1
104369,3
104370,2
104371,2
104372,2
104373,2
104374,0
104375,2
104376,3
104377,3
104378,3
104379,3
104380,3
104381,2
104382,1
104383,1
104384,3
104385,1
104386,1
104387,3
104388,1
104389,3
104390,3
104391,3
104392,3
104393,2
104394,2
104395,2
104396,1
104397,1
104398,2
104399,2
104400,3
104401,2
104402,3
104403,1
104404,1
104405,3
104406,3
104407,3
104408,3
104409,3
104410,3
104411,3
104412,1
104413,2
104414,1
104415,3
104416,2
104417,3
104418,2
104419,3
104420,3
104421,3
104422,3
104423,2
104424,3
104425,3
104426,3
104427,3
104428,2
104429,3
104430,2
104431,3
104432,3
104433,3
104434,2
104435,3
104436,3
104437,3
104438,2
104439,3
104440,3
104441,3
104442,3
104443,3
104444,3
104445,3
104446,3
104447,3
104448,3
104449,3
104450,3
104451,3
104452,3
104453,3
104454,3
104455,3
104456,3
104457,3
104458,3
104459,3
104460,1
104461,3
104462,3
104463,2
104464,3
104465,3
104466,3
104467,3
104468,3
104469,2
104470,2
104471,2
104472,3
104473,3
104474,3
104475,3
104476,3
104477,2
104478,2
104479,2
104480,2
104481,2
104482,2
104483,2
104484,2
104485,2
104486,2
104487,2
104488,2
104489,2
104490,2
104491,3
104492,3
104493,3
104494,2
104495,3
104496,3
104497,2
104498,3
104499,3
104500,3
104501,3
104502,3
104503,2
104504,3
104505,3
104506,3
104507,3
104508,3
104509,3
104510,3
104511,3
104512,3
104513,3
104514,3
104515,3
104516,3
104517,3
104518,3
104519,3
104520,3
104521,3
104522,3
104523,3
104524,3
104525,3
104526,3
104527,3
104528,3
104529,3
104530,2
104531,3
104532,3
104533,3
104534,3
104535,2
104536,2
104537,2
104538,3
104539,2
104540,2
104541,2
104542,2
104543,2
104544,2
104545,2
104546,2
104547,2
104548,2
104549,2
104550,2
104551,2
104552,2
104553,2
104554,2
104555,2
104556,2
104557,2
104558,2
104559,2
104560,2
104561,2
104562,2
104563,2
104564,2
104565,2
104566,2
104567,2
104568,2
104569,3
104570,2
104571,2
104572,2
104573,2
104574,2
104575,2
104576,2
104577,2
104578,2
104579,2
104580,2
104581,2
104582,2
104583,2
104584,2
104585,2
104586,2
104587,2
104588,2
104589,2
104590,2
104591,2
104592,2
104593,2
104594,2
104595,2
104596,2
104597,2
104598,2
104599,2
104600,2
104601,2
104602,2
104603,3
104604,3
104605,2
104606,2
104607,2
104608,2
104609,2
104610,2
104611,2
104612,2
104613,3
104614,3
104615,3
104616,3
104617,3
104618,3
104619,3
104620,2
104621,3
104622,2
104623,3
104624,2
104625,2
104626,2
104627,2
104628,2
104629,2
104630,2
104631,2
104632,2
104633,2
104634,2
104635,2
104636,2
104637,2
104638,3
104639,2
104640,2
104641,3
104642,2
104643,2
104644,2
104645,2
104646,2
104647,2
104648,2
104649,2
104650,2
104651,2
104652,2
104653,2
104654,2
104655,2
104656,2
104657,2
104658,2
104659,2
104660,2
104661,2
104662,3
104663,3
104664,3
104665,3
104666,3
104667,3
104668,2
104669,2
104670,3
104671,3
104672,3
104673,2
104674,2
104675,2
104676,2
104677,2
104678,2
104679,3
104680,3
104681,3
104682,2
104683,3
104684,3
104685,1
104686,3
104687,3
104688,2
104689,3
104690,3
104691,2
104692,2
104693,3
104694,2
104695,2
104696,2
104697,3
104698,3
104699,3
104700,2
104701,3
104702,3
104703,3
104704,2
104705,3
104706,3
104707,3
104708,3
104709,3
104710,3
104711,2
104712,3
104713,3
104714,3
104715,3
104716,3
104717,3
104718,3
104719,3
104720,3
104721,3
104722,3
104723,3
104724,3
104725,3
104726,3
104727,3
104728,2
104729,2
104730,3
104731,3
104732,2
104733,2
104734,2
104735,2
104736,3
104737,2
104738,2
104739,3
104740,2
104741,2
104742,2
104743,3
104744,3
104745,3
104746,3
104747,3
104748,3
104749,3
104750,3
104751,2
104752,3
104753,3
104754,3
104755,3
104756,2
104757,3
104758,3
104759,3
104760,3
104761,3
104762,3
104763,3
104764,3
104765,3
104766,3
104767,3
104768,3
104769,2
104770,3
104771,3
104772,3
104773,3
104774,3
104775,3
104776,3
104777,3
104778,2
104779,3
104780,3
104781,2
104782,3
104783,2
104784,3
104785,2
104786,3
104787,3
104788,3
104789,3
104790,3
104791,3
104792,3
104793,3
104794,3
104795,3
104796,2
104797,3
104798,2
104799,3
104800,3
104801,3
104802,3
104803,3
104804,3
104805,3
104806,3
104807,3
104808,3
104809,3
104810,3
104811,3
104812,3
104813,3
104814,3
104815,3
104816,3
104817,3
104818,3
104819,3
104820,3
104821,3
104822,3
104823,3
104824,3
104825,3
104826,3
104827,3
104828,3
104829,3
104830,3
104831,2
104832,2
104833,2
104834,2
104835,2
104836,2
104837,2
104838,2
104839,2
104840,2
104841,2
104842,3
104843,2
104844,1
104845,3
104846,2
104847,2
104848,1
104849,3
104850,1
104851,2
104852,1
104853,3
104854,3
104855,2
104856,1
104857,1
104858,3
104859,2
104860,2
104861,2
104862,2
104863,2
104864,3
104865,3
104866,2
104867,2
104868,2
104869,3
104870,2
104871,3
104872,2
104873,1
104874,1
104875,1
104876,3
104877,3
104878,1
104879,3
104880,3
104881,3
104882,3
104883,3
104884,3
104885,1
104886,3
104887,1
104888,1
104889,3
104890,3
104891,3
104892,2
104893,2
104894,2
104895,2
104896,3
104897,3
104898,3
104899,2
104900,2
104901,3
104902,3
104903,3
104904,3
104905,3
104906,3
104907,2
104908,3
104909,3
104910,2
104911,2
104912,2
104913,3
104914,2
104915,2
104916,3
104917,2
104918,3
104919,2
104920,2
104921,3
104922,2
104923,2
104924,2
104925,2
104926,3
104927,2
104928,2
104929,2
104930,2
104931,3
104932,2
104933,2
104934,3
104935,2
104936,2
104937,2
104938,3
104939,2
104940,2
104941,3
104942,2
104943,2
104944,2
104945,2
104946,3
104947,2
104948,2
104949,2
104950,2
104951,2
104952,2
104953,3
104954,2
104955,2
104956,2
104957,2
104958,2
104959,2
104960,2
104961,2
104962,2
104963,2
104964,2
104965,2
104966,2
104967,2
104968,2
104969,2
104970,2
104971,2
104972,2
104973,2
104974,2
104975,2
104976,3
104977,2
104978,2
104979,2
104980,2
104981,2
104982,3
104983,3
104984,3
104985,2
104986,3
104987,2
104988,3
104989,2
104990,2
104991,3
104992,2
104993,2
104994,2
104995,3
104996,3
104997,2
104998,1
104999,3
105000,2
105001,2
105002,2
105003,3
105004,2
105005,3
105006,0
105007,2
105008,2
105009,2
105010,2
105011,1
105012,3
105013,3
105014,2
105015,2
105016,2
105017,2
105018,2
105019,3
105020,3
105021,3
105022,1
105023,3
105024,2
105025,3
105026,2
105027,3
105028,3
105029,3
105030,3
105031,2
105032,3
105033,1
105034,1
105035,3
105036,3
105037,3
105038,2
105039,3
105040,3
105041,3
105042,3
105043,3
105044,2
105045,3
105046,3
105047,3
105048,3
105049,3
105050,3
105051,3
105052,3
105053,3
105054,3
105055,3
105056,3
105057,3
105058,3
105059,3
105060,3
105061,3
105062,3
105063,3
105064,3
105065,3
105066,3
105067,3
105068,3
105069,3
105070,2
105071,2
105072,2
105073,3
105074,3
105075,3
105076,3
105077,2
105078,2
105079,2
105080,2
105081,3
105082,2
105083,3
105084,3
105085,3
105086,3
105087,3
105088,3
105089,3
105090,3
105091,3
105092,3
105093,3
105094,3
105095,3
105096,3
105097,3
105098,3
105099,3
105100,2
105101,3
105102,2
105103,3
105104,2
105105,3
105106,3
105107,3
105108,3
105109,3
105110,3
105111,3
105112,3
105113,3
105114,3
105115,3
105116,3
105117,3
105118,3
105119,2
105120,2
105121,2
105122,2
105123,3
105124,3
105125,3
105126,2
105127,2
105128,3
105129,3
105130,2
105131,2
105132,2
105133,2
105134,2
105135,2
105136,3
105137,2
105138,3
105139,2
105140,2
105141,3
105142,2
105143,3
105144,3
105145,3
105146,3
105147,3
105148,2
105149,2
105150,3
105151,3
105152,2
105153,3
105154,2
105155,3
105156,3
105157,4
105158,3
105159,3
105160,3
105161,3
105162,3
105163,3
105164,3
105165,3
105166,3
105167,2
105168,3
105169,3
105170,3
105171,3
105172,2
105173,2
105174,3
105175,3
105176,3
105177,3
105178,3
105179,2
105180,3
105181,2
105182,3
105183,3
105184,3
105185,3
105186,3
105187,3
105188,3
105189,3
105190,3
105191,3
105192,3
105193,3
105194,3
105195,3
105196,3
105197,3
105198,3
105199,3
105200,3
105201,3
105202,3
105203,3
105204,3
105205,3
105206,3
105207,3
105208,3
105209,3
105210,3
105211,2
105212,3
105213,2
105214,3
105215,2
105216,2
105217,3
105218,2
105219,2
105220,0
105221,2
105222,2
105223,2
105224,2
105225,2
105226,1
105227,1
105228,1
105229,1
105230,1
105231,1
105232,1
105233,1
105234,1
105235,1
105236,1
105237,3
105238,1
105239,1
105240,1
105241,1
105242,1
105243,1
105244,1
105245,1
105246,1
105247,1
105248,1
105249,1
105250,1
105251,1
105252,1
105253,1
105254,1
105255,1
105256,1
105257,1
105258,1
105259,3
105260,1
105261,1
105262,1
105263,1
105264,1
105265,1
105266,1
105267,1
105268,1
105269,1
105270,1
105271,1
105272,1
105273,1
105274,1
105275,1
105276,1
105277,1
105278,1
105279,1
105280,1
105281,1
105282,1
105283,1
105284,1
105285,1
105286,1
105287,1
105288,1
105289,1
105290,1
105291,1
105292,1
105293,3
105294,1
105295,1
105296,1
105297,1
105298,1
105299,1
105300,1
105301,1
105302,1
105303,1
105304,1
105305,1
105306,1
105307,1
105308,1
105309,1
105310,1
105311,1
105312,1
105313,1
105314,1
105315,1
105316,1
105317,1
105318,1
105319,1
105320,1
105321,1
105322,1
105323,1
105324,1
105325,1
105326,1
105327,1
105328,1
105329,1
105330,1
105331,1
105332,1
105333,1
105334,1
105335,1
105336,1
105337,1
105338,1
105339,1
105340,1
105341,1
105342,1
105343,1
105344,1
105345,1
105346,1
105347,1
105348,1
105349,1
105350,1
105351,1
105352,1
105353,1
105354,1
105355,1
105356,1
105357,1
105358,1
105359,1
105360,1
105361,1
105362,1
105363,1
105364,1
105365,3
105366,1
105367,1
105368,1
105369,1
105370,1
105371,1
105372,1
105373,1
105374,1
105375,1
105376,1
105377,1
105378,1
105379,1
105380,1
105381,1
105382,3
105383,1
105384,1
105385,1
105386,1
105387,1
105388,1
105389,1
105390,1
105391,1
105392,1
105393,1
105394,1
105395,1
105396,1
105397,1
105398,1
105399,1
105400,1
105401,1
105402,1
105403,1
105404,1
105405,1
105406,1
105407,1
105408,3
105409,3
105410,3
105411,3
105412,3
105413,3
105414,3
105415,3
105416,3
105417,3
105418,3
105419,3
105420,3
105421,3
105422,3
105423,3
105424,2
105425,3
105426,2
105427,2
105428,2
105429,3
105430,2
105431,3
105432,2
105433,2
105434,2
105435,2
105436,2
105437,2
105438,2
105439,2
105440,2
105441,3
105442,2
105443,2
105444,2
105445,2
105446,2
105447,2
105448,2
105449,2
105450,2
105451,3
105452,2
105453,2
105454,3
105455,3
105456,3
105457,3
105458,2
105459,3
105460,3
105461,2
105462,2
105463,3
105464,2
105465,2
105466,2
105467,3
105468,3
105469,3
105470,3
105471,3
105472,3
105473,3
105474,3
105475,3
105476,3
105477,3
105478,3
105479,3
105480,2
105481,2
105482,2
105483,2
105484,3
105485,2
105486,2
105487,3
105488,3
105489,3
105490,3
105491,3
105492,3
105493,0
105494,3
105495,3
105496,2
105497,2
105498,3
105499,3
105500,3
105501,2
105502,2
105503,2
105504,2
105505,2
105506,2
105507,2
105508,2
105509,3
105510,3
105511,2
105512,3
105513,2
105514,2
105515,3
105516,2
105517,3
105518,3
105519,3
105520,3
105521,3
105522,3
105523,2
105524,2
105525,2
105526,2
105527,0
105528,2
105529,2
105530,2
105531,0
105532,2
105533,2
105534,2
105535,2
105536,2
105537,2
105538,0
105539,0
105540,2
105541,0
105542,0
105543,0
105544,0
105545,0
105546,2
105547,0
105548,0
105549,0
105550,3
105551,0
105552,2
105553,2
105554,2
105555,2
105556,2
105557,2
105558,3
105559,2
105560,2
105561,2
105562,2
105563,4
105564,2
105565,3
105566,3
105567,3
105568,2
105569,2
105570,3
105571,1
105572,1
105573,3
105574,2
105575,2
105576,2
105577,4
105578,2
105579,3
105580,3
105581,2
105582,2
105583,2
105584,2
105585,2
105586,2
105587,2
105588,2
105589,2
105590,2
105591,2
105592,2
105593,2
105594,2
105595,2
105596,2
105597,2
105598,2
105599,2
105600,2
105601,2
105602,2
105603,3
105604,2
105605,3
105606,2
105607,3
105608,2
105609,3
105610,2
105611,2
105612,2
105613,2
105614,2
105615,2
105616,2
105617,2
105618,3
105619,3
105620,2
105621,3
105622,2
105623,2
105624,2
105625,2
105626,2
105627,2
105628,2
105629,3
105630,2
105631,2
105632,3
105633,3
105634,3
105635,3
105636,3
105637,3
105638,3
105639,3
105640,2
105641,2
105642,2
105643,3
105644,2
105645,2
105646,2
105647,3
105648,3
105649,3
105650,2
105651,0
105652,2
105653,0
105654,3
105655,3
105656,4
105657,2
105658,3
105659,2
105660,2
105661,2
105662,2
105663,2
105664,2
105665,2
105666,3
105667,3
105668,3
105669,3
105670,3
105671,2
105672,2
105673,2
105674,3
105675,3
105676,3
105677,3
105678,3
105679,3
105680,3
105681,3
105682,3
105683,3
105684,3
105685,3
105686,3
105687,3
105688,3
105689,3
105690,3
105691,3
105692,3
105693,3
105694,3
105695,3
105696,1
105697,3
105698,3
105699,3
105700,3
105701,4
105702,3
105703,1
105704,1
105705,1
105706,1
105707,1
105708,1
105709,3
105710,3
105711,1
105712,1
105713,1
105714,3
105715,3
105716,1
105717,3
105718,4
105719,3
105720,3
105721,3
105722,3
105723,3
105724,3
105725,3
105726,3
105727,3
105728,3
105729,3
105730,3
105731,3
105732,3
105733,0
105734,2
105735,2
105736,3
105737,3
105738,2
105739,2
105740,3
105741,2
105742,3
105743,2
105744,2
105745,3
105746,2
105747,2
105748,2
105749,1
105750,1
105751,1
105752,1
105753,1
105754,1
105755,3
105756,2
105757,2
105758,2
105759,3
105760,3
105761,3
105762,3
105763,2
105764,3
105765,2
105766,3
105767,2
105768,2
105769,2
105770,2
105771,3
105772,2
105773,2
105774,2
105775,2
105776,4
105777,3
105778,1
105779,1
105780,1
105781,1
105782,3
105783,3
105784,3
105785,2
105786,3
105787,3
105788,3
105789,3
105790,3
105791,3
105792,3
105793,2
105794,3
105795,3
105796,3
105797,3
105798,3
105799,3
105800,3
105801,3
105802,2
105803,3
105804,2
105805,3
105806,2
105807,2
105808,2
105809,2
105810,2
105811,2
105812,2
105813,2
105814,3
105815,3
105816,2
105817,2
105818,2
105819,2
105820,2
105821,2
105822,2
105823,2
105824,2
105825,2
105826,2
105827,2
105828,2
105829,2
105830,2
105831,2
105832,0
105833,2
105834,2
105835,2
105836,2
105837,2
105838,3
105839,0
105840,3
105841,2
105842,2
105843,1
105844,1
105845,1
105846,3
105847,3
105848,3
105849,3
105850,1
105851,1
105852,1
105853,1
105854,2
105855,3
105856,3
105857,2
105858,3
105859,3
105860,2
105861,2
105862,2
105863,3
105864,3
105865,3
105866,3
105867,3
105868,3
105869,2
105870,2
105871,3
105872,2
105873,2
105874,3
105875,2
105876,2
105877,2
105878,3
105879,2
105880,2
105881,2
105882,3
105883,3
105884,3
105885,3
105886,3
105887,2
105888,2
105889,0
105890,0
105891,0
105892,3
105893,3
105894,3
105895,2
105896,2
105897,2
105898,2
105899,2
105900,2
105901,1
105902,3
105903,3
105904,3
105905,0
105906,2
105907,0
105908,2
105909,2
105910,3
105911,3
105912,3
105913,3
105914,2
105915,2
105916,2
105917,2
105918,2
105919,2
105920,3
105921,2
105922,3
105923,2
105924,2
105925,1
105926,1
105927,1
105928,3
105929,1
105930,1
105931,2
105932,3
105933,1
105934,3
105935,3
105936,3
105937,3
105938,2
105939,2
105940,0
105941,1
105942,2
105943,1
105944,1
105945,3
105946,3
105947,2
105948,1
105949,3
105950,1
105951,1
105952,1
105953,1
105954,1
105955,1
105956,1
105957,1
105958,1
105959,1
105960,1
105961,1
105962,2
105963,1
105964,1
105965,1
105966,3
105967,1
105968,1
105969,1
105970,1
105971,2
105972,2
105973,2
105974,2
105975,2
105976,2
105977,1
105978,3
105979,1
105980,3
105981,2
105982,2
105983,1
105984,3
105985,1
105986,1
105987,1
105988,3
105989,3
105990,1
105991,1
105992,1
105993,3
105994,3
105995,1
105996,3
105997,1
105998,1
105999,1
106000,3
106001,2
106002,3
106003,0
106004,2
106005,0
106006,0
106007,3
106008,0
106009,3
106010,0
106011,0
106012,0
106013,0
106014,3
106015,3
106016,3
106017,3
106018,3
106019,3
106020,3
106021,3
106022,3
106023,3
106024,2
106025,1
106026,1
106027,1
106028,3
106029,2
106030,3
106031,3
106032,3
106033,3
106034,3
106035,2
106036,2
106037,2
106038,2
106039,2
106040,2
106041,3
106042,2
106043,0
106044,2
106045,2
106046,2
106047,2
106048,2
106049,2
106050,3
106051,2
106052,2
106053,3
106054,3
106055,2
106056,2
106057,3
106058,3
106059,3
106060,3
106061,2
106062,3
106063,3
106064,2
106065,3
106066,2
106067,2
106068,3
106069,3
106070,2
106071,2
106072,3
106073,2
106074,2
106075,3
106076,3
106077,3
106078,2
106079,3
106080,2
106081,3
106082,3
106083,1
106084,3
106085,2
106086,4
106087,3
106088,3
106089,1
106090,3
106091,3
106092,2
106093,2
106094,3
106095,3
106096,3
106097,3
106098,1
106099,3
106100,1
106101,3
106102,2
106103,2
106104,2
106105,2
106106,2
106107,2
106108,2
106109,3
106110,3
106111,3
106112,2
106113,3
106114,3
106115,3
106116,3
106117,3
106118,2
106119,2
106120,1
106121,3
106122,3
106123,3
106124,3
106125,2
106126,2
106127,2
106128,2
106129,2
106130,3
106131,2
106132,1
106133,3
106134,3
106135,2
106136,3
106137,3
106138,3
106139,3
106140,2
106141,1
106142,1
106143,2
106144,3
106145,3
106146,3
106147,3
106148,3
106149,3
106150,3
106151,3
106152,2
106153,3
106154,2
106155,3
106156,3
106157,2
106158,3
106159,1
106160,2
106161,2
106162,3
106163,3
106164,2
106165,3
106166,2
106167,3
106168,3
106169,3
106170,3
106171,2
106172,1
106173,3
106174,1
106175,3
106176,3
106177,2
106178,3
106179,2
106180,2
106181,3
106182,1
106183,2
106184,2
106185,2
106186,3
106187,3
106188,3
106189,3
106190,3
106191,3
106192,3
106193,3
106194,3
106195,3
106196,3
106197,3
106198,2
106199,3
106200,3
106201,2
106202,2
106203,3
106204,3
106205,2
106206,3
106207,2
106208,3
106209,3
106210,3
106211,2
106212,3
106213,3
106214,3
106215,3
106216,3
106217,3
106218,3
106219,3
106220,2
106221,3
106222,2
106223,3
106224,3
106225,3
106226,1
106227,1
106228,1
106229,1
106230,1
106231,3
106232,3
106233,3
106234,3
106235,3
106236,3
106237,3
106238,3
106239,3
106240,3
106241,3
106242,3
106243,2
106244,1
106245,3
106246,3
106247,2
106248,2
106249,2
106250,2
106251,2
106252,3
106253,2
106254,2
106255,3
106256,2
106257,2
106258,2
106259,2
106260,2
106261,2
106262,2
106263,2
106264,2
106265,3
106266,2
106267,2
106268,2
106269,2
106270,2
106271,2
106272,2
106273,3
106274,2
106275,2
106276,2
106277,2
106278,2
106279,2
106280,2
106281,2
106282,2
106283,3
106284,3
106285,2
106286,3
106287,3
106288,3
106289,2
106290,2
106291,3
106292,3
106293,2
106294,2
106295,3
106296,3
106297,3
106298,3
106299,2
106300,3
106301,1
106302,3
106303,2
106304,2
106305,2
106306,2
106307,2
106308,2
106309,2
106310,2
106311,2
106312,3
106313,3
106314,2
106315,2
106316,2
106317,2
106318,2
106319,3
106320,3
106321,2
106322,1
106323,3
106324,2
106325,2
106326,2
106327,2
106328,2
106329,2
106330,2
106331,2
106332,1
106333,2
106334,3
106335,2
106336,2
106337,2
106338,2
106339,3
106340,2
106341,2
106342,2
106343,2
106344,2
106345,2
106346,2
106347,2
106348,2
106349,2
106350,2
106351,2
106352,3
106353,2
106354,2
106355,2
106356,2
106357,1
106358,3
106359,3
106360,2
106361,3
106362,3
106363,3
106364,3
106365,2
106366,2
106367,3
106368,3
106369,3
106370,3
106371,3
106372,3
106373,3
106374,3
106375,2
106376,2
106377,2
106378,2
106379,2
106380,2
106381,2
106382,2
106383,2
106384,2
106385,2
106386,2
106387,2
106388,3
106389,2
106390,2
106391,2
106392,2
106393,2
106394,2
106395,2
106396,2
106397,2
106398,2
106399,2
106400,2
106401,2
106402,2
106403,2
106404,2
106405,2
106406,3
106407,2
106408,2
106409,3
106410,2
106411,2
106412,2
106413,2
106414,2
106415,2
106416,2
106417,2
106418,2
106419,2
106420,2
106421,3
106422,2
106423,3
106424,2
106425,2
106426,2
106427,3
106428,2
106429,2
106430,2
106431,2
106432,2
106433,3
106434,3
106435,2
106436,3
106437,2
106438,2
106439,2
106440,2
106441,2
106442,2
106443,2
106444,2
106445,2
106446,1
106447,1
106448,2
106449,2
106450,1
106451,2
106452,2
106453,2
106454,2
106455,3
106456,2
106457,3
106458,2
106459,3
106460,3
106461,2
106462,2
106463,3
106464,3
106465,2
106466,3
106467,3
106468,2
106469,2
106470,2
106471,3
106472,1
106473,3
106474,3
106475,1
106476,1
106477,1
106478,3
106479,2
106480,2
106481,3
106482,2
106483,2
106484,2
106485,3
106486,2
106487,2
106488,3
106489,3
106490,3
106491,2
106492,2
106493,3
106494,1
106495,2
106496,1
106497,3
106498,2
106499,3
106500,2
106501,1
106502,3
106503,3
106504,3
106505,3
106506,3
106507,3
106508,1
106509,3
106510,3
106511,3
106512,3
106513,3
106514,3
106515,2
106516,2
106517,2
106518,3
106519,2
106520,2
106521,2
106522,2
106523,2
106524,2
106525,2
106526,2
106527,1
106528,3
106529,2
106530,3
106531,2
106532,2
106533,3
106534,1
106535,2
106536,1
106537,3
106538,2
106539,2
106540,3
106541,2
106542,3
106543,1
106544,3
106545,3
106546,1
106547,3
106548,3
106549,3
106550,2
106551,3
106552,2
106553,2
106554,2
106555,2
106556,2
106557,3
106558,2
106559,3
106560,3
106561,3
106562,3
106563,3
106564,3
106565,3
106566,3
106567,1
106568,3
106569,2
106570,2
106571,2
106572,1
106573,1
106574,3
106575,3
106576,3
106577,3
106578,3
106579,2
106580,3
106581,2
106582,3
106583,3
106584,3
106585,2
106586,2
106587,2
106588,2
106589,3
106590,2
106591,3
106592,2
106593,3
106594,2
106595,3
106596,3
106597,3
106598,2
106599,3
106600,3
106601,3
106602,3
106603,3
106604,3
106605,2
106606,2
106607,2
106608,1
106609,2
106610,2
106611,2
106612,2
106613,3
106614,3
106615,2
106616,2
106617,3
106618,1
106619,1
106620,3
106621,2
106622,2
106623,3
106624,2
106625,2
106626,1
106627,2
106628,1
106629,3
106630,1
106631,3
106632,3
106633,3
106634,3
106635,3
106636,1
106637,2
106638,3
106639,3
106640,3
106641,3
106642,1
106643,2
106644,2
106645,2
106646,2
106647,1
106648,3
106649,1
106650,3
106651,3
106652,3
106653,3
106654,3
106655,2
106656,2
106657,2
106658,2
106659,1
106660,2
106661,2
106662,2
106663,2
106664,2
106665,2
106666,2
106667,2
106668,3
106669,3
106670,3
106671,2
106672,2
106673,2
106674,2
106675,1
106676,3
106677,1
106678,2
106679,3
106680,3
106681,3
106682,3
106683,3
106684,2
106685,1
106686,1
106687,1
106688,1
106689,3
106690,1
106691,3
106692,2
106693,3
106694,2
106695,1
106696,3
106697,3
106698,3
106699,3
106700,3
106701,3
106702,3
106703,3
106704,3
106705,2
106706,3
106707,3
106708,3
106709,3
106710,2
106711,2
106712,3
106713,3
106714,2
106715,2
106716,2
106717,2
106718,2
106719,2
106720,3
106721,2
106722,2
106723,2
106724,2
106725,3
106726,2
106727,2
106728,3
106729,1
106730,2
106731,1
106732,3
106733,3
106734,2
106735,1
106736,1
106737,3
106738,3
106739,3
106740,2
106741,3
106742,3
106743,3
106744,3
106745,3
106746,2
106747,2
106748,1
106749,1
106750,3
106751,3
106752,3
106753,2
106754,3
106755,3
106756,3
106757,2
106758,2
106759,3
106760,1
106761,2
106762,2
106763,2
106764,2
106765,2
106766,2
106767,2
106768,2
106769,2
106770,2
106771,2
106772,2
106773,2
106774,3
106775,2
106776,2
106777,2
106778,3
106779,3
106780,3
106781,2
106782,2
106783,2
106784,2
106785,3
106786,2
106787,2
106788,1
106789,1
106790,2
106791,3
106792,2
106793,2
106794,2
106795,2
106796,3
106797,2
106798,2
106799,3
106800,3
106801,3
106802,3
106803,1
106804,3
106805,2
106806,2
106807,3
106808,3
106809,3
106810,3
106811,3
106812,3
106813,3
106814,1
106815,3
106816,2
106817,2
106818,2
106819,2
106820,2
106821,2
106822,2
106823,2
106824,2
106825,2
106826,2
106827,2
106828,2
106829,2
106830,3
106831,2
106832,2
106833,3
106834,3
106835,1
106836,1
106837,3
106838,3
106839,3
106840,3
106841,3
106842,3
106843,2
106844,2
106845,2
106846,3
106847,3
106848,3
106849,2
106850,3
106851,2
106852,2
106853,2
106854,3
106855,2
106856,2
106857,2
106858,1
106859,1
106860,2
106861,2
106862,2
106863,2
106864,2
106865,3
106866,3
106867,2
106868,1
106869,3
106870,3
106871,2
106872,2
106873,2
106874,3
106875,3
106876,3
106877,3
106878,3
106879,2
106880,1
106881,2
106882,2
106883,3
106884,2
106885,2
106886,2
106887,2
106888,2
106889,2
106890,2
106891,2
106892,3
106893,2
106894,3
106895,2
106896,3
106897,3
106898,3
106899,3
106900,3
106901,1
106902,3
106903,3
106904,3
106905,2
106906,2
106907,2
106908,2
106909,2
106910,2
106911,3
106912,2
106913,3
106914,2
106915,2
106916,2
106917,2
106918,2
106919,2
106920,3
106921,2
106922,2
106923,2
106924,2
106925,2
106926,2
106927,2
106928,2
106929,2
106930,2
106931,2
106932,2
106933,2
106934,2
106935,2
106936,2
106937,2
106938,2
106939,2
106940,2
106941,2
106942,2
106943,2
106944,2
106945,2
106946,2
106947,2
106948,2
106949,2
106950,2
106951,3
106952,3
106953,2
106954,2
106955,2
106956,2
106957,1
106958,1
106959,2
106960,3
106961,1
106962,3
106963,2
106964,3
106965,2
106966,2
106967,2
106968,2
106969,2
106970,3
106971,3
106972,2
106973,3
106974,3
106975,3
106976,3
106977,1
106978,1
106979,2
106980,2
106981,2
106982,2
106983,2
106984,1
106985,1
106986,2
106987,2
106988,2
106989,2
106990,2
106991,2
106992,2
106993,2
106994,2
106995,2
106996,2
106997,2
106998,2
106999,2
107000,2
107001,2
107002,1
107003,1
107004,2
107005,3
107006,2
107007,1
107008,1
107009,1
107010,3
107011,3
107012,3
107013,3
107014,3
107015,3
107016,2
107017,3
107018,2
107019,2
107020,3
107021,3
107022,1
107023,1
107024,1
107025,2
107026,2
107027,2
107028,2
107029,3
107030,2
107031,2
107032,3
107033,2
107034,2
107035,2
107036,2
107037,1
107038,2
107039,2
107040,2
107041,3
107042,2
107043,2
107044,3
107045,3
107046,3
107047,3
107048,1
107049,3
107050,2
107051,3
107052,2
107053,1
107054,3
107055,2
107056,2
107057,2
107058,3
107059,2
107060,3
107061,2
107062,2
107063,1
107064,1
107065,2
107066,3
107067,3
107068,3
107069,3
107070,3
107071,2
107072,2
107073,2
107074,1
107075,2
107076,2
107077,2
107078,2
107079,3
107080,1
107081,1
107082,2
107083,3
107084,3
107085,1
107086,2
107087,2
107088,2
107089,2
107090,1
107091,1
107092,2
107093,1
107094,1
107095,2
107096,2
107097,2
107098,2
107099,2
107100,2
107101,2
107102,2
107103,2
107104,2
107105,2
107106,2
107107,2
107108,2
107109,2
107110,3
107111,2
107112,2
107113,3
107114,2
107115,2
107116,2
107117,2
107118,2
107119,2
107120,2
107121,3
107122,2
107123,2
107124,2
107125,2
107126,2
107127,2
107128,2
107129,2
107130,2
107131,3
107132,3
107133,3
107134,2
107135,2
107136,2
107137,2
107138,3
107139,3
107140,2
107141,3
107142,3
107143,3
107144,2
107145,2
107146,2
107147,3
107148,3
107149,2
107150,3
107151,3
107152,3
107153,2
107154,3
107155,2
107156,3
107157,2
107158,2
107159,3
107160,3
107161,2
107162,2
107163,2
107164,3
107165,3
107166,2
107167,2
107168,2
107169,2
107170,3
107171,2
107172,2
107173,2
107174,3
107175,3
107176,3
107177,2
107178,3
107179,2
107180,2
107181,3
107182,3
107183,3
107184,2
107185,3
107186,2
107187,2
107188,3
107189,3
107190,3
107191,2
107192,2
107193,3
107194,3
107195,2
107196,2
107197,2
107198,3
107199,2
107200,2
107201,2
107202,2
107203,3
107204,2
107205,2
107206,3
107207,2
107208,3
107209,3
107210,3
107211,2
107212,3
107213,2
107214,3
107215,2
107216,2
107217,2
107218,2
107219,2
107220,2
107221,2
107222,2
107223,2
107224,2
107225,3
107226,3
107227,2
107228,2
107229,3
107230,2
107231,3
107232,2
107233,3
107234,3
107235,2
107236,2
107237,3
107238,2
107239,2
107240,3
107241,2
107242,2
107243,3
107244,2
107245,3
107246,3
107247,3
107248,3
107249,2
107250,2
107251,2
107252,2
107253,2
107254,2
107255,2
107256,2
107257,2
107258,2
107259,3
107260,2
107261,2
107262,2
107263,2
107264,2
107265,3
107266,3
107267,3
107268,3
107269,2
107270,3
107271,3
107272,2
107273,3
107274,2
107275,2
107276,3
107277,2
107278,3
107279,2
107280,2
107281,2
107282,3
107283,2
107284,3
107285,2
107286,3
107287,2
107288,3
107289,3
107290,2
107291,2
107292,3
107293,3
107294,3
107295,3
107296,3
107297,3
107298,3
107299,3
107300,2
107301,2
107302,3
107303,3
107304,2
107305,3
107306,3
107307,2
107308,2
107309,3
107310,3
107311,3
107312,2
107313,3
107314,2
107315,2
107316,2
107317,2
107318,2
107319,2
107320,2
107321,2
107322,2
107323,2
107324,2
107325,2
107326,2
107327,3
107328,3
107329,3
107330,3
107331,2
107332,2
107333,2
107334,2
107335,2
107336,2
107337,3
107338,2
107339,3
107340,3
107341,2
107342,2
107343,2
107344,2
107345,2
107346,2
107347,2
107348,3
107349,2
107350,2
107351,3
107352,2
107353,2
107354,3
107355,3
107356,2
107357,3
107358,2
107359,2
107360,3
107361,3
107362,3
107363,2
107364,2
107365,3
107366,2
107367,2
107368,2
107369,3
107370,2
107371,3
107372,3
107373,2
107374,2
107375,3
107376,2
107377,3
107378,3
107379,3
107380,3
107381,2
107382,3
107383,2
107384,3
107385,3
107386,2
107387,3
107388,2
107389,3
107390,2
107391,3
107392,3
107393,3
107394,3
107395,3
107396,3
107397,3
107398,3
107399,3
107400,3
107401,3
107402,2
107403,2
107404,3
107405,3
107406,3
107407,2
107408,2
107409,2
107410,3
107411,2
107412,2
107413,3
107414,3
107415,3
107416,2
107417,3
107418,3
107419,3
107420,3
107421,3
107422,3
107423,2
107424,3
107425,3
107426,2
107427,3
107428,2
107429,2
107430,2
107431,2
107432,3
107433,3
107434,3
107435,3
107436,2
107437,2
107438,3
107439,3
107440,3
107441,3
107442,3
107443,2
107444,2
107445,3
107446,3
107447,2
107448,3
107449,3
107450,2
107451,3
107452,3
107453,3
107454,2
107455,2
107456,2
107457,2
107458,3
107459,2
107460,3
107461,3
107462,3
107463,3
107464,2
107465,3
107466,3
107467,3
107468,2
107469,3
107470,3
107471,3
107472,2
107473,3
107474,2
107475,3
107476,3
107477,3
107478,3
107479,3
107480,3
107481,3
107482,3
107483,3
107484,3
107485,2
107486,2
107487,3
107488,3
107489,3
107490,3
107491,3
107492,3
107493,3
107494,2
107495,2
107496,2
107497,2
107498,3
107499,3
107500,3
107501,2
107502,2
107503,3
107504,2
107505,2
107506,2
107507,2
107508,3
107509,3
107510,2
107511,2
107512,3
107513,3
107514,3
107515,2
107516,3
107517,2
107518,2
107519,3
107520,3
107521,3
107522,2
107523,3
107524,2
107525,2
107526,2
107527,2
107528,2
107529,2
107530,2
107531,3
107532,2
107533,3
107534,3
107535,3
107536,2
107537,3
107538,2
107539,2
107540,2
107541,2
107542,2
107543,2
107544,2
107545,2
107546,2
107547,3
107548,2
107549,3
107550,3
107551,3
107552,2
107553,3
107554,3
107555,2
107556,2
107557,3
107558,3
107559,3
107560,2
107561,3
107562,3
107563,2
107564,3
107565,2
107566,2
107567,3
107568,2
107569,2
107570,2
107571,3
107572,3
107573,2
107574,2
107575,3
107576,2
107577,2
107578,3
107579,3
107580,3
107581,3
107582,3
107583,3
107584,3
107585,3
107586,2
107587,2
107588,3
107589,2
107590,3
107591,3
107592,3
107593,2
107594,3
107595,2
107596,2
107597,2
107598,2
107599,3
107600,2
107601,2
107602,2
107603,3
107604,3
107605,3
107606,3
107607,2
107608,3
107609,2
107610,3
107611,2
107612,2
107613,2
107614,2
107615,3
107616,2
107617,2
107618,2
107619,3
107620,2
107621,2
107622,2
107623,3
107624,2
107625,2
107626,2
107627,3
107628,3
107629,3
107630,2
107631,3
107632,2
107633,3
107634,3
107635,3
107636,3
107637,3
107638,3
107639,3
107640,3
107641,2
107642,2
107643,2
107644,2
107645,2
107646,2
107647,2
107648,2
107649,2
107650,2
107651,2
107652,2
107653,2
107654,2
107655,2
107656,2
107657,3
107658,3
107659,2
107660,3
107661,3
107662,3
107663,3
107664,3
107665,3
107666,3
107667,3
107668,3
107669,1
107670,3
107671,2
107672,2
107673,3
107674,2
107675,1
107676,3
107677,3
107678,3
107679,3
107680,3
107681,3
107682,3
107683,3
107684,2
107685,4
107686,2
107687,3
107688,3
107689,3
107690,3
107691,2
107692,2
107693,2
107694,3
107695,3
107696,2
107697,2
107698,2
107699,2
107700,2
107701,2
107702,2
107703,2
107704,2
107705,2
107706,2
107707,2
107708,2
107709,2
107710,2
107711,2
107712,2
107713,2
107714,2
107715,2
107716,2
107717,2
107718,2
107719,2
107720,2
107721,2
107722,2
107723,2
107724,2
107725,2
107726,2
107727,2
107728,2
107729,2
107730,2
107731,2
107732,2
107733,2
107734,2
107735,2
107736,2
107737,2
107738,2
107739,2
107740,2
107741,2
107742,2
107743,2
107744,2
107745,2
107746,2
107747,2
107748,2
107749,2
107750,2
107751,2
107752,2
107753,2
107754,2
107755,2
107756,2
107757,2
107758,2
107759,2
107760,2
107761,2
107762,2
107763,2
107764,2
107765,2
107766,2
107767,2
107768,2
107769,2
107770,2
107771,2
107772,2
107773,2
107774,2
107775,2
107776,2
107777,2
107778,2
107779,2
107780,2
107781,2
107782,2
107783,2
107784,2
107785,2
107786,2
107787,2
107788,2
107789,2
107790,2
107791,2
107792,2
107793,2
107794,2
107795,2
107796,2
107797,2
107798,2
107799,2
107800,3
107801,2
107802,2
107803,2
107804,2
107805,2
107806,2
107807,2
107808,2
107809,2
107810,2
107811,2
107812,2
107813,2
107814,2
107815,2
107816,2
107817,2
107818,2
107819,2
107820,2
107821,2
107822,2
107823,2
107824,2
107825,2
107826,2
107827,2
107828,2
107829,2
107830,3
107831,2
107832,2
107833,2
107834,3
107835,2
107836,2
107837,2
107838,2
107839,2
107840,2
107841,2
107842,2
107843,2
107844,2
107845,2
107846,2
107847,2
107848,2
107849,2
107850,2
107851,2
107852,2
107853,2
107854,2
107855,2
107856,2
107857,2
107858,2
107859,2
107860,2
107861,2
107862,2
107863,2
107864,2
107865,2
107866,2
107867,2
107868,2
107869,2
107870,3
107871,2
107872,2
107873,2
107874,2
107875,2
107876,2
107877,2
107878,2
107879,2
107880,2
107881,2
107882,2
107883,2
107884,2
107885,2
107886,3
107887,2
107888,1
107889,2
107890,2
107891,2
107892,2
107893,3
107894,4
107895,2
107896,2
107897,3
107898,2
107899,2
107900,4
107901,2
107902,2
107903,3
107904,2
107905,2
107906,2
107907,2
107908,3
107909,3
107910,1
107911,1
107912,3
107913,3
107914,3
107915,2
107916,2
107917,2
107918,3
107919,2
107920,2
107921,2
107922,2
107923,2
107924,2
107925,2
107926,2
107927,2
107928,2
107929,2
107930,2
107931,2
107932,2
107933,2
107934,2
107935,2
107936,2
107937,2
107938,2
107939,2
107940,2
107941,2
107942,2
107943,2
107944,2
107945,2
107946,2
107947,2
107948,2
107949,2
107950,2
107951,2
107952,2
107953,2
107954,2
107955,2
107956,2
107957,2
107958,2
107959,2
107960,2
107961,2
107962,2
107963,2
107964,2
107965,2
107966,3
107967,2
107968,2
107969,2
107970,2
107971,2
107972,2
107973,2
107974,2
107975,2
107976,2
107977,2
107978,2
107979,2
107980,2
107981,3
107982,2
107983,2
107984,2
107985,2
107986,2
107987,2
107988,4
107989,2
107990,2
107991,2
107992,1
107993,3
107994,3
107995,2
107996,2
107997,3
107998,2
107999,2
108000,2
108001,2
108002,2
108003,2
108004,2
108005,2
108006,2
108007,2
108008,2
108009,2
108010,2
108011,2
108012,3
108013,2
108014,2
108015,2
108016,2
108017,2
108018,2
108019,2
108020,2
108021,2
108022,2
108023,2
108024,2
108025,2
108026,2
108027,2
108028,2
108029,2
108030,2
108031,2
108032,2
108033,2
108034,2
108035,2
108036,2
108037,2
108038,2
108039,2
108040,3
108041,2
108042,2
108043,2
108044,2
108045,2
108046,2
108047,2
108048,2
108049,2
108050,2
108051,2
108052,2
108053,2
108054,2
108055,2
108056,2
108057,2
108058,2
108059,2
108060,2
108061,2
108062,2
108063,2
108064,2
108065,2
108066,2
108067,3
108068,2
108069,2
108070,2
108071,2
108072,2
108073,2
108074,2
108075,2
108076,3
108077,2
108078,2
108079,2
108080,2
108081,2
108082,2
108083,2
108084,2
108085,2
108086,2
108087,2
108088,2
108089,2
108090,2
108091,2
108092,2
108093,2
108094,2
108095,2
108096,2
108097,2
108098,2
108099,2
108100,2
108101,2
108102,2
108103,3
108104,2
108105,2
108106,2
108107,2
108108,2
108109,2
108110,2
108111,2
108112,3
108113,2
108114,2
108115,3
108116,2
108117,2
108118,3
108119,2
108120,2
108121,2
108122,2
108123,2
108124,2
108125,2
108126,2
108127,2
108128,2
108129,2
108130,2
108131,2
108132,3
108133,2
108134,2
108135,2
108136,2
108137,2
108138,2
108139,2
108140,2
108141,2
108142,2
108143,2
108144,2
108145,2
108146,2
108147,2
108148,2
108149,2
108150,2
108151,2
108152,2
108153,2
108154,2
108155,2
108156,2
108157,2
108158,2
108159,2
108160,2
108161,2
108162,2
108163,2
108164,3
108165,2
108166,2
108167,2
108168,2
108169,3
108170,2
108171,2
108172,2
108173,2
108174,2
108175,2
108176,2
108177,2
108178,2
108179,2
108180,2
108181,2
108182,2
108183,2
108184,2
108185,2
108186,2
108187,2
108188,2
108189,2
108190,2
108191,2
108192,2
108193,2
108194,2
108195,2
108196,2
108197,2
108198,2
108199,2
108200,2
108201,2
108202,2
108203,2
108204,2
108205,2
108206,2
108207,2
108208,2
108209,2
108210,2
108211,2
108212,2
108213,2
108214,2
108215,2
108216,2
108217,2
108218,2
108219,2
108220,2
108221,2
108222,2
108223,2
108224,2
108225,2
108226,2
108227,2
108228,2
108229,2
108230,2
108231,2
108232,2
108233,2
108234,2
108235,2
108236,2
108237,2
108238,2
108239,3
108240,2
108241,2
108242,2
108243,2
108244,2
108245,2
108246,2
108247,2
108248,2
108249,2
108250,2
108251,2
108252,2
108253,2
108254,2
108255,2
108256,2
108257,2
108258,2
108259,2
108260,2
108261,2
108262,2
108263,2
108264,2
108265,2
108266,2
108267,2
108268,2
108269,2
108270,2
108271,2
108272,2
108273,2
108274,2
108275,2
108276,2
108277,2
108278,2
108279,2
108280,2
108281,2
108282,2
108283,2
108284,2
108285,2
108286,2
108287,2
108288,2
108289,2
108290,2
108291,2
108292,2
108293,2
108294,2
108295,2
108296,2
108297,2
108298,2
108299,2
108300,2
108301,2
108302,2
108303,2
108304,2
108305,2
108306,2
108307,2
108308,2
108309,2
108310,2
108311,2
108312,2
108313,2
108314,2
108315,2
108316,2
108317,2
108318,2
108319,2
108320,2
108321,2
108322,2
108323,2
108324,2
108325,2
108326,2
108327,2
108328,2
108329,2
108330,2
108331,2
108332,2
108333,2
108334,2
108335,2
108336,2
108337,3
108338,2
108339,2
108340,2
108341,2
108342,2
108343,2
108344,2
108345,2
108346,2
108347,2
108348,2
108349,2
108350,2
108351,2
108352,2
108353,2
108354,2
108355,2
108356,2
108357,2
108358,2
108359,2
108360,2
108361,2
108362,2
108363,2
108364,2
108365,2
108366,2
108367,2
108368,2
108369,2
108370,2
108371,2
108372,2
108373,2
108374,2
108375,2
108376,2
108377,2
108378,2
108379,2
108380,2
108381,2
108382,2
108383,2
108384,2
108385,2
108386,2
108387,2
108388,2
108389,2
108390,2
108391,2
108392,2
108393,2
108394,2
108395,2
108396,2
108397,2
108398,2
108399,2
108400,2
108401,2
108402,3
108403,2
108404,2
108405,2
108406,2
108407,2
108408,2
108409,2
108410,2
108411,2
108412,2
108413,2
108414,2
108415,2
108416,2
108417,2
108418,2
108419,2
108420,2
108421,2
108422,2
108423,2
108424,2
108425,2
108426,2
108427,2
108428,2
108429,2
108430,2
108431,2
108432,2
108433,2
108434,2
108435,2
108436,2
108437,2
108438,2
108439,2
108440,2
108441,2
108442,2
108443,2
108444,2
108445,2
108446,2
108447,2
108448,2
108449,2
108450,2
108451,2
108452,2
108453,2
108454,2
108455,2
108456,2
108457,3
108458,2
108459,2
108460,2
108461,2
108462,2
108463,2
108464,3
108465,2
108466,2
108467,2
108468,2
108469,2
108470,2
108471,2
108472,2
108473,2
108474,2
108475,2
108476,2
108477,2
108478,2
108479,2
108480,2
108481,2
108482,2
108483,2
108484,2
108485,2
108486,2
108487,2
108488,2
108489,2
108490,2
108491,2
108492,2
108493,2
108494,2
108495,2
108496,2
108497,2
108498,2
108499,2
108500,2
108501,2
108502,2
108503,2
108504,2
108505,2
108506,2
108507,2
108508,2
108509,2
108510,2
108511,2
108512,2
108513,2
108514,2
108515,2
108516,2
108517,2
108518,2
108519,2
108520,2
108521,2
108522,2
108523,2
108524,2
108525,2
108526,2
108527,2
108528,2
108529,2
108530,2
108531,2
108532,2
108533,2
108534,2
108535,2
108536,2
108537,2
108538,2
108539,2
108540,2
108541,2
108542,2
108543,2
108544,2
108545,2
108546,2
108547,2
108548,2
108549,2
108550,2
108551,2
108552,2
108553,2
108554,2
108555,2
108556,2
108557,2
108558,2
108559,2
108560,2
108561,2
108562,2
108563,2
108564,2
108565,2
108566,2
108567,2
108568,2
108569,2
108570,2
108571,2
108572,2
108573,2
108574,2
108575,2
108576,2
108577,2
108578,2
108579,2
108580,2
108581,2
108582,2
108583,2
108584,2
108585,2
108586,2
108587,2
108588,2
108589,2
108590,2
108591,2
108592,2
108593,2
108594,2
108595,2
108596,2
108597,2
108598,2
108599,2
108600,2
108601,2
108602,2
108603,2
108604,2
108605,2
108606,2
108607,2
108608,2
108609,2
108610,2
108611,2
108612,2
108613,2
108614,2
108615,2
108616,2
108617,2
108618,2
108619,2
108620,2
108621,2
108622,2
108623,2
108624,2
108625,2
108626,2
108627,2
108628,2
108629,2
108630,3
108631,1
108632,2
108633,2
108634,2
108635,2
108636,2
108637,2
108638,2
108639,2
108640,2
108641,2
108642,2
108643,2
108644,2
108645,2
108646,2
108647,2
108648,2
108649,2
108650,2
108651,2
108652,2
108653,1
108654,2
108655,2
108656,2
108657,2
108658,2
108659,2
108660,2
108661,2
108662,2
108663,2
108664,2
108665,2
108666,2
108667,2
108668,2
108669,2
108670,2
108671,1
108672,2
108673,2
108674,2
108675,2
108676,2
108677,2
108678,2
108679,2
108680,2
108681,2
108682,2
108683,2
108684,2
108685,2
108686,2
108687,2
108688,2
108689,2
108690,2
108691,2
108692,2
108693,3
108694,3
108695,3
108696,3
108697,3
108698,3
108699,3
108700,3
108701,3
108702,1
108703,3
108704,1
108705,3
108706,3
108707,3
108708,2
108709,2
108710,3
108711,2
108712,2
108713,2
108714,3
108715,3
108716,3
108717,2
108718,2
108719,2
108720,3
108721,3
108722,3
108723,3
108724,3
108725,3
108726,2
108727,3
108728,2
108729,3
108730,3
108731,3
108732,3
108733,2
108734,2
108735,2
108736,3
108737,3
108738,3
108739,3
108740,3
108741,3
108742,3
108743,3
108744,3
108745,3
108746,2
108747,3
108748,3
108749,3
108750,3
108751,3
108752,3
108753,3
108754,2
108755,3
108756,2
108757,3
108758,2
108759,2
108760,2
108761,3
108762,2
108763,3
108764,3
108765,2
108766,3
108767,3
108768,3
108769,3
108770,1
108771,2
108772,1
108773,3
108774,2
108775,3
108776,3
108777,3
108778,1
108779,3
108780,3
108781,2
108782,3
108783,2
108784,2
108785,2
108786,2
108787,3
108788,3
108789,1
108790,3
108791,3
108792,3
108793,3
108794,3
108795,3
108796,2
108797,2
108798,2
108799,1
108800,2
108801,2
108802,2
108803,2
108804,2
108805,3
108806,2
108807,3
108808,3
108809,2
108810,3
108811,3
108812,3
108813,2
108814,2
108815,3
108816,0
108817,3
108818,2
108819,3
108820,3
108821,0
108822,0
108823,0
108824,2
108825,3
108826,3
108827,0
108828,0
108829,2
108830,3
108831,0
108832,0
108833,0
108834,2
108835,0
108836,2
108837,2
108838,2
108839,0
108840,3
108841,3
108842,2
108843,2
108844,2
108845,3
108846,3
108847,0
108848,3
108849,3
108850,1
108851,1
108852,2
108853,2
108854,3
108855,0
108856,0
108857,0
108858,0
108859,2
108860,3
108861,3
108862,3
108863,2
108864,3
108865,2
108866,3
108867,2
108868,3
108869,3
108870,2
108871,3
108872,3
108873,0
108874,3
108875,3
108876,3
108877,3
108878,2
108879,2
108880,3
108881,3
108882,2
108883,3
108884,3
108885,3
108886,3
108887,3
108888,3
108889,3
108890,3
108891,3
108892,3
108893,3
108894,2
108895,2
108896,2
108897,3
108898,2
108899,2
108900,2
108901,3
108902,2
108903,3
108904,3
108905,3
108906,3
108907,3
108908,3
108909,3
108910,3
108911,3
108912,3
108913,3
108914,3
108915,3
108916,3
108917,3
108918,3
108919,3
108920,3
108921,3
108922,3
108923,2
108924,2
108925,3
108926,3
108927,3
108928,2
108929,2
108930,2
108931,2
108932,3
108933,3
108934,2
108935,3
108936,3
108937,2
108938,2
108939,2
108940,3
108941,1
108942,3
108943,3
108944,3
108945,3
108946,3
108947,3
108948,3
108949,3
108950,3
108951,2
108952,0
108953,0
108954,0
108955,0
108956,0
108957,0
108958,0
108959,0
108960,2
108961,3
108962,0
108963,0
108964,2
108965,3
108966,2
108967,3
108968,1
108969,0
108970,3
108971,0
108972,3
108973,3
108974,3
108975,3
108976,3
108977,0
108978,3
108979,0
108980,1
108981,1
108982,0
108983,0
108984,3
108985,0
108986,0
108987,2
108988,3
108989,1
108990,3
108991,2
108992,2
108993,2
108994,3
108995,3
108996,2
108997,3
108998,2
108999,1
109000,1
109001,3
109002,2
109003,2
109004,2
109005,3
109006,3
109007,1
109008,1
109009,1
109010,1
109011,1
109012,1
109013,1
109014,1
109015,3
109016,3
109017,0
109018,0
109019,3
109020,3
109021,3
109022,2
109023,2
109024,3
109025,3
109026,1
109027,3
109028,2
109029,2
109030,3
109031,1
109032,3
109033,1
109034,3
109035,1
109036,3
109037,3
109038,1
109039,2
109040,3
109041,3
109042,2
109043,2
109044,2
109045,2
109046,1
109047,1
109048,1
109049,1
109050,1
109051,1
109052,1
109053,1
109054,1
109055,1
109056,1
109057,1
109058,1
109059,1
109060,1
109061,1
109062,1
109063,1
109064,1
109065,1
109066,1
109067,1
109068,1
109069,3
109070,3
109071,3
109072,2
109073,3
109074,3
109075,3
109076,3
109077,0
109078,1
109079,1
109080,0
109081,3
109082,2
109083,2
109084,2
109085,3
109086,3
109087,3
109088,2
109089,2
109090,3
109091,3
109092,2
109093,2
109094,3
109095,2
109096,2
109097,2
109098,2
109099,3
109100,2
109101,2
109102,2
109103,3
109104,2
109105,4
109106,1
109107,3
109108,3
109109,3
109110,3
109111,3
109112,3
109113,3
109114,3
109115,2
109116,3
109117,2
109118,1
109119,3
109120,3
109121,2
109122,3
109123,3
109124,3
109125,3
109126,3
109127,3
109128,1
109129,3
109130,3
109131,3
109132,3
109133,3
109134,3
109135,3
109136,3
109137,2
109138,2
109139,3
109140,3
109141,0
109142,1
109143,3
109144,1
109145,1
109146,0
109147,3
109148,2
109149,2
109150,1
109151,1
109152,1
109153,3
109154,3
109155,3
109156,2
109157,2
109158,2
109159,2
109160,2
109161,3
109162,2
109163,1
109164,3
109165,2
109166,3
109167,1
109168,2
109169,2
109170,2
109171,2
109172,3
109173,3
109174,1
109175,2
109176,0
109177,0
109178,2
109179,2
109180,2
109181,3
109182,0
109183,2
109184,2
109185,2
109186,2
109187,3
109188,0
109189,2
109190,2
109191,2
109192,1
109193,1
109194,1
109195,1
109196,1
109197,1
109198,1
109199,1
109200,1
109201,1
109202,2
109203,3
109204,2
109205,3
109206,3
109207,2
109208,2
109209,1
109210,2
109211,3
109212,2
109213,3
109214,3
109215,3
109216,2
109217,2
109218,1
109219,2
109220,2
109221,3
109222,3
109223,2
109224,2
109225,2
109226,3
109227,3
109228,2
109229,2
109230,3
109231,3
109232,1
109233,2
109234,1
109235,3
109236,2
109237,2
109238,1
109239,3
109240,3
109241,2
109242,3
109243,3
109244,3
109245,3
109246,3
109247,3
109248,3
109249,3
109250,3
109251,3
109252,2
109253,3
109254,2
109255,2
109256,2
109257,3
109258,3
109259,3
109260,3
109261,3
109262,2
109263,3
109264,3
109265,3
109266,3
109267,3
109268,2
109269,3
109270,3
109271,3
109272,3
109273,1
109274,3
109275,3
109276,3
109277,2
109278,2
109279,2
109280,2
109281,2
109282,3
109283,3
109284,2
109285,3
109286,3
109287,2
109288,3
109289,2
109290,3
109291,3
109292,3
109293,3
109294,3
109295,3
109296,3
109297,2
109298,3
109299,3
109300,2
109301,3
109302,4
109303,2
109304,3
109305,2
109306,3
109307,2
109308,3
109309,3
109310,3
109311,3
109312,3
109313,3
109314,3
109315,2
109316,3
109317,3
109318,3
109319,2
109320,3
109321,2
109322,3
109323,3
109324,3
109325,2
109326,2
109327,3
109328,3
109329,3
109330,3
109331,3
109332,3
109333,3
109334,3
109335,3
109336,3
109337,3
109338,3
109339,3
109340,3
109341,3
109342,2
109343,3
109344,2
109345,2
109346,3
109347,2
109348,3
109349,1
109350,3
109351,3
109352,3
109353,3
109354,3
109355,3
109356,3
109357,3
109358,3
109359,3
109360,3
109361,3
109362,2
109363,0
109364,3
109365,3
109366,2
109367,2
109368,2
109369,3
109370,2
109371,3
109372,3
109373,3
109374,3
109375,3
109376,2
109377,3
109378,3
109379,3
109380,3
109381,3
109382,2
109383,3
109384,3
109385,3
109386,3
109387,2
109388,3
109389,3
109390,3
109391,3
109392,3
109393,3
109394,3
109395,3
109396,3
109397,3
109398,2
109399,3
109400,3
109401,3
109402,3
109403,2
109404,3
109405,3
109406,3
109407,3
109408,3
109409,3
109410,3
109411,1
109412,3
109413,3
109414,3
109415,3
109416,3
109417,3
109418,3
109419,3
109420,3
109421,3
109422,3
109423,3
109424,3
109425,3
109426,3
109427,3
109428,3
109429,3
109430,3
109431,3
109432,3
109433,3
109434,3
109435,2
109436,3
109437,3
109438,3
109439,2
109440,2
109441,3
109442,2
109443,2
109444,2
109445,3
109446,3
109447,3
109448,2
109449,3
109450,3
109451,3
109452,3
109453,2
109454,3
109455,2
109456,2
109457,2
109458,2
109459,2
109460,2
109461,2
109462,2
109463,3
109464,3
109465,3
109466,3
109467,2
109468,2
109469,2
109470,2
109471,2
109472,2
109473,2
109474,2
109475,2
109476,2
109477,2
109478,2
109479,2
109480,3
109481,3
109482,2
109483,3
109484,1
109485,2
109486,3
109487,3
109488,3
109489,3
109490,3
109491,3
109492,3
109493,3
109494,3
109495,2
109496,2
109497,3
109498,2
109499,3
109500,3
109501,3
109502,3
109503,3
109504,3
109505,2
109506,2
109507,2
109508,3
109509,3
109510,3
109511,3
109512,2
109513,3
109514,3
109515,3
109516,3
109517,3
109518,3
109519,2
109520,2
109521,2
109522,2
109523,2
109524,2
109525,2
109526,2
109527,2
109528,2
109529,3
109530,3
109531,2
109532,2
109533,2
109534,3
109535,2
109536,2
109537,2
109538,3
109539,3
109540,1
109541,1
109542,1
109543,1
109544,1
109545,1
109546,1
109547,1
109548,1
109549,1
109550,3
109551,3
109552,1
109553,1
109554,1
109555,1
109556,1
109557,1
109558,1
109559,1
109560,1
109561,1
109562,1
109563,1
109564,1
109565,1
109566,2
109567,3
109568,3
109569,3
109570,1
109571,1
109572,3
109573,3
109574,3
109575,3
109576,3
109577,3
109578,2
109579,3
109580,3
109581,3
109582,3
109583,3
109584,3
109585,3
109586,2
109587,2
109588,2
109589,2
109590,3
109591,2
109592,3
109593,2
109594,2
109595,3
109596,2
109597,3
109598,3
109599,3
109600,2
109601,3
109602,3
109603,2
109604,3
109605,3
109606,2
109607,2
109608,2
109609,2
109610,3
109611,3
109612,3
109613,3
109614,3
109615,3
109616,2
109617,2
109618,2
109619,2
109620,2
109621,2
109622,2
109623,2
109624,3
109625,2
109626,2
109627,2
109628,2
109629,2
109630,2
109631,2
109632,2
109633,2
109634,2
109635,2
109636,2
109637,3
109638,3
109639,3
109640,2
109641,2
109642,2
109643,2
109644,2
109645,2
109646,2
109647,2
109648,2
109649,2
109650,2
109651,2
109652,3
109653,2
109654,2
109655,2
109656,2
109657,2
109658,2
109659,2
109660,2
109661,2
109662,2
109663,0
109664,2
109665,3
109666,2
109667,3
109668,2
109669,2
109670,3
109671,2
109672,2
109673,2
109674,2
109675,2
109676,2
109677,2
109678,2
109679,2
109680,3
109681,3
109682,2
109683,3
109684,2
109685,2
109686,2
109687,2
109688,2
109689,3
109690,2
109691,2
109692,2
109693,2
109694,2
109695,2
109696,2
109697,2
109698,2
109699,2
109700,2
109701,2
109702,2
109703,2
109704,2
109705,2
109706,2
109707,2
109708,2
109709,2
109710,2
109711,2
109712,2
109713,2
109714,2
109715,2
109716,2
109717,2
109718,2
109719,2
109720,2
109721,2
109722,2
109723,2
109724,2
109725,2
109726,2
109727,2
109728,2
109729,2
109730,2
109731,2
109732,2
109733,2
109734,2
109735,2
109736,2
109737,2
109738,2
109739,2
109740,2
109741,2
109742,2
109743,2
109744,3
109745,2
109746,2
109747,2
109748,3
109749,2
109750,2
109751,2
109752,2
109753,2
109754,2
109755,2
109756,3
109757,2
109758,2
109759,2
109760,2
109761,2
109762,2
109763,2
109764,2
109765,2
109766,2
109767,2
109768,2
109769,2
109770,3
109771,2
109772,3
109773,2
109774,2
109775,2
109776,2
109777,2
109778,2
109779,2
109780,2
109781,2
109782,2
109783,3
109784,2
109785,2
109786,2
109787,2
109788,2
109789,2
109790,3
109791,3
109792,3
109793,2
109794,2
109795,2
109796,2
109797,2
109798,2
109799,2
109800,2
109801,2
109802,2
109803,2
109804,2
109805,2
109806,2
109807,2
109808,2
109809,3
109810,2
109811,2
109812,2
109813,2
109814,2
109815,2
109816,2
109817,2
109818,2
109819,2
109820,2
109821,2
109822,2
109823,2
109824,3
109825,3
109826,2
109827,2
109828,2
109829,2
109830,2
109831,2
109832,2
109833,2
109834,2
109835,3
109836,2
109837,2
109838,2
109839,2
109840,2
109841,2
109842,2
109843,2
109844,3
109845,2
109846,2
109847,2
109848,2
109849,2
109850,2
109851,2
109852,2
109853,2
109854,2
109855,2
109856,2
109857,2
109858,2
109859,2
109860,2
109861,1
109862,2
109863,2
109864,2
109865,3
109866,2
109867,1
109868,2
109869,2
109870,2
109871,2
109872,2
109873,2
109874,2
109875,2
109876,2
109877,3
109878,2
109879,2
109880,2
109881,2
109882,2
109883,2
109884,2
109885,2
109886,2
109887,2
109888,2
109889,2
109890,2
109891,2
109892,2
109893,2
109894,2
109895,2
109896,2
109897,2
109898,2
109899,2
109900,2
109901,2
109902,2
109903,2
109904,2
109905,2
109906,2
109907,2
109908,4
109909,2
109910,2
109911,2
109912,2
109913,2
109914,2
109915,2
109916,2
109917,2
109918,3
109919,2
109920,2
109921,2
109922,2
109923,2
109924,2
109925,2
109926,3
109927,5
109928,2
109929,2
109930,2
109931,2
109932,2
109933,1
109934,2
109935,3
109936,2
109937,2
109938,2
109939,2
109940,3
109941,3
109942,2
109943,1
109944,3
109945,3
109946,2
109947,2
109948,3
109949,3
109950,3
109951,3
109952,2
109953,2
109954,2
109955,2
109956,2
109957,2
109958,3
109959,2
109960,2
109961,2
109962,3
109963,2
109964,3
109965,3
109966,3
109967,1
109968,3
109969,2
109970,3
109971,3
109972,3
109973,3
109974,3
109975,3
109976,3
109977,3
109978,3
109979,3
109980,2
109981,3
109982,3
109983,3
109984,3
109985,3
109986,3
109987,3
109988,3
109989,2
109990,3
109991,3
109992,2
109993,2
109994,2
109995,3
109996,3
109997,2
109998,3
109999,3
110000,3
110001,3
110002,3
110003,3
110004,3
110005,2
110006,3
110007,3
110008,2
110009,2
110010,2
110011,2
110012,2
110013,3
110014,3
110015,2
110016,3
110017,3
110018,2
110019,3
110020,3
110021,3
110022,3
110023,3
110024,3
110025,3
110026,3
110027,3
110028,2
110029,3
110030,3
110031,3
110032,3
110033,2
110034,2
110035,2
110036,3
110037,3
110038,2
110039,2
110040,2
110041,2
110042,2
110043,3
110044,3
110045,2
110046,2
110047,3
110048,2
110049,3
110050,3
110051,2
110052,3
110053,2
110054,2
110055,2
110056,2
110057,2
110058,2
110059,2
110060,2
110061,2
110062,2
110063,2
110064,2
110065,3
110066,2
110067,2
110068,2
110069,3
110070,2
110071,2
110072,2
110073,2
110074,2
110075,2
110076,3
110077,2
110078,2
110079,3
110080,2
110081,3
110082,2
110083,3
110084,3
110085,3
110086,2
110087,2
110088,2
110089,3
110090,2
110091,2
110092,2
110093,2
110094,2
110095,2
110096,2
110097,2
110098,2
110099,2
110100,2
110101,2
110102,2
110103,2
110104,2
110105,2
110106,2
110107,2
110108,2
110109,2
110110,2
110111,2
110112,2
110113,2
110114,2
110115,5
110116,2
110117,2
110118,2
110119,2
110120,2
110121,2
110122,2
110123,2
110124,2
110125,2
110126,2
110127,2
110128,2
110129,2
110130,2
110131,2
110132,2
110133,2
110134,2
110135,2
110136,2
110137,2
110138,2
110139,2
110140,2
110141,2
110142,2
110143,2
110144,2
110145,2
110146,2
110147,3
110148,2
110149,3
110150,2
110151,2
110152,2
110153,2
110154,2
110155,2
110156,3
110157,2
110158,2
110159,2
110160,2
110161,2
110162,2
110163,2
110164,2
110165,2
110166,2
110167,2
110168,2
110169,2
110170,2
110171,2
110172,2
110173,3
110174,2
110175,2
110176,2
110177,2
110178,2
110179,2
110180,2
110181,2
110182,2
110183,2
110184,2
110185,2
110186,3
110187,2
110188,2
110189,2
110190,2
110191,2
110192,2
110193,2
110194,2
110195,2
110196,2
110197,2
110198,2
110199,2
110200,2
110201,2
110202,2
110203,2
110204,2
110205,2
110206,2
110207,2
110208,2
110209,2
110210,2
110211,2
110212,2
110213,2
110214,2
110215,2
110216,2
110217,3
110218,2
110219,2
110220,2
110221,2
110222,2
110223,2
110224,2
110225,2
110226,2
110227,2
110228,1
110229,1
110230,1
110231,1
110232,1
110233,2
110234,1
110235,2
110236,1
110237,1
110238,1
110239,3
110240,2
110241,2
110242,1
110243,1
110244,1
110245,1
110246,1
110247,1
110248,1
110249,1
110250,3
110251,1
110252,1
110253,1
110254,1
110255,1
110256,1
110257,1
110258,1
110259,1
110260,1
110261,1
110262,1
110263,1
110264,1
110265,1
110266,1
110267,2
110268,1
110269,1
110270,1
110271,1
110272,1
110273,1
110274,1
110275,1
110276,1
110277,1
110278,1
110279,1
110280,1
110281,1
110282,3
110283,1
110284,1
110285,1
110286,1
110287,1
110288,1
110289,1
110290,1
110291,1
110292,1
110293,3
110294,3
110295,1
110296,1
110297,1
110298,1
110299,1
110300,1
110301,1
110302,1
110303,1
110304,1
110305,1
110306,1
110307,1
110308,1
110309,1
110310,1
110311,1
110312,1
110313,1
110314,1
110315,1
110316,1
110317,1
110318,1
110319,1
110320,1
110321,3
110322,3
110323,2
110324,2
110325,2
110326,2
110327,3
110328,3
110329,3
110330,2
110331,2
110332,2
110333,3
110334,3
110335,2
110336,2
110337,2
110338,3
110339,3
110340,3
110341,3
110342,2
110343,3
110344,2
110345,2
110346,2
110347,2
110348,2
110349,3
110350,3
110351,3
110352,3
110353,2
110354,2
110355,2
110356,2
110357,3
110358,3
110359,3
110360,3
110361,3
110362,3
110363,2
110364,2
110365,2
110366,3
110367,3
110368,3
110369,3
110370,3
110371,3
110372,2
110373,3
110374,3
110375,3
110376,2
110377,3
110378,2
110379,2
110380,3
110381,3
110382,3
110383,3
110384,2
110385,2
110386,3
110387,3
110388,3
110389,3
110390,2
110391,3
110392,2
110393,3
110394,3
110395,3
110396,3
110397,3
110398,2
110399,3
110400,3
110401,3
110402,1
110403,3
110404,2
110405,3
110406,3
110407,1
110408,3
110409,1
110410,3
110411,3
110412,3
110413,1
110414,1
110415,2
110416,1
110417,3
110418,1
110419,3
110420,3
110421,2
110422,2
110423,1
110424,2
110425,3
110426,3
110427,1
110428,1
110429,2
110430,3
110431,1
110432,1
110433,3
110434,2
110435,2
110436,3
110437,2
110438,2
110439,2
110440,2
110441,2
110442,2
110443,2
110444,2
110445,2
110446,2
110447,2
110448,2
110449,2
110450,2
110451,2
110452,2
110453,2
110454,2
110455,2
110456,2
110457,2
110458,2
110459,2
110460,2
110461,2
110462,2
110463,2
110464,2
110465,2
110466,2
110467,2
110468,2
110469,2
110470,2
110471,2
110472,2
110473,2
110474,2
110475,2
110476,2
110477,2
110478,2
110479,2
110480,2
110481,2
110482,2
110483,2
110484,2
110485,2
110486,2
110487,2
110488,2
110489,2
110490,2
110491,2
110492,2
110493,2
110494,2
110495,2
110496,2
110497,2
110498,2
110499,2
110500,2
110501,2
110502,2
110503,2
110504,2
110505,2
110506,2
110507,2
110508,2
110509,2
110510,2
110511,2
110512,2
110513,2
110514,2
110515,2
110516,2
110517,2
110518,2
110519,2
110520,2
110521,2
110522,2
110523,2
110524,2
110525,2
110526,2
110527,2
110528,2
110529,2
110530,2
110531,2
110532,2
110533,2
110534,2
110535,2
110536,2
110537,3
110538,2
110539,2
110540,2
110541,2
110542,2
110543,2
110544,2
110545,2
110546,2
110547,2
110548,2
110549,2
110550,2
110551,2
110552,2
110553,2
110554,2
110555,2
110556,2
110557,2
110558,2
110559,2
110560,2
110561,2
110562,2
110563,2
110564,2
110565,2
110566,2
110567,2
110568,2
110569,2
110570,2
110571,2
110572,2
110573,2
110574,2
110575,2
110576,2
110577,2
110578,2
110579,2
110580,2
110581,2
110582,2
110583,5
110584,2
110585,2
110586,2
110587,2
110588,2
110589,2
110590,2
110591,2
110592,2
110593,2
110594,1
110595,2
110596,3
110597,2
110598,2
110599,2
110600,2
110601,2
110602,2
110603,2
110604,2
110605,2
110606,3
110607,3
110608,2
110609,3
110610,2
110611,3
110612,2
110613,2
110614,2
110615,2
110616,2
110617,3
110618,2
110619,2
110620,3
110621,2
110622,2
110623,3
110624,3
110625,2
110626,2
110627,2
110628,3
110629,3
110630,2
110631,3
110632,3
110633,2
110634,2
110635,2
110636,2
110637,2
110638,3
110639,2
110640,2
110641,2
110642,3
110643,3
110644,2
110645,2
110646,2
110647,2
110648,2
110649,3
110650,2
110651,2
110652,2
110653,3
110654,2
110655,2
110656,2
110657,3
110658,2
110659,2
110660,2
110661,2
110662,3
110663,3
110664,2
110665,2
110666,3
110667,2
110668,3
110669,2
110670,2
110671,2
110672,2
110673,3
110674,2
110675,3
110676,2
110677,2
110678,2
110679,2
110680,2
110681,2
110682,2
110683,2
110684,2
110685,3
110686,2
110687,2
110688,3
110689,2
110690,2
110691,2
110692,2
110693,2
110694,2
110695,2
110696,2
110697,3
110698,2
110699,3
110700,2
110701,2
110702,2
110703,3
110704,3
110705,3
110706,3
110707,3
110708,2
110709,2
110710,3
110711,2
110712,3
110713,2
110714,2
110715,2
110716,2
110717,2
110718,2
110719,2
110720,2
110721,2
110722,2
110723,2
110724,2
110725,2
110726,3
110727,3
110728,3
110729,3
110730,2
110731,2
110732,2
110733,2
110734,2
110735,3
110736,3
110737,3
110738,2
110739,2
110740,3
110741,3
110742,3
110743,3
110744,3
110745,3
110746,3
110747,3
110748,3
110749,2
110750,2
110751,3
110752,2
110753,3
110754,2
110755,2
110756,2
110757,3
110758,2
110759,2
110760,2
110761,2
110762,2
110763,3
110764,3
110765,3
110766,3
110767,3
110768,3
110769,3
110770,2
110771,2
110772,2
110773,2
110774,2
110775,2
110776,3
110777,2
110778,2
110779,1
110780,2
110781,3
110782,3
110783,2
110784,0
110785,2
110786,3
110787,0
110788,0
110789,0
110790,2
110791,2
110792,2
110793,2
110794,2
110795,2
110796,2
110797,2
110798,2
110799,2
110800,2
110801,2
110802,3
110803,2
110804,2
110805,2
110806,2
110807,2
110808,2
110809,2
110810,2
110811,2
110812,2
110813,2
110814,2
110815,2
110816,3
110817,3
110818,3
110819,2
110820,2
110821,2
110822,2
110823,2
110824,2
110825,3
110826,3
110827,3
110828,3
110829,2
110830,3
110831,2
110832,3
110833,2
110834,2
110835,2
110836,2
110837,2
110838,2
110839,2
110840,2
110841,2
110842,2
110843,2
110844,2
110845,2
110846,2
110847,3
110848,3
110849,2
110850,2
110851,2
110852,3
110853,2
110854,2
110855,2
110856,2
110857,2
110858,3
110859,3
110860,3
110861,3
110862,3
110863,3
110864,3
110865,2
110866,2
110867,3
110868,3
110869,2
110870,3
110871,3
110872,3
110873,2
110874,2
110875,3
110876,2
110877,2
110878,3
110879,2
110880,2
110881,2
110882,2
110883,3
110884,2
110885,2
110886,3
110887,2
110888,2
110889,3
110890,3
110891,2
110892,3
110893,2
110894,2
110895,3
110896,2
110897,2
110898,3
110899,2
110900,3
110901,2
110902,2
110903,2
110904,3
110905,2
110906,2
110907,2
110908,3
110909,3
110910,2
110911,2
110912,2
110913,2
110914,2
110915,2
110916,3
110917,2
110918,3
110919,3
110920,3
110921,3
110922,2
110923,2
110924,2
110925,2
110926,2
110927,2
110928,2
110929,2
110930,2
110931,2
110932,2
110933,2
110934,2
110935,2
110936,2
110937,2
110938,2
110939,3
110940,2
110941,2
110942,3
110943,3
110944,2
110945,2
110946,2
110947,3
110948,2
110949,2
110950,2
110951,2
110952,2
110953,3
110954,2
110955,3
110956,3
110957,2
110958,2
110959,2
110960,3
110961,2
110962,3
110963,2
110964,3
110965,3
110966,2
110967,2
110968,2
110969,2
110970,3
110971,2
110972,3
110973,3
110974,3
110975,3
110976,3
110977,3
110978,1
110979,3
110980,3
110981,2
110982,3
110983,3
110984,3
110985,2
110986,2
110987,2
110988,2
110989,2
110990,2
110991,2
110992,2
110993,2
110994,2
110995,2
110996,2
110997,2
110998,3
110999,3
111000,3
111001,3
111002,3
111003,2
111004,3
111005,3
111006,2
111007,2
111008,3
111009,3
111010,3
111011,3
111012,3
111013,3
111014,3
111015,3
111016,3
111017,0
111018,3
111019,2
111020,0
111021,3
111022,0
111023,2
111024,2
111025,0
111026,2
111027,2
111028,0
111029,0
111030,0
111031,3
111032,2
111033,3
111034,2
111035,3
111036,3
111037,3
111038,2
111039,2
111040,2
111041,1
111042,2
111043,2
111044,0
111045,3
111046,3
111047,2
111048,3
111049,2
111050,2
111051,3
111052,3
111053,0
111054,0
111055,3
111056,2
111057,2
111058,2
111059,2
111060,2
111061,2
111062,3
111063,3
111064,3
111065,3
111066,3
111067,3
111068,3
111069,3
111070,3
111071,2
111072,2
111073,2
111074,2
111075,2
111076,2
111077,2
111078,2
111079,2
111080,2
111081,2
111082,2
111083,2
111084,2
111085,3
111086,2
111087,2
111088,2
111089,2
111090,2
111091,2
111092,2
111093,2
111094,2
111095,2
111096,2
111097,2
111098,2
111099,2
111100,2
111101,2
111102,2
111103,2
111104,2
111105,3
111106,3
111107,2
111108,3
111109,3
111110,2
111111,2
111112,2
111113,2
111114,2
111115,2
111116,2
111117,3
111118,3
111119,2
111120,2
111121,2
111122,2
111123,0
111124,3
111125,3
111126,2
111127,2
111128,2
111129,3
111130,2
111131,2
111132,2
111133,2
111134,2
111135,2
111136,2
111137,2
111138,2
111139,2
111140,2
111141,2
111142,2
111143,2
111144,2
111145,2
111146,2
111147,2
111148,2
111149,2
111150,2
111151,2
111152,2
111153,2
111154,2
111155,2
111156,2
111157,2
111158,2
111159,2
111160,2
111161,2
111162,2
111163,2
111164,2
111165,2
111166,2
111167,2
111168,2
111169,2
111170,2
111171,3
111172,2
111173,3
111174,2
111175,2
111176,2
111177,2
111178,2
111179,2
111180,2
111181,3
111182,2
111183,3
111184,2
111185,3
111186,2
111187,3
111188,0
111189,2
111190,2
111191,2
111192,3
111193,3
111194,2
111195,2
111196,2
111197,3
111198,2
111199,2
111200,3
111201,2
111202,2
111203,2
111204,3
111205,1
111206,2
111207,2
111208,2
111209,2
111210,2
111211,2
111212,2
111213,2
111214,2
111215,2
111216,2
111217,2
111218,3
111219,1
111220,2
111221,2
111222,2
111223,3
111224,2
111225,3
111226,3
111227,1
111228,3
111229,3
111230,3
111231,3
111232,3
111233,3
111234,3
111235,3
111236,1
111237,3
111238,3
111239,3
111240,1
111241,3
111242,3
111243,3
111244,3
111245,3
111246,3
111247,3
111248,2
111249,3
111250,3
111251,3
111252,2
111253,3
111254,3
111255,3
111256,3
111257,1
111258,3
111259,3
111260,3
111261,3
111262,3
111263,3
111264,3
111265,3
111266,3
111267,3
111268,1
111269,1
111270,1
111271,1
111272,1
111273,3
111274,2
111275,2
111276,2
111277,3
111278,3
111279,3
111280,3
111281,3
111282,3
111283,3
111284,3
111285,3
111286,2
111287,2
111288,3
111289,3
111290,3
111291,3
111292,3
111293,3
111294,3
111295,3
111296,3
111297,3
111298,3
111299,3
111300,3
111301,3
111302,2
111303,3
111304,3
111305,3
111306,3
111307,3
111308,3
111309,3
111310,3
111311,1
111312,1
111313,1
111314,3
111315,2
111316,3
111317,3
111318,3
111319,3
111320,3
111321,3
111322,0
111323,2
111324,3
111325,3
111326,3
111327,3
111328,3
111329,3
111330,3
111331,3
111332,1
111333,3
111334,1
111335,3
111336,3
111337,2
111338,2
111339,3
111340,2
111341,3
111342,3
111343,3
111344,3
111345,3
111346,2
111347,3
111348,1
111349,1
111350,3
111351,3
111352,3
111353,3
111354,3
111355,3
111356,3
111357,3
111358,2
111359,3
111360,3
111361,2
111362,2
111363,3
111364,3
111365,3
111366,3
111367,1
111368,1
111369,1
111370,3
111371,2
111372,3
111373,3
111374,3
111375,3
111376,3
111377,2
111378,3
111379,3
111380,3
111381,3
111382,3
111383,3
111384,3
111385,3
111386,1
111387,3
111388,3
111389,3
111390,2
111391,2
111392,2
111393,1
111394,2
111395,3
111396,3
111397,3
111398,3
111399,3
111400,3
111401,3
111402,3
111403,1
111404,3
111405,3
111406,1
111407,1
111408,1
111409,3
111410,2
111411,1
111412,1
111413,1
111414,1
111415,1
111416,3
111417,3
111418,3
111419,3
111420,3
111421,3
111422,3
111423,3
111424,1
111425,1
111426,1
111427,3
111428,3
111429,3
111430,3
111431,3
111432,3
111433,3
111434,2
111435,3
111436,2
111437,3
111438,3
111439,3
111440,2
111441,2
111442,3
111443,3
111444,2
111445,3
111446,3
111447,2
111448,2
111449,2
111450,2
111451,2
111452,3
111453,3
111454,2
111455,2
111456,2
111457,2
111458,2
111459,2
111460,2
111461,2
111462,2
111463,2
111464,2
111465,2
111466,2
111467,2
111468,2
111469,2
111470,2
111471,2
111472,2
111473,2
111474,2
111475,2
111476,2
111477,2
111478,2
111479,2
111480,2
111481,2
111482,2
111483,2
111484,2
111485,2
111486,2
111487,2
111488,2
111489,2
111490,2
111491,2
111492,2
111493,2
111494,2
111495,2
111496,2
111497,2
111498,2
111499,2
111500,2
111501,2
111502,2
111503,2
111504,2
111505,2
111506,2
111507,2
111508,2
111509,2
111510,2
111511,2
111512,2
111513,2
111514,2
111515,2
111516,2
111517,2
111518,2
111519,2
111520,2
111521,2
111522,2
111523,2
111524,2
111525,2
111526,2
111527,2
111528,2
111529,2
111530,2
111531,2
111532,2
111533,2
111534,2
111535,2
111536,2
111537,2
111538,2
111539,2
111540,2
111541,2
111542,2
111543,2
111544,2
111545,2
111546,2
111547,2
111548,2
111549,2
111550,2
111551,2
111552,2
111553,2
111554,2
111555,2
111556,2
111557,2
111558,2
111559,2
111560,2
111561,2
111562,2
111563,2
111564,2
111565,2
111566,2
111567,2
111568,2
111569,2
111570,2
111571,2
111572,2
111573,2
111574,2
111575,2
111576,2
111577,2
111578,2
111579,2
111580,3
111581,2
111582,2
111583,2
111584,2
111585,2
111586,2
111587,2
111588,2
111589,2
111590,2
111591,2
111592,2
111593,2
111594,2
111595,2
111596,2
111597,2
111598,2
111599,2
111600,2
111601,3
111602,2
111603,2
111604,2
111605,2
111606,2
111607,2
111608,2
111609,2
111610,2
111611,2
111612,2
111613,2
111614,2
111615,2
111616,2
111617,1
111618,2
111619,2
111620,2
111621,2
111622,2
111623,2
111624,3
111625,2
111626,2
111627,2
111628,2
111629,2
111630,2
111631,2
111632,2
111633,2
111634,2
111635,2
111636,2
111637,2
111638,2
111639,2
111640,2
111641,2
111642,2
111643,2
111644,2
111645,2
111646,2
111647,2
111648,2
111649,2
111650,2
111651,2
111652,2
111653,2
111654,2
111655,2
111656,2
111657,2
111658,2
111659,2
111660,2
111661,2
111662,2
111663,2
111664,2
111665,2
111666,2
111667,2
111668,2
111669,4
111670,2
111671,2
111672,3
111673,2
111674,2
111675,3
111676,2
111677,2
111678,2
111679,2
111680,2
111681,2
111682,2
111683,2
111684,2
111685,2
111686,2
111687,2
111688,2
111689,2
111690,2
111691,2
111692,2
111693,2
111694,2
111695,2
111696,2
111697,2
111698,2
111699,3
111700,2
111701,2
111702,3
111703,2
111704,3
111705,2
111706,2
111707,2
111708,2
111709,2
111710,2
111711,3
111712,2
111713,2
111714,2
111715,2
111716,2
111717,2
111718,2
111719,2
111720,2
111721,2
111722,2
111723,2
111724,2
111725,2
111726,2
111727,2
111728,2
111729,2
111730,2
111731,2
111732,2
111733,2
111734,2
111735,2
111736,2
111737,2
111738,2
111739,2
111740,2
111741,2
111742,2
111743,2
111744,2
111745,2
111746,2
111747,2
111748,2
111749,2
111750,2
111751,2
111752,2
111753,2
111754,2
111755,2
111756,2
111757,2
111758,2
111759,2
111760,2
111761,2
111762,2
111763,2
111764,2
111765,2
111766,2
111767,2
111768,2
111769,2
111770,2
111771,2
111772,2
111773,2
111774,2
111775,2
111776,2
111777,2
111778,2
111779,2
111780,2
111781,2
111782,2
111783,2
111784,2
111785,2
111786,2
111787,2
111788,2
111789,2
111790,2
111791,2
111792,2
111793,2
111794,2
111795,2
111796,2
111797,2
111798,2
111799,2
111800,2
111801,2
111802,2
111803,2
111804,2
111805,2
111806,2
111807,2
111808,2
111809,3
111810,2
111811,2
111812,3
111813,2
111814,2
111815,2
111816,2
111817,2
111818,2
111819,2
111820,2
111821,2
111822,2
111823,2
111824,2
111825,2
111826,2
111827,2
111828,2
111829,2
111830,2
111831,2
111832,2
111833,2
111834,2
111835,2
111836,2
111837,2
111838,2
111839,2
111840,2
111841,2
111842,2
111843,2
111844,2
111845,2
111846,2
111847,2
111848,2
111849,2
111850,2
111851,2
111852,2
111853,2
111854,2
111855,2
111856,2
111857,2
111858,2
111859,2
111860,2
111861,2
111862,2
111863,2
111864,2
111865,2
111866,2
111867,2
111868,2
111869,2
111870,2
111871,2
111872,2
111873,2
111874,2
111875,2
111876,2
111877,2
111878,2
111879,2
111880,2
111881,2
111882,2
111883,2
111884,2
111885,2
111886,2
111887,2
111888,2
111889,2
111890,2
111891,2
111892,2
111893,2
111894,2
111895,2
111896,2
111897,2
111898,2
111899,2
111900,2
111901,2
111902,2
111903,2
111904,2
111905,2
111906,2
111907,2
111908,2
111909,2
111910,2
111911,2
111912,2
111913,2
111914,2
111915,2
111916,2
111917,2
111918,2
111919,2
111920,2
111921,2
111922,2
111923,2
111924,2
111925,2
111926,2
111927,2
111928,2
111929,2
111930,2
111931,2
111932,2
111933,2
111934,2
111935,2
111936,2
111937,2
111938,2
111939,2
111940,2
111941,2
111942,2
111943,2
111944,2
111945,2
111946,2
111947,2
111948,2
111949,2
111950,2
111951,2
111952,2
111953,2
111954,2
111955,2
111956,2
111957,2
111958,2
111959,2
111960,2
111961,2
111962,2
111963,2
111964,2
111965,2
111966,2
111967,2
111968,2
111969,2
111970,2
111971,2
111972,2
111973,2
111974,2
111975,2
111976,2
111977,2
111978,2
111979,2
111980,2
111981,2
111982,2
111983,2
111984,2
111985,2
111986,2
111987,2
111988,2
111989,2
111990,2
111991,2
111992,2
111993,2
111994,2
111995,2
111996,2
111997,2
111998,2
111999,2
112000,2
112001,1
112002,2
112003,2
112004,2
112005,2
112006,2
112007,2
112008,2
112009,2
112010,2
112011,2
112012,2
112013,2
112014,2
112015,2
112016,2
112017,2
112018,2
112019,2
112020,2
112021,2
112022,2
112023,2
112024,2
112025,2
112026,2
112027,2
112028,2
112029,2
112030,2
112031,2
112032,2
112033,2
112034,2
112035,2
112036,2
112037,2
112038,2
112039,2
112040,2
112041,2
112042,2
112043,2
112044,2
112045,2
112046,2
112047,2
112048,2
112049,2
112050,2
112051,2
112052,2
112053,2
112054,2
112055,2
112056,2
112057,2
112058,2
112059,2
112060,2
112061,2
112062,2
112063,2
112064,2
112065,2
112066,2
112067,2
112068,2
112069,2
112070,2
112071,2
112072,2
112073,2
112074,2
112075,2
112076,2
112077,3
112078,2
112079,2
112080,2
112081,2
112082,2
112083,2
112084,2
112085,2
112086,2
112087,2
112088,2
112089,2
112090,2
112091,2
112092,2
112093,2
112094,2
112095,2
112096,2
112097,2
112098,2
112099,2
112100,2
112101,2
112102,2
112103,2
112104,2
112105,2
112106,2
112107,2
112108,2
112109,2
112110,2
112111,2
112112,2
112113,2
112114,2
112115,2
112116,2
112117,1
112118,2
112119,2
112120,2
112121,2
112122,2
112123,2
112124,2
112125,2
112126,2
112127,2
112128,2
112129,2
112130,2
112131,2
112132,2
112133,2
112134,2
112135,2
112136,2
112137,2
112138,2
112139,2
112140,2
112141,2
112142,2
112143,2
112144,2
112145,2
112146,2
112147,2
112148,2
112149,2
112150,2
112151,2
112152,2
112153,2
112154,2
112155,2
112156,2
112157,2
112158,2
112159,2
112160,2
112161,2
112162,2
112163,2
112164,2
112165,2
112166,2
112167,2
112168,2
112169,2
112170,2
112171,2
112172,2
112173,2
112174,2
112175,2
112176,2
112177,2
112178,2
112179,2
112180,2
112181,2
112182,2
112183,2
112184,2
112185,2
112186,2
112187,2
112188,2
112189,2
112190,2
112191,2
112192,2
112193,2
112194,2
112195,2
112196,2
112197,2
112198,2
112199,2
112200,2
112201,2
112202,2
112203,2
112204,2
112205,2
112206,2
112207,2
112208,2
112209,2
112210,2
112211,2
112212,2
112213,2
112214,2
112215,2
112216,2
112217,2
112218,2
112219,2
112220,2
112221,2
112222,2
112223,2
112224,2
112225,2
112226,2
112227,2
112228,2
112229,2
112230,2
112231,2
112232,2
112233,2
112234,2
112235,2
112236,2
112237,2
112238,2
112239,2
112240,2
112241,2
112242,2
112243,2
112244,2
112245,2
112246,2
112247,2
112248,2
112249,2
112250,2
112251,2
112252,2
112253,2
112254,2
112255,2
112256,2
112257,2
112258,2
112259,2
112260,2
112261,2
112262,2
112263,2
112264,2
112265,2
112266,2
112267,2
112268,2
112269,2
112270,2
112271,2
112272,2
112273,2
112274,2
112275,2
112276,2
112277,2
112278,2
112279,2
112280,2
112281,2
112282,2
112283,2
112284,2
112285,2
112286,2
112287,2
112288,2
112289,2
112290,2
112291,2
112292,1
112293,2
112294,2
112295,2
112296,2
112297,2
112298,2
112299,2
112300,2
112301,2
112302,2
112303,2
112304,2
112305,2
112306,2
112307,2
112308,2
112309,2
112310,3
112311,2
112312,2
112313,2
112314,2
112315,2
112316,2
112317,2
112318,2
112319,2
112320,2
112321,2
112322,2
112323,2
112324,2
112325,2
112326,2
112327,2
112328,2
112329,2
112330,2
112331,2
112332,2
112333,2
112334,2
112335,2
112336,2
112337,2
112338,2
112339,2
112340,2
112341,2
112342,2
112343,2
112344,2
112345,2
112346,2
112347,2
112348,2
112349,2
112350,2
112351,2
112352,2
112353,1
112354,1
112355,1
112356,2
112357,2
112358,2
112359,2
112360,2
112361,2
112362,2
112363,2
112364,2
112365,2
112366,2
112367,2
112368,2
112369,2
112370,1
112371,1
112372,2
112373,2
112374,2
112375,2
112376,2
112377,2
112378,2
112379,2
112380,2
112381,2
112382,2
112383,2
112384,2
112385,2
112386,2
112387,2
112388,2
112389,2
112390,2
112391,2
112392,2
112393,2
112394,2
112395,2
112396,2
112397,2
112398,2
112399,2
112400,2
112401,2
112402,2
112403,2
112404,2
112405,2
112406,2
112407,2
112408,2
112409,2
112410,2
112411,2
112412,2
112413,2
112414,3
112415,2
112416,3
112417,2
112418,2
112419,2
112420,3
112421,2
112422,2
112423,2
112424,2
112425,2
112426,2
112427,2
112428,5
112429,2
112430,2
112431,2
112432,2
112433,2
112434,2
112435,2
112436,2
112437,2
112438,2
112439,2
112440,2
112441,2
112442,2
112443,2
112444,2
112445,2
112446,2
112447,2
112448,2
112449,2
112450,2
112451,2
112452,2
112453,2
112454,2
112455,2
112456,2
112457,2
112458,2
112459,2
112460,2
112461,2
112462,2
112463,2
112464,2
112465,2
112466,2
112467,2
112468,3
112469,2
112470,2
112471,2
112472,2
112473,2
112474,1
112475,2
112476,2
112477,2
112478,2
112479,2
112480,2
112481,2
112482,2
112483,2
112484,2
112485,2
112486,2
112487,2
112488,2
112489,2
112490,2
112491,2
112492,2
112493,2
112494,2
112495,2
112496,2
112497,2
112498,2
112499,2
112500,2
112501,2
112502,2
112503,2
112504,2
112505,2
112506,2
112507,2
112508,2
112509,2
112510,2
112511,2
112512,2
112513,2
112514,2
112515,2
112516,2
112517,2
112518,2
112519,2
112520,2
112521,2
112522,2
112523,2
112524,2
112525,2
112526,2
112527,2
112528,2
112529,2
112530,2
112531,2
112532,2
112533,2
112534,2
112535,2
112536,2
112537,2
112538,2
112539,2
112540,2
112541,2
112542,2
112543,2
112544,2
112545,2
112546,2
112547,2
112548,2
112549,2
112550,2
112551,2
112552,2
112553,2
112554,2
112555,3
112556,3
112557,3
112558,2
112559,2
112560,2
112561,2
112562,2
112563,2
112564,2
112565,2
112566,2
112567,2
112568,2
112569,2
112570,2
112571,2
112572,2
112573,2
112574,2
112575,2
112576,2
112577,2
112578,2
112579,2
112580,2
112581,2
112582,2
112583,1
112584,1
112585,2
112586,2
112587,2
112588,2
112589,2
112590,2
112591,2
112592,2
112593,2
112594,2
112595,2
112596,2
112597,2
112598,2
112599,2
112600,2
112601,2
112602,2
112603,2
112604,2
112605,2
112606,2
112607,2
112608,2
112609,2
112610,2
112611,1
112612,1
112613,2
112614,2
112615,2
112616,2
112617,2
112618,2
112619,2
112620,2
112621,2
112622,2
112623,2
112624,2
112625,2
112626,2
112627,2
112628,2
112629,2
112630,2
112631,2
112632,2
112633,2
112634,2
112635,2
112636,2
112637,2
112638,2
112639,2
112640,2
112641,2
112642,2
112643,2
112644,2
112645,2
112646,2
112647,2
112648,2
112649,2
112650,2
112651,2
112652,2
112653,2
112654,2
112655,2
112656,2
112657,2
112658,2
112659,2
112660,2
112661,2
112662,2
112663,2
112664,2
112665,2
112666,2
112667,2
112668,2
112669,2
112670,2
112671,2
112672,2
112673,2
112674,2
112675,2
112676,2
112677,2
112678,2
112679,2
112680,2
112681,2
112682,2
112683,2
112684,2
112685,2
112686,2
112687,2
112688,2
112689,2
112690,2
112691,2
112692,2
112693,2
112694,2
112695,2
112696,2
112697,2
112698,2
112699,2
112700,2
112701,2
112702,2
112703,2
112704,2
112705,2
112706,2
112707,2
112708,2
112709,2
112710,2
112711,2
112712,2
112713,2
112714,2
112715,2
112716,2
112717,2
112718,2
112719,2
112720,2
112721,2
112722,2
112723,2
112724,2
112725,2
112726,2
112727,2
112728,2
112729,2
112730,2
112731,2
112732,2
112733,2
112734,2
112735,2
112736,2
112737,2
112738,2
112739,2
112740,2
112741,2
112742,2
112743,2
112744,2
112745,2
112746,2
112747,2
112748,2
112749,2
112750,2
112751,2
112752,2
112753,2
112754,2
112755,2
112756,2
112757,2
112758,2
112759,2
112760,2
112761,2
112762,2
112763,2
112764,2
112765,2
112766,1
112767,2
112768,2
112769,2
112770,2
112771,2
112772,2
112773,2
112774,2
112775,2
112776,2
112777,2
112778,2
112779,2
112780,2
112781,2
112782,2
112783,2
112784,2
112785,2
112786,2
112787,2
112788,2
112789,2
112790,2
112791,2
112792,2
112793,2
112794,2
112795,2
112796,2
112797,2
112798,2
112799,2
112800,2
112801,2
112802,2
112803,2
112804,2
112805,2
112806,2
112807,2
112808,2
112809,2
112810,2
112811,2
112812,2
112813,2
112814,3
112815,2
112816,2
112817,2
112818,2
112819,2
112820,2
112821,2
112822,2
112823,2
112824,2
112825,2
112826,2
112827,2
112828,2
112829,2
112830,2
112831,2
112832,2
112833,2
112834,2
112835,2
112836,2
112837,2
112838,2
112839,2
112840,2
112841,2
112842,2
112843,2
112844,2
112845,2
112846,2
112847,2
112848,3
112849,2
112850,2
112851,2
112852,2
112853,2
112854,2
112855,2
112856,2
112857,2
112858,2
112859,2
112860,2
112861,2
112862,2
112863,2
112864,2
112865,2
112866,2
112867,2
112868,2
112869,2
112870,2
112871,2
112872,2
112873,2
112874,2
112875,2
112876,2
112877,2
112878,2
112879,2
112880,2
112881,2
112882,2
112883,2
112884,2
112885,2
112886,2
112887,3
112888,2
112889,2
112890,2
112891,2
112892,2
112893,2
112894,2
112895,2
112896,2
112897,2
112898,2
112899,2
112900,2
112901,2
112902,2
112903,2
112904,2
112905,2
112906,2
112907,2
112908,2
112909,3
112910,2
112911,2
112912,2
112913,2
112914,2
112915,2
112916,2
112917,2
112918,2
112919,2
112920,2
112921,2
112922,2
112923,2
112924,2
112925,2
112926,2
112927,2
112928,2
112929,2
112930,2
112931,2
112932,2
112933,2
112934,2
112935,2
112936,2
112937,2
112938,2
112939,2
112940,2
112941,2
112942,2
112943,2
112944,2
112945,2
112946,2
112947,2
112948,2
112949,2
112950,2
112951,2
112952,2
112953,2
112954,2
112955,2
112956,2
112957,2
112958,2
112959,2
112960,2
112961,2
112962,2
112963,2
112964,2
112965,2
112966,2
112967,2
112968,2
112969,2
112970,2
112971,2
112972,2
112973,2
112974,2
112975,2
112976,2
112977,2
112978,2
112979,2
112980,2
112981,2
112982,2
112983,2
112984,2
112985,2
112986,2
112987,2
112988,2
112989,2
112990,2
112991,2
112992,2
112993,2
112994,2
112995,2
112996,2
112997,2
112998,2
112999,2
113000,2
113001,2
113002,2
113003,2
113004,2
113005,2
113006,2
113007,2
113008,2
113009,2
113010,2
113011,2
113012,2
113013,2
113014,2
113015,2
113016,2
113017,2
113018,2
113019,2
113020,2
113021,2
113022,2
113023,2
113024,2
113025,2
113026,2
113027,2
113028,2
113029,2
113030,2
113031,2
113032,2
113033,2
113034,2
113035,2
113036,2
113037,2
113038,2
113039,2
113040,2
113041,2
113042,2
113043,2
113044,2
113045,2
113046,2
113047,2
113048,2
113049,2
113050,2
113051,2
113052,2
113053,2
113054,2
113055,2
113056,2
113057,2
113058,2
113059,2
113060,2
113061,2
113062,2
113063,2
113064,2
113065,2
113066,2
113067,2
113068,2
113069,2
113070,2
113071,2
113072,2
113073,2
113074,2
113075,2
113076,2
113077,2
113078,2
113079,2
113080,2
113081,2
113082,2
113083,2
113084,2
113085,2
113086,2
113087,2
113088,2
113089,2
113090,2
113091,2
113092,2
113093,2
113094,2
113095,2
113096,2
113097,2
113098,2
113099,2
113100,2
113101,2
113102,2
113103,2
113104,2
113105,2
113106,2
113107,2
113108,2
113109,2
113110,2
113111,2
113112,2
113113,2
113114,2
113115,2
113116,2
113117,2
113118,2
113119,2
113120,2
113121,2
113122,2
113123,2
113124,2
113125,2
113126,2
113127,2
113128,2
113129,2
113130,2
113131,2
113132,2
113133,2
113134,2
113135,2
113136,2
113137,2
113138,2
113139,2
113140,2
113141,2
113142,2
113143,2
113144,2
113145,2
113146,2
113147,2
113148,2
113149,2
113150,2
113151,2
113152,2
113153,2
113154,2
113155,2
113156,2
113157,2
113158,2
113159,2
113160,2
113161,2
113162,2
113163,2
113164,2
113165,2
113166,2
113167,2
113168,2
113169,2
113170,2
113171,2
113172,2
113173,2
113174,2
113175,2
113176,2
113177,2
113178,2
113179,2
113180,2
113181,2
113182,2
113183,2
113184,2
113185,2
113186,2
113187,2
113188,2
113189,2
113190,2
113191,2
113192,2
113193,2
113194,2
113195,2
113196,2
113197,2
113198,2
113199,2
113200,2
113201,2
113202,2
113203,2
113204,2
113205,2
113206,2
113207,2
113208,2
113209,2
113210,2
113211,2
113212,2
113213,2
113214,2
113215,2
113216,2
113217,2
113218,2
113219,2
113220,2
113221,2
113222,2
113223,2
113224,2
113225,2
113226,2
113227,2
113228,2
113229,2
113230,2
113231,2
113232,2
113233,2
113234,2
113235,2
113236,2
113237,2
113238,2
113239,2
113240,2
113241,2
113242,2
113243,2
113244,2
113245,2
113246,2
113247,2
113248,2
113249,2
113250,0
113251,0
113252,0
113253,2
113254,2
113255,2
113256,2
113257,2
113258,2
113259,2
113260,2
113261,2
113262,2
113263,2
113264,2
113265,2
113266,2
113267,2
113268,2
113269,2
113270,2
113271,2
113272,2
113273,2
113274,2
113275,2
113276,2
113277,2
113278,2
113279,2
113280,2
113281,2
113282,2
113283,2
113284,5
113285,5
113286,5
113287,2
113288,2
113289,2
113290,2
113291,1
113292,2
113293,3
113294,1
113295,2
113296,2
113297,2
113298,2
113299,2
113300,2
113301,3
113302,3
113303,1
113304,2
113305,2
113306,3
113307,1
113308,1
113309,3
113310,2
113311,3
113312,2
113313,2
113314,3
113315,1
113316,2
113317,2
113318,3
113319,2
113320,3
113321,1
113322,2
113323,2
113324,3
113325,5
113326,2
113327,3
113328,3
113329,3
113330,3
113331,3
113332,3
113333,2
113334,3
113335,3
113336,1
113337,3
113338,3
113339,2
113340,3
113341,3
113342,3
113343,2
113344,3
113345,3
113346,2
113347,2
113348,2
113349,3
113350,1
113351,2
113352,2
113353,2
113354,2
113355,3
113356,2
113357,2
113358,1
113359,3
113360,3
113361,3
113362,1
113363,3
113364,3
113365,3
113366,3
113367,3
113368,3
113369,2
113370,3
113371,3
113372,3
113373,2
113374,2
113375,3
113376,3
113377,3
113378,2
113379,3
113380,3
113381,1
113382,3
113383,3
113384,3
113385,3
113386,3
113387,3
113388,3
113389,3
113390,3
113391,3
113392,3
113393,3
113394,1
113395,3
113396,3
113397,3
113398,3
113399,3
113400,3
113401,3
113402,3
113403,2
113404,3
113405,2
113406,1
113407,3
113408,3
113409,3
113410,3
113411,1
113412,1
113413,1
113414,3
113415,3
113416,3
113417,2
113418,3
113419,3
113420,2
113421,4
113422,3
113423,3
113424,3
113425,3
113426,3
113427,3
113428,3
113429,3
113430,2
113431,3
113432,1
113433,3
113434,3
113435,1
113436,3
113437,3
113438,3
113439,3
113440,3
113441,3
113442,3
113443,1
113444,3
113445,3
113446,3
113447,2
113448,2
113449,2
113450,2
113451,3
113452,3
113453,2
113454,2
113455,2
113456,2
113457,2
113458,2
113459,2
113460,2
113461,3
113462,3
113463,3
113464,3
113465,3
113466,3
113467,3
113468,3
113469,3
113470,1
113471,1
113472,1
113473,3
113474,3
113475,3
113476,3
113477,3
113478,3
113479,2
113480,3
113481,2
113482,3
113483,3
113484,3
113485,3
113486,3
113487,3
113488,3
113489,3
113490,3
113491,3
113492,3
113493,3
113494,3
113495,3
113496,3
113497,3
113498,3
113499,3
113500,3
113501,3
113502,3
113503,3
113504,3
113505,1
113506,3
113507,3
113508,3
113509,2
113510,3
113511,3
113512,3
113513,3
113514,3
113515,3
113516,3
113517,2
113518,3
113519,3
113520,3
113521,2
113522,3
113523,3
113524,3
113525,3
113526,3
113527,3
113528,3
113529,3
113530,3
113531,3
113532,3
113533,3
113534,3
113535,3
113536,3
113537,3
113538,3
113539,3
113540,1
113541,1
113542,3
113543,1
113544,3
113545,1
113546,3
113547,3
113548,3
113549,3
113550,3
113551,3
113552,3
113553,3
113554,3
113555,3
113556,3
113557,3
113558,3
113559,3
113560,3
113561,3
113562,3
113563,3
113564,3
113565,3
113566,3
113567,3
113568,3
113569,3
113570,3
113571,1
113572,3
113573,3
113574,3
113575,3
113576,3
113577,3
113578,3
113579,3
113580,3
113581,3
113582,3
113583,3
113584,3
113585,3
113586,3
113587,3
113588,3
113589,1
113590,1
113591,3
113592,3
113593,2
113594,3
113595,3
113596,3
113597,3
113598,3
113599,3
113600,3
113601,3
113602,3
113603,3
113604,3
113605,3
113606,3
113607,3
113608,3
113609,3
113610,3
113611,3
113612,3
113613,3
113614,3
113615,3
113616,3
113617,3
113618,3
113619,1
113620,1
113621,1
113622,1
113623,1
113624,3
113625,3
113626,3
113627,2
113628,3
113629,3
113630,1
113631,1
113632,3
113633,3
113634,3
113635,3
113636,3
113637,3
113638,3
113639,3
113640,3
113641,3
113642,3
113643,3
113644,3
113645,3
113646,3
113647,3
113648,3
113649,3
113650,3
113651,2
113652,3
113653,3
113654,3
113655,3
113656,3
113657,3
113658,3
113659,3
113660,3
113661,3
113662,3
113663,3
113664,3
113665,3
113666,3
113667,3
113668,3
113669,3
113670,3
113671,3
113672,1
113673,3
113674,3
113675,3
113676,3
113677,3
113678,3
113679,3
113680,3
113681,3
113682,3
113683,3
113684,3
113685,3
113686,3
113687,3
113688,3
113689,3
113690,3
113691,1
113692,1
113693,1
113694,1
113695,1
113696,1
113697,1
113698,1
113699,1
113700,1
113701,1
113702,1
113703,1
113704,3
113705,1
113706,3
113707,1
113708,3
113709,3
113710,3
113711,3
113712,1
113713,1
113714,1
113715,1
113716,1
113717,1
113718,3
113719,3
113720,1
113721,1
113722,3
113723,1
113724,1
113725,1
113726,1
113727,3
113728,3
113729,3
113730,1
113731,3
113732,3
113733,3
113734,3
113735,3
113736,3
113737,1
113738,1
113739,3
113740,3
113741,3
113742,3
113743,3
113744,3
113745,3
113746,3
113747,3
113748,3
113749,3
113750,3
113751,3
113752,3
113753,3
113754,3
113755,3
113756,3
113757,3
113758,3
113759,3
113760,3
113761,3
113762,3
113763,1
113764,3
113765,3
113766,3
113767,3
113768,3
113769,3
113770,3
113771,3
113772,3
113773,3
113774,3
113775,3
113776,3
113777,3
113778,3
113779,1
113780,3
113781,3
113782,3
113783,3
113784,3
113785,1
113786,1
113787,3
113788,3
113789,3
113790,1
113791,3
113792,3
113793,3
113794,3
113795,3
113796,3
113797,3
113798,3
113799,3
113800,3
113801,3
113802,2
113803,3
113804,3
113805,3
113806,3
113807,3
113808,3
113809,1
113810,3
113811,1
113812,3
113813,3
113814,3
113815,2
113816,2
113817,3
113818,1
113819,3
113820,3
113821,3
113822,3
113823,3
113824,2
113825,3
113826,1
113827,3
113828,3
113829,1
113830,3
113831,3
113832,3
113833,3
113834,3
113835,1
113836,3
113837,1
113838,3
113839,1
113840,3
113841,3
113842,3
113843,3
113844,3
113845,3
113846,3
113847,3
113848,3
113849,3
113850,3
113851,3
113852,3
113853,3
113854,3
113855,3
113856,3
113857,1
113858,3
113859,3
113860,3
113861,3
113862,3
113863,1
113864,1
113865,1
113866,3
113867,3
113868,3
113869,3
113870,3
113871,3
113872,3
113873,1
113874,1
113875,1
113876,1
113877,3
113878,3
113879,3
113880,3
113881,3
113882,3
113883,3
113884,3
113885,3
113886,1
113887,1
113888,1
113889,1
113890,1
113891,1
113892,1
113893,3
113894,3
113895,3
113896,3
113897,3
113898,1
113899,3
113900,1
113901,1
113902,1
113903,1
113904,3
113905,3
113906,3
113907,3
113908,3
113909,2
113910,3
113911,1
113912,3
113913,3
113914,3
113915,3
113916,3
113917,2
113918,3
113919,3
113920,1
113921,3
113922,3
113923,3
113924,1
113925,1
113926,3
113927,3
113928,3
113929,3
113930,2
113931,3
113932,2
113933,3
113934,3
113935,3
113936,3
113937,3
113938,3
113939,3
113940,3
113941,3
113942,3
113943,3
113944,3
113945,3
113946,3
113947,1
113948,3
113949,1
113950,3
113951,3
113952,3
113953,3
113954,1
113955,3
113956,3
113957,3
113958,3
113959,3
113960,3
113961,3
113962,3
113963,3
113964,3
113965,3
113966,1
113967,3
113968,3
113969,3
113970,3
113971,3
113972,3
113973,3
113974,3
113975,3
113976,3
113977,3
113978,3
113979,1
113980,3
113981,3
113982,3
113983,3
113984,3
113985,3
113986,3
113987,3
113988,1
113989,3
113990,2
113991,3
113992,3
113993,2
113994,2
113995,3
113996,3
113997,2
113998,2
113999,2
114000,3
114001,2
114002,2
114003,2
114004,2
114005,2
114006,2
114007,2
114008,2
114009,2
114010,2
114011,2
114012,2
114013,2
114014,2
114015,2
114016,2
114017,2
114018,2
114019,2
114020,2
114021,2
114022,2
114023,2
114024,2
114025,2
114026,2
114027,2
114028,2
114029,2
114030,2
114031,2
114032,2
114033,2
114034,2
114035,2
114036,2
114037,2
114038,2
114039,2
114040,2
114041,2
114042,2
114043,2
114044,2
114045,2
114046,2
114047,2
114048,2
114049,2
114050,2
114051,2
114052,2
114053,2
114054,2
114055,2
114056,2
114057,2
114058,2
114059,3
114060,2
114061,2
114062,2
114063,2
114064,2
114065,2
114066,2
114067,2
114068,2
114069,2
114070,2
114071,2
114072,2
114073,2
114074,2
114075,2
114076,2
114077,2
114078,2
114079,2
114080,2
114081,2
114082,2
114083,2
114084,2
114085,2
114086,2
114087,2
114088,2
114089,2
114090,2
114091,3
114092,2
114093,2
114094,3
114095,2
114096,2
114097,2
114098,3
114099,2
114100,2
114101,3
114102,2
114103,2
114104,2
114105,2
114106,2
114107,2
114108,1
114109,2
114110,2
114111,3
114112,2
114113,2
114114,2
114115,2
114116,3
114117,2
114118,2
114119,3
114120,3
114121,3
114122,2
114123,3
114124,3
114125,2
114126,3
114127,2
114128,2
114129,2
114130,2
114131,3
114132,2
114133,2
114134,2
114135,2
114136,3
114137,3
114138,2
114139,3
114140,2
114141,3
114142,2
114143,3
114144,2
114145,3
114146,3
114147,3
114148,3
114149,3
114150,3
114151,3
114152,3
114153,3
114154,3
114155,3
114156,3
114157,3
114158,3
114159,2
114160,2
114161,2
114162,3
114163,3
114164,2
114165,3
114166,2
114167,3
114168,2
114169,2
114170,2
114171,2
114172,2
114173,2
114174,2
114175,2
114176,2
114177,2
114178,2
114179,2
114180,3
114181,2
114182,2
114183,2
114184,2
114185,3
114186,3
114187,3
114188,2
114189,3
114190,3
114191,3
114192,2
114193,3
114194,2
114195,2
114196,2
114197,3
114198,2
114199,3
114200,3
114201,3
114202,2
114203,2
114204,3
114205,1
114206,2
114207,2
114208,1
114209,1
114210,2
114211,1
114212,3
114213,2
114214,2
114215,2
114216,2
114217,2
114218,3
114219,2
114220,2
114221,2
114222,2
114223,3
114224,2
114225,2
114226,2
114227,2
114228,2
114229,2
114230,2
114231,2
114232,2
114233,2
114234,3
114235,3
114236,2
114237,2
114238,2
114239,2
114240,3
114241,2
114242,3
114243,2
114244,2
114245,2
114246,2
114247,2
114248,2
114249,2
114250,3
114251,2
114252,2
114253,2
114254,2
114255,3
114256,2
114257,2
114258,2
114259,3
114260,2
114261,2
114262,2
114263,3
114264,2
114265,3
114266,2
114267,2
114268,2
114269,2
114270,2
114271,2
114272,3
114273,2
114274,2
114275,3
114276,2
114277,2
114278,2
114279,2
114280,2
114281,2
114282,2
114283,2
114284,2
114285,2
114286,2
114287,2
114288,2
114289,2
114290,2
114291,2
114292,2
114293,2
114294,2
114295,2
114296,2
114297,2
114298,2
114299,2
114300,2
114301,2
114302,3
114303,3
114304,2
114305,2
114306,2
114307,2
114308,2
114309,2
114310,2
114311,2
114312,2
114313,2
114314,2
114315,2
114316,2
114317,2
114318,2
114319,2
114320,2
114321,2
114322,2
114323,2
114324,3
114325,2
114326,2
114327,2
114328,2
114329,2
114330,2
114331,2
114332,2
114333,2
114334,2
114335,3
114336,3
114337,2
114338,2
114339,2
114340,2
114341,2
114342,2
114343,2
114344,2
114345,2
114346,2
114347,2
114348,3
114349,3
114350,2
114351,2
114352,2
114353,2
114354,3
114355,3
114356,3
114357,2
114358,2
114359,3
114360,2
114361,2
114362,3
114363,2
114364,2
114365,2
114366,2
114367,2
114368,2
114369,2
114370,2
114371,2
114372,3
114373,3
114374,2
114375,3
114376,2
114377,3
114378,2
114379,2
114380,2
114381,2
114382,2
114383,2
114384,2
114385,2
114386,3
114387,2
114388,2
114389,2
114390,2
114391,2
114392,2
114393,2
114394,1
114395,3
114396,3
114397,3
114398,3
114399,2
114400,2
114401,2
114402,2
114403,2
114404,2
114405,2
114406,2
114407,1
114408,2
114409,2
114410,2
114411,2
114412,2
114413,2
114414,2
114415,2
114416,2
114417,2
114418,2
114419,2
114420,2
114421,2
114422,2
114423,2
114424,3
114425,2
114426,3
114427,2
114428,2
114429,3
114430,2
114431,2
114432,2
114433,2
114434,2
114435,3
114436,2
114437,2
114438,3
114439,2
114440,3
114441,2
114442,2
114443,2
114444,3
114445,3
114446,3
114447,3
114448,2
114449,2
114450,2
114451,3
114452,3
114453,3
114454,3
114455,3
114456,2
114457,3
114458,3
114459,2
114460,2
114461,3
114462,2
114463,2
114464,3
114465,2
114466,2
114467,3
114468,3
114469,3
114470,2
114471,2
114472,2
114473,2
114474,2
114475,3
114476,2
114477,3
114478,3
114479,2
114480,2
114481,2
114482,2
114483,2
114484,2
114485,2
114486,2
114487,2
114488,3
114489,2
114490,2
114491,3
114492,3
114493,3
114494,2
114495,3
114496,3
114497,3
114498,4
114499,2
114500,4
114501,2
114502,3
114503,3
114504,3
114505,3
114506,3
114507,3
114508,2
114509,2
114510,2
114511,2
114512,3
114513,2
114514,3
114515,1
114516,1
114517,1
114518,3
114519,3
114520,1
114521,1
114522,1
114523,1
114524,1
114525,1
114526,1
114527,3
114528,3
114529,1
114530,3
114531,3
114532,3
114533,3
114534,1
114535,5
114536,3
114537,1
114538,1
114539,1
114540,3
114541,3
114542,1
114543,3
114544,3
114545,3
114546,3
114547,3
114548,3
114549,3
114550,3
114551,3
114552,1
114553,3
114554,3
114555,3
114556,3
114557,3
114558,3
114559,3
114560,1
114561,1
114562,3
114563,3
114564,1
114565,1
114566,1
114567,1
114568,1
114569,3
114570,3
114571,1
114572,3
114573,1
114574,3
114575,3
114576,3
114577,1
114578,1
114579,1
114580,1
114581,1
114582,1
114583,3
114584,2
114585,3
114586,1
114587,1
114588,3
114589,3
114590,3
114591,3
114592,3
114593,2
114594,3
114595,3
114596,5
114597,5
114598,1
114599,1
114600,3
114601,3
114602,3
114603,3
114604,1
114605,1
114606,1
114607,2
114608,2
114609,2
114610,3
114611,3
114612,3
114613,3
114614,3
114615,3
114616,3
114617,2
114618,2
114619,2
114620,2
114621,2
114622,2
114623,2
114624,3
114625,2
114626,2
114627,2
114628,2
114629,2
114630,0
114631,3
114632,2
114633,2
114634,3
114635,2
114636,2
114637,2
114638,2
114639,2
114640,2
114641,2
114642,2
114643,2
114644,3
114645,0
114646,2
114647,2
114648,2
114649,2
114650,3
114651,2
114652,2
114653,2
114654,2
114655,2
114656,2
114657,2
114658,2
114659,4
114660,2
114661,2
114662,2
114663,2
114664,2
114665,2
114666,2
114667,2
114668,3
114669,3
114670,2
114671,2
114672,2
114673,2
114674,4
114675,3
114676,1
114677,2
114678,2
114679,2
114680,2
114681,2
114682,2
114683,2
114684,2
114685,2
114686,2
114687,2
114688,2
114689,2
114690,2
114691,2
114692,2
114693,2
114694,2
114695,2
114696,3
114697,2
114698,2
114699,1
114700,4
114701,3
114702,1
114703,3
114704,3
114705,3
114706,3
114707,2
114708,2
114709,2
114710,2
114711,2
114712,2
114713,2
114714,2
114715,3
114716,3
114717,3
114718,2
114719,2
114720,2
114721,2
114722,2
114723,2
114724,2
114725,2
114726,2
114727,2
114728,2
114729,2
114730,2
114731,2
114732,3
114733,3
114734,3
114735,3
114736,3
114737,3
114738,3
114739,3
114740,3
114741,2
114742,3
114743,2
114744,3
114745,3
114746,2
114747,2
114748,3
114749,2
114750,2
114751,3
114752,2
114753,1
114754,2
114755,2
114756,2
114757,3
114758,2
114759,2
114760,1
114761,2
114762,1
114763,2
114764,1
114765,1
114766,2
114767,2
114768,2
114769,2
114770,2
114771,2
114772,2
114773,2
114774,2
114775,2
114776,2
114777,2
114778,2
114779,2
114780,2
114781,2
114782,2
114783,2
114784,2
114785,2
114786,2
114787,2
114788,2
114789,2
114790,2
114791,2
114792,2
114793,2
114794,3
114795,2
114796,3
114797,3
114798,3
114799,2
114800,2
114801,3
114802,2
114803,1
114804,2
114805,2
114806,2
114807,1
114808,4
114809,2
114810,2
114811,2
114812,2
114813,2
114814,2
114815,2
114816,3
114817,3
114818,2
114819,2
114820,3
114821,3
114822,2
114823,2
114824,2
114825,2
114826,2
114827,2
114828,2
114829,2
114830,2
114831,2
114832,2
114833,2
114834,2
114835,2
114836,1
114837,2
114838,2
114839,2
114840,3
114841,2
114842,3
114843,3
114844,3
114845,2
114846,2
114847,2
114848,2
114849,3
114850,3
114851,2
114852,2
114853,1
114854,2
114855,2
114856,2
114857,2
114858,3
114859,2
114860,2
114861,2
114862,2
114863,2
114864,3
114865,2
114866,1
114867,3
114868,3
114869,4
114870,3
114871,2
114872,3
114873,3
114874,4
114875,2
114876,2
114877,3
114878,3
114879,3
114880,3
114881,3
114882,3
114883,3
114884,3
114885,3
114886,3
114887,3
114888,2
114889,2
114890,3
114891,2
114892,3
114893,2
114894,2
114895,2
114896,3
114897,2
114898,2
114899,2
114900,3
114901,3
114902,3
114903,3
114904,3
114905,3
114906,2
114907,2
114908,2
114909,2
114910,3
114911,2
114912,3
114913,3
114914,2
114915,3
114916,2
114917,3
114918,3
114919,2
114920,3
114921,3
114922,3
114923,2
114924,3
114925,3
114926,3
114927,2
114928,3
114929,3
114930,2
114931,3
114932,2
114933,2
114934,2
114935,2
114936,3
114937,2
114938,3
114939,3
114940,3
114941,3
114942,3
114943,3
114944,2
114945,2
114946,2
114947,2
114948,2
114949,2
114950,3
114951,3
114952,2
114953,2
114954,3
114955,2
114956,3
114957,3
114958,3
114959,3
114960,2
114961,3
114962,2
114963,3
114964,2
114965,3
114966,3
114967,3
114968,3
114969,2
114970,2
114971,3
114972,3
114973,2
114974,2
114975,2
114976,2
114977,3
114978,3
114979,2
114980,2
114981,2
114982,2
114983,2
114984,2
114985,2
114986,2
114987,2
114988,2
114989,2
114990,2
114991,2
114992,3
114993,2
114994,3
114995,2
114996,2
114997,2
114998,2
114999,3
115000,2
115001,2
115002,3
115003,3
115004,2
115005,3
115006,3
115007,2
115008,2
115009,2
115010,2
115011,2
115012,3
115013,3
115014,3
115015,3
115016,3
115017,2
115018,2
115019,3
115020,2
115021,2
115022,2
115023,2
115024,2
115025,3
115026,2
115027,3
115028,3
115029,2
115030,2
115031,2
115032,2
115033,3
115034,2
115035,2
115036,2
115037,3
115038,3
115039,2
115040,2
115041,3
115042,3
115043,2
115044,3
115045,2
115046,3
115047,3
115048,3
115049,3
115050,3
115051,3
115052,3
115053,3
115054,3
115055,3
115056,3
115057,3
115058,2
115059,2
115060,2
115061,2
115062,3
115063,2
115064,3
115065,3
115066,3
115067,3
115068,2
115069,2
115070,3
115071,3
115072,2
115073,2
115074,3
115075,3
115076,3
115077,1
115078,3
115079,2
115080,3
115081,3
115082,3
115083,3
115084,3
115085,3
115086,3
115087,3
115088,3
115089,3
115090,2
115091,2
115092,3
115093,2
115094,3
115095,3
115096,3
115097,2
115098,2
115099,2
115100,2
115101,3
115102,3
115103,3
115104,2
115105,2
115106,3
115107,3
115108,3
115109,2
115110,3
115111,2
115112,3
115113,3
115114,3
115115,3
115116,3
115117,3
115118,3
115119,3
115120,2
115121,3
115122,3
115123,3
115124,3
115125,3
115126,3
115127,3
115128,3
115129,3
115130,3
115131,3
115132,3
115133,2
115134,2
115135,3
115136,2
115137,3
115138,3
115139,1
115140,3
115141,1
115142,3
115143,3
115144,3
115145,3
115146,2
115147,3
115148,2
115149,2
115150,2
115151,3
115152,2
115153,3
115154,3
115155,3
115156,3
115157,3
115158,3
115159,2
115160,3
115161,2
115162,3
115163,2
115164,2
115165,3
115166,2
115167,2
115168,3
115169,2
115170,3
115171,2
115172,2
115173,2
115174,2
115175,3
115176,2
115177,2
115178,3
115179,3
115180,3
115181,3
115182,3
115183,3
115184,2
115185,2
115186,2
115187,2
115188,2
115189,2
115190,3
115191,3
115192,4
115193,3
115194,2
115195,2
115196,2
115197,2
115198,2
115199,2
115200,2
115201,2
115202,2
115203,3
115204,3
115205,2
115206,2
115207,2
115208,3
115209,2
115210,2
115211,3
115212,2
115213,2
115214,2
115215,2
115216,2
115217,2
115218,2
115219,2
115220,2
115221,2
115222,2
115223,2
115224,2
115225,2
115226,3
115227,2
115228,2
115229,3
115230,2
115231,3
115232,2
115233,3
115234,3
115235,2
115236,3
115237,3
115238,2
115239,3
115240,3
115241,2
115242,3
115243,3
115244,3
115245,3
115246,3
115247,3
115248,3
115249,3
115250,2
115251,3
115252,3
115253,3
115254,2
115255,2
115256,2
115257,3
115258,3
115259,2
115260,2
115261,2
115262,2
115263,3
115264,3
115265,3
115266,3
115267,2
115268,3
115269,2
115270,3
115271,2
115272,2
115273,2
115274,2
115275,2
115276,2
115277,3
115278,2
115279,2
115280,2
115281,2
115282,2
115283,2
115284,3
115285,3
115286,3
115287,3
115288,3
115289,3
115290,3
115291,3
115292,3
115293,3
115294,3
115295,3
115296,3
115297,2
115298,3
115299,2
115300,3
115301,3
115302,3
115303,3
115304,3
115305,3
115306,2
115307,3
115308,3
115309,3
115310,3
115311,3
115312,2
115313,2
115314,3
115315,3
115316,3
115317,3
115318,3
115319,3
115320,3
115321,3
115322,3
115323,3
115324,3
115325,3
115326,3
115327,3
115328,3
115329,2
115330,3
115331,3
115332,3
115333,3
115334,3
115335,3
115336,3
115337,3
115338,3
115339,3
115340,3
115341,3
115342,3
115343,2
115344,3
115345,2
115346,3
115347,3
115348,2
115349,2
115350,2
115351,2
115352,2
115353,2
115354,3
115355,2
115356,3
115357,2
115358,3
115359,2
115360,2
115361,2
115362,3
115363,3
115364,3
115365,3
115366,3
115367,2
115368,3
115369,3
115370,3
115371,3
115372,2
115373,2
115374,3
115375,2
115376,2
115377,2
115378,2
115379,3
115380,3
115381,3
115382,3
115383,3
115384,3
115385,3
115386,3
115387,3
115388,3
115389,2
115390,2
115391,2
115392,2
115393,2
115394,2
115395,2
115396,2
115397,2
115398,2
115399,2
115400,2
115401,3
115402,3
115403,3
115404,1
115405,3
115406,3
115407,3
115408,3
115409,3
115410,3
115411,3
115412,3
115413,3
115414,3
115415,3
115416,3
115417,3
115418,3
115419,3
115420,3
115421,3
115422,3
115423,3
115424,3
115425,3
115426,3
115427,3
115428,3
115429,3
115430,3
115431,3
115432,3
115433,3
115434,3
115435,3
115436,3
115437,3
115438,3
115439,3
115440,3
115441,3
115442,3
115443,3
115444,3
115445,3
115446,3
115447,3
115448,3
115449,3
115450,3
115451,3
115452,3
115453,3
115454,3
115455,3
115456,3
115457,3
115458,3
115459,3
115460,3
115461,3
115462,3
115463,3
115464,3
115465,3
115466,3
115467,3
115468,3
115469,3
115470,3
115471,3
115472,3
115473,3
115474,3
115475,3
115476,3
115477,3
115478,3
115479,3
115480,3
115481,3
115482,3
115483,3
115484,3
115485,3
115486,3
115487,3
115488,3
115489,3
115490,3
115491,3
115492,3
115493,3
115494,3
115495,3
115496,3
115497,3
115498,3
115499,2
115500,2
115501,2
115502,2
115503,1
115504,2
115505,3
115506,3
115507,3
115508,3
115509,3
115510,3
115511,3
115512,3
115513,3
115514,3
115515,3
115516,3
115517,2
115518,2
115519,3
115520,3
115521,3
115522,3
115523,3
115524,3
115525,3
115526,2
115527,2
115528,2
115529,3
115530,3
115531,3
115532,3
115533,3
115534,3
115535,3
115536,3
115537,2
115538,3
115539,3
115540,3
115541,3
115542,3
115543,3
115544,3
115545,3
115546,3
115547,3
115548,3
115549,3
115550,3
115551,2
115552,3
115553,3
115554,2
115555,3
115556,2
115557,3
115558,2
115559,2
115560,3
115561,3
115562,3
115563,3
115564,3
115565,3
115566,3
115567,3
115568,3
115569,3
115570,3
115571,3
115572,3
115573,3
115574,3
115575,3
115576,3
115577,3
115578,3
115579,3
115580,3
115581,3
115582,3
115583,3
115584,3
115585,3
115586,3
115587,3
115588,3
115589,3
115590,3
115591,3
115592,3
115593,3
115594,3
115595,3
115596,3
115597,3
115598,3
115599,3
115600,3
115601,3
115602,3
115603,3
115604,1
115605,3
115606,3
115607,3
115608,3
115609,3
115610,3
115611,3
115612,3
115613,3
115614,3
115615,3
115616,2
115617,3
115618,2
115619,3
115620,3
115621,3
115622,3
115623,3
115624,3
115625,3
115626,3
115627,3
115628,3
115629,2
115630,2
115631,3
115632,3
115633,3
115634,2
115635,2
115636,2
115637,3
115638,3
115639,3
115640,3
115641,2
115642,3
115643,3
115644,3
115645,3
115646,3
115647,3
115648,3
115649,3
115650,2
115651,3
115652,3
115653,3
115654,3
115655,3
115656,2
115657,2
115658,2
115659,1
115660,3
115661,1
115662,1
115663,3
115664,2
115665,3
115666,2
115667,1
115668,3
115669,3
115670,2
115671,2
115672,2
115673,3
115674,3
115675,3
115676,3
115677,2
115678,3
115679,2
115680,2
115681,3
115682,2
115683,2
115684,3
115685,2
115686,2
115687,3
115688,2
115689,2
115690,3
115691,3
115692,2
115693,3
115694,2
115695,3
115696,2
115697,3
115698,3
115699,2
115700,2
115701,2
115702,2
115703,2
115704,2
115705,2
115706,2
115707,3
115708,3
115709,2
115710,2
115711,3
115712,3
115713,3
115714,3
115715,3
115716,2
115717,2
115718,2
115719,3
115720,3
115721,2
115722,2
115723,2
115724,4
115725,3
115726,2
115727,2
115728,2
115729,2
115730,2
115731,3
115732,2
115733,3
115734,3
115735,3
115736,2
115737,3
115738,2
115739,3
115740,3
115741,3
115742,3
115743,3
115744,3
115745,3
115746,3
115747,2
115748,2
115749,2
115750,2
115751,2
115752,3
115753,3
115754,3
115755,2
115756,2
115757,3
115758,2
115759,2
115760,3
115761,2
115762,2
115763,2
115764,3
115765,2
115766,2
115767,3
115768,3
115769,2
115770,3
115771,3
115772,3
115773,3
115774,2
115775,3
115776,3
115777,3
115778,2
115779,2
115780,2
115781,2
115782,2
115783,2
115784,2
115785,2
115786,3
115787,2
115788,3
115789,2
115790,3
115791,3
115792,2
115793,3
115794,3
115795,2
115796,2
115797,2
115798,2
115799,2
115800,2
115801,3
115802,3
115803,3
115804,3
115805,2
115806,2
115807,3
115808,3
115809,3
115810,3
115811,3
115812,3
115813,3
115814,3
115815,3
115816,3
115817,3
115818,3
115819,3
115820,3
115821,3
115822,3
115823,2
115824,2
115825,2
115826,3
115827,3
115828,3
115829,3
115830,3
115831,3
115832,3
115833,3
115834,2
115835,3
115836,2
115837,3
115838,3
115839,3
115840,3
115841,3
115842,3
115843,2
115844,3
115845,3
115846,3
115847,2
115848,3
115849,3
115850,3
115851,3
115852,3
115853,3
115854,3
115855,3
115856,3
115857,3
115858,3
115859,3
115860,3
115861,3
115862,3
115863,3
115864,3
115865,3
115866,3
115867,3
115868,3
115869,3
115870,3
115871,3
115872,3
115873,3
115874,3
115875,3
115876,3
115877,3
115878,3
115879,3
115880,3
115881,3
115882,3
115883,3
115884,3
115885,3
115886,3
115887,3
115888,3
115889,3
115890,3
115891,3
115892,3
115893,3
115894,3
115895,3
115896,2
115897,2
115898,3
115899,2
115900,2
115901,3
115902,2
115903,3
115904,2
115905,3
115906,2
115907,2
115908,2
115909,2
115910,2
115911,2
115912,2
115913,3
115914,3
115915,2
115916,3
115917,3
115918,2
115919,2
115920,3
115921,3
115922,3
115923,2
115924,2
115925,3
115926,2
115927,2
115928,3
115929,2
115930,2
115931,2
115932,3
115933,2
115934,3
115935,2
115936,3
115937,2
115938,2
115939,3
115940,2
115941,2
115942,3
115943,2
115944,2
115945,3
115946,3
115947,3
115948,3
115949,3
115950,2
115951,2
115952,3
115953,3
115954,2
115955,3
115956,3
115957,2
115958,2
115959,2
115960,3
115961,2
115962,2
115963,2
115964,2
115965,2
115966,3
115967,3
115968,3
115969,2
115970,3
115971,3
115972,3
115973,3
115974,3
115975,2
115976,2
115977,2
115978,3
115979,3
115980,3
115981,3
115982,3
115983,3
115984,2
115985,3
115986,2
115987,3
115988,3
115989,3
115990,3
115991,3
115992,3
115993,3
115994,3
115995,3
115996,3
115997,3
115998,3
115999,2
116000,2
116001,2
116002,2
116003,2
116004,2
116005,2
116006,3
116007,3
116008,3
116009,3
116010,2
116011,2
116012,3
116013,2
116014,2
116015,2
116016,2
116017,3
116018,3
116019,3
116020,3
116021,3
116022,3
116023,3
116024,3
116025,3
116026,3
116027,3
116028,2
116029,3
116030,3
116031,3
116032,3
116033,3
116034,3
116035,3
116036,2
116037,3
116038,3
116039,3
116040,3
116041,3
116042,2
116043,3
116044,2
116045,2
116046,3
116047,2
116048,3
116049,2
116050,3
116051,3
116052,3
116053,3
116054,2
116055,3
116056,2
116057,2
116058,3
116059,2
116060,2
116061,3
116062,3
116063,3
116064,2
116065,2
116066,2
116067,3
116068,2
116069,2
116070,3
116071,2
116072,2
116073,2
116074,2
116075,3
116076,3
116077,2
116078,2
116079,3
116080,3
116081,2
116082,3
116083,3
116084,3
116085,3
116086,3
116087,3
116088,3
116089,3
116090,3
116091,3
116092,3
116093,2
116094,2
116095,2
116096,3
116097,3
116098,3
116099,2
116100,3
116101,3
116102,3
116103,3
116104,3
116105,3
116106,3
116107,2
116108,2
116109,3
116110,3
116111,2
116112,2
116113,3
116114,3
116115,3
116116,2
116117,3
116118,3
116119,2
116120,2
116121,2
116122,3
116123,3
116124,3
116125,3
116126,2
116127,2
116128,3
116129,3
116130,2
116131,2
116132,3
116133,2
116134,3
116135,2
116136,2
116137,3
116138,2
116139,2
116140,2
116141,3
116142,3
116143,2
116144,2
116145,2
116146,2
116147,2
116148,2
116149,2
116150,3
116151,3
116152,2
116153,2
116154,2
116155,3
116156,2
116157,2
116158,2
116159,2
116160,2
116161,2
116162,2
116163,2
116164,3
116165,3
116166,3
116167,2
116168,2
116169,3
116170,2
116171,2
116172,3
116173,3
116174,2
116175,3
116176,2
116177,2
116178,2
116179,2
116180,3
116181,3
116182,2
116183,3
116184,3
116185,3
116186,3
116187,3
116188,2
116189,3
116190,3
116191,3
116192,3
116193,3
116194,2
116195,3
116196,2
116197,2
116198,3
116199,2
116200,2
116201,3
116202,3
116203,2
116204,2
116205,2
116206,3
116207,2
116208,4
116209,2
116210,2
116211,3
116212,2
116213,2
116214,3
116215,2
116216,2
116217,3
116218,3
116219,3
116220,3
116221,3
116222,3
116223,2
116224,3
116225,2
116226,3
116227,3
116228,3
116229,3
116230,3
116231,3
116232,3
116233,3
116234,3
116235,2
116236,2
116237,2
116238,2
116239,3
116240,3
116241,2
116242,3
116243,3
116244,3
116245,2
116246,3
116247,3
116248,2
116249,3
116250,3
116251,2
116252,2
116253,2
116254,3
116255,3
116256,3
116257,3
116258,2
116259,3
116260,2
116261,2
116262,3
116263,3
116264,3
116265,2
116266,3
116267,2
116268,3
116269,3
116270,3
116271,3
116272,3
116273,2
116274,3
116275,3
116276,3
116277,3
116278,2
116279,2
116280,3
116281,3
116282,3
116283,3
116284,3
116285,3
116286,3
116287,3
116288,3
116289,3
116290,3
116291,3
116292,2
116293,3
116294,2
116295,3
116296,3
116297,3
116298,3
116299,3
116300,3
116301,2
116302,3
116303,3
116304,2
116305,2
116306,2
116307,2
116308,2
116309,2
116310,3
116311,3
116312,3
116313,3
116314,2
116315,3
116316,3
116317,2
116318,3
116319,2
116320,2
116321,2
116322,2
116323,2
116324,3
116325,3
116326,3
116327,2
116328,3
116329,2
116330,3
116331,2
116332,3
116333,3
116334,3
116335,3
116336,3
116337,3
116338,3
116339,3
116340,2
116341,3
116342,3
116343,3
116344,3
116345,3
116346,2
116347,3
116348,3
116349,3
116350,3
116351,2
116352,3
116353,3
116354,2
116355,2
116356,3
116357,3
116358,3
116359,3
116360,2
116361,3
116362,3
116363,2
116364,2
116365,2
116366,3
116367,3
116368,2
116369,2
116370,2
116371,2
116372,2
116373,2
116374,3
116375,2
116376,3
116377,3
116378,3
116379,2
116380,3
116381,3
116382,3
116383,2
116384,2
116385,2
116386,2
116387,2
116388,2
116389,2
116390,2
116391,2
116392,3
116393,2
116394,2
116395,3
116396,2
116397,2
116398,2
116399,3
116400,2
116401,3
116402,2
116403,2
116404,3
116405,2
116406,2
116407,2
116408,2
116409,3
116410,2
116411,3
116412,3
116413,3
116414,2
116415,3
116416,3
116417,3
116418,3
116419,3
116420,3
116421,3
116422,3
116423,3
116424,3
116425,3
116426,2
116427,2
116428,3
116429,3
116430,3
116431,3
116432,2
116433,2
116434,3
116435,2
116436,2
116437,2
116438,2
116439,3
116440,3
116441,3
116442,3
116443,3
116444,3
116445,2
116446,2
116447,3
116448,2
116449,2
116450,3
116451,2
116452,3
116453,3
116454,2
116455,3
116456,3
116457,3
116458,2
116459,3
116460,2
116461,2
116462,2
116463,2
116464,3
116465,3
116466,2
116467,3
116468,3
116469,3
116470,3
116471,2
116472,2
116473,2
116474,3
116475,2
116476,2
116477,3
116478,3
116479,2
116480,2
116481,2
116482,2
116483,3
116484,3
116485,3
116486,2
116487,2
116488,2
116489,3
116490,3
116491,3
116492,3
116493,2
116494,2
116495,3
116496,3
116497,3
116498,3
116499,3
116500,2
116501,3
116502,3
116503,2
116504,3
116505,2
116506,3
116507,2
116508,3
116509,3
116510,3
116511,2
116512,3
116513,3
116514,3
116515,3
116516,2
116517,3
116518,2
116519,3
116520,3
116521,3
116522,2
116523,2
116524,3
116525,3
116526,3
116527,2
116528,2
116529,2
116530,3
116531,2
116532,3
116533,2
116534,2
116535,3
116536,3
116537,2
116538,2
116539,3
116540,2
116541,2
116542,3
116543,2
116544,2
116545,3
116546,2
116547,3
116548,3
116549,3
116550,3
116551,2
116552,3
116553,3
116554,2
116555,3
116556,2
116557,2
116558,2
116559,2
116560,3
116561,2
116562,2
116563,3
116564,3
116565,3
116566,3
116567,2
116568,2
116569,3
116570,3
116571,3
116572,3
116573,3
116574,3
116575,3
116576,3
116577,3
116578,3
116579,3
116580,3
116581,2
116582,2
116583,3
116584,2
116585,2
116586,3
116587,2
116588,3
116589,3
116590,3
116591,3
116592,2
116593,3
116594,2
116595,2
116596,3
116597,2
116598,2
116599,2
116600,2
116601,2
116602,2
116603,2
116604,2
116605,2
116606,3
116607,3
116608,3
116609,3
116610,4
116611,3
116612,3
116613,3
116614,3
116615,3
116616,3
116617,3
116618,1
116619,3
116620,2
116621,3
116622,3
116623,3
116624,3
116625,3
116626,3
116627,3
116628,3
116629,1
116630,3
116631,3
116632,3
116633,3
116634,3
116635,3
116636,3
116637,3
116638,3
116639,3
116640,3
116641,3
116642,3
116643,3
116644,3
116645,3
116646,3
116647,3
116648,3
116649,3
116650,3
116651,3
116652,3
116653,3
116654,3
116655,3
116656,3
116657,3
116658,3
116659,3
116660,3
116661,3
116662,3
116663,3
116664,3
116665,3
116666,3
116667,3
116668,3
116669,3
116670,3
116671,3
116672,3
116673,3
116674,3
116675,3
116676,3
116677,3
116678,3
116679,3
116680,3
116681,3
116682,3
116683,3
116684,3
116685,3
116686,3
116687,3
116688,3
116689,3
116690,3
116691,3
116692,3
116693,3
116694,3
116695,3
116696,3
116697,3
116698,3
116699,3
116700,3
116701,3
116702,3
116703,3
116704,3
116705,3
116706,3
116707,3
116708,3
116709,3
116710,3
116711,3
116712,3
116713,3
116714,3
116715,3
116716,3
116717,3
116718,3
116719,3
116720,3
116721,3
116722,3
116723,3
116724,3
116725,3
116726,3
116727,3
116728,3
116729,3
116730,3
116731,3
116732,3
116733,3
116734,3
116735,3
116736,3
116737,3
116738,3
116739,3
116740,3
116741,3
116742,3
116743,3
116744,3
116745,3
116746,3
116747,3
116748,3
116749,3
116750,3
116751,3
116752,3
116753,3
116754,3
116755,3
116756,3
116757,3
116758,3
116759,3
116760,3
116761,3
116762,3
116763,3
116764,2
116765,3
116766,3
116767,3
116768,3
116769,3
116770,3
116771,3
116772,3
116773,3
116774,3
116775,3
116776,2
116777,3
116778,3
116779,3
116780,3
116781,3
116782,3
116783,3
116784,3
116785,3
116786,3
116787,3
116788,3
116789,3
116790,3
116791,3
116792,3
116793,3
116794,3
116795,3
116796,3
116797,3
116798,3
116799,3
116800,2
116801,3
116802,3
116803,3
116804,3
116805,3
116806,3
116807,3
116808,3
116809,3
116810,3
116811,3
116812,3
116813,3
116814,3
116815,3
116816,3
116817,3
116818,1
116819,1
116820,1
116821,1
116822,1
116823,1
116824,1
116825,1
116826,1
116827,1
116828,1
116829,1
116830,3
116831,3
116832,3
116833,3
116834,3
116835,3
116836,3
116837,3
116838,3
116839,3
116840,3
116841,3
116842,3
116843,3
116844,3
116845,2
116846,2
116847,3
116848,3
116849,3
116850,2
116851,2
116852,3
116853,3
116854,3
116855,2
116856,3
116857,3
116858,3
116859,3
116860,3
116861,3
116862,3
116863,3
116864,3
116865,3
116866,3
116867,3
116868,3
116869,3
116870,3
116871,3
116872,3
116873,3
116874,3
116875,2
116876,3
116877,3
116878,3
116879,3
116880,3
116881,3
116882,3
116883,3
116884,3
116885,3
116886,3
116887,3
116888,3
116889,3
116890,3
116891,3
116892,3
116893,3
116894,3
116895,3
116896,3
116897,3
116898,3
116899,3
116900,3
116901,3
116902,3
116903,3
116904,2
116905,3
116906,3
116907,3
116908,3
116909,3
116910,3
116911,3
116912,3
116913,3
116914,3
116915,3
116916,3
116917,3
116918,3
116919,3
116920,3
116921,3
116922,3
116923,3
116924,3
116925,3
116926,2
116927,3
116928,2
116929,3
116930,3
116931,3
116932,3
116933,3
116934,3
116935,3
116936,3
116937,3
116938,3
116939,3
116940,3
116941,3
116942,3
116943,3
116944,3
116945,3
116946,3
116947,3
116948,3
116949,3
116950,3
116951,3
116952,0
116953,3
116954,3
116955,3
116956,3
116957,3
116958,3
116959,3
116960,3
116961,3
116962,3
116963,3
116964,3
116965,3
116966,3
116967,3
116968,3
116969,3
116970,3
116971,3
116972,3
116973,3
116974,2
116975,3
116976,3
116977,3
116978,3
116979,3
116980,2
116981,3
116982,3
116983,3
116984,3
116985,3
116986,3
116987,2
116988,2
116989,3
116990,3
116991,3
116992,3
116993,3
116994,4
116995,3
116996,3
116997,4
116998,3
116999,3
117000,2
117001,2
117002,2
117003,3
117004,3
117005,4
117006,3
117007,3
117008,3
117009,3
117010,2
117011,3
117012,3
117013,3
117014,3
117015,3
117016,3
117017,3
117018,3
117019,3
117020,2
117021,3
117022,3
117023,3
117024,3
117025,3
117026,3
117027,2
117028,3
117029,3
117030,3
117031,3
117032,3
117033,3
117034,3
117035,3
117036,3
117037,3
117038,3
117039,3
117040,3
117041,3
117042,3
117043,2
117044,3
117045,2
117046,3
117047,3
117048,3
117049,3
117050,3
117051,3
117052,3
117053,3
117054,3
117055,3
117056,0
117057,0
117058,3
117059,3
117060,3
117061,3
117062,3
117063,3
117064,3
117065,2
117066,3
117067,3
117068,3
117069,3
117070,3
117071,3
117072,3
117073,3
117074,3
117075,3
117076,3
117077,3
117078,3
117079,3
117080,3
117081,3
117082,3
117083,3
117084,3
117085,3
117086,3
117087,3
117088,3
117089,3
117090,2
117091,3
117092,3
117093,3
117094,3
117095,3
117096,3
117097,3
117098,3
117099,3
117100,3
117101,3
117102,1
117103,3
117104,3
117105,2
117106,3
117107,3
117108,1
117109,3
117110,3
117111,3
117112,3
117113,3
117114,3
117115,3
117116,3
117117,3
117118,3
117119,3
117120,3
117121,3
117122,3
117123,3
117124,2
117125,2
117126,3
117127,3
117128,3
117129,1
117130,1
117131,3
117132,3
117133,3
117134,3
117135,3
117136,2
117137,2
117138,3
117139,3
117140,3
117141,3
117142,3
117143,3
117144,2
117145,3
117146,2
117147,1
117148,1
117149,1
117150,1
117151,1
117152,1
117153,1
117154,1
117155,1
117156,1
117157,1
117158,1
117159,1
117160,3
117161,1
117162,1
117163,1
117164,3
117165,1
117166,3
117167,3
117168,3
117169,3
117170,1
117171,2
117172,3
117173,3
117174,3
117175,3
117176,3
117177,3
117178,3
117179,1
117180,1
117181,1
117182,1
117183,1
117184,1
117185,3
117186,1
117187,1
117188,1
117189,3
117190,3
117191,3
117192,3
117193,2
117194,2
117195,3
117196,3
117197,0
117198,3
117199,3
117200,3
117201,3
117202,3
117203,3
117204,3
117205,1
117206,3
117207,1
117208,3
117209,2
117210,2
117211,2
117212,2
117213,2
117214,3
117215,2
117216,2
117217,3
117218,2
117219,2
117220,3
117221,3
117222,1
117223,3
117224,2
117225,2
117226,3
117227,3
117228,2
117229,1
117230,1
117231,1
117232,1
117233,1
117234,1
117235,1
117236,1
117237,1
117238,3
117239,3
117240,1
117241,3
117242,2
117243,2
117244,3
117245,1
117246,1
117247,1
117248,3
117249,1
117250,3
117251,3
117252,2
117253,3
117254,2
117255,1
117256,3
117257,3
117258,3
117259,3
117260,2
117261,2
117262,3
117263,3
117264,2
117265,3
117266,2
117267,2
117268,3
117269,3
117270,3
117271,2
117272,1
117273,1
117274,3
117275,1
117276,1
117277,1
117278,3
117279,3
117280,3
117281,3
117282,3
117283,3
117284,1
117285,3
117286,1
117287,3
117288,3
117289,3
117290,3
117291,1
117292,3
117293,3
117294,3
117295,3
117296,3
117297,3
117298,3
117299,3
117300,3
117301,3
117302,3
117303,3
117304,3
117305,3
117306,3
117307,3
117308,3
117309,3
117310,2
117311,3
117312,2
117313,3
117314,3
117315,2
117316,2
117317,2
117318,2
117319,3
117320,3
117321,2
117322,2
117323,3
117324,3
117325,2
117326,3
117327,3
117328,3
117329,3
117330,2
117331,3
117332,3
117333,3
117334,3
117335,3
117336,3
117337,3
117338,3
117339,1
117340,3
117341,3
117342,3
117343,3
117344,3
117345,3
117346,3
117347,3
117348,3
117349,3
117350,3
117351,3
117352,3
117353,3
117354,3
117355,3
117356,3
117357,3
117358,3
117359,3
117360,3
117361,3
117362,3
117363,3
117364,3
117365,3
117366,3
117367,1
117368,1
117369,1
117370,3
117371,1
117372,1
117373,3
117374,1
117375,1
117376,1
117377,3
117378,3
117379,3
117380,1
117381,3
117382,3
117383,3
117384,3
117385,3
117386,3
117387,2
117388,2
117389,2
117390,3
117391,3
117392,2
117393,3
117394,2
117395,2
117396,3
117397,3
117398,3
117399,3
117400,3
117401,2
117402,3
117403,3
117404,2
117405,2
117406,2
117407,2
117408,3
117409,2
117410,2
117411,2
117412,2
117413,3
117414,2
117415,1
117416,3
117417,3
117418,3
117419,3
117420,3
117421,3
117422,3
117423,3
117424,3
117425,3
117426,3
117427,3
117428,3
117429,3
117430,3
117431,3
117432,3
117433,3
117434,3
117435,3
117436,3
117437,3
117438,3
117439,3
117440,3
117441,3
117442,3
117443,2
117444,3
117445,3
117446,3
117447,3
117448,2
117449,3
117450,3
117451,3
117452,3
117453,3
117454,3
117455,3
117456,3
117457,3
117458,3
117459,2
117460,3
117461,3
117462,3
117463,3
117464,3
117465,3
117466,4
117467,3
117468,2
117469,3
117470,3
117471,3
117472,3
117473,3
117474,3
117475,3
117476,3
117477,1
117478,3
117479,3
117480,3
117481,3
117482,3
117483,3
117484,3
117485,1
117486,3
117487,1
117488,3
117489,1
117490,1
117491,1
117492,3
117493,2
117494,3
117495,3
117496,3
117497,2
117498,2
117499,3
117500,3
117501,2
117502,3
117503,3
117504,3
117505,3
117506,1
117507,1
117508,3
117509,1
117510,1
117511,3
117512,3
117513,1
117514,3
117515,1
117516,3
117517,2
117518,3
117519,1
117520,3
117521,1
117522,1
117523,3
117524,3
117525,3
117526,3
117527,3
117528,3
117529,3
117530,1
117531,3
117532,3
117533,3
117534,3
117535,1
117536,1
117537,2
117538,2
117539,3
117540,3
117541,3
117542,1
117543,3
117544,3
117545,3
117546,2
117547,3
117548,3
117549,3
117550,3
117551,3
117552,3
117553,3
117554,3
117555,3
117556,3
117557,3
117558,3
117559,2
117560,3
117561,3
117562,3
117563,3
117564,3
117565,3
117566,2
117567,2
117568,2
117569,3
117570,3
117571,3
117572,3
117573,3
117574,3
117575,3
117576,2
117577,3
117578,3
117579,3
117580,3
117581,3
117582,3
117583,3
117584,3
117585,3
117586,3
117587,3
117588,3
117589,3
117590,3
117591,3
117592,2
117593,3
117594,2
117595,3
117596,3
117597,3
117598,3
117599,3
117600,3
117601,3
117602,3
117603,3
117604,3
117605,3
117606,3
117607,2
117608,3
117609,3
117610,1
117611,3
117612,1
117613,1
117614,3
117615,3
117616,3
117617,3
117618,2
117619,3
117620,3
117621,3
117622,3
117623,3
117624,3
117625,3
117626,3
117627,3
117628,3
117629,3
117630,3
117631,3
117632,1
117633,3
117634,3
117635,3
117636,3
117637,3
117638,3
117639,3
117640,3
117641,3
117642,1
117643,3
117644,3
117645,3
117646,3
117647,3
117648,3
117649,3
117650,3
117651,3
117652,2
117653,3
117654,3
117655,3
117656,3
117657,3
117658,3
117659,3
117660,3
117661,3
117662,3
117663,3
117664,3
117665,3
117666,3
117667,3
117668,3
117669,3
117670,3
117671,3
117672,2
117673,2
117674,2
117675,2
117676,2
117677,2
117678,2
117679,2
117680,2
117681,2
117682,2
117683,2
117684,2
117685,2
117686,2
117687,2
117688,2
117689,2
117690,2
117691,2
117692,2
117693,2
117694,2
117695,2
117696,2
117697,2
117698,2
117699,2
117700,3
117701,2
117702,2
117703,2
117704,3
117705,2
117706,2
117707,3
117708,3
117709,2
117710,2
117711,2
117712,2
117713,2
117714,2
117715,2
117716,2
117717,2
117718,2
117719,2
117720,2
117721,2
117722,2
117723,3
117724,2
117725,2
117726,2
117727,2
117728,2
117729,2
117730,3
117731,2
117732,3
117733,3
117734,3
117735,2
117736,2
117737,3
117738,3
117739,2
117740,3
117741,3
117742,3
117743,3
117744,3
117745,0
117746,0
117747,0
117748,2
117749,1
117750,2
117751,1
117752,1
117753,1
117754,1
117755,1
117756,3
117757,2
117758,3
117759,3
117760,3
117761,3
117762,2
117763,2
117764,2
117765,2
117766,1
117767,1
117768,1
117769,2
117770,1
117771,2
117772,2
117773,3
117774,2
117775,2
117776,2
117777,3
117778,2
117779,2
117780,2
117781,2
117782,2
117783,2
117784,2
117785,2
117786,2
117787,2
117788,2
117789,2
117790,1
117791,2
117792,2
117793,2
117794,2
117795,2
117796,2
117797,2
117798,2
117799,2
117800,2
117801,2
117802,2
117803,2
117804,2
117805,2
117806,2
117807,2
117808,2
117809,2
117810,2
117811,2
117812,2
117813,2
117814,3
117815,2
117816,2
117817,3
117818,2
117819,2
117820,3
117821,2
117822,2
117823,2
117824,2
117825,2
117826,2
117827,2
117828,1
117829,1
117830,2
117831,2
117832,2
117833,2
117834,2
117835,2
117836,2
117837,2
117838,2
117839,2
117840,2
117841,2
117842,2
117843,2
117844,2
117845,2
117846,2
117847,2
117848,2
117849,2
117850,2
117851,2
117852,2
117853,2
117854,3
117855,1
117856,2
117857,2
117858,2
117859,2
117860,2
117861,2
117862,2
117863,3
117864,3
117865,2
117866,3
117867,2
117868,2
117869,2
117870,2
117871,2
117872,2
117873,2
117874,2
117875,2
117876,2
117877,2
117878,2
117879,2
117880,2
117881,2
117882,2
117883,2
117884,3
117885,2
117886,2
117887,2
117888,2
117889,2
117890,2
117891,2
117892,2
117893,2
117894,2
117895,2
117896,2
117897,2
117898,3
117899,3
117900,2
117901,2
117902,2
117903,2
117904,1
117905,2
117906,2
117907,2
117908,2
117909,2
117910,2
117911,2
117912,3
117913,2
117914,3
117915,2
117916,2
117917,1
117918,2
117919,2
117920,2
117921,2
117922,2
117923,3
117924,3
117925,3
117926,2
117927,2
117928,2
117929,2
117930,2
117931,2
117932,2
117933,2
117934,1
117935,1
117936,1
117937,1
117938,1
117939,1
117940,1
117941,1
117942,2
117943,2
117944,2
117945,2
117946,2
117947,2
117948,2
117949,3
117950,3
117951,2
117952,2
117953,2
117954,2
117955,2
117956,2
117957,2
117958,2
117959,2
117960,2
117961,2
117962,2
117963,2
117964,2
117965,2
117966,2
117967,2
117968,2
117969,2
117970,2
117971,2
117972,3
117973,2
117974,3
117975,3
117976,2
117977,2
117978,2
117979,2
117980,2
117981,1
117982,3
117983,2
117984,2
117985,2
117986,2
117987,2
117988,2
117989,2
117990,2
117991,2
117992,2
117993,2
117994,2
117995,2
117996,3
117997,2
117998,3
117999,2
118000,2
118001,2
118002,2
118003,2
118004,2
118005,2
118006,1
118007,3
118008,3
118009,2
118010,2
118011,2
118012,2
118013,2
118014,2
118015,2
118016,2
118017,2
118018,1
118019,2
118020,2
118021,2
118022,2
118023,2
118024,2
118025,2
118026,2
118027,2
118028,3
118029,2
118030,2
118031,2
118032,2
118033,3
118034,2
118035,3
118036,3
118037,3
118038,3
118039,2
118040,2
118041,2
118042,2
118043,2
118044,3
118045,3
118046,3
118047,3
118048,3
118049,3
118050,2
118051,2
118052,2
118053,2
118054,2
118055,2
118056,2
118057,2
118058,2
118059,2
118060,2
118061,2
118062,2
118063,2
118064,2
118065,2
118066,2
118067,2
118068,2
118069,2
118070,2
118071,2
118072,2
118073,2
118074,2
118075,2
118076,2
118077,2
118078,2
118079,2
118080,1
118081,2
118082,3
118083,2
118084,2
118085,2
118086,2
118087,2
118088,2
118089,2
118090,2
118091,2
118092,0
118093,0
118094,0
118095,0
118096,2
118097,0
118098,0
118099,0
118100,0
118101,0
118102,2
118103,3
118104,2
118105,0
118106,0
118107,0
118108,2
118109,3
118110,0
118111,0
118112,2
118113,0
118114,0
118115,2
118116,2
118117,2
118118,2
118119,1
118120,2
118121,2
118122,2
118123,2
118124,2
118125,3
118126,2
118127,3
118128,2
118129,2
118130,2
118131,2
118132,2
118133,2
118134,2
118135,2
118136,2
118137,2
118138,2
118139,2
118140,2
118141,2
118142,2
118143,2
118144,2
118145,2
118146,2
118147,2
118148,2
118149,2
118150,2
118151,2
118152,2
118153,3
118154,2
118155,2
118156,2
118157,2
118158,2
118159,2
118160,2
118161,2
118162,3
118163,2
118164,2
118165,2
118166,2
118167,2
118168,2
118169,2
118170,2
118171,2
118172,2
118173,2
118174,2
118175,2
118176,2
118177,2
118178,3
118179,2
118180,2
118181,2
118182,2
118183,2
118184,2
118185,2
118186,2
118187,3
118188,2
118189,2
118190,2
118191,2
118192,1
118193,2
118194,2
118195,3
118196,3
118197,2
118198,2
118199,3
118200,2
118201,2
118202,2
118203,2
118204,2
118205,3
118206,3
118207,3
118208,2
118209,3
118210,2
118211,3
118212,2
118213,3
118214,3
118215,2
118216,2
118217,2
118218,2
118219,3
118220,2
118221,3
118222,3
118223,3
118224,3
118225,2
118226,3
118227,2
118228,2
118229,3
118230,2
118231,2
118232,3
118233,2
118234,2
118235,2
118236,2
118237,3
118238,3
118239,2
118240,2
118241,2
118242,2
118243,2
118244,2
118245,2
118246,2
118247,2
118248,2
118249,2
118250,0
118251,0
118252,2
118253,2
118254,0
118255,2
118256,0
118257,0
118258,0
118259,2
118260,3
118261,0
118262,3
118263,3
118264,2
118265,2
118266,2
118267,2
118268,2
118269,2
118270,2
118271,2
118272,2
118273,2
118274,2
118275,2
118276,2
118277,2
118278,2
118279,2
118280,2
118281,2
118282,2
118283,2
118284,2
118285,2
118286,2
118287,2
118288,2
118289,2
118290,2
118291,2
118292,2
118293,2
118294,3
118295,2
118296,2
118297,2
118298,2
118299,2
118300,2
118301,2
118302,2
118303,2
118304,2
118305,3
118306,2
118307,2
118308,3
118309,2
118310,3
118311,2
118312,2
118313,2
118314,2
118315,3
118316,2
118317,2
118318,2
118319,3
118320,3
118321,3
118322,2
118323,3
118324,3
118325,2
118326,3
118327,2
118328,2
118329,3
118330,3
118331,2
118332,2
118333,3
118334,3
118335,2
118336,1
118337,2
118338,2
118339,2
118340,2
118341,2
118342,2
118343,2
118344,2
118345,2
118346,2
118347,2
118348,2
118349,2
118350,2
118351,2
118352,2
118353,2
118354,2
118355,2
118356,2
118357,2
118358,2
118359,2
118360,2
118361,2
118362,2
118363,2
118364,2
118365,2
118366,2
118367,2
118368,3
118369,2
118370,2
118371,2
118372,2
118373,2
118374,2
118375,2
118376,2
118377,2
118378,2
118379,2
118380,2
118381,2
118382,2
118383,3
118384,2
118385,2
118386,2
118387,2
118388,4
118389,2
118390,2
118391,3
118392,1
118393,2
118394,3
118395,2
118396,3
118397,2
118398,2
118399,2
118400,2
118401,2
118402,2
118403,2
118404,3
118405,2
118406,2
118407,3
118408,2
118409,2
118410,2
118411,2
118412,2
118413,2
118414,3
118415,2
118416,2
118417,2
118418,2
118419,2
118420,2
118421,2
118422,2
118423,2
118424,3
118425,2
118426,2
118427,2
118428,3
118429,2
118430,2
118431,2
118432,2
118433,2
118434,3
118435,3
118436,3
118437,2
118438,3
118439,2
118440,3
118441,3
118442,3
118443,3
118444,4
118445,3
118446,2
118447,2
118448,2
118449,2
118450,2
118451,2
118452,2
118453,2
118454,3
118455,3
118456,3
118457,2
118458,4
118459,2
118460,3
118461,3
118462,2
118463,3
118464,2
118465,3
118466,3
118467,2
118468,2
118469,2
118470,2
118471,1
118472,1
118473,1
118474,1
118475,1
118476,1
118477,1
118478,1
118479,1
118480,1
118481,1
118482,1
118483,1
118484,1
118485,1
118486,1
118487,1
118488,1
118489,1
118490,1
118491,1
118492,1
118493,1
118494,1
118495,1
118496,1
118497,1
118498,1
118499,1
118500,1
118501,1
118502,1
118503,1
118504,1
118505,1
118506,1
118507,1
118508,3
118509,2
118510,1
118511,1
118512,1
118513,1
118514,3
118515,3
118516,2
118517,3
118518,2
118519,2
118520,2
118521,2
118522,2
118523,2
118524,2
118525,2
118526,2
118527,2
118528,2
118529,3
118530,2
118531,2
118532,2
118533,2
118534,2
118535,1
118536,1
118537,1
118538,1
118539,1
118540,1
118541,1
118542,1
118543,1
118544,1
118545,2
118546,1
118547,1
118548,3
118549,3
118550,3
118551,2
118552,2
118553,2
118554,2
118555,3
118556,0
118557,0
118558,0
118559,2
118560,2
118561,2
118562,3
118563,2
118564,2
118565,2
118566,2
118567,2
118568,2
118569,2
118570,2
118571,2
118572,2
118573,2
118574,3
118575,2
118576,2
118577,2
118578,2
118579,2
118580,2
118581,2
118582,2
118583,2
118584,2
118585,2
118586,2
118587,2
118588,2
118589,2
118590,2
118591,2
118592,2
118593,2
118594,2
118595,2
118596,2
118597,2
118598,2
118599,2
118600,2
118601,2
118602,2
118603,2
118604,2
118605,2
118606,2
118607,2
118608,2
118609,2
118610,3
118611,2
118612,3
118613,3
118614,3
118615,3
118616,3
118617,2
118618,3
118619,3
118620,3
118621,2
118622,3
118623,2
118624,2
118625,3
118626,2
118627,3
118628,3
118629,2
118630,2
118631,3
118632,3
118633,1
118634,2
118635,3
118636,2
118637,3
118638,3
118639,3
118640,3
118641,3
118642,3
118643,3
118644,1
118645,1
118646,1
118647,3
118648,1
118649,1
118650,1
118651,3
118652,1
118653,1
118654,1
118655,3
118656,3
118657,3
118658,3
118659,3
118660,1
118661,1
118662,3
118663,3
118664,3
118665,3
118666,3
118667,1
118668,3
118669,2
118670,3
118671,3
118672,3
118673,3
118674,3
118675,1
118676,3
118677,2
118678,3
118679,1
118680,3
118681,1
118682,1
118683,1
118684,1
118685,1
118686,3
118687,1
118688,3
118689,3
118690,3
118691,3
118692,3
118693,3
118694,3
118695,2
118696,3
118697,2
118698,3
118699,2
118700,2
118701,2
118702,3
118703,2
118704,2
118705,3
118706,3
118707,3
118708,3
118709,3
118710,3
118711,3
118712,3
118713,2
118714,2
118715,2
118716,3
118717,3
118718,2
118719,3
118720,3
118721,3
118722,2
118723,3
118724,2
118725,2
118726,2
118727,3
118728,2
118729,2
118730,2
118731,2
118732,3
118733,2
118734,2
118735,3
118736,2
118737,3
118738,2
118739,3
118740,3
118741,3
118742,3
118743,3
118744,2
118745,3
118746,3
118747,2
118748,2
118749,2
118750,2
118751,2
118752,3
118753,3
118754,3
118755,2
118756,3
118757,2
118758,2
118759,3
118760,2
118761,2
118762,3
118763,3
118764,3
118765,2
118766,2
118767,0
118768,3
118769,3
118770,2
118771,3
118772,3
118773,3
118774,3
118775,3
118776,3
118777,2
118778,3
118779,3
118780,3
118781,3
118782,3
118783,3
118784,3
118785,2
118786,2
118787,3
118788,3
118789,3
118790,3
118791,3
118792,3
118793,3
118794,3
118795,2
118796,3
118797,2
118798,3
118799,3
118800,3
118801,3
118802,3
118803,3
118804,3
118805,3
118806,3
118807,2
118808,2
118809,2
118810,3
118811,3
118812,2
118813,2
118814,2
118815,3
118816,3
118817,3
118818,2
118819,2
118820,3
118821,3
118822,3
118823,3
118824,3
118825,3
118826,3
118827,3
118828,3
118829,3
118830,3
118831,3
118832,3
118833,3
118834,3
118835,3
118836,3
118837,3
118838,3
118839,3
118840,3
118841,1
118842,1
118843,2
118844,3
118845,3
118846,3
118847,3
118848,3
118849,3
118850,3
118851,3
118852,3
118853,3
118854,3
118855,3
118856,1
118857,3
118858,3
118859,3
118860,3
118861,3
118862,3
118863,1
118864,3
118865,1
118866,1
118867,3
118868,0
118869,3
118870,3
118871,1
118872,2
118873,2
118874,3
118875,3
118876,3
118877,3
118878,1
118879,3
118880,3
118881,3
118882,3
118883,3
118884,3
118885,3
118886,3
118887,3
118888,3
118889,3
118890,3
118891,3
118892,3
118893,3
118894,3
118895,3
118896,3
118897,3
118898,3
118899,3
118900,1
118901,3
118902,3
118903,3
118904,3
118905,3
118906,1
118907,3
118908,3
118909,3
118910,3
118911,3
118912,3
118913,2
118914,3
118915,3
118916,3
118917,3
118918,3
118919,3
118920,3
118921,3
118922,3
118923,3
118924,3
118925,1
118926,3
118927,3
118928,3
118929,3
118930,1
118931,3
118932,3
118933,3
118934,2
118935,3
118936,3
118937,3
118938,3
118939,2
118940,3
118941,3
118942,3
118943,3
118944,3
118945,3
118946,3
118947,3
118948,3
118949,3
118950,3
118951,3
118952,3
118953,3
118954,3
118955,3
118956,3
118957,3
118958,3
118959,3
118960,3
118961,3
118962,2
118963,3
118964,3
118965,3
118966,3
118967,2
118968,2
118969,3
118970,3
118971,3
118972,3
118973,3
118974,3
118975,3
118976,2
118977,3
118978,1
118979,2
118980,2
118981,3
118982,3
118983,3
118984,3
118985,3
118986,3
118987,3
118988,2
118989,3
118990,3
118991,3
118992,3
118993,2
118994,3
118995,2
118996,2
118997,2
118998,2
118999,2
119000,3
119001,3
119002,1
119003,3
119004,3
119005,3
119006,3
119007,3
119008,3
119009,3
119010,1
119011,3
119012,3
119013,2
119014,3
119015,3
119016,3
119017,3
119018,3
119019,3
119020,3
119021,3
119022,3
119023,3
119024,3
119025,3
119026,1
119027,2
119028,3
119029,3
119030,3
119031,3
119032,3
119033,3
119034,2
119035,3
119036,3
119037,3
119038,0
119039,3
119040,3
119041,3
119042,3
119043,0
119044,3
119045,3
119046,3
119047,3
119048,1
119049,3
119050,3
119051,1
119052,3
119053,3
119054,2
119055,3
119056,3
119057,3
119058,2
119059,1
119060,3
119061,1
119062,4
119063,3
119064,2
119065,2
119066,3
119067,1
119068,3
119069,3
119070,2
119071,1
119072,3
119073,3
119074,3
119075,3
119076,3
119077,3
119078,2
119079,3
119080,3
119081,3
119082,3
119083,3
119084,3
119085,3
119086,3
119087,1
119088,3
119089,3
119090,3
119091,3
119092,3
119093,3
119094,3
119095,3
119096,3
119097,3
119098,3
119099,1
119100,3
119101,3
119102,3
119103,3
119104,3
119105,3
119106,3
119107,3
119108,3
119109,3
119110,3
119111,3
119112,3
119113,3
119114,3
119115,3
119116,3
119117,3
119118,3
119119,3
119120,2
119121,3
119122,3
119123,3
119124,2
119125,3
119126,2
119127,3
119128,1
119129,3
119130,3
119131,3
119132,3
119133,3
119134,2
119135,3
119136,3
119137,3
119138,2
119139,3
119140,3
119141,3
119142,3
119143,0
119144,3
119145,2
119146,3
119147,3
119148,2
119149,2
119150,2
119151,3
119152,2
119153,2
119154,2
119155,2
119156,3
119157,3
119158,3
119159,3
119160,0
119161,3
119162,3
119163,3
119164,2
119165,2
119166,3
119167,3
119168,3
119169,2
119170,3
119171,3
119172,1
119173,3
119174,3
119175,3
119176,3
119177,3
119178,3
119179,3
119180,3
119181,3
119182,3
119183,3
119184,3
119185,3
119186,3
119187,3
119188,3
119189,3
119190,3
119191,3
119192,3
119193,3
119194,3
119195,3
119196,3
119197,3
119198,3
119199,3
119200,3
119201,3
119202,3
119203,3
119204,3
119205,3
119206,3
119207,3
119208,3
119209,2
119210,2
119211,3
119212,3
119213,3
119214,3
119215,3
119216,2
119217,3
119218,2
119219,2
119220,3
119221,3
119222,3
119223,3
119224,3
119225,4
119226,3
119227,3
119228,3
119229,2
119230,2
119231,3
119232,3
119233,3
119234,3
119235,2
119236,3
119237,2
119238,3
119239,3
119240,3
119241,2
119242,3
119243,3
119244,1
119245,3
119246,3
119247,3
119248,3
119249,3
119250,3
119251,3
119252,3
119253,3
119254,3
119255,3
119256,3
119257,3
119258,3
119259,1
119260,1
119261,2
119262,1
119263,1
119264,3
119265,1
119266,1
119267,3
119268,3
119269,2
119270,3
119271,3
119272,3
119273,3
119274,2
119275,2
119276,3
119277,3
119278,2
119279,3
119280,2
119281,3
119282,2
119283,3
119284,1
119285,2
119286,2
119287,2
119288,3
119289,2
119290,2
119291,2
119292,2
119293,2
119294,2
119295,2
119296,2
119297,2
119298,2
119299,3
119300,2
119301,2
119302,1
119303,3
119304,3
119305,3
119306,3
119307,3
119308,3
119309,3
119310,3
119311,3
119312,2
119313,2
119314,2
119315,2
119316,3
119317,3
119318,2
119319,2
119320,3
119321,2
119322,1
119323,1
119324,3
119325,3
119326,3
119327,3
119328,3
119329,3
119330,3
119331,2
119332,2
119333,3
119334,3
119335,3
119336,3
119337,3
119338,2
119339,2
119340,3
119341,2
119342,2
119343,2
119344,3
119345,2
119346,2
119347,2
119348,3
119349,3
119350,3
119351,3
119352,2
119353,2
119354,2
119355,3
119356,2
119357,3
119358,2
119359,2
119360,2
119361,2
119362,2
119363,3
119364,3
119365,2
119366,2
119367,3
119368,2
119369,3
119370,3
119371,1
119372,2
119373,1
119374,2
119375,2
119376,2
119377,2
119378,2
119379,2
119380,2
119381,2
119382,2
119383,2
119384,2
119385,2
119386,3
119387,3
119388,2
119389,2
119390,2
119391,3
119392,2
119393,2
119394,2
119395,3
119396,2
119397,2
119398,3
119399,2
119400,3
119401,2
119402,2
119403,2
119404,3
119405,3
119406,3
119407,2
119408,3
119409,2
119410,2
119411,2
119412,2
119413,3
119414,3
119415,3
119416,3
119417,3
119418,3
119419,3
119420,3
119421,3
119422,1
119423,3
119424,1
119425,1
119426,1
119427,1
119428,2
119429,2
119430,3
119431,2
119432,3
119433,2
119434,3
119435,3
119436,3
119437,3
119438,3
119439,3
119440,3
119441,3
119442,3
119443,3
119444,3
119445,3
119446,3
119447,3
119448,2
119449,2
119450,2
119451,2
119452,2
119453,3
119454,2
119455,2
119456,3
119457,3
119458,3
119459,3
119460,3
119461,3
119462,4
119463,3
119464,3
119465,3
119466,3
119467,4
119468,3
119469,2
119470,3
119471,3
119472,2
119473,3
119474,1
119475,3
119476,2
119477,3
119478,3
119479,2
119480,3
119481,3
119482,2
119483,2
119484,3
119485,2
119486,2
119487,3
119488,3
119489,3
119490,3
119491,3
119492,3
119493,2
119494,2
119495,2
119496,2
119497,3
119498,2
119499,3
119500,3
119501,3
119502,3
119503,2
119504,2
119505,3
119506,1
119507,1
119508,3
119509,3
119510,3
119511,3
119512,3
119513,3
119514,1
119515,2
119516,2
119517,2
119518,3
119519,2
119520,3
119521,3
119522,3
119523,3
119524,2
119525,3
119526,3
119527,2
119528,3
119529,2
119530,2
119531,3
119532,2
119533,2
119534,2
119535,3
119536,3
119537,1
119538,3
119539,3
119540,3
119541,3
119542,3
119543,2
119544,3
119545,3
119546,3
119547,2
119548,2
119549,3
119550,3
119551,2
119552,3
119553,3
119554,2
119555,2
119556,2
119557,2
119558,3
119559,3
119560,3
119561,2
119562,3
119563,1
119564,3
119565,3
119566,3
119567,3
119568,3
119569,3
119570,2
119571,2
119572,3
119573,3
119574,3
119575,3
119576,3
119577,3
119578,3
119579,3
119580,3
119581,3
119582,3
119583,3
119584,2
119585,3
119586,3
119587,3
119588,3
119589,3
119590,3
119591,3
119592,3
119593,3
119594,3
119595,3
119596,3
119597,3
119598,3
119599,3
119600,3
119601,3
119602,3
119603,2
119604,1
119605,3
119606,3
119607,3
119608,3
119609,3
119610,3
119611,3
119612,3
119613,3
119614,3
119615,3
119616,2
119617,3
119618,2
119619,3
119620,2
119621,3
119622,3
119623,3
119624,3
119625,3
119626,3
119627,3
119628,3
119629,3
119630,3
119631,3
119632,3
119633,3
119634,3
119635,3
119636,3
119637,3
119638,3
119639,3
119640,3
119641,2
119642,3
119643,3
119644,3
119645,3
119646,3
119647,3
119648,3
119649,2
119650,3
119651,4
119652,3
119653,3
119654,3
119655,3
119656,3
119657,3
119658,2
119659,2
119660,3
119661,3
119662,1
119663,3
119664,3
119665,3
119666,3
119667,3
119668,3
119669,2
119670,3
119671,3
119672,3
119673,3
119674,3
119675,1
119676,2
119677,4
119678,2
119679,3
119680,3
119681,3
119682,2
119683,2
119684,2
119685,2
119686,2
119687,2
119688,3
119689,3
119690,2
119691,3
119692,2
119693,3
119694,2
119695,2
119696,3
119697,2
119698,2
119699,2
119700,2
119701,2
119702,2
119703,2
119704,3
119705,1
119706,3
119707,2
119708,2
119709,3
119710,2
119711,2
119712,2
119713,2
119714,2
119715,2
119716,2
119717,2
119718,2
119719,2
119720,2
119721,2
119722,2
119723,2
119724,0
119725,2
119726,2
119727,3
119728,2
119729,2
119730,2
119731,2
119732,2
119733,2
119734,2
119735,2
119736,2
119737,2
119738,2
119739,2
119740,0
119741,2
119742,3
119743,2
119744,2
119745,2
119746,2
119747,3
119748,2
119749,2
119750,2
119751,2
119752,2
119753,3
119754,2
119755,2
119756,3
119757,2
119758,2
119759,3
119760,3
119761,3
119762,2
119763,3
119764,3
119765,1
119766,3
119767,2
119768,3
119769,3
119770,2
119771,3
119772,3
119773,3
119774,2
119775,2
119776,3
119777,2
119778,3
119779,2
119780,1
119781,3
119782,2
119783,2
119784,3
119785,2
119786,3
119787,3
119788,2
119789,3
119790,3
119791,3
119792,2
119793,2
119794,3
119795,3
119796,3
119797,2
119798,2
119799,3
119800,3
119801,1
119802,3
119803,3
119804,1
119805,2
119806,2
119807,3
119808,3
119809,3
119810,3
119811,3
119812,2
119813,2
119814,2
119815,2
119816,2
119817,2
119818,2
119819,2
119820,3
119821,3
119822,1
119823,4
119824,2
119825,3
119826,3
119827,2
119828,2
119829,2
119830,2
119831,2
119832,2
119833,2
119834,3
119835,3
119836,3
119837,3
119838,3
119839,3
119840,3
119841,3
119842,3
119843,3
119844,3
119845,2
119846,3
119847,3
119848,2
119849,3
119850,3
119851,1
119852,2
119853,3
119854,2
119855,2
119856,3
119857,2
119858,2
119859,2
119860,2
119861,3
119862,3
119863,3
119864,2
119865,3
119866,3
119867,3
119868,3
119869,3
119870,3
119871,3
119872,2
119873,3
119874,3
119875,3
119876,3
119877,3
119878,3
119879,3
119880,3
119881,3
119882,3
119883,3
119884,3
119885,3
119886,3
119887,3
119888,3
119889,3
119890,2
119891,3
119892,2
119893,2
119894,2
119895,3
119896,3
119897,3
119898,2
119899,3
119900,2
119901,3
119902,3
119903,3
119904,1
119905,1
119906,3
119907,3
119908,3
119909,3
119910,3
119911,3
119912,3
119913,3
119914,3
119915,3
119916,3
119917,2
119918,2
119919,3
119920,2
119921,2
119922,3
119923,3
119924,3
119925,3
119926,3
119927,3
119928,3
119929,3
119930,3
119931,3
119932,3
119933,3
119934,3
119935,2
119936,3
119937,2
119938,2
119939,2
119940,2
119941,3
119942,3
119943,3
119944,2
119945,3
119946,3
119947,3
119948,3
119949,3
119950,3
119951,3
119952,3
119953,3
119954,3
119955,3
119956,3
119957,3
119958,3
119959,3
119960,3
119961,3
119962,3
119963,2
119964,2
119965,2
119966,3
119967,3
119968,2
119969,2
119970,2
119971,2
119972,3
119973,3
119974,3
119975,3
119976,3
119977,2
119978,3
119979,3
119980,2
119981,2
119982,2
119983,2
119984,3
119985,2
119986,2
119987,2
119988,3
119989,3
119990,3
119991,2
119992,3
119993,3
119994,3
119995,3
119996,3
119997,3
119998,3
119999,3
120000,3
120001,2
120002,2
120003,2
120004,3
120005,2
120006,2
120007,3
120008,2
120009,3
120010,3
120011,3
120012,3
120013,2
120014,3
120015,3
120016,2
120017,3
120018,3
120019,3
120020,3
120021,2
120022,2
120023,2
120024,2
120025,2
120026,2
120027,2
120028,2
120029,2
120030,2
120031,2
120032,2
120033,2
120034,2
120035,2
120036,2
120037,2
120038,2
120039,3
120040,3
120041,2
120042,2
120043,3
120044,3
120045,2
120046,1
120047,3
120048,3
120049,3
120050,2
120051,2
120052,2
120053,3
120054,2
120055,3
120056,3
120057,2
120058,2
120059,3
120060,3
120061,3
120062,2
120063,2
120064,2
120065,2
120066,2
120067,3
120068,2
120069,4
120070,3
120071,3
120072,3
120073,2
120074,2
120075,3
120076,3
120077,3
120078,3
120079,3
120080,3
120081,3
120082,2
120083,3
120084,2
120085,3
120086,2
120087,2
120088,2
120089,2
120090,1
120091,3
120092,3
120093,2
120094,3
120095,3
120096,3
120097,2
120098,1
120099,3
120100,2
120101,2
120102,2
120103,3
120104,2
120105,2
120106,3
120107,2
120108,2
120109,3
120110,0
120111,3
120112,2
120113,2
120114,2
120115,2
120116,2
120117,2
120118,2
120119,2
120120,2
120121,2
120122,2
120123,2
120124,2
120125,2
120126,2
120127,2
120128,2
120129,2
120130,2
120131,2
120132,2
120133,2
120134,2
120135,2
120136,2
120137,2
120138,2
120139,2
120140,2
120141,2
120142,2
120143,2
120144,2
120145,3
120146,2
120147,2
120148,2
120149,2
120150,2
120151,3
120152,2
120153,3
120154,3
120155,3
120156,2
120157,2
120158,2
120159,2
120160,3
120161,2
120162,0
120163,0
120164,2
120165,3
120166,2
120167,3
120168,2
120169,3
120170,2
120171,3
120172,2
120173,2
120174,2
120175,3
120176,2
120177,2
120178,3
120179,3
120180,3
120181,3
120182,3
120183,0
120184,3
120185,3
120186,3
120187,3
120188,3
120189,1
120190,3
120191,2
120192,2
120193,2
120194,2
120195,2
120196,2
120197,3
120198,2
120199,0
120200,3
120201,2
120202,2
120203,2
120204,2
120205,0
120206,2
120207,3
120208,2
120209,2
120210,2
120211,3
120212,2
120213,2
120214,2
120215,2
120216,2
120217,2
120218,2
120219,2
120220,2
120221,2
120222,2
120223,2
120224,2
120225,2
120226,0
120227,2
120228,2
120229,2
120230,0
120231,2
120232,0
120233,2
120234,0
120235,2
120236,0
120237,3
120238,0
120239,2
120240,3
120241,3
120242,3
120243,3
120244,3
120245,2
120246,2
120247,3
120248,3
120249,3
120250,3
120251,2
120252,2
120253,2
120254,2
120255,2
120256,3
120257,3
120258,2
120259,2
120260,2
120261,2
120262,2
120263,2
120264,2
120265,2
120266,2
120267,2
120268,2
120269,2
120270,2
120271,2
120272,2
120273,2
120274,3
120275,2
120276,2
120277,2
120278,2
120279,2
120280,2
120281,2
120282,2
120283,2
120284,2
120285,2
120286,4
120287,2
120288,3
120289,2
120290,2
120291,2
120292,2
120293,3
120294,3
120295,2
120296,2
120297,2
120298,2
120299,2
120300,2
120301,2
120302,2
120303,2
120304,2
120305,2
120306,2
120307,2
120308,3
120309,2
120310,2
120311,2
120312,2
120313,2
120314,2
120315,2
120316,2
120317,2
120318,2
120319,2
120320,2
120321,2
120322,2
120323,2
120324,2
120325,2
120326,2
120327,3
120328,2
120329,2
120330,2
120331,2
120332,2
120333,2
120334,2
120335,2
120336,2
120337,3
120338,3
120339,2
120340,3
120341,2
120342,2
120343,2
120344,2
120345,2
120346,2
120347,3
120348,2
120349,2
120350,2
120351,2
120352,2
120353,2
120354,2
120355,2
120356,2
120357,2
120358,2
120359,3
120360,2
120361,2
120362,2
120363,2
120364,2
120365,2
120366,2
120367,2
120368,2
120369,2
120370,2
120371,3
120372,2
120373,2
120374,2
120375,2
120376,2
120377,2
120378,2
120379,2
120380,2
120381,2
120382,2
120383,2
120384,3
120385,3
120386,2
120387,2
120388,2
120389,2
120390,2
120391,2
120392,2
120393,2
120394,2
120395,2
120396,2
120397,3
120398,2
120399,3
120400,2
120401,3
120402,2
120403,2
120404,2
120405,2
120406,2
120407,2
120408,2
120409,2
120410,2
120411,2
120412,2
120413,2
120414,2
120415,2
120416,2
120417,2
120418,2
120419,2
120420,2
120421,2
120422,2
120423,2
120424,2
120425,2
120426,2
120427,2
120428,2
120429,2
120430,2
120431,2
120432,2
120433,2
120434,2
120435,2
120436,3
120437,2
120438,2
120439,2
120440,2
120441,2
120442,2
120443,2
120444,2
120445,2
120446,3
120447,3
120448,3
120449,2
120450,2
120451,3
120452,2
120453,2
120454,2
120455,3
120456,2
120457,2
120458,3
120459,2
120460,2
120461,2
120462,2
120463,2
120464,2
120465,2
120466,2
120467,2
120468,2
120469,2
120470,3
120471,2
120472,3
120473,2
120474,2
120475,2
120476,2
120477,2
120478,2
120479,2
120480,2
120481,3
120482,3
120483,2
120484,2
120485,2
120486,2
120487,2
120488,3
120489,3
120490,2
120491,2
120492,3
120493,3
120494,3
120495,3
120496,0
120497,3
120498,2
120499,0
120500,3
120501,3
120502,3
120503,0
120504,2
120505,0
120506,2
120507,2
120508,3
120509,0
120510,2
120511,2
120512,3
120513,3
120514,2
120515,2
120516,2
120517,2
120518,2
120519,2
120520,3
120521,3
120522,3
120523,3
120524,3
120525,3
