Id,change_type
0,2
1,2
2,2
3,3
4,3
5,2
6,2
7,2
8,2
9,2
10,2
11,2
12,2
13,2
14,1
15,3
16,3
17,2
18,2
19,2
20,3
21,2
22,3
23,3
24,2
25,2
26,3
27,3
28,2
29,2
30,2
31,2
32,2
33,2
34,2
35,2
36,2
37,0
38,2
39,2
40,2
41,3
42,2
43,3
44,3
45,3
46,3
47,3
48,3
49,3
50,3
51,3
52,3
53,3
54,3
55,3
56,3
57,3
58,3
59,3
60,2
61,2
62,3
63,3
64,3
65,3
66,3
67,3
68,3
69,3
70,3
71,3
72,3
73,3
74,3
75,0
76,2
77,2
78,3
79,1
80,1
81,3
82,3
83,2
84,3
85,2
86,1
87,2
88,3
89,3
90,3
91,3
92,3
93,3
94,3
95,3
96,3
97,3
98,3
99,2
100,3
101,2
102,3
103,2
104,2
105,2
106,3
107,2
108,2
109,2
110,2
111,2
112,2
113,2
114,2
115,2
116,3
117,3
118,3
119,3
120,3
121,2
122,2
123,2
124,2
125,2
126,2
127,2
128,2
129,2
130,3
131,2
132,2
133,0
134,0
135,0
136,0
137,0
138,3
139,2
140,0
141,2
142,0
143,0
144,0
145,0
146,0
147,0
148,2
149,2
150,2
151,2
152,3
153,2
154,2
155,2
156,2
157,2
158,2
159,0
160,2
161,3
162,2
163,2
164,2
165,2
166,2
167,3
168,3
169,0
170,2
171,2
172,2
173,3
174,2
175,2
176,2
177,2
178,0
179,0
180,3
181,2
182,3
183,0
184,3
185,2
186,1
187,2
188,3
189,2
190,2
191,2
192,2
193,3
194,3
195,3
196,3
197,3
198,1
199,1
200,3
201,3
202,3
203,3
204,2
205,3
206,2
207,3
208,3
209,3
210,3
211,3
212,2
213,3
214,3
215,3
216,2
217,3
218,3
219,2
220,3
221,2
222,2
223,3
224,3
225,3
226,2
227,3
228,3
229,3
230,2
231,1
232,2
233,3
234,2
235,3
236,2
237,3
238,2
239,2
240,3
241,2
242,3
243,3
244,3
245,3
246,3
247,3
248,3
249,2
250,2
251,2
252,3
253,3
254,3
255,3
256,3
257,2
258,3
259,3
260,3
261,3
262,3
263,3
264,2
265,3
266,3
267,3
268,3
269,3
270,3
271,3
272,3
273,3
274,3
275,3
276,0
277,3
278,3
279,0
280,3
281,0
282,0
283,0
284,0
285,0
286,0
287,0
288,0
289,0
290,0
291,0
292,3
293,3
294,2
295,3
296,3
297,3
298,2
299,2
300,3
301,3
302,3
303,3
304,3
305,3
306,3
307,3
308,3
309,3
310,3
311,3
312,3
313,3
314,3
315,3
316,3
317,3
318,3
319,3
320,3
321,3
322,3
323,2
324,2
325,2
326,3
327,2
328,3
329,2
330,2
331,2
332,2
333,2
334,2
335,2
336,2
337,2
338,2
339,2
340,2
341,2
342,2
343,2
344,2
345,2
346,2
347,2
348,2
349,2
350,2
351,3
352,3
353,3
354,2
355,3
356,2
357,3
358,2
359,3
360,3
361,0
362,3
363,3
364,3
365,3
366,3
367,3
368,3
369,3
370,3
371,3
372,3
373,3
374,3
375,3
376,0
377,0
378,0
379,0
380,0
381,0
382,0
383,0
384,3
385,3
386,3
387,3
388,3
389,3
390,3
391,3
392,0
393,0
394,0
395,0
396,0
397,0
398,0
399,3
400,0
401,3
402,3
403,3
404,3
405,0
406,3
407,3
408,3
409,3
410,3
411,3
412,0
413,3
414,0
415,0
416,0
417,3
418,3
419,3
420,3
421,3
422,3
423,3
424,3
425,3
426,3
427,3
428,3
429,2
430,3
431,2
432,3
433,3
434,3
435,3
436,3
437,3
438,2
439,3
440,3
441,3
442,3
443,3
444,3
445,3
446,3
447,3
448,3
449,0
450,0
451,0
452,0
453,3
454,3
455,2
456,0
457,2
458,1
459,1
460,3
461,3
462,0
463,0
464,0
465,0
466,0
467,0
468,0
469,0
470,0
471,0
472,0
473,0
474,0
475,3
476,0
477,0
478,0
479,2
480,2
481,2
482,3
483,2
484,0
485,0
486,3
487,3
488,3
489,3
490,0
491,3
492,0
493,3
494,3
495,3
496,3
497,3
498,3
499,2
500,2
501,3
502,3
503,2
504,2
505,2
506,2
507,2
508,2
509,2
510,2
511,2
512,2
513,2
514,2
515,2
516,2
517,3
518,2
519,2
520,2
521,2
522,2
523,3
524,1
525,3
526,2
527,2
528,2
529,3
530,3
531,2
532,3
533,1
534,2
535,3
536,3
537,3
538,3
539,3
540,3
541,3
542,3
543,2
544,3
545,3
546,3
547,3
548,3
549,3
550,3
551,3
552,3
553,3
554,3
555,3
556,3
557,3
558,3
559,3
560,3
561,3
562,3
563,3
564,3
565,3
566,3
567,3
568,3
569,3
570,3
571,3
572,3
573,3
574,3
575,3
576,2
577,3
578,3
579,2
580,3
581,3
582,3
583,3
584,3
585,3
586,3
587,3
588,3
589,3
590,3
591,3
592,3
593,3
594,2
595,3
596,3
597,3
598,3
599,3
600,3
601,3
602,3
603,2
604,2
605,2
606,3
607,3
608,3
609,3
610,3
611,3
612,3
613,3
614,3
615,1
616,3
617,3
618,3
619,1
620,3
621,2
622,3
623,3
624,3
625,3
626,2
627,3
628,3
629,3
630,3
631,3
632,3
633,3
634,3
635,2
636,3
637,3
638,3
639,3
640,3
641,3
642,3
643,1
644,3
645,3
646,3
647,3
648,3
649,2
650,3
651,3
652,3
653,3
654,3
655,3
656,2
657,3
658,3
659,3
660,3
661,3
662,3
663,3
664,2
665,3
666,3
667,3
668,3
669,1
670,3
671,3
672,1
673,3
674,3
675,3
676,3
677,3
678,3
679,3
680,3
681,3
682,3
683,3
684,3
685,0
686,3
687,3
688,3
689,2
690,3
691,3
692,3
693,3
694,3
695,3
696,3
697,3
698,2
699,3
700,3
701,2
702,3
703,1
704,1
705,2
706,2
707,3
708,2
709,3
710,3
711,3
712,2
713,3
714,3
715,3
716,3
717,3
718,2
719,3
720,2
721,3
722,2
723,1
724,0
725,0
726,0
727,2
728,3
729,2
730,3
731,2
732,2
733,2
734,2
735,2
736,2
737,3
738,3
739,2
740,3
741,3
742,3
743,3
744,3
745,3
746,3
747,3
748,3
749,3
750,3
751,2
752,2
753,2
754,3
755,2
756,2
757,2
758,2
759,2
760,2
761,3
762,3
763,2
764,2
765,2
766,3
767,2
768,3
769,3
770,3
771,2
772,3
773,0
774,3
775,3
776,3
777,2
778,2
779,3
780,3
781,3
782,3
783,2
784,3
785,3
786,3
787,3
788,2
789,2
790,2
791,3
792,2
793,3
794,3
795,2
796,0
797,3
798,2
799,2
800,3
801,1
802,2
803,3
804,1
805,3
806,3
807,0
808,1
809,1
810,1
811,3
812,3
813,3
814,3
815,3
816,1
817,1
818,1
819,1
820,3
821,3
822,3
823,3
824,3
825,3
826,3
827,3
828,3
829,2
830,3
831,3
832,1
833,3
834,3
835,3
836,3
837,3
838,3
839,3
840,3
841,2
842,3
843,3
844,3
845,3
846,3
847,2
848,3
849,3
850,3
851,3
852,3
853,3
854,1
855,3
856,3
857,3
858,3
859,3
860,3
861,3
862,1
863,3
864,3
865,3
866,3
867,3
868,3
869,3
870,3
871,3
872,3
873,3
874,3
875,1
876,1
877,3
878,3
879,3
880,3
881,3
882,3
883,3
884,3
885,2
886,3
887,3
888,3
889,3
890,3
891,1
892,3
893,3
894,3
895,3
896,3
897,3
898,3
899,3
900,3
901,3
902,3
903,3
904,3
905,3
906,3
907,3
908,3
909,3
910,3
911,3
912,3
913,3
914,3
915,1
916,1
917,1
918,1
919,3
920,1
921,1
922,3
923,3
924,3
925,3
926,3
927,3
928,1
929,1
930,3
931,3
932,3
933,3
934,3
935,3
936,3
937,3
938,3
939,3
940,3
941,1
942,3
943,3
944,3
945,1
946,3
947,1
948,3
949,3
950,3
951,3
952,3
953,1
954,3
955,3
956,3
957,3
958,3
959,3
960,3
961,3
962,3
963,3
964,3
965,3
966,3
967,3
968,3
969,3
970,3
971,3
972,3
973,3
974,3
975,1
976,3
977,3
978,3
979,3
980,3
981,3
982,3
983,3
984,3
985,3
986,3
987,3
988,3
989,3
990,3
991,3
992,3
993,3
994,3
995,3
996,3
997,3
998,3
999,3
1000,3
1001,3
1002,3
1003,3
1004,3
1005,3
1006,3
1007,3
1008,3
1009,3
1010,3
1011,3
1012,3
1013,3
1014,3
1015,3
1016,3
1017,3
1018,2
1019,3
1020,3
1021,3
1022,3
1023,3
1024,3
1025,3
1026,3
1027,3
1028,3
1029,3
1030,3
1031,3
1032,3
1033,3
1034,3
1035,3
1036,3
1037,3
1038,3
1039,3
1040,3
1041,3
1042,3
1043,3
1044,3
1045,3
1046,3
1047,3
1048,3
1049,3
1050,3
1051,3
1052,3
1053,3
1054,3
1055,3
1056,2
1057,3
1058,1
1059,3
1060,3
1061,3
1062,1
1063,3
1064,3
1065,3
1066,3
1067,3
1068,3
1069,3
1070,3
1071,3
1072,3
1073,3
1074,3
1075,3
1076,3
1077,3
1078,3
1079,3
1080,3
1081,3
1082,3
1083,3
1084,3
1085,3
1086,3
1087,3
1088,3
1089,2
1090,2
1091,1
1092,3
1093,3
1094,3
1095,3
1096,2
1097,3
1098,3
1099,3
1100,3
1101,3
1102,3
1103,3
1104,3
1105,3
1106,3
1107,1
1108,3
1109,3
1110,3
1111,3
1112,3
1113,3
1114,3
1115,3
1116,3
1117,3
1118,3
1119,3
1120,3
1121,3
1122,3
1123,3
1124,3
1125,3
1126,3
1127,3
1128,3
1129,3
1130,3
1131,3
1132,3
1133,3
1134,3
1135,3
1136,3
1137,3
1138,3
1139,1
1140,1
1141,3
1142,3
1143,1
1144,1
1145,1
1146,3
1147,3
1148,3
1149,3
1150,3
1151,3
1152,3
1153,1
1154,3
1155,2
1156,2
1157,3
1158,1
1159,1
1160,1
1161,1
1162,3
1163,3
1164,3
1165,3
1166,1
1167,1
1168,1
1169,3
1170,3
1171,3
1172,3
1173,3
1174,3
1175,3
1176,3
1177,3
1178,3
1179,3
1180,3
1181,3
1182,3
1183,3
1184,3
1185,3
1186,3
1187,3
1188,3
1189,3
1190,3
1191,3
1192,3
1193,3
1194,3
1195,3
1196,1
1197,3
1198,3
1199,3
1200,3
1201,3
1202,3
1203,3
1204,1
1205,3
1206,1
1207,1
1208,3
1209,1
1210,3
1211,3
1212,3
1213,3
1214,3
1215,3
1216,3
1217,3
1218,3
1219,3
1220,3
1221,1
1222,1
1223,3
1224,3
1225,3
1226,3
1227,3
1228,3
1229,3
1230,3
1231,3
1232,3
1233,3
1234,3
1235,3
1236,3
1237,3
1238,3
1239,3
1240,1
1241,3
1242,3
1243,3
1244,3
1245,3
1246,3
1247,3
1248,3
1249,2
1250,2
1251,2
1252,3
1253,3
1254,3
1255,3
1256,3
1257,3
1258,3
1259,3
1260,1
1261,3
1262,3
1263,3
1264,3
1265,3
1266,3
1267,3
1268,3
1269,3
1270,3
1271,3
1272,3
1273,3
1274,1
1275,1
1276,3
1277,3
1278,3
1279,3
1280,3
1281,3
1282,1
1283,1
1284,3
1285,3
1286,3
1287,3
1288,3
1289,3
1290,1
1291,3
1292,3
1293,3
1294,3
1295,3
1296,3
1297,3
1298,3
1299,3
1300,3
1301,3
1302,3
1303,3
1304,3
1305,3
1306,3
1307,3
1308,3
1309,3
1310,3
1311,3
1312,3
1313,3
1314,3
1315,3
1316,3
1317,3
1318,1
1319,1
1320,2
1321,2
1322,1
1323,1
1324,3
1325,3
1326,3
1327,3
1328,3
1329,3
1330,3
1331,3
1332,3
1333,3
1334,3
1335,3
1336,3
1337,3
1338,3
1339,3
1340,3
1341,3
1342,3
1343,3
1344,3
1345,3
1346,3
1347,3
1348,3
1349,3
1350,3
1351,3
1352,3
1353,3
1354,3
1355,3
1356,3
1357,3
1358,3
1359,3
1360,3
1361,3
1362,3
1363,1
1364,1
1365,3
1366,3
1367,1
1368,1
1369,3
1370,3
1371,3
1372,3
1373,3
1374,2
1375,1
1376,1
1377,3
1378,3
1379,3
1380,3
1381,3
1382,1
1383,1
1384,3
1385,3
1386,3
1387,3
1388,3
1389,3
1390,3
1391,3
1392,3
1393,3
1394,3
1395,3
1396,3
1397,3
1398,3
1399,1
1400,3
1401,3
1402,3
1403,3
1404,3
1405,3
1406,3
1407,2
1408,3
1409,3
1410,2
1411,2
1412,3
1413,3
1414,2
1415,3
1416,1
1417,1
1418,3
1419,3
1420,3
1421,3
1422,3
1423,3
1424,3
1425,3
1426,3
1427,3
1428,3
1429,3
1430,3
1431,3
1432,3
1433,3
1434,3
1435,3
1436,1
1437,1
1438,3
1439,3
1440,3
1441,3
1442,1
1443,3
1444,3
1445,3
1446,3
1447,3
1448,3
1449,3
1450,3
1451,3
1452,3
1453,3
1454,3
1455,3
1456,3
1457,3
1458,3
1459,3
1460,3
1461,3
1462,3
1463,3
1464,3
1465,3
1466,1
1467,1
1468,3
1469,1
1470,2
1471,3
1472,3
1473,1
1474,3
1475,3
1476,1
1477,3
1478,3
1479,1
1480,3
1481,1
1482,1
1483,3
1484,3
1485,1
1486,3
1487,1
1488,1
1489,1
1490,1
1491,3
1492,1
1493,1
1494,1
1495,1
1496,1
1497,3
1498,1
1499,1
1500,1
1501,3
1502,3
1503,3
1504,3
1505,3
1506,3
1507,3
1508,3
1509,3
1510,3
1511,3
1512,1
1513,3
1514,3
1515,3
1516,3
1517,3
1518,3
1519,3
1520,1
1521,3
1522,3
1523,3
1524,3
1525,3
1526,3
1527,3
1528,3
1529,3
1530,3
1531,3
1532,3
1533,3
1534,1
1535,1
1536,1
1537,3
1538,3
1539,3
1540,1
1541,3
1542,3
1543,3
1544,3
1545,3
1546,3
1547,3
1548,3
1549,2
1550,3
1551,3
1552,1
1553,3
1554,3
1555,3
1556,3
1557,1
1558,3
1559,3
1560,3
1561,3
1562,3
1563,1
1564,1
1565,3
1566,3
1567,3
1568,3
1569,3
1570,2
1571,3
1572,3
1573,3
1574,3
1575,3
1576,1
1577,3
1578,3
1579,3
1580,3
1581,3
1582,3
1583,3
1584,3
1585,3
1586,3
1587,3
1588,1
1589,3
1590,3
1591,3
1592,3
1593,3
1594,3
1595,3
1596,3
1597,3
1598,3
1599,3
1600,3
1601,2
1602,3
1603,3
1604,3
1605,3
1606,3
1607,3
1608,3
1609,3
1610,3
1611,3
1612,3
1613,3
1614,3
1615,3
1616,3
1617,3
1618,3
1619,3
1620,2
1621,2
1622,3
1623,3
1624,3
1625,3
1626,3
1627,2
1628,3
1629,3
1630,3
1631,2
1632,3
1633,3
1634,3
1635,3
1636,3
1637,3
1638,3
1639,3
1640,3
1641,3
1642,3
1643,3
1644,3
1645,3
1646,3
1647,3
1648,3
1649,3
1650,3
1651,3
1652,3
1653,3
1654,3
1655,3
1656,3
1657,3
1658,3
1659,1
1660,3
1661,3
1662,3
1663,3
1664,3
1665,3
1666,3
1667,3
1668,3
1669,3
1670,3
1671,3
1672,3
1673,3
1674,3
1675,0
1676,1
1677,3
1678,3
1679,3
1680,3
1681,3
1682,2
1683,3
1684,3
1685,3
1686,3
1687,2
1688,3
1689,3
1690,3
1691,2
1692,2
1693,2
1694,3
1695,2
1696,3
1697,2
1698,3
1699,3
1700,3
1701,2
1702,3
1703,2
1704,3
1705,3
1706,3
1707,3
1708,3
1709,3
1710,3
1711,3
1712,3
1713,3
1714,2
1715,3
1716,3
1717,3
1718,3
1719,3
1720,3
1721,3
1722,2
1723,3
1724,3
1725,2
1726,3
1727,2
1728,3
1729,3
1730,3
1731,3
1732,2
1733,3
1734,3
1735,2
1736,3
1737,2
1738,3
1739,3
1740,3
1741,3
1742,3
1743,3
1744,3
1745,3
1746,1
1747,3
1748,3
1749,3
1750,3
1751,3
1752,3
1753,3
1754,3
1755,3
1756,3
1757,3
1758,3
1759,3
1760,3
1761,3
1762,3
1763,3
1764,3
1765,3
1766,3
1767,3
1768,3
1769,3
1770,2
1771,3
1772,3
1773,3
1774,3
1775,2
1776,3
1777,3
1778,3
1779,2
1780,0
1781,2
1782,3
1783,3
1784,3
1785,3
1786,0
1787,0
1788,0
1789,0
1790,0
1791,0
1792,0
1793,0
1794,0
1795,0
1796,0
1797,0
1798,3
1799,0
1800,3
1801,3
1802,3
1803,3
1804,3
1805,3
1806,3
1807,3
1808,3
1809,3
1810,3
1811,3
1812,3
1813,3
1814,3
1815,3
1816,3
1817,3
1818,3
1819,3
1820,3
1821,2
1822,3
1823,3
1824,3
1825,3
1826,3
1827,3
1828,2
1829,3
1830,3
1831,2
1832,0
1833,2
1834,3
1835,2
1836,3
1837,2
1838,3
1839,3
1840,3
1841,0
1842,3
1843,3
1844,3
1845,2
1846,3
1847,3
1848,3
1849,2
1850,3
1851,3
1852,3
1853,3
1854,3
1855,3
1856,3
1857,3
1858,3
1859,3
1860,3
1861,3
1862,3
1863,3
1864,3
1865,3
1866,3
1867,3
1868,3
1869,3
1870,3
1871,3
1872,3
1873,3
1874,2
1875,3
1876,2
1877,3
1878,3
1879,3
1880,3
1881,2
1882,3
1883,3
1884,3
1885,3
1886,3
1887,3
1888,3
1889,3
1890,3
1891,3
1892,3
1893,3
1894,3
1895,3
1896,3
1897,3
1898,3
1899,3
1900,2
1901,3
1902,3
1903,3
1904,3
1905,3
1906,3
1907,3
1908,3
1909,2
1910,2
1911,3
1912,3
1913,3
1914,3
1915,2
1916,2
1917,3
1918,3
1919,3
1920,3
1921,3
1922,3
1923,3
1924,3
1925,3
1926,2
1927,2
1928,2
1929,3
1930,3
1931,2
1932,3
1933,2
1934,3
1935,2
1936,3
1937,3
1938,1
1939,2
1940,3
1941,3
1942,3
1943,3
1944,2
1945,2
1946,2
1947,1
1948,2
1949,3
1950,3
1951,2
1952,2
1953,3
1954,2
1955,3
1956,2
1957,0
1958,0
1959,0
1960,0
1961,0
1962,1
1963,0
1964,3
1965,3
1966,3
1967,3
1968,3
1969,3
1970,3
1971,2
1972,3
1973,2
1974,2
1975,3
1976,2
1977,3
1978,3
1979,3
1980,3
1981,3
1982,2
1983,2
1984,3
1985,0
1986,3
1987,3
1988,3
1989,3
1990,3
1991,3
1992,3
1993,3
1994,3
1995,3
1996,3
1997,3
1998,3
1999,3
2000,3
2001,0
2002,3
2003,3
2004,3
2005,0
2006,2
2007,3
2008,3
2009,2
2010,2
2011,2
2012,1
2013,1
2014,3
2015,3
2016,3
2017,3
2018,3
2019,3
2020,3
2021,1
2022,2
2023,1
2024,2
2025,0
2026,3
2027,3
2028,3
2029,3
2030,3
2031,3
2032,3
2033,3
2034,3
2035,3
2036,3
2037,3
2038,3
2039,3
2040,3
2041,3
2042,3
2043,2
2044,3
2045,3
2046,3
2047,3
2048,3
2049,3
2050,3
2051,3
2052,3
2053,3
2054,3
2055,3
2056,3
2057,3
2058,3
2059,1
2060,1
2061,1
2062,3
2063,3
2064,0
2065,0
2066,0
2067,0
2068,2
2069,3
2070,3
2071,3
2072,3
2073,0
2074,3
2075,3
2076,3
2077,0
2078,3
2079,0
2080,3
2081,0
2082,0
2083,0
2084,3
2085,3
2086,3
2087,3
2088,1
2089,3
2090,3
2091,3
2092,0
2093,3
2094,2
2095,3
2096,3
2097,3
2098,3
2099,3
2100,3
2101,3
2102,3
2103,3
2104,3
2105,0
2106,0
2107,0
2108,1
2109,3
2110,3
2111,3
2112,3
2113,0
2114,3
2115,0
2116,3
2117,3
2118,3
2119,2
2120,3
2121,3
2122,2
2123,3
2124,3
2125,3
2126,2
2127,3
2128,3
2129,3
2130,3
2131,3
2132,1
2133,1
2134,0
2135,3
2136,3
2137,3
2138,1
2139,3
2140,1
2141,1
2142,2
2143,1
2144,1
2145,1
2146,2
2147,2
2148,1
2149,3
2150,0
2151,3
2152,3
2153,1
2154,3
2155,1
2156,3
2157,3
2158,3
2159,3
2160,3
2161,3
2162,3
2163,3
2164,3
2165,3
2166,3
2167,3
2168,3
2169,3
2170,1
2171,3
2172,3
2173,3
2174,3
2175,3
2176,3
2177,3
2178,3
2179,3
2180,3
2181,3
2182,2
2183,3
2184,3
2185,3
2186,3
2187,3
2188,3
2189,3
2190,3
2191,2
2192,3
2193,3
2194,3
2195,3
2196,3
2197,3
2198,3
2199,2
2200,3
2201,3
2202,3
2203,3
2204,2
2205,3
2206,2
2207,3
2208,3
2209,3
2210,3
2211,3
2212,3
2213,3
2214,3
2215,0
2216,3
2217,3
2218,2
2219,3
2220,3
2221,3
2222,3
2223,3
2224,3
2225,3
2226,3
2227,3
2228,3
2229,3
2230,3
2231,3
2232,3
2233,3
2234,2
2235,2
2236,3
2237,2
2238,3
2239,2
2240,3
2241,3
2242,2
2243,2
2244,3
2245,3
2246,2
2247,2
2248,3
2249,2
2250,2
2251,2
2252,3
2253,2
2254,2
2255,2
2256,3
2257,3
2258,3
2259,2
2260,0
2261,0
2262,3
2263,2
2264,2
2265,3
2266,3
2267,3
2268,3
2269,2
2270,0
2271,3
2272,2
2273,2
2274,0
2275,0
2276,3
2277,3
2278,3
2279,3
2280,3
2281,3
2282,3
2283,3
2284,2
2285,3
2286,2
2287,3
2288,3
2289,3
2290,2
2291,3
2292,2
2293,2
2294,2
2295,3
2296,3
2297,3
2298,2
2299,2
2300,3
2301,2
2302,2
2303,1
2304,2
2305,3
2306,3
2307,3
2308,3
2309,3
2310,0
2311,3
2312,0
2313,0
2314,3
2315,0
2316,0
2317,0
2318,2
2319,0
2320,0
2321,0
2322,0
2323,0
2324,3
2325,3
2326,0
2327,3
2328,0
2329,3
2330,0
2331,0
2332,2
2333,0
2334,2
2335,1
2336,2
2337,3
2338,1
2339,3
2340,3
2341,1
2342,2
2343,3
2344,3
2345,3
2346,3
2347,1
2348,2
2349,2
2350,3
2351,1
2352,3
2353,3
2354,1
2355,3
2356,3
2357,0
2358,3
2359,1
2360,3
2361,0
2362,0
2363,0
2364,0
2365,0
2366,3
2367,2
2368,2
2369,2
2370,3
2371,2
2372,3
2373,3
2374,3
2375,2
2376,3
2377,2
2378,3
2379,3
2380,2
2381,3
2382,3
2383,3
2384,3
2385,3
2386,3
2387,3
2388,3
2389,3
2390,2
2391,2
2392,2
2393,3
2394,2
2395,3
2396,3
2397,3
2398,3
2399,3
2400,3
2401,0
2402,3
2403,3
2404,2
2405,3
2406,3
2407,3
2408,3
2409,0
2410,3
2411,0
2412,2
2413,2
2414,3
2415,3
2416,2
2417,2
2418,2
2419,0
2420,0
2421,3
2422,3
2423,2
2424,3
2425,3
2426,3
2427,3
2428,0
2429,2
2430,2
2431,0
2432,0
2433,0
2434,0
2435,3
2436,3
2437,0
2438,1
2439,3
2440,3
2441,3
2442,3
2443,0
2444,2
2445,2
2446,2
2447,3
2448,2
2449,3
2450,3
2451,2
2452,3
2453,3
2454,3
2455,3
2456,3
2457,3
2458,3
2459,2
2460,3
2461,3
2462,3
2463,2
2464,3
2465,3
2466,3
2467,3
2468,3
2469,3
2470,3
2471,1
2472,3
2473,2
2474,3
2475,2
2476,3
2477,2
2478,2
2479,2
2480,2
2481,2
2482,2
2483,2
2484,2
2485,2
2486,3
2487,3
2488,2
2489,2
2490,3
2491,3
2492,3
2493,2
2494,2
2495,2
2496,3
2497,3
2498,1
2499,1
2500,3
2501,3
2502,2
2503,2
2504,2
2505,3
2506,3
2507,3
2508,2
2509,2
2510,3
2511,3
2512,3
2513,2
2514,2
2515,2
2516,3
2517,2
2518,3
2519,3
2520,3
2521,2
2522,2
2523,3
2524,3
2525,3
2526,3
2527,3
2528,3
2529,2
2530,2
2531,3
2532,3
2533,3
2534,3
2535,3
2536,3
2537,2
2538,3
2539,3
2540,3
2541,3
2542,3
2543,3
2544,3
2545,3
2546,3
2547,3
2548,3
2549,3
2550,3
2551,3
2552,3
2553,3
2554,3
2555,3
2556,3
2557,3
2558,3
2559,3
2560,2
2561,3
2562,3
2563,3
2564,3
2565,3
2566,2
2567,3
2568,3
2569,3
2570,3
2571,3
2572,3
2573,1
2574,1
2575,1
2576,3
2577,2
2578,3
2579,3
2580,2
2581,2
2582,2
2583,2
2584,3
2585,3
2586,3
2587,1
2588,2
2589,3
2590,2
2591,2
2592,3
2593,2
2594,2
2595,2
2596,2
2597,2
2598,2
2599,2
2600,0
2601,1
2602,3
2603,2
2604,2
2605,2
2606,2
2607,2
2608,2
2609,2
2610,2
2611,2
2612,2
2613,2
2614,3
2615,0
2616,3
2617,2
2618,3
2619,3
2620,3
2621,3
2622,3
2623,2
2624,2
2625,2
2626,2
2627,2
2628,2
2629,2
2630,3
2631,3
2632,3
2633,2
2634,3
2635,3
2636,3
2637,3
2638,3
2639,3
2640,3
2641,2
2642,2
2643,3
2644,3
2645,3
2646,3
2647,3
2648,3
2649,3
2650,2
2651,3
2652,2
2653,2
2654,3
2655,3
2656,2
2657,2
2658,2
2659,3
2660,2
2661,3
2662,3
2663,3
2664,2
2665,3
2666,3
2667,3
2668,3
2669,3
2670,3
2671,3
2672,2
2673,2
2674,2
2675,2
2676,2
2677,3
2678,2
2679,2
2680,3
2681,2
2682,3
2683,3
2684,2
2685,3
2686,3
2687,3
2688,2
2689,2
2690,2
2691,2
2692,2
2693,2
2694,2
2695,2
2696,2
2697,2
2698,3
2699,1
2700,3
2701,3
2702,2
2703,3
2704,2
2705,2
2706,3
2707,2
2708,2
2709,0
2710,0
2711,2
2712,0
2713,3
2714,0
2715,0
2716,3
2717,3
2718,3
2719,3
2720,3
2721,2
2722,3
2723,2
2724,2
2725,2
2726,3
2727,3
2728,3
2729,3
2730,3
2731,3
2732,3
2733,3
2734,3
2735,3
2736,3
2737,3
2738,3
2739,3
2740,3
2741,3
2742,2
2743,3
2744,3
2745,3
2746,3
2747,3
2748,2
2749,3
2750,3
2751,3
2752,3
2753,3
2754,3
2755,3
2756,3
2757,1
2758,3
2759,0
2760,3
2761,3
2762,3
2763,3
2764,3
2765,3
2766,3
2767,3
2768,3
2769,0
2770,3
2771,3
2772,3
2773,3
2774,3
2775,3
2776,3
2777,1
2778,3
2779,1
2780,1
2781,1
2782,1
2783,3
2784,3
2785,3
2786,3
2787,3
2788,3
2789,2
2790,3
2791,3
2792,3
2793,3
2794,3
2795,3
2796,3
2797,3
2798,3
2799,2
2800,1
2801,3
2802,3
2803,3
2804,3
2805,3
2806,3
2807,3
2808,3
2809,3
2810,3
2811,3
2812,2
2813,3
2814,3
2815,3
2816,3
2817,3
2818,3
2819,3
2820,3
2821,3
2822,3
2823,3
2824,3
2825,3
2826,3
2827,3
2828,2
2829,2
2830,2
2831,3
2832,3
2833,3
2834,3
2835,3
2836,2
2837,2
2838,2
2839,2
2840,2
2841,2
2842,2
2843,3
2844,2
2845,3
2846,3
2847,3
2848,2
2849,2
2850,3
2851,3
2852,2
2853,3
2854,3
2855,2
2856,3
2857,2
2858,3
2859,3
2860,3
2861,2
2862,1
2863,3
2864,3
2865,3
2866,2
2867,2
2868,3
2869,3
2870,3
2871,3
2872,3
2873,3
2874,3
2875,3
2876,2
2877,3
2878,3
2879,3
2880,3
2881,1
2882,3
2883,3
2884,3
2885,3
2886,2
2887,3
2888,3
2889,3
2890,3
2891,3
2892,3
2893,3
2894,3
2895,3
2896,3
2897,3
2898,3
2899,3
2900,3
2901,3
2902,3
2903,3
2904,3
2905,2
2906,3
2907,3
2908,2
2909,2
2910,3
2911,3
2912,3
2913,3
2914,2
2915,3
2916,3
2917,3
2918,3
2919,2
2920,2
2921,3
2922,3
2923,3
2924,3
2925,3
2926,3
2927,3
2928,3
2929,3
2930,3
2931,3
2932,3
2933,3
2934,3
2935,3
2936,3
2937,3
2938,3
2939,3
2940,3
2941,3
2942,3
2943,2
2944,2
2945,2
2946,1
2947,3
2948,3
2949,3
2950,1
2951,3
2952,3
2953,3
2954,3
2955,3
2956,3
2957,3
2958,3
2959,3
2960,3
2961,3
2962,3
2963,3
2964,3
2965,3
2966,3
2967,3
2968,3
2969,3
2970,3
2971,3
2972,3
2973,3
2974,1
2975,3
2976,2
2977,3
2978,3
2979,3
2980,3
2981,2
2982,2
2983,1
2984,3
2985,2
2986,3
2987,2
2988,2
2989,2
2990,3
2991,2
2992,2
2993,3
2994,2
2995,2
2996,3
2997,3
2998,2
2999,2
3000,3
3001,2
3002,2
3003,2
3004,3
3005,2
3006,2
3007,2
3008,2
3009,3
3010,3
3011,3
3012,3
3013,3
3014,3
3015,3
3016,3
3017,3
3018,3
3019,3
3020,3
3021,3
3022,2
3023,3
3024,3
3025,3
3026,2
3027,3
3028,3
3029,3
3030,3
3031,3
3032,3
3033,3
3034,2
3035,3
3036,3
3037,3
3038,3
3039,3
3040,2
3041,3
3042,3
3043,3
3044,3
3045,3
3046,3
3047,3
3048,3
3049,3
3050,3
3051,3
3052,3
3053,2
3054,3
3055,3
3056,3
3057,2
3058,3
3059,3
3060,3
3061,3
3062,2
3063,2
3064,3
3065,3
3066,3
3067,3
3068,3
3069,3
3070,3
3071,3
3072,3
3073,3
3074,3
3075,3
3076,3
3077,3
3078,3
3079,3
3080,3
3081,3
3082,3
3083,3
3084,3
3085,3
3086,3
3087,3
3088,3
3089,3
3090,3
3091,3
3092,3
3093,3
3094,3
3095,3
3096,3
3097,3
3098,3
3099,3
3100,3
3101,3
3102,3
3103,3
3104,3
3105,3
3106,3
3107,3
3108,3
3109,3
3110,3
3111,3
3112,3
3113,3
3114,3
3115,3
3116,3
3117,3
3118,3
3119,3
3120,3
3121,3
3122,3
3123,3
3124,3
3125,3
3126,3
3127,3
3128,3
3129,3
3130,3
3131,3
3132,3
3133,3
3134,3
3135,3
3136,3
3137,3
3138,3
3139,3
3140,3
3141,3
3142,3
3143,3
3144,3
3145,3
3146,3
3147,3
3148,3
3149,3
3150,3
3151,3
3152,3
3153,3
3154,3
3155,3
3156,3
3157,3
3158,3
3159,3
3160,3
3161,3
3162,3
3163,3
3164,3
3165,3
3166,3
3167,3
3168,3
3169,3
3170,3
3171,3
3172,3
3173,3
3174,3
3175,3
3176,1
3177,3
3178,3
3179,3
3180,3
3181,3
3182,3
3183,2
3184,1
3185,3
3186,3
3187,2
3188,3
3189,3
3190,2
3191,2
3192,2
3193,2
3194,2
3195,2
3196,3
3197,3
3198,3
3199,2
3200,2
3201,1
3202,2
3203,2
3204,3
3205,3
3206,1
3207,2
3208,2
3209,2
3210,2
3211,3
3212,3
3213,3
3214,3
3215,2
3216,2
3217,2
3218,2
3219,0
3220,0
3221,3
3222,2
3223,3
3224,3
3225,1
3226,3
3227,3
3228,3
3229,1
3230,3
3231,3
3232,3
3233,0
3234,0
3235,2
3236,2
3237,2
3238,3
3239,3
3240,3
3241,2
3242,1
3243,3
3244,3
3245,3
3246,3
3247,3
3248,3
3249,3
3250,3
3251,3
3252,3
3253,3
3254,3
3255,3
3256,3
3257,3
3258,3
3259,3
3260,3
3261,3
3262,3
3263,3
3264,3
3265,3
3266,3
3267,3
3268,3
3269,3
3270,3
3271,3
3272,3
3273,3
3274,3
3275,3
3276,3
3277,3
3278,3
3279,3
3280,3
3281,3
3282,3
3283,3
3284,3
3285,2
3286,3
3287,3
3288,3
3289,3
3290,3
3291,3
3292,1
3293,3
3294,3
3295,1
3296,3
3297,1
3298,3
3299,1
3300,1
3301,3
3302,3
3303,1
3304,3
3305,3
3306,3
3307,3
3308,3
3309,3
3310,3
3311,3
3312,3
3313,3
3314,1
3315,3
3316,2
3317,2
3318,3
3319,2
3320,3
3321,3
3322,3
3323,3
3324,3
3325,3
3326,3
3327,3
3328,3
3329,3
3330,3
3331,3
3332,3
3333,3
3334,3
3335,3
3336,3
3337,3
3338,3
3339,3
3340,3
3341,3
3342,3
3343,3
3344,3
3345,3
3346,3
3347,3
3348,3
3349,3
3350,3
3351,3
3352,3
3353,3
3354,3
3355,3
3356,3
3357,3
3358,3
3359,3
3360,3
3361,3
3362,3
3363,3
3364,3
3365,3
3366,3
3367,3
3368,3
3369,3
3370,3
3371,3
3372,3
3373,3
3374,3
3375,3
3376,3
3377,3
3378,3
3379,3
3380,3
3381,3
3382,3
3383,3
3384,3
3385,2
3386,3
3387,3
3388,2
3389,3
3390,3
3391,3
3392,3
3393,3
3394,3
3395,3
3396,3
3397,1
3398,3
3399,3
3400,3
3401,3
3402,2
3403,3
3404,3
3405,3
3406,3
3407,3
3408,2
3409,2
3410,2
3411,3
3412,3
3413,3
3414,3
3415,1
3416,3
3417,3
3418,3
3419,3
3420,3
3421,2
3422,3
3423,3
3424,3
3425,2
3426,2
3427,3
3428,2
3429,3
3430,3
3431,2
3432,2
3433,2
3434,2
3435,2
3436,2
3437,2
3438,2
3439,2
3440,2
3441,2
3442,3
3443,3
3444,3
3445,3
3446,3
3447,3
3448,2
3449,3
3450,3
3451,1
3452,3
3453,3
3454,0
3455,3
3456,3
3457,3
3458,3
3459,3
3460,3
3461,3
3462,3
3463,3
3464,2
3465,3
3466,3
3467,2
3468,3
3469,3
3470,3
3471,3
3472,3
3473,3
3474,3
3475,1
3476,3
3477,3
3478,3
3479,3
3480,2
3481,2
3482,3
3483,3
3484,2
3485,3
3486,3
3487,2
3488,2
3489,2
3490,3
3491,2
3492,3
3493,3
3494,3
3495,1
3496,3
3497,2
3498,3
3499,3
3500,3
3501,2
3502,0
3503,3
3504,3
3505,3
3506,3
3507,3
3508,3
3509,3
3510,3
3511,1
3512,2
3513,3
3514,2
3515,3
3516,3
3517,3
3518,3
3519,3
3520,3
3521,2
3522,2
3523,2
3524,2
3525,3
3526,2
3527,3
3528,0
3529,3
3530,1
3531,3
3532,3
3533,3
3534,3
3535,3
3536,3
3537,2
3538,3
3539,2
3540,2
3541,3
3542,3
3543,3
3544,3
3545,3
3546,3
3547,3
3548,3
3549,3
3550,2
3551,0
3552,3
3553,2
3554,3
3555,2
3556,2
3557,2
3558,2
3559,2
3560,2
3561,2
3562,3
3563,3
3564,3
3565,2
3566,3
3567,3
3568,2
3569,2
3570,3
3571,2
3572,3
3573,3
3574,2
3575,3
3576,3
3577,2
3578,2
3579,1
3580,1
3581,3
3582,0
3583,1
3584,3
3585,3
3586,3
3587,2
3588,2
3589,2
3590,2
3591,2
3592,2
3593,2
3594,3
3595,3
3596,3
3597,3
3598,3
3599,2
3600,3
3601,3
3602,3
3603,3
3604,3
3605,3
3606,3
3607,3
3608,3
3609,2
3610,3
3611,3
3612,3
3613,2
3614,1
3615,3
3616,3
3617,3
3618,3
3619,2
3620,3
3621,3
3622,1
3623,2
3624,3
3625,3
3626,3
3627,3
3628,3
3629,3
3630,3
3631,3
3632,3
3633,3
3634,3
3635,3
3636,3
3637,3
3638,3
3639,2
3640,3
3641,2
3642,3
3643,2
3644,2
3645,3
3646,3
3647,2
3648,2
3649,2
3650,3
3651,2
3652,3
3653,3
3654,2
3655,3
3656,3
3657,2
3658,2
3659,3
3660,3
3661,3
3662,3
3663,1
3664,3
3665,1
3666,3
3667,3
3668,3
3669,3
3670,3
3671,3
3672,3
3673,3
3674,3
3675,3
3676,3
3677,1
3678,3
3679,3
3680,3
3681,3
3682,3
3683,3
3684,3
3685,3
3686,3
3687,3
3688,3
3689,3
3690,3
3691,3
3692,3
3693,3
3694,3
3695,2
3696,3
3697,3
3698,3
3699,3
3700,3
3701,3
3702,2
3703,3
3704,3
3705,3
3706,3
3707,3
3708,3
3709,3
3710,3
3711,3
3712,3
3713,3
3714,3
3715,3
3716,3
3717,3
3718,3
3719,3
3720,3
3721,3
3722,3
3723,3
3724,3
3725,3
3726,3
3727,3
3728,3
3729,3
3730,3
3731,3
3732,3
3733,3
3734,3
3735,3
3736,3
3737,3
3738,3
3739,3
3740,3
3741,3
3742,3
3743,3
3744,3
3745,3
3746,3
3747,3
3748,3
3749,3
3750,3
3751,3
3752,3
3753,3
3754,3
3755,3
3756,3
3757,3
3758,3
3759,3
3760,3
3761,3
3762,3
3763,3
3764,3
3765,3
3766,3
3767,3
3768,3
3769,3
3770,3
3771,3
3772,3
3773,3
3774,3
3775,1
3776,3
3777,3
3778,3
3779,3
3780,3
3781,3
3782,2
3783,3
3784,2
3785,2
3786,3
3787,3
3788,3
3789,3
3790,3
3791,3
3792,3
3793,3
3794,3
3795,3
3796,3
3797,3
3798,3
3799,3
3800,3
3801,3
3802,3
3803,3
3804,3
3805,3
3806,3
3807,3
3808,3
3809,3
3810,3
3811,3
3812,3
3813,3
3814,3
3815,3
3816,3
3817,3
3818,3
3819,3
3820,3
3821,3
3822,3
3823,3
3824,3
3825,3
3826,3
3827,3
3828,3
3829,3
3830,3
3831,3
3832,3
3833,3
3834,3
3835,3
3836,3
3837,3
3838,3
3839,3
3840,3
3841,3
3842,3
3843,3
3844,3
3845,3
3846,3
3847,3
3848,3
3849,3
3850,3
3851,3
3852,3
3853,3
3854,3
3855,3
3856,3
3857,3
3858,3
3859,3
3860,3
3861,3
3862,3
3863,2
3864,3
3865,3
3866,3
3867,2
3868,3
3869,3
3870,3
3871,3
3872,3
3873,3
3874,3
3875,3
3876,3
3877,3
3878,3
3879,3
3880,3
3881,3
3882,3
3883,3
3884,3
3885,3
3886,3
3887,3
3888,3
3889,3
3890,3
3891,3
3892,3
3893,3
3894,3
3895,3
3896,3
3897,3
3898,3
3899,3
3900,3
3901,3
3902,3
3903,3
3904,3
3905,3
3906,3
3907,3
3908,3
3909,3
3910,3
3911,3
3912,3
3913,3
3914,3
3915,3
3916,3
3917,3
3918,3
3919,3
3920,3
3921,3
3922,3
3923,3
3924,3
3925,3
3926,3
3927,3
3928,3
3929,3
3930,3
3931,3
3932,3
3933,3
3934,3
3935,3
3936,3
3937,3
3938,3
3939,3
3940,3
3941,3
3942,3
3943,3
3944,3
3945,3
3946,3
3947,3
3948,3
3949,3
3950,3
3951,3
3952,3
3953,3
3954,3
3955,3
3956,3
3957,3
3958,3
3959,2
3960,2
3961,3
3962,3
3963,3
3964,3
3965,3
3966,3
3967,3
3968,3
3969,3
3970,3
3971,3
3972,3
3973,3
3974,3
3975,3
3976,3
3977,3
3978,3
3979,3
3980,3
3981,3
3982,3
3983,3
3984,3
3985,3
3986,3
3987,3
3988,3
3989,3
3990,3
3991,3
3992,3
3993,3
3994,3
3995,3
3996,3
3997,3
3998,3
3999,3
4000,3
4001,3
4002,3
4003,3
4004,3
4005,3
4006,3
4007,3
4008,3
4009,3
4010,3
4011,3
4012,3
4013,3
4014,3
4015,3
4016,3
4017,2
4018,3
4019,3
4020,3
4021,3
4022,3
4023,3
4024,3
4025,3
4026,3
4027,3
4028,3
4029,3
4030,2
4031,3
4032,3
4033,3
4034,3
4035,3
4036,3
4037,3
4038,2
4039,3
4040,3
4041,3
4042,3
4043,3
4044,3
4045,3
4046,3
4047,3
4048,3
4049,3
4050,3
4051,3
4052,3
4053,3
4054,3
4055,3
4056,3
4057,3
4058,3
4059,3
4060,3
4061,3
4062,3
4063,3
4064,3
4065,1
4066,3
4067,3
4068,3
4069,3
4070,3
4071,3
4072,3
4073,3
4074,3
4075,3
4076,3
4077,3
4078,3
4079,3
4080,3
4081,3
4082,3
4083,3
4084,3
4085,3
4086,3
4087,3
4088,3
4089,3
4090,3
4091,3
4092,3
4093,3
4094,3
4095,3
4096,3
4097,3
4098,3
4099,3
4100,3
4101,3
4102,3
4103,3
4104,3
4105,3
4106,3
4107,3
4108,3
4109,3
4110,3
4111,3
4112,3
4113,3
4114,3
4115,3
4116,3
4117,3
4118,3
4119,3
4120,3
4121,3
4122,3
4123,3
4124,3
4125,3
4126,3
4127,3
4128,3
4129,3
4130,3
4131,3
4132,3
4133,3
4134,3
4135,3
4136,3
4137,3
4138,3
4139,3
4140,3
4141,3
4142,3
4143,3
4144,3
4145,3
4146,3
4147,3
4148,3
4149,3
4150,3
4151,3
4152,3
4153,3
4154,3
4155,3
4156,3
4157,3
4158,3
4159,3
4160,3
4161,3
4162,3
4163,3
4164,3
4165,3
4166,3
4167,3
4168,2
4169,3
4170,3
4171,3
4172,3
4173,3
4174,3
4175,3
4176,3
4177,3
4178,3
4179,3
4180,3
4181,3
4182,3
4183,3
4184,3
4185,3
4186,3
4187,3
4188,3
4189,3
4190,3
4191,3
4192,3
4193,3
4194,3
4195,3
4196,3
4197,3
4198,3
4199,3
4200,3
4201,3
4202,3
4203,3
4204,3
4205,0
4206,3
4207,3
4208,3
4209,3
4210,3
4211,3
4212,3
4213,3
4214,3
4215,3
4216,0
4217,3
4218,0
4219,3
4220,3
4221,3
4222,3
4223,3
4224,3
4225,3
4226,3
4227,3
4228,3
4229,3
4230,3
4231,3
4232,3
4233,3
4234,3
4235,3
4236,3
4237,3
4238,3
4239,3
4240,3
4241,3
4242,3
4243,3
4244,3
4245,3
4246,3
4247,3
4248,3
4249,3
4250,3
4251,3
4252,3
4253,3
4254,3
4255,3
4256,3
4257,3
4258,3
4259,3
4260,3
4261,3
4262,3
4263,3
4264,3
4265,3
4266,3
4267,3
4268,3
4269,3
4270,3
4271,3
4272,3
4273,3
4274,3
4275,3
4276,3
4277,3
4278,3
4279,3
4280,3
4281,3
4282,3
4283,3
4284,3
4285,3
4286,3
4287,3
4288,3
4289,3
4290,3
4291,3
4292,3
4293,3
4294,3
4295,3
4296,3
4297,3
4298,3
4299,3
4300,3
4301,3
4302,3
4303,3
4304,3
4305,3
4306,3
4307,3
4308,3
4309,3
4310,3
4311,3
4312,3
4313,3
4314,3
4315,3
4316,3
4317,3
4318,3
4319,3
4320,3
4321,3
4322,3
4323,3
4324,3
4325,3
4326,3
4327,3
4328,3
4329,3
4330,3
4331,3
4332,3
4333,3
4334,3
4335,3
4336,3
4337,3
4338,3
4339,3
4340,3
4341,3
4342,3
4343,3
4344,3
4345,3
4346,3
4347,3
4348,3
4349,3
4350,3
4351,3
4352,3
4353,3
4354,3
4355,3
4356,3
4357,3
4358,3
4359,3
4360,3
4361,3
4362,3
4363,3
4364,3
4365,3
4366,3
4367,3
4368,3
4369,3
4370,3
4371,3
4372,3
4373,3
4374,3
4375,3
4376,3
4377,3
4378,3
4379,3
4380,3
4381,3
4382,3
4383,3
4384,3
4385,3
4386,3
4387,3
4388,3
4389,3
4390,3
4391,3
4392,3
4393,3
4394,3
4395,3
4396,3
4397,3
4398,3
4399,3
4400,3
4401,3
4402,3
4403,3
4404,3
4405,3
4406,3
4407,3
4408,3
4409,3
4410,3
4411,3
4412,3
4413,3
4414,3
4415,3
4416,3
4417,3
4418,3
4419,3
4420,3
4421,3
4422,3
4423,3
4424,3
4425,3
4426,3
4427,3
4428,3
4429,3
4430,3
4431,3
4432,3
4433,3
4434,3
4435,3
4436,3
4437,3
4438,3
4439,3
4440,3
4441,3
4442,3
4443,3
4444,3
4445,3
4446,3
4447,3
4448,3
4449,3
4450,3
4451,3
4452,3
4453,3
4454,3
4455,3
4456,3
4457,3
4458,3
4459,3
4460,3
4461,3
4462,3
4463,3
4464,3
4465,3
4466,3
4467,3
4468,3
4469,3
4470,3
4471,3
4472,3
4473,3
4474,3
4475,3
4476,3
4477,3
4478,3
4479,3
4480,3
4481,3
4482,3
4483,3
4484,3
4485,3
4486,3
4487,3
4488,3
4489,3
4490,3
4491,3
4492,3
4493,3
4494,3
4495,3
4496,3
4497,3
4498,3
4499,3
4500,3
4501,3
4502,3
4503,3
4504,3
4505,3
4506,3
4507,3
4508,3
4509,3
4510,3
4511,3
4512,3
4513,3
4514,3
4515,3
4516,3
4517,3
4518,3
4519,2
4520,2
4521,3
4522,3
4523,3
4524,3
4525,3
4526,3
4527,3
4528,3
4529,3
4530,3
4531,3
4532,3
4533,3
4534,3
4535,3
4536,3
4537,3
4538,3
4539,3
4540,3
4541,3
4542,3
4543,3
4544,3
4545,3
4546,3
4547,3
4548,3
4549,3
4550,3
4551,3
4552,3
4553,3
4554,3
4555,3
4556,3
4557,3
4558,3
4559,3
4560,3
4561,3
4562,3
4563,3
4564,3
4565,3
4566,3
4567,3
4568,3
4569,3
4570,3
4571,3
4572,3
4573,3
4574,3
4575,3
4576,3
4577,3
4578,3
4579,3
4580,3
4581,3
4582,3
4583,3
4584,3
4585,3
4586,3
4587,3
4588,3
4589,3
4590,3
4591,3
4592,3
4593,3
4594,3
4595,3
4596,3
4597,3
4598,3
4599,3
4600,3
4601,3
4602,2
4603,3
4604,3
4605,3
4606,3
4607,3
4608,3
4609,3
4610,3
4611,3
4612,3
4613,3
4614,3
4615,3
4616,3
4617,3
4618,3
4619,3
4620,3
4621,3
4622,3
4623,3
4624,3
4625,3
4626,3
4627,3
4628,3
4629,3
4630,3
4631,3
4632,3
4633,3
4634,3
4635,3
4636,3
4637,3
4638,3
4639,3
4640,3
4641,3
4642,3
4643,3
4644,3
4645,3
4646,3
4647,3
4648,3
4649,3
4650,3
4651,3
4652,3
4653,3
4654,3
4655,3
4656,3
4657,3
4658,3
4659,3
4660,3
4661,3
4662,3
4663,3
4664,3
4665,3
4666,3
4667,3
4668,3
4669,3
4670,3
4671,3
4672,3
4673,3
4674,3
4675,3
4676,3
4677,3
4678,3
4679,3
4680,3
4681,3
4682,3
4683,3
4684,3
4685,3
4686,3
4687,3
4688,3
4689,3
4690,3
4691,3
4692,3
4693,3
4694,3
4695,3
4696,3
4697,3
4698,3
4699,3
4700,3
4701,3
4702,3
4703,3
4704,3
4705,3
4706,3
4707,3
4708,3
4709,3
4710,3
4711,3
4712,3
4713,3
4714,3
4715,3
4716,3
4717,3
4718,3
4719,3
4720,3
4721,3
4722,3
4723,3
4724,3
4725,3
4726,3
4727,3
4728,3
4729,3
4730,3
4731,3
4732,3
4733,3
4734,3
4735,3
4736,3
4737,3
4738,3
4739,3
4740,3
4741,3
4742,3
4743,3
4744,3
4745,3
4746,3
4747,3
4748,3
4749,3
4750,3
4751,3
4752,3
4753,3
4754,3
4755,3
4756,3
4757,3
4758,3
4759,3
4760,3
4761,3
4762,3
4763,3
4764,3
4765,3
4766,3
4767,3
4768,3
4769,3
4770,3
4771,3
4772,3
4773,3
4774,3
4775,3
4776,3
4777,3
4778,3
4779,3
4780,3
4781,3
4782,3
4783,3
4784,3
4785,3
4786,3
4787,3
4788,3
4789,3
4790,3
4791,3
4792,3
4793,3
4794,3
4795,3
4796,3
4797,3
4798,3
4799,3
4800,3
4801,3
4802,3
4803,3
4804,3
4805,3
4806,3
4807,3
4808,3
4809,3
4810,1
4811,3
4812,3
4813,3
4814,3
4815,3
4816,3
4817,3
4818,3
4819,3
4820,3
4821,3
4822,3
4823,3
4824,3
4825,3
4826,3
4827,3
4828,3
4829,3
4830,3
4831,3
4832,3
4833,3
4834,3
4835,3
4836,3
4837,3
4838,3
4839,3
4840,3
4841,3
4842,3
4843,3
4844,3
4845,3
4846,3
4847,3
4848,3
4849,3
4850,3
4851,3
4852,3
4853,3
4854,3
4855,3
4856,3
4857,3
4858,3
4859,3
4860,3
4861,3
4862,3
4863,3
4864,3
4865,3
4866,3
4867,3
4868,3
4869,3
4870,3
4871,3
4872,3
4873,3
4874,3
4875,3
4876,3
4877,3
4878,3
4879,3
4880,3
4881,3
4882,3
4883,3
4884,3
4885,3
4886,3
4887,3
4888,3
4889,3
4890,3
4891,3
4892,3
4893,3
4894,3
4895,3
4896,3
4897,3
4898,3
4899,3
4900,3
4901,3
4902,3
4903,3
4904,3
4905,3
4906,3
4907,3
4908,3
4909,3
4910,3
4911,3
4912,3
4913,3
4914,3
4915,3
4916,3
4917,3
4918,3
4919,3
4920,3
4921,3
4922,3
4923,3
4924,3
4925,3
4926,3
4927,3
4928,3
4929,3
4930,3
4931,3
4932,3
4933,3
4934,3
4935,3
4936,3
4937,3
4938,3
4939,3
4940,3
4941,3
4942,3
4943,3
4944,3
4945,3
4946,3
4947,3
4948,3
4949,3
4950,3
4951,3
4952,3
4953,3
4954,3
4955,3
4956,3
4957,3
4958,3
4959,3
4960,3
4961,3
4962,3
4963,3
4964,3
4965,3
4966,3
4967,3
4968,3
4969,3
4970,3
4971,3
4972,3
4973,3
4974,3
4975,3
4976,3
4977,3
4978,3
4979,3
4980,3
4981,3
4982,3
4983,3
4984,3
4985,3
4986,3
4987,3
4988,3
4989,3
4990,3
4991,3
4992,3
4993,3
4994,3
4995,3
4996,3
4997,3
4998,3
4999,3
5000,3
5001,3
5002,3
5003,3
5004,3
5005,3
5006,3
5007,3
5008,3
5009,3
5010,3
5011,3
5012,3
5013,3
5014,3
5015,3
5016,3
5017,3
5018,3
5019,3
5020,3
5021,3
5022,3
5023,3
5024,3
5025,3
5026,3
5027,3
5028,3
5029,3
5030,3
5031,3
5032,3
5033,3
5034,3
5035,3
5036,3
5037,3
5038,3
5039,3
5040,3
5041,3
5042,3
5043,3
5044,3
5045,3
5046,3
5047,3
5048,3
5049,3
5050,3
5051,3
5052,3
5053,3
5054,3
5055,3
5056,3
5057,3
5058,3
5059,3
5060,3
5061,3
5062,3
5063,3
5064,3
5065,3
5066,3
5067,3
5068,3
5069,3
5070,3
5071,3
5072,3
5073,3
5074,3
5075,3
5076,3
5077,3
5078,3
5079,3
5080,3
5081,3
5082,3
5083,3
5084,3
5085,3
5086,3
5087,3
5088,3
5089,3
5090,3
5091,3
5092,3
5093,3
5094,3
5095,3
5096,3
5097,3
5098,3
5099,3
5100,3
5101,3
5102,3
5103,3
5104,3
5105,3
5106,3
5107,3
5108,3
5109,3
5110,3
5111,3
5112,3
5113,3
5114,3
5115,3
5116,3
5117,3
5118,3
5119,3
5120,3
5121,3
5122,3
5123,3
5124,3
5125,3
5126,3
5127,3
5128,3
5129,3
5130,3
5131,3
5132,3
5133,3
5134,3
5135,3
5136,3
5137,3
5138,3
5139,3
5140,3
5141,3
5142,3
5143,3
5144,3
5145,3
5146,3
5147,3
5148,2
5149,3
5150,3
5151,3
5152,3
5153,3
5154,3
5155,3
5156,3
5157,3
5158,3
5159,3
5160,3
5161,3
5162,3
5163,3
5164,3
5165,3
5166,3
5167,3
5168,3
5169,3
5170,3
5171,3
5172,3
5173,3
5174,3
5175,3
5176,3
5177,3
5178,3
5179,3
5180,3
5181,3
5182,3
5183,3
5184,3
5185,2
5186,3
5187,3
5188,3
5189,3
5190,3
5191,3
5192,3
5193,3
5194,3
5195,3
5196,3
5197,3
5198,3
5199,3
5200,3
5201,3
5202,3
5203,3
5204,3
5205,3
5206,3
5207,3
5208,3
5209,3
5210,3
5211,3
5212,3
5213,3
5214,3
5215,3
5216,3
5217,3
5218,3
5219,3
5220,3
5221,3
5222,3
5223,3
5224,3
5225,3
5226,3
5227,3
5228,3
5229,3
5230,3
5231,3
5232,3
5233,3
5234,3
5235,3
5236,3
5237,3
5238,3
5239,3
5240,3
5241,3
5242,3
5243,3
5244,3
5245,3
5246,3
5247,3
5248,3
5249,3
5250,3
5251,3
5252,3
5253,3
5254,3
5255,3
5256,3
5257,3
5258,3
5259,3
5260,3
5261,3
5262,3
5263,3
5264,3
5265,3
5266,3
5267,3
5268,3
5269,3
5270,3
5271,3
5272,3
5273,3
5274,3
5275,3
5276,3
5277,3
5278,3
5279,3
5280,3
5281,3
5282,3
5283,3
5284,3
5285,3
5286,3
5287,3
5288,3
5289,3
5290,3
5291,3
5292,3
5293,3
5294,3
5295,3
5296,3
5297,3
5298,3
5299,3
5300,3
5301,3
5302,3
5303,3
5304,3
5305,3
5306,3
5307,3
5308,3
5309,3
5310,3
5311,3
5312,3
5313,3
5314,3
5315,3
5316,3
5317,3
5318,3
5319,3
5320,3
5321,3
5322,3
5323,3
5324,3
5325,3
5326,3
5327,3
5328,3
5329,3
5330,3
5331,3
5332,3
5333,3
5334,3
5335,3
5336,3
5337,3
5338,3
5339,3
5340,3
5341,3
5342,3
5343,3
5344,3
5345,3
5346,3
5347,3
5348,3
5349,3
5350,3
5351,3
5352,3
5353,3
5354,3
5355,3
5356,3
5357,3
5358,3
5359,3
5360,3
5361,3
5362,3
5363,3
5364,3
5365,3
5366,3
5367,3
5368,3
5369,3
5370,3
5371,3
5372,3
5373,3
5374,3
5375,3
5376,3
5377,3
5378,3
5379,3
5380,3
5381,3
5382,3
5383,3
5384,3
5385,3
5386,3
5387,3
5388,3
5389,3
5390,3
5391,3
5392,3
5393,3
5394,3
5395,3
5396,3
5397,3
5398,3
5399,3
5400,3
5401,3
5402,3
5403,3
5404,3
5405,3
5406,3
5407,3
5408,3
5409,3
5410,3
5411,3
5412,3
5413,3
5414,3
5415,3
5416,3
5417,3
5418,3
5419,3
5420,3
5421,3
5422,3
5423,3
5424,3
5425,3
5426,3
5427,3
5428,3
5429,3
5430,3
5431,3
5432,3
5433,3
5434,3
5435,3
5436,3
5437,3
5438,3
5439,3
5440,3
5441,3
5442,3
5443,3
5444,3
5445,3
5446,3
5447,3
5448,3
5449,3
5450,3
5451,3
5452,3
5453,3
5454,3
5455,3
5456,3
5457,3
5458,3
5459,3
5460,3
5461,3
5462,3
5463,3
5464,3
5465,3
5466,3
5467,3
5468,3
5469,3
5470,3
5471,3
5472,3
5473,3
5474,3
5475,3
5476,3
5477,3
5478,3
5479,3
5480,3
5481,3
5482,3
5483,3
5484,3
5485,3
5486,3
5487,3
5488,3
5489,3
5490,3
5491,3
5492,3
5493,3
5494,3
5495,3
5496,3
5497,3
5498,3
5499,3
5500,3
5501,3
5502,3
5503,3
5504,3
5505,3
5506,3
5507,3
5508,3
5509,3
5510,3
5511,3
5512,3
5513,3
5514,3
5515,3
5516,3
5517,3
5518,3
5519,3
5520,3
5521,3
5522,3
5523,3
5524,3
5525,3
5526,3
5527,3
5528,3
5529,3
5530,3
5531,3
5532,3
5533,3
5534,3
5535,3
5536,3
5537,3
5538,3
5539,3
5540,3
5541,3
5542,3
5543,3
5544,3
5545,3
5546,3
5547,3
5548,3
5549,3
5550,3
5551,3
5552,3
5553,3
5554,3
5555,3
5556,3
5557,3
5558,3
5559,3
5560,3
5561,3
5562,3
5563,3
5564,3
5565,3
5566,3
5567,3
5568,3
5569,3
5570,3
5571,3
5572,3
5573,3
5574,3
5575,3
5576,3
5577,3
5578,3
5579,3
5580,3
5581,3
5582,3
5583,3
5584,3
5585,3
5586,3
5587,3
5588,3
5589,3
5590,3
5591,3
5592,3
5593,3
5594,3
5595,3
5596,3
5597,3
5598,3
5599,3
5600,3
5601,3
5602,3
5603,3
5604,3
5605,3
5606,3
5607,3
5608,3
5609,3
5610,2
5611,2
5612,3
5613,3
5614,3
5615,3
5616,3
5617,2
5618,3
5619,2
5620,2
5621,2
5622,2
5623,3
5624,3
5625,3
5626,3
5627,3
5628,3
5629,3
5630,3
5631,2
5632,2
5633,2
5634,3
5635,3
5636,2
5637,3
5638,2
5639,2
5640,2
5641,3
5642,2
5643,3
5644,2
5645,3
5646,2
5647,3
5648,3
5649,3
5650,3
5651,3
5652,3
5653,3
5654,3
5655,3
5656,3
5657,3
5658,3
5659,3
5660,3
5661,3
5662,3
5663,3
5664,3
5665,3
5666,3
5667,3
5668,3
5669,2
5670,3
5671,3
5672,3
5673,3
5674,2
5675,3
5676,3
5677,2
5678,3
5679,3
5680,3
5681,3
5682,3
5683,3
5684,3
5685,3
5686,3
5687,3
5688,3
5689,3
5690,3
5691,3
5692,3
5693,3
5694,3
5695,3
5696,3
5697,3
5698,3
5699,3
5700,3
5701,3
5702,3
5703,3
5704,3
5705,3
5706,3
5707,3
5708,3
5709,3
5710,3
5711,3
5712,3
5713,3
5714,3
5715,3
5716,3
5717,3
5718,3
5719,3
5720,3
5721,3
5722,3
5723,3
5724,3
5725,3
5726,3
5727,3
5728,3
5729,3
5730,3
5731,3
5732,3
5733,3
5734,3
5735,3
5736,3
5737,3
5738,3
5739,3
5740,3
5741,3
5742,3
5743,3
5744,3
5745,3
5746,3
5747,3
5748,3
5749,3
5750,3
5751,3
5752,3
5753,3
5754,3
5755,3
5756,3
5757,3
5758,3
5759,3
5760,3
5761,3
5762,3
5763,3
5764,3
5765,3
5766,3
5767,3
5768,3
5769,3
5770,3
5771,3
5772,3
5773,3
5774,3
5775,3
5776,3
5777,3
5778,3
5779,3
5780,3
5781,3
5782,3
5783,3
5784,3
5785,3
5786,3
5787,3
5788,3
5789,3
5790,3
5791,3
5792,3
5793,3
5794,3
5795,3
5796,3
5797,3
5798,3
5799,3
5800,3
5801,3
5802,3
5803,3
5804,3
5805,3
5806,3
5807,3
5808,3
5809,3
5810,3
5811,3
5812,3
5813,3
5814,3
5815,3
5816,3
5817,3
5818,3
5819,3
5820,3
5821,3
5822,3
5823,3
5824,3
5825,3
5826,3
5827,3
5828,3
5829,3
5830,3
5831,3
5832,3
5833,3
5834,3
5835,3
5836,3
5837,3
5838,3
5839,3
5840,3
5841,3
5842,3
5843,3
5844,3
5845,3
5846,3
5847,3
5848,3
5849,3
5850,3
5851,3
5852,3
5853,3
5854,3
5855,3
5856,3
5857,3
5858,3
5859,3
5860,3
5861,3
5862,3
5863,3
5864,3
5865,3
5866,3
5867,3
5868,3
5869,3
5870,3
5871,3
5872,3
5873,3
5874,3
5875,3
5876,3
5877,3
5878,3
5879,3
5880,3
5881,3
5882,3
5883,3
5884,3
5885,3
5886,3
5887,3
5888,3
5889,3
5890,3
5891,3
5892,3
5893,3
5894,3
5895,3
5896,3
5897,3
5898,3
5899,3
5900,3
5901,3
5902,3
5903,3
5904,3
5905,3
5906,3
5907,3
5908,3
5909,3
5910,3
5911,3
5912,3
5913,3
5914,3
5915,3
5916,3
5917,3
5918,3
5919,3
5920,3
5921,3
5922,3
5923,3
5924,3
5925,3
5926,3
5927,3
5928,3
5929,3
5930,3
5931,3
5932,3
5933,3
5934,3
5935,3
5936,3
5937,3
5938,3
5939,3
5940,3
5941,3
5942,3
5943,3
5944,3
5945,3
5946,3
5947,3
5948,3
5949,3
5950,3
5951,3
5952,3
5953,3
5954,3
5955,3
5956,3
5957,3
5958,3
5959,3
5960,3
5961,3
5962,3
5963,3
5964,3
5965,3
5966,3
5967,3
5968,3
5969,3
5970,3
5971,3
5972,3
5973,3
5974,3
5975,3
5976,3
5977,3
5978,3
5979,3
5980,3
5981,3
5982,3
5983,3
5984,3
5985,3
5986,3
5987,3
5988,3
5989,3
5990,3
5991,3
5992,3
5993,3
5994,3
5995,3
5996,3
5997,3
5998,3
5999,3
6000,3
6001,3
6002,3
6003,3
6004,3
6005,3
6006,3
6007,3
6008,3
6009,3
6010,3
6011,3
6012,3
6013,3
6014,3
6015,3
6016,3
6017,3
6018,3
6019,3
6020,3
6021,3
6022,3
6023,3
6024,3
6025,3
6026,3
6027,3
6028,3
6029,3
6030,3
6031,3
6032,3
6033,3
6034,3
6035,3
6036,3
6037,3
6038,3
6039,3
6040,3
6041,3
6042,3
6043,3
6044,3
6045,3
6046,3
6047,3
6048,3
6049,3
6050,3
6051,3
6052,3
6053,3
6054,3
6055,3
6056,3
6057,3
6058,3
6059,3
6060,3
6061,3
6062,3
6063,3
6064,3
6065,3
6066,3
6067,3
6068,3
6069,3
6070,3
6071,3
6072,3
6073,3
6074,3
6075,3
6076,3
6077,3
6078,3
6079,3
6080,3
6081,3
6082,3
6083,3
6084,3
6085,3
6086,3
6087,3
6088,3
6089,3
6090,3
6091,3
6092,3
6093,3
6094,3
6095,3
6096,3
6097,3
6098,3
6099,3
6100,3
6101,3
6102,3
6103,3
6104,3
6105,3
6106,3
6107,3
6108,3
6109,3
6110,3
6111,3
6112,3
6113,3
6114,3
6115,3
6116,3
6117,3
6118,3
6119,3
6120,3
6121,3
6122,3
6123,3
6124,3
6125,3
6126,3
6127,3
6128,3
6129,3
6130,3
6131,3
6132,3
6133,3
6134,3
6135,3
6136,3
6137,3
6138,3
6139,3
6140,3
6141,3
6142,3
6143,3
6144,3
6145,3
6146,3
6147,3
6148,3
6149,3
6150,3
6151,3
6152,3
6153,3
6154,3
6155,3
6156,3
6157,3
6158,3
6159,3
6160,3
6161,3
6162,3
6163,3
6164,3
6165,3
6166,3
6167,3
6168,3
6169,3
6170,3
6171,3
6172,3
6173,3
6174,3
6175,3
6176,3
6177,3
6178,3
6179,3
6180,3
6181,3
6182,3
6183,3
6184,3
6185,3
6186,3
6187,3
6188,3
6189,3
6190,3
6191,3
6192,3
6193,3
6194,3
6195,3
6196,3
6197,3
6198,3
6199,3
6200,3
6201,3
6202,3
6203,3
6204,3
6205,3
6206,3
6207,3
6208,3
6209,3
6210,3
6211,3
6212,3
6213,3
6214,3
6215,3
6216,3
6217,3
6218,3
6219,3
6220,3
6221,3
6222,3
6223,3
6224,3
6225,3
6226,3
6227,3
6228,3
6229,3
6230,3
6231,3
6232,3
6233,3
6234,3
6235,3
6236,3
6237,3
6238,3
6239,3
6240,3
6241,3
6242,3
6243,3
6244,3
6245,3
6246,3
6247,3
6248,3
6249,3
6250,3
6251,3
6252,3
6253,3
6254,3
6255,3
6256,3
6257,3
6258,3
6259,3
6260,3
6261,3
6262,3
6263,3
6264,3
6265,3
6266,3
6267,3
6268,3
6269,3
6270,3
6271,3
6272,3
6273,3
6274,3
6275,3
6276,3
6277,3
6278,3
6279,3
6280,3
6281,3
6282,3
6283,3
6284,3
6285,3
6286,3
6287,3
6288,3
6289,3
6290,3
6291,3
6292,3
6293,3
6294,3
6295,3
6296,3
6297,3
6298,3
6299,3
6300,3
6301,3
6302,3
6303,3
6304,3
6305,3
6306,3
6307,3
6308,3
6309,3
6310,3
6311,3
6312,3
6313,3
6314,3
6315,3
6316,3
6317,3
6318,3
6319,3
6320,3
6321,3
6322,3
6323,3
6324,3
6325,3
6326,3
6327,3
6328,3
6329,3
6330,3
6331,3
6332,3
6333,3
6334,3
6335,3
6336,3
6337,3
6338,3
6339,3
6340,3
6341,3
6342,3
6343,3
6344,3
6345,3
6346,3
6347,3
6348,3
6349,3
6350,3
6351,3
6352,3
6353,3
6354,3
6355,3
6356,3
6357,3
6358,3
6359,3
6360,3
6361,3
6362,3
6363,3
6364,3
6365,3
6366,3
6367,3
6368,3
6369,3
6370,3
6371,3
6372,3
6373,3
6374,3
6375,3
6376,3
6377,3
6378,3
6379,3
6380,3
6381,3
6382,3
6383,3
6384,3
6385,3
6386,3
6387,3
6388,3
6389,3
6390,3
6391,3
6392,3
6393,3
6394,3
6395,3
6396,3
6397,3
6398,3
6399,3
6400,3
6401,3
6402,3
6403,3
6404,3
6405,3
6406,3
6407,3
6408,3
6409,3
6410,3
6411,3
6412,3
6413,3
6414,3
6415,3
6416,3
6417,3
6418,3
6419,3
6420,3
6421,3
6422,3
6423,3
6424,3
6425,3
6426,3
6427,3
6428,3
6429,3
6430,3
6431,3
6432,3
6433,3
6434,3
6435,3
6436,3
6437,3
6438,3
6439,3
6440,3
6441,3
6442,3
6443,3
6444,3
6445,3
6446,3
6447,3
6448,3
6449,3
6450,3
6451,3
6452,3
6453,3
6454,3
6455,3
6456,3
6457,3
6458,3
6459,3
6460,3
6461,3
6462,3
6463,3
6464,3
6465,3
6466,3
6467,3
6468,3
6469,3
6470,3
6471,3
6472,3
6473,3
6474,3
6475,3
6476,3
6477,3
6478,3
6479,3
6480,3
6481,3
6482,3
6483,3
6484,3
6485,3
6486,3
6487,3
6488,3
6489,3
6490,3
6491,3
6492,3
6493,3
6494,3
6495,3
6496,3
6497,3
6498,3
6499,3
6500,3
6501,3
6502,3
6503,3
6504,3
6505,3
6506,3
6507,3
6508,3
6509,3
6510,3
6511,3
6512,3
6513,3
6514,3
6515,3
6516,3
6517,3
6518,3
6519,3
6520,3
6521,3
6522,3
6523,3
6524,3
6525,3
6526,3
6527,3
6528,3
6529,3
6530,3
6531,3
6532,3
6533,3
6534,3
6535,3
6536,3
6537,3
6538,3
6539,3
6540,3
6541,3
6542,3
6543,3
6544,3
6545,3
6546,3
6547,3
6548,3
6549,3
6550,3
6551,3
6552,3
6553,3
6554,3
6555,3
6556,3
6557,3
6558,3
6559,3
6560,3
6561,3
6562,3
6563,3
6564,3
6565,3
6566,3
6567,3
6568,3
6569,3
6570,3
6571,3
6572,3
6573,3
6574,3
6575,3
6576,3
6577,3
6578,3
6579,3
6580,3
6581,3
6582,3
6583,3
6584,3
6585,3
6586,3
6587,3
6588,3
6589,3
6590,3
6591,3
6592,3
6593,3
6594,3
6595,3
6596,3
6597,3
6598,3
6599,3
6600,3
6601,3
6602,3
6603,3
6604,3
6605,3
6606,3
6607,3
6608,3
6609,3
6610,3
6611,3
6612,3
6613,3
6614,3
6615,3
6616,3
6617,3
6618,3
6619,3
6620,3
6621,3
6622,3
6623,3
6624,3
6625,3
6626,3
6627,3
6628,3
6629,3
6630,3
6631,3
6632,3
6633,3
6634,3
6635,3
6636,3
6637,3
6638,3
6639,3
6640,3
6641,3
6642,3
6643,3
6644,3
6645,3
6646,3
6647,3
6648,3
6649,3
6650,3
6651,3
6652,3
6653,3
6654,3
6655,3
6656,3
6657,3
6658,3
6659,3
6660,3
6661,3
6662,3
6663,3
6664,3
6665,3
6666,3
6667,3
6668,3
6669,3
6670,3
6671,3
6672,3
6673,3
6674,3
6675,3
6676,3
6677,3
6678,3
6679,3
6680,3
6681,3
6682,3
6683,3
6684,3
6685,3
6686,3
6687,3
6688,3
6689,3
6690,3
6691,3
6692,3
6693,3
6694,3
6695,3
6696,3
6697,3
6698,3
6699,3
6700,3
6701,3
6702,3
6703,3
6704,3
6705,3
6706,3
6707,3
6708,3
6709,3
6710,3
6711,3
6712,3
6713,3
6714,3
6715,3
6716,3
6717,3
6718,3
6719,3
6720,3
6721,3
6722,3
6723,3
6724,3
6725,3
6726,3
6727,3
6728,3
6729,3
6730,3
6731,3
6732,3
6733,3
6734,3
6735,3
6736,3
6737,3
6738,3
6739,3
6740,3
6741,3
6742,3
6743,3
6744,3
6745,3
6746,3
6747,3
6748,3
6749,3
6750,3
6751,3
6752,3
6753,3
6754,3
6755,3
6756,3
6757,3
6758,3
6759,3
6760,3
6761,3
6762,3
6763,3
6764,3
6765,3
6766,3
6767,3
6768,3
6769,3
6770,3
6771,3
6772,3
6773,3
6774,3
6775,3
6776,3
6777,3
6778,3
6779,3
6780,3
6781,3
6782,3
6783,3
6784,3
6785,3
6786,3
6787,3
6788,3
6789,3
6790,3
6791,3
6792,3
6793,3
6794,3
6795,3
6796,3
6797,3
6798,3
6799,3
6800,3
6801,3
6802,3
6803,3
6804,3
6805,3
6806,3
6807,3
6808,3
6809,3
6810,3
6811,3
6812,3
6813,3
6814,3
6815,3
6816,3
6817,3
6818,3
6819,3
6820,3
6821,3
6822,3
6823,3
6824,3
6825,3
6826,3
6827,3
6828,3
6829,3
6830,3
6831,3
6832,3
6833,3
6834,3
6835,3
6836,3
6837,3
6838,3
6839,3
6840,3
6841,3
6842,3
6843,3
6844,3
6845,3
6846,3
6847,3
6848,3
6849,3
6850,3
6851,3
6852,3
6853,3
6854,3
6855,3
6856,3
6857,3
6858,3
6859,3
6860,3
6861,3
6862,3
6863,3
6864,3
6865,3
6866,3
6867,3
6868,3
6869,3
6870,3
6871,3
6872,3
6873,3
6874,3
6875,3
6876,3
6877,3
6878,3
6879,3
6880,3
6881,3
6882,3
6883,3
6884,3
6885,3
6886,3
6887,3
6888,3
6889,3
6890,3
6891,3
6892,3
6893,3
6894,3
6895,3
6896,3
6897,3
6898,3
6899,3
6900,3
6901,3
6902,3
6903,3
6904,3
6905,3
6906,3
6907,3
6908,3
6909,3
6910,3
6911,3
6912,3
6913,3
6914,3
6915,3
6916,3
6917,3
6918,3
6919,3
6920,3
6921,3
6922,3
6923,3
6924,3
6925,3
6926,3
6927,3
6928,3
6929,3
6930,3
6931,3
6932,3
6933,3
6934,3
6935,3
6936,3
6937,3
6938,3
6939,3
6940,3
6941,3
6942,3
6943,3
6944,3
6945,3
6946,3
6947,3
6948,3
6949,3
6950,3
6951,3
6952,3
6953,3
6954,3
6955,3
6956,3
6957,3
6958,3
6959,3
6960,3
6961,3
6962,3
6963,3
6964,3
6965,3
6966,3
6967,3
6968,3
6969,3
6970,3
6971,3
6972,3
6973,3
6974,3
6975,3
6976,3
6977,3
6978,3
6979,3
6980,3
6981,3
6982,3
6983,3
6984,3
6985,3
6986,3
6987,3
6988,3
6989,3
6990,3
6991,3
6992,3
6993,3
6994,3
6995,3
6996,3
6997,3
6998,3
6999,3
7000,3
7001,3
7002,3
7003,3
7004,3
7005,3
7006,3
7007,3
7008,3
7009,3
7010,3
7011,3
7012,3
7013,3
7014,3
7015,3
7016,3
7017,3
7018,3
7019,3
7020,3
7021,3
7022,3
7023,3
7024,3
7025,3
7026,3
7027,3
7028,3
7029,3
7030,3
7031,3
7032,3
7033,3
7034,3
7035,3
7036,3
7037,3
7038,3
7039,3
7040,3
7041,3
7042,3
7043,3
7044,3
7045,3
7046,3
7047,3
7048,3
7049,3
7050,3
7051,3
7052,3
7053,3
7054,3
7055,3
7056,3
7057,3
7058,3
7059,3
7060,3
7061,3
7062,3
7063,3
7064,3
7065,3
7066,3
7067,3
7068,3
7069,3
7070,3
7071,3
7072,3
7073,3
7074,3
7075,3
7076,3
7077,3
7078,3
7079,3
7080,3
7081,3
7082,3
7083,3
7084,3
7085,3
7086,3
7087,3
7088,3
7089,3
7090,3
7091,3
7092,3
7093,3
7094,3
7095,3
7096,3
7097,3
7098,3
7099,3
7100,3
7101,3
7102,3
7103,3
7104,3
7105,3
7106,3
7107,3
7108,3
7109,3
7110,3
7111,3
7112,3
7113,3
7114,3
7115,3
7116,3
7117,3
7118,3
7119,3
7120,3
7121,3
7122,3
7123,3
7124,3
7125,3
7126,3
7127,3
7128,3
7129,3
7130,3
7131,3
7132,3
7133,3
7134,3
7135,3
7136,3
7137,3
7138,3
7139,3
7140,3
7141,3
7142,3
7143,3
7144,3
7145,3
7146,3
7147,3
7148,3
7149,3
7150,3
7151,3
7152,3
7153,3
7154,3
7155,3
7156,3
7157,3
7158,3
7159,3
7160,3
7161,3
7162,3
7163,3
7164,3
7165,3
7166,3
7167,3
7168,3
7169,3
7170,3
7171,3
7172,3
7173,3
7174,3
7175,3
7176,3
7177,3
7178,3
7179,3
7180,3
7181,3
7182,3
7183,3
7184,3
7185,3
7186,3
7187,3
7188,3
7189,3
7190,3
7191,3
7192,3
7193,3
7194,3
7195,3
7196,3
7197,3
7198,3
7199,3
7200,3
7201,3
7202,3
7203,3
7204,3
7205,3
7206,3
7207,3
7208,3
7209,3
7210,3
7211,3
7212,3
7213,3
7214,3
7215,3
7216,3
7217,3
7218,3
7219,3
7220,3
7221,3
7222,3
7223,3
7224,3
7225,3
7226,3
7227,3
7228,3
7229,3
7230,3
7231,3
7232,3
7233,3
7234,3
7235,3
7236,3
7237,3
7238,3
7239,3
7240,3
7241,3
7242,3
7243,3
7244,3
7245,3
7246,3
7247,3
7248,3
7249,3
7250,3
7251,3
7252,3
7253,3
7254,3
7255,3
7256,3
7257,3
7258,3
7259,3
7260,3
7261,3
7262,3
7263,3
7264,3
7265,3
7266,3
7267,3
7268,3
7269,3
7270,3
7271,3
7272,3
7273,3
7274,3
7275,3
7276,3
7277,3
7278,3
7279,3
7280,3
7281,3
7282,3
7283,3
7284,3
7285,3
7286,3
7287,3
7288,3
7289,3
7290,3
7291,3
7292,3
7293,3
7294,3
7295,3
7296,3
7297,3
7298,3
7299,3
7300,3
7301,3
7302,3
7303,3
7304,3
7305,3
7306,3
7307,3
7308,3
7309,3
7310,3
7311,3
7312,3
7313,3
7314,3
7315,3
7316,3
7317,3
7318,3
7319,1
7320,3
7321,3
7322,1
7323,3
7324,3
7325,3
7326,3
7327,3
7328,3
7329,3
7330,3
7331,3
7332,3
7333,1
7334,3
7335,1
7336,3
7337,1
7338,1
7339,3
7340,3
7341,0
7342,3
7343,3
7344,1
7345,1
7346,3
7347,0
7348,1
7349,1
7350,1
7351,1
7352,2
7353,2
7354,0
7355,1
7356,2
7357,1
7358,2
7359,2
7360,2
7361,2
7362,3
7363,1
7364,1
7365,3
7366,2
7367,2
7368,3
7369,2
7370,3
7371,2
7372,2
7373,1
7374,0
7375,1
7376,3
7377,1
7378,0
7379,3
7380,3
7381,3
7382,3
7383,0
7384,1
7385,1
7386,1
7387,1
7388,1
7389,3
7390,3
7391,1
7392,1
7393,3
7394,3
7395,3
7396,3
7397,3
7398,1
7399,2
7400,3
7401,2
7402,2
7403,3
7404,2
7405,2
7406,3
7407,0
7408,3
7409,3
7410,3
7411,3
7412,2
7413,2
7414,2
7415,2
7416,3
7417,2
7418,3
7419,3
7420,2
7421,1
7422,1
7423,3
7424,3
7425,3
7426,3
7427,2
7428,2
7429,2
7430,2
7431,3
7432,2
7433,2
7434,2
7435,2
7436,2
7437,1
7438,1
7439,1
7440,3
7441,3
7442,3
7443,3
7444,1
7445,1
7446,3
7447,1
7448,1
7449,1
7450,1
7451,1
7452,2
7453,2
7454,2
7455,2
7456,2
7457,2
7458,2
7459,2
7460,2
7461,2
7462,3
7463,2
7464,2
7465,2
7466,2
7467,3
7468,2
7469,2
7470,2
7471,2
7472,2
7473,3
7474,1
7475,1
7476,1
7477,1
7478,3
7479,1
7480,3
7481,3
7482,1
7483,1
7484,2
7485,2
7486,3
7487,2
7488,2
7489,2
7490,1
7491,3
7492,2
7493,2
7494,2
7495,2
7496,2
7497,2
7498,2
7499,2
7500,2
7501,2
7502,2
7503,2
7504,2
7505,2
7506,3
7507,3
7508,3
7509,3
7510,1
7511,1
7512,1
7513,1
7514,1
7515,1
7516,1
7517,1
7518,1
7519,1
7520,1
7521,1
7522,3
7523,3
7524,2
7525,2
7526,1
7527,1
7528,1
7529,3
7530,3
7531,1
7532,3
7533,3
7534,2
7535,1
7536,3
7537,2
7538,1
7539,1
7540,2
7541,2
7542,2
7543,2
7544,3
7545,1
7546,2
7547,2
7548,2
7549,2
7550,2
7551,2
7552,2
7553,2
7554,2
7555,2
7556,2
7557,2
7558,2
7559,2
7560,2
7561,2
7562,2
7563,3
7564,2
7565,2
7566,2
7567,2
7568,3
7569,2
7570,3
7571,2
7572,2
7573,2
7574,2
7575,2
7576,2
7577,2
7578,2
7579,2
7580,2
7581,2
7582,2
7583,2
7584,2
7585,2
7586,2
7587,2
7588,2
7589,2
7590,2
7591,2
7592,2
7593,2
7594,2
7595,2
7596,2
7597,2
7598,2
7599,2
7600,2
7601,3
7602,0
7603,1
7604,1
7605,1
7606,1
7607,1
7608,1
7609,1
7610,1
7611,1
7612,1
7613,0
7614,0
7615,2
7616,2
7617,2
7618,2
7619,3
7620,3
7621,3
7622,0
7623,3
7624,2
7625,3
7626,2
7627,3
7628,3
7629,3
7630,1
7631,2
7632,2
7633,3
7634,2
7635,2
7636,3
7637,2
7638,2
7639,3
7640,3
7641,1
7642,2
7643,3
7644,3
7645,2
7646,0
7647,3
7648,1
7649,1
7650,1
7651,3
7652,1
7653,3
7654,1
7655,1
7656,1
7657,1
7658,1
7659,1
7660,3
7661,1
7662,1
7663,1
7664,1
7665,1
7666,3
7667,1
7668,2
7669,1
7670,2
7671,2
7672,2
7673,2
7674,2
7675,2
7676,2
7677,2
7678,2
7679,2
7680,2
7681,3
7682,3
7683,3
7684,3
7685,2
7686,2
7687,2
7688,2
7689,2
7690,2
7691,2
7692,2
7693,2
7694,2
7695,2
7696,2
7697,2
7698,2
7699,2
7700,2
7701,2
7702,2
7703,2
7704,2
7705,2
7706,2
7707,2
7708,2
7709,2
7710,2
7711,2
7712,2
7713,2
7714,2
7715,2
7716,2
7717,2
7718,2
7719,2
7720,2
7721,2
7722,2
7723,2
7724,2
7725,2
7726,2
7727,2
7728,2
7729,2
7730,2
7731,2
7732,2
7733,2
7734,2
7735,2
7736,2
7737,2
7738,3
7739,2
7740,2
7741,2
7742,2
7743,2
7744,2
7745,3
7746,2
7747,2
7748,2
7749,2
7750,2
7751,2
7752,2
7753,2
7754,2
7755,3
7756,3
7757,3
7758,3
7759,3
7760,2
7761,2
7762,2
7763,2
7764,3
7765,2
7766,2
7767,2
7768,3
7769,3
7770,2
7771,3
7772,3
7773,3
7774,3
7775,3
7776,3
7777,2
7778,2
7779,2
7780,2
7781,2
7782,3
7783,2
7784,2
7785,2
7786,2
7787,2
7788,2
7789,2
7790,2
7791,2
7792,2
7793,2
7794,2
7795,2
7796,2
7797,2
7798,2
7799,2
7800,2
7801,3
7802,2
7803,2
7804,2
7805,2
7806,2
7807,2
7808,2
7809,2
7810,2
7811,2
7812,2
7813,2
7814,2
7815,2
7816,1
7817,3
7818,1
7819,3
7820,3
7821,3
7822,1
7823,1
7824,3
7825,1
7826,3
7827,2
7828,3
7829,3
7830,3
7831,1
7832,1
7833,1
7834,2
7835,3
7836,2
7837,2
7838,3
7839,2
7840,2
7841,2
7842,3
7843,3
7844,2
7845,3
7846,1
7847,1
7848,1
7849,1
7850,2
7851,2
7852,3
7853,2
7854,2
7855,3
7856,2
7857,2
7858,2
7859,2
7860,2
7861,2
7862,2
7863,2
7864,2
7865,2
7866,2
7867,2
7868,2
7869,2
7870,2
7871,2
7872,3
7873,2
7874,2
7875,2
7876,2
7877,2
7878,2
7879,2
7880,2
7881,3
7882,2
7883,2
7884,2
7885,2
7886,3
7887,2
7888,2
7889,2
7890,2
7891,2
7892,2
7893,2
7894,2
7895,2
7896,2
7897,2
7898,2
7899,2
7900,2
7901,2
7902,2
7903,2
7904,2
7905,2
7906,2
7907,2
7908,2
7909,2
7910,2
7911,2
7912,2
7913,2
7914,2
7915,2
7916,2
7917,2
7918,2
7919,3
7920,3
7921,2
7922,2
7923,2
7924,2
7925,2
7926,2
7927,3
7928,3
7929,3
7930,3
7931,2
7932,2
7933,3
7934,3
7935,2
7936,2
7937,2
7938,2
7939,2
7940,2
7941,2
7942,2
7943,2
7944,2
7945,2
7946,2
7947,2
7948,2
7949,2
7950,2
7951,3
7952,2
7953,2
7954,2
7955,2
7956,2
7957,2
7958,2
7959,2
7960,2
7961,2
7962,2
7963,2
7964,2
7965,2
7966,2
7967,2
7968,2
7969,2
7970,1
7971,1
7972,1
7973,1
7974,3
7975,1
7976,3
7977,2
7978,2
7979,2
7980,2
7981,2
7982,3
7983,2
7984,2
7985,2
7986,2
7987,2
7988,3
7989,2
7990,3
7991,2
7992,2
7993,3
7994,3
7995,3
7996,2
7997,3
7998,3
7999,2
8000,3
8001,3
8002,2
8003,2
8004,2
8005,3
8006,2
8007,2
8008,2
8009,2
8010,2
8011,2
8012,2
8013,3
8014,3
8015,2
8016,2
8017,2
8018,2
8019,2
8020,2
8021,2
8022,3
8023,2
8024,2
8025,3
8026,3
8027,2
8028,2
8029,2
8030,3
8031,3
8032,2
8033,3
8034,2
8035,2
8036,3
8037,3
8038,2
8039,3
8040,2
8041,3
8042,3
8043,3
8044,3
8045,3
8046,3
8047,3
8048,3
8049,2
8050,1
8051,3
8052,2
8053,3
8054,2
8055,3
8056,3
8057,3
8058,3
8059,2
8060,3
8061,3
8062,3
8063,2
8064,3
8065,2
8066,3
8067,2
8068,3
8069,2
8070,3
8071,2
8072,3
8073,3
8074,3
8075,1
8076,3
8077,3
8078,3
8079,3
8080,2
8081,2
8082,3
8083,3
8084,3
8085,3
8086,3
8087,3
8088,2
8089,3
8090,3
8091,1
8092,1
8093,1
8094,3
8095,3
8096,1
8097,1
8098,2
8099,2
8100,1
8101,2
8102,1
8103,1
8104,2
8105,2
8106,2
8107,2
8108,2
8109,3
8110,2
8111,2
8112,2
8113,2
8114,2
8115,2
8116,2
8117,3
8118,3
8119,2
8120,3
8121,3
8122,2
8123,3
8124,3
8125,3
8126,2
8127,3
8128,1
8129,1
8130,1
8131,2
8132,2
8133,2
8134,2
8135,2
8136,2
8137,2
8138,2
8139,2
8140,2
8141,2
8142,2
8143,2
8144,2
8145,2
8146,2
8147,2
8148,2
8149,2
8150,2
8151,2
8152,2
8153,2
8154,2
8155,2
8156,2
8157,2
8158,3
8159,3
8160,2
8161,2
8162,2
8163,2
8164,2
8165,2
8166,2
8167,2
8168,3
8169,3
8170,2
8171,2
8172,2
8173,2
8174,1
8175,1
8176,1
8177,1
8178,1
8179,1
8180,2
8181,2
8182,2
8183,2
8184,2
8185,2
8186,2
8187,2
8188,2
8189,1
8190,1
8191,1
8192,2
8193,2
8194,2
8195,2
8196,2
8197,2
8198,3
8199,2
8200,2
8201,2
8202,1
8203,2
8204,2
8205,2
8206,2
8207,2
8208,2
8209,2
8210,2
8211,3
8212,2
8213,2
8214,2
8215,2
8216,2
8217,2
8218,2
8219,3
8220,2
8221,2
8222,3
8223,2
8224,2
8225,1
8226,3
8227,1
8228,1
8229,2
8230,2
8231,2
8232,2
8233,1
8234,3
8235,1
8236,1
8237,1
8238,1
8239,1
8240,1
8241,3
8242,3
8243,3
8244,2
8245,3
8246,2
8247,2
8248,3
8249,2
8250,1
8251,1
8252,1
8253,1
8254,1
8255,1
8256,2
8257,2
8258,3
8259,2
8260,2
8261,2
8262,2
8263,2
8264,3
8265,2
8266,2
8267,3
8268,2
8269,2
8270,2
8271,3
8272,2
8273,1
8274,1
8275,1
8276,3
8277,3
8278,2
8279,2
8280,2
8281,3
8282,2
8283,3
8284,3
8285,1
8286,3
8287,3
8288,3
8289,2
8290,1
8291,2
8292,2
8293,2
8294,2
8295,2
8296,2
8297,2
8298,2
8299,2
8300,2
8301,2
8302,2
8303,2
8304,2
8305,3
8306,2
8307,2
8308,2
8309,2
8310,2
8311,2
8312,2
8313,2
8314,2
8315,3
8316,2
8317,2
8318,2
8319,2
8320,2
8321,3
8322,2
8323,2
8324,2
8325,2
8326,2
8327,2
8328,2
8329,2
8330,3
8331,3
8332,2
8333,2
8334,2
8335,3
8336,2
8337,3
8338,2
8339,3
8340,3
8341,2
8342,2
8343,2
8344,2
8345,3
8346,3
8347,2
8348,2
8349,2
8350,1
8351,2
8352,1
8353,2
8354,1
8355,1
8356,2
8357,2
8358,2
8359,2
8360,2
8361,2
8362,3
8363,2
8364,3
8365,2
8366,2
8367,2
8368,2
8369,2
8370,2
8371,2
8372,2
8373,2
8374,2
8375,2
8376,2
8377,2
8378,2
8379,2
8380,2
8381,2
8382,2
8383,3
8384,2
8385,2
8386,2
8387,2
8388,2
8389,2
8390,2
8391,2
8392,2
8393,2
8394,2
8395,2
8396,2
8397,2
8398,1
8399,1
8400,1
8401,1
8402,2
8403,2
8404,2
8405,2
8406,2
8407,1
8408,2
8409,2
8410,2
8411,3
8412,3
8413,3
8414,3
8415,2
8416,2
8417,1
8418,2
8419,2
8420,2
8421,2
8422,2
8423,2
8424,3
8425,3
8426,2
8427,3
8428,2
8429,2
8430,2
8431,2
8432,2
8433,2
8434,2
8435,2
8436,2
8437,2
8438,2
8439,2
8440,2
8441,2
8442,2
8443,2
8444,2
8445,1
8446,1
8447,1
8448,1
8449,2
8450,2
8451,3
8452,1
8453,1
8454,1
8455,1
8456,2
8457,1
8458,1
8459,1
8460,3
8461,1
8462,3
8463,2
8464,3
8465,1
8466,3
8467,1
8468,3
8469,1
8470,3
8471,3
8472,2
8473,2
8474,2
8475,2
8476,2
8477,2
8478,3
8479,3
8480,2
8481,2
8482,2
8483,2
8484,2
8485,3
8486,2
8487,1
8488,1
8489,3
8490,2
8491,2
8492,2
8493,2
8494,2
8495,2
8496,2
8497,2
8498,3
8499,3
8500,2
8501,2
8502,2
8503,3
8504,3
8505,2
8506,3
8507,3
8508,3
8509,3
8510,2
8511,2
8512,2
8513,2
8514,2
8515,3
8516,2
8517,2
8518,1
8519,1
8520,1
8521,1
8522,1
8523,3
8524,3
8525,3
8526,2
8527,3
8528,2
8529,2
8530,2
8531,3
8532,2
8533,2
8534,2
8535,3
8536,2
8537,2
8538,2
8539,2
8540,2
8541,2
8542,2
8543,2
8544,2
8545,2
8546,2
8547,3
8548,2
8549,2
8550,3
8551,2
8552,2
8553,2
8554,2
8555,2
8556,2
8557,2
8558,3
8559,2
8560,2
8561,2
8562,2
8563,2
8564,2
8565,2
8566,2
8567,2
8568,3
8569,2
8570,2
8571,2
8572,2
8573,2
8574,2
8575,2
8576,3
8577,2
8578,2
8579,2
8580,2
8581,2
8582,2
8583,2
8584,2
8585,2
8586,2
8587,2
8588,2
8589,2
8590,2
8591,2
8592,2
8593,2
8594,2
8595,2
8596,3
8597,2
8598,2
8599,2
8600,2
8601,1
8602,1
8603,1
8604,3
8605,1
8606,1
8607,1
8608,1
8609,1
8610,1
8611,3
8612,1
8613,1
8614,1
8615,1
8616,1
8617,3
8618,3
8619,3
8620,3
8621,1
8622,3
8623,1
8624,3
8625,3
8626,3
8627,3
8628,3
8629,3
8630,3
8631,2
8632,3
8633,3
8634,3
8635,3
8636,3
8637,3
8638,3
8639,3
8640,3
8641,3
8642,3
8643,3
8644,3
8645,2
8646,2
8647,2
8648,3
8649,2
8650,3
8651,2
8652,3
8653,3
8654,3
8655,3
8656,3
8657,3
8658,3
8659,3
8660,3
8661,2
8662,2
8663,2
8664,2
8665,2
8666,2
8667,3
8668,3
8669,2
8670,3
8671,3
8672,3
8673,2
8674,3
8675,3
8676,2
8677,3
8678,2
8679,2
8680,3
8681,2
8682,3
8683,3
8684,3
8685,3
8686,3
8687,1
8688,3
8689,2
8690,2
8691,2
8692,2
8693,3
8694,2
8695,3
8696,3
8697,3
8698,2
8699,3
8700,3
8701,2
8702,3
8703,3
8704,3
8705,2
8706,3
8707,2
8708,3
8709,3
8710,3
8711,3
8712,3
8713,3
8714,3
8715,2
8716,3
8717,1
8718,3
8719,3
8720,3
8721,3
8722,3
8723,3
8724,2
8725,3
8726,3
8727,3
8728,3
8729,3
8730,3
8731,3
8732,3
8733,3
8734,3
8735,3
8736,3
8737,3
8738,3
8739,2
8740,3
8741,2
8742,2
8743,2
8744,2
8745,3
8746,1
8747,1
8748,2
8749,3
8750,3
8751,3
8752,3
8753,3
8754,3
8755,3
8756,3
8757,3
8758,1
8759,1
8760,2
8761,3
8762,2
8763,2
8764,2
8765,2
8766,2
8767,3
8768,2
8769,1
8770,1
8771,1
8772,1
8773,1
8774,2
8775,2
8776,3
8777,3
8778,3
8779,2
8780,2
8781,2
8782,3
8783,3
8784,1
8785,1
8786,3
8787,1
8788,3
8789,2
8790,3
8791,3
8792,3
8793,2
8794,3
8795,3
8796,2
8797,3
8798,3
8799,2
8800,3
8801,2
8802,2
8803,1
8804,3
8805,3
8806,2
8807,1
8808,2
8809,1
8810,2
8811,3
8812,2
8813,2
8814,2
8815,3
8816,2
8817,3
8818,3
8819,2
8820,2
8821,2
8822,3
8823,3
8824,3
8825,3
8826,3
8827,3
8828,3
8829,3
8830,3
8831,3
8832,3
8833,3
8834,3
8835,3
8836,3
8837,2
8838,2
8839,3
8840,2
8841,2
8842,2
8843,2
8844,2
8845,2
8846,2
8847,2
8848,2
8849,2
8850,2
8851,2
8852,2
8853,2
8854,2
8855,2
8856,2
8857,2
8858,2
8859,2
8860,2
8861,2
8862,2
8863,2
8864,2
8865,2
8866,2
8867,2
8868,2
8869,2
8870,2
8871,2
8872,2
8873,3
8874,2
8875,2
8876,2
8877,2
8878,2
8879,2
8880,2
8881,2
8882,2
8883,2
8884,2
8885,2
8886,2
8887,2
8888,2
8889,2
8890,1
8891,3
8892,3
8893,2
8894,2
8895,2
8896,2
8897,3
8898,2
8899,2
8900,2
8901,2
8902,2
8903,2
8904,2
8905,2
8906,3
8907,1
8908,1
8909,1
8910,1
8911,1
8912,1
8913,1
8914,1
8915,1
8916,1
8917,3
8918,1
8919,1
8920,1
8921,1
8922,1
8923,1
8924,1
8925,1
8926,3
8927,1
8928,1
8929,1
8930,3
8931,1
8932,3
8933,3
8934,1
8935,3
8936,3
8937,3
8938,2
8939,1
8940,1
8941,1
8942,2
8943,2
8944,3
8945,3
8946,3
8947,2
8948,3
8949,2
8950,2
8951,2
8952,2
8953,2
8954,3
8955,3
8956,2
8957,2
8958,2
8959,2
8960,2
8961,2
8962,2
8963,2
8964,2
8965,2
8966,2
8967,2
8968,2
8969,2
8970,2
8971,2
8972,1
8973,2
8974,2
8975,2
8976,2
8977,2
8978,2
8979,2
8980,2
8981,2
8982,2
8983,2
8984,2
8985,2
8986,2
8987,2
8988,2
8989,2
8990,2
8991,3
8992,2
8993,2
8994,2
8995,2
8996,2
8997,2
8998,2
8999,2
9000,2
9001,2
9002,2
9003,2
9004,2
9005,2
9006,2
9007,2
9008,3
9009,3
9010,2
9011,2
9012,2
9013,2
9014,2
9015,2
9016,2
9017,3
9018,2
9019,3
9020,2
9021,2
9022,2
9023,2
9024,3
9025,2
9026,2
9027,2
9028,3
9029,2
9030,2
9031,2
9032,2
9033,2
9034,2
9035,2
9036,3
9037,1
9038,3
9039,1
9040,1
9041,3
9042,2
9043,3
9044,3
9045,3
9046,3
9047,3
9048,2
9049,1
9050,1
9051,1
9052,3
9053,1
9054,1
9055,2
9056,1
9057,1
9058,1
9059,1
9060,1
9061,1
9062,1
9063,3
9064,3
9065,1
9066,1
9067,1
9068,3
9069,2
9070,1
9071,1
9072,3
9073,1
9074,1
9075,2
9076,2
9077,2
9078,2
9079,2
9080,2
9081,2
9082,2
9083,2
9084,2
9085,2
9086,2
9087,2
9088,2
9089,2
9090,2
9091,3
9092,2
9093,2
9094,2
9095,2
9096,2
9097,2
9098,2
9099,2
9100,2
9101,2
9102,2
9103,2
9104,2
9105,2
9106,2
9107,2
9108,3
9109,2
9110,2
9111,2
9112,2
9113,2
9114,2
9115,3
9116,1
9117,2
9118,1
9119,3
9120,2
9121,1
9122,1
9123,1
9124,1
9125,3
9126,1
9127,1
9128,1
9129,2
9130,2
9131,1
9132,3
9133,1
9134,1
9135,2
9136,3
9137,3
9138,2
9139,3
9140,2
9141,2
9142,2
9143,2
9144,3
9145,1
9146,1
9147,1
9148,2
9149,2
9150,2
9151,2
9152,2
9153,3
9154,2
9155,2
9156,2
9157,2
9158,2
9159,2
9160,2
9161,2
9162,2
9163,2
9164,2
9165,2
9166,3
9167,2
9168,2
9169,2
9170,2
9171,2
9172,2
9173,2
9174,2
9175,2
9176,2
9177,3
9178,2
9179,2
9180,2
9181,2
9182,2
9183,2
9184,2
9185,2
9186,2
9187,2
9188,2
9189,2
9190,2
9191,2
9192,2
9193,2
9194,2
9195,2
9196,2
9197,2
9198,2
9199,2
9200,1
9201,3
9202,2
9203,2
9204,2
9205,2
9206,2
9207,2
9208,2
9209,1
9210,2
9211,2
9212,2
9213,2
9214,2
9215,2
9216,2
9217,2
9218,2
9219,2
9220,2
9221,2
9222,2
9223,2
9224,2
9225,2
9226,2
9227,2
9228,3
9229,3
9230,2
9231,2
9232,2
9233,3
9234,2
9235,2
9236,2
9237,2
9238,2
9239,2
9240,2
9241,3
9242,3
9243,3
9244,2
9245,2
9246,2
9247,2
9248,2
9249,2
9250,3
9251,2
9252,2
9253,3
9254,2
9255,2
9256,2
9257,2
9258,2
9259,2
9260,2
9261,1
9262,2
9263,3
9264,3
9265,3
9266,3
9267,2
9268,3
9269,3
9270,3
9271,3
9272,1
9273,1
9274,3
9275,1
9276,1
9277,1
9278,2
9279,3
9280,2
9281,2
9282,2
9283,3
9284,3
9285,1
9286,3
9287,2
9288,2
9289,3
9290,3
9291,3
9292,2
9293,3
9294,3
9295,2
9296,3
9297,2
9298,3
9299,3
9300,3
9301,3
9302,3
9303,3
9304,1
9305,1
9306,3
9307,3
9308,2
9309,2
9310,3
9311,3
9312,2
9313,3
9314,3
9315,1
9316,3
9317,3
9318,2
9319,2
9320,2
9321,3
9322,3
9323,3
9324,1
9325,3
9326,3
9327,3
9328,3
9329,2
9330,3
9331,3
9332,1
9333,1
9334,3
9335,3
9336,1
9337,3
9338,3
9339,2
9340,2
9341,1
9342,1
9343,3
9344,1
9345,1
9346,3
9347,3
9348,3
9349,3
9350,2
9351,1
9352,3
9353,1
9354,3
9355,2
9356,3
9357,2
9358,3
9359,1
9360,3
9361,3
9362,3
9363,3
9364,3
9365,2
9366,1
9367,2
9368,2
9369,1
9370,3
9371,2
9372,3
9373,3
9374,2
9375,3
9376,2
9377,2
9378,2
9379,2
9380,3
9381,2
9382,1
9383,2
9384,1
9385,1
9386,1
9387,3
9388,2
9389,3
9390,2
9391,3
9392,2
9393,2
9394,3
9395,2
9396,2
9397,2
9398,2
9399,3
9400,2
9401,2
9402,2
9403,2
9404,2
9405,2
9406,2
9407,3
9408,2
9409,2
9410,2
9411,3
9412,2
9413,2
9414,2
9415,2
9416,3
9417,2
9418,3
9419,3
9420,3
9421,2
9422,2
9423,2
9424,2
9425,2
9426,2
9427,2
9428,2
9429,2
9430,2
9431,2
9432,2
9433,2
9434,3
9435,2
9436,2
9437,2
9438,2
9439,2
9440,2
9441,2
9442,2
9443,2
9444,3
9445,3
9446,2
9447,2
9448,2
9449,2
9450,2
9451,2
9452,2
9453,2
9454,2
9455,2
9456,2
9457,2
9458,2
9459,2
9460,2
9461,2
9462,3
9463,2
9464,3
9465,3
9466,1
9467,2
9468,2
9469,2
9470,2
9471,2
9472,2
9473,2
9474,2
9475,2
9476,2
9477,3
9478,3
9479,2
9480,2
9481,2
9482,2
9483,2
9484,2
9485,2
9486,2
9487,2
9488,2
9489,2
9490,2
9491,2
9492,2
9493,2
9494,2
9495,2
9496,2
9497,2
9498,2
9499,2
9500,3
9501,2
9502,2
9503,2
9504,3
9505,2
9506,2
9507,2
9508,2
9509,2
9510,3
9511,2
9512,2
9513,2
9514,2
9515,2
9516,2
9517,2
9518,2
9519,2
9520,3
9521,2
9522,2
9523,2
9524,2
9525,2
9526,3
9527,2
9528,2
9529,2
9530,2
9531,2
9532,2
9533,2
9534,2
9535,2
9536,2
9537,2
9538,2
9539,3
9540,2
9541,2
9542,2
9543,2
9544,2
9545,2
9546,2
9547,2
9548,2
9549,2
9550,2
9551,2
9552,2
9553,2
9554,2
9555,2
9556,2
9557,2
9558,2
9559,2
9560,2
9561,2
9562,2
9563,2
9564,2
9565,2
9566,2
9567,3
9568,3
9569,2
9570,2
9571,2
9572,2
9573,3
9574,2
9575,2
9576,2
9577,2
9578,2
9579,2
9580,3
9581,2
9582,2
9583,3
9584,2
9585,2
9586,2
9587,2
9588,2
9589,2
9590,2
9591,2
9592,2
9593,2
9594,2
9595,2
9596,2
9597,2
9598,2
9599,2
9600,2
9601,2
9602,3
9603,3
9604,1
9605,2
9606,1
9607,2
9608,3
9609,2
9610,2
9611,2
9612,2
9613,2
9614,2
9615,2
9616,2
9617,3
9618,3
9619,2
9620,2
9621,2
9622,1
9623,3
9624,3
9625,2
9626,2
9627,2
9628,2
9629,2
9630,2
9631,2
9632,2
9633,2
9634,2
9635,2
9636,2
9637,2
9638,2
9639,2
9640,2
9641,2
9642,2
9643,2
9644,2
9645,2
9646,2
9647,3
9648,3
9649,2
9650,3
9651,2
9652,3
9653,2
9654,2
9655,2
9656,3
9657,3
9658,2
9659,2
9660,2
9661,2
9662,2
9663,2
9664,3
9665,2
9666,2
9667,2
9668,2
9669,2
9670,2
9671,2
9672,2
9673,0
9674,2
9675,2
9676,2
9677,2
9678,2
9679,2
9680,2
9681,2
9682,2
9683,2
9684,2
9685,2
9686,2
9687,2
9688,2
9689,2
9690,2
9691,2
9692,2
9693,2
9694,2
9695,2
9696,2
9697,2
9698,2
9699,2
9700,2
9701,2
9702,2
9703,2
9704,2
9705,2
9706,2
9707,2
9708,2
9709,2
9710,2
9711,3
9712,1
9713,1
9714,1
9715,1
9716,1
9717,1
9718,2
9719,2
9720,3
9721,3
9722,2
9723,2
9724,2
9725,2
9726,3
9727,2
9728,3
9729,3
9730,2
9731,2
9732,3
9733,2
9734,2
9735,2
9736,2
9737,3
9738,1
9739,2
9740,2
9741,3
9742,3
9743,2
9744,2
9745,3
9746,3
9747,3
9748,3
9749,3
9750,3
9751,3
9752,2
9753,2
9754,2
9755,2
9756,3
9757,3
9758,2
9759,2
9760,2
9761,2
9762,2
9763,2
9764,3
9765,3
9766,1
9767,3
9768,3
9769,2
9770,1
9771,0
9772,3
9773,3
9774,3
9775,3
9776,2
9777,1
9778,3
9779,3
9780,2
9781,2
9782,2
9783,2
9784,2
9785,2
9786,3
9787,2
9788,2
9789,2
9790,3
9791,2
9792,2
9793,2
9794,2
9795,2
9796,2
9797,2
9798,2
9799,3
9800,2
9801,2
9802,2
9803,2
9804,2
9805,3
9806,3
9807,2
9808,3
9809,3
9810,3
9811,2
9812,2
9813,3
9814,3
9815,2
9816,2
9817,2
9818,3
9819,2
9820,3
9821,2
9822,3
9823,2
9824,2
9825,2
9826,1
9827,3
9828,2
9829,3
9830,3
9831,3
9832,2
9833,2
9834,3
9835,3
9836,2
9837,2
9838,3
9839,2
9840,2
9841,2
9842,3
9843,1
9844,1
9845,3
9846,1
9847,2
9848,2
9849,3
9850,3
9851,2
9852,2
9853,2
9854,3
9855,2
9856,2
9857,2
9858,2
9859,3
9860,2
9861,3
9862,2
9863,1
9864,2
9865,2
9866,2
9867,1
9868,2
9869,2
9870,2
9871,2
9872,2
9873,2
9874,2
9875,2
9876,2
9877,2
9878,2
9879,2
9880,2
9881,2
9882,2
9883,2
9884,2
9885,2
9886,3
9887,2
9888,2
9889,2
9890,2
9891,2
9892,2
9893,2
9894,2
9895,2
9896,2
9897,2
9898,3
9899,2
9900,2
9901,2
9902,2
9903,2
9904,2
9905,2
9906,2
9907,2
9908,2
9909,2
9910,2
9911,2
9912,2
9913,2
9914,3
9915,2
9916,2
9917,2
9918,2
9919,3
9920,1
9921,2
9922,3
9923,3
9924,2
9925,2
9926,2
9927,2
9928,2
9929,2
9930,2
9931,2
9932,3
9933,3
9934,1
9935,2
9936,2
9937,2
9938,2
9939,2
9940,2
9941,2
9942,2
9943,2
9944,2
9945,2
9946,2
9947,2
9948,2
9949,2
9950,2
9951,2
9952,2
9953,2
9954,2
9955,2
9956,2
9957,2
9958,2
9959,2
9960,2
9961,3
9962,2
9963,2
9964,2
9965,2
9966,2
9967,2
9968,2
9969,2
9970,2
9971,2
9972,2
9973,2
9974,2
9975,2
9976,2
9977,3
9978,2
9979,2
9980,2
9981,2
9982,2
9983,3
9984,3
9985,3
9986,2
9987,2
9988,2
9989,2
9990,2
9991,2
9992,2
9993,3
9994,2
9995,2
9996,2
9997,2
9998,2
9999,2
10000,2
10001,2
10002,2
10003,2
10004,2
10005,2
10006,2
10007,2
10008,2
10009,2
10010,3
10011,2
10012,2
10013,2
10014,2
10015,2
10016,2
10017,2
10018,3
10019,2
10020,2
10021,2
10022,2
10023,2
10024,2
10025,3
10026,2
10027,2
10028,2
10029,2
10030,2
10031,2
10032,2
10033,2
10034,2
10035,2
10036,2
10037,3
10038,2
10039,2
10040,2
10041,2
10042,2
10043,2
10044,2
10045,2
10046,2
10047,2
10048,2
10049,2
10050,2
10051,2
10052,2
10053,2
10054,2
10055,2
10056,2
10057,2
10058,2
10059,2
10060,2
10061,2
10062,2
10063,2
10064,2
10065,2
10066,2
10067,2
10068,2
10069,2
10070,2
10071,2
10072,2
10073,2
10074,2
10075,2
10076,2
10077,2
10078,3
10079,2
10080,3
10081,2
10082,3
10083,3
10084,2
10085,2
10086,3
10087,3
10088,3
10089,3
10090,3
10091,3
10092,3
10093,3
10094,2
10095,2
10096,2
10097,3
10098,3
10099,1
10100,2
10101,2
10102,2
10103,3
10104,3
10105,2
10106,2
10107,2
10108,2
10109,2
10110,2
10111,2
10112,2
10113,3
10114,2
10115,2
10116,2
10117,3
10118,3
10119,2
10120,2
10121,3
10122,2
10123,2
10124,2
10125,3
10126,2
10127,3
10128,2
10129,3
10130,2
10131,2
10132,2
10133,2
10134,2
10135,3
10136,2
10137,2
10138,2
10139,3
10140,3
10141,3
10142,2
10143,3
10144,1
10145,3
10146,3
10147,3
10148,3
10149,3
10150,3
10151,3
10152,3
10153,2
10154,2
10155,2
10156,2
10157,2
10158,2
10159,2
10160,2
10161,2
10162,2
10163,2
10164,2
10165,2
10166,2
10167,2
10168,2
10169,2
10170,2
10171,2
10172,2
10173,2
10174,2
10175,2
10176,2
10177,2
10178,2
10179,2
10180,2
10181,2
10182,2
10183,2
10184,2
10185,2
10186,2
10187,2
10188,2
10189,2
10190,2
10191,2
10192,2
10193,2
10194,2
10195,2
10196,2
10197,2
10198,2
10199,2
10200,2
10201,2
10202,2
10203,2
10204,2
10205,2
10206,2
10207,2
10208,2
10209,2
10210,2
10211,2
10212,2
10213,2
10214,2
10215,2
10216,2
10217,2
10218,2
10219,2
10220,2
10221,3
10222,3
10223,2
10224,2
10225,2
10226,2
10227,3
10228,2
10229,2
10230,2
10231,2
10232,2
10233,2
10234,2
10235,2
10236,2
10237,2
10238,2
10239,2
10240,2
10241,2
10242,2
10243,2
10244,2
10245,2
10246,2
10247,2
10248,2
10249,2
10250,2
10251,2
10252,2
10253,2
10254,2
10255,2
10256,2
10257,2
10258,2
10259,2
10260,2
10261,2
10262,2
10263,2
10264,2
10265,2
10266,2
10267,2
10268,2
10269,2
10270,2
10271,2
10272,2
10273,2
10274,2
10275,2
10276,2
10277,2
10278,2
10279,2
10280,2
10281,2
10282,2
10283,2
10284,2
10285,2
10286,2
10287,2
10288,2
10289,2
10290,2
10291,2
10292,2
10293,2
10294,2
10295,2
10296,2
10297,2
10298,2
10299,2
10300,3
10301,2
10302,2
10303,2
10304,2
10305,0
10306,2
10307,2
10308,2
10309,2
10310,2
10311,2
10312,2
10313,2
10314,2
10315,2
10316,2
10317,2
10318,2
10319,2
10320,2
10321,2
10322,2
10323,2
10324,2
10325,2
10326,2
10327,2
10328,2
10329,2
10330,2
10331,1
10332,1
10333,1
10334,1
10335,2
10336,3
10337,3
10338,2
10339,2
10340,2
10341,3
10342,2
10343,2
10344,2
10345,2
10346,2
10347,2
10348,2
10349,2
10350,1
10351,1
10352,2
10353,2
10354,2
10355,2
10356,2
10357,2
10358,2
10359,2
10360,0
10361,2
10362,2
10363,2
10364,2
10365,3
10366,2
10367,2
10368,2
10369,2
10370,2
10371,2
10372,3
10373,2
10374,2
10375,2
10376,2
10377,2
10378,2
10379,2
10380,2
10381,2
10382,2
10383,2
10384,2
10385,2
10386,2
10387,2
10388,2
10389,2
10390,2
10391,2
10392,2
10393,2
10394,2
10395,2
10396,2
10397,2
10398,2
10399,2
10400,2
10401,2
10402,2
10403,2
10404,2
10405,3
10406,2
10407,2
10408,2
10409,3
10410,2
10411,2
10412,2
10413,2
10414,2
10415,2
10416,2
10417,3
10418,2
10419,2
10420,2
10421,2
10422,2
10423,2
10424,2
10425,2
10426,2
10427,2
10428,3
10429,2
10430,3
10431,2
10432,2
10433,3
10434,2
10435,2
10436,2
10437,2
10438,2
10439,2
10440,2
10441,2
10442,2
10443,2
10444,2
10445,2
10446,2
10447,2
10448,2
10449,2
10450,2
10451,2
10452,2
10453,2
10454,2
10455,2
10456,2
10457,2
10458,2
10459,2
10460,2
10461,2
10462,2
10463,2
10464,3
10465,2
10466,2
10467,2
10468,2
10469,2
10470,2
10471,2
10472,2
10473,2
10474,2
10475,2
10476,2
10477,2
10478,2
10479,2
10480,2
10481,2
10482,2
10483,3
10484,2
10485,2
10486,2
10487,2
10488,2
10489,2
10490,3
10491,2
10492,2
10493,2
10494,3
10495,2
10496,2
10497,2
10498,2
10499,3
10500,2
10501,2
10502,2
10503,2
10504,2
10505,2
10506,2
10507,2
10508,2
10509,2
10510,1
10511,3
10512,2
10513,2
10514,2
10515,2
10516,2
10517,2
10518,2
10519,2
10520,2
10521,2
10522,2
10523,2
10524,2
10525,2
10526,2
10527,2
10528,2
10529,2
10530,2
10531,2
10532,2
10533,2
10534,2
10535,2
10536,3
10537,2
10538,2
10539,3
10540,2
10541,2
10542,2
10543,3
10544,2
10545,3
10546,2
10547,2
10548,2
10549,2
10550,3
10551,3
10552,2
10553,2
10554,2
10555,2
10556,3
10557,2
10558,2
10559,2
10560,2
10561,2
10562,2
10563,2
10564,2
10565,2
10566,2
10567,2
10568,3
10569,3
10570,3
10571,3
10572,3
10573,2
10574,2
10575,2
10576,3
10577,2
10578,2
10579,3
10580,3
10581,3
10582,3
10583,2
10584,3
10585,2
10586,2
10587,2
10588,2
10589,2
10590,2
10591,2
10592,2
10593,3
10594,2
10595,2
10596,2
10597,2
10598,2
10599,2
10600,3
10601,2
10602,2
10603,2
10604,2
10605,2
10606,2
10607,2
10608,2
10609,3
10610,2
10611,2
10612,2
10613,2
10614,2
10615,2
10616,2
10617,2
10618,2
10619,2
10620,2
10621,2
10622,2
10623,2
10624,2
10625,2
10626,2
10627,2
10628,2
10629,2
10630,2
10631,2
10632,2
10633,2
10634,2
10635,2
10636,2
10637,2
10638,2
10639,2
10640,2
10641,2
10642,2
10643,2
10644,2
10645,2
10646,2
10647,2
10648,2
10649,1
10650,3
10651,2
10652,2
10653,2
10654,2
10655,2
10656,2
10657,2
10658,2
10659,2
10660,2
10661,2
10662,2
10663,2
10664,2
10665,3
10666,3
10667,3
10668,3
10669,2
10670,2
10671,2
10672,2
10673,2
10674,2
10675,2
10676,2
10677,2
10678,2
10679,2
10680,2
10681,2
10682,2
10683,2
10684,2
10685,2
10686,2
10687,2
10688,2
10689,2
10690,2
10691,2
10692,2
10693,2
10694,2
10695,2
10696,2
10697,2
10698,2
10699,2
10700,2
10701,2
10702,2
10703,2
10704,2
10705,2
10706,2
10707,2
10708,2
10709,2
10710,2
10711,2
10712,2
10713,2
10714,2
10715,2
10716,2
10717,2
10718,2
10719,2
10720,2
10721,2
10722,2
10723,2
10724,2
10725,2
10726,2
10727,2
10728,2
10729,2
10730,2
10731,2
10732,2
10733,2
10734,2
10735,2
10736,2
10737,2
10738,2
10739,2
10740,2
10741,2
10742,2
10743,2
10744,2
10745,2
10746,2
10747,2
10748,2
10749,2
10750,2
10751,2
10752,3
10753,2
10754,2
10755,2
10756,2
10757,2
10758,2
10759,2
10760,2
10761,2
10762,2
10763,2
10764,2
10765,2
10766,2
10767,2
10768,2
10769,2
10770,2
10771,2
10772,2
10773,2
10774,2
10775,2
10776,2
10777,2
10778,2
10779,3
10780,2
10781,2
10782,2
10783,2
10784,2
10785,2
10786,2
10787,2
10788,2
10789,2
10790,2
10791,2
10792,2
10793,2
10794,2
10795,2
10796,2
10797,2
10798,2
10799,2
10800,2
10801,2
10802,2
10803,2
10804,2
10805,2
10806,2
10807,2
10808,2
10809,2
10810,3
10811,1
10812,2
10813,2
10814,2
10815,2
10816,2
10817,3
10818,2
10819,3
10820,2
10821,2
10822,2
10823,2
10824,2
10825,2
10826,2
10827,2
10828,2
10829,2
10830,2
10831,2
10832,2
10833,2
10834,2
10835,2
10836,2
10837,2
10838,2
10839,2
10840,2
10841,2
10842,2
10843,2
10844,2
10845,2
10846,2
10847,2
10848,2
10849,2
10850,2
10851,2
10852,2
10853,2
10854,2
10855,2
10856,2
10857,2
10858,2
10859,2
10860,3
10861,2
10862,2
10863,2
10864,2
10865,2
10866,2
10867,2
10868,2
10869,2
10870,2
10871,2
10872,2
10873,2
10874,2
10875,2
10876,2
10877,2
10878,2
10879,2
10880,2
10881,2
10882,2
10883,3
10884,2
10885,2
10886,2
10887,2
10888,2
10889,2
10890,2
10891,2
10892,2
10893,2
10894,2
10895,2
10896,2
10897,2
10898,2
10899,1
10900,2
10901,2
10902,2
10903,2
10904,2
10905,2
10906,2
10907,2
10908,2
10909,1
10910,2
10911,2
10912,2
10913,2
10914,2
10915,2
10916,2
10917,2
10918,2
10919,2
10920,2
10921,2
10922,2
10923,2
10924,2
10925,2
10926,2
10927,2
10928,2
10929,2
10930,2
10931,2
10932,2
10933,2
10934,2
10935,2
10936,2
10937,2
10938,2
10939,2
10940,2
10941,2
10942,2
10943,2
10944,2
10945,2
10946,2
10947,2
10948,2
10949,2
10950,2
10951,2
10952,2
10953,2
10954,3
10955,2
10956,2
10957,2
10958,2
10959,2
10960,2
10961,2
10962,1
10963,2
10964,3
10965,3
10966,2
10967,3
10968,2
10969,2
10970,2
10971,2
10972,2
10973,2
10974,2
10975,2
10976,2
10977,2
10978,2
10979,2
10980,2
10981,2
10982,2
10983,2
10984,2
10985,2
10986,2
10987,2
10988,2
10989,2
10990,2
10991,2
10992,2
10993,2
10994,2
10995,2
10996,2
10997,2
10998,2
10999,2
11000,2
11001,2
11002,2
11003,2
11004,2
11005,2
11006,2
11007,2
11008,2
11009,2
11010,2
11011,2
11012,2
11013,2
11014,2
11015,2
11016,3
11017,2
11018,2
11019,2
11020,2
11021,2
11022,2
11023,2
11024,2
11025,2
11026,2
11027,2
11028,2
11029,2
11030,2
11031,2
11032,2
11033,2
11034,2
11035,2
11036,2
11037,2
11038,2
11039,2
11040,2
11041,2
11042,2
11043,2
11044,2
11045,2
11046,2
11047,2
11048,3
11049,2
11050,2
11051,2
11052,2
11053,2
11054,2
11055,2
11056,2
11057,2
11058,2
11059,2
11060,2
11061,2
11062,2
11063,2
11064,2
11065,2
11066,2
11067,2
11068,2
11069,2
11070,2
11071,2
11072,2
11073,2
11074,2
11075,3
11076,2
11077,2
11078,2
11079,2
11080,2
11081,2
11082,3
11083,3
11084,2
11085,3
11086,2
11087,2
11088,2
11089,2
11090,2
11091,2
11092,3
11093,2
11094,2
11095,2
11096,2
11097,2
11098,2
11099,2
11100,2
11101,2
11102,2
11103,2
11104,2
11105,2
11106,3
11107,3
11108,2
11109,2
11110,2
11111,3
11112,3
11113,1
11114,2
11115,2
11116,3
11117,3
11118,3
11119,2
11120,2
11121,2
11122,2
11123,2
11124,2
11125,2
11126,3
11127,3
11128,2
11129,2
11130,2
11131,2
11132,2
11133,3
11134,2
11135,3
11136,3
11137,2
11138,2
11139,3
11140,3
11141,2
11142,2
11143,2
11144,2
11145,3
11146,2
11147,3
11148,2
11149,3
11150,2
11151,2
11152,3
11153,3
11154,2
11155,3
11156,3
11157,2
11158,2
11159,3
11160,2
11161,2
11162,2
11163,2
11164,2
11165,2
11166,2
11167,2
11168,2
11169,2
11170,2
11171,2
11172,2
11173,2
11174,2
11175,2
11176,2
11177,2
11178,2
11179,2
11180,2
11181,2
11182,2
11183,2
11184,2
11185,2
11186,2
11187,2
11188,2
11189,2
11190,2
11191,2
11192,2
11193,2
11194,2
11195,2
11196,2
11197,2
11198,2
11199,2
11200,2
11201,2
11202,2
11203,2
11204,2
11205,2
11206,2
11207,2
11208,2
11209,2
11210,2
11211,2
11212,2
11213,2
11214,2
11215,2
11216,2
11217,3
11218,2
11219,2
11220,2
11221,2
11222,2
11223,2
11224,2
11225,2
11226,2
11227,2
11228,2
11229,2
11230,2
11231,2
11232,2
11233,2
11234,2
11235,2
11236,2
11237,2
11238,2
11239,2
11240,2
11241,3
11242,3
11243,2
11244,3
11245,2
11246,2
11247,3
11248,2
11249,3
11250,2
11251,2
11252,2
11253,2
11254,2
11255,2
11256,2
11257,2
11258,2
11259,2
11260,2
11261,2
11262,2
11263,2
11264,2
11265,2
11266,3
11267,2
11268,2
11269,3
11270,3
11271,3
11272,3
11273,2
11274,2
11275,3
11276,2
11277,2
11278,3
11279,3
11280,2
11281,3
11282,2
11283,0
11284,2
11285,2
11286,2
11287,3
11288,3
11289,2
11290,2
11291,3
11292,2
11293,2
11294,2
11295,2
11296,2
11297,2
11298,3
11299,1
11300,3
11301,3
11302,2
11303,2
11304,1
11305,1
11306,2
11307,2
11308,2
11309,2
11310,3
11311,3
11312,3
11313,3
11314,2
11315,2
11316,2
11317,2
11318,3
11319,3
11320,2
11321,3
11322,3
11323,2
11324,2
11325,2
11326,2
11327,2
11328,1
11329,2
11330,2
11331,1
11332,2
11333,2
11334,2
11335,2
11336,2
11337,2
11338,2
11339,2
11340,2
11341,2
11342,2
11343,2
11344,2
11345,2
11346,2
11347,2
11348,2
11349,2
11350,2
11351,2
11352,1
11353,1
11354,2
11355,2
11356,2
11357,2
11358,1
11359,2
11360,2
11361,2
11362,2
11363,2
11364,2
11365,2
11366,2
11367,2
11368,3
11369,2
11370,2
11371,2
11372,2
11373,2
11374,2
11375,2
11376,2
11377,2
11378,2
11379,2
11380,2
11381,2
11382,2
11383,3
11384,2
11385,3
11386,2
11387,1
11388,2
11389,2
11390,2
11391,2
11392,2
11393,3
11394,2
11395,2
11396,1
11397,1
11398,2
11399,3
11400,2
11401,3
11402,3
11403,2
11404,1
11405,1
11406,3
11407,3
11408,3
11409,1
11410,2
11411,2
11412,0
11413,2
11414,2
11415,3
11416,2
11417,2
11418,2
11419,2
11420,2
11421,2
11422,2
11423,2
11424,2
11425,2
11426,2
11427,2
11428,2
11429,2
11430,2
11431,2
11432,2
11433,2
11434,2
11435,2
11436,2
11437,3
11438,3
11439,3
11440,3
11441,2
11442,2
11443,3
11444,2
11445,2
11446,3
11447,3
11448,2
11449,1
11450,2
11451,2
11452,2
11453,2
11454,2
11455,2
11456,2
11457,2
11458,2
11459,2
11460,2
11461,2
11462,2
11463,2
11464,2
11465,2
11466,2
11467,2
11468,2
11469,2
11470,2
11471,2
11472,2
11473,2
11474,2
11475,2
11476,2
11477,2
11478,2
11479,2
11480,2
11481,2
11482,2
11483,2
11484,2
11485,2
11486,3
11487,2
11488,2
11489,3
11490,2
11491,2
11492,2
11493,2
11494,3
11495,2
11496,2
11497,2
11498,1
11499,2
11500,2
11501,3
11502,2
11503,2
11504,2
11505,2
11506,2
11507,2
11508,2
11509,2
11510,2
11511,2
11512,2
11513,2
11514,2
11515,3
11516,2
11517,2
11518,2
11519,2
11520,3
11521,2
11522,2
11523,2
11524,2
11525,2
11526,2
11527,2
11528,2
11529,2
11530,1
11531,1
11532,2
11533,3
11534,2
11535,3
11536,2
11537,1
11538,2
11539,1
11540,1
11541,1
11542,2
11543,2
11544,2
11545,2
11546,3
11547,2
11548,2
11549,2
11550,3
11551,2
11552,3
11553,3
11554,2
11555,2
11556,2
11557,2
11558,2
11559,2
11560,3
11561,2
11562,2
11563,2
11564,2
11565,2
11566,2
11567,2
11568,2
11569,2
11570,2
11571,2
11572,2
11573,2
11574,2
11575,2
11576,2
11577,2
11578,2
11579,2
11580,2
11581,2
11582,2
11583,2
11584,2
11585,2
11586,2
11587,2
11588,2
11589,2
11590,2
11591,2
11592,2
11593,2
11594,2
11595,2
11596,2
11597,2
11598,2
11599,2
11600,2
11601,2
11602,2
11603,3
11604,2
11605,2
11606,2
11607,2
11608,2
11609,2
11610,2
11611,2
11612,2
11613,1
11614,2
11615,2
11616,2
11617,2
11618,2
11619,2
11620,2
11621,2
11622,3
11623,3
11624,3
11625,3
11626,2
11627,2
11628,3
11629,2
11630,3
11631,3
11632,3
11633,3
11634,3
11635,3
11636,3
11637,2
11638,2
11639,3
11640,2
11641,3
11642,2
11643,2
11644,2
11645,2
11646,2
11647,2
11648,2
11649,2
11650,1
11651,3
11652,2
11653,2
11654,2
11655,2
11656,2
11657,2
11658,2
11659,2
11660,2
11661,2
11662,2
11663,2
11664,2
11665,2
11666,1
11667,2
11668,2
11669,2
11670,2
11671,2
11672,2
11673,2
11674,2
11675,2
11676,2
11677,2
11678,2
11679,2
11680,2
11681,2
11682,2
11683,2
11684,2
11685,2
11686,2
11687,2
11688,2
11689,2
11690,2
11691,2
11692,2
11693,2
11694,2
11695,2
11696,2
11697,2
11698,2
11699,2
11700,2
11701,2
11702,2
11703,2
11704,2
11705,2
11706,2
11707,2
11708,2
11709,2
11710,2
11711,2
11712,2
11713,2
11714,2
11715,2
11716,2
11717,2
11718,2
11719,2
11720,2
11721,2
11722,2
11723,3
11724,2
11725,3
11726,2
11727,2
11728,2
11729,2
11730,2
11731,2
11732,2
11733,2
11734,2
11735,3
11736,3
11737,1
11738,2
11739,2
11740,2
11741,2
11742,2
11743,2
11744,2
11745,2
11746,2
11747,2
11748,3
11749,2
11750,2
11751,2
11752,2
11753,2
11754,2
11755,2
11756,2
11757,1
11758,3
11759,2
11760,2
11761,2
11762,1
11763,3
11764,2
11765,3
11766,2
11767,2
11768,1
11769,1
11770,3
11771,3
11772,2
11773,2
11774,2
11775,2
11776,2
11777,2
11778,2
11779,2
11780,2
11781,2
11782,2
11783,1
11784,2
11785,1
11786,3
11787,1
11788,2
11789,1
11790,1
11791,1
11792,2
11793,2
11794,2
11795,2
11796,2
11797,2
11798,2
11799,2
11800,2
11801,2
11802,2
11803,3
11804,3
11805,3
11806,1
11807,2
11808,3
11809,3
11810,2
11811,2
11812,2
11813,2
11814,2
11815,2
11816,2
11817,2
11818,2
11819,2
11820,2
11821,2
11822,2
11823,2
11824,3
11825,2
11826,2
11827,3
11828,3
11829,3
11830,2
11831,2
11832,2
11833,3
11834,3
11835,2
11836,2
11837,2
11838,3
11839,3
11840,2
11841,3
11842,3
11843,2
11844,3
11845,3
11846,2
11847,3
11848,3
11849,3
11850,3
11851,2
11852,3
11853,3
11854,3
11855,3
11856,3
11857,2
11858,3
11859,3
11860,3
11861,2
11862,2
11863,2
11864,1
11865,3
11866,3
11867,1
11868,2
11869,3
11870,2
11871,2
11872,3
11873,2
11874,2
11875,2
11876,3
11877,2
11878,2
11879,2
11880,2
11881,2
11882,2
11883,2
11884,2
11885,2
11886,2
11887,2
11888,2
11889,2
11890,2
11891,2
11892,2
11893,2
11894,2
11895,2
11896,3
11897,3
11898,2
11899,2
11900,2
11901,2
11902,2
11903,3
11904,2
11905,2
11906,3
11907,2
11908,3
11909,2
11910,2
11911,3
11912,2
11913,2
11914,2
11915,2
11916,2
11917,2
11918,2
11919,2
11920,2
11921,2
11922,3
11923,3
11924,1
11925,3
11926,1
11927,1
11928,3
11929,3
11930,1
11931,1
11932,3
11933,1
11934,2
11935,2
11936,3
11937,3
11938,1
11939,3
11940,3
11941,2
11942,2
11943,2
11944,3
11945,2
11946,2
11947,3
11948,3
11949,3
11950,3
11951,1
11952,1
11953,1
11954,2
11955,2
11956,2
11957,2
11958,2
11959,2
11960,2
11961,2
11962,2
11963,3
11964,2
11965,2
11966,2
11967,3
11968,2
11969,2
11970,3
11971,2
11972,2
11973,2
11974,2
11975,2
11976,2
11977,2
11978,1
11979,3
11980,3
11981,3
11982,3
11983,3
11984,2
11985,2
11986,2
11987,2
11988,2
11989,2
11990,2
11991,2
11992,2
11993,2
11994,2
11995,2
11996,2
11997,2
11998,2
11999,2
12000,2
12001,2
12002,2
12003,1
12004,2
12005,2
12006,2
12007,2
12008,2
12009,2
12010,2
12011,2
12012,2
12013,2
12014,2
12015,2
12016,3
12017,3
12018,1
12019,3
12020,3
12021,3
12022,3
12023,3
12024,3
12025,3
12026,2
12027,2
12028,1
12029,1
12030,1
12031,3
12032,3
12033,1
12034,1
12035,1
12036,1
12037,1
12038,2
12039,3
12040,2
12041,2
12042,2
12043,2
12044,2
12045,1
12046,1
12047,1
12048,1
12049,3
12050,3
12051,1
12052,1
12053,1
12054,3
12055,3
12056,3
12057,1
12058,1
12059,1
12060,3
12061,3
12062,3
12063,3
12064,0
12065,1
12066,3
12067,3
12068,0
12069,3
12070,3
12071,2
12072,2
12073,3
12074,1
12075,3
12076,3
12077,3
12078,3
12079,3
12080,3
12081,3
12082,3
12083,3
12084,3
12085,3
12086,3
12087,3
12088,0
12089,3
12090,3
12091,0
12092,3
12093,3
12094,3
12095,1
12096,1
12097,0
12098,2
12099,3
12100,3
12101,3
12102,0
12103,0
12104,1
12105,0
12106,0
12107,1
12108,1
12109,3
12110,3
12111,2
12112,2
12113,2
12114,0
12115,1
12116,1
12117,1
12118,3
12119,3
12120,2
12121,3
12122,2
12123,3
12124,3
12125,3
12126,2
12127,2
12128,3
12129,2
12130,2
12131,2
12132,2
12133,2
12134,2
12135,2
12136,2
12137,2
12138,2
12139,2
12140,2
12141,2
12142,3
12143,3
12144,1
12145,3
12146,3
12147,3
12148,3
12149,3
12150,2
12151,2
12152,2
12153,2
12154,2
12155,3
12156,3
12157,1
12158,2
12159,2
12160,3
12161,3
12162,3
12163,3
12164,3
12165,3
12166,3
12167,3
12168,3
12169,3
12170,3
12171,3
12172,2
12173,2
12174,2
12175,3
12176,3
12177,2
12178,2
12179,2
12180,2
12181,2
12182,3
12183,3
12184,3
12185,3
12186,3
12187,2
12188,2
12189,1
12190,2
12191,2
12192,1
12193,1
12194,2
12195,3
12196,3
12197,3
12198,2
12199,3
12200,2
12201,2
12202,2
12203,3
12204,3
12205,3
12206,2
12207,3
12208,3
12209,2
12210,3
12211,3
12212,3
12213,2
12214,3
12215,2
12216,3
12217,3
12218,3
12219,2
12220,2
12221,2
12222,3
12223,2
12224,3
12225,2
12226,3
12227,3
12228,3
12229,3
12230,3
12231,3
12232,3
12233,1
12234,3
12235,1
12236,1
12237,1
12238,1
12239,0
12240,0
12241,0
12242,0
12243,0
12244,3
12245,3
12246,0
12247,0
12248,3
12249,3
12250,3
12251,3
12252,1
12253,3
12254,3
12255,2
12256,2
12257,2
12258,2
12259,3
12260,3
12261,3
12262,3
12263,0
12264,3
12265,3
12266,3
12267,3
12268,0
12269,3
12270,2
12271,0
12272,2
12273,2
12274,2
12275,2
12276,2
12277,2
12278,2
12279,2
12280,2
12281,2
12282,0
12283,3
12284,2
12285,2
12286,2
12287,2
12288,2
12289,2
12290,2
12291,2
12292,3
12293,3
12294,3
12295,3
12296,1
12297,2
12298,1
12299,2
12300,1
12301,1
12302,1
12303,3
12304,0
12305,0
12306,0
12307,3
12308,0
12309,1
12310,3
12311,2
12312,2
12313,2
12314,2
12315,2
12316,2
12317,0
12318,2
12319,3
12320,2
12321,2
12322,0
12323,3
12324,3
12325,3
12326,3
12327,1
12328,2
12329,3
12330,1
12331,1
12332,1
12333,1
12334,3
12335,2
12336,3
12337,3
12338,1
12339,2
12340,3
12341,3
12342,1
12343,1
12344,3
12345,1
12346,3
12347,2
12348,3
12349,3
12350,2
12351,2
12352,2
12353,2
12354,3
12355,1
12356,2
12357,2
12358,3
12359,3
12360,2
12361,3
12362,1
12363,1
12364,1
12365,3
12366,1
12367,1
12368,1
12369,0
12370,3
12371,1
12372,1
12373,1
12374,2
12375,2
12376,3
12377,3
12378,1
12379,3
12380,3
12381,2
12382,3
12383,1
12384,1
12385,3
12386,3
12387,2
12388,3
12389,2
12390,3
12391,3
12392,2
12393,3
12394,3
12395,3
12396,0
12397,3
12398,0
12399,0
12400,3
12401,3
12402,3
12403,3
12404,3
12405,3
12406,3
12407,3
12408,3
12409,3
12410,2
12411,3
12412,0
12413,3
12414,3
12415,3
12416,1
12417,3
12418,3
12419,2
12420,0
12421,3
12422,3
12423,3
12424,3
12425,3
12426,3
12427,3
12428,3
12429,3
12430,3
12431,3
12432,3
12433,3
12434,3
12435,0
12436,3
12437,3
12438,0
12439,0
12440,3
12441,0
12442,2
12443,0
12444,0
12445,3
12446,0
12447,0
12448,3
12449,3
12450,3
12451,0
12452,0
12453,0
12454,3
12455,0
12456,3
12457,2
12458,3
12459,2
12460,2
12461,3
12462,3
12463,3
12464,3
12465,2
12466,3
12467,0
12468,0
12469,0
12470,0
12471,0
12472,0
12473,2
12474,2
12475,0
12476,2
12477,2
12478,3
12479,3
12480,2
12481,2
12482,2
12483,2
12484,0
12485,2
12486,2
12487,2
12488,2
12489,3
12490,2
12491,2
12492,2
12493,0
12494,2
12495,3
12496,3
12497,3
12498,3
12499,3
12500,2
12501,3
12502,3
12503,2
12504,2
12505,2
12506,3
12507,2
12508,3
12509,3
12510,3
12511,2
12512,2
12513,1
12514,2
12515,3
12516,3
12517,3
12518,2
12519,2
12520,2
12521,2
12522,2
12523,2
12524,2
12525,2
12526,2
12527,2
12528,2
12529,2
12530,2
12531,2
12532,3
12533,2
12534,3
12535,2
12536,2
12537,3
12538,3
12539,3
12540,3
12541,3
12542,2
12543,2
12544,2
12545,2
12546,2
12547,2
12548,2
12549,2
12550,2
12551,2
12552,2
12553,2
12554,2
12555,3
12556,2
12557,3
12558,3
12559,3
12560,3
12561,3
12562,2
12563,3
12564,2
12565,3
12566,2
12567,2
12568,2
12569,2
12570,2
12571,2
12572,2
12573,2
12574,2
12575,2
12576,2
12577,2
12578,2
12579,2
12580,2
12581,2
12582,2
12583,2
12584,3
12585,2
12586,2
12587,2
12588,3
12589,3
12590,2
12591,2
12592,3
12593,2
12594,2
12595,2
12596,2
12597,2
12598,2
12599,2
12600,2
12601,3
12602,2
12603,2
12604,2
12605,1
12606,2
12607,3
12608,2
12609,2
12610,2
12611,2
12612,2
12613,2
12614,2
12615,2
12616,2
12617,2
12618,2
12619,2
12620,2
12621,2
12622,2
12623,2
12624,2
12625,2
12626,2
12627,2
12628,2
12629,2
12630,2
12631,2
12632,0
12633,3
12634,2
12635,2
12636,3
12637,3
12638,2
12639,2
12640,2
12641,3
12642,3
12643,2
12644,2
12645,3
12646,3
12647,2
12648,2
12649,2
12650,2
12651,2
12652,2
12653,2
12654,2
12655,2
12656,2
12657,2
12658,2
12659,2
12660,2
12661,2
12662,2
12663,2
12664,2
12665,2
12666,2
12667,2
12668,2
12669,2
12670,2
12671,2
12672,2
12673,2
12674,2
12675,2
12676,2
12677,2
12678,2
12679,2
12680,2
12681,2
12682,3
12683,2
12684,2
12685,2
12686,2
12687,2
12688,2
12689,2
12690,1
12691,2
12692,2
12693,2
12694,2
12695,2
12696,2
12697,2
12698,2
12699,2
12700,2
12701,2
12702,2
12703,2
12704,2
12705,3
12706,2
12707,2
12708,2
12709,2
12710,2
12711,2
12712,2
12713,2
12714,2
12715,2
12716,2
12717,2
12718,2
12719,2
12720,2
12721,2
12722,2
12723,2
12724,2
12725,2
12726,2
12727,2
12728,2
12729,2
12730,2
12731,2
12732,2
12733,2
12734,2
12735,2
12736,2
12737,2
12738,2
12739,2
12740,2
12741,2
12742,2
12743,2
12744,3
12745,2
12746,2
12747,2
12748,2
12749,2
12750,2
12751,2
12752,2
12753,2
12754,2
12755,2
12756,2
12757,2
12758,2
12759,2
12760,2
12761,2
12762,2
12763,2
12764,2
12765,3
12766,2
12767,2
12768,2
12769,2
12770,2
12771,2
12772,2
12773,2
12774,2
12775,2
12776,2
12777,2
12778,2
12779,2
12780,2
12781,2
12782,2
12783,2
12784,2
12785,2
12786,2
12787,2
12788,2
12789,2
12790,2
12791,2
12792,2
12793,2
12794,2
12795,2
12796,2
12797,2
12798,2
12799,2
12800,2
12801,2
12802,2
12803,2
12804,2
12805,2
12806,3
12807,2
12808,2
12809,2
12810,2
12811,2
12812,2
12813,2
12814,2
12815,2
12816,3
12817,3
12818,2
12819,2
12820,2
12821,2
12822,2
12823,2
12824,2
12825,2
12826,2
12827,2
12828,2
12829,2
12830,2
12831,2
12832,2
12833,2
12834,2
12835,2
12836,2
12837,2
12838,2
12839,2
12840,2
12841,2
12842,2
12843,2
12844,2
12845,2
12846,2
12847,2
12848,2
12849,2
12850,2
12851,2
12852,2
12853,2
12854,2
12855,2
12856,2
12857,2
12858,2
12859,2
12860,2
12861,2
12862,2
12863,2
12864,2
12865,2
12866,2
12867,2
12868,2
12869,2
12870,2
12871,2
12872,2
12873,2
12874,2
12875,2
12876,2
12877,2
12878,2
12879,2
12880,2
12881,2
12882,2
12883,2
12884,2
12885,2
12886,2
12887,3
12888,2
12889,2
12890,2
12891,2
12892,2
12893,2
12894,2
12895,2
12896,2
12897,2
12898,2
12899,2
12900,2
12901,2
12902,2
12903,2
12904,2
12905,2
12906,2
12907,2
12908,2
12909,2
12910,2
12911,2
12912,2
12913,2
12914,2
12915,2
12916,2
12917,2
12918,2
12919,2
12920,2
12921,2
12922,2
12923,2
12924,2
12925,2
12926,2
12927,2
12928,2
12929,2
12930,2
12931,2
12932,2
12933,2
12934,2
12935,2
12936,2
12937,2
12938,2
12939,2
12940,2
12941,2
12942,2
12943,2
12944,2
12945,2
12946,2
12947,2
12948,2
12949,2
12950,2
12951,2
12952,2
12953,2
12954,2
12955,2
12956,2
12957,2
12958,2
12959,2
12960,2
12961,2
12962,2
12963,2
12964,2
12965,2
12966,2
12967,2
12968,2
12969,2
12970,2
12971,2
12972,2
12973,2
12974,2
12975,2
12976,2
12977,3
12978,2
12979,2
12980,2
12981,2
12982,2
12983,2
12984,2
12985,2
12986,2
12987,2
12988,2
12989,2
12990,2
12991,2
12992,2
12993,2
12994,2
12995,2
12996,2
12997,2
12998,2
12999,2
13000,2
13001,2
13002,2
13003,2
13004,2
13005,2
13006,2
13007,2
13008,2
13009,2
13010,2
13011,2
13012,2
13013,2
13014,2
13015,2
13016,2
13017,2
13018,2
13019,2
13020,2
13021,2
13022,2
13023,2
13024,2
13025,2
13026,2
13027,2
13028,2
13029,2
13030,2
13031,2
13032,2
13033,2
13034,2
13035,2
13036,2
13037,2
13038,2
13039,2
13040,2
13041,2
13042,2
13043,2
13044,3
13045,2
13046,2
13047,2
13048,2
13049,3
13050,2
13051,2
13052,3
13053,2
13054,2
13055,2
13056,2
13057,2
13058,2
13059,2
13060,2
13061,2
13062,2
13063,2
13064,2
13065,2
13066,2
13067,2
13068,2
13069,3
13070,2
13071,2
13072,2
13073,2
13074,2
13075,2
13076,2
13077,2
13078,2
13079,2
13080,2
13081,2
13082,2
13083,2
13084,2
13085,2
13086,2
13087,2
13088,2
13089,2
13090,2
13091,2
13092,2
13093,2
13094,2
13095,2
13096,2
13097,2
13098,2
13099,2
13100,2
13101,2
13102,2
13103,2
13104,2
13105,2
13106,2
13107,2
13108,2
13109,2
13110,2
13111,2
13112,2
13113,2
13114,2
13115,2
13116,2
13117,2
13118,2
13119,2
13120,2
13121,2
13122,2
13123,2
13124,2
13125,2
13126,2
13127,2
13128,2
13129,2
13130,2
13131,2
13132,2
13133,2
13134,2
13135,2
13136,2
13137,2
13138,2
13139,2
13140,2
13141,2
13142,2
13143,2
13144,2
13145,2
13146,2
13147,2
13148,2
13149,2
13150,2
13151,2
13152,2
13153,2
13154,2
13155,2
13156,2
13157,2
13158,2
13159,2
13160,2
13161,2
13162,2
13163,2
13164,2
13165,2
13166,2
13167,2
13168,2
13169,2
13170,2
13171,2
13172,2
13173,2
13174,2
13175,2
13176,2
13177,2
13178,2
13179,2
13180,2
13181,2
13182,2
13183,2
13184,2
13185,2
13186,2
13187,2
13188,2
13189,2
13190,2
13191,2
13192,2
13193,2
13194,2
13195,2
13196,2
13197,2
13198,2
13199,2
13200,2
13201,2
13202,3
13203,2
13204,2
13205,2
13206,2
13207,2
13208,2
13209,2
13210,2
13211,3
13212,3
13213,2
13214,2
13215,2
13216,2
13217,3
13218,3
13219,2
13220,3
13221,2
13222,2
13223,2
13224,3
13225,2
13226,2
13227,2
13228,2
13229,2
13230,2
13231,2
13232,2
13233,2
13234,2
13235,2
13236,2
13237,2
13238,2
13239,2
13240,2
13241,2
13242,2
13243,2
13244,2
13245,2
13246,2
13247,2
13248,2
13249,2
13250,2
13251,2
13252,2
13253,2
13254,3
13255,2
13256,3
13257,3
13258,3
13259,3
13260,2
13261,2
13262,2
13263,3
13264,2
13265,2
13266,3
13267,2
13268,3
13269,2
13270,3
13271,3
13272,2
13273,2
13274,3
13275,3
13276,2
13277,2
13278,3
13279,2
13280,2
13281,3
13282,3
13283,3
13284,3
13285,3
13286,3
13287,3
13288,2
13289,2
13290,2
13291,2
13292,2
13293,0
13294,0
13295,3
13296,3
13297,3
13298,3
13299,3
13300,3
13301,2
13302,3
13303,3
13304,2
13305,2
13306,2
13307,2
13308,2
13309,2
13310,2
13311,2
13312,2
13313,2
13314,2
13315,2
13316,2
13317,2
13318,2
13319,2
13320,2
13321,2
13322,2
13323,2
13324,2
13325,2
13326,2
13327,2
13328,2
13329,2
13330,2
13331,2
13332,2
13333,2
13334,2
13335,2
13336,2
13337,2
13338,2
13339,2
13340,2
13341,2
13342,2
13343,2
13344,2
13345,2
13346,2
13347,2
13348,2
13349,2
13350,2
13351,2
13352,2
13353,2
13354,2
13355,2
13356,2
13357,2
13358,2
13359,2
13360,2
13361,2
13362,2
13363,2
13364,2
13365,2
13366,2
13367,2
13368,2
13369,2
13370,2
13371,2
13372,2
13373,3
13374,3
13375,3
13376,3
13377,3
13378,3
13379,3
13380,3
13381,1
13382,2
13383,3
13384,3
13385,3
13386,3
13387,3
13388,3
13389,2
13390,3
13391,2
13392,2
13393,2
13394,2
13395,2
13396,2
13397,2
13398,2
13399,2
13400,2
13401,2
13402,2
13403,2
13404,2
13405,2
13406,2
13407,2
13408,2
13409,2
13410,2
13411,2
13412,2
13413,2
13414,2
13415,2
13416,2
13417,2
13418,2
13419,2
13420,2
13421,2
13422,2
13423,2
13424,2
13425,2
13426,2
13427,2
13428,2
13429,2
13430,2
13431,2
13432,2
13433,2
13434,2
13435,2
13436,2
13437,2
13438,2
13439,2
13440,2
13441,2
13442,2
13443,2
13444,2
13445,2
13446,2
13447,2
13448,2
13449,2
13450,2
13451,2
13452,2
13453,2
13454,2
13455,2
13456,2
13457,2
13458,2
13459,2
13460,2
13461,2
13462,2
13463,2
13464,2
13465,2
13466,2
13467,3
13468,3
13469,2
13470,3
13471,2
13472,2
13473,2
13474,2
13475,2
13476,2
13477,2
13478,2
13479,2
13480,2
13481,2
13482,1
13483,2
13484,2
13485,2
13486,1
13487,2
13488,2
13489,2
13490,2
13491,2
13492,2
13493,2
13494,2
13495,2
13496,2
13497,2
13498,2
13499,2
13500,2
13501,2
13502,2
13503,2
13504,2
13505,2
13506,2
13507,2
13508,2
13509,2
13510,2
13511,2
13512,2
13513,2
13514,2
13515,2
13516,2
13517,3
13518,2
13519,3
13520,2
13521,2
13522,2
13523,2
13524,2
13525,2
13526,2
13527,2
13528,2
13529,2
13530,2
13531,2
13532,2
13533,2
13534,2
13535,2
13536,2
13537,2
13538,2
13539,2
13540,2
13541,2
13542,2
13543,2
13544,2
13545,2
13546,2
13547,2
13548,2
13549,3
13550,2
13551,2
13552,3
13553,2
13554,2
13555,2
13556,2
13557,3
13558,3
13559,3
13560,3
13561,3
13562,3
13563,2
13564,2
13565,2
13566,3
13567,2
13568,2
13569,2
13570,2
13571,2
13572,2
13573,2
13574,2
13575,2
13576,2
13577,2
13578,2
13579,2
13580,2
13581,2
13582,2
13583,2
13584,2
13585,2
13586,2
13587,2
13588,2
13589,2
13590,2
13591,2
13592,2
13593,2
13594,2
13595,2
13596,2
13597,2
13598,2
13599,2
13600,2
13601,2
13602,2
13603,2
13604,2
13605,2
13606,2
13607,3
13608,3
13609,3
13610,3
13611,2
13612,2
13613,2
13614,3
13615,2
13616,2
13617,2
13618,3
13619,2
13620,3
13621,2
13622,3
13623,3
13624,3
13625,2
13626,2
13627,0
13628,2
13629,2
13630,2
13631,2
13632,0
13633,2
13634,3
13635,0
13636,0
13637,2
13638,2
13639,2
13640,2
13641,2
13642,2
13643,0
13644,0
13645,0
13646,2
13647,2
13648,0
13649,2
13650,0
13651,2
13652,2
13653,2
13654,2
13655,2
13656,2
13657,2
13658,3
13659,3
13660,3
13661,3
13662,3
13663,3
13664,3
13665,3
13666,3
13667,3
13668,3
13669,3
13670,3
13671,3
13672,3
13673,3
13674,3
13675,3
13676,3
13677,2
13678,2
13679,2
13680,3
13681,2
13682,3
13683,2
13684,2
13685,3
13686,3
13687,3
13688,3
13689,3
13690,3
13691,3
13692,2
13693,2
13694,2
13695,2
13696,3
13697,2
13698,2
13699,3
13700,3
13701,3
13702,3
13703,3
13704,3
13705,3
13706,3
13707,3
13708,3
13709,2
13710,2
13711,3
13712,3
13713,3
13714,3
13715,3
13716,2
13717,3
13718,3
13719,3
13720,2
13721,3
13722,3
13723,3
13724,3
13725,3
13726,3
13727,2
13728,2
13729,3
13730,3
13731,2
13732,2
13733,2
13734,3
13735,2
13736,2
13737,2
13738,2
13739,2
13740,2
13741,2
13742,3
13743,2
13744,3
13745,2
13746,2
13747,2
13748,2
13749,3
13750,3
13751,2
13752,3
13753,3
13754,3
13755,3
13756,3
13757,2
13758,2
13759,2
13760,2
13761,2
13762,3
13763,3
13764,3
13765,3
13766,3
13767,3
13768,1
13769,2
13770,2
13771,3
13772,2
13773,2
13774,2
13775,2
13776,2
13777,3
13778,3
13779,3
13780,2
13781,1
13782,3
13783,3
13784,1
13785,3
13786,3
13787,2
13788,2
13789,2
13790,2
13791,2
13792,1
13793,2
13794,3
13795,3
13796,3
13797,2
13798,2
13799,2
13800,2
13801,2
13802,2
13803,2
13804,2
13805,2
13806,3
13807,3
13808,1
13809,2
13810,3
13811,3
13812,2
13813,2
13814,3
13815,3
13816,2
13817,3
13818,3
13819,2
13820,2
13821,2
13822,3
13823,2
13824,2
13825,2
13826,3
13827,3
13828,3
13829,2
13830,2
13831,2
13832,2
13833,2
13834,2
13835,2
13836,2
13837,2
13838,2
13839,3
13840,3
13841,3
13842,3
13843,2
13844,3
13845,3
13846,3
13847,3
13848,3
13849,3
13850,3
13851,3
13852,3
13853,3
13854,3
13855,2
13856,2
13857,3
13858,3
13859,3
13860,2
13861,3
13862,3
13863,2
13864,3
13865,3
13866,3
13867,3
13868,2
13869,2
13870,2
13871,2
13872,3
13873,2
13874,2
13875,3
13876,2
13877,2
13878,2
13879,2
13880,2
13881,2
13882,2
13883,2
13884,2
13885,2
13886,3
13887,2
13888,2
13889,2
13890,2
13891,2
13892,2
13893,2
13894,2
13895,2
13896,2
13897,1
13898,2
13899,2
13900,2
13901,2
13902,2
13903,3
13904,2
13905,2
13906,2
13907,2
13908,2
13909,2
13910,2
13911,2
13912,2
13913,2
13914,2
13915,2
13916,2
13917,2
13918,2
13919,2
13920,2
13921,2
13922,2
13923,2
13924,2
13925,2
13926,2
13927,3
13928,2
13929,2
13930,2
13931,2
13932,2
13933,2
13934,2
13935,2
13936,2
13937,2
13938,2
13939,2
13940,2
13941,2
13942,2
13943,2
13944,2
13945,2
13946,2
13947,2
13948,2
13949,2
13950,2
13951,2
13952,2
13953,2
13954,2
13955,2
13956,2
13957,2
13958,2
13959,2
13960,2
13961,2
13962,2
13963,2
13964,2
13965,2
13966,2
13967,2
13968,2
13969,2
13970,2
13971,2
13972,2
13973,2
13974,2
13975,2
13976,2
13977,2
13978,2
13979,2
13980,2
13981,2
13982,2
13983,2
13984,2
13985,2
13986,2
13987,2
13988,2
13989,2
13990,2
13991,2
13992,2
13993,2
13994,2
13995,2
13996,2
13997,2
13998,2
13999,2
14000,2
14001,2
14002,2
14003,2
14004,2
14005,2
14006,2
14007,2
14008,3
14009,2
14010,3
14011,0
14012,0
14013,0
14014,2
14015,2
14016,0
14017,0
14018,2
14019,3
14020,2
14021,2
14022,2
14023,2
14024,2
14025,2
14026,2
14027,2
14028,2
14029,2
14030,2
14031,2
14032,2
14033,2
14034,2
14035,2
14036,2
14037,2
14038,2
14039,2
14040,2
14041,2
14042,2
14043,2
14044,2
14045,2
14046,2
14047,2
14048,2
14049,2
14050,2
14051,2
14052,2
14053,2
14054,2
14055,3
14056,2
14057,2
14058,2
14059,2
14060,2
14061,2
14062,2
14063,2
14064,2
14065,2
14066,2
14067,3
14068,2
14069,2
14070,2
14071,2
14072,2
14073,2
14074,2
14075,2
14076,2
14077,2
14078,2
14079,2
14080,2
14081,2
14082,2
14083,2
14084,2
14085,2
14086,2
14087,2
14088,2
14089,3
14090,3
14091,3
14092,2
14093,3
14094,2
14095,2
14096,3
14097,2
14098,2
14099,3
14100,3
14101,2
14102,3
14103,2
14104,3
14105,3
14106,3
14107,3
14108,2
14109,3
14110,3
14111,2
14112,2
14113,2
14114,2
14115,2
14116,3
14117,3
14118,3
14119,2
14120,2
14121,3
14122,2
14123,3
14124,3
14125,2
14126,2
14127,2
14128,2
14129,3
14130,3
14131,3
14132,3
14133,3
14134,3
14135,3
14136,2
14137,2
14138,2
14139,2
14140,2
14141,3
14142,2
14143,3
14144,2
14145,3
14146,2
14147,2
14148,0
14149,3
14150,3
14151,3
14152,3
14153,3
14154,2
14155,3
14156,3
14157,3
14158,3
14159,2
14160,2
14161,2
14162,2
14163,2
14164,2
14165,2
14166,2
14167,2
14168,2
14169,2
14170,3
14171,2
14172,2
14173,3
14174,2
14175,2
14176,2
14177,2
14178,2
14179,2
14180,3
14181,2
14182,2
14183,2
14184,2
14185,2
14186,2
14187,2
14188,2
14189,2
14190,2
14191,2
14192,2
14193,2
14194,2
14195,2
14196,2
14197,3
14198,2
14199,2
14200,2
14201,2
14202,3
14203,2
14204,2
14205,2
14206,2
14207,2
14208,3
14209,2
14210,2
14211,2
14212,3
14213,2
14214,2
14215,2
14216,2
14217,2
14218,2
14219,3
14220,2
14221,2
14222,2
14223,3
14224,2
14225,2
14226,2
14227,0
14228,2
14229,2
14230,0
14231,3
14232,2
14233,0
14234,2
14235,2
14236,0
14237,2
14238,3
14239,2
14240,2
14241,2
14242,2
14243,2
14244,2
14245,2
14246,2
14247,2
14248,2
14249,2
14250,2
14251,2
14252,2
14253,2
14254,2
14255,2
14256,2
14257,2
14258,2
14259,2
14260,2
14261,2
14262,2
14263,2
14264,2
14265,2
14266,2
14267,2
14268,2
14269,2
14270,2
14271,2
14272,2
14273,2
14274,2
14275,2
14276,2
14277,2
14278,2
14279,2
14280,2
14281,0
14282,2
14283,2
14284,2
14285,2
14286,2
14287,2
14288,2
14289,2
14290,0
14291,2
14292,2
14293,3
14294,1
14295,2
14296,2
14297,2
14298,2
14299,2
14300,2
14301,2
14302,2
14303,3
14304,3
14305,0
14306,0
14307,2
14308,2
14309,2
14310,2
14311,2
14312,2
14313,2
14314,2
14315,2
14316,2
14317,2
14318,2
14319,2
14320,2
14321,2
14322,2
14323,2
14324,2
14325,2
14326,2
14327,2
14328,2
14329,2
14330,2
14331,2
14332,2
14333,2
14334,2
14335,2
14336,2
14337,2
14338,2
14339,2
14340,2
14341,2
14342,2
14343,2
14344,2
14345,2
14346,3
14347,2
14348,2
14349,2
14350,2
14351,3
14352,1
14353,3
14354,2
14355,2
14356,2
14357,2
14358,2
14359,2
14360,0
14361,3
14362,0
14363,1
14364,3
14365,3
14366,2
14367,1
14368,0
14369,3
14370,3
14371,3
14372,0
14373,2
14374,2
14375,2
14376,2
14377,2
14378,2
14379,2
14380,2
14381,2
14382,2
14383,2
14384,2
14385,2
14386,0
14387,2
14388,2
14389,2
14390,2
14391,0
14392,2
14393,0
14394,2
14395,2
14396,2
14397,2
14398,2
14399,2
14400,2
14401,2
14402,2
14403,2
14404,2
14405,0
14406,2
14407,2
14408,2
14409,3
14410,0
14411,0
14412,0
14413,3
14414,2
14415,2
14416,2
14417,2
14418,2
14419,2
14420,2
14421,2
14422,2
14423,2
14424,2
14425,2
14426,2
14427,2
14428,2
14429,2
14430,2
14431,2
14432,2
14433,2
14434,0
14435,2
14436,2
14437,2
14438,0
14439,2
14440,2
14441,2
14442,2
14443,0
14444,2
14445,2
14446,2
14447,0
14448,2
14449,3
14450,3
14451,0
14452,2
14453,2
14454,0
14455,0
14456,0
14457,2
14458,0
14459,0
14460,0
14461,2
14462,2
14463,0
14464,2
14465,2
14466,2
14467,2
14468,2
14469,2
14470,2
14471,2
14472,2
14473,2
14474,2
14475,3
14476,2
14477,3
14478,2
14479,2
14480,2
14481,2
14482,2
14483,2
14484,0
14485,2
14486,2
14487,2
14488,2
14489,2
14490,2
14491,2
14492,2
14493,0
14494,2
14495,2
14496,2
14497,2
14498,2
14499,2
14500,2
14501,2
14502,2
14503,2
14504,2
14505,3
14506,2
14507,3
14508,2
14509,3
14510,2
14511,0
14512,0
14513,0
14514,0
14515,2
14516,2
14517,0
14518,0
14519,2
14520,2
14521,0
14522,3
14523,3
14524,3
14525,2
14526,3
14527,0
14528,1
14529,3
14530,0
14531,3
14532,2
14533,1
14534,2
14535,3
14536,2
14537,2
14538,2
14539,2
14540,2
14541,2
14542,2
14543,3
14544,2
14545,2
14546,2
14547,2
14548,2
14549,2
14550,3
14551,2
14552,2
14553,2
14554,2
14555,2
14556,2
14557,3
14558,2
14559,3
14560,3
14561,2
14562,2
14563,3
14564,2
14565,2
14566,2
14567,2
14568,3
14569,3
14570,3
14571,2
14572,2
14573,3
14574,2
14575,1
14576,3
14577,3
14578,2
14579,2
14580,2
14581,2
14582,2
14583,2
14584,2
14585,2
14586,2
14587,2
14588,2
14589,2
14590,2
14591,2
14592,2
14593,2
14594,3
14595,2
14596,2
14597,2
14598,2
14599,2
14600,0
14601,2
14602,2
14603,2
14604,2
14605,2
14606,2
14607,2
14608,2
14609,3
14610,3
14611,2
14612,2
14613,2
14614,2
14615,2
14616,3
14617,2
14618,2
14619,2
14620,2
14621,2
14622,2
14623,2
14624,2
14625,2
14626,2
14627,2
14628,2
14629,2
14630,2
14631,2
14632,2
14633,2
14634,2
14635,1
14636,3
14637,3
14638,1
14639,1
14640,0
14641,2
14642,0
14643,3
14644,1
14645,0
14646,3
14647,2
14648,2
14649,2
14650,3
14651,3
14652,1
14653,3
14654,1
14655,3
14656,2
14657,0
14658,0
14659,2
14660,1
14661,3
14662,3
14663,3
14664,0
14665,3
14666,0
14667,0
14668,0
14669,3
14670,2
14671,3
14672,3
14673,2
14674,3
14675,1
14676,3
14677,3
14678,3
14679,1
14680,2
14681,2
14682,2
14683,2
14684,0
14685,3
14686,3
14687,2
14688,2
14689,2
14690,3
14691,3
14692,3
14693,3
14694,1
14695,3
14696,0
14697,3
14698,2
14699,3
14700,2
14701,3
14702,2
14703,2
14704,0
14705,2
14706,2
14707,2
14708,2
14709,2
14710,2
14711,2
14712,2
14713,2
14714,2
14715,3
14716,2
14717,2
14718,3
14719,2
14720,3
14721,3
14722,2
14723,2
14724,2
14725,2
14726,2
14727,2
14728,2
14729,2
14730,2
14731,2
14732,2
14733,2
14734,2
14735,2
14736,2
14737,2
14738,2
14739,2
14740,2
14741,3
14742,2
14743,2
14744,2
14745,2
14746,2
14747,2
14748,2
14749,3
14750,2
14751,1
14752,2
14753,3
14754,3
14755,3
14756,3
14757,2
14758,2
14759,3
14760,3
14761,3
14762,3
14763,2
14764,3
14765,3
14766,0
14767,2
14768,2
14769,2
14770,0
14771,2
14772,0
14773,0
14774,2
14775,0
14776,2
14777,2
14778,2
14779,3
14780,3
14781,2
14782,2
14783,2
14784,2
14785,2
14786,2
14787,0
14788,3
14789,3
14790,0
14791,1
14792,1
14793,1
14794,3
14795,0
14796,0
14797,1
14798,0
14799,0
14800,0
14801,3
14802,3
14803,2
14804,3
14805,3
14806,3
14807,3
14808,3
14809,0
14810,2
14811,3
14812,2
14813,0
14814,3
14815,0
14816,0
14817,0
14818,2
14819,2
14820,1
14821,1
14822,2
14823,2
14824,3
14825,1
14826,1
14827,3
14828,2
14829,2
14830,2
14831,2
14832,2
14833,2
14834,2
14835,2
14836,0
14837,2
14838,2
14839,2
14840,2
14841,2
14842,2
14843,2
14844,2
14845,2
14846,2
14847,2
14848,3
14849,2
14850,2
14851,2
14852,2
14853,2
14854,2
14855,2
14856,2
14857,2
14858,2
14859,2
14860,2
14861,2
14862,2
14863,3
14864,2
14865,3
14866,2
14867,3
14868,2
14869,3
14870,2
14871,2
14872,0
14873,3
14874,0
14875,0
14876,2
14877,3
14878,0
14879,3
14880,0
14881,2
14882,2
14883,2
14884,2
14885,2
14886,0
14887,2
14888,2
14889,2
14890,2
14891,2
14892,2
14893,0
14894,2
14895,2
14896,3
14897,2
14898,2
14899,3
14900,3
14901,0
14902,2
14903,2
14904,2
14905,0
14906,2
14907,2
14908,3
14909,3
14910,2
14911,2
14912,0
14913,3
14914,3
14915,0
14916,1
14917,0
14918,2
14919,2
14920,2
14921,2
14922,2
14923,2
14924,0
14925,2
14926,3
14927,2
14928,2
14929,2
14930,2
14931,2
14932,2
14933,2
14934,2
14935,0
14936,2
14937,2
14938,3
14939,2
14940,2
14941,2
14942,3
14943,2
14944,2
14945,2
14946,0
14947,2
14948,2
14949,3
14950,2
14951,2
14952,2
14953,2
14954,0
14955,2
14956,2
14957,2
14958,2
14959,2
14960,2
14961,2
14962,2
14963,0
14964,2
14965,2
14966,2
14967,0
14968,2
14969,2
14970,2
14971,2
14972,2
14973,3
14974,2
14975,0
14976,0
14977,2
14978,2
14979,2
14980,2
14981,2
14982,0
14983,2
14984,2
14985,2
14986,0
14987,2
14988,0
14989,2
14990,2
14991,2
14992,2
14993,2
14994,2
14995,2
14996,3
14997,2
14998,2
14999,2
15000,2
15001,2
15002,2
15003,0
15004,0
15005,0
15006,2
15007,2
15008,2
15009,2
15010,2
15011,3
15012,2
15013,0
15014,2
15015,3
15016,2
15017,2
15018,2
15019,2
15020,2
15021,2
15022,2
15023,2
15024,2
15025,2
15026,2
15027,2
15028,2
15029,2
15030,3
15031,2
15032,2
15033,2
15034,2
15035,2
15036,2
15037,3
15038,3
15039,0
15040,2
15041,0
15042,0
15043,2
15044,0
15045,2
15046,3
15047,3
15048,2
15049,2
15050,3
15051,3
15052,2
15053,3
15054,2
15055,3
15056,2
15057,2
15058,2
15059,2
15060,0
15061,2
15062,2
15063,2
15064,2
15065,2
15066,2
15067,2
15068,0
15069,2
15070,2
15071,2
15072,3
15073,0
15074,2
15075,2
15076,2
15077,2
15078,2
15079,2
15080,2
15081,3
15082,2
15083,3
15084,2
15085,3
15086,3
15087,1
15088,3
15089,2
15090,0
15091,0
15092,1
15093,1
15094,3
15095,3
15096,1
15097,0
15098,3
15099,0
15100,2
15101,0
15102,2
15103,0
15104,3
15105,2
15106,3
15107,2
15108,2
15109,2
15110,2
15111,0
15112,2
15113,0
15114,2
15115,2
15116,2
15117,3
15118,3
15119,2
15120,3
15121,2
15122,3
15123,2
15124,2
15125,2
15126,3
15127,2
15128,3
15129,3
15130,1
15131,2
15132,2
15133,2
15134,2
15135,2
15136,2
15137,2
15138,2
15139,2
15140,2
15141,2
15142,2
15143,2
15144,2
15145,2
15146,2
15147,2
15148,2
15149,3
15150,2
15151,2
15152,2
15153,2
15154,2
15155,2
15156,2
15157,2
15158,2
15159,2
15160,2
15161,2
15162,2
15163,2
15164,2
15165,2
15166,2
15167,2
15168,2
15169,2
15170,2
15171,2
15172,2
15173,2
15174,2
15175,2
15176,2
15177,2
15178,2
15179,3
15180,2
15181,2
15182,2
15183,2
15184,2
15185,3
15186,2
15187,2
15188,3
15189,2
15190,2
15191,2
15192,0
15193,2
15194,2
15195,2
15196,2
15197,0
15198,2
15199,2
15200,0
15201,2
15202,0
15203,0
15204,0
15205,0
15206,2
15207,2
15208,2
15209,2
15210,2
15211,3
15212,3
15213,2
15214,2
15215,0
15216,2
15217,2
15218,2
15219,2
15220,0
15221,2
15222,2
15223,2
15224,2
15225,0
15226,2
15227,2
15228,2
15229,2
15230,2
15231,0
15232,2
15233,2
15234,2
15235,2
15236,2
15237,2
15238,2
15239,2
15240,2
15241,2
15242,2
15243,2
15244,2
15245,2
15246,2
15247,2
15248,2
15249,2
15250,2
15251,2
15252,2
15253,2
15254,2
15255,2
15256,2
15257,2
15258,2
15259,2
15260,2
15261,3
15262,2
15263,0
15264,0
15265,0
15266,2
15267,0
15268,2
15269,2
15270,2
15271,2
15272,2
15273,2
15274,2
15275,0
15276,2
15277,2
15278,0
15279,2
15280,0
15281,2
15282,2
15283,0
15284,2
15285,0
15286,2
15287,2
15288,2
15289,0
15290,2
15291,2
15292,2
15293,2
15294,2
15295,1
15296,3
15297,0
15298,2
15299,3
15300,1
15301,3
15302,3
15303,0
15304,3
15305,3
15306,3
15307,3
15308,3
15309,3
15310,0
15311,0
15312,0
15313,2
15314,0
15315,3
15316,0
15317,0
15318,0
15319,0
15320,3
15321,1
15322,1
15323,1
15324,1
15325,3
15326,1
15327,1
15328,3
15329,0
15330,0
15331,1
15332,0
15333,1
15334,2
15335,2
15336,1
15337,1
15338,3
15339,2
15340,1
15341,2
15342,2
15343,2
15344,1
15345,1
15346,3
15347,1
15348,2
15349,3
15350,1
15351,3
15352,2
15353,2
15354,0
15355,2
15356,0
15357,0
15358,2
15359,2
15360,2
15361,3
15362,2
15363,2
15364,2
15365,2
15366,2
15367,2
15368,2
15369,2
15370,2
15371,2
15372,2
15373,2
15374,2
15375,2
15376,2
15377,2
15378,2
15379,2
15380,2
15381,2
15382,2
15383,2
15384,2
15385,2
15386,2
15387,2
15388,2
15389,2
15390,2
15391,2
15392,2
15393,2
15394,2
15395,2
15396,2
15397,2
15398,2
15399,2
15400,2
15401,2
15402,2
15403,2
15404,2
15405,2
15406,2
15407,2
15408,2
15409,2
15410,1
15411,1
15412,2
15413,2
15414,2
15415,2
15416,2
15417,2
15418,2
15419,2
15420,2
15421,2
15422,2
15423,2
15424,2
15425,2
15426,2
15427,2
15428,2
15429,2
15430,3
15431,2
15432,2
15433,3
15434,3
15435,3
15436,3
15437,3
15438,3
15439,3
15440,2
15441,3
15442,2
15443,2
15444,2
15445,2
15446,2
15447,2
15448,3
15449,2
15450,2
15451,2
15452,2
15453,2
15454,2
15455,2
15456,2
15457,3
15458,2
15459,2
15460,2
15461,2
15462,2
15463,2
15464,2
15465,3
15466,2
15467,2
15468,3
15469,2
15470,2
15471,2
15472,2
15473,0
15474,2
15475,2
15476,3
15477,2
15478,3
15479,2
15480,2
15481,1
15482,2
15483,2
15484,3
15485,2
15486,3
15487,2
15488,2
15489,2
15490,2
15491,2
15492,2
15493,2
15494,2
15495,2
15496,2
15497,2
15498,2
15499,2
15500,2
15501,3
15502,3
15503,3
15504,2
15505,2
15506,2
15507,2
15508,2
15509,2
15510,1
15511,3
15512,3
15513,0
15514,0
15515,3
15516,2
15517,3
15518,2
15519,2
15520,2
15521,2
15522,2
15523,2
15524,2
15525,2
15526,2
15527,3
15528,3
15529,3
15530,3
15531,2
15532,3
15533,3
15534,1
15535,2
15536,2
15537,2
15538,2
15539,2
15540,2
15541,3
15542,1
15543,2
15544,2
15545,3
15546,2
15547,3
15548,3
15549,3
15550,3
15551,3
15552,3
15553,2
15554,2
15555,3
15556,2
15557,1
15558,2
15559,3
15560,2
15561,2
15562,2
15563,3
15564,2
15565,2
15566,2
15567,2
15568,3
15569,2
15570,2
15571,2
15572,2
15573,3
15574,2
15575,2
15576,2
15577,3
15578,3
15579,3
15580,3
15581,2
15582,2
15583,0
15584,2
15585,2
15586,2
15587,3
15588,0
15589,0
15590,0
15591,2
15592,2
15593,2
15594,2
15595,2
15596,3
15597,2
15598,2
15599,2
15600,3
15601,0
15602,0
15603,0
15604,0
15605,2
15606,3
15607,2
15608,3
15609,3
15610,3
15611,2
15612,2
15613,2
15614,2
15615,2
15616,2
15617,3
15618,3
15619,3
15620,3
15621,2
15622,3
15623,3
15624,2
15625,2
15626,3
15627,2
15628,3
15629,2
15630,3
15631,0
15632,0
15633,0
15634,0
15635,0
15636,3
15637,0
15638,0
15639,3
15640,3
15641,2
15642,3
15643,3
15644,3
15645,2
15646,3
15647,3
15648,2
15649,3
15650,3
15651,3
15652,2
15653,2
15654,2
15655,1
15656,3
15657,2
15658,3
15659,2
15660,0
15661,1
15662,2
15663,3
15664,3
15665,2
15666,1
15667,3
15668,3
15669,2
15670,2
15671,2
15672,1
15673,3
15674,2
15675,1
15676,3
15677,3
15678,2
15679,2
15680,3
15681,2
15682,3
15683,2
15684,2
15685,0
15686,0
15687,2
15688,2
15689,2
15690,2
15691,0
15692,0
15693,0
15694,2
15695,2
15696,2
15697,2
15698,2
15699,2
15700,2
15701,3
15702,2
15703,0
15704,3
15705,3
15706,2
15707,2
15708,3
15709,3
15710,2
15711,3
15712,1
15713,3
15714,2
15715,2
15716,2
15717,3
15718,2
15719,2
15720,3
15721,3
15722,3
15723,2
15724,2
15725,2
15726,2
15727,2
15728,2
15729,3
15730,2
15731,2
15732,2
15733,2
15734,3
15735,3
15736,3
15737,3
15738,2
15739,2
15740,3
15741,3
15742,2
15743,1
15744,1
15745,2
15746,3
15747,1
15748,3
15749,3
15750,0
15751,2
15752,2
15753,2
15754,3
15755,2
15756,2
15757,3
15758,3
15759,3
15760,2
15761,3
15762,3
15763,2
15764,2
15765,2
15766,2
15767,3
15768,2
15769,2
15770,2
15771,2
15772,2
15773,2
15774,2
15775,2
15776,2
15777,3
15778,2
15779,1
15780,2
15781,2
15782,2
15783,2
15784,2
15785,2
15786,2
15787,2
15788,2
15789,2
15790,2
15791,2
15792,2
15793,2
15794,2
15795,2
15796,2
15797,3
15798,2
15799,2
15800,2
15801,2
15802,2
15803,3
15804,3
15805,3
15806,2
15807,2
15808,2
15809,2
15810,2
15811,2
15812,2
15813,2
15814,2
15815,2
15816,2
15817,2
15818,2
15819,2
15820,2
15821,2
15822,2
15823,2
15824,2
15825,2
15826,2
15827,2
15828,2
15829,2
15830,2
15831,2
15832,3
15833,2
15834,2
15835,2
15836,2
15837,2
15838,2
15839,3
15840,3
15841,3
15842,2
15843,3
15844,2
15845,2
15846,3
15847,3
15848,3
15849,3
15850,2
15851,3
15852,2
15853,2
15854,2
15855,2
15856,2
15857,2
15858,2
15859,2
15860,0
15861,2
15862,2
15863,3
15864,2
15865,2
15866,0
15867,2
15868,2
15869,1
15870,2
15871,2
15872,2
15873,2
15874,2
15875,0
15876,2
15877,2
15878,2
15879,2
15880,2
15881,2
15882,2
15883,2
15884,2
15885,2
15886,2
15887,2
15888,3
15889,3
15890,0
15891,3
15892,2
15893,0
15894,2
15895,2
15896,2
15897,2
15898,2
15899,2
15900,2
15901,2
15902,2
15903,2
15904,2
15905,2
15906,2
15907,2
15908,2
15909,2
15910,2
15911,3
15912,2
15913,2
15914,2
15915,2
15916,2
15917,2
15918,2
15919,2
15920,2
15921,2
15922,2
15923,2
15924,2
15925,2
15926,2
15927,2
15928,2
15929,2
15930,0
15931,2
15932,2
15933,2
15934,2
15935,2
15936,2
15937,2
15938,2
15939,2
15940,2
15941,2
15942,2
15943,2
15944,2
15945,2
15946,2
15947,2
15948,2
15949,2
15950,2
15951,2
15952,2
15953,2
15954,2
15955,2
15956,2
15957,2
15958,2
15959,2
15960,2
15961,2
15962,2
15963,2
15964,2
15965,2
15966,2
15967,2
15968,2
15969,2
15970,2
15971,2
15972,2
15973,2
15974,2
15975,2
15976,2
15977,2
15978,2
15979,2
15980,2
15981,2
15982,2
15983,2
15984,2
15985,2
15986,2
15987,2
15988,2
15989,2
15990,2
15991,2
15992,2
15993,2
15994,2
15995,2
15996,2
15997,2
15998,2
15999,2
16000,2
16001,1
16002,2
16003,2
16004,2
16005,2
16006,2
16007,2
16008,2
16009,2
16010,2
16011,2
16012,2
16013,2
16014,2
16015,2
16016,2
16017,2
16018,2
16019,2
16020,2
16021,2
16022,2
16023,2
16024,3
16025,2
16026,2
16027,2
16028,2
16029,2
16030,2
16031,2
16032,2
16033,2
16034,2
16035,2
16036,2
16037,2
16038,2
16039,2
16040,2
16041,2
16042,2
16043,2
16044,2
16045,2
16046,2
16047,2
16048,2
16049,2
16050,2
16051,2
16052,2
16053,2
16054,2
16055,2
16056,2
16057,2
16058,2
16059,2
16060,2
16061,2
16062,2
16063,2
16064,2
16065,2
16066,2
16067,2
16068,2
16069,2
16070,2
16071,2
16072,2
16073,2
16074,2
16075,2
16076,2
16077,2
16078,2
16079,2
16080,2
16081,2
16082,2
16083,2
16084,2
16085,2
16086,2
16087,2
16088,2
16089,2
16090,2
16091,2
16092,2
16093,2
16094,2
16095,2
16096,2
16097,2
16098,2
16099,2
16100,2
16101,2
16102,2
16103,2
16104,2
16105,2
16106,2
16107,2
16108,2
16109,2
16110,2
16111,2
16112,2
16113,2
16114,2
16115,2
16116,2
16117,2
16118,2
16119,2
16120,2
16121,2
16122,2
16123,2
16124,2
16125,2
16126,2
16127,2
16128,2
16129,2
16130,2
16131,2
16132,2
16133,2
16134,2
16135,2
16136,2
16137,2
16138,2
16139,2
16140,2
16141,2
16142,2
16143,2
16144,2
16145,2
16146,2
16147,2
16148,2
16149,2
16150,2
16151,2
16152,2
16153,2
16154,2
16155,2
16156,2
16157,2
16158,2
16159,2
16160,2
16161,2
16162,2
16163,2
16164,2
16165,2
16166,2
16167,2
16168,2
16169,2
16170,2
16171,2
16172,2
16173,2
16174,2
16175,2
16176,2
16177,2
16178,2
16179,2
16180,2
16181,2
16182,2
16183,2
16184,2
16185,2
16186,2
16187,2
16188,2
16189,2
16190,2
16191,2
16192,2
16193,2
16194,2
16195,2
16196,2
16197,2
16198,2
16199,2
16200,2
16201,2
16202,2
16203,2
16204,2
16205,2
16206,2
16207,2
16208,2
16209,2
16210,2
16211,2
16212,2
16213,2
16214,2
16215,2
16216,2
16217,2
16218,2
16219,2
16220,2
16221,2
16222,2
16223,2
16224,2
16225,2
16226,2
16227,2
16228,2
16229,2
16230,2
16231,2
16232,2
16233,2
16234,2
16235,2
16236,2
16237,2
16238,2
16239,2
16240,2
16241,2
16242,2
16243,2
16244,2
16245,2
16246,2
16247,2
16248,2
16249,2
16250,2
16251,2
16252,2
16253,2
16254,2
16255,2
16256,2
16257,2
16258,2
16259,2
16260,2
16261,2
16262,2
16263,2
16264,2
16265,2
16266,2
16267,2
16268,2
16269,2
16270,2
16271,2
16272,2
16273,2
16274,2
16275,2
16276,2
16277,2
16278,2
16279,2
16280,2
16281,2
16282,2
16283,2
16284,2
16285,2
16286,2
16287,2
16288,2
16289,2
16290,2
16291,2
16292,2
16293,2
16294,2
16295,2
16296,2
16297,2
16298,2
16299,2
16300,2
16301,2
16302,2
16303,2
16304,2
16305,2
16306,2
16307,2
16308,2
16309,2
16310,2
16311,2
16312,2
16313,2
16314,2
16315,2
16316,2
16317,2
16318,2
16319,2
16320,2
16321,2
16322,3
16323,2
16324,2
16325,2
16326,2
16327,3
16328,2
16329,3
16330,3
16331,2
16332,2
16333,2
16334,2
16335,2
16336,2
16337,3
16338,2
16339,2
16340,2
16341,2
16342,2
16343,2
16344,2
16345,2
16346,2
16347,2
16348,2
16349,2
16350,2
16351,2
16352,2
16353,2
16354,2
16355,2
16356,2
16357,2
16358,2
16359,2
16360,3
16361,2
16362,2
16363,2
16364,3
16365,3
16366,2
16367,2
16368,3
16369,3
16370,0
16371,0
16372,2
16373,3
16374,2
16375,2
16376,1
16377,2
16378,2
16379,2
16380,2
16381,2
16382,2
16383,0
16384,2
16385,2
16386,2
16387,3
16388,2
16389,3
16390,2
16391,2
16392,2
16393,2
16394,2
16395,2
16396,2
16397,2
16398,2
16399,2
16400,2
16401,2
16402,2
16403,2
16404,2
16405,0
16406,2
16407,2
16408,2
16409,2
16410,2
16411,3
16412,2
16413,2
16414,1
16415,3
16416,1
16417,2
16418,2
16419,2
16420,3
16421,2
16422,2
16423,2
16424,2
16425,2
16426,2
16427,2
16428,2
16429,2
16430,2
16431,3
16432,2
16433,2
16434,2
16435,3
16436,3
16437,2
16438,2
16439,2
16440,2
16441,2
16442,2
16443,2
16444,2
16445,2
16446,2
16447,2
16448,2
16449,2
16450,2
16451,2
16452,2
16453,2
16454,2
16455,3
16456,2
16457,2
16458,2
16459,2
16460,2
16461,2
16462,3
16463,2
16464,2
16465,2
16466,2
16467,2
16468,2
16469,2
16470,2
16471,3
16472,2
16473,1
16474,2
16475,2
16476,3
16477,2
16478,2
16479,3
16480,3
16481,3
16482,2
16483,2
16484,2
16485,2
16486,2
16487,2
16488,2
16489,2
16490,2
16491,2
16492,2
16493,2
16494,2
16495,2
16496,2
16497,2
16498,2
16499,2
16500,2
16501,2
16502,2
16503,2
16504,2
16505,2
16506,2
16507,2
16508,2
16509,2
16510,2
16511,2
16512,2
16513,2
16514,2
16515,2
16516,2
16517,2
16518,2
16519,2
16520,2
16521,2
16522,2
16523,2
16524,2
16525,2
16526,2
16527,2
16528,2
16529,2
16530,2
16531,2
16532,2
16533,2
16534,2
16535,2
16536,2
16537,2
16538,2
16539,2
16540,2
16541,2
16542,2
16543,2
16544,2
16545,2
16546,2
16547,2
16548,2
16549,2
16550,2
16551,2
16552,2
16553,2
16554,2
16555,2
16556,2
16557,2
16558,2
16559,2
16560,2
16561,2
16562,2
16563,2
16564,2
16565,2
16566,2
16567,2
16568,2
16569,2
16570,2
16571,2
16572,2
16573,2
16574,2
16575,2
16576,2
16577,2
16578,2
16579,2
16580,2
16581,2
16582,2
16583,2
16584,2
16585,2
16586,2
16587,2
16588,2
16589,2
16590,2
16591,2
16592,2
16593,2
16594,2
16595,2
16596,3
16597,2
16598,3
16599,2
16600,2
16601,2
16602,3
16603,2
16604,2
16605,2
16606,2
16607,2
16608,2
16609,2
16610,2
16611,2
16612,2
16613,2
16614,2
16615,2
16616,2
16617,2
16618,2
16619,2
16620,2
16621,2
16622,2
16623,2
16624,2
16625,2
16626,2
16627,2
16628,2
16629,2
16630,2
16631,2
16632,2
16633,2
16634,2
16635,2
16636,2
16637,2
16638,2
16639,2
16640,2
16641,2
16642,2
16643,2
16644,2
16645,2
16646,2
16647,2
16648,2
16649,2
16650,2
16651,2
16652,2
16653,2
16654,2
16655,2
16656,2
16657,2
16658,2
16659,2
16660,2
16661,2
16662,2
16663,2
16664,2
16665,2
16666,2
16667,2
16668,2
16669,2
16670,2
16671,2
16672,2
16673,2
16674,2
16675,2
16676,2
16677,2
16678,2
16679,2
16680,2
16681,2
16682,2
16683,2
16684,2
16685,2
16686,2
16687,2
16688,2
16689,2
16690,2
16691,2
16692,2
16693,2
16694,2
16695,2
16696,2
16697,2
16698,2
16699,2
16700,2
16701,2
16702,2
16703,2
16704,2
16705,2
16706,2
16707,2
16708,2
16709,2
16710,2
16711,2
16712,2
16713,2
16714,2
16715,2
16716,2
16717,2
16718,2
16719,2
16720,2
16721,2
16722,2
16723,2
16724,2
16725,2
16726,2
16727,2
16728,2
16729,2
16730,2
16731,2
16732,2
16733,2
16734,2
16735,2
16736,2
16737,2
16738,2
16739,2
16740,2
16741,2
16742,2
16743,2
16744,2
16745,2
16746,2
16747,2
16748,2
16749,2
16750,2
16751,2
16752,2
16753,2
16754,2
16755,2
16756,2
16757,2
16758,2
16759,2
16760,2
16761,2
16762,2
16763,2
16764,2
16765,2
16766,2
16767,2
16768,2
16769,2
16770,2
16771,2
16772,2
16773,3
16774,2
16775,2
16776,2
16777,2
16778,2
16779,2
16780,2
16781,2
16782,2
16783,2
16784,3
16785,2
16786,3
16787,2
16788,2
16789,2
16790,2
16791,2
16792,2
16793,2
16794,2
16795,2
16796,2
16797,2
16798,2
16799,2
16800,2
16801,2
16802,2
16803,2
16804,2
16805,2
16806,2
16807,2
16808,2
16809,2
16810,2
16811,2
16812,2
16813,2
16814,2
16815,2
16816,3
16817,2
16818,2
16819,3
16820,2
16821,2
16822,2
16823,2
16824,2
16825,2
16826,2
16827,2
16828,2
16829,2
16830,2
16831,2
16832,2
16833,2
16834,2
16835,2
16836,2
16837,2
16838,2
16839,2
16840,2
16841,2
16842,3
16843,2
16844,2
16845,2
16846,2
16847,2
16848,2
16849,2
16850,2
16851,2
16852,2
16853,2
16854,2
16855,3
16856,3
16857,3
16858,2
16859,2
16860,3
16861,2
16862,2
16863,2
16864,2
16865,2
16866,2
16867,2
16868,2
16869,2
16870,2
16871,2
16872,2
16873,3
16874,2
16875,3
16876,2
16877,2
16878,3
16879,2
16880,2
16881,2
16882,2
16883,2
16884,2
16885,2
16886,2
16887,2
16888,2
16889,2
16890,2
16891,2
16892,2
16893,2
16894,2
16895,2
16896,2
16897,2
16898,2
16899,2
16900,2
16901,2
16902,2
16903,2
16904,2
16905,2
16906,2
16907,2
16908,3
16909,2
16910,2
16911,2
16912,2
16913,2
16914,2
16915,2
16916,2
16917,2
16918,2
16919,2
16920,2
16921,2
16922,2
16923,2
16924,2
16925,2
16926,2
16927,2
16928,2
16929,2
16930,2
16931,2
16932,2
16933,3
16934,2
16935,2
16936,2
16937,2
16938,3
16939,2
16940,2
16941,2
16942,2
16943,2
16944,2
16945,2
16946,2
16947,2
16948,2
16949,2
16950,2
16951,2
16952,2
16953,2
16954,3
16955,2
16956,2
16957,2
16958,2
16959,3
16960,2
16961,2
16962,3
16963,2
16964,2
16965,2
16966,2
16967,3
16968,2
16969,2
16970,2
16971,3
16972,2
16973,3
16974,2
16975,2
16976,2
16977,2
16978,2
16979,2
16980,2
16981,2
16982,3
16983,2
16984,2
16985,2
16986,2
16987,2
16988,2
16989,2
16990,2
16991,2
16992,3
16993,3
16994,2
16995,2
16996,2
16997,2
16998,2
16999,2
17000,2
17001,2
17002,3
17003,2
17004,3
17005,3
17006,2
17007,2
17008,2
17009,2
17010,2
17011,2
17012,2
17013,2
17014,2
17015,2
17016,2
17017,2
17018,2
17019,2
17020,2
17021,2
17022,2
17023,2
17024,2
17025,2
17026,2
17027,2
17028,2
17029,2
17030,2
17031,2
17032,2
17033,2
17034,2
17035,2
17036,2
17037,2
17038,2
17039,2
17040,2
17041,2
17042,2
17043,2
17044,2
17045,2
17046,2
17047,2
17048,2
17049,2
17050,2
17051,2
17052,2
17053,2
17054,2
17055,2
17056,2
17057,2
17058,2
17059,2
17060,2
17061,2
17062,2
17063,2
17064,2
17065,2
17066,2
17067,2
17068,2
17069,2
17070,2
17071,2
17072,2
17073,3
17074,2
17075,3
17076,2
17077,3
17078,2
17079,2
17080,2
17081,2
17082,2
17083,3
17084,2
17085,2
17086,3
17087,2
17088,2
17089,2
17090,1
17091,3
17092,2
17093,3
17094,3
17095,0
17096,3
17097,3
17098,1
17099,3
17100,3
17101,3
17102,3
17103,3
17104,3
17105,2
17106,3
17107,3
17108,0
17109,1
17110,2
17111,2
17112,2
17113,2
17114,2
17115,3
17116,3
17117,3
17118,3
17119,3
17120,3
17121,3
17122,3
17123,3
17124,2
17125,2
17126,2
17127,1
17128,2
17129,2
17130,2
17131,3
17132,2
17133,3
17134,3
17135,3
17136,2
17137,3
17138,2
17139,3
17140,3
17141,3
17142,3
17143,3
17144,3
17145,3
17146,3
17147,3
17148,3
17149,2
17150,3
17151,3
17152,1
17153,2
17154,1
17155,3
17156,3
17157,3
17158,3
17159,2
17160,2
17161,2
17162,3
17163,2
17164,2
17165,2
17166,2
17167,2
17168,2
17169,2
17170,3
17171,2
17172,3
17173,0
17174,2
17175,3
17176,2
17177,3
17178,2
17179,2
17180,2
17181,2
17182,2
17183,2
17184,2
17185,2
17186,2
17187,2
17188,2
17189,2
17190,2
17191,2
17192,2
17193,2
17194,2
17195,2
17196,2
17197,2
17198,2
17199,2
17200,2
17201,2
17202,2
17203,2
17204,2
17205,2
17206,2
17207,2
17208,2
17209,2
17210,3
17211,2
17212,2
17213,2
17214,2
17215,2
17216,2
17217,2
17218,2
17219,2
17220,2
17221,2
17222,2
17223,2
17224,2
17225,2
17226,2
17227,2
17228,2
17229,3
17230,2
17231,2
17232,2
17233,2
17234,2
17235,2
17236,2
17237,2
17238,2
17239,2
17240,2
17241,3
17242,2
17243,2
17244,2
17245,2
17246,2
17247,2
17248,2
17249,2
17250,2
17251,2
17252,2
17253,2
17254,2
17255,2
17256,2
17257,2
17258,3
17259,2
17260,2
17261,2
17262,2
17263,2
17264,2
17265,2
17266,3
17267,2
17268,2
17269,2
17270,2
17271,2
17272,2
17273,2
17274,2
17275,2
17276,2
17277,2
17278,2
17279,2
17280,2
17281,2
17282,2
17283,2
17284,2
17285,2
17286,2
17287,3
17288,2
17289,2
17290,3
17291,2
17292,2
17293,2
17294,2
17295,2
17296,2
17297,2
17298,2
17299,2
17300,2
17301,2
17302,2
17303,3
17304,2
17305,2
17306,2
17307,2
17308,2
17309,2
17310,2
17311,2
17312,2
17313,2
17314,3
17315,2
17316,2
17317,2
17318,2
17319,2
17320,3
17321,3
17322,3
17323,2
17324,3
17325,2
17326,3
17327,3
17328,3
17329,3
17330,3
17331,2
17332,2
17333,2
17334,2
17335,2
17336,2
17337,3
17338,3
17339,2
17340,2
17341,2
17342,2
17343,2
17344,0
17345,2
17346,2
17347,3
17348,2
17349,0
17350,3
17351,3
17352,2
17353,2
17354,3
17355,2
17356,2
17357,2
17358,3
17359,3
17360,2
17361,2
17362,1
17363,3
17364,3
17365,1
17366,3
17367,3
17368,2
17369,3
17370,3
17371,3
17372,3
17373,2
17374,3
17375,3
17376,3
17377,2
17378,2
17379,3
17380,2
17381,2
17382,2
17383,2
17384,2
17385,2
17386,2
17387,2
17388,2
17389,2
17390,2
17391,2
17392,2
17393,2
17394,2
17395,3
17396,3
17397,3
17398,3
17399,2
17400,2
17401,2
17402,2
17403,2
17404,3
17405,2
17406,2
17407,3
17408,2
17409,2
17410,2
17411,2
17412,2
17413,2
17414,2
17415,2
17416,2
17417,2
17418,2
17419,2
17420,2
17421,2
17422,3
17423,3
17424,2
17425,2
17426,2
17427,2
17428,2
17429,2
17430,2
17431,2
17432,3
17433,2
17434,3
17435,2
17436,3
17437,3
17438,3
17439,3
17440,3
17441,3
17442,2
17443,2
17444,3
17445,3
17446,2
17447,2
17448,2
17449,2
17450,2
17451,2
17452,2
17453,2
17454,2
17455,2
17456,2
17457,2
17458,2
17459,2
17460,3
17461,3
17462,2
17463,2
17464,2
17465,2
17466,2
17467,2
17468,3
17469,3
17470,3
17471,2
17472,3
17473,2
17474,3
17475,2
17476,2
17477,3
17478,2
17479,2
17480,2
17481,2
17482,2
17483,0
17484,0
17485,0
17486,2
17487,2
17488,2
17489,2
17490,2
17491,2
17492,2
17493,2
17494,2
17495,2
17496,2
17497,2
17498,2
17499,2
17500,2
17501,2
17502,2
17503,2
17504,2
17505,2
17506,2
17507,2
17508,2
17509,2
17510,2
17511,2
17512,2
17513,2
17514,2
17515,2
17516,2
17517,2
17518,3
17519,3
17520,2
17521,3
17522,3
17523,1
17524,2
17525,3
17526,3
17527,3
17528,3
17529,2
17530,2
17531,2
17532,3
17533,3
17534,2
17535,2
17536,3
17537,2
17538,3
17539,2
17540,3
17541,3
17542,2
17543,2
17544,2
17545,2
17546,2
17547,2
17548,2
17549,2
17550,2
17551,3
17552,2
17553,3
17554,3
17555,3
17556,3
17557,3
17558,2
17559,2
17560,2
17561,2
17562,3
17563,3
17564,2
17565,3
17566,3
17567,3
17568,3
17569,2
17570,2
17571,2
17572,2
17573,2
17574,3
17575,3
17576,3
17577,3
17578,3
17579,3
17580,2
17581,2
17582,2
17583,3
17584,2
17585,0
17586,3
17587,2
17588,3
17589,3
17590,3
17591,3
17592,3
17593,3
17594,3
17595,3
17596,3
17597,3
17598,3
17599,3
17600,3
17601,3
17602,3
17603,3
17604,2
17605,3
17606,3
17607,3
17608,3
17609,3
17610,3
17611,2
17612,2
17613,3
17614,3
17615,3
17616,2
17617,2
17618,2
17619,3
17620,3
17621,3
17622,3
17623,3
17624,3
17625,3
17626,2
17627,3
17628,3
17629,3
17630,3
17631,2
17632,2
17633,2
17634,2
17635,2
17636,3
17637,3
17638,2
17639,3
17640,3
17641,2
17642,3
17643,2
17644,3
17645,3
17646,3
17647,3
17648,3
17649,3
17650,3
17651,3
17652,3
17653,2
17654,3
17655,3
17656,3
17657,3
17658,3
17659,2
17660,3
17661,2
17662,3
17663,2
17664,3
17665,3
17666,3
17667,3
17668,3
17669,3
17670,3
17671,3
17672,2
17673,3
17674,2
17675,2
17676,3
17677,3
17678,2
17679,3
17680,3
17681,3
17682,3
17683,3
17684,3
17685,3
17686,3
17687,3
17688,3
17689,3
17690,3
17691,3
17692,3
17693,3
17694,3
17695,3
17696,3
17697,3
17698,3
17699,3
17700,3
17701,3
17702,3
17703,2
17704,2
17705,3
17706,3
17707,3
17708,2
17709,3
17710,3
17711,3
17712,3
17713,3
17714,2
17715,2
17716,2
17717,2
17718,3
17719,2
17720,2
17721,3
17722,3
17723,3
17724,3
17725,3
17726,3
17727,3
17728,3
17729,3
17730,3
17731,3
17732,2
17733,3
17734,2
17735,3
17736,2
17737,2
17738,2
17739,2
17740,2
17741,3
17742,3
17743,2
17744,2
17745,2
17746,3
17747,3
17748,3
17749,3
17750,3
17751,2
17752,3
17753,3
17754,3
17755,3
17756,3
17757,3
17758,2
17759,3
17760,3
17761,2
17762,3
17763,3
17764,3
17765,3
17766,3
17767,3
17768,3
17769,3
17770,3
17771,3
17772,3
17773,3
17774,3
17775,3
17776,3
17777,2
17778,2
17779,2
17780,3
17781,3
17782,3
17783,3
17784,3
17785,3
17786,2
17787,3
17788,3
17789,3
17790,2
17791,2
17792,3
17793,3
17794,2
17795,2
17796,2
17797,2
17798,2
17799,2
17800,2
17801,2
17802,2
17803,2
17804,2
17805,2
17806,2
17807,2
17808,2
17809,2
17810,3
17811,2
17812,2
17813,2
17814,2
17815,2
17816,3
17817,3
17818,3
17819,2
17820,2
17821,0
17822,0
17823,2
17824,2
17825,2
17826,3
17827,3
17828,3
17829,0
17830,0
17831,2
17832,3
17833,0
17834,0
17835,0
17836,2
17837,2
17838,3
17839,3
17840,3
17841,3
17842,3
17843,2
17844,2
17845,3
17846,2
17847,2
17848,3
17849,3
17850,3
17851,2
17852,3
17853,2
17854,2
17855,2
17856,2
17857,2
17858,3
17859,0
17860,3
17861,2
17862,2
17863,2
17864,2
17865,2
17866,3
17867,3
17868,2
17869,2
17870,2
17871,2
17872,2
17873,2
17874,2
17875,2
17876,2
17877,2
17878,2
17879,2
17880,1
17881,2
17882,2
17883,2
17884,2
17885,2
17886,2
17887,2
17888,2
17889,2
17890,2
17891,3
17892,2
17893,2
17894,2
17895,2
17896,2
17897,3
17898,3
17899,2
17900,2
17901,2
17902,2
17903,2
17904,2
17905,2
17906,2
17907,2
17908,2
17909,2
17910,2
17911,2
17912,2
17913,2
17914,2
17915,2
17916,2
17917,2
17918,2
17919,2
17920,2
17921,2
17922,2
17923,2
17924,2
17925,2
17926,2
17927,2
17928,2
17929,2
17930,2
17931,2
17932,2
17933,2
17934,2
17935,2
17936,2
17937,2
17938,0
17939,2
17940,3
17941,2
17942,2
17943,2
17944,3
17945,2
17946,3
17947,2
17948,2
17949,3
17950,2
17951,2
17952,2
17953,2
17954,2
17955,2
17956,2
17957,2
17958,2
17959,2
17960,2
17961,2
17962,2
17963,2
17964,2
17965,2
17966,3
17967,2
17968,2
17969,2
17970,2
17971,2
17972,2
17973,3
17974,2
17975,2
17976,2
17977,2
17978,2
17979,2
17980,2
17981,2
17982,2
17983,2
17984,2
17985,2
17986,2
17987,2
17988,2
17989,2
17990,2
17991,2
17992,2
17993,2
17994,2
17995,2
17996,2
17997,2
17998,2
17999,2
18000,2
18001,2
18002,2
18003,2
18004,2
18005,2
18006,2
18007,2
18008,2
18009,2
18010,2
18011,2
18012,2
18013,2
18014,2
18015,2
18016,3
18017,2
18018,2
18019,2
18020,2
18021,2
18022,2
18023,2
18024,3
18025,3
18026,2
18027,2
18028,2
18029,2
18030,2
18031,2
18032,2
18033,2
18034,2
18035,2
18036,2
18037,2
18038,2
18039,2
18040,2
18041,2
18042,3
18043,2
18044,3
18045,2
18046,3
18047,2
18048,2
18049,2
18050,2
18051,2
18052,2
18053,2
18054,2
18055,2
18056,2
18057,2
18058,2
18059,2
18060,2
18061,2
18062,2
18063,2
18064,2
18065,2
18066,2
18067,2
18068,2
18069,2
18070,2
18071,2
18072,2
18073,2
18074,2
18075,2
18076,2
18077,2
18078,2
18079,2
18080,2
18081,2
18082,3
18083,3
18084,3
18085,3
18086,3
18087,3
18088,2
18089,2
18090,2
18091,2
18092,2
18093,2
18094,2
18095,2
18096,3
18097,3
18098,3
18099,2
18100,3
18101,2
18102,3
18103,2
18104,2
18105,2
18106,2
18107,2
18108,2
18109,2
18110,2
18111,2
18112,2
18113,2
18114,2
18115,2
18116,2
18117,2
18118,2
18119,2
18120,3
18121,2
18122,2
18123,3
18124,2
18125,2
18126,2
18127,2
18128,2
18129,2
18130,2
18131,2
18132,2
18133,2
18134,3
18135,2
18136,3
18137,2
18138,2
18139,2
18140,2
18141,2
18142,2
18143,2
18144,2
18145,2
18146,2
18147,2
18148,2
18149,2
18150,2
18151,2
18152,2
18153,2
18154,2
18155,2
18156,3
18157,3
18158,3
18159,2
18160,3
18161,2
18162,3
18163,3
18164,3
18165,2
18166,2
18167,3
18168,2
18169,2
18170,3
18171,2
18172,2
18173,2
18174,3
18175,3
18176,3
18177,3
18178,2
18179,3
18180,2
18181,2
18182,3
18183,2
18184,3
18185,2
18186,2
18187,2
18188,2
18189,2
18190,2
18191,2
18192,2
18193,2
18194,2
18195,2
18196,2
18197,2
18198,2
18199,2
18200,2
18201,2
18202,2
18203,2
18204,2
18205,2
18206,2
18207,2
18208,2
18209,2
18210,2
18211,2
18212,2
18213,2
18214,2
18215,2
18216,2
18217,2
18218,2
18219,2
18220,2
18221,2
18222,2
18223,0
18224,2
18225,2
18226,2
18227,2
18228,2
18229,2
18230,2
18231,2
18232,2
18233,2
18234,2
18235,2
18236,2
18237,2
18238,2
18239,2
18240,2
18241,2
18242,2
18243,2
18244,2
18245,2
18246,2
18247,2
18248,2
18249,2
18250,2
18251,2
18252,2
18253,2
18254,2
18255,2
18256,2
18257,2
18258,2
18259,2
18260,2
18261,2
18262,2
18263,2
18264,2
18265,2
18266,2
18267,2
18268,2
18269,2
18270,2
18271,2
18272,2
18273,2
18274,2
18275,2
18276,2
18277,2
18278,3
18279,2
18280,2
18281,2
18282,2
18283,2
18284,2
18285,2
18286,2
18287,2
18288,2
18289,2
18290,2
18291,2
18292,2
18293,2
18294,2
18295,2
18296,2
18297,2
18298,2
18299,2
18300,2
18301,2
18302,2
18303,2
18304,2
18305,2
18306,2
18307,2
18308,2
18309,2
18310,2
18311,2
18312,2
18313,2
18314,2
18315,2
18316,2
18317,2
18318,2
18319,2
18320,2
18321,2
18322,2
18323,2
18324,2
18325,2
18326,2
18327,2
18328,2
18329,2
18330,2
18331,2
18332,2
18333,2
18334,2
18335,2
18336,2
18337,2
18338,2
18339,2
18340,2
18341,2
18342,2
18343,2
18344,2
18345,2
18346,2
18347,2
18348,2
18349,2
18350,2
18351,2
18352,2
18353,2
18354,2
18355,2
18356,2
18357,2
18358,2
18359,2
18360,2
18361,2
18362,2
18363,2
18364,2
18365,2
18366,2
18367,2
18368,2
18369,2
18370,2
18371,2
18372,2
18373,2
18374,2
18375,2
18376,2
18377,2
18378,2
18379,2
18380,2
18381,2
18382,2
18383,2
18384,2
18385,2
18386,2
18387,2
18388,2
18389,2
18390,2
18391,2
18392,2
18393,2
18394,2
18395,2
18396,2
18397,2
18398,2
18399,2
18400,2
18401,2
18402,2
18403,2
18404,2
18405,2
18406,2
18407,2
18408,2
18409,2
18410,2
18411,2
18412,2
18413,2
18414,2
18415,2
18416,2
18417,2
18418,2
18419,2
18420,2
18421,2
18422,2
18423,2
18424,2
18425,2
18426,2
18427,2
18428,2
18429,2
18430,2
18431,2
18432,2
18433,2
18434,2
18435,2
18436,2
18437,2
18438,2
18439,2
18440,2
18441,2
18442,2
18443,2
18444,2
18445,2
18446,2
18447,2
18448,2
18449,2
18450,2
18451,2
18452,2
18453,2
18454,2
18455,2
18456,2
18457,2
18458,2
18459,2
18460,2
18461,2
18462,2
18463,2
18464,2
18465,2
18466,2
18467,2
18468,2
18469,2
18470,2
18471,2
18472,2
18473,2
18474,2
18475,2
18476,2
18477,2
18478,2
18479,2
18480,2
18481,2
18482,2
18483,2
18484,2
18485,2
18486,2
18487,2
18488,2
18489,2
18490,2
18491,2
18492,2
18493,2
18494,2
18495,2
18496,2
18497,2
18498,2
18499,2
18500,2
18501,2
18502,2
18503,2
18504,2
18505,2
18506,2
18507,2
18508,2
18509,2
18510,2
18511,2
18512,2
18513,2
18514,2
18515,2
18516,2
18517,2
18518,2
18519,2
18520,2
18521,2
18522,2
18523,2
18524,2
18525,0
18526,2
18527,2
18528,2
18529,2
18530,2
18531,2
18532,2
18533,2
18534,2
18535,2
18536,2
18537,2
18538,2
18539,2
18540,2
18541,2
18542,2
18543,2
18544,2
18545,2
18546,2
18547,2
18548,2
18549,2
18550,2
18551,2
18552,2
18553,2
18554,2
18555,2
18556,2
18557,2
18558,2
18559,2
18560,2
18561,2
18562,2
18563,2
18564,2
18565,2
18566,2
18567,2
18568,2
18569,2
18570,2
18571,2
18572,2
18573,2
18574,2
18575,2
18576,2
18577,2
18578,2
18579,2
18580,2
18581,2
18582,2
18583,2
18584,2
18585,2
18586,2
18587,2
18588,2
18589,2
18590,2
18591,2
18592,2
18593,2
18594,2
18595,2
18596,2
18597,2
18598,2
18599,2
18600,2
18601,2
18602,2
18603,2
18604,2
18605,2
18606,2
18607,3
18608,2
18609,2
18610,2
18611,2
18612,2
18613,2
18614,3
18615,2
18616,2
18617,2
18618,2
18619,2
18620,2
18621,2
18622,2
18623,2
18624,2
18625,2
18626,2
18627,2
18628,2
18629,2
18630,2
18631,2
18632,2
18633,2
18634,2
18635,2
18636,2
18637,2
18638,2
18639,2
18640,2
18641,2
18642,2
18643,2
18644,2
18645,2
18646,2
18647,2
18648,2
18649,3
18650,2
18651,2
18652,2
18653,2
18654,2
18655,2
18656,2
18657,2
18658,2
18659,2
18660,2
18661,2
18662,2
18663,2
18664,2
18665,2
18666,2
18667,2
18668,2
18669,2
18670,2
18671,2
18672,2
18673,2
18674,2
18675,2
18676,2
18677,2
18678,2
18679,2
18680,2
18681,2
18682,2
18683,2
18684,2
18685,2
18686,2
18687,2
18688,2
18689,2
18690,2
18691,2
18692,2
18693,2
18694,2
18695,2
18696,2
18697,2
18698,2
18699,2
18700,2
18701,2
18702,2
18703,2
18704,2
18705,2
18706,2
18707,3
18708,2
18709,2
18710,2
18711,2
18712,2
18713,3
18714,2
18715,2
18716,2
18717,2
18718,2
18719,2
18720,2
18721,2
18722,2
18723,2
18724,3
18725,2
18726,3
18727,3
18728,3
18729,3
18730,3
18731,2
18732,3
18733,3
18734,3
18735,3
18736,3
18737,2
18738,3
18739,3
18740,2
18741,3
18742,3
18743,2
18744,2
18745,3
18746,3
18747,2
18748,2
18749,3
18750,2
18751,3
18752,2
18753,2
18754,2
18755,2
18756,2
18757,2
18758,2
18759,2
18760,2
18761,2
18762,2
18763,2
18764,2
18765,2
18766,2
18767,2
18768,2
18769,3
18770,2
18771,2
18772,2
18773,2
18774,3
18775,2
18776,2
18777,2
18778,2
18779,2
18780,2
18781,2
18782,2
18783,2
18784,2
18785,2
18786,2
18787,2
18788,2
18789,2
18790,2
18791,2
18792,2
18793,2
18794,2
18795,2
18796,2
18797,2
18798,2
18799,2
18800,2
18801,2
18802,2
18803,2
18804,2
18805,2
18806,2
18807,2
18808,2
18809,2
18810,3
18811,2
18812,2
18813,2
18814,2
18815,2
18816,2
18817,2
18818,2
18819,3
18820,2
18821,2
18822,2
18823,2
18824,2
18825,2
18826,2
18827,2
18828,2
18829,2
18830,2
18831,2
18832,2
18833,2
18834,2
18835,2
18836,2
18837,2
18838,2
18839,2
18840,2
18841,2
18842,2
18843,2
18844,2
18845,2
18846,2
18847,2
18848,2
18849,2
18850,2
18851,2
18852,2
18853,2
18854,3
18855,2
18856,2
18857,2
18858,2
18859,2
18860,2
18861,2
18862,2
18863,2
18864,2
18865,2
18866,2
18867,2
18868,2
18869,2
18870,2
18871,2
18872,2
18873,2
18874,2
18875,2
18876,2
18877,2
18878,2
18879,2
18880,2
18881,2
18882,2
18883,2
18884,2
18885,2
18886,2
18887,2
18888,2
18889,2
18890,2
18891,2
18892,2
18893,2
18894,2
18895,2
18896,2
18897,2
18898,2
18899,2
18900,2
18901,2
18902,2
18903,2
18904,2
18905,2
18906,2
18907,2
18908,3
18909,2
18910,2
18911,2
18912,2
18913,2
18914,2
18915,2
18916,2
18917,2
18918,2
18919,2
18920,2
18921,2
18922,2
18923,2
18924,2
18925,2
18926,2
18927,2
18928,2
18929,2
18930,2
18931,2
18932,2
18933,2
18934,2
18935,2
18936,2
18937,2
18938,2
18939,2
18940,2
18941,2
18942,2
18943,2
18944,2
18945,3
18946,2
18947,2
18948,2
18949,3
18950,2
18951,2
18952,2
18953,2
18954,2
18955,2
18956,2
18957,2
18958,2
18959,2
18960,2
18961,2
18962,2
18963,2
18964,2
18965,2
18966,2
18967,2
18968,2
18969,2
18970,2
18971,2
18972,2
18973,2
18974,2
18975,2
18976,2
18977,2
18978,2
18979,2
18980,2
18981,2
18982,2
18983,2
18984,2
18985,2
18986,2
18987,2
18988,2
18989,2
18990,2
18991,2
18992,2
18993,2
18994,2
18995,2
18996,2
18997,2
18998,2
18999,2
19000,2
19001,2
19002,2
19003,2
19004,2
19005,2
19006,2
19007,2
19008,2
19009,2
19010,2
19011,2
19012,2
19013,2
19014,2
19015,2
19016,2
19017,2
19018,2
19019,2
19020,3
19021,2
19022,2
19023,2
19024,2
19025,2
19026,2
19027,2
19028,3
19029,2
19030,2
19031,2
19032,2
19033,2
19034,2
19035,2
19036,3
19037,2
19038,2
19039,2
19040,2
19041,2
19042,2
19043,2
19044,2
19045,2
19046,2
19047,3
19048,2
19049,2
19050,2
19051,2
19052,2
19053,2
19054,2
19055,2
19056,2
19057,2
19058,2
19059,2
19060,2
19061,2
19062,2
19063,2
19064,2
19065,2
19066,2
19067,2
19068,2
19069,2
19070,2
19071,2
19072,2
19073,2
19074,2
19075,2
19076,2
19077,2
19078,2
19079,2
19080,2
19081,2
19082,3
19083,2
19084,0
19085,2
19086,3
19087,3
19088,3
19089,2
19090,2
19091,2
19092,2
19093,2
19094,2
19095,2
19096,2
19097,2
19098,2
19099,2
19100,2
19101,2
19102,2
19103,2
19104,2
19105,2
19106,2
19107,2
19108,2
19109,2
19110,2
19111,2
19112,2
19113,2
19114,2
19115,2
19116,2
19117,2
19118,2
19119,2
19120,2
19121,2
19122,2
19123,2
19124,2
19125,2
19126,2
19127,2
19128,2
19129,2
19130,2
19131,2
19132,2
19133,2
19134,2
19135,2
19136,2
19137,2
19138,2
19139,2
19140,2
19141,2
19142,2
19143,2
19144,2
19145,2
19146,2
19147,2
19148,2
19149,2
19150,2
19151,2
19152,2
19153,2
19154,2
19155,2
19156,2
19157,0
19158,2
19159,3
19160,2
19161,2
19162,2
19163,2
19164,2
19165,2
19166,2
19167,2
19168,2
19169,2
19170,2
19171,2
19172,2
19173,2
19174,2
19175,2
19176,3
19177,2
19178,2
19179,2
19180,2
19181,2
19182,2
19183,2
19184,2
19185,2
19186,2
19187,2
19188,2
19189,2
19190,2
19191,2
19192,2
19193,2
19194,2
19195,2
19196,2
19197,2
19198,2
19199,2
19200,2
19201,3
19202,2
19203,2
19204,2
19205,2
19206,2
19207,2
19208,2
19209,2
19210,2
19211,2
19212,2
19213,2
19214,2
19215,2
19216,2
19217,2
19218,2
19219,2
19220,2
19221,2
19222,2
19223,2
19224,2
19225,2
19226,2
19227,2
19228,2
19229,2
19230,2
19231,2
19232,2
19233,2
19234,3
19235,2
19236,2
19237,2
19238,2
19239,2
19240,2
19241,2
19242,2
19243,2
19244,2
19245,2
19246,2
19247,2
19248,2
19249,2
19250,2
19251,2
19252,2
19253,2
19254,2
19255,2
19256,2
19257,2
19258,2
19259,2
19260,0
19261,2
19262,2
19263,2
19264,2
19265,2
19266,2
19267,2
19268,2
19269,2
19270,2
19271,2
19272,2
19273,2
19274,2
19275,2
19276,2
19277,3
19278,2
19279,2
19280,2
19281,2
19282,2
19283,2
19284,2
19285,2
19286,3
19287,2
19288,2
19289,2
19290,3
19291,2
19292,2
19293,2
19294,3
19295,2
19296,2
19297,2
19298,2
19299,2
19300,2
19301,2
19302,2
19303,2
19304,2
19305,2
19306,2
19307,2
19308,3
19309,2
19310,2
19311,2
19312,2
19313,2
19314,2
19315,2
19316,2
19317,2
19318,2
19319,2
19320,2
19321,2
19322,2
19323,2
19324,2
19325,2
19326,2
19327,2
19328,2
19329,2
19330,2
19331,2
19332,2
19333,2
19334,2
19335,2
19336,2
19337,2
19338,2
19339,2
19340,2
19341,2
19342,2
19343,2
19344,2
19345,2
19346,2
19347,2
19348,2
19349,2
19350,2
19351,2
19352,3
19353,2
19354,2
19355,2
19356,2
19357,2
19358,2
19359,2
19360,2
19361,2
19362,2
19363,2
19364,2
19365,2
19366,2
19367,2
19368,3
19369,2
19370,2
19371,2
19372,2
19373,2
19374,2
19375,2
19376,2
19377,2
19378,2
19379,3
19380,2
19381,2
19382,2
19383,2
19384,2
19385,2
19386,2
19387,2
19388,2
19389,2
19390,2
19391,2
19392,2
19393,2
19394,2
19395,2
19396,2
19397,2
19398,2
19399,2
19400,2
19401,2
19402,2
19403,2
19404,2
19405,2
19406,2
19407,2
19408,2
19409,2
19410,2
19411,2
19412,2
19413,2
19414,2
19415,2
19416,2
19417,2
19418,2
19419,2
19420,2
19421,2
19422,2
19423,2
19424,2
19425,2
19426,2
19427,2
19428,2
19429,2
19430,2
19431,2
19432,2
19433,2
19434,3
19435,2
19436,2
19437,2
19438,2
19439,2
19440,2
19441,2
19442,2
19443,2
19444,2
19445,2
19446,2
19447,2
19448,2
19449,2
19450,2
19451,2
19452,2
19453,2
19454,2
19455,2
19456,2
19457,2
19458,3
19459,2
19460,2
19461,3
19462,3
19463,2
19464,2
19465,2
19466,2
19467,2
19468,3
19469,2
19470,2
19471,2
19472,0
19473,2
19474,3
19475,3
19476,3
19477,2
19478,2
19479,2
19480,2
19481,2
19482,2
19483,3
19484,3
19485,2
19486,2
19487,2
19488,2
19489,2
19490,2
19491,2
19492,2
19493,2
19494,2
19495,2
19496,2
19497,2
19498,2
19499,2
19500,2
19501,2
19502,2
19503,2
19504,2
19505,2
19506,2
19507,2
19508,2
19509,2
19510,2
19511,2
19512,2
19513,2
19514,2
19515,2
19516,2
19517,2
19518,3
19519,3
19520,2
19521,2
19522,3
19523,3
19524,3
19525,2
19526,2
19527,0
19528,0
19529,2
19530,2
19531,2
19532,2
19533,2
19534,2
19535,2
19536,2
19537,2
19538,3
19539,2
19540,3
19541,0
19542,3
19543,2
19544,3
19545,2
19546,2
19547,3
19548,3
19549,2
19550,2
19551,2
19552,2
19553,2
19554,2
19555,2
19556,2
19557,2
19558,2
19559,2
19560,3
19561,2
19562,2
19563,0
19564,3
19565,3
19566,3
19567,3
19568,0
19569,2
19570,2
19571,2
19572,3
19573,2
19574,2
19575,0
19576,2
19577,0
19578,2
19579,2
19580,3
19581,2
19582,3
19583,2
19584,2
19585,3
19586,3
19587,3
19588,3
19589,0
19590,3
19591,2
19592,3
19593,3
19594,3
19595,2
19596,2
19597,3
19598,2
19599,0
19600,3
19601,1
19602,3
19603,2
19604,2
19605,0
19606,0
19607,3
19608,3
19609,3
19610,3
19611,3
19612,3
19613,3
19614,3
19615,2
19616,3
19617,2
19618,2
19619,0
19620,2
19621,2
19622,2
19623,2
19624,2
19625,2
19626,2
19627,2
19628,2
19629,2
19630,2
19631,2
19632,2
19633,2
19634,2
19635,2
19636,2
19637,2
19638,2
19639,3
19640,3
19641,3
19642,2
19643,2
19644,2
19645,2
19646,2
19647,2
19648,2
19649,3
19650,1
19651,3
19652,3
19653,3
19654,3
19655,3
19656,3
19657,3
19658,3
19659,3
19660,2
19661,3
19662,3
19663,2
19664,3
19665,2
19666,2
19667,3
19668,2
19669,3
19670,3
19671,3
19672,3
19673,3
19674,2
19675,2
19676,2
19677,2
19678,2
19679,2
19680,2
19681,2
19682,2
19683,2
19684,2
19685,2
19686,2
19687,2
19688,2
19689,2
19690,2
19691,3
19692,2
19693,2
19694,2
19695,2
19696,0
19697,2
19698,2
19699,2
19700,2
19701,2
19702,2
19703,2
19704,2
19705,0
19706,2
19707,2
19708,2
19709,2
19710,2
19711,2
19712,2
19713,2
19714,2
19715,2
19716,3
19717,1
19718,3
19719,3
19720,0
19721,3
19722,3
19723,3
19724,3
19725,3
19726,3
19727,3
19728,3
19729,3
19730,3
19731,3
19732,3
19733,3
19734,3
19735,3
19736,3
19737,3
19738,3
19739,0
19740,0
19741,3
19742,0
19743,0
19744,0
19745,2
19746,0
19747,0
19748,0
19749,0
19750,0
19751,3
19752,3
19753,3
19754,2
19755,3
19756,3
19757,2
19758,0
19759,0
19760,0
19761,0
19762,0
19763,2
19764,0
19765,3
19766,3
19767,3
19768,3
19769,2
19770,2
19771,2
19772,2
19773,2
19774,2
19775,2
19776,2
19777,3
19778,2
19779,3
19780,2
19781,2
19782,2
19783,2
19784,2
19785,3
19786,2
19787,2
19788,2
19789,2
19790,3
19791,3
19792,2
19793,2
19794,2
19795,0
19796,3
19797,0
19798,0
19799,0
19800,2
19801,2
19802,0
19803,3
19804,0
19805,2
19806,2
19807,1
19808,0
19809,3
19810,3
19811,3
19812,0
19813,3
19814,2
19815,3
19816,0
19817,0
19818,2
19819,2
19820,2
19821,3
19822,2
19823,2
19824,2
19825,3
19826,3
19827,2
19828,3
19829,3
19830,2
19831,2
19832,3
19833,0
19834,0
19835,2
19836,2
19837,2
19838,2
19839,2
19840,2
19841,2
19842,2
19843,2
19844,0
19845,0
19846,2
19847,2
19848,3
19849,3
19850,3
19851,3
19852,2
19853,2
19854,2
19855,2
19856,2
19857,2
19858,2
19859,2
19860,2
19861,3
19862,3
19863,1
19864,3
19865,2
19866,1
19867,1
19868,2
19869,3
19870,0
19871,0
19872,2
19873,2
19874,2
19875,3
19876,3
19877,3
19878,3
19879,1
19880,2
19881,0
19882,2
19883,2
19884,2
19885,3
19886,2
19887,3
19888,2
19889,2
19890,2
19891,2
19892,2
19893,2
19894,2
19895,3
19896,2
19897,2
19898,2
19899,2
19900,2
19901,2
19902,2
19903,2
19904,2
19905,2
19906,2
19907,2
19908,2
19909,2
19910,2
19911,2
19912,2
19913,2
19914,2
19915,2
19916,2
19917,2
19918,2
19919,2
19920,2
19921,2
19922,2
19923,2
19924,2
19925,2
19926,2
19927,2
19928,2
19929,2
19930,2
19931,2
19932,2
19933,2
19934,2
19935,2
19936,2
19937,2
19938,3
19939,3
19940,2
19941,2
19942,2
19943,2
19944,1
19945,1
19946,1
19947,1
19948,1
19949,1
19950,1
19951,2
19952,2
19953,2
19954,2
19955,2
19956,1
19957,3
19958,3
19959,1
19960,2
19961,2
19962,2
19963,0
19964,2
19965,2
19966,0
19967,2
19968,2
19969,2
19970,0
19971,2
19972,3
19973,3
19974,3
19975,2
19976,2
19977,3
19978,2
19979,2
19980,3
19981,1
19982,2
19983,2
19984,3
19985,2
19986,3
19987,2
19988,3
19989,2
19990,2
19991,3
19992,3
19993,2
19994,3
19995,3
19996,3
19997,3
19998,3
19999,3
20000,3
20001,2
20002,2
20003,2
20004,3
20005,2
20006,2
20007,2
20008,2
20009,2
20010,2
20011,2
20012,3
20013,2
20014,3
20015,2
20016,2
20017,2
20018,2
20019,2
20020,2
20021,2
20022,2
20023,1
20024,3
20025,3
20026,2
20027,2
20028,2
20029,3
20030,2
20031,2
20032,2
20033,2
20034,2
20035,3
20036,2
20037,2
20038,3
20039,3
20040,2
20041,2
20042,3
20043,2
20044,2
20045,2
20046,2
20047,3
20048,3
20049,3
20050,3
20051,2
20052,2
20053,2
20054,3
20055,2
20056,2
20057,3
20058,3
20059,3
20060,2
20061,2
20062,3
20063,3
20064,3
20065,2
20066,3
20067,2
20068,3
20069,3
20070,2
20071,3
20072,3
20073,3
20074,3
20075,3
20076,2
20077,3
20078,3
20079,3
20080,3
20081,3
20082,2
20083,2
20084,2
20085,3
20086,3
20087,3
20088,3
20089,2
20090,3
20091,3
20092,3
20093,2
20094,2
20095,2
20096,3
20097,3
20098,3
20099,3
20100,3
20101,3
20102,3
20103,2
20104,3
20105,3
20106,3
20107,3
20108,3
20109,2
20110,3
20111,2
20112,2
20113,2
20114,3
20115,3
20116,2
20117,2
20118,2
20119,2
20120,3
20121,3
20122,3
20123,3
20124,3
20125,2
20126,2
20127,2
20128,2
20129,3
20130,3
20131,3
20132,2
20133,3
20134,3
20135,3
20136,3
20137,3
20138,2
20139,3
20140,3
20141,3
20142,3
20143,3
20144,3
20145,3
20146,3
20147,3
20148,3
20149,3
20150,2
20151,3
20152,2
20153,2
20154,2
20155,3
20156,3
20157,2
20158,3
20159,2
20160,2
20161,2
20162,3
20163,2
20164,2
20165,2
20166,3
20167,3
20168,3
20169,3
20170,3
20171,3
20172,3
20173,3
20174,3
20175,3
20176,3
20177,3
20178,3
20179,3
20180,3
20181,2
20182,3
20183,3
20184,3
20185,2
20186,3
20187,3
20188,3
20189,3
20190,3
20191,3
20192,2
20193,2
20194,3
20195,3
20196,2
20197,2
20198,2
20199,3
20200,2
20201,3
20202,3
20203,2
20204,3
20205,3
20206,3
20207,3
20208,3
20209,3
20210,3
20211,3
20212,3
20213,3
20214,3
20215,3
20216,3
20217,3
20218,2
20219,2
20220,3
20221,3
20222,2
20223,3
20224,3
20225,3
20226,2
20227,2
20228,3
20229,3
20230,3
20231,3
20232,3
20233,3
20234,3
20235,3
20236,3
20237,3
20238,3
20239,3
20240,3
20241,2
20242,3
20243,3
20244,3
20245,2
20246,3
20247,3
20248,3
20249,3
20250,3
20251,3
20252,3
20253,3
20254,3
20255,3
20256,3
20257,2
20258,3
20259,2
20260,2
20261,2
20262,3
20263,3
20264,2
20265,2
20266,3
20267,3
20268,3
20269,3
20270,2
20271,3
20272,3
20273,3
20274,3
20275,2
20276,3
20277,3
20278,2
20279,2
20280,2
20281,2
20282,2
20283,2
20284,2
20285,2
20286,2
20287,2
20288,2
20289,2
20290,2
20291,2
20292,2
20293,3
20294,2
20295,2
20296,3
20297,3
20298,2
20299,2
20300,2
20301,3
20302,3
20303,3
20304,3
20305,2
20306,3
20307,3
20308,3
20309,2
20310,3
20311,0
20312,2
20313,2
20314,2
20315,2
20316,3
20317,2
20318,2
20319,2
20320,3
20321,3
20322,3
20323,3
20324,3
20325,2
20326,2
20327,3
20328,3
20329,3
20330,3
20331,3
20332,3
20333,3
20334,3
20335,3
20336,3
20337,3
20338,3
20339,2
20340,2
20341,2
20342,2
20343,2
20344,3
20345,2
20346,3
20347,2
20348,3
20349,2
20350,2
20351,2
20352,2
20353,1
20354,3
20355,2
20356,3
20357,3
20358,3
20359,3
20360,3
20361,3
20362,2
20363,2
20364,2
20365,3
20366,3
20367,3
20368,2
20369,2
20370,3
20371,3
20372,3
20373,3
20374,3
20375,3
20376,2
20377,2
20378,2
20379,2
20380,3
20381,3
20382,3
20383,2
20384,3
20385,2
20386,2
20387,2
20388,2
20389,2
20390,3
20391,3
20392,3
20393,3
20394,2
20395,3
20396,3
20397,3
20398,3
20399,3
20400,3
20401,3
20402,3
20403,3
20404,3
20405,2
20406,3
20407,2
20408,2
20409,2
20410,3
20411,2
20412,2
20413,2
20414,2
20415,3
20416,2
20417,3
20418,3
20419,3
20420,3
20421,2
20422,3
20423,3
20424,3
20425,3
20426,2
20427,2
20428,2
20429,3
20430,2
20431,3
20432,2
20433,2
20434,3
20435,3
20436,3
20437,2
20438,3
20439,2
20440,3
20441,3
20442,3
20443,3
20444,2
20445,3
20446,2
20447,2
20448,2
20449,3
20450,3
20451,3
20452,3
20453,3
20454,2
20455,2
20456,2
20457,2
20458,3
20459,3
20460,2
20461,3
20462,3
20463,3
20464,3
20465,3
20466,3
20467,2
20468,2
20469,3
20470,3
20471,2
20472,2
20473,2
20474,3
20475,2
20476,3
20477,2
20478,2
20479,2
20480,2
20481,3
20482,2
20483,3
20484,3
20485,3
20486,3
20487,2
20488,2
20489,3
20490,3
20491,3
20492,3
20493,3
20494,2
20495,0
20496,0
20497,3
20498,0
20499,0
20500,2
20501,0
20502,0
20503,0
20504,0
20505,0
20506,0
20507,0
20508,0
20509,0
20510,0
20511,0
20512,0
20513,0
20514,0
20515,2
20516,0
20517,0
20518,0
20519,2
20520,0
20521,0
20522,0
20523,0
20524,0
20525,0
20526,0
20527,0
20528,2
20529,0
20530,3
20531,3
20532,2
20533,3
20534,2
20535,2
20536,3
20537,2
20538,2
20539,2
20540,2
20541,2
20542,2
20543,2
20544,3
20545,3
20546,3
20547,3
20548,3
20549,3
20550,3
20551,3
20552,2
20553,2
20554,2
20555,3
20556,3
20557,3
20558,3
20559,3
20560,3
20561,2
20562,2
20563,2
20564,2
20565,2
20566,2
20567,3
20568,3
20569,2
20570,2
20571,2
20572,3
20573,2
20574,2
20575,2
20576,2
20577,2
20578,3
20579,2
20580,0
20581,0
20582,0
20583,3
20584,0
20585,2
20586,2
20587,0
20588,0
20589,0
20590,2
20591,2
20592,2
20593,2
20594,2
20595,2
20596,2
20597,2
20598,2
20599,2
20600,2
20601,2
20602,2
20603,2
20604,2
20605,2
20606,2
20607,2
20608,2
20609,3
20610,3
20611,2
20612,3
20613,2
20614,3
20615,3
20616,3
20617,2
20618,2
20619,2
20620,3
20621,3
20622,3
20623,3
20624,2
20625,3
20626,1
20627,1
20628,2
20629,1
20630,1
20631,1
20632,1
20633,3
20634,0
20635,0
20636,0
20637,0
20638,3
20639,3
20640,0
20641,0
20642,0
20643,0
20644,0
20645,0
20646,3
20647,0
20648,3
20649,3
20650,3
20651,0
20652,2
20653,3
20654,2
20655,2
20656,2
20657,2
20658,3
20659,3
20660,2
20661,2
20662,3
20663,2
20664,2
20665,2
20666,2
20667,2
20668,0
20669,0
20670,3
20671,2
20672,2
20673,0
20674,0
20675,2
20676,2
20677,2
20678,0
20679,2
20680,0
20681,2
20682,0
20683,2
20684,2
20685,2
20686,0
20687,0
20688,0
20689,0
20690,0
20691,3
20692,3
20693,2
20694,2
20695,2
20696,0
20697,2
20698,1
20699,1
20700,3
20701,3
20702,3
20703,2
20704,3
20705,2
20706,2
20707,3
20708,2
20709,3
20710,1
20711,2
20712,2
20713,0
20714,3
20715,3
20716,3
20717,0
20718,0
20719,0
20720,0
20721,0
20722,3
20723,3
20724,3
20725,3
20726,3
20727,3
20728,2
20729,2
20730,2
20731,3
20732,2
20733,3
20734,3
20735,3
20736,2
20737,2
20738,2
20739,2
20740,2
20741,2
20742,2
20743,2
20744,2
20745,2
20746,2
20747,2
20748,2
20749,2
20750,2
20751,2
20752,2
20753,2
20754,2
20755,2
20756,2
20757,2
20758,2
20759,2
20760,2
20761,2
20762,2
20763,2
20764,2
20765,2
20766,2
20767,2
20768,2
20769,2
20770,2
20771,2
20772,2
20773,2
20774,2
20775,2
20776,2
20777,2
20778,2
20779,2
20780,2
20781,2
20782,2
20783,2
20784,2
20785,2
20786,2
20787,2
20788,2
20789,2
20790,2
20791,2
20792,2
20793,2
20794,2
20795,2
20796,2
20797,2
20798,2
20799,2
20800,2
20801,2
20802,2
20803,2
20804,2
20805,2
20806,2
20807,2
20808,2
20809,2
20810,2
20811,2
20812,2
20813,2
20814,1
20815,1
20816,2
20817,2
20818,2
20819,2
20820,2
20821,2
20822,2
20823,2
20824,2
20825,2
20826,2
20827,2
20828,2
20829,2
20830,2
20831,2
20832,2
20833,2
20834,2
20835,2
20836,2
20837,2
20838,2
20839,2
20840,2
20841,2
20842,2
20843,2
20844,2
20845,2
20846,2
20847,2
20848,2
20849,3
20850,3
20851,2
20852,2
20853,2
20854,2
20855,2
20856,2
20857,2
20858,2
20859,2
20860,0
20861,2
20862,2
20863,2
20864,2
20865,2
20866,2
20867,1
20868,1
20869,1
20870,0
20871,0
20872,0
20873,2
20874,0
20875,3
20876,3
20877,3
20878,3
20879,3
20880,3
20881,3
20882,3
20883,2
20884,2
20885,2
20886,2
20887,2
20888,2
20889,0
20890,2
20891,2
20892,3
20893,3
20894,3
20895,3
20896,3
20897,2
20898,2
20899,0
20900,0
20901,2
20902,3
20903,2
20904,0
20905,3
20906,3
20907,3
20908,3
20909,3
20910,3
20911,3
20912,3
20913,3
20914,3
20915,3
20916,3
20917,3
20918,3
20919,3
20920,3
20921,3
20922,3
20923,3
20924,3
20925,3
20926,3
20927,3
20928,3
20929,2
20930,3
20931,3
20932,3
20933,0
20934,2
20935,2
20936,2
20937,3
20938,3
20939,3
20940,2
20941,0
20942,2
20943,2
20944,3
20945,2
20946,3
20947,3
20948,3
20949,2
20950,0
20951,3
20952,3
20953,3
20954,0
20955,0
20956,0
20957,0
20958,2
20959,2
20960,2
20961,2
20962,3
20963,3
20964,3
20965,3
20966,3
20967,3
20968,2
20969,3
20970,2
20971,3
20972,3
20973,3
20974,3
20975,3
20976,2
20977,2
20978,3
20979,2
20980,3
20981,2
20982,3
20983,3
20984,3
20985,2
20986,2
20987,2
20988,2
20989,3
20990,3
20991,3
20992,3
20993,3
20994,3
20995,3
20996,2
20997,3
20998,2
20999,3
21000,3
21001,3
21002,1
21003,3
21004,3
21005,3
21006,3
21007,3
21008,3
21009,3
21010,3
21011,3
21012,3
21013,3
21014,3
21015,3
21016,3
21017,3
21018,3
21019,3
21020,3
21021,1
21022,1
21023,1
21024,3
21025,3
21026,1
21027,3
21028,3
21029,3
21030,1
21031,1
21032,3
21033,3
21034,1
21035,3
21036,3
21037,1
21038,3
21039,1
21040,3
21041,3
21042,3
21043,3
21044,2
21045,3
21046,3
21047,3
21048,3
21049,3
21050,1
21051,2
21052,3
21053,3
21054,2
21055,2
21056,0
21057,2
21058,3
21059,3
21060,3
21061,3
21062,0
21063,2
21064,2
21065,3
21066,3
21067,2
21068,2
21069,3
21070,3
21071,2
21072,2
21073,0
21074,3
21075,2
21076,2
21077,3
21078,3
21079,3
21080,3
21081,3
21082,3
21083,3
21084,3
21085,3
21086,3
21087,3
21088,3
21089,3
21090,3
21091,1
21092,3
21093,3
21094,2
21095,2
21096,3
21097,3
21098,3
21099,2
21100,2
21101,3
21102,2
21103,2
21104,2
21105,1
21106,1
21107,2
21108,3
21109,2
21110,2
21111,2
21112,3
21113,2
21114,2
21115,1
21116,3
21117,1
21118,1
21119,1
21120,2
21121,3
21122,2
21123,2
21124,3
21125,3
21126,3
21127,2
21128,2
21129,3
21130,3
21131,3
21132,3
21133,3
21134,2
21135,3
21136,3
21137,3
21138,3
21139,3
21140,3
21141,3
21142,3
21143,3
21144,1
21145,1
21146,1
21147,1
21148,1
21149,1
21150,3
21151,3
21152,3
21153,1
21154,3
21155,3
21156,3
21157,3
21158,3
21159,3
21160,3
21161,3
21162,3
21163,3
21164,3
21165,3
21166,3
21167,3
21168,3
21169,3
21170,3
21171,3
21172,3
21173,3
21174,2
21175,3
21176,2
21177,2
21178,2
21179,2
21180,2
21181,3
21182,3
21183,2
21184,2
21185,2
21186,3
21187,0
21188,0
21189,0
21190,3
21191,1
21192,2
21193,3
21194,3
21195,3
21196,3
21197,2
21198,3
21199,2
21200,2
21201,2
21202,3
21203,2
21204,2
21205,2
21206,3
21207,2
21208,3
21209,2
21210,2
21211,3
21212,3
21213,2
21214,2
21215,0
21216,2
21217,3
21218,2
21219,2
21220,2
21221,2
21222,2
21223,2
21224,2
21225,2
21226,2
21227,2
21228,2
21229,2
21230,2
21231,2
21232,2
21233,2
21234,2
21235,2
21236,2
21237,2
21238,2
21239,2
21240,2
21241,2
21242,2
21243,3
21244,2
21245,2
21246,2
21247,2
21248,2
21249,2
21250,2
21251,2
21252,2
21253,2
21254,2
21255,2
21256,2
21257,2
21258,2
21259,2
21260,2
21261,2
21262,2
21263,2
21264,2
21265,2
21266,2
21267,0
21268,3
21269,3
21270,3
21271,3
21272,3
21273,3
21274,2
21275,3
21276,3
21277,3
21278,3
21279,2
21280,3
21281,3
21282,3
21283,3
21284,3
21285,2
21286,2
21287,3
21288,3
21289,3
21290,3
21291,3
21292,2
21293,3
21294,2
21295,2
21296,2
21297,3
21298,3
21299,2
21300,3
21301,2
21302,2
21303,2
21304,3
21305,2
21306,2
21307,2
21308,3
21309,3
21310,2
21311,2
21312,3
21313,3
21314,3
21315,3
21316,2
21317,2
21318,2
21319,3
21320,2
21321,3
21322,3
21323,2
21324,2
21325,2
21326,2
21327,2
21328,3
21329,3
21330,2
21331,2
21332,2
21333,2
21334,2
21335,3
21336,0
21337,3
21338,2
21339,3
21340,2
21341,2
21342,2
21343,2
21344,2
21345,3
21346,3
21347,2
21348,2
21349,2
21350,2
21351,2
21352,2
21353,2
21354,2
21355,3
21356,2
21357,3
21358,2
21359,3
21360,2
21361,2
21362,2
21363,2
21364,2
21365,2
21366,2
21367,2
21368,2
21369,2
21370,2
21371,2
21372,3
21373,2
21374,2
21375,2
21376,3
21377,2
21378,2
21379,2
21380,2
21381,2
21382,2
21383,2
21384,2
21385,3
21386,3
21387,3
21388,2
21389,2
21390,2
21391,2
21392,2
21393,2
21394,2
21395,2
21396,2
21397,2
21398,2
21399,2
21400,2
21401,2
21402,2
21403,2
21404,2
21405,3
21406,3
21407,2
21408,3
21409,3
21410,2
21411,2
21412,2
21413,0
21414,2
21415,2
21416,2
21417,2
21418,2
21419,2
21420,2
21421,2
21422,2
21423,3
21424,2
21425,2
21426,2
21427,2
21428,3
21429,2
21430,2
21431,2
21432,2
21433,2
21434,3
21435,3
21436,3
21437,3
21438,2
21439,3
21440,3
21441,3
21442,3
21443,2
21444,3
21445,2
21446,3
21447,3
21448,3
21449,3
21450,3
21451,3
21452,0
21453,0
21454,3
21455,2
21456,2
21457,3
21458,2
21459,3
21460,3
21461,3
21462,2
21463,2
21464,2
21465,2
21466,2
21467,2
21468,2
21469,2
21470,2
21471,2
21472,2
21473,2
21474,2
21475,2
21476,2
21477,2
21478,2
21479,2
21480,2
21481,2
21482,2
21483,2
21484,2
21485,2
21486,2
21487,2
21488,3
21489,3
21490,2
21491,3
21492,2
21493,2
21494,2
21495,2
21496,2
21497,2
21498,2
21499,2
21500,2
21501,2
21502,2
21503,2
21504,2
21505,2
21506,2
21507,2
21508,2
21509,3
21510,3
21511,3
21512,3
21513,2
21514,0
21515,3
21516,2
21517,2
21518,2
21519,2
21520,2
21521,2
21522,2
21523,3
21524,2
21525,2
21526,2
21527,2
21528,2
21529,2
21530,2
21531,2
21532,2
21533,2
21534,2
21535,2
21536,2
21537,2
21538,2
21539,2
21540,2
21541,2
21542,2
21543,2
21544,2
21545,2
21546,2
21547,2
21548,2
21549,2
21550,2
21551,2
21552,2
21553,2
21554,2
21555,2
21556,2
21557,2
21558,2
21559,2
21560,2
21561,2
21562,2
21563,2
21564,3
21565,3
21566,2
21567,2
21568,2
21569,2
21570,2
21571,3
21572,3
21573,2
21574,2
21575,2
21576,2
21577,2
21578,3
21579,2
21580,2
21581,2
21582,2
21583,2
21584,2
21585,2
21586,2
21587,2
21588,3
21589,3
21590,3
21591,2
21592,2
21593,2
21594,3
21595,3
21596,2
21597,2
21598,2
21599,2
21600,2
21601,2
21602,2
21603,3
21604,3
21605,2
21606,2
21607,2
21608,2
21609,2
21610,2
21611,3
21612,3
21613,2
21614,2
21615,2
21616,2
21617,2
21618,2
21619,2
21620,2
21621,2
21622,2
21623,2
21624,2
21625,2
21626,2
21627,2
21628,2
21629,2
21630,2
21631,2
21632,2
21633,2
21634,2
21635,2
21636,2
21637,2
21638,2
21639,2
21640,2
21641,2
21642,2
21643,2
21644,2
21645,2
21646,2
21647,2
21648,2
21649,2
21650,2
21651,2
21652,2
21653,2
21654,2
21655,2
21656,2
21657,2
21658,2
21659,2
21660,2
21661,2
21662,2
21663,2
21664,2
21665,2
21666,2
21667,2
21668,2
21669,2
21670,2
21671,2
21672,2
21673,2
21674,2
21675,2
21676,2
21677,2
21678,2
21679,2
21680,2
21681,2
21682,2
21683,0
21684,3
21685,2
21686,2
21687,2
21688,2
21689,2
21690,2
21691,2
21692,2
21693,2
21694,2
21695,2
21696,2
21697,2
21698,2
21699,2
21700,2
21701,2
21702,2
21703,2
21704,2
21705,2
21706,2
21707,2
21708,2
21709,2
21710,2
21711,2
21712,2
21713,2
21714,2
21715,2
21716,2
21717,2
21718,2
21719,2
21720,2
21721,2
21722,2
21723,2
21724,2
21725,2
21726,2
21727,2
21728,2
21729,2
21730,2
21731,2
21732,2
21733,2
21734,2
21735,2
21736,2
21737,2
21738,2
21739,2
21740,2
21741,2
21742,2
21743,3
21744,2
21745,2
21746,2
21747,2
21748,2
21749,2
21750,2
21751,2
21752,2
21753,2
21754,2
21755,2
21756,2
21757,2
21758,2
21759,2
21760,2
21761,2
21762,3
21763,3
21764,3
21765,3
21766,2
21767,2
21768,2
21769,2
21770,2
21771,2
21772,2
21773,2
21774,2
21775,0
21776,2
21777,2
21778,2
21779,2
21780,2
21781,2
21782,2
21783,2
21784,2
21785,2
21786,2
21787,2
21788,2
21789,2
21790,2
21791,2
21792,2
21793,2
21794,2
21795,2
21796,2
21797,2
21798,2
21799,2
21800,2
21801,2
21802,2
21803,2
21804,2
21805,2
21806,2
21807,2
21808,3
21809,2
21810,3
21811,2
21812,2
21813,2
21814,2
21815,2
21816,2
21817,2
21818,2
21819,2
21820,2
21821,2
21822,2
21823,2
21824,2
21825,2
21826,2
21827,2
21828,2
21829,2
21830,2
21831,2
21832,2
21833,3
21834,3
21835,3
21836,2
21837,2
21838,2
21839,2
21840,2
21841,2
21842,2
21843,2
21844,2
21845,2
21846,2
21847,2
21848,3
21849,2
21850,2
21851,2
21852,2
21853,2
21854,0
21855,2
21856,2
21857,2
21858,2
21859,2
21860,2
21861,2
21862,2
21863,2
21864,2
21865,2
21866,2
21867,2
21868,2
21869,2
21870,2
21871,2
21872,2
21873,2
21874,2
21875,2
21876,2
21877,2
21878,2
21879,2
21880,2
21881,2
21882,2
21883,2
21884,2
21885,2
21886,2
21887,2
21888,2
21889,2
21890,2
21891,2
21892,2
21893,2
21894,2
21895,2
21896,2
21897,2
21898,2
21899,2
21900,2
21901,2
21902,2
21903,2
21904,2
21905,2
21906,2
21907,2
21908,2
21909,2
21910,2
21911,2
21912,2
21913,2
21914,2
21915,2
21916,2
21917,2
21918,2
21919,2
21920,2
21921,2
21922,3
21923,3
21924,2
21925,2
21926,2
21927,2
21928,2
21929,2
21930,2
21931,2
21932,2
21933,2
21934,2
21935,3
21936,2
21937,2
21938,2
21939,2
21940,3
21941,2
21942,2
21943,2
21944,2
21945,2
21946,2
21947,2
21948,2
21949,2
21950,2
21951,2
21952,2
21953,2
21954,2
21955,2
21956,2
21957,2
21958,2
21959,2
21960,2
21961,2
21962,2
21963,3
21964,3
21965,2
21966,2
21967,0
21968,2
21969,3
21970,3
21971,2
21972,3
21973,3
21974,3
21975,2
21976,0
21977,3
21978,0
21979,3
21980,2
21981,2
21982,2
21983,2
21984,3
21985,3
21986,2
21987,2
21988,2
21989,2
21990,2
21991,2
21992,2
21993,2
21994,0
21995,2
21996,2
21997,2
21998,2
21999,2
22000,2
22001,2
22002,2
22003,2
22004,2
22005,2
22006,2
22007,0
22008,2
22009,2
22010,2
22011,3
22012,3
22013,2
22014,2
22015,2
22016,2
22017,3
22018,2
22019,2
22020,3
22021,2
22022,2
22023,2
22024,2
22025,2
22026,2
22027,2
22028,2
22029,2
22030,0
22031,3
22032,3
22033,2
22034,3
22035,3
22036,3
22037,2
22038,2
22039,3
22040,3
22041,2
22042,2
22043,0
22044,3
22045,2
22046,3
22047,3
22048,2
22049,2
22050,2
22051,2
22052,2
22053,2
22054,0
22055,2
22056,2
22057,2
22058,2
22059,2
22060,2
22061,2
22062,2
22063,2
22064,2
22065,2
22066,3
22067,2
22068,2
22069,2
22070,2
22071,2
22072,2
22073,2
22074,2
22075,2
22076,0
22077,0
22078,2
22079,2
22080,2
22081,2
22082,2
22083,2
22084,2
22085,2
22086,2
22087,2
22088,2
22089,2
22090,2
22091,2
22092,2
22093,2
22094,2
22095,2
22096,2
22097,2
22098,2
22099,2
22100,2
22101,2
22102,2
22103,2
22104,2
22105,2
22106,2
22107,2
22108,2
22109,2
22110,2
22111,2
22112,2
22113,2
22114,2
22115,2
22116,2
22117,2
22118,2
22119,2
22120,0
22121,2
22122,2
22123,2
22124,2
22125,2
22126,2
22127,2
22128,2
22129,2
22130,2
22131,2
22132,2
22133,2
22134,2
22135,2
22136,2
22137,2
22138,2
22139,2
22140,2
22141,2
22142,2
22143,2
22144,2
22145,2
22146,2
22147,2
22148,2
22149,2
22150,2
22151,2
22152,2
22153,2
22154,2
22155,2
22156,2
22157,2
22158,2
22159,2
22160,2
22161,2
22162,2
22163,2
22164,2
22165,2
22166,2
22167,2
22168,2
22169,2
22170,2
22171,2
22172,2
22173,2
22174,2
22175,2
22176,2
22177,2
22178,2
22179,2
22180,2
22181,2
22182,2
22183,2
22184,2
22185,2
22186,2
22187,2
22188,2
22189,2
22190,2
22191,2
22192,2
22193,2
22194,2
22195,2
22196,2
22197,2
22198,2
22199,2
22200,2
22201,2
22202,2
22203,2
22204,2
22205,2
22206,2
22207,2
22208,2
22209,2
22210,2
22211,2
22212,2
22213,2
22214,2
22215,2
22216,2
22217,2
22218,2
22219,2
22220,2
22221,2
22222,2
22223,2
22224,2
22225,2
22226,2
22227,2
22228,2
22229,2
22230,2
22231,2
22232,2
22233,2
22234,2
22235,2
22236,2
22237,2
22238,2
22239,2
22240,2
22241,2
22242,2
22243,2
22244,2
22245,2
22246,2
22247,2
22248,2
22249,2
22250,2
22251,3
22252,2
22253,2
22254,2
22255,2
22256,2
22257,2
22258,2
22259,2
22260,2
22261,2
22262,2
22263,2
22264,2
22265,2
22266,2
22267,0
22268,2
22269,2
22270,2
22271,0
22272,2
22273,2
22274,2
22275,2
22276,2
22277,2
22278,2
22279,2
22280,2
22281,2
22282,2
22283,2
22284,2
22285,2
22286,2
22287,2
22288,2
22289,2
22290,2
22291,2
22292,2
22293,2
22294,2
22295,2
22296,2
22297,2
22298,2
22299,2
22300,2
22301,2
22302,2
22303,2
22304,2
22305,2
22306,2
22307,2
22308,2
22309,2
22310,2
22311,2
22312,2
22313,2
22314,2
22315,2
22316,2
22317,2
22318,2
22319,2
22320,2
22321,2
22322,2
22323,2
22324,2
22325,2
22326,2
22327,2
22328,2
22329,2
22330,3
22331,2
22332,2
22333,2
22334,2
22335,2
22336,2
22337,2
22338,0
22339,2
22340,2
22341,2
22342,2
22343,2
22344,2
22345,2
22346,2
22347,2
22348,2
22349,2
22350,2
22351,2
22352,2
22353,2
22354,2
22355,2
22356,2
22357,2
22358,2
22359,2
22360,2
22361,2
22362,2
22363,2
22364,2
22365,2
22366,2
22367,2
22368,2
22369,2
22370,2
22371,2
22372,2
22373,3
22374,3
22375,3
22376,3
22377,1
22378,3
22379,2
22380,3
22381,0
22382,0
22383,3
22384,2
22385,2
22386,2
22387,2
22388,2
22389,2
22390,2
22391,3
22392,3
22393,2
22394,2
22395,2
22396,2
22397,2
22398,3
22399,2
22400,2
22401,2
22402,2
22403,2
22404,2
22405,2
22406,2
22407,2
22408,2
22409,2
22410,2
22411,3
22412,2
22413,3
22414,2
22415,2
22416,2
22417,3
22418,2
22419,0
22420,0
22421,2
22422,2
22423,2
22424,3
22425,0
22426,2
22427,2
22428,2
22429,0
22430,2
22431,2
22432,2
22433,2
22434,3
22435,2
22436,2
22437,2
22438,2
22439,2
22440,2
22441,3
22442,2
22443,2
22444,2
22445,2
22446,2
22447,3
22448,2
22449,2
22450,2
22451,2
22452,3
22453,2
22454,2
22455,3
22456,2
22457,3
22458,2
22459,2
22460,2
22461,2
22462,2
22463,2
22464,2
22465,2
22466,2
22467,2
22468,2
22469,2
22470,2
22471,2
22472,2
22473,2
22474,2
22475,2
22476,2
22477,2
22478,2
22479,2
22480,2
22481,2
22482,2
22483,2
22484,3
22485,2
22486,2
22487,2
22488,2
22489,2
22490,2
22491,2
22492,0
22493,0
22494,0
22495,3
22496,2
22497,3
22498,3
22499,3
22500,3
22501,3
22502,2
22503,2
22504,2
22505,3
22506,2
22507,2
22508,2
22509,3
22510,3
22511,3
22512,2
22513,3
22514,3
22515,3
22516,3
22517,3
22518,3
22519,0
22520,3
22521,3
22522,3
22523,3
22524,3
22525,2
22526,3
22527,3
22528,3
22529,3
22530,3
22531,3
22532,3
22533,3
22534,3
22535,3
22536,3
22537,1
22538,3
22539,3
22540,3
22541,2
22542,2
22543,2
22544,2
22545,2
22546,2
22547,2
22548,2
22549,3
22550,3
22551,2
22552,3
22553,2
22554,2
22555,2
22556,2
22557,2
22558,2
22559,2
22560,2
22561,3
22562,3
22563,3
22564,2
22565,3
22566,3
22567,3
22568,3
22569,3
22570,3
22571,3
22572,2
22573,3
22574,3
22575,3
22576,3
22577,3
22578,2
22579,3
22580,2
22581,3
22582,1
22583,3
22584,3
22585,3
22586,3
22587,3
22588,3
22589,3
22590,3
22591,3
22592,3
22593,3
22594,3
22595,3
22596,3
22597,2
22598,2
22599,2
22600,3
22601,3
22602,3
22603,3
22604,3
22605,3
22606,3
22607,3
22608,2
22609,3
22610,2
22611,2
22612,2
22613,2
22614,2
22615,2
22616,2
22617,2
22618,2
22619,2
22620,2
22621,2
22622,2
22623,2
22624,3
22625,2
22626,3
22627,1
22628,2
22629,3
22630,2
22631,1
22632,3
22633,2
22634,3
22635,3
22636,3
22637,2
22638,2
22639,3
22640,3
22641,3
22642,3
22643,3
22644,3
22645,3
22646,2
22647,2
22648,3
22649,3
22650,3
22651,3
22652,3
22653,3
22654,3
22655,3
22656,3
22657,3
22658,3
22659,3
22660,3
22661,2
22662,3
22663,3
22664,3
22665,2
22666,2
22667,2
22668,3
22669,2
22670,3
22671,2
22672,3
22673,1
22674,3
22675,3
22676,3
22677,3
22678,2
22679,3
22680,3
22681,2
22682,2
22683,2
22684,3
22685,3
22686,2
22687,2
22688,2
22689,2
22690,3
22691,3
22692,3
22693,3
22694,3
22695,2
22696,3
22697,2
22698,3
22699,3
22700,3
22701,3
22702,3
22703,3
22704,2
22705,2
22706,2
22707,2
22708,3
22709,2
22710,2
22711,2
22712,3
22713,2
22714,3
22715,2
22716,1
22717,0
22718,3
22719,3
22720,3
22721,3
22722,3
22723,2
22724,3
22725,3
22726,3
22727,3
22728,3
22729,3
22730,3
22731,3
22732,3
22733,2
22734,3
22735,3
22736,3
22737,3
22738,0
22739,2
22740,2
22741,2
22742,2
22743,2
22744,3
22745,3
22746,2
22747,2
22748,3
22749,3
22750,3
22751,3
22752,3
22753,3
22754,3
22755,3
22756,2
22757,2
22758,3
22759,3
22760,3
22761,3
22762,3
22763,3
22764,2
22765,2
22766,0
22767,0
22768,2
22769,3
22770,3
22771,2
22772,2
22773,2
22774,2
22775,3
22776,3
22777,2
22778,3
22779,2
22780,1
22781,3
22782,3
22783,3
22784,3
22785,3
22786,3
22787,3
22788,3
22789,1
22790,3
22791,2
22792,3
22793,3
22794,3
22795,3
22796,3
22797,3
22798,3
22799,3
22800,2
22801,3
22802,3
22803,3
22804,3
22805,3
22806,3
22807,3
22808,2
22809,3
22810,3
22811,3
22812,0
22813,3
22814,3
22815,3
22816,3
22817,3
22818,3
22819,3
22820,3
22821,3
22822,3
22823,3
22824,3
22825,0
22826,1
22827,0
22828,3
22829,3
22830,3
22831,2
22832,2
22833,3
22834,3
22835,2
22836,2
22837,2
22838,2
22839,3
22840,2
22841,3
22842,2
22843,2
22844,2
22845,3
22846,3
22847,3
22848,2
22849,3
22850,2
22851,2
22852,2
22853,2
22854,3
22855,3
22856,3
22857,2
22858,2
22859,3
22860,3
22861,3
22862,3
22863,3
22864,3
22865,2
22866,2
22867,3
22868,3
22869,3
22870,3
22871,2
22872,3
22873,3
22874,3
22875,3
22876,3
22877,1
22878,3
22879,2
22880,2
22881,3
22882,3
22883,3
22884,3
22885,2
22886,3
22887,3
22888,3
22889,3
22890,3
22891,3
22892,2
22893,2
22894,3
22895,3
22896,3
22897,3
22898,3
22899,3
22900,2
22901,3
22902,3
22903,3
22904,3
22905,0
22906,2
22907,2
22908,3
22909,1
22910,3
22911,3
22912,3
22913,3
22914,3
22915,3
22916,3
22917,3
22918,3
22919,3
22920,2
22921,3
22922,3
22923,2
22924,3
22925,2
22926,3
22927,3
22928,2
22929,2
22930,2
22931,3
22932,3
22933,3
22934,3
22935,3
22936,3
22937,3
22938,3
22939,3
22940,3
22941,3
22942,3
22943,3
22944,2
22945,3
22946,3
22947,3
22948,3
22949,3
22950,3
22951,3
22952,3
22953,3
22954,2
22955,2
22956,2
22957,3
22958,3
22959,3
22960,0
22961,3
22962,0
22963,0
22964,2
22965,2
22966,3
22967,2
22968,2
22969,2
22970,2
22971,0
22972,2
22973,3
22974,3
22975,2
22976,2
22977,3
22978,3
22979,2
22980,3
22981,2
22982,3
22983,3
22984,2
22985,3
22986,3
22987,3
22988,3
22989,3
22990,3
22991,0
22992,3
22993,3
22994,3
22995,3
22996,3
22997,3
22998,0
22999,3
23000,2
23001,0
23002,3
23003,3
23004,3
23005,3
23006,3
23007,3
23008,3
23009,3
23010,3
23011,3
23012,3
23013,3
23014,3
23015,3
23016,1
23017,2
23018,3
23019,0
23020,2
23021,3
23022,3
23023,1
23024,1
23025,3
23026,3
23027,3
23028,3
23029,3
23030,3
23031,3
23032,2
23033,3
23034,3
23035,0
23036,3
23037,3
23038,3
23039,3
23040,3
23041,3
23042,3
23043,3
23044,3
23045,3
23046,3
23047,3
23048,3
23049,3
23050,2
23051,3
23052,3
23053,0
23054,3
23055,3
23056,3
23057,3
23058,3
23059,3
23060,3
23061,3
23062,3
23063,3
23064,2
23065,3
23066,3
23067,3
23068,3
23069,3
23070,3
23071,3
23072,3
23073,3
23074,3
23075,3
23076,3
23077,2
23078,0
23079,2
23080,3
23081,1
23082,1
23083,2
23084,3
23085,2
23086,3
23087,2
23088,3
23089,3
23090,3
23091,3
23092,0
23093,2
23094,3
23095,2
23096,3
23097,3
23098,3
23099,3
23100,3
23101,3
23102,3
23103,3
23104,3
23105,3
23106,3
23107,2
23108,2
23109,2
23110,3
23111,3
23112,3
23113,3
23114,3
23115,2
23116,3
23117,3
23118,0
23119,3
23120,3
23121,3
23122,3
23123,3
23124,3
23125,1
23126,3
23127,1
23128,1
23129,1
23130,1
23131,3
23132,0
23133,1
23134,0
23135,0
23136,3
23137,0
23138,3
23139,3
23140,3
23141,2
23142,3
23143,3
23144,3
23145,3
23146,3
23147,3
23148,3
23149,3
23150,3
23151,3
23152,2
23153,2
23154,2
23155,3
23156,3
23157,3
23158,3
23159,3
23160,3
23161,2
23162,3
23163,3
23164,3
23165,3
23166,3
23167,3
23168,2
23169,2
23170,2
23171,3
23172,2
23173,3
23174,2
23175,2
23176,3
23177,2
23178,3
23179,3
23180,3
23181,3
23182,3
23183,3
23184,3
23185,3
23186,1
23187,3
23188,3
23189,1
23190,3
23191,3
23192,3
23193,1
23194,3
23195,3
23196,1
23197,3
23198,3
23199,3
23200,3
23201,2
23202,3
23203,2
23204,3
23205,2
23206,3
23207,1
23208,3
23209,2
23210,2
23211,2
23212,3
23213,2
23214,2
23215,2
23216,1
23217,3
23218,3
23219,3
23220,3
23221,3
23222,2
23223,3
23224,3
23225,2
23226,2
23227,2
23228,3
23229,3
23230,3
23231,2
23232,2
23233,3
23234,0
23235,0
23236,2
23237,3
23238,2
23239,2
23240,2
23241,2
23242,2
23243,2
23244,2
23245,2
23246,3
23247,3
23248,0
23249,1
23250,0
23251,1
23252,2
23253,2
23254,2
23255,2
23256,2
23257,3
23258,2
23259,3
23260,3
23261,2
23262,2
23263,2
23264,2
23265,3
23266,3
23267,3
23268,3
23269,1
23270,3
23271,3
23272,2
23273,2
23274,2
23275,2
23276,3
23277,3
23278,3
23279,1
23280,2
23281,3
23282,2
23283,3
23284,2
23285,2
23286,3
23287,3
23288,3
23289,3
23290,2
23291,3
23292,3
23293,2
23294,3
23295,3
23296,3
23297,3
23298,3
23299,3
23300,2
23301,2
23302,2
23303,2
23304,3
23305,2
23306,2
23307,2
23308,3
23309,2
23310,2
23311,3
23312,2
23313,3
23314,3
23315,2
23316,3
23317,3
23318,3
23319,0
23320,3
23321,2
23322,1
23323,1
23324,3
23325,2
23326,3
23327,3
23328,3
23329,2
23330,3
23331,3
23332,3
23333,2
23334,3
23335,3
23336,3
23337,3
23338,1
23339,2
23340,2
23341,2
23342,3
23343,3
23344,3
23345,2
23346,3
23347,3
23348,2
23349,2
23350,2
23351,2
23352,2
23353,2
23354,0
23355,0
23356,2
23357,2
23358,0
23359,3
23360,3
23361,0
23362,0
23363,2
23364,2
23365,2
23366,3
23367,2
23368,2
23369,2
23370,2
23371,3
23372,3
23373,2
23374,2
23375,2
23376,2
23377,2
23378,2
23379,2
23380,3
23381,2
23382,2
23383,3
23384,3
23385,1
23386,2
23387,3
23388,2
23389,3
23390,2
23391,3
23392,2
23393,3
23394,3
23395,3
23396,3
23397,3
23398,2
23399,3
23400,2
23401,2
23402,2
23403,2
23404,2
23405,2
23406,2
23407,3
23408,3
23409,2
23410,2
23411,2
23412,2
23413,1
23414,2
23415,2
23416,2
23417,3
23418,2
23419,2
23420,2
23421,2
23422,2
23423,2
23424,2
23425,2
23426,3
23427,3
23428,3
23429,1
23430,2
23431,3
23432,2
23433,3
23434,3
23435,3
23436,3
23437,3
23438,3
23439,1
23440,3
23441,1
23442,0
23443,0
23444,2
23445,3
23446,2
23447,2
23448,3
23449,0
23450,0
23451,0
23452,0
23453,3
23454,3
23455,0
23456,2
23457,2
23458,3
23459,2
23460,3
23461,2
23462,2
23463,2
23464,2
23465,2
23466,2
23467,2
23468,2
23469,2
23470,2
23471,2
23472,2
23473,2
23474,2
23475,2
23476,2
23477,3
23478,2
23479,3
23480,3
23481,2
23482,2
23483,2
23484,3
23485,2
23486,2
23487,2
23488,2
23489,2
23490,2
23491,2
23492,2
23493,3
23494,3
23495,3
23496,2
23497,3
23498,3
23499,2
23500,2
23501,2
23502,2
23503,2
23504,3
23505,2
23506,3
23507,2
23508,3
23509,3
23510,3
23511,0
23512,1
23513,3
23514,0
23515,0
23516,0
23517,0
23518,0
23519,2
23520,0
23521,2
23522,2
23523,1
23524,3
23525,3
23526,3
23527,1
23528,2
23529,0
23530,0
23531,0
23532,3
23533,2
23534,1
23535,2
23536,3
23537,2
23538,3
23539,3
23540,2
23541,3
23542,3
23543,2
23544,3
23545,3
23546,3
23547,2
23548,1
23549,1
23550,3
23551,3
23552,1
23553,2
23554,2
23555,1
23556,2
23557,1
23558,2
23559,0
23560,3
23561,3
23562,2
23563,3
23564,3
23565,3
23566,2
23567,3
23568,3
23569,3
23570,3
23571,3
23572,2
23573,2
23574,3
23575,3
23576,0
23577,0
23578,3
23579,0
23580,0
23581,2
23582,3
23583,0
23584,3
23585,1
23586,3
23587,3
23588,1
23589,0
23590,2
23591,3
23592,2
23593,3
23594,3
23595,2
23596,3
23597,3
23598,1
23599,1
23600,2
23601,2
23602,3
23603,3
23604,2
23605,2
23606,2
23607,2
23608,2
23609,1
23610,3
23611,1
23612,3
23613,3
23614,3
23615,3
23616,3
23617,3
23618,3
23619,3
23620,3
23621,3
23622,3
23623,1
23624,0
23625,2
23626,3
23627,3
23628,2
23629,3
23630,3
23631,3
23632,1
23633,3
23634,2
23635,2
23636,2
23637,1
23638,2
23639,3
23640,2
23641,3
23642,2
23643,3
23644,3
23645,2
23646,2
23647,2
23648,2
23649,3
23650,3
23651,1
23652,3
23653,3
23654,3
23655,3
23656,3
23657,3
23658,1
23659,1
23660,3
23661,1
23662,1
23663,1
23664,1
23665,2
23666,2
23667,1
23668,2
23669,2
23670,1
23671,1
23672,1
23673,1
23674,1
23675,1
23676,1
23677,1
23678,1
23679,1
23680,3
23681,1
23682,2
23683,1
23684,1
23685,1
23686,1
23687,1
23688,1
23689,1
23690,1
23691,1
23692,1
23693,1
23694,1
23695,3
23696,1
23697,1
23698,3
23699,1
23700,2
23701,1
23702,2
23703,2
23704,2
23705,2
23706,2
23707,2
23708,3
23709,2
23710,3
23711,3
23712,2
23713,3
23714,3
23715,2
23716,3
23717,2
23718,2
23719,2
23720,3
23721,3
23722,3
23723,3
23724,3
23725,2
23726,3
23727,2
23728,2
23729,3
23730,3
23731,3
23732,3
23733,2
23734,3
23735,2
23736,2
23737,3
23738,2
23739,1
23740,3
23741,3
23742,2
23743,3
23744,2
23745,2
23746,2
23747,2
23748,2
23749,2
23750,2
23751,2
23752,2
23753,2
23754,3
23755,0
23756,2
23757,2
23758,2
23759,2
23760,2
23761,2
23762,3
23763,2
23764,2
23765,1
23766,1
23767,1
23768,1
23769,3
23770,1
23771,1
23772,0
23773,0
23774,3
23775,0
23776,1
23777,3
23778,3
23779,3
23780,3
23781,3
23782,3
23783,3
23784,3
23785,3
23786,0
23787,2
23788,2
23789,0
23790,2
23791,2
23792,0
23793,0
23794,0
23795,0
23796,0
23797,0
23798,0
23799,2
23800,2
23801,0
23802,3
23803,3
23804,3
23805,0
23806,0
23807,0
23808,0
23809,0
23810,0
23811,3
23812,2
23813,2
23814,3
23815,0
23816,2
23817,3
23818,1
23819,0
23820,0
23821,0
23822,2
23823,2
23824,3
23825,3
23826,0
23827,0
23828,0
23829,2
23830,2
23831,3
23832,3
23833,1
23834,2
23835,3
23836,0
23837,0
23838,0
23839,0
23840,2
23841,2
23842,2
23843,2
23844,3
23845,3
23846,2
23847,2
23848,0
23849,2
23850,2
23851,2
23852,2
23853,2
23854,2
23855,2
23856,2
23857,2
23858,2
23859,2
23860,2
23861,1
23862,2
23863,2
23864,2
23865,2
23866,2
23867,2
23868,2
23869,0
23870,2
23871,2
23872,2
23873,2
23874,2
23875,2
23876,2
23877,2
23878,2
23879,2
23880,2
23881,2
23882,2
23883,2
23884,2
23885,2
23886,2
23887,1
23888,2
23889,0
23890,2
23891,2
23892,0
23893,2
23894,2
23895,0
23896,2
23897,2
23898,2
23899,2
23900,3
23901,2
23902,2
23903,2
23904,2
23905,2
23906,2
23907,2
23908,2
23909,2
23910,3
23911,2
23912,2
23913,2
23914,2
23915,0
23916,2
23917,2
23918,2
23919,3
23920,3
23921,3
23922,2
23923,2
23924,2
23925,2
23926,2
23927,3
23928,3
23929,3
23930,3
23931,2
23932,3
23933,2
23934,2
23935,3
23936,3
23937,2
23938,2
23939,1
23940,2
23941,2
23942,2
23943,2
23944,3
23945,0
23946,2
23947,2
23948,2
23949,2
23950,3
23951,1
23952,3
23953,2
23954,2
23955,2
23956,2
23957,2
23958,2
23959,1
23960,1
23961,1
23962,2
23963,1
23964,2
23965,2
23966,3
23967,1
23968,2
23969,2
23970,1
23971,1
23972,1
23973,1
23974,1
23975,1
23976,3
23977,1
23978,1
23979,2
23980,1
23981,2
23982,3
23983,2
23984,3
23985,0
23986,3
23987,0
23988,0
23989,0
23990,0
23991,3
23992,0
23993,2
23994,2
23995,0
23996,1
23997,3
23998,1
23999,1
24000,2
24001,2
24002,1
24003,2
24004,2
24005,2
24006,2
24007,2
24008,2
24009,0
24010,2
24011,3
24012,3
24013,3
24014,3
24015,3
24016,3
24017,3
24018,3
24019,0
24020,3
24021,3
24022,2
24023,3
24024,3
24025,3
24026,3
24027,3
24028,3
24029,3
24030,1
24031,2
24032,2
24033,2
24034,3
24035,2
24036,3
24037,3
24038,2
24039,3
24040,3
24041,0
24042,0
24043,0
24044,0
24045,0
24046,0
24047,0
24048,1
24049,0
24050,0
24051,0
24052,3
24053,1
24054,1
24055,2
24056,2
24057,2
24058,2
24059,2
24060,2
24061,2
24062,2
24063,2
24064,2
24065,2
24066,2
24067,2
24068,2
24069,2
24070,2
24071,2
24072,1
24073,2
24074,2
24075,2
24076,2
24077,2
24078,1
24079,1
24080,2
24081,2
24082,2
24083,2
24084,2
24085,3
24086,1
24087,1
24088,2
24089,2
24090,2
24091,2
24092,2
24093,1
24094,1
24095,1
24096,1
24097,1
24098,3
24099,2
24100,3
24101,2
24102,3
24103,0
24104,1
24105,1
24106,1
24107,1
24108,2
24109,0
24110,2
24111,0
24112,2
24113,2
24114,2
24115,2
24116,3
24117,1
24118,1
24119,1
24120,2
24121,2
24122,2
24123,0
24124,1
24125,3
24126,2
24127,2
24128,3
24129,2
24130,2
24131,2
24132,2
24133,3
24134,2
24135,2
24136,0
24137,0
24138,3
24139,2
24140,2
24141,2
24142,1
24143,2
24144,0
24145,0
24146,2
24147,2
24148,0
24149,2
24150,2
24151,2
24152,0
24153,2
24154,0
24155,2
24156,2
24157,2
24158,0
24159,3
24160,2
24161,3
24162,2
24163,2
24164,2
24165,2
24166,0
24167,0
24168,0
24169,0
24170,2
24171,0
24172,3
24173,3
24174,0
24175,3
24176,3
24177,2
24178,3
24179,3
24180,2
24181,2
24182,3
24183,0
24184,2
24185,2
24186,2
24187,0
24188,3
24189,1
24190,3
24191,3
24192,2
24193,3
24194,1
24195,1
24196,2
24197,2
24198,3
24199,2
24200,1
24201,2
24202,2
24203,2
24204,2
24205,2
24206,2
24207,2
24208,0
24209,2
24210,2
24211,3
24212,2
24213,3
24214,2
24215,2
24216,1
24217,3
24218,2
24219,2
24220,2
24221,2
24222,2
24223,2
24224,1
24225,1
24226,1
24227,2
24228,1
24229,3
24230,1
24231,2
24232,2
24233,3
24234,3
24235,3
24236,3
24237,3
24238,3
24239,3
24240,0
24241,1
24242,1
24243,1
24244,3
24245,3
24246,2
24247,2
24248,2
24249,2
24250,3
24251,2
24252,2
24253,2
24254,0
24255,3
24256,3
24257,3
24258,2
24259,3
24260,2
24261,3
24262,2
24263,3
24264,3
24265,2
24266,2
24267,2
24268,3
24269,2
24270,3
24271,2
24272,2
24273,2
24274,3
24275,3
24276,3
24277,3
24278,3
24279,3
24280,2
24281,3
24282,0
24283,3
24284,3
24285,3
24286,3
24287,3
24288,3
24289,2
24290,2
24291,2
24292,2
24293,2
24294,2
24295,2
24296,2
24297,2
24298,2
24299,2
24300,3
24301,1
24302,3
24303,3
24304,3
24305,0
24306,1
24307,1
24308,1
24309,1
24310,1
24311,1
24312,1
24313,1
24314,2
24315,2
24316,2
24317,2
24318,3
24319,0
24320,0
24321,0
24322,2
24323,0
24324,3
24325,3
24326,3
24327,3
24328,2
24329,1
24330,1
24331,1
24332,2
24333,3
24334,2
24335,1
24336,0
24337,2
24338,1
24339,2
24340,1
24341,0
24342,2
24343,2
24344,2
24345,1
24346,1
24347,1
24348,1
24349,1
24350,1
24351,1
24352,1
24353,1
24354,1
24355,0
24356,3
24357,0
24358,2
24359,2
24360,2
24361,2
24362,2
24363,0
24364,3
24365,2
24366,3
24367,3
24368,3
24369,3
24370,1
24371,3
24372,3
24373,2
24374,3
24375,2
24376,3
24377,3
24378,2
24379,3
24380,3
24381,3
24382,3
24383,2
24384,1
24385,3
24386,2
24387,2
24388,3
24389,2
24390,0
24391,3
24392,0
24393,0
24394,2
24395,2
24396,2
24397,0
24398,2
24399,0
24400,0
24401,2
24402,0
24403,0
24404,2
24405,0
24406,0
24407,0
24408,0
24409,2
24410,2
24411,2
24412,0
24413,0
24414,0
24415,0
24416,2
24417,2
24418,2
24419,2
24420,2
24421,1
24422,1
24423,3
24424,2
24425,3
24426,0
24427,2
24428,0
24429,0
24430,3
24431,0
24432,0
24433,2
24434,2
24435,0
24436,3
24437,0
24438,2
24439,0
24440,0
24441,2
24442,3
24443,3
24444,3
24445,3
24446,1
24447,1
24448,3
24449,3
24450,3
24451,1
24452,2
24453,0
24454,0
24455,0
24456,0
24457,2
24458,2
24459,2
24460,2
24461,2
24462,2
24463,1
24464,1
24465,3
24466,3
24467,3
24468,2
24469,2
24470,3
24471,2
24472,2
24473,2
24474,1
24475,3
24476,2
24477,3
24478,2
24479,2
24480,3
24481,2
24482,3
24483,3
24484,3
24485,3
24486,1
24487,3
24488,2
24489,2
24490,3
24491,2
24492,2
24493,2
24494,2
24495,1
24496,2
24497,3
24498,2
24499,3
24500,3
24501,3
24502,2
24503,2
24504,1
24505,3
24506,3
24507,3
24508,2
24509,3
24510,3
24511,3
24512,3
24513,3
24514,3
24515,3
24516,1
24517,1
24518,3
24519,2
24520,2
24521,1
24522,2
24523,1
24524,3
24525,3
24526,1
24527,3
24528,1
24529,2
24530,2
24531,2
24532,0
24533,2
24534,0
24535,3
24536,1
24537,1
24538,3
24539,2
24540,2
24541,3
24542,2
24543,2
24544,3
24545,2
24546,2
24547,3
24548,2
24549,3
24550,3
24551,1
24552,1
24553,3
24554,2
24555,3
24556,3
24557,3
24558,2
24559,2
24560,2
24561,2
24562,1
24563,2
24564,2
24565,2
24566,2
24567,3
24568,2
24569,2
24570,3
24571,2
24572,2
24573,2
24574,2
24575,2
24576,2
24577,3
24578,2
24579,2
24580,1
24581,2
24582,3
24583,3
24584,2
24585,2
24586,1
24587,3
24588,1
24589,1
24590,3
24591,3
24592,2
24593,2
24594,1
24595,2
24596,3
24597,3
24598,3
24599,3
24600,3
24601,3
24602,2
24603,3
24604,2
24605,2
24606,3
24607,2
24608,1
24609,1
24610,3
24611,3
24612,3
24613,2
24614,2
24615,2
24616,3
24617,2
24618,2
24619,3
24620,3
24621,3
24622,3
24623,3
24624,2
24625,3
24626,1
24627,1
24628,1
24629,1
24630,3
24631,3
24632,3
24633,3
24634,2
24635,3
24636,3
24637,3
24638,3
24639,1
24640,1
24641,1
24642,2
24643,2
24644,3
24645,2
24646,2
24647,2
24648,2
24649,2
24650,2
24651,3
24652,3
24653,2
24654,2
24655,3
24656,3
24657,3
24658,2
24659,2
24660,2
24661,3
24662,3
24663,3
24664,3
24665,2
24666,3
24667,3
24668,3
24669,3
24670,3
24671,3
24672,3
24673,3
24674,2
24675,3
24676,3
24677,2
24678,3
24679,2
24680,3
24681,3
24682,2
24683,3
24684,3
24685,3
24686,2
24687,2
24688,2
24689,2
24690,3
24691,3
24692,2
24693,2
24694,3
24695,3
24696,3
24697,3
24698,2
24699,2
24700,3
24701,2
24702,2
24703,2
24704,3
24705,2
24706,3
24707,3
24708,2
24709,3
24710,2
24711,2
24712,2
24713,3
24714,2
24715,1
24716,2
24717,0
24718,3
24719,3
24720,3
24721,2
24722,3
24723,3
24724,1
24725,1
24726,1
24727,3
24728,3
24729,2
24730,3
24731,2
24732,2
24733,2
24734,2
24735,3
24736,2
24737,2
24738,2
24739,2
24740,2
24741,2
24742,2
24743,2
24744,3
24745,2
24746,2
24747,2
24748,2
24749,3
24750,3
24751,3
24752,2
24753,3
24754,2
24755,3
24756,3
24757,3
24758,2
24759,2
24760,2
24761,2
24762,2
24763,2
24764,2
24765,2
24766,2
24767,2
24768,2
24769,2
24770,2
24771,2
24772,3
24773,3
24774,2
24775,2
24776,2
24777,2
24778,2
24779,2
24780,2
24781,2
24782,2
24783,2
24784,2
24785,2
24786,2
24787,2
24788,3
24789,2
24790,2
24791,2
24792,2
24793,2
24794,2
24795,2
24796,2
24797,2
24798,2
24799,2
24800,2
24801,2
24802,2
24803,2
24804,2
24805,2
24806,2
24807,2
24808,2
24809,2
24810,2
24811,2
24812,2
24813,2
24814,2
24815,2
24816,2
24817,2
24818,2
24819,2
24820,2
24821,2
24822,2
24823,2
24824,2
24825,2
24826,2
24827,0
24828,2
24829,2
24830,2
24831,2
24832,2
24833,3
24834,1
24835,2
24836,3
24837,3
24838,3
24839,2
24840,2
24841,3
24842,2
24843,2
24844,2
24845,3
24846,2
24847,1
24848,1
24849,3
24850,3
24851,1
24852,3
24853,3
24854,3
24855,3
24856,3
24857,2
24858,2
24859,3
24860,2
24861,2
24862,2
24863,2
24864,0
24865,0
24866,3
24867,0
24868,0
24869,2
24870,0
24871,0
24872,2
24873,3
24874,3
24875,0
24876,2
24877,3
24878,2
24879,2
24880,2
24881,3
24882,2
24883,2
24884,2
24885,2
24886,2
24887,3
24888,3
24889,3
24890,3
24891,2
24892,3
24893,2
24894,2
24895,0
24896,3
24897,2
24898,2
24899,2
24900,2
24901,2
24902,2
24903,2
24904,0
24905,0
24906,0
24907,0
24908,3
24909,2
24910,2
24911,2
24912,2
24913,2
24914,2
24915,2
24916,3
24917,2
24918,2
24919,2
24920,3
24921,3
24922,2
24923,2
24924,2
24925,2
24926,3
24927,3
24928,2
24929,2
24930,2
24931,3
24932,2
24933,3
24934,1
24935,1
24936,2
24937,2
24938,3
24939,3
24940,3
24941,3
24942,3
24943,3
24944,2
24945,2
24946,3
24947,3
24948,2
24949,2
24950,2
24951,2
24952,2
24953,2
24954,2
24955,2
24956,2
24957,3
24958,2
24959,3
24960,3
24961,3
24962,2
24963,3
24964,3
24965,3
24966,3
24967,3
24968,2
24969,2
24970,2
24971,2
24972,2
24973,3
24974,3
24975,3
24976,3
24977,3
24978,3
24979,1
24980,3
24981,3
24982,3
24983,2
24984,3
24985,2
24986,2
24987,2
24988,2
24989,2
24990,2
24991,2
24992,2
24993,2
24994,2
24995,2
24996,2
24997,2
24998,2
24999,2
25000,2
25001,1
25002,2
25003,2
25004,2
25005,2
25006,2
25007,2
25008,2
25009,2
25010,2
25011,2
25012,3
25013,2
25014,2
25015,2
25016,3
25017,2
25018,2
25019,2
25020,2
25021,2
25022,2
25023,2
25024,2
25025,2
25026,3
25027,2
25028,2
25029,2
25030,3
25031,2
25032,2
25033,2
25034,2
25035,2
25036,2
25037,3
25038,2
25039,3
25040,2
25041,2
25042,2
25043,2
25044,2
25045,2
25046,1
25047,2
25048,2
25049,3
25050,3
25051,2
25052,3
25053,3
25054,2
25055,2
25056,2
25057,2
25058,2
25059,2
25060,3
25061,2
25062,2
25063,2
25064,2
25065,2
25066,2
25067,2
25068,2
25069,2
25070,2
25071,3
25072,3
25073,3
25074,2
25075,2
25076,1
25077,3
25078,1
25079,2
25080,3
25081,2
25082,3
25083,2
25084,2
25085,2
25086,2
25087,3
25088,3
25089,2
25090,3
25091,3
25092,2
25093,3
25094,2
25095,2
25096,2
25097,3
25098,2
25099,2
25100,2
25101,2
25102,2
25103,2
25104,2
25105,2
25106,2
25107,0
25108,2
25109,3
25110,2
25111,2
25112,3
25113,3
25114,0
25115,2
25116,2
25117,2
25118,2
25119,2
25120,3
25121,3
25122,2
25123,2
25124,2
25125,3
25126,3
25127,2
25128,3
25129,3
25130,2
25131,2
25132,2
25133,2
25134,3
25135,2
25136,3
25137,0
25138,2
25139,3
25140,0
25141,2
25142,2
25143,2
25144,2
25145,2
25146,3
25147,3
25148,2
25149,3
25150,3
25151,3
25152,3
25153,3
25154,2
25155,2
25156,2
25157,2
25158,2
25159,2
25160,2
25161,2
25162,2
25163,2
25164,2
25165,2
25166,2
25167,2
25168,2
25169,1
25170,2
25171,2
25172,2
25173,2
25174,2
25175,3
25176,2
25177,2
25178,3
25179,2
25180,2
25181,2
25182,3
25183,2
25184,2
25185,2
25186,2
25187,2
25188,2
25189,2
25190,3
25191,2
25192,2
25193,2
25194,3
25195,2
25196,0
25197,3
25198,3
25199,2
25200,0
25201,2
25202,3
25203,3
25204,2
25205,2
25206,3
25207,3
25208,2
25209,3
25210,3
25211,3
25212,2
25213,3
25214,0
25215,2
25216,2
25217,3
25218,1
25219,3
25220,1
25221,2
25222,3
25223,2
25224,3
25225,3
25226,2
25227,3
25228,3
25229,2
25230,2
25231,2
25232,3
25233,3
25234,3
25235,3
25236,3
25237,3
25238,3
25239,3
25240,2
25241,3
25242,2
25243,3
25244,1
25245,0
25246,3
25247,2
25248,2
25249,2
25250,0
25251,2
25252,3
25253,1
25254,3
25255,2
25256,3
25257,0
25258,3
25259,2
25260,2
25261,2
25262,3
25263,3
25264,3
25265,3
25266,3
25267,3
25268,3
25269,3
25270,3
25271,3
25272,3
25273,3
25274,3
25275,2
25276,3
25277,3
25278,2
25279,3
25280,3
25281,2
25282,2
25283,3
25284,3
25285,3
25286,2
25287,2
25288,0
25289,2
25290,3
25291,2
25292,2
25293,0
25294,3
25295,3
25296,3
25297,3
25298,3
25299,3
25300,3
25301,2
25302,3
25303,2
25304,2
25305,2
25306,3
25307,3
25308,3
25309,2
25310,3
25311,2
25312,2
25313,2
25314,3
25315,2
25316,2
25317,2
25318,2
25319,2
25320,2
25321,3
25322,2
25323,2
25324,1
25325,3
25326,3
25327,2
25328,2
25329,3
25330,3
25331,3
25332,2
25333,2
25334,3
25335,2
25336,2
25337,3
25338,2
25339,3
25340,3
25341,3
25342,3
25343,3
25344,2
25345,2
25346,3
25347,3
25348,3
25349,3
25350,3
25351,2
25352,2
25353,2
25354,2
25355,3
25356,3
25357,3
25358,1
25359,2
25360,2
25361,2
25362,3
25363,3
25364,3
25365,3
25366,1
25367,2
25368,2
25369,2
25370,2
25371,3
25372,2
25373,3
25374,3
25375,3
25376,3
25377,2
25378,3
25379,1
25380,3
25381,2
25382,2
25383,3
25384,3
25385,2
25386,1
25387,2
25388,2
25389,0
25390,2
25391,3
25392,3
25393,3
25394,3
25395,3
25396,3
25397,3
25398,2
25399,3
25400,3
25401,3
25402,3
25403,3
25404,2
25405,2
25406,3
25407,2
25408,2
25409,3
25410,3
25411,3
25412,3
25413,2
25414,3
25415,3
25416,3
25417,3
25418,3
25419,3
25420,2
25421,2
25422,3
25423,2
25424,2
25425,1
25426,3
25427,3
25428,3
25429,2
25430,3
25431,3
25432,3
25433,3
25434,3
25435,2
25436,3
25437,3
25438,3
25439,3
25440,3
25441,3
25442,2
25443,1
25444,3
25445,3
25446,3
25447,3
25448,3
25449,2
25450,2
25451,3
25452,3
25453,1
25454,3
25455,2
25456,2
25457,2
25458,3
25459,3
25460,3
25461,3
25462,3
25463,3
25464,2
25465,2
25466,3
25467,2
25468,2
25469,3
25470,3
25471,3
25472,2
25473,1
25474,2
25475,2
25476,2
25477,3
25478,2
25479,3
25480,3
25481,1
25482,2
25483,2
25484,2
25485,2
25486,3
25487,3
25488,2
25489,3
25490,3
25491,2
25492,3
25493,3
25494,2
25495,2
25496,2
25497,2
25498,2
25499,3
25500,2
25501,3
25502,3
25503,3
25504,2
25505,2
25506,2
25507,2
25508,2
25509,2
25510,2
25511,2
25512,2
25513,2
25514,2
25515,3
25516,3
25517,3
25518,3
25519,3
25520,3
25521,2
25522,2
25523,3
25524,2
25525,3
25526,3
25527,3
25528,3
25529,2
25530,2
25531,3
25532,3
25533,3
25534,2
25535,3
25536,0
25537,2
25538,3
25539,3
25540,2
25541,3
25542,1
25543,3
25544,3
25545,2
25546,3
25547,2
25548,3
25549,3
25550,3
25551,1
25552,1
25553,3
25554,2
25555,2
25556,2
25557,2
25558,3
25559,2
25560,3
25561,2
25562,3
25563,3
25564,2
25565,3
25566,3
25567,3
25568,2
25569,3
25570,0
25571,3
25572,3
25573,3
25574,3
25575,3
25576,3
25577,2
25578,2
25579,3
25580,2
25581,2
25582,3
25583,2
25584,2
25585,3
25586,3
25587,3
25588,3
25589,0
25590,3
25591,2
25592,3
25593,3
25594,2
25595,3
25596,2
25597,2
25598,3
25599,3
25600,3
25601,2
25602,3
25603,2
25604,3
25605,3
25606,3
25607,2
25608,3
25609,3
25610,3
25611,3
25612,2
25613,2
25614,2
25615,2
25616,2
25617,2
25618,2
25619,2
25620,2
25621,2
25622,2
25623,2
25624,2
25625,2
25626,2
25627,2
25628,2
25629,2
25630,2
25631,2
25632,2
25633,2
25634,2
25635,2
25636,2
25637,2
25638,2
25639,2
25640,2
25641,2
25642,2
25643,2
25644,2
25645,2
25646,2
25647,2
25648,2
25649,2
25650,2
25651,2
25652,2
25653,2
25654,2
25655,2
25656,2
25657,2
25658,2
25659,2
25660,2
25661,2
25662,2
25663,2
25664,2
25665,2
25666,2
25667,2
25668,2
25669,2
25670,2
25671,2
25672,2
25673,2
25674,2
25675,2
25676,2
25677,2
25678,2
25679,2
25680,2
25681,2
25682,2
25683,2
25684,2
25685,2
25686,2
25687,2
25688,2
25689,2
25690,2
25691,2
25692,2
25693,2
25694,2
25695,2
25696,2
25697,2
25698,2
25699,2
25700,2
25701,2
25702,2
25703,2
25704,2
25705,2
25706,2
25707,2
25708,2
25709,2
25710,2
25711,2
25712,2
25713,2
25714,2
25715,2
25716,2
25717,2
25718,2
25719,2
25720,2
25721,2
25722,2
25723,2
25724,2
25725,2
25726,2
25727,2
25728,2
25729,2
25730,2
25731,2
25732,2
25733,2
25734,2
25735,2
25736,2
25737,2
25738,2
25739,2
25740,2
25741,2
25742,2
25743,2
25744,2
25745,2
25746,2
25747,2
25748,2
25749,2
25750,2
25751,2
25752,2
25753,2
25754,2
25755,2
25756,2
25757,2
25758,2
25759,2
25760,2
25761,2
25762,2
25763,2
25764,2
25765,2
25766,2
25767,2
25768,2
25769,2
25770,2
25771,2
25772,2
25773,2
25774,2
25775,2
25776,2
25777,2
25778,2
25779,2
25780,2
25781,2
25782,2
25783,2
25784,2
25785,2
25786,2
25787,2
25788,2
25789,2
25790,2
25791,2
25792,2
25793,2
25794,2
25795,2
25796,2
25797,2
25798,2
25799,2
25800,2
25801,2
25802,2
25803,2
25804,2
25805,2
25806,2
25807,0
25808,3
25809,3
25810,3
25811,3
25812,1
25813,3
25814,3
25815,3
25816,2
25817,3
25818,2
25819,2
25820,2
25821,2
25822,3
25823,2
25824,3
25825,2
25826,3
25827,3
25828,2
25829,3
25830,2
25831,2
25832,2
25833,3
25834,3
25835,3
25836,3
25837,3
25838,3
25839,2
25840,3
25841,2
25842,3
25843,3
25844,3
25845,3
25846,3
25847,3
25848,3
25849,2
25850,2
25851,2
25852,3
25853,3
25854,0
25855,2
25856,3
25857,3
25858,3
25859,3
25860,3
25861,2
25862,3
25863,3
25864,3
25865,3
25866,3
25867,2
25868,3
25869,2
25870,2
25871,3
25872,3
25873,1
25874,1
25875,3
25876,3
25877,3
25878,3
25879,0
25880,3
25881,3
25882,3
25883,3
25884,3
25885,0
25886,0
25887,2
25888,2
25889,2
25890,0
25891,0
25892,0
25893,0
25894,0
25895,0
25896,0
25897,0
25898,0
25899,0
25900,0
25901,0
25902,0
25903,3
25904,0
25905,2
25906,2
25907,2
25908,2
25909,2
25910,2
25911,2
25912,2
25913,3
25914,3
25915,3
25916,2
25917,2
25918,3
25919,3
25920,2
25921,2
25922,3
25923,3
25924,3
25925,3
25926,3
25927,3
25928,3
25929,3
25930,3
25931,3
25932,3
25933,2
25934,2
25935,3
25936,3
25937,2
25938,2
25939,2
25940,3
25941,3
25942,3
25943,3
25944,3
25945,3
25946,3
25947,2
25948,3
25949,3
25950,3
25951,3
25952,2
25953,3
25954,3
25955,3
25956,3
25957,3
25958,3
25959,3
25960,2
25961,3
25962,3
25963,3
25964,2
25965,3
25966,3
25967,3
25968,3
25969,3
25970,3
25971,3
25972,3
25973,2
25974,3
25975,3
25976,2
25977,2
25978,3
25979,2
25980,3
25981,3
25982,3
25983,3
25984,2
25985,3
25986,2
25987,2
25988,2
25989,3
25990,2
25991,3
25992,3
25993,3
25994,3
25995,3
25996,2
25997,3
25998,3
25999,2
26000,3
26001,3
26002,3
26003,3
26004,3
26005,3
26006,3
26007,2
26008,3
26009,3
26010,0
26011,2
26012,0
26013,2
26014,3
26015,1
26016,3
26017,3
26018,0
26019,2
26020,2
26021,3
26022,3
26023,2
26024,2
26025,3
26026,2
26027,2
26028,2
26029,0
26030,2
26031,2
26032,0
26033,3
26034,2
26035,3
26036,3
26037,3
26038,2
26039,0
26040,2
26041,3
26042,3
26043,2
26044,2
26045,2
26046,3
26047,3
26048,2
26049,2
26050,2
26051,2
26052,2
26053,3
26054,3
26055,3
26056,3
26057,3
26058,3
26059,3
26060,3
26061,3
26062,2
26063,1
26064,2
26065,3
26066,2
26067,3
26068,2
26069,2
26070,2
26071,2
26072,2
26073,2
26074,2
26075,0
26076,2
26077,2
26078,3
26079,3
26080,3
26081,2
26082,2
26083,2
26084,2
26085,3
26086,2
26087,2
26088,2
26089,3
26090,0
26091,0
26092,2
26093,2
26094,3
26095,3
26096,2
26097,2
26098,2
26099,2
26100,2
26101,2
26102,2
26103,2
26104,2
26105,3
26106,2
26107,0
26108,3
26109,3
26110,2
26111,3
26112,0
26113,2
26114,3
26115,2
26116,3
26117,3
26118,2
26119,0
26120,3
26121,1
26122,0
26123,0
26124,0
26125,2
26126,2
26127,0
26128,2
26129,3
26130,3
26131,3
26132,2
26133,2
26134,3
26135,3
26136,0
26137,2
26138,3
26139,3
26140,3
26141,2
26142,0
26143,2
26144,3
26145,3
26146,2
26147,2
26148,2
26149,2
26150,2
26151,2
26152,2
26153,2
26154,2
26155,2
26156,2
26157,2
26158,2
26159,2
26160,2
26161,2
26162,2
26163,2
26164,2
26165,2
26166,2
26167,2
26168,2
26169,2
26170,2
26171,3
26172,2
26173,2
26174,2
26175,2
26176,2
26177,3
26178,2
26179,2
26180,1
26181,3
26182,1
26183,2
26184,3
26185,3
26186,3
26187,2
26188,2
26189,2
26190,2
26191,3
26192,3
26193,3
26194,2
26195,2
26196,1
26197,3
26198,2
26199,2
26200,3
26201,2
26202,2
26203,2
26204,2
26205,2
26206,2
26207,3
26208,3
26209,3
26210,3
26211,3
26212,3
26213,3
26214,3
26215,3
26216,3
26217,3
26218,3
26219,3
26220,3
26221,3
26222,3
26223,0
26224,2
26225,3
26226,3
26227,3
26228,3
26229,3
26230,3
26231,3
26232,1
26233,3
26234,0
26235,3
26236,3
26237,3
26238,3
26239,3
26240,1
26241,3
26242,3
26243,3
26244,3
26245,3
26246,3
26247,3
26248,3
26249,3
26250,3
26251,3
26252,3
26253,3
26254,3
26255,3
26256,3
26257,3
26258,3
26259,3
26260,3
26261,2
26262,0
26263,3
26264,3
26265,2
26266,2
26267,2
26268,2
26269,2
26270,2
26271,2
26272,3
26273,2
26274,2
26275,2
26276,2
26277,2
26278,2
26279,2
26280,2
26281,2
26282,2
26283,2
26284,3
26285,2
26286,2
26287,3
26288,2
26289,3
26290,2
26291,2
26292,3
26293,2
26294,2
26295,3
26296,3
26297,3
26298,3
26299,3
26300,3
26301,3
26302,3
26303,3
26304,3
26305,3
26306,3
26307,0
26308,0
26309,3
26310,3
26311,3
26312,2
26313,3
26314,3
26315,2
26316,3
26317,3
26318,3
26319,3
26320,3
26321,3
26322,3
26323,0
26324,0
26325,0
26326,3
26327,0
26328,1
26329,3
26330,3
26331,3
26332,3
26333,0
26334,0
26335,0
26336,0
26337,0
26338,3
26339,3
26340,3
26341,3
26342,3
26343,0
26344,2
26345,3
26346,3
26347,3
26348,3
26349,3
26350,3
26351,0
26352,0
26353,3
26354,3
26355,3
26356,3
26357,1
26358,3
26359,3
26360,3
26361,3
26362,3
26363,0
26364,0
26365,0
26366,0
26367,3
26368,3
26369,2
26370,0
26371,0
26372,0
26373,3
26374,3
26375,1
26376,3
26377,3
26378,3
26379,3
26380,3
26381,3
26382,2
26383,2
26384,2
26385,2
26386,3
26387,3
26388,2
26389,0
26390,3
26391,3
26392,2
26393,3
26394,3
26395,3
26396,3
26397,2
26398,3
26399,3
26400,2
26401,3
26402,2
26403,3
26404,3
26405,3
26406,3
26407,3
26408,3
26409,2
26410,3
26411,3
26412,3
26413,2
26414,2
26415,2
26416,2
26417,2
26418,2
26419,2
26420,2
26421,2
26422,2
26423,2
26424,2
26425,3
26426,3
26427,0
26428,2
26429,2
26430,2
26431,2
26432,2
26433,2
26434,2
26435,2
26436,2
26437,2
26438,3
26439,2
26440,2
26441,0
26442,0
26443,0
26444,0
26445,2
26446,3
26447,2
26448,2
26449,2
26450,3
26451,3
26452,2
26453,2
26454,3
26455,3
26456,2
26457,2
26458,3
26459,3
26460,3
26461,2
26462,2
26463,3
26464,2
26465,2
26466,2
26467,0
26468,2
26469,2
26470,0
26471,2
26472,3
26473,3
26474,3
26475,3
26476,3
26477,3
26478,3
26479,3
26480,2
26481,2
26482,3
26483,3
26484,2
26485,2
26486,2
26487,2
26488,2
26489,2
26490,2
26491,2
26492,2
26493,2
26494,2
26495,2
26496,2
26497,2
26498,2
26499,3
26500,3
26501,2
26502,3
26503,3
26504,3
26505,2
26506,2
26507,2
26508,3
26509,3
26510,2
26511,2
26512,2
26513,2
26514,2
26515,3
26516,2
26517,2
26518,2
26519,0
26520,2
26521,2
26522,2
26523,2
26524,2
26525,2
26526,0
26527,0
26528,2
26529,2
26530,2
26531,2
26532,2
26533,2
26534,3
26535,0
26536,2
26537,0
26538,2
26539,2
26540,2
26541,2
26542,2
26543,2
26544,2
26545,2
26546,2
26547,2
26548,2
26549,2
26550,2
26551,3
26552,2
26553,2
26554,2
26555,2
26556,2
26557,2
26558,2
26559,2
26560,2
26561,2
26562,2
26563,2
26564,2
26565,2
26566,3
26567,2
26568,2
26569,2
26570,3
26571,2
26572,2
26573,2
26574,2
26575,2
26576,2
26577,2
26578,2
26579,2
26580,2
26581,2
26582,2
26583,2
26584,2
26585,2
26586,2
26587,2
26588,2
26589,2
26590,2
26591,2
26592,2
26593,2
26594,3
26595,2
26596,2
26597,2
26598,2
26599,2
26600,2
26601,2
26602,2
26603,2
26604,2
26605,2
26606,2
26607,2
26608,2
26609,2
26610,2
26611,3
26612,2
26613,2
26614,3
26615,1
26616,0
26617,2
26618,1
26619,1
26620,1
26621,1
26622,2
26623,2
26624,2
26625,3
26626,2
26627,2
26628,2
26629,2
26630,2
26631,2
26632,2
26633,3
26634,2
26635,2
26636,3
26637,2
26638,2
26639,2
26640,2
26641,2
26642,2
26643,2
26644,2
26645,2
26646,2
26647,2
26648,3
26649,2
26650,3
26651,3
26652,2
26653,3
26654,3
26655,3
26656,2
26657,2
26658,2
26659,2
26660,2
26661,2
26662,2
26663,2
26664,2
26665,2
26666,2
26667,2
26668,2
26669,2
26670,3
26671,2
26672,2
26673,2
26674,2
26675,2
26676,2
26677,2
26678,2
26679,3
26680,2
26681,2
26682,2
26683,2
26684,1
26685,2
26686,3
26687,2
26688,2
26689,1
26690,2
26691,3
26692,2
26693,2
26694,1
26695,2
26696,2
26697,3
26698,3
26699,3
26700,3
26701,3
26702,3
26703,3
26704,2
26705,1
26706,2
26707,2
26708,2
26709,2
26710,2
26711,2
26712,2
26713,2
26714,2
26715,3
26716,3
26717,2
26718,3
26719,1
26720,1
26721,2
26722,3
26723,3
26724,2
26725,2
26726,2
26727,2
26728,3
26729,3
26730,3
26731,3
26732,3
26733,3
26734,1
26735,2
26736,2
26737,2
26738,3
26739,3
26740,3
26741,2
26742,2
26743,3
26744,2
26745,2
26746,2
26747,2
26748,2
26749,3
26750,2
26751,2
26752,2
26753,2
26754,2
26755,1
26756,2
26757,2
26758,2
26759,2
26760,2
26761,2
26762,2
26763,2
26764,2
26765,2
26766,2
26767,2
26768,2
26769,2
26770,2
26771,2
26772,2
26773,2
26774,2
26775,2
26776,2
26777,2
26778,2
26779,2
26780,2
26781,2
26782,2
26783,2
26784,2
26785,2
26786,2
26787,2
26788,2
26789,2
26790,2
26791,1
26792,1
26793,3
26794,2
26795,2
26796,2
26797,2
26798,2
26799,2
26800,2
26801,2
26802,3
26803,3
26804,3
26805,3
26806,1
26807,1
26808,2
26809,3
26810,2
26811,3
26812,2
26813,1
26814,3
26815,3
26816,2
26817,2
26818,2
26819,2
26820,2
26821,2
26822,2
26823,2
26824,2
26825,2
26826,2
26827,2
26828,2
26829,2
26830,3
26831,2
26832,3
26833,1
26834,1
26835,2
26836,1
26837,3
26838,3
26839,2
26840,2
26841,3
26842,2
26843,3
26844,3
26845,3
26846,2
26847,3
26848,2
26849,3
26850,3
26851,2
26852,2
26853,2
26854,2
26855,2
26856,2
26857,2
26858,2
26859,3
26860,1
26861,1
26862,3
26863,3
26864,3
26865,3
26866,3
26867,3
26868,3
26869,3
26870,1
26871,2
26872,1
26873,2
26874,1
26875,1
26876,3
26877,1
26878,1
26879,1
26880,1
26881,2
26882,2
26883,3
26884,1
26885,3
26886,2
26887,1
26888,1
26889,1
26890,1
26891,3
26892,1
26893,2
26894,1
26895,1
26896,1
26897,1
26898,1
26899,1
26900,1
26901,1
26902,3
26903,1
26904,2
26905,2
26906,2
26907,2
26908,2
26909,2
26910,2
26911,2
26912,3
26913,2
26914,2
26915,2
26916,3
26917,2
26918,2
26919,3
26920,2
26921,2
26922,2
26923,3
26924,3
26925,3
26926,2
26927,3
26928,2
26929,2
26930,2
26931,3
26932,2
26933,2
26934,2
26935,3
26936,2
26937,3
26938,3
26939,3
26940,3
26941,2
26942,2
26943,3
26944,3
26945,3
26946,3
26947,3
26948,3
26949,2
26950,3
26951,3
26952,3
26953,2
26954,3
26955,3
26956,1
26957,1
26958,3
26959,3
26960,2
26961,2
26962,3
26963,3
26964,2
26965,3
26966,3
26967,3
26968,3
26969,3
26970,2
26971,3
26972,2
26973,2
26974,2
26975,1
26976,2
26977,3
26978,3
26979,3
26980,3
26981,3
26982,2
26983,2
26984,3
26985,3
26986,3
26987,3
26988,3
26989,2
26990,1
26991,1
26992,3
26993,3
26994,3
26995,3
26996,1
26997,3
26998,3
26999,2
27000,2
27001,1
27002,2
27003,2
27004,1
27005,3
27006,3
27007,3
27008,3
27009,2
27010,3
27011,2
27012,2
27013,2
27014,2
27015,1
27016,3
27017,3
27018,3
27019,3
27020,3
27021,3
27022,3
27023,2
27024,3
27025,2
27026,3
27027,3
27028,2
27029,3
27030,3
27031,3
27032,3
27033,1
27034,1
27035,1
27036,3
27037,2
27038,3
27039,3
27040,2
27041,2
27042,2
27043,2
27044,2
27045,3
27046,2
27047,3
27048,3
27049,2
27050,2
27051,2
27052,2
27053,2
27054,2
27055,2
27056,2
27057,2
27058,2
27059,3
27060,3
27061,3
27062,2
27063,2
27064,2
27065,2
27066,2
27067,2
27068,2
27069,2
27070,2
27071,2
27072,2
27073,2
27074,2
27075,3
27076,3
27077,2
27078,3
27079,3
27080,2
27081,3
27082,2
27083,2
27084,3
27085,2
27086,2
27087,2
27088,3
27089,2
27090,2
27091,2
27092,3
27093,3
27094,2
27095,2
27096,2
27097,2
27098,2
27099,2
27100,2
27101,2
27102,2
27103,2
27104,3
27105,2
27106,2
27107,2
27108,3
27109,2
27110,1
27111,1
27112,2
27113,2
27114,1
27115,1
27116,2
27117,2
27118,2
27119,2
27120,2
27121,2
27122,2
27123,2
27124,2
27125,2
27126,2
27127,2
27128,2
27129,3
27130,3
27131,3
27132,2
27133,2
27134,2
27135,3
27136,2
27137,2
27138,2
27139,2
27140,2
27141,2
27142,3
27143,2
27144,2
27145,2
27146,2
27147,2
27148,2
27149,2
27150,3
27151,2
27152,2
27153,2
27154,2
27155,2
27156,2
27157,2
27158,2
27159,2
27160,2
27161,2
27162,2
27163,2
27164,3
27165,2
27166,2
27167,2
27168,2
27169,2
27170,3
27171,2
27172,2
27173,2
27174,2
27175,2
27176,2
27177,2
27178,2
27179,3
27180,2
27181,2
27182,2
27183,3
27184,2
27185,2
27186,2
27187,2
27188,2
27189,2
27190,2
27191,2
27192,2
27193,2
27194,2
27195,2
27196,2
27197,2
27198,2
27199,2
27200,2
27201,2
27202,2
27203,2
27204,2
27205,2
27206,2
27207,2
27208,2
27209,2
27210,2
27211,2
27212,2
27213,2
27214,2
27215,2
27216,2
27217,2
27218,2
27219,2
27220,2
27221,2
27222,2
27223,2
27224,2
27225,2
27226,2
27227,2
27228,2
27229,2
27230,2
27231,2
27232,2
27233,2
27234,2
27235,2
27236,2
27237,2
27238,2
27239,2
27240,2
27241,2
27242,2
27243,2
27244,2
27245,2
27246,2
27247,2
27248,2
27249,3
27250,2
27251,3
27252,3
27253,2
27254,2
27255,2
27256,2
27257,2
27258,2
27259,2
27260,3
27261,2
27262,3
27263,2
27264,2
27265,2
27266,2
27267,2
27268,2
27269,2
27270,2
27271,3
27272,2
27273,2
27274,2
27275,3
27276,2
27277,2
27278,2
27279,2
27280,2
27281,2
27282,2
27283,2
27284,3
27285,2
27286,2
27287,2
27288,2
27289,2
27290,2
27291,2
27292,2
27293,2
27294,2
27295,3
27296,2
27297,2
27298,2
27299,2
27300,2
27301,2
27302,3
27303,2
27304,2
27305,2
27306,2
27307,2
27308,3
27309,3
27310,2
27311,2
27312,2
27313,2
27314,2
27315,3
27316,3
27317,3
27318,2
27319,2
27320,2
27321,3
27322,2
27323,2
27324,2
27325,2
27326,3
27327,2
27328,2
27329,3
27330,2
27331,2
27332,3
27333,2
27334,2
27335,3
27336,2
27337,3
27338,3
27339,2
27340,2
27341,3
27342,3
27343,2
27344,2
27345,2
27346,3
27347,3
27348,3
27349,3
27350,3
27351,2
27352,2
27353,2
27354,2
27355,2
27356,2
27357,2
27358,3
27359,3
27360,3
27361,2
27362,3
27363,3
27364,3
27365,2
27366,2
27367,3
27368,3
27369,2
27370,2
27371,2
27372,3
27373,3
27374,3
27375,3
27376,2
27377,2
27378,2
27379,2
27380,2
27381,2
27382,3
27383,2
27384,2
27385,2
27386,2
27387,2
27388,2
27389,2
27390,2
27391,2
27392,2
27393,2
27394,3
27395,2
27396,3
27397,3
27398,2
27399,2
27400,3
27401,3
27402,2
27403,2
27404,2
27405,2
27406,2
27407,2
27408,2
27409,2
27410,2
27411,2
27412,3
27413,3
27414,3
27415,3
27416,2
27417,2
27418,2
27419,2
27420,2
27421,2
27422,2
27423,2
27424,3
27425,2
27426,2
27427,2
27428,2
27429,2
27430,2
27431,2
27432,3
27433,2
27434,2
27435,3
27436,2
27437,2
27438,2
27439,2
27440,2
27441,2
27442,2
27443,2
27444,2
27445,2
27446,3
27447,3
27448,3
27449,2
27450,2
27451,2
27452,2
27453,2
27454,2
27455,3
27456,2
27457,2
27458,2
27459,3
27460,2
27461,2
27462,2
27463,2
27464,2
27465,2
27466,2
27467,2
27468,2
27469,3
27470,2
27471,2
27472,2
27473,2
27474,2
27475,2
27476,2
27477,2
27478,2
27479,2
27480,2
27481,2
27482,2
27483,2
27484,2
27485,2
27486,2
27487,2
27488,2
27489,2
27490,2
27491,2
27492,2
27493,2
27494,2
27495,2
27496,2
27497,2
27498,2
27499,2
27500,2
27501,2
27502,2
27503,2
27504,2
27505,2
27506,2
27507,2
27508,2
27509,2
27510,2
27511,2
27512,3
27513,2
27514,2
27515,2
27516,2
27517,2
27518,2
27519,2
27520,2
27521,2
27522,2
27523,2
27524,2
27525,2
27526,2
27527,2
27528,2
27529,2
27530,2
27531,2
27532,2
27533,2
27534,2
27535,2
27536,2
27537,2
27538,2
27539,2
27540,2
27541,2
27542,3
27543,2
27544,2
27545,2
27546,2
27547,3
27548,2
27549,2
27550,2
27551,2
27552,2
27553,2
27554,3
27555,2
27556,2
27557,2
27558,2
27559,2
27560,2
27561,2
27562,2
27563,2
27564,2
27565,2
27566,2
27567,2
27568,2
27569,2
27570,2
27571,2
27572,2
27573,2
27574,2
27575,2
27576,2
27577,2
27578,2
27579,2
27580,3
27581,3
27582,2
27583,2
27584,3
27585,2
27586,2
27587,2
27588,2
27589,2
27590,2
27591,2
27592,2
27593,2
27594,2
27595,2
27596,2
27597,2
27598,2
27599,2
27600,2
27601,2
27602,2
27603,2
27604,2
27605,2
27606,3
27607,3
27608,2
27609,2
27610,3
27611,2
27612,3
27613,3
27614,3
27615,2
27616,2
27617,3
27618,3
27619,3
27620,3
27621,3
27622,2
27623,2
27624,2
27625,2
27626,2
27627,2
27628,2
27629,2
27630,2
27631,2
27632,2
27633,2
27634,2
27635,2
27636,2
27637,2
27638,2
27639,2
27640,2
27641,2
27642,3
27643,2
27644,2
27645,2
27646,2
27647,2
27648,2
27649,2
27650,2
27651,2
27652,2
27653,2
27654,2
27655,3
27656,2
27657,2
27658,2
27659,2
27660,2
27661,2
27662,2
27663,2
27664,2
27665,2
27666,2
27667,2
27668,2
27669,2
27670,2
27671,3
27672,2
27673,2
27674,2
27675,2
27676,2
27677,2
27678,3
27679,2
27680,2
27681,2
27682,2
27683,3
27684,2
27685,2
27686,3
27687,2
27688,3
27689,2
27690,2
27691,2
27692,2
27693,2
27694,2
27695,2
27696,2
27697,2
27698,2
27699,2
27700,2
27701,2
27702,2
27703,3
27704,2
27705,2
27706,2
27707,3
27708,2
27709,2
27710,3
27711,2
27712,2
27713,2
27714,3
27715,3
27716,3
27717,2
27718,2
27719,2
27720,2
27721,2
27722,2
27723,2
27724,2
27725,2
27726,2
27727,2
27728,3
27729,2
27730,2
27731,3
27732,2
27733,2
27734,3
27735,3
27736,2
27737,2
27738,2
27739,2
27740,2
27741,2
27742,2
27743,2
27744,2
27745,3
27746,3
27747,3
27748,3
27749,3
27750,3
27751,3
27752,3
27753,3
27754,3
27755,2
27756,2
27757,2
27758,3
27759,3
27760,2
27761,2
27762,2
27763,2
27764,3
27765,2
27766,2
27767,2
27768,2
27769,2
27770,2
27771,2
27772,2
27773,2
27774,2
27775,2
27776,2
27777,2
27778,2
27779,3
27780,3
27781,2
27782,2
27783,2
27784,2
27785,2
27786,2
27787,3
27788,2
27789,2
27790,2
27791,3
27792,2
27793,2
27794,2
27795,2
27796,2
27797,2
27798,2
27799,2
27800,2
27801,2
27802,2
27803,2
27804,2
27805,2
27806,2
27807,2
27808,2
27809,2
27810,2
27811,3
27812,3
27813,2
27814,2
27815,2
27816,2
27817,2
27818,2
27819,2
27820,2
27821,2
27822,2
27823,2
27824,2
27825,2
27826,2
27827,2
27828,2
27829,2
27830,2
27831,2
27832,2
27833,2
27834,2
27835,2
27836,2
27837,2
27838,2
27839,2
27840,3
27841,2
27842,2
27843,2
27844,2
27845,2
27846,2
27847,2
27848,2
27849,2
27850,2
27851,2
27852,2
27853,2
27854,2
27855,2
27856,2
27857,3
27858,2
27859,3
27860,2
27861,2
27862,2
27863,2
27864,2
27865,2
27866,2
27867,2
27868,2
27869,2
27870,2
27871,2
27872,2
27873,2
27874,2
27875,3
27876,2
27877,3
27878,3
27879,3
27880,2
27881,2
27882,2
27883,2
27884,2
27885,2
27886,2
27887,2
27888,3
27889,2
27890,3
27891,2
27892,3
27893,2
27894,2
27895,2
27896,2
27897,2
27898,2
27899,2
27900,2
27901,2
27902,2
27903,2
27904,2
27905,2
27906,2
27907,2
27908,2
27909,2
27910,2
27911,2
27912,2
27913,2
27914,2
27915,2
27916,2
27917,2
27918,2
27919,2
27920,2
27921,2
27922,3
27923,2
27924,2
27925,2
27926,2
27927,2
27928,2
27929,2
27930,2
27931,2
27932,2
27933,2
27934,2
27935,2
27936,2
27937,2
27938,2
27939,2
27940,2
27941,2
27942,2
27943,2
27944,2
27945,2
27946,2
27947,3
27948,3
27949,2
27950,2
27951,2
27952,2
27953,2
27954,2
27955,2
27956,2
27957,2
27958,2
27959,2
27960,2
27961,2
27962,2
27963,2
27964,2
27965,2
27966,2
27967,2
27968,2
27969,2
27970,2
27971,2
27972,2
27973,2
27974,2
27975,2
27976,2
27977,2
27978,3
27979,2
27980,2
27981,3
27982,2
27983,2
27984,3
27985,2
27986,2
27987,2
27988,2
27989,2
27990,2
27991,2
27992,2
27993,2
27994,2
27995,3
27996,2
27997,2
27998,2
27999,2
28000,2
28001,2
28002,2
28003,2
28004,2
28005,2
28006,2
28007,2
28008,2
28009,2
28010,2
28011,2
28012,2
28013,2
28014,2
28015,2
28016,2
28017,2
28018,2
28019,2
28020,2
28021,2
28022,2
28023,2
28024,2
28025,2
28026,2
28027,2
28028,2
28029,2
28030,2
28031,2
28032,2
28033,2
28034,2
28035,2
28036,2
28037,2
28038,2
28039,2
28040,2
28041,2
28042,2
28043,2
28044,2
28045,3
28046,2
28047,2
28048,2
28049,2
28050,2
28051,2
28052,2
28053,2
28054,2
28055,2
28056,2
28057,2
28058,2
28059,2
28060,3
28061,2
28062,2
28063,2
28064,2
28065,2
28066,2
28067,2
28068,2
28069,2
28070,2
28071,2
28072,2
28073,2
28074,3
28075,2
28076,2
28077,2
28078,2
28079,2
28080,2
28081,2
28082,2
28083,2
28084,2
28085,2
28086,2
28087,2
28088,2
28089,2
28090,2
28091,2
28092,3
28093,2
28094,2
28095,2
28096,2
28097,2
28098,2
28099,2
28100,3
28101,2
28102,2
28103,2
28104,2
28105,2
28106,3
28107,2
28108,2
28109,2
28110,2
28111,2
28112,2
28113,3
28114,2
28115,2
28116,2
28117,2
28118,2
28119,3
28120,2
28121,2
28122,2
28123,2
28124,2
28125,2
28126,2
28127,2
28128,3
28129,2
28130,2
28131,3
28132,3
28133,3
28134,2
28135,2
28136,2
28137,2
28138,2
28139,2
28140,2
28141,2
28142,2
28143,2
28144,2
28145,2
28146,2
28147,2
28148,2
28149,2
28150,2
28151,2
28152,2
28153,2
28154,3
28155,2
28156,2
28157,1
28158,2
28159,2
28160,2
28161,2
28162,2
28163,2
28164,2
28165,2
28166,2
28167,2
28168,2
28169,3
28170,2
28171,2
28172,2
28173,2
28174,2
28175,2
28176,2
28177,2
28178,1
28179,2
28180,2
28181,3
28182,2
28183,2
28184,2
28185,2
28186,2
28187,2
28188,2
28189,2
28190,3
28191,2
28192,2
28193,2
28194,2
28195,2
28196,2
28197,2
28198,2
28199,2
28200,2
28201,2
28202,2
28203,3
28204,2
28205,2
28206,2
28207,2
28208,2
28209,2
28210,2
28211,3
28212,2
28213,2
28214,2
28215,2
28216,2
28217,2
28218,2
28219,2
28220,3
28221,2
28222,2
28223,3
28224,2
28225,2
28226,2
28227,3
28228,2
28229,2
28230,2
28231,2
28232,2
28233,3
28234,2
28235,3
28236,2
28237,2
28238,2
28239,2
28240,2
28241,2
28242,2
28243,3
28244,2
28245,2
28246,2
28247,2
28248,2
28249,2
28250,2
28251,2
28252,2
28253,2
28254,2
28255,2
28256,2
28257,2
28258,2
28259,2
28260,2
28261,2
28262,2
28263,3
28264,2
28265,3
28266,2
28267,2
28268,2
28269,2
28270,2
28271,2
28272,2
28273,2
28274,2
28275,2
28276,3
28277,3
28278,2
28279,2
28280,3
28281,2
28282,2
28283,2
28284,2
28285,2
28286,2
28287,2
28288,2
28289,2
28290,2
28291,2
28292,2
28293,2
28294,2
28295,3
28296,2
28297,2
28298,2
28299,2
28300,2
28301,2
28302,2
28303,2
28304,2
28305,2
28306,2
28307,2
28308,2
28309,2
28310,2
28311,2
28312,2
28313,2
28314,2
28315,2
28316,2
28317,2
28318,2
28319,2
28320,2
28321,2
28322,2
28323,2
28324,2
28325,2
28326,2
28327,2
28328,2
28329,2
28330,2
28331,2
28332,2
28333,2
28334,3
28335,3
28336,3
28337,3
28338,3
28339,3
28340,3
28341,3
28342,3
28343,2
28344,3
28345,2
28346,2
28347,2
28348,2
28349,2
28350,3
28351,2
28352,3
28353,2
28354,2
28355,2
28356,2
28357,2
28358,2
28359,3
28360,2
28361,2
28362,2
28363,2
28364,2
28365,2
28366,2
28367,3
28368,2
28369,3
28370,2
28371,2
28372,2
28373,2
28374,2
28375,2
28376,2
28377,2
28378,2
28379,2
28380,3
28381,2
28382,3
28383,2
28384,2
28385,2
28386,2
28387,2
28388,2
28389,2
28390,2
28391,2
28392,2
28393,2
28394,2
28395,3
28396,2
28397,2
28398,2
28399,2
28400,2
28401,2
28402,2
28403,2
28404,2
28405,2
28406,2
28407,3
28408,2
28409,2
28410,2
28411,2
28412,2
28413,2
28414,3
28415,2
28416,3
28417,2
28418,2
28419,2
28420,2
28421,2
28422,2
28423,2
28424,2
28425,2
28426,2
28427,2
28428,2
28429,2
28430,2
28431,2
28432,2
28433,2
28434,2
28435,2
28436,3
28437,2
28438,3
28439,3
28440,2
28441,2
28442,2
28443,2
28444,2
28445,2
28446,2
28447,2
28448,2
28449,2
28450,2
28451,2
28452,2
28453,2
28454,2
28455,2
28456,2
28457,3
28458,2
28459,2
28460,2
28461,2
28462,2
28463,2
28464,2
28465,3
28466,3
28467,2
28468,3
28469,3
28470,3
28471,2
28472,2
28473,3
28474,3
28475,2
28476,2
28477,2
28478,2
28479,2
28480,2
28481,2
28482,3
28483,3
28484,2
28485,2
28486,2
28487,2
28488,2
28489,2
28490,2
28491,2
28492,2
28493,2
28494,2
28495,2
28496,2
28497,2
28498,2
28499,2
28500,3
28501,2
28502,3
28503,2
28504,3
28505,2
28506,2
28507,2
28508,2
28509,2
28510,2
28511,2
28512,2
28513,2
28514,2
28515,2
28516,3
28517,2
28518,3
28519,2
28520,2
28521,2
28522,3
28523,2
28524,2
28525,2
28526,2
28527,2
28528,3
28529,2
28530,3
28531,2
28532,2
28533,2
28534,2
28535,2
28536,2
28537,2
28538,2
28539,2
28540,3
28541,2
28542,3
28543,3
28544,3
28545,3
28546,3
28547,3
28548,3
28549,3
28550,3
28551,2
28552,2
28553,2
28554,3
28555,2
28556,3
28557,3
28558,3
28559,3
28560,3
28561,3
28562,3
28563,3
28564,3
28565,3
28566,3
28567,3
28568,2
28569,3
28570,3
28571,3
28572,3
28573,3
28574,3
28575,3
28576,3
28577,3
28578,3
28579,3
28580,3
28581,2
28582,2
28583,2
28584,3
28585,3
28586,2
28587,2
28588,2
28589,2
28590,2
28591,2
28592,2
28593,2
28594,2
28595,2
28596,3
28597,2
28598,3
28599,3
28600,3
28601,2
28602,3
28603,2
28604,3
28605,2
28606,2
28607,2
28608,2
28609,3
28610,2
28611,2
28612,2
28613,2
28614,2
28615,2
28616,2
28617,2
28618,3
28619,2
28620,3
28621,2
28622,3
28623,3
28624,3
28625,3
28626,2
28627,2
28628,2
28629,3
28630,3
28631,2
28632,2
28633,2
28634,3
28635,2
28636,2
28637,3
28638,3
28639,3
28640,0
28641,3
28642,1
28643,2
28644,2
28645,2
28646,2
28647,3
28648,2
28649,0
28650,2
28651,2
28652,2
28653,2
28654,2
28655,3
28656,2
28657,2
28658,2
28659,2
28660,2
28661,2
28662,2
28663,2
28664,2
28665,2
28666,3
28667,2
28668,2
28669,2
28670,3
28671,3
28672,3
28673,3
28674,2
28675,2
28676,3
28677,3
28678,3
28679,3
28680,3
28681,2
28682,2
28683,2
28684,3
28685,2
28686,3
28687,2
28688,2
28689,2
28690,2
28691,3
28692,3
28693,3
28694,3
28695,3
28696,2
28697,3
28698,3
28699,2
28700,3
28701,2
28702,3
28703,2
28704,2
28705,2
28706,2
28707,3
28708,3
28709,3
28710,2
28711,2
28712,2
28713,2
28714,2
28715,2
28716,2
28717,3
28718,2
28719,2
28720,2
28721,2
28722,2
28723,2
28724,1
28725,2
28726,2
28727,3
28728,3
28729,3
28730,2
28731,2
28732,2
28733,2
28734,2
28735,2
28736,3
28737,3
28738,2
28739,2
28740,3
28741,3
28742,3
28743,3
28744,2
28745,2
28746,2
28747,2
28748,3
28749,3
28750,2
28751,3
28752,2
28753,3
28754,2
28755,3
28756,3
28757,3
28758,2
28759,2
28760,2
28761,2
28762,2
28763,3
28764,2
28765,2
28766,2
28767,2
28768,2
28769,2
28770,2
28771,2
28772,2
28773,3
28774,2
28775,3
28776,2
28777,2
28778,2
28779,3
28780,2
28781,2
28782,2
28783,2
28784,2
28785,2
28786,2
28787,2
28788,2
28789,2
28790,2
28791,2
28792,2
28793,2
28794,2
28795,3
28796,2
28797,2
28798,2
28799,2
28800,2
28801,2
28802,2
28803,2
28804,2
28805,2
28806,2
28807,2
28808,2
28809,2
28810,2
28811,2
28812,2
28813,2
28814,2
28815,2
28816,2
28817,2
28818,2
28819,2
28820,2
28821,2
28822,2
28823,2
28824,2
28825,2
28826,2
28827,2
28828,2
28829,2
28830,2
28831,2
28832,2
28833,2
28834,2
28835,2
28836,2
28837,2
28838,3
28839,2
28840,2
28841,2
28842,2
28843,2
28844,3
28845,2
28846,3
28847,2
28848,2
28849,2
28850,2
28851,2
28852,2
28853,2
28854,3
28855,2
28856,2
28857,2
28858,3
28859,2
28860,2
28861,2
28862,2
28863,3
28864,2
28865,2
28866,2
28867,2
28868,2
28869,2
28870,3
28871,2
28872,2
28873,2
28874,2
28875,2
28876,2
28877,3
28878,2
28879,2
28880,2
28881,2
28882,2
28883,2
28884,2
28885,2
28886,2
28887,2
28888,3
28889,2
28890,2
28891,2
28892,3
28893,3
28894,2
28895,2
28896,3
28897,2
28898,2
28899,2
28900,3
28901,3
28902,2
28903,2
28904,2
28905,2
28906,2
28907,2
28908,2
28909,2
28910,2
28911,2
28912,2
28913,2
28914,0
28915,2
28916,2
28917,2
28918,2
28919,3
28920,2
28921,2
28922,2
28923,2
28924,2
28925,2
28926,2
28927,2
28928,2
28929,2
28930,3
28931,2
28932,2
28933,2
28934,2
28935,2
28936,2
28937,2
28938,3
28939,3
28940,2
28941,2
28942,2
28943,2
28944,2
28945,3
28946,2
28947,2
28948,3
28949,3
28950,2
28951,3
28952,3
28953,2
28954,2
28955,2
28956,2
28957,2
28958,2
28959,2
28960,2
28961,2
28962,2
28963,2
28964,2
28965,2
28966,2
28967,2
28968,2
28969,2
28970,2
28971,2
28972,2
28973,2
28974,2
28975,2
28976,2
28977,2
28978,2
28979,2
28980,2
28981,2
28982,2
28983,2
28984,2
28985,2
28986,2
28987,2
28988,3
28989,2
28990,2
28991,2
28992,2
28993,2
28994,2
28995,2
28996,2
28997,2
28998,2
28999,2
29000,1
29001,2
29002,2
29003,2
29004,2
29005,2
29006,2
29007,2
29008,2
29009,2
29010,2
29011,2
29012,2
29013,2
29014,2
29015,2
29016,2
29017,2
29018,2
29019,2
29020,2
29021,1
29022,2
29023,2
29024,2
29025,2
29026,2
29027,2
29028,2
29029,2
29030,2
29031,2
29032,1
29033,2
29034,2
29035,2
29036,1
29037,2
29038,2
29039,3
29040,2
29041,2
29042,2
29043,2
29044,2
29045,2
29046,2
29047,2
29048,2
29049,2
29050,2
29051,2
29052,2
29053,2
29054,2
29055,2
29056,2
29057,2
29058,2
29059,2
29060,2
29061,2
29062,2
29063,2
29064,2
29065,2
29066,2
29067,2
29068,2
29069,2
29070,2
29071,2
29072,2
29073,1
29074,2
29075,2
29076,2
29077,2
29078,2
29079,2
29080,2
29081,2
29082,2
29083,2
29084,2
29085,2
29086,3
29087,2
29088,2
29089,2
29090,2
29091,2
29092,2
29093,3
29094,2
29095,2
29096,2
29097,3
29098,2
29099,3
29100,3
29101,2
29102,2
29103,2
29104,2
29105,3
29106,2
29107,2
29108,3
29109,2
29110,2
29111,2
29112,2
29113,2
29114,3
29115,2
29116,2
29117,2
29118,2
29119,2
29120,3
29121,3
29122,2
29123,2
29124,2
29125,2
29126,3
29127,3
29128,3
29129,3
29130,3
29131,3
29132,3
29133,3
29134,3
29135,2
29136,2
29137,3
29138,2
29139,2
29140,3
29141,3
29142,3
29143,3
29144,2
29145,3
29146,2
29147,2
29148,2
29149,2
29150,2
29151,2
29152,2
29153,2
29154,2
29155,2
29156,2
29157,2
29158,2
29159,2
29160,2
29161,2
29162,2
29163,2
29164,2
29165,2
29166,2
29167,2
29168,2
29169,2
29170,2
29171,2
29172,2
29173,2
29174,2
29175,2
29176,2
29177,2
29178,2
29179,2
29180,2
29181,2
29182,2
29183,2
29184,2
29185,2
29186,3
29187,2
29188,2
29189,2
29190,2
29191,3
29192,2
29193,3
29194,2
29195,2
29196,2
29197,2
29198,2
29199,2
29200,2
29201,2
29202,2
29203,2
29204,2
29205,2
29206,2
29207,2
29208,2
29209,2
29210,2
29211,2
29212,2
29213,2
29214,2
29215,2
29216,2
29217,2
29218,2
29219,2
29220,2
29221,2
29222,2
29223,2
29224,2
29225,2
29226,2
29227,1
29228,2
29229,3
29230,2
29231,2
29232,2
29233,2
29234,2
29235,2
29236,2
29237,3
29238,3
29239,2
29240,3
29241,1
29242,3
29243,3
29244,1
29245,3
29246,1
29247,3
29248,2
29249,2
29250,3
29251,3
29252,3
29253,3
29254,2
29255,2
29256,3
29257,3
29258,3
29259,2
29260,2
29261,2
29262,2
29263,2
29264,3
29265,3
29266,2
29267,3
29268,3
29269,2
29270,3
29271,2
29272,2
29273,2
29274,3
29275,3
29276,3
29277,3
29278,2
29279,3
29280,3
29281,2
29282,2
29283,2
29284,2
29285,3
29286,2
29287,2
29288,2
29289,3
29290,2
29291,2
29292,2
29293,2
29294,2
29295,2
29296,3
29297,2
29298,3
29299,1
29300,2
29301,3
29302,2
29303,2
29304,2
29305,3
29306,2
29307,2
29308,2
29309,2
29310,2
29311,2
29312,2
29313,2
29314,2
29315,3
29316,2
29317,3
29318,3
29319,2
29320,2
29321,2
29322,2
29323,2
29324,2
29325,2
29326,2
29327,2
29328,2
29329,2
29330,2
29331,3
29332,3
29333,2
29334,2
29335,2
29336,3
29337,2
29338,2
29339,2
29340,2
29341,2
29342,2
29343,2
29344,2
29345,2
29346,2
29347,2
29348,2
29349,2
29350,3
29351,2
29352,3
29353,2
29354,3
29355,2
29356,2
29357,3
29358,2
29359,3
29360,2
29361,3
29362,2
29363,2
29364,2
29365,2
29366,2
29367,2
29368,2
29369,2
29370,2
29371,2
29372,2
29373,2
29374,2
29375,2
29376,2
29377,2
29378,2
29379,2
29380,2
29381,2
29382,2
29383,2
29384,3
29385,2
29386,3
29387,2
29388,2
29389,2
29390,2
29391,2
29392,2
29393,2
29394,3
29395,3
29396,2
29397,2
29398,2
29399,2
29400,2
29401,2
29402,2
29403,2
29404,2
29405,2
29406,2
29407,2
29408,2
29409,2
29410,2
29411,2
29412,2
29413,2
29414,2
29415,2
29416,2
29417,2
29418,2
29419,2
29420,2
29421,2
29422,2
29423,2
29424,2
29425,3
29426,2
29427,2
29428,2
29429,2
29430,2
29431,2
29432,2
29433,2
29434,2
29435,3
29436,3
29437,2
29438,3
29439,3
29440,2
29441,3
29442,3
29443,3
29444,1
29445,2
29446,3
29447,3
29448,3
29449,3
29450,3
29451,3
29452,3
29453,1
29454,1
29455,3
29456,3
29457,3
29458,3
29459,3
29460,3
29461,2
29462,3
29463,3
29464,2
29465,2
29466,3
29467,2
29468,2
29469,2
29470,2
29471,3
29472,1
29473,3
29474,2
29475,2
29476,2
29477,3
29478,2
29479,2
29480,2
29481,2
29482,2
29483,2
29484,2
29485,2
29486,2
29487,2
29488,3
29489,3
29490,2
29491,1
29492,3
29493,2
29494,2
29495,1
29496,2
29497,2
29498,2
29499,2
29500,3
29501,2
29502,3
29503,2
29504,2
29505,3
29506,2
29507,2
29508,2
29509,2
29510,2
29511,2
29512,2
29513,2
29514,2
29515,2
29516,2
29517,2
29518,2
29519,2
29520,2
29521,2
29522,2
29523,2
29524,2
29525,2
29526,3
29527,2
29528,3
29529,2
29530,2
29531,2
29532,2
29533,3
29534,2
29535,2
29536,2
29537,2
29538,2
29539,2
29540,2
29541,2
29542,2
29543,3
29544,2
29545,3
29546,2
29547,2
29548,3
29549,2
29550,2
29551,2
29552,2
29553,2
29554,2
29555,2
29556,2
29557,2
29558,2
29559,2
29560,2
29561,2
29562,2
29563,2
29564,3
29565,2
29566,2
29567,2
29568,2
29569,2
29570,2
29571,2
29572,2
29573,2
29574,2
29575,2
29576,2
29577,3
29578,2
29579,2
29580,2
29581,3
29582,2
29583,3
29584,2
29585,3
29586,2
29587,3
29588,3
29589,2
29590,2
29591,2
29592,2
29593,2
29594,3
29595,2
29596,2
29597,2
29598,3
29599,3
29600,3
29601,2
29602,2
29603,2
29604,2
29605,2
29606,2
29607,2
29608,2
29609,2
29610,2
29611,3
29612,2
29613,2
29614,3
29615,2
29616,2
29617,2
29618,2
29619,2
29620,2
29621,2
29622,2
29623,2
29624,2
29625,2
29626,2
29627,2
29628,3
29629,2
29630,2
29631,2
29632,2
29633,3
29634,2
29635,2
29636,2
29637,2
29638,2
29639,2
29640,2
29641,2
29642,2
29643,2
29644,2
29645,3
29646,3
29647,3
29648,2
29649,2
29650,2
29651,3
29652,2
29653,2
29654,3
29655,2
29656,2
29657,2
29658,2
29659,2
29660,2
29661,2
29662,3
29663,2
29664,2
29665,2
29666,2
29667,2
29668,2
29669,2
29670,2
29671,2
29672,2
29673,2
29674,2
29675,2
29676,2
29677,2
29678,1
29679,3
29680,3
29681,1
29682,1
29683,2
29684,3
29685,2
29686,2
29687,2
29688,2
29689,3
29690,2
29691,2
29692,2
29693,2
29694,2
29695,3
29696,2
29697,2
29698,2
29699,2
29700,2
29701,3
29702,3
29703,3
29704,2
29705,2
29706,2
29707,2
29708,2
29709,2
29710,2
29711,2
29712,2
29713,2
29714,2
29715,2
29716,2
29717,2
29718,2
29719,2
29720,2
29721,2
29722,3
29723,2
29724,2
29725,2
29726,2
29727,2
29728,2
29729,2
29730,0
29731,2
29732,2
29733,2
29734,2
29735,2
29736,2
29737,0
29738,2
29739,2
29740,1
29741,3
29742,2
29743,2
29744,2
29745,2
29746,2
29747,2
29748,3
29749,3
29750,1
29751,2
29752,2
29753,2
29754,2
29755,2
29756,2
29757,2
29758,2
29759,2
29760,2
29761,2
29762,2
29763,2
29764,2
29765,2
29766,2
29767,2
29768,2
29769,2
29770,2
29771,2
29772,2
29773,2
29774,2
29775,2
29776,2
29777,2
29778,2
29779,2
29780,2
29781,2
29782,2
29783,0
29784,2
29785,2
29786,2
29787,2
29788,2
29789,2
29790,2
29791,2
29792,2
29793,2
29794,2
29795,2
29796,2
29797,2
29798,2
29799,3
29800,2
29801,3
29802,2
29803,2
29804,3
29805,2
29806,2
29807,3
29808,3
29809,3
29810,2
29811,2
29812,3
29813,2
29814,2
29815,2
29816,2
29817,2
29818,2
29819,2
29820,2
29821,2
29822,2
29823,2
29824,2
29825,2
29826,3
29827,2
29828,2
29829,2
29830,3
29831,2
29832,2
29833,2
29834,2
29835,3
29836,2
29837,2
29838,3
29839,2
29840,2
29841,2
29842,2
29843,2
29844,2
29845,2
29846,3
29847,3
29848,3
29849,3
29850,2
29851,2
29852,2
29853,2
29854,2
29855,2
29856,2
29857,2
29858,1
29859,3
29860,2
29861,2
29862,2
29863,2
29864,2
29865,3
29866,2
29867,2
29868,2
29869,2
29870,2
29871,2
29872,2
29873,2
29874,2
29875,2
29876,2
29877,2
29878,2
29879,2
29880,2
29881,3
29882,3
29883,2
29884,2
29885,2
29886,2
29887,2
29888,2
29889,3
29890,2
29891,2
29892,2
29893,3
29894,3
29895,2
29896,0
29897,2
29898,2
29899,2
29900,2
29901,2
29902,2
29903,2
29904,2
29905,2
29906,2
29907,2
29908,2
29909,3
29910,2
29911,2
29912,2
29913,2
29914,2
29915,2
29916,2
29917,2
29918,2
29919,2
29920,3
29921,3
29922,3
29923,3
29924,3
29925,3
29926,2
29927,3
29928,3
29929,3
29930,2
29931,2
29932,2
29933,3
29934,3
29935,2
29936,3
29937,2
29938,2
29939,2
29940,2
29941,3
29942,2
29943,2
29944,2
29945,2
29946,2
29947,2
29948,2
29949,2
29950,2
29951,3
29952,2
29953,2
29954,2
29955,3
29956,3
29957,2
29958,2
29959,3
29960,2
29961,2
29962,2
29963,2
29964,2
29965,2
29966,2
29967,2
29968,2
29969,3
29970,2
29971,2
29972,2
29973,2
29974,2
29975,2
29976,2
29977,2
29978,2
29979,3
29980,3
29981,3
29982,3
29983,2
29984,2
29985,2
29986,3
29987,2
29988,2
29989,2
29990,2
29991,2
29992,2
29993,3
29994,2
29995,2
29996,2
29997,2
29998,2
29999,2
30000,2
30001,2
30002,2
30003,3
30004,2
30005,2
30006,2
30007,2
30008,2
30009,2
30010,2
30011,2
30012,2
30013,2
30014,2
30015,2
30016,2
30017,2
30018,2
30019,3
30020,2
30021,2
30022,2
30023,2
30024,2
30025,2
30026,2
30027,2
30028,2
30029,2
30030,2
30031,2
30032,2
30033,2
30034,3
30035,2
30036,2
30037,3
30038,2
30039,2
30040,2
30041,2
30042,2
30043,3
30044,2
30045,2
30046,2
30047,3
30048,2
30049,3
30050,2
30051,2
30052,2
30053,3
30054,2
30055,2
30056,2
30057,2
30058,2
30059,2
30060,2
30061,2
30062,2
30063,2
30064,3
30065,3
30066,2
30067,3
30068,3
30069,2
30070,2
30071,2
30072,2
30073,2
30074,3
30075,3
30076,2
30077,3
30078,3
30079,3
30080,2
30081,2
30082,2
30083,2
30084,2
30085,3
30086,2
30087,3
30088,3
30089,2
30090,2
30091,3
30092,3
30093,2
30094,2
30095,2
30096,2
30097,3
30098,2
30099,2
30100,2
30101,2
30102,3
30103,3
30104,2
30105,2
30106,2
30107,3
30108,2
30109,2
30110,2
30111,2
30112,2
30113,2
30114,2
30115,2
30116,3
30117,2
30118,3
30119,3
30120,2
30121,2
30122,2
30123,2
30124,2
30125,3
30126,2
30127,0
30128,2
30129,3
30130,2
30131,2
30132,2
30133,2
30134,2
30135,2
30136,2
30137,2
30138,2
30139,2
30140,2
30141,2
30142,2
30143,2
30144,2
30145,2
30146,2
30147,2
30148,2
30149,2
30150,3
30151,2
30152,2
30153,3
30154,2
30155,2
30156,2
30157,2
30158,2
30159,2
30160,2
30161,2
30162,2
30163,2
30164,2
30165,2
30166,3
30167,3
30168,3
30169,2
30170,2
30171,2
30172,3
30173,3
30174,3
30175,3
30176,3
30177,3
30178,3
30179,3
30180,2
30181,2
30182,2
30183,2
30184,2
30185,3
30186,3
30187,2
30188,3
30189,2
30190,2
30191,2
30192,3
30193,2
30194,2
30195,2
30196,2
30197,2
30198,2
30199,3
30200,2
30201,3
30202,3
30203,2
30204,2
30205,2
30206,2
30207,2
30208,2
30209,2
30210,2
30211,2
30212,2
30213,2
30214,2
30215,2
30216,2
30217,2
30218,2
30219,2
30220,2
30221,2
30222,2
30223,2
30224,2
30225,2
30226,2
30227,2
30228,2
30229,2
30230,2
30231,2
30232,2
30233,2
30234,2
30235,2
30236,3
30237,3
30238,2
30239,2
30240,2
30241,2
30242,2
30243,2
30244,2
30245,2
30246,3
30247,2
30248,2
30249,3
30250,2
30251,3
30252,2
30253,2
30254,3
30255,2
30256,2
30257,2
30258,2
30259,3
30260,3
30261,2
30262,2
30263,2
30264,3
30265,3
30266,2
30267,2
30268,2
30269,2
30270,2
30271,2
30272,2
30273,3
30274,2
30275,3
30276,2
30277,3
30278,2
30279,2
30280,3
30281,2
30282,2
30283,2
30284,2
30285,2
30286,2
30287,2
30288,2
30289,3
30290,2
30291,2
30292,2
30293,3
30294,2
30295,2
30296,3
30297,2
30298,3
30299,3
30300,2
30301,2
30302,1
30303,2
30304,2
30305,2
30306,2
30307,2
30308,2
30309,3
30310,2
30311,2
30312,2
30313,1
30314,1
30315,2
30316,2
30317,2
30318,2
30319,2
30320,2
30321,2
30322,2
30323,3
30324,2
30325,2
30326,2
30327,3
30328,3
30329,2
30330,3
30331,2
30332,2
30333,2
30334,2
30335,2
30336,3
30337,3
30338,3
30339,2
30340,3
30341,2
30342,2
30343,1
30344,3
30345,3
30346,2
30347,2
30348,2
30349,2
30350,3
30351,2
30352,3
30353,3
30354,2
30355,3
30356,3
30357,3
30358,2
30359,3
30360,3
30361,3
30362,3
30363,2
30364,3
30365,2
30366,2
30367,3
30368,2
30369,3
30370,2
30371,3
30372,3
30373,2
30374,2
30375,1
30376,3
30377,2
30378,2
30379,2
30380,2
30381,3
30382,3
30383,2
30384,3
30385,2
30386,2
30387,2
30388,3
30389,2
30390,3
30391,3
30392,3
30393,3
30394,3
30395,3
30396,3
30397,3
30398,3
30399,3
30400,3
30401,3
30402,3
30403,3
30404,3
30405,3
30406,3
30407,3
30408,3
30409,3
30410,3
30411,3
30412,3
30413,3
30414,3
30415,3
30416,3
30417,3
30418,3
30419,3
30420,3
30421,3
30422,3
30423,3
30424,3
30425,3
30426,3
30427,3
30428,3
30429,3
30430,3
30431,3
30432,3
30433,3
30434,3
30435,3
30436,1
30437,3
30438,3
30439,3
30440,3
30441,1
30442,3
30443,3
30444,3
30445,3
30446,3
30447,3
30448,3
30449,3
30450,3
30451,3
30452,3
30453,3
30454,3
30455,3
30456,3
30457,3
30458,3
30459,3
30460,3
30461,3
30462,3
30463,3
30464,3
30465,3
30466,3
30467,3
30468,3
30469,3
30470,3
30471,3
30472,3
30473,3
30474,3
30475,3
30476,3
30477,3
30478,3
30479,3
30480,3
30481,3
30482,3
30483,3
30484,3
30485,3
30486,3
30487,3
30488,3
30489,3
30490,3
30491,3
30492,3
30493,3
30494,3
30495,3
30496,3
30497,3
30498,3
30499,3
30500,3
30501,3
30502,3
30503,3
30504,3
30505,3
30506,3
30507,3
30508,3
30509,3
30510,3
30511,3
30512,3
30513,3
30514,3
30515,3
30516,3
30517,3
30518,3
30519,3
30520,3
30521,3
30522,3
30523,3
30524,3
30525,3
30526,3
30527,3
30528,3
30529,3
30530,3
30531,3
30532,3
30533,3
30534,3
30535,3
30536,3
30537,3
30538,3
30539,3
30540,3
30541,3
30542,3
30543,3
30544,3
30545,3
30546,3
30547,3
30548,3
30549,3
30550,3
30551,3
30552,3
30553,3
30554,3
30555,3
30556,3
30557,3
30558,3
30559,3
30560,3
30561,3
30562,3
30563,3
30564,3
30565,3
30566,3
30567,3
30568,3
30569,3
30570,3
30571,3
30572,3
30573,3
30574,3
30575,3
30576,3
30577,3
30578,3
30579,3
30580,3
30581,3
30582,3
30583,3
30584,3
30585,3
30586,3
30587,3
30588,3
30589,3
30590,3
30591,2
30592,2
30593,2
30594,2
30595,2
30596,2
30597,3
30598,2
30599,3
30600,3
30601,3
30602,2
30603,2
30604,2
30605,3
30606,3
30607,3
30608,2
30609,3
30610,2
30611,3
30612,3
30613,3
30614,3
30615,3
30616,3
30617,3
30618,3
30619,3
30620,3
30621,3
30622,3
30623,3
30624,3
30625,3
30626,3
30627,3
30628,3
30629,3
30630,3
30631,3
30632,3
30633,3
30634,3
30635,3
30636,3
30637,3
30638,3
30639,3
30640,3
30641,3
30642,3
30643,3
30644,3
30645,3
30646,1
30647,1
30648,3
30649,1
30650,1
30651,1
30652,3
30653,3
30654,3
30655,3
30656,3
30657,3
30658,3
30659,3
30660,3
30661,3
30662,3
30663,3
30664,3
30665,3
30666,3
30667,3
30668,3
30669,3
30670,3
30671,3
30672,3
30673,3
30674,3
30675,3
30676,3
30677,3
30678,3
30679,3
30680,3
30681,3
30682,3
30683,3
30684,3
30685,3
30686,3
30687,3
30688,3
30689,3
30690,3
30691,1
30692,1
30693,3
30694,1
30695,1
30696,3
30697,3
30698,1
30699,3
30700,3
30701,3
30702,3
30703,1
30704,1
30705,1
30706,1
30707,1
30708,3
30709,1
30710,1
30711,1
30712,1
30713,1
30714,1
30715,3
30716,3
30717,3
30718,3
30719,1
30720,1
30721,1
30722,1
30723,3
30724,3
30725,1
30726,1
30727,1
30728,1
30729,1
30730,3
30731,1
30732,1
30733,1
30734,1
30735,1
30736,1
30737,1
30738,1
30739,1
30740,1
30741,1
30742,1
30743,1
30744,1
30745,1
30746,1
30747,1
30748,1
30749,1
30750,3
30751,1
30752,1
30753,1
30754,1
30755,1
30756,1
30757,1
30758,1
30759,1
30760,1
30761,1
30762,1
30763,1
30764,1
30765,1
30766,1
30767,1
30768,1
30769,1
30770,1
30771,1
30772,2
30773,2
30774,2
30775,2
30776,2
30777,2
30778,3
30779,2
30780,3
30781,3
30782,2
30783,3
30784,3
30785,2
30786,3
30787,3
30788,3
30789,3
30790,3
30791,3
30792,2
30793,3
30794,3
30795,3
30796,3
30797,3
30798,3
30799,3
30800,3
30801,3
30802,3
30803,3
30804,3
30805,3
30806,3
30807,3
30808,3
30809,3
30810,3
30811,3
30812,3
30813,3
30814,3
30815,3
30816,3
30817,3
30818,2
30819,2
30820,2
30821,3
30822,3
30823,3
30824,3
30825,3
30826,3
30827,2
30828,1
30829,2
30830,3
30831,3
30832,0
30833,3
30834,1
30835,0
30836,3
30837,0
30838,0
30839,0
30840,0
30841,3
30842,0
30843,0
30844,0
30845,0
30846,0
30847,0
30848,0
30849,0
30850,0
30851,0
30852,0
30853,0
30854,0
30855,0
30856,0
30857,0
30858,0
30859,0
30860,0
30861,0
30862,0
30863,3
30864,3
30865,3
30866,3
30867,3
30868,3
30869,3
30870,3
30871,3
30872,3
30873,3
30874,3
30875,3
30876,3
30877,3
30878,3
30879,3
30880,3
30881,3
30882,3
30883,3
30884,3
30885,3
30886,3
30887,3
30888,2
30889,3
30890,3
30891,3
30892,3
30893,3
30894,3
30895,3
30896,3
30897,3
30898,3
30899,3
30900,3
30901,3
30902,3
30903,3
30904,3
30905,3
30906,3
30907,3
30908,3
30909,3
30910,3
30911,3
30912,3
30913,3
30914,3
30915,3
30916,3
30917,3
30918,3
30919,3
30920,3
30921,3
30922,3
30923,3
30924,3
30925,3
30926,3
30927,3
30928,3
30929,3
30930,3
30931,3
30932,3
30933,3
30934,3
30935,3
30936,3
30937,3
30938,3
30939,3
30940,3
30941,3
30942,3
30943,3
30944,3
30945,3
30946,3
30947,3
30948,3
30949,3
30950,3
30951,3
30952,3
30953,3
30954,3
30955,3
30956,3
30957,3
30958,3
30959,3
30960,3
30961,3
30962,3
30963,3
30964,3
30965,3
30966,3
30967,3
30968,3
30969,3
30970,3
30971,3
30972,3
30973,0
30974,0
30975,3
30976,3
30977,2
30978,3
30979,3
30980,3
30981,3
30982,3
30983,3
30984,3
30985,3
30986,3
30987,3
30988,3
30989,3
30990,3
30991,3
30992,3
30993,3
30994,3
30995,3
30996,3
30997,3
30998,3
30999,3
31000,0
31001,3
31002,3
31003,0
31004,1
31005,3
31006,3
31007,3
31008,1
31009,3
31010,3
31011,3
31012,3
31013,1
31014,3
31015,1
31016,3
31017,3
31018,3
31019,3
31020,1
31021,3
31022,3
31023,3
31024,0
31025,0
31026,3
31027,3
31028,3
31029,2
31030,0
31031,3
31032,3
31033,3
31034,3
31035,3
31036,3
31037,3
31038,3
31039,3
31040,3
31041,3
31042,3
31043,3
31044,3
31045,3
31046,3
31047,3
31048,3
31049,3
31050,2
31051,3
31052,3
31053,3
31054,3
31055,3
31056,3
31057,3
31058,3
31059,2
31060,3
31061,3
31062,3
31063,3
31064,3
31065,0
31066,3
31067,3
31068,3
31069,3
31070,3
31071,3
31072,3
31073,3
31074,3
31075,3
31076,3
31077,3
31078,3
31079,3
31080,3
31081,3
31082,3
31083,3
31084,3
31085,3
31086,3
31087,3
31088,3
31089,3
31090,3
31091,3
31092,3
31093,3
31094,3
31095,3
31096,3
31097,3
31098,3
31099,2
31100,3
31101,3
31102,3
31103,2
31104,3
31105,1
31106,3
31107,3
31108,3
31109,0
31110,3
31111,3
31112,3
31113,3
31114,3
31115,2
31116,3
31117,3
31118,2
31119,2
31120,2
31121,3
31122,0
31123,3
31124,2
31125,2
31126,2
31127,2
31128,3
31129,2
31130,2
31131,2
31132,0
31133,2
31134,0
31135,0
31136,3
31137,0
31138,0
31139,0
31140,3
31141,3
31142,3
31143,0
31144,0
31145,3
31146,0
31147,3
31148,3
31149,0
31150,0
31151,0
31152,3
31153,3
31154,0
31155,3
31156,0
31157,3
31158,3
31159,3
31160,3
31161,0
31162,0
31163,3
31164,0
31165,3
31166,0
31167,3
31168,0
31169,3
31170,0
31171,3
31172,0
31173,3
31174,0
31175,3
31176,3
31177,0
31178,0
31179,0
31180,0
31181,3
31182,3
31183,3
31184,3
31185,3
31186,3
31187,3
31188,3
31189,3
31190,3
31191,3
31192,3
31193,3
31194,3
31195,3
31196,3
31197,3
31198,3
31199,2
31200,3
31201,3
31202,3
31203,3
31204,3
31205,3
31206,3
31207,3
31208,3
31209,3
31210,3
31211,3
31212,1
31213,1
31214,1
31215,1
31216,1
31217,1
31218,3
31219,2
31220,1
31221,1
31222,1
31223,1
31224,1
31225,1
31226,1
31227,3
31228,3
31229,3
31230,3
31231,3
31232,3
31233,3
31234,3
31235,3
31236,2
31237,3
31238,2
31239,2
31240,2
31241,3
31242,2
31243,2
31244,2
31245,2
31246,2
31247,2
31248,2
31249,2
31250,2
31251,3
31252,2
31253,3
31254,2
31255,2
31256,0
31257,2
31258,2
31259,2
31260,3
31261,2
31262,3
31263,2
31264,2
31265,2
31266,3
31267,3
31268,3
31269,3
31270,3
31271,2
31272,3
31273,2
31274,2
31275,2
31276,2
31277,2
31278,3
31279,2
31280,3
31281,3
31282,3
31283,3
31284,3
31285,3
31286,3
31287,3
31288,2
31289,3
31290,2
31291,2
31292,2
31293,2
31294,2
31295,2
31296,2
31297,2
31298,2
31299,2
31300,2
31301,2
31302,2
31303,2
31304,2
31305,2
31306,2
31307,2
31308,2
31309,2
31310,2
31311,2
31312,2
31313,2
31314,2
31315,1
31316,1
31317,1
31318,2
31319,2
31320,2
31321,2
31322,2
31323,2
31324,2
31325,2
31326,2
31327,2
31328,2
31329,2
31330,2
31331,2
31332,2
31333,2
31334,2
31335,2
31336,2
31337,2
31338,2
31339,2
31340,2
31341,2
31342,2
31343,2
31344,2
31345,2
31346,2
31347,3
31348,3
31349,2
31350,2
31351,3
31352,2
31353,2
31354,2
31355,3
31356,2
31357,3
31358,2
31359,2
31360,2
31361,2
31362,2
31363,2
31364,2
31365,2
31366,2
31367,2
31368,2
31369,2
31370,2
31371,2
31372,2
31373,2
31374,2
31375,2
31376,2
31377,2
31378,2
31379,2
31380,2
31381,2
31382,2
31383,2
31384,2
31385,2
31386,2
31387,2
31388,2
31389,2
31390,2
31391,2
31392,2
31393,2
31394,2
31395,3
31396,3
31397,2
31398,2
31399,2
31400,2
31401,2
31402,2
31403,2
31404,2
31405,2
31406,2
31407,2
31408,2
31409,3
31410,2
31411,2
31412,2
31413,2
31414,2
31415,2
31416,2
31417,2
31418,2
31419,2
31420,2
31421,2
31422,2
31423,2
31424,3
31425,2
31426,2
31427,2
31428,2
31429,2
31430,2
31431,2
31432,2
31433,2
31434,2
31435,2
31436,2
31437,2
31438,2
31439,2
31440,2
31441,2
31442,2
31443,2
31444,3
31445,2
31446,2
31447,2
31448,2
31449,2
31450,3
31451,2
31452,2
31453,2
31454,1
31455,3
31456,3
31457,3
31458,3
31459,1
31460,1
31461,1
31462,1
31463,3
31464,3
31465,3
31466,2
31467,2
31468,2
31469,2
31470,3
31471,2
31472,2
31473,2
31474,2
31475,2
31476,2
31477,2
31478,2
31479,3
31480,2
31481,2
31482,3
31483,2
31484,2
31485,3
31486,2
31487,1
31488,2
31489,2
31490,2
31491,2
31492,2
31493,2
31494,3
31495,3
31496,3
31497,1
31498,3
31499,1
31500,3
31501,2
31502,2
31503,2
31504,2
31505,3
31506,3
31507,2
31508,2
31509,2
31510,2
31511,3
31512,2
31513,2
31514,2
31515,2
31516,2
31517,2
31518,2
31519,2
31520,2
31521,3
31522,2
31523,2
31524,2
31525,2
31526,2
31527,2
31528,2
31529,2
31530,2
31531,2
31532,2
31533,2
31534,2
31535,2
31536,2
31537,2
31538,1
31539,2
31540,2
31541,1
31542,1
31543,2
31544,2
31545,2
31546,2
31547,2
31548,2
31549,2
31550,2
31551,3
31552,2
31553,2
31554,3
31555,2
31556,2
31557,2
31558,2
31559,3
31560,3
31561,2
31562,2
31563,2
31564,2
31565,2
31566,2
31567,2
31568,2
31569,2
31570,2
31571,2
31572,2
31573,2
31574,2
31575,3
31576,3
31577,2
31578,2
31579,2
31580,2
31581,3
31582,3
31583,2
31584,3
31585,2
31586,2
31587,3
31588,2
31589,2
31590,2
31591,2
31592,2
31593,2
31594,2
31595,2
31596,2
31597,2
31598,2
31599,3
31600,3
31601,2
31602,2
31603,2
31604,2
31605,2
31606,2
31607,2
31608,2
31609,2
31610,2
31611,2
31612,2
31613,2
31614,2
31615,2
31616,2
31617,2
31618,2
31619,2
31620,2
31621,2
31622,2
31623,2
31624,2
31625,2
31626,2
31627,2
31628,2
31629,2
31630,2
31631,2
31632,2
31633,2
31634,2
31635,2
31636,2
31637,2
31638,2
31639,3
31640,2
31641,2
31642,2
31643,2
31644,2
31645,2
31646,2
31647,2
31648,2
31649,2
31650,2
31651,2
31652,2
31653,2
31654,2
31655,2
31656,3
31657,1
31658,1
31659,2
31660,1
31661,1
31662,1
31663,1
31664,1
31665,1
31666,1
31667,1
31668,2
31669,2
31670,2
31671,2
31672,2
31673,2
31674,2
31675,2
31676,2
31677,2
31678,2
31679,2
31680,2
31681,2
31682,2
31683,2
31684,2
31685,2
31686,2
31687,2
31688,2
31689,2
31690,2
31691,2
31692,2
31693,2
31694,2
31695,2
31696,2
31697,2
31698,2
31699,1
31700,3
31701,2
31702,2
31703,2
31704,2
31705,2
31706,2
31707,2
31708,2
31709,2
31710,2
31711,2
31712,2
31713,2
31714,2
31715,2
31716,2
31717,2
31718,2
31719,3
31720,2
31721,2
31722,1
31723,3
31724,2
31725,2
31726,2
31727,2
31728,2
31729,1
31730,2
31731,2
31732,2
31733,2
31734,1
31735,2
31736,2
31737,3
31738,2
31739,2
31740,2
31741,1
31742,3
31743,2
31744,2
31745,2
31746,2
31747,2
31748,2
31749,3
31750,2
31751,2
31752,2
31753,3
31754,3
31755,3
31756,3
31757,3
31758,2
31759,1
31760,2
31761,3
31762,2
31763,3
31764,3
31765,3
31766,3
31767,2
31768,2
31769,2
31770,2
31771,3
31772,3
31773,3
31774,3
31775,3
31776,1
31777,1
31778,1
31779,3
31780,2
31781,3
31782,2
31783,3
31784,3
31785,3
31786,3
31787,3
31788,3
31789,2
31790,2
31791,2
31792,2
31793,2
31794,2
31795,1
31796,2
31797,3
31798,2
31799,2
31800,2
31801,2
31802,1
31803,1
31804,1
31805,1
31806,1
31807,1
31808,3
31809,1
31810,3
31811,3
31812,3
31813,2
31814,2
31815,2
31816,2
31817,1
31818,1
31819,1
31820,3
31821,2
31822,2
31823,2
31824,2
31825,2
31826,2
31827,2
31828,2
31829,2
31830,2
31831,3
31832,2
31833,2
31834,2
31835,2
31836,2
31837,2
31838,3
31839,2
31840,2
31841,2
31842,2
31843,2
31844,2
31845,2
31846,3
31847,1
31848,2
31849,2
31850,2
31851,2
31852,2
31853,2
31854,2
31855,2
31856,2
31857,2
31858,2
31859,2
31860,3
31861,3
31862,1
31863,3
31864,2
31865,2
31866,2
31867,2
31868,2
31869,2
31870,2
31871,2
31872,2
31873,2
31874,3
31875,2
31876,2
31877,2
31878,2
31879,2
31880,2
31881,2
31882,2
31883,2
31884,2
31885,3
31886,1
31887,2
31888,2
31889,2
31890,2
31891,2
31892,2
31893,2
31894,2
31895,2
31896,2
31897,2
31898,2
31899,2
31900,2
31901,2
31902,2
31903,2
31904,2
31905,2
31906,1
31907,2
31908,2
31909,1
31910,2
31911,2
31912,2
31913,2
31914,2
31915,2
31916,2
31917,2
31918,2
31919,2
31920,2
31921,2
31922,2
31923,2
31924,2
31925,2
31926,2
31927,3
31928,3
31929,2
31930,2
31931,2
31932,2
31933,3
31934,2
31935,2
31936,2
31937,2
31938,2
31939,3
31940,2
31941,2
31942,2
31943,3
31944,2
31945,2
31946,2
31947,3
31948,2
31949,3
31950,3
31951,3
31952,3
31953,3
31954,3
31955,3
31956,3
31957,3
31958,2
31959,2
31960,2
31961,2
31962,3
31963,3
31964,2
31965,2
31966,2
31967,2
31968,3
31969,2
31970,2
31971,2
31972,2
31973,2
31974,2
31975,2
31976,2
31977,3
31978,2
31979,3
31980,3
31981,3
31982,2
31983,2
31984,0
31985,2
31986,2
31987,0
31988,2
31989,2
31990,0
31991,0
31992,0
31993,0
31994,0
31995,2
31996,2
31997,2
31998,0
31999,2
32000,2
32001,2
32002,2
32003,2
32004,2
32005,2
32006,2
32007,2
32008,2
32009,2
32010,2
32011,2
32012,2
32013,2
32014,2
32015,2
32016,2
32017,2
32018,2
32019,2
32020,2
32021,2
32022,2
32023,2
32024,2
32025,1
32026,3
32027,2
32028,2
32029,2
32030,2
32031,2
32032,2
32033,2
32034,2
32035,2
32036,3
32037,2
32038,2
32039,3
32040,2
32041,2
32042,2
32043,2
32044,3
32045,2
32046,2
32047,2
32048,2
32049,2
32050,2
32051,2
32052,2
32053,2
32054,2
32055,2
32056,2
32057,2
32058,2
32059,2
32060,2
32061,2
32062,2
32063,2
32064,2
32065,2
32066,2
32067,2
32068,2
32069,2
32070,2
32071,2
32072,2
32073,2
32074,2
32075,2
32076,2
32077,2
32078,2
32079,2
32080,2
32081,2
32082,2
32083,2
32084,2
32085,2
32086,2
32087,2
32088,2
32089,2
32090,2
32091,2
32092,2
32093,2
32094,2
32095,2
32096,2
32097,2
32098,2
32099,2
32100,2
32101,2
32102,2
32103,2
32104,2
32105,2
32106,2
32107,2
32108,2
32109,2
32110,2
32111,1
32112,2
32113,2
32114,2
32115,2
32116,2
32117,3
32118,1
32119,2
32120,2
32121,2
32122,2
32123,2
32124,2
32125,2
32126,2
32127,3
32128,2
32129,3
32130,2
32131,2
32132,1
32133,2
32134,2
32135,0
32136,2
32137,2
32138,2
32139,2
32140,2
32141,2
32142,2
32143,2
32144,2
32145,2
32146,2
32147,3
32148,2
32149,3
32150,2
32151,2
32152,2
32153,2
32154,2
32155,2
32156,2
32157,2
32158,2
32159,2
32160,2
32161,2
32162,2
32163,2
32164,2
32165,2
32166,2
32167,2
32168,2
32169,3
32170,2
32171,3
32172,2
32173,2
32174,2
32175,2
32176,2
32177,2
32178,2
32179,2
32180,2
32181,2
32182,2
32183,2
32184,2
32185,2
32186,2
32187,2
32188,2
32189,2
32190,3
32191,2
32192,2
32193,3
32194,3
32195,2
32196,3
32197,2
32198,2
32199,0
32200,2
32201,2
32202,2
32203,0
32204,2
32205,2
32206,2
32207,2
32208,2
32209,3
32210,2
32211,2
32212,2
32213,2
32214,2
32215,2
32216,2
32217,2
32218,2
32219,2
32220,2
32221,2
32222,2
32223,2
32224,3
32225,3
32226,2
32227,0
32228,0
32229,2
32230,2
32231,2
32232,2
32233,2
32234,2
32235,3
32236,2
32237,2
32238,2
32239,2
32240,2
32241,2
32242,2
32243,2
32244,3
32245,2
32246,2
32247,2
32248,2
32249,2
32250,2
32251,2
32252,3
32253,2
32254,2
32255,2
32256,1
32257,3
32258,3
32259,2
32260,3
32261,2
32262,2
32263,2
32264,2
32265,2
32266,3
32267,2
32268,3
32269,3
32270,3
32271,2
32272,3
32273,2
32274,2
32275,2
32276,2
32277,3
32278,3
32279,3
32280,2
32281,2
32282,2
32283,2
32284,2
32285,2
32286,2
32287,3
32288,3
32289,3
32290,2
32291,2
32292,2
32293,2
32294,2
32295,2
32296,2
32297,2
32298,2
32299,2
32300,2
32301,2
32302,2
32303,0
32304,2
32305,2
32306,2
32307,2
32308,2
32309,2
32310,2
32311,2
32312,2
32313,2
32314,2
32315,2
32316,2
32317,2
32318,2
32319,2
32320,2
32321,2
32322,2
32323,2
32324,2
32325,2
32326,3
32327,2
32328,2
32329,2
32330,2
32331,2
32332,2
32333,2
32334,2
32335,2
32336,2
32337,2
32338,2
32339,2
32340,2
32341,2
32342,2
32343,2
32344,2
32345,2
32346,2
32347,2
32348,2
32349,2
32350,2
32351,2
32352,2
32353,2
32354,2
32355,3
32356,2
32357,2
32358,2
32359,3
32360,0
32361,2
32362,2
32363,2
32364,2
32365,2
32366,2
32367,2
32368,2
32369,2
32370,2
32371,2
32372,2
32373,2
32374,2
32375,2
32376,2
32377,2
32378,2
32379,2
32380,2
32381,2
32382,2
32383,2
32384,2
32385,2
32386,2
32387,2
32388,2
32389,2
32390,2
32391,2
32392,2
32393,2
32394,2
32395,2
32396,2
32397,2
32398,2
32399,2
32400,2
32401,2
32402,2
32403,2
32404,2
32405,2
32406,2
32407,2
32408,2
32409,2
32410,2
32411,2
32412,2
32413,2
32414,2
32415,2
32416,2
32417,2
32418,2
32419,2
32420,2
32421,2
32422,2
32423,3
32424,3
32425,3
32426,3
32427,3
32428,3
32429,2
32430,2
32431,2
32432,3
32433,3
32434,1
32435,1
32436,1
32437,2
32438,3
32439,2
32440,2
32441,3
32442,2
32443,2
32444,3
32445,2
32446,2
32447,2
32448,2
32449,2
32450,2
32451,2
32452,2
32453,2
32454,2
32455,2
32456,2
32457,2
32458,2
32459,2
32460,2
32461,3
32462,2
32463,2
32464,2
32465,2
32466,2
32467,2
32468,2
32469,2
32470,2
32471,2
32472,2
32473,2
32474,2
32475,2
32476,2
32477,2
32478,2
32479,2
32480,2
32481,2
32482,2
32483,2
32484,3
32485,2
32486,2
32487,2
32488,2
32489,2
32490,2
32491,2
32492,2
32493,2
32494,2
32495,2
32496,2
32497,2
32498,2
32499,3
32500,2
32501,2
32502,2
32503,2
32504,2
32505,2
32506,2
32507,2
32508,3
32509,2
32510,2
32511,2
32512,2
32513,2
32514,2
32515,2
32516,2
32517,2
32518,2
32519,3
32520,2
32521,2
32522,2
32523,2
32524,2
32525,2
32526,2
32527,2
32528,2
32529,2
32530,3
32531,2
32532,2
32533,2
32534,2
32535,2
32536,2
32537,2
32538,2
32539,2
32540,2
32541,2
32542,2
32543,2
32544,2
32545,3
32546,3
32547,3
32548,3
32549,3
32550,2
32551,3
32552,3
32553,3
32554,3
32555,2
32556,3
32557,3
32558,2
32559,3
32560,1
32561,3
32562,3
32563,3
32564,3
32565,3
32566,3
32567,1
32568,1
32569,2
32570,3
32571,1
32572,1
32573,1
32574,3
32575,3
32576,3
32577,1
32578,1
32579,3
32580,3
32581,3
32582,2
32583,2
32584,3
32585,0
32586,1
32587,3
32588,3
32589,3
32590,3
32591,3
32592,3
32593,3
32594,3
32595,1
32596,0
32597,1
32598,1
32599,1
32600,1
32601,1
32602,1
32603,3
32604,3
32605,1
32606,3
32607,3
32608,3
32609,3
32610,3
32611,3
32612,3
32613,0
32614,3
32615,3
32616,2
32617,2
32618,3
32619,1
32620,3
32621,2
32622,3
32623,3
32624,3
32625,3
32626,1
32627,0
32628,0
32629,0
32630,0
32631,0
32632,0
32633,3
32634,0
32635,0
32636,0
32637,0
32638,0
32639,0
32640,3
32641,3
32642,3
32643,3
32644,3
32645,3
32646,3
32647,3
32648,3
32649,2
32650,2
32651,3
32652,2
32653,3
32654,2
32655,0
32656,2
32657,3
32658,3
32659,2
32660,3
32661,3
32662,3
32663,3
32664,3
32665,3
32666,3
32667,3
32668,3
32669,3
32670,3
32671,3
32672,3
32673,3
32674,3
32675,2
32676,3
32677,3
32678,3
32679,3
32680,3
32681,2
32682,3
32683,3
32684,3
32685,3
32686,3
32687,3
32688,3
32689,3
32690,3
32691,3
32692,3
32693,3
32694,3
32695,3
32696,3
32697,3
32698,2
32699,3
32700,3
32701,3
32702,3
32703,3
32704,3
32705,3
32706,3
32707,3
32708,3
32709,3
32710,3
32711,3
32712,3
32713,1
32714,3
32715,3
32716,3
32717,3
32718,3
32719,3
32720,3
32721,3
32722,3
32723,3
32724,3
32725,3
32726,0
32727,3
32728,3
32729,3
32730,2
32731,2
32732,3
32733,3
32734,0
32735,0
32736,3
32737,0
32738,2
32739,2
32740,2
32741,0
32742,2
32743,3
32744,2
32745,3
32746,0
32747,3
32748,3
32749,3
32750,3
32751,3
32752,3
32753,3
32754,3
32755,3
32756,3
32757,0
32758,0
32759,0
32760,0
32761,2
32762,0
32763,0
32764,0
32765,0
32766,0
32767,0
32768,0
32769,0
32770,0
32771,0
32772,0
32773,0
32774,0
32775,2
32776,0
32777,1
32778,0
32779,3
32780,3
32781,3
32782,3
32783,3
32784,3
32785,2
32786,3
32787,3
32788,2
32789,3
32790,3
32791,3
32792,2
32793,3
32794,3
32795,3
32796,3
32797,3
32798,2
32799,3
32800,0
32801,3
32802,3
32803,3
32804,3
32805,3
32806,3
32807,3
32808,3
32809,3
32810,3
32811,3
32812,3
32813,3
32814,3
32815,3
32816,2
32817,3
32818,0
32819,3
32820,3
32821,3
32822,3
32823,3
32824,3
32825,3
32826,3
32827,3
32828,3
32829,3
32830,3
32831,1
32832,3
32833,3
32834,3
32835,3
32836,3
32837,0
32838,3
32839,3
32840,3
32841,3
32842,3
32843,3
32844,3
32845,3
32846,3
32847,3
32848,3
32849,3
32850,2
32851,0
32852,0
32853,3
32854,0
32855,0
32856,0
32857,0
32858,3
32859,3
32860,3
32861,3
32862,3
32863,3
32864,3
32865,3
32866,3
32867,3
32868,3
32869,3
32870,3
32871,3
32872,3
32873,3
32874,3
32875,0
32876,3
32877,2
32878,3
32879,3
32880,0
32881,0
32882,0
32883,0
32884,3
32885,3
32886,3
32887,3
32888,3
32889,3
32890,2
32891,3
32892,1
32893,3
32894,3
32895,3
32896,3
32897,3
32898,3
32899,2
32900,3
32901,3
32902,3
32903,3
32904,0
32905,0
32906,3
32907,3
32908,3
32909,3
32910,3
32911,1
32912,3
32913,3
32914,3
32915,3
32916,3
32917,3
32918,3
32919,3
32920,3
32921,3
32922,3
32923,3
32924,3
32925,3
32926,3
32927,3
32928,3
32929,3
32930,3
32931,3
32932,3
32933,3
32934,3
32935,0
32936,0
32937,0
32938,0
32939,0
32940,3
32941,3
32942,3
32943,3
32944,3
32945,3
32946,3
32947,3
32948,0
32949,1
32950,0
32951,1
32952,1
32953,3
32954,3
32955,3
32956,0
32957,0
32958,0
32959,0
32960,0
32961,0
32962,0
32963,0
32964,2
32965,0
32966,3
32967,0
32968,0
32969,0
32970,0
32971,3
32972,3
32973,3
32974,3
32975,0
32976,3
32977,3
32978,3
32979,3
32980,0
32981,0
32982,0
32983,0
32984,3
32985,0
32986,3
32987,3
32988,3
32989,3
32990,3
32991,3
32992,3
32993,3
32994,3
32995,3
32996,2
32997,2
32998,2
32999,2
33000,2
33001,3
33002,2
33003,2
33004,0
33005,2
33006,2
33007,0
33008,0
33009,0
33010,0
33011,3
33012,3
33013,3
33014,0
33015,0
33016,3
33017,3
33018,2
33019,0
33020,0
33021,3
33022,3
33023,1
33024,1
33025,1
33026,3
33027,3
33028,3
33029,3
33030,3
33031,3
33032,3
33033,3
33034,3
33035,0
33036,0
33037,0
33038,0
33039,0
33040,0
33041,0
33042,0
33043,0
33044,0
33045,0
33046,0
33047,0
33048,0
33049,0
33050,0
33051,0
33052,0
33053,0
33054,0
33055,0
33056,0
33057,0
33058,0
33059,0
33060,0
33061,0
33062,3
33063,3
33064,3
33065,3
33066,1
33067,3
33068,0
33069,1
33070,3
33071,3
33072,3
33073,3
33074,3
33075,3
33076,3
33077,2
33078,3
33079,2
33080,1
33081,1
33082,1
33083,3
33084,0
33085,1
33086,1
33087,0
33088,1
33089,0
33090,3
33091,0
33092,0
33093,0
33094,0
33095,0
33096,0
33097,0
33098,0
33099,0
33100,3
33101,0
33102,0
33103,0
33104,0
33105,3
33106,0
33107,3
33108,1
33109,0
33110,0
33111,0
33112,3
33113,3
33114,0
33115,3
33116,3
33117,3
33118,2
33119,1
33120,3
33121,1
33122,0
33123,0
33124,2
33125,3
33126,0
33127,2
33128,2
33129,2
33130,2
33131,3
33132,2
33133,1
33134,2
33135,0
33136,3
33137,3
33138,2
33139,3
33140,3
33141,0
33142,3
33143,1
33144,1
33145,1
33146,3
33147,2
33148,2
33149,2
33150,3
33151,1
33152,1
33153,1
33154,3
33155,1
33156,3
33157,3
33158,3
33159,3
33160,3
33161,2
33162,3
33163,3
33164,0
33165,2
33166,0
33167,2
33168,2
33169,2
33170,2
33171,2
33172,2
33173,2
33174,2
33175,2
33176,2
33177,2
33178,2
33179,0
33180,2
33181,2
33182,2
33183,2
33184,2
33185,2
33186,2
33187,2
33188,2
33189,2
33190,2
33191,2
33192,2
33193,2
33194,2
33195,2
33196,2
33197,2
33198,0
33199,2
33200,2
33201,2
33202,2
33203,2
33204,2
33205,2
33206,2
33207,2
33208,2
33209,2
33210,2
33211,2
33212,3
33213,2
33214,0
33215,0
33216,0
33217,3
33218,3
33219,0
33220,0
33221,3
33222,0
33223,0
33224,2
33225,0
33226,1
33227,3
33228,1
33229,2
33230,2
33231,2
33232,2
33233,2
33234,2
33235,2
33236,2
33237,2
33238,2
33239,2
33240,2
33241,1
33242,0
33243,0
33244,0
33245,0
33246,2
33247,2
33248,0
33249,3
33250,2
33251,2
33252,2
33253,2
33254,2
33255,2
33256,2
33257,2
33258,2
33259,2
33260,2
33261,2
33262,3
33263,0
33264,2
33265,2
33266,3
33267,3
33268,3
33269,3
33270,0
33271,3
33272,2
33273,2
33274,3
33275,2
33276,2
33277,3
33278,3
33279,3
33280,1
33281,3
33282,3
33283,3
33284,3
33285,3
33286,2
33287,3
33288,2
33289,2
33290,2
33291,2
33292,2
33293,2
33294,0
33295,2
33296,2
33297,2
33298,3
33299,1
33300,2
33301,0
33302,2
33303,2
33304,2
33305,1
33306,3
33307,2
33308,2
33309,3
33310,2
33311,2
33312,2
33313,0
33314,2
33315,2
33316,2
33317,2
33318,2
33319,2
33320,3
33321,2
33322,2
33323,2
33324,2
33325,2
33326,2
33327,3
33328,3
33329,1
33330,2
33331,2
33332,2
33333,2
33334,2
33335,2
33336,2
33337,2
33338,2
33339,2
33340,2
33341,2
33342,2
33343,2
33344,2
33345,2
33346,2
33347,2
33348,2
33349,2
33350,2
33351,2
33352,2
33353,0
33354,2
33355,2
33356,2
33357,2
33358,2
33359,2
33360,2
33361,2
33362,2
33363,2
33364,2
33365,2
33366,2
33367,2
33368,2
33369,3
33370,2
33371,2
33372,2
33373,2
33374,1
33375,0
33376,0
33377,0
33378,2
33379,2
33380,2
33381,2
33382,2
33383,2
33384,3
33385,2
33386,2
33387,2
33388,2
33389,2
33390,2
33391,2
33392,3
33393,2
33394,2
33395,2
33396,3
33397,3
33398,3
33399,2
33400,2
33401,2
33402,2
33403,2
33404,2
33405,2
33406,2
33407,2
33408,2
33409,2
33410,2
33411,3
33412,2
33413,2
33414,2
33415,2
33416,3
33417,3
33418,2
33419,0
33420,2
33421,2
33422,2
33423,2
33424,2
33425,2
33426,2
33427,2
33428,2
33429,2
33430,2
33431,2
33432,2
33433,2
33434,2
33435,2
33436,2
33437,2
33438,2
33439,2
33440,2
33441,2
33442,2
33443,2
33444,1
33445,1
33446,2
33447,2
33448,2
33449,2
33450,2
33451,2
33452,0
33453,2
33454,2
33455,2
33456,2
33457,2
33458,2
33459,2
33460,2
33461,2
33462,2
33463,3
33464,2
33465,2
33466,2
33467,2
33468,2
33469,2
33470,2
33471,2
33472,2
33473,3
33474,2
33475,2
33476,2
33477,2
33478,2
33479,2
33480,2
33481,2
33482,2
33483,2
33484,2
33485,2
33486,2
33487,2
33488,2
33489,2
33490,2
33491,2
33492,2
33493,2
33494,2
33495,2
33496,2
33497,2
33498,2
33499,2
33500,2
33501,1
33502,2
33503,2
33504,1
33505,2
33506,3
33507,2
33508,2
33509,3
33510,1
33511,2
33512,2
33513,2
33514,2
33515,2
33516,3
33517,2
33518,3
33519,2
33520,2
33521,1
33522,2
33523,3
33524,3
33525,3
33526,2
33527,2
33528,1
33529,3
33530,3
33531,3
33532,3
33533,1
33534,3
33535,3
33536,3
33537,3
33538,1
33539,3
33540,2
33541,0
33542,3
33543,3
33544,3
33545,0
33546,1
33547,3
33548,3
33549,2
33550,3
33551,1
33552,3
33553,3
33554,3
33555,3
33556,3
33557,3
33558,3
33559,3
33560,3
33561,2
33562,3
33563,2
33564,3
33565,2
33566,3
33567,3
33568,3
33569,1
33570,3
33571,2
33572,2
33573,2
33574,2
33575,2
33576,2
33577,2
33578,2
33579,2
33580,2
33581,2
33582,2
33583,3
33584,2
33585,3
33586,1
33587,2
33588,1
33589,1
33590,2
33591,3
33592,1
33593,2
33594,1
33595,0
33596,1
33597,3
33598,2
33599,2
33600,3
33601,3
33602,1
33603,1
33604,2
33605,3
33606,2
33607,3
33608,2
33609,2
33610,2
33611,2
33612,2
33613,2
33614,2
33615,3
33616,2
33617,2
33618,2
33619,1
33620,2
33621,2
33622,2
33623,2
33624,2
33625,2
33626,2
33627,2
33628,2
33629,2
33630,2
33631,2
33632,2
33633,2
33634,2
33635,2
33636,2
33637,2
33638,2
33639,2
33640,2
33641,2
33642,2
33643,2
33644,2
33645,2
33646,2
33647,2
33648,2
33649,2
33650,2
33651,2
33652,2
33653,2
33654,2
33655,2
33656,2
33657,3
33658,2
33659,2
33660,2
33661,2
33662,2
33663,2
33664,2
33665,3
33666,2
33667,2
33668,2
33669,2
33670,2
33671,3
33672,3
33673,2
33674,2
33675,2
33676,2
33677,2
33678,2
33679,2
33680,2
33681,2
33682,2
33683,2
33684,2
33685,2
33686,2
33687,2
33688,2
33689,2
33690,2
33691,2
33692,2
33693,2
33694,2
33695,2
33696,2
33697,2
33698,2
33699,2
33700,2
33701,2
33702,2
33703,2
33704,2
33705,2
33706,2
33707,2
33708,3
33709,1
33710,2
33711,2
33712,2
33713,2
33714,2
33715,2
33716,2
33717,2
33718,2
33719,2
33720,2
33721,2
33722,1
33723,2
33724,3
33725,3
33726,3
33727,1
33728,2
33729,2
33730,3
33731,2
33732,2
33733,3
33734,2
33735,2
33736,2
33737,2
33738,2
33739,2
33740,3
33741,2
33742,3
33743,1
33744,1
33745,2
33746,3
33747,2
33748,2
33749,2
33750,2
33751,2
33752,2
33753,2
33754,2
33755,1
33756,3
33757,3
33758,2
33759,2
33760,2
33761,2
33762,2
33763,2
33764,3
33765,2
33766,2
33767,2
33768,2
33769,3
33770,2
33771,2
33772,2
33773,1
33774,2
33775,3
33776,2
33777,2
33778,2
33779,3
33780,3
33781,3
33782,0
33783,3
33784,2
33785,2
33786,2
33787,2
33788,2
33789,3
33790,3
33791,3
33792,2
33793,3
33794,3
33795,3
33796,3
33797,2
33798,3
33799,3
33800,3
33801,3
33802,3
33803,3
33804,3
33805,3
33806,3
33807,3
33808,3
33809,2
33810,2
33811,2
33812,2
33813,2
33814,2
33815,3
33816,3
33817,3
33818,3
33819,3
33820,3
33821,3
33822,3
33823,3
33824,3
33825,3
33826,3
33827,3
33828,3
33829,3
33830,3
33831,2
33832,2
33833,2
33834,3
33835,3
33836,3
33837,2
33838,3
33839,2
33840,3
33841,3
33842,3
33843,2
33844,3
33845,3
33846,2
33847,2
33848,2
33849,3
33850,3
33851,3
33852,2
33853,2
33854,2
33855,2
33856,2
33857,3
33858,3
33859,3
33860,3
33861,2
33862,2
33863,2
33864,3
33865,3
33866,3
33867,3
33868,2
33869,3
33870,3
33871,2
33872,2
33873,3
33874,2
33875,3
33876,2
33877,2
33878,2
33879,2
33880,3
33881,2
33882,2
33883,2
33884,2
33885,2
33886,3
33887,2
33888,2
33889,2
33890,3
33891,2
33892,2
33893,2
33894,2
33895,2
33896,3
33897,2
33898,2
33899,3
33900,2
33901,2
33902,2
33903,2
33904,2
33905,2
33906,2
33907,2
33908,3
33909,3
33910,3
33911,3
33912,3
33913,2
33914,2
33915,2
33916,3
33917,2
33918,2
33919,2
33920,2
33921,2
33922,2
33923,3
33924,2
33925,2
33926,2
33927,2
33928,2
33929,2
33930,2
33931,2
33932,2
33933,3
33934,3
33935,2
33936,3
33937,3
33938,2
33939,3
33940,2
33941,3
33942,3
33943,2
33944,2
33945,2
33946,2
33947,2
33948,3
33949,2
33950,3
33951,2
33952,2
33953,2
33954,2
33955,2
33956,2
33957,3
33958,3
33959,2
33960,2
33961,2
33962,2
33963,3
33964,3
33965,2
33966,2
33967,2
33968,2
33969,2
33970,3
33971,3
33972,2
33973,2
33974,2
33975,3
33976,2
33977,2
33978,2
33979,2
33980,2
33981,2
33982,2
33983,2
33984,3
33985,2
33986,3
33987,3
33988,2
33989,2
33990,3
33991,2
33992,2
33993,2
33994,2
33995,2
33996,2
33997,2
33998,2
33999,2
34000,2
34001,2
34002,2
34003,2
34004,2
34005,2
34006,2
34007,2
34008,2
34009,2
34010,2
34011,2
34012,3
34013,3
34014,2
34015,2
34016,2
34017,2
34018,2
34019,2
34020,2
34021,2
34022,2
34023,3
34024,3
34025,2
34026,2
34027,2
34028,2
34029,2
34030,2
34031,2
34032,2
34033,2
34034,0
34035,2
34036,2
34037,2
34038,0
34039,2
34040,2
34041,2
34042,2
34043,2
34044,2
34045,2
34046,2
34047,2
34048,2
34049,2
34050,2
34051,2
34052,2
34053,2
34054,2
34055,3
34056,2
34057,2
34058,2
34059,2
34060,2
34061,2
34062,3
34063,3
34064,2
34065,2
34066,2
34067,2
34068,2
34069,2
34070,2
34071,2
34072,2
34073,2
34074,2
34075,2
34076,2
34077,2
34078,2
34079,2
34080,2
34081,2
34082,2
34083,2
34084,2
34085,2
34086,2
34087,2
34088,3
34089,2
34090,2
34091,3
34092,2
34093,2
34094,2
34095,3
34096,2
34097,2
34098,2
34099,2
34100,2
34101,2
34102,2
34103,2
34104,2
34105,2
34106,2
34107,2
34108,2
34109,2
34110,2
34111,2
34112,2
34113,2
34114,2
34115,2
34116,3
34117,3
34118,2
34119,2
34120,2
34121,2
34122,2
34123,2
34124,2
34125,2
34126,2
34127,2
34128,2
34129,2
34130,2
34131,3
34132,2
34133,2
34134,2
34135,3
34136,2
34137,2
34138,2
34139,2
34140,2
34141,2
34142,3
34143,2
34144,2
34145,2
34146,2
34147,2
34148,2
34149,2
34150,2
34151,1
34152,2
34153,2
34154,2
34155,2
34156,3
34157,3
34158,2
34159,2
34160,2
34161,2
34162,2
34163,3
34164,2
34165,2
34166,2
34167,2
34168,2
34169,2
34170,3
34171,3
34172,2
34173,2
34174,1
34175,2
34176,2
34177,2
34178,2
34179,1
34180,2
34181,2
34182,3
34183,1
34184,2
34185,1
34186,3
34187,3
34188,3
34189,3
34190,3
34191,3
34192,3
34193,3
34194,3
34195,2
34196,2
34197,2
34198,3
34199,3
34200,2
34201,1
34202,3
34203,1
34204,1
34205,1
34206,3
34207,3
34208,1
34209,3
34210,1
34211,3
34212,3
34213,3
34214,3
34215,3
34216,3
34217,1
34218,2
34219,2
34220,2
34221,3
34222,3
34223,3
34224,2
34225,1
34226,3
34227,3
34228,3
34229,2
34230,1
34231,1
34232,1
34233,2
34234,3
34235,3
34236,3
34237,2
34238,3
34239,2
34240,2
34241,1
34242,3
34243,3
34244,3
34245,3
34246,2
34247,3
34248,2
34249,3
34250,3
34251,2
34252,2
34253,2
34254,3
34255,2
34256,2
34257,2
34258,2
34259,2
34260,2
34261,2
34262,2
34263,2
34264,3
34265,2
34266,2
34267,2
34268,3
34269,2
34270,2
34271,3
34272,2
34273,1
34274,1
34275,2
34276,2
34277,2
34278,1
34279,2
34280,2
34281,2
34282,2
34283,2
34284,3
34285,2
34286,2
34287,2
34288,2
34289,2
34290,2
34291,2
34292,2
34293,2
34294,2
34295,2
34296,2
34297,2
34298,2
34299,2
34300,2
34301,1
34302,2
34303,2
34304,2
34305,2
34306,3
34307,3
34308,3
34309,3
34310,1
34311,1
34312,3
34313,3
34314,3
34315,3
34316,3
34317,3
34318,3
34319,3
34320,2
34321,3
34322,3
34323,2
34324,2
34325,2
34326,3
34327,2
34328,3
34329,3
34330,2
34331,3
34332,3
34333,3
34334,3
34335,2
34336,3
34337,2
34338,3
34339,2
34340,3
34341,2
34342,3
34343,2
34344,3
34345,3
34346,2
34347,3
34348,2
34349,2
34350,2
34351,2
34352,2
34353,2
34354,3
34355,3
34356,2
34357,2
34358,2
34359,2
34360,1
34361,2
34362,2
34363,2
34364,1
34365,2
34366,2
34367,2
34368,2
34369,2
34370,1
34371,2
34372,2
34373,2
34374,2
34375,2
34376,3
34377,2
34378,3
34379,2
34380,3
34381,3
34382,3
34383,2
34384,2
34385,3
34386,2
34387,3
34388,3
34389,3
34390,3
34391,2
34392,3
34393,3
34394,2
34395,2
34396,2
34397,2
34398,2
34399,3
34400,2
34401,3
34402,2
34403,2
34404,2
34405,2
34406,2
34407,2
34408,3
34409,3
34410,2
34411,2
34412,2
34413,2
34414,2
34415,3
34416,3
34417,1
34418,1
34419,0
34420,3
34421,1
34422,1
34423,1
34424,3
34425,3
34426,2
34427,3
34428,2
34429,3
34430,3
34431,3
34432,3
34433,3
34434,3
34435,1
34436,1
34437,2
34438,2
34439,2
34440,2
34441,2
34442,2
34443,2
34444,2
34445,2
34446,2
34447,2
34448,2
34449,3
34450,3
34451,2
34452,2
34453,3
34454,2
34455,3
34456,2
34457,2
34458,3
34459,2
34460,2
34461,2
34462,2
34463,2
34464,2
34465,2
34466,2
34467,2
34468,2
34469,3
34470,2
34471,2
34472,2
34473,3
34474,2
34475,2
34476,2
34477,3
34478,3
34479,2
34480,2
34481,2
34482,2
34483,2
34484,2
34485,3
34486,2
34487,3
34488,2
34489,3
34490,3
34491,3
34492,2
34493,2
34494,2
34495,2
34496,2
34497,2
34498,2
34499,3
34500,2
34501,2
34502,2
34503,3
34504,2
34505,3
34506,2
34507,2
34508,3
34509,3
34510,3
34511,3
34512,1
34513,2
34514,3
34515,1
34516,3
34517,3
34518,1
34519,3
34520,3
34521,3
34522,3
34523,3
34524,0
34525,1
34526,3
34527,3
34528,1
34529,1
34530,3
34531,2
34532,1
34533,3
34534,3
34535,1
34536,3
34537,3
34538,3
34539,2
34540,3
34541,3
34542,3
34543,3
34544,3
34545,3
34546,2
34547,1
34548,3
34549,3
34550,3
34551,1
34552,3
34553,3
34554,3
34555,3
34556,3
34557,3
34558,3
34559,3
34560,3
34561,1
34562,2
34563,2
34564,2
34565,2
34566,2
34567,3
34568,2
34569,2
34570,2
34571,2
34572,2
34573,2
34574,2
34575,2
34576,2
34577,2
34578,2
34579,3
34580,3
34581,3
34582,3
34583,3
34584,3
34585,3
34586,3
34587,3
34588,3
34589,2
34590,3
34591,3
34592,3
34593,3
34594,3
34595,2
34596,3
34597,3
34598,2
34599,3
34600,3
34601,3
34602,2
34603,2
34604,3
34605,2
34606,2
34607,2
34608,2
34609,2
34610,2
34611,2
34612,2
34613,2
34614,2
34615,2
34616,2
34617,2
34618,2
34619,3
34620,3
34621,2
34622,2
34623,2
34624,2
34625,3
34626,2
34627,2
34628,2
34629,2
34630,3
34631,2
34632,3
34633,2
34634,3
34635,3
34636,2
34637,2
34638,3
34639,2
34640,3
34641,1
34642,3
34643,3
34644,1
34645,3
34646,3
34647,1
34648,3
34649,2
34650,3
34651,3
34652,2
34653,3
34654,2
34655,2
34656,2
34657,1
34658,3
34659,2
34660,2
34661,2
34662,2
34663,2
34664,3
34665,3
34666,3
34667,3
34668,2
34669,3
34670,2
34671,3
34672,2
34673,3
34674,2
34675,3
34676,2
34677,3
34678,3
34679,3
34680,3
34681,3
34682,3
34683,3
34684,3
34685,2
34686,3
34687,2
34688,2
34689,2
34690,3
34691,3
34692,2
34693,3
34694,2
34695,2
34696,2
34697,3
34698,2
34699,2
34700,2
34701,2
34702,2
34703,2
34704,2
34705,2
34706,2
34707,2
34708,2
34709,2
34710,2
34711,3
34712,3
34713,3
34714,3
34715,3
34716,3
34717,3
34718,2
34719,2
34720,2
34721,2
34722,2
34723,3
34724,2
34725,3
34726,3
34727,2
34728,2
34729,2
34730,2
34731,2
34732,3
34733,2
34734,2
34735,2
34736,3
34737,3
34738,3
34739,3
34740,2
34741,2
34742,2
34743,2
34744,2
34745,2
34746,2
34747,2
34748,3
34749,3
34750,2
34751,3
34752,2
34753,3
34754,3
34755,3
34756,3
34757,3
34758,2
34759,2
34760,3
34761,3
34762,3
34763,2
34764,3
34765,3
34766,3
34767,3
34768,3
34769,2
34770,2
34771,3
34772,3
34773,3
34774,3
34775,3
34776,2
34777,2
34778,1
34779,2
34780,3
34781,2
34782,3
34783,3
34784,3
34785,3
34786,1
34787,3
34788,3
34789,3
34790,3
34791,3
34792,3
34793,3
34794,3
34795,3
34796,1
34797,3
34798,3
34799,3
34800,3
34801,3
34802,1
34803,3
34804,1
34805,3
34806,3
34807,3
34808,3
34809,3
34810,1
34811,1
34812,3
34813,3
34814,3
34815,1
34816,1
34817,3
34818,3
34819,3
34820,3
34821,3
34822,3
34823,3
34824,3
34825,1
34826,3
34827,3
34828,2
34829,3
34830,3
34831,2
34832,2
34833,2
34834,3
34835,3
34836,3
34837,2
34838,2
34839,2
34840,2
34841,3
34842,2
34843,2
34844,2
34845,2
34846,1
34847,3
34848,3
34849,3
34850,0
34851,3
34852,3
34853,3
34854,1
34855,3
34856,3
34857,3
34858,3
34859,3
34860,3
34861,3
34862,1
34863,3
34864,3
34865,3
34866,2
34867,2
34868,2
34869,2
34870,2
34871,2
34872,2
34873,2
34874,2
34875,3
34876,2
34877,3
34878,2
34879,3
34880,1
34881,2
34882,2
34883,2
34884,2
34885,2
34886,2
34887,2
34888,2
34889,2
34890,2
34891,2
34892,2
34893,2
34894,2
34895,3
34896,2
34897,3
34898,1
34899,3
34900,3
34901,3
34902,3
34903,3
34904,3
34905,3
34906,2
34907,2
34908,2
34909,3
34910,3
34911,2
34912,3
34913,3
34914,3
34915,3
34916,3
34917,3
34918,3
34919,3
34920,3
34921,2
34922,2
34923,2
34924,3
34925,3
34926,3
34927,3
34928,3
34929,2
34930,2
34931,2
34932,2
34933,2
34934,3
34935,2
34936,2
34937,2
34938,2
34939,2
34940,2
34941,2
34942,2
34943,2
34944,2
34945,2
34946,2
34947,2
34948,2
34949,2
34950,2
34951,2
34952,3
34953,3
34954,2
34955,2
34956,2
34957,3
34958,3
34959,3
34960,2
34961,2
34962,2
34963,2
34964,2
34965,2
34966,3
34967,3
34968,3
34969,1
34970,2
34971,3
34972,2
34973,3
34974,2
34975,2
34976,2
34977,2
34978,2
34979,2
34980,2
34981,3
34982,2
34983,2
34984,2
34985,2
34986,2
34987,2
34988,2
34989,2
34990,2
34991,2
34992,3
34993,2
34994,2
34995,3
34996,2
34997,2
34998,3
34999,3
35000,2
35001,3
35002,2
35003,2
35004,2
35005,2
35006,2
35007,2
35008,2
35009,2
35010,2
35011,2
35012,2
35013,2
35014,2
35015,2
35016,2
35017,2
35018,2
35019,2
35020,2
35021,2
35022,2
35023,2
35024,2
35025,2
35026,2
35027,2
35028,2
35029,2
35030,2
35031,2
35032,2
35033,2
35034,2
35035,2
35036,2
35037,2
35038,3
35039,3
35040,2
35041,2
35042,2
35043,2
35044,2
35045,2
35046,2
35047,2
35048,2
35049,2
35050,3
35051,2
35052,2
35053,1
35054,3
35055,1
35056,3
35057,2
35058,1
35059,3
35060,3
35061,3
35062,3
35063,2
35064,2
35065,2
35066,2
35067,2
35068,2
35069,2
35070,2
35071,2
35072,2
35073,2
35074,2
35075,2
35076,2
35077,2
35078,2
35079,2
35080,2
35081,2
35082,2
35083,2
35084,2
35085,2
35086,2
35087,2
35088,2
35089,2
35090,2
35091,2
35092,2
35093,2
35094,2
35095,2
35096,2
35097,2
35098,2
35099,2
35100,2
35101,2
35102,2
35103,2
35104,2
35105,2
35106,2
35107,2
35108,2
35109,2
35110,2
35111,2
35112,2
35113,2
35114,2
35115,2
35116,2
35117,2
35118,2
35119,2
35120,2
35121,2
35122,2
35123,2
35124,2
35125,2
35126,2
35127,2
35128,2
35129,2
35130,2
35131,2
35132,2
35133,2
35134,2
35135,2
35136,2
35137,2
35138,2
35139,2
35140,2
35141,2
35142,2
35143,2
35144,2
35145,2
35146,2
35147,2
35148,2
35149,2
35150,2
35151,2
35152,2
35153,2
35154,2
35155,2
35156,2
35157,2
35158,2
35159,2
35160,2
35161,2
35162,2
35163,2
35164,2
35165,2
35166,2
35167,2
35168,2
35169,2
35170,2
35171,2
35172,2
35173,2
35174,2
35175,2
35176,2
35177,2
35178,2
35179,2
35180,2
35181,2
35182,2
35183,2
35184,2
35185,2
35186,2
35187,2
35188,2
35189,2
35190,2
35191,2
35192,2
35193,2
35194,2
35195,2
35196,2
35197,2
35198,2
35199,2
35200,2
35201,2
35202,2
35203,2
35204,2
35205,2
35206,2
35207,2
35208,2
35209,2
35210,2
35211,2
35212,2
35213,2
35214,2
35215,2
35216,2
35217,2
35218,2
35219,2
35220,2
35221,2
35222,2
35223,2
35224,2
35225,2
35226,2
35227,2
35228,2
35229,2
35230,2
35231,2
35232,2
35233,2
35234,2
35235,2
35236,2
35237,2
35238,2
35239,2
35240,2
35241,2
35242,2
35243,2
35244,2
35245,2
35246,2
35247,2
35248,2
35249,2
35250,2
35251,3
35252,2
35253,2
35254,2
35255,2
35256,2
35257,2
35258,2
35259,2
35260,2
35261,2
35262,2
35263,2
35264,2
35265,2
35266,2
35267,2
35268,2
35269,2
35270,2
35271,2
35272,2
35273,2
35274,2
35275,3
35276,2
35277,2
35278,2
35279,2
35280,2
35281,2
35282,2
35283,2
35284,2
35285,2
35286,2
35287,2
35288,2
35289,2
35290,2
35291,2
35292,2
35293,2
35294,2
35295,2
35296,2
35297,2
35298,2
35299,2
35300,2
35301,2
35302,2
35303,2
35304,2
35305,2
35306,2
35307,2
35308,2
35309,2
35310,2
35311,2
35312,2
35313,2
35314,2
35315,2
35316,2
35317,2
35318,2
35319,2
35320,2
35321,2
35322,2
35323,2
35324,2
35325,2
35326,2
35327,2
35328,2
35329,2
35330,2
35331,2
35332,2
35333,2
35334,2
35335,2
35336,2
35337,2
35338,2
35339,2
35340,2
35341,2
35342,2
35343,2
35344,2
35345,2
35346,2
35347,2
35348,2
35349,2
35350,2
35351,3
35352,3
35353,2
35354,2
35355,2
35356,2
35357,2
35358,2
35359,2
35360,2
35361,2
35362,2
35363,2
35364,2
35365,2
35366,2
35367,2
35368,2
35369,2
35370,2
35371,2
35372,2
35373,2
35374,2
35375,2
35376,2
35377,2
35378,2
35379,2
35380,2
35381,2
35382,2
35383,2
35384,2
35385,2
35386,2
35387,2
35388,2
35389,2
35390,2
35391,2
35392,2
35393,2
35394,2
35395,2
35396,2
35397,2
35398,2
35399,2
35400,2
35401,2
35402,2
35403,2
35404,2
35405,2
35406,2
35407,2
35408,2
35409,2
35410,2
35411,2
35412,2
35413,2
35414,2
35415,2
35416,2
35417,2
35418,2
35419,2
35420,2
35421,2
35422,2
35423,2
35424,2
35425,2
35426,2
35427,2
35428,2
35429,2
35430,2
35431,2
35432,2
35433,2
35434,2
35435,2
35436,2
35437,2
35438,2
35439,2
35440,2
35441,2
35442,2
35443,2
35444,2
35445,2
35446,2
35447,2
35448,2
35449,2
35450,2
35451,2
35452,2
35453,2
35454,2
35455,2
35456,2
35457,2
35458,2
35459,2
35460,2
35461,2
35462,2
35463,2
35464,2
35465,2
35466,2
35467,2
35468,2
35469,2
35470,2
35471,2
35472,2
35473,2
35474,2
35475,2
35476,2
35477,2
35478,2
35479,2
35480,2
35481,2
35482,2
35483,2
35484,2
35485,2
35486,2
35487,2
35488,2
35489,2
35490,2
35491,2
35492,2
35493,2
35494,2
35495,2
35496,2
35497,2
35498,2
35499,2
35500,2
35501,2
35502,2
35503,2
35504,2
35505,2
35506,2
35507,2
35508,2
35509,2
35510,2
35511,2
35512,2
35513,2
35514,2
35515,2
35516,2
35517,2
35518,2
35519,2
35520,2
35521,2
35522,2
35523,2
35524,2
35525,3
35526,3
35527,3
35528,2
35529,2
35530,2
35531,2
35532,2
35533,2
35534,2
35535,2
35536,2
35537,2
35538,2
35539,2
35540,2
35541,2
35542,2
35543,2
35544,2
35545,2
35546,2
35547,2
35548,2
35549,2
35550,2
35551,2
35552,2
35553,2
35554,2
35555,2
35556,2
35557,2
35558,2
35559,2
35560,2
35561,2
35562,2
35563,2
35564,2
35565,2
35566,2
35567,2
35568,2
35569,2
35570,2
35571,2
35572,2
35573,2
35574,2
35575,2
35576,2
35577,2
35578,2
35579,2
35580,2
35581,2
35582,2
35583,2
35584,2
35585,2
35586,2
35587,2
35588,2
35589,2
35590,2
35591,2
35592,2
35593,2
35594,2
35595,2
35596,2
35597,2
35598,2
35599,2
35600,2
35601,2
35602,2
35603,2
35604,2
35605,2
35606,2
35607,2
35608,2
35609,2
35610,2
35611,2
35612,2
35613,2
35614,2
35615,2
35616,2
35617,2
35618,2
35619,2
35620,2
35621,2
35622,2
35623,2
35624,2
35625,2
35626,2
35627,2
35628,2
35629,2
35630,2
35631,2
35632,2
35633,2
35634,2
35635,2
35636,2
35637,2
35638,2
35639,2
35640,2
35641,2
35642,2
35643,2
35644,2
35645,2
35646,2
35647,2
35648,2
35649,2
35650,2
35651,2
35652,2
35653,2
35654,2
35655,2
35656,2
35657,2
35658,2
35659,2
35660,2
35661,2
35662,2
35663,2
35664,2
35665,2
35666,2
35667,2
35668,2
35669,2
35670,2
35671,2
35672,2
35673,2
35674,2
35675,2
35676,2
35677,3
35678,2
35679,2
35680,2
35681,2
35682,2
35683,2
35684,2
35685,2
35686,2
35687,2
35688,2
35689,2
35690,2
35691,2
35692,2
35693,2
35694,2
35695,2
35696,2
35697,2
35698,2
35699,2
35700,2
35701,2
35702,2
35703,2
35704,2
35705,2
35706,2
35707,2
35708,2
35709,2
35710,2
35711,2
35712,2
35713,2
35714,2
35715,2
35716,2
35717,2
35718,2
35719,2
35720,2
35721,2
35722,2
35723,2
35724,2
35725,2
35726,2
35727,2
35728,2
35729,2
35730,2
35731,2
35732,2
35733,2
35734,2
35735,2
35736,2
35737,2
35738,2
35739,2
35740,2
35741,3
35742,2
35743,2
35744,2
35745,2
35746,2
35747,2
35748,2
35749,2
35750,2
35751,2
35752,2
35753,2
35754,2
35755,2
35756,2
35757,2
35758,2
35759,2
35760,2
35761,2
35762,2
35763,2
35764,2
35765,2
35766,2
35767,2
35768,2
35769,2
35770,2
35771,2
35772,2
35773,2
35774,2
35775,2
35776,2
35777,2
35778,2
35779,2
35780,2
35781,2
35782,2
35783,2
35784,2
35785,2
35786,3
35787,3
35788,3
35789,3
35790,3
35791,3
35792,3
35793,3
35794,2
35795,2
35796,2
35797,2
35798,2
35799,3
35800,2
35801,3
35802,2
35803,2
35804,2
35805,2
35806,2
35807,2
35808,2
35809,2
35810,2
35811,2
35812,2
35813,2
35814,2
35815,2
35816,2
35817,2
35818,2
35819,2
35820,2
35821,2
35822,2
35823,2
35824,2
35825,2
35826,2
35827,2
35828,2
35829,2
35830,2
35831,2
35832,2
35833,2
35834,2
35835,2
35836,2
35837,2
35838,2
35839,2
35840,2
35841,2
35842,2
35843,2
35844,2
35845,2
35846,2
35847,2
35848,2
35849,2
35850,2
35851,2
35852,2
35853,2
35854,2
35855,2
35856,2
35857,2
35858,2
35859,2
35860,2
35861,2
35862,2
35863,2
35864,2
35865,2
35866,2
35867,2
35868,2
35869,2
35870,2
35871,2
35872,2
35873,2
35874,2
35875,2
35876,2
35877,2
35878,2
35879,2
35880,2
35881,2
35882,2
35883,2
35884,2
35885,2
35886,2
35887,2
35888,2
35889,2
35890,2
35891,2
35892,2
35893,2
35894,2
35895,2
35896,2
35897,2
35898,2
35899,2
35900,2
35901,2
35902,2
35903,2
35904,2
35905,2
35906,2
35907,2
35908,2
35909,2
35910,2
35911,2
35912,2
35913,2
35914,2
35915,2
35916,2
35917,2
35918,2
35919,2
35920,2
35921,2
35922,2
35923,2
35924,2
35925,2
35926,2
35927,2
35928,2
35929,2
35930,2
35931,2
35932,2
35933,2
35934,2
35935,2
35936,2
35937,2
35938,2
35939,2
35940,2
35941,2
35942,2
35943,2
35944,2
35945,2
35946,2
35947,2
35948,2
35949,2
35950,2
35951,2
35952,2
35953,2
35954,2
35955,2
35956,2
35957,2
35958,2
35959,2
35960,2
35961,2
35962,2
35963,2
35964,2
35965,2
35966,2
35967,2
35968,2
35969,2
35970,2
35971,2
35972,2
35973,2
35974,2
35975,2
35976,2
35977,2
35978,2
35979,0
35980,2
35981,2
35982,2
35983,2
35984,2
35985,2
35986,2
35987,2
35988,2
35989,2
35990,2
35991,2
35992,2
35993,3
35994,2
35995,2
35996,2
35997,2
35998,2
35999,2
36000,2
36001,2
36002,2
36003,2
36004,2
36005,2
36006,2
36007,2
36008,2
36009,2
36010,2
36011,2
36012,2
36013,2
36014,2
36015,2
36016,2
36017,2
36018,2
36019,2
36020,2
36021,2
36022,2
36023,2
36024,2
36025,2
36026,2
36027,2
36028,2
36029,2
36030,2
36031,2
36032,2
36033,2
36034,2
36035,3
36036,2
36037,2
36038,2
36039,2
36040,2
36041,2
36042,2
36043,2
36044,2
36045,2
36046,2
36047,2
36048,2
36049,2
36050,2
36051,2
36052,2
36053,2
36054,2
36055,2
36056,2
36057,2
36058,2
36059,2
36060,2
36061,2
36062,2
36063,2
36064,2
36065,2
36066,2
36067,2
36068,2
36069,2
36070,2
36071,2
36072,2
36073,2
36074,2
36075,2
36076,2
36077,2
36078,2
36079,2
36080,2
36081,2
36082,2
36083,2
36084,2
36085,2
36086,2
36087,2
36088,2
36089,2
36090,2
36091,2
36092,2
36093,2
36094,2
36095,2
36096,2
36097,2
36098,2
36099,2
36100,2
36101,2
36102,2
36103,2
36104,2
36105,2
36106,2
36107,2
36108,2
36109,2
36110,2
36111,2
36112,2
36113,2
36114,2
36115,2
36116,2
36117,2
36118,2
36119,2
36120,2
36121,2
36122,2
36123,2
36124,2
36125,2
36126,2
36127,2
36128,2
36129,2
36130,2
36131,2
36132,2
36133,2
36134,2
36135,2
36136,2
36137,2
36138,2
36139,2
36140,2
36141,2
36142,2
36143,2
36144,2
36145,2
36146,2
36147,2
36148,2
36149,2
36150,2
36151,2
36152,2
36153,2
36154,2
36155,2
36156,2
36157,2
36158,2
36159,2
36160,2
36161,2
36162,2
36163,2
36164,2
36165,2
36166,2
36167,2
36168,2
36169,3
36170,2
36171,2
36172,2
36173,2
36174,2
36175,2
36176,2
36177,2
36178,2
36179,2
36180,2
36181,2
36182,2
36183,2
36184,2
36185,2
36186,0
36187,2
36188,2
36189,2
36190,2
36191,2
36192,2
36193,2
36194,2
36195,2
36196,0
36197,2
36198,2
36199,2
36200,2
36201,2
36202,2
36203,2
36204,2
36205,2
36206,2
36207,2
36208,2
36209,2
36210,2
36211,2
36212,3
36213,2
36214,2
36215,2
36216,2
36217,2
36218,2
36219,2
36220,2
36221,2
36222,2
36223,2
36224,2
36225,2
36226,2
36227,2
36228,2
36229,2
36230,2
36231,2
36232,2
36233,2
36234,2
36235,2
36236,2
36237,2
36238,2
36239,2
36240,2
36241,2
36242,2
36243,2
36244,2
36245,2
36246,2
36247,2
36248,2
36249,2
36250,2
36251,2
36252,2
36253,2
36254,2
36255,2
36256,2
36257,2
36258,2
36259,2
36260,2
36261,2
36262,2
36263,2
36264,2
36265,2
36266,2
36267,2
36268,2
36269,2
36270,2
36271,2
36272,2
36273,2
36274,2
36275,2
36276,2
36277,2
36278,2
36279,2
36280,2
36281,2
36282,2
36283,2
36284,2
36285,2
36286,2
36287,2
36288,2
36289,2
36290,2
36291,2
36292,2
36293,2
36294,2
36295,2
36296,2
36297,2
36298,2
36299,2
36300,2
36301,2
36302,2
36303,2
36304,2
36305,0
36306,2
36307,2
36308,2
36309,2
36310,2
36311,2
36312,2
36313,2
36314,2
36315,2
36316,2
36317,2
36318,2
36319,2
36320,2
36321,2
36322,2
36323,2
36324,2
36325,2
36326,2
36327,2
36328,2
36329,2
36330,2
36331,2
36332,2
36333,2
36334,2
36335,2
36336,2
36337,2
36338,2
36339,2
36340,2
36341,2
36342,2
36343,2
36344,2
36345,2
36346,2
36347,2
36348,2
36349,2
36350,2
36351,2
36352,2
36353,2
36354,2
36355,2
36356,2
36357,2
36358,2
36359,2
36360,2
36361,2
36362,2
36363,2
36364,2
36365,2
36366,2
36367,2
36368,2
36369,2
36370,2
36371,2
36372,2
36373,2
36374,2
36375,2
36376,2
36377,2
36378,2
36379,3
36380,2
36381,2
36382,2
36383,2
36384,2
36385,2
36386,2
36387,3
36388,2
36389,2
36390,2
36391,2
36392,2
36393,3
36394,2
36395,2
36396,2
36397,2
36398,2
36399,3
36400,2
36401,2
36402,2
36403,2
36404,2
36405,2
36406,2
36407,2
36408,2
36409,2
36410,2
36411,2
36412,2
36413,2
36414,2
36415,2
36416,2
36417,2
36418,2
36419,2
36420,2
36421,2
36422,2
36423,2
36424,2
36425,2
36426,2
36427,2
36428,2
36429,2
36430,2
36431,2
36432,2
36433,2
36434,2
36435,2
36436,2
36437,2
36438,2
36439,2
36440,2
36441,2
36442,2
36443,2
36444,2
36445,2
36446,0
36447,2
36448,2
36449,2
36450,2
36451,2
36452,2
36453,2
36454,2
36455,2
36456,2
36457,2
36458,2
36459,2
36460,2
36461,2
36462,2
36463,2
36464,2
36465,2
36466,2
36467,2
36468,2
36469,2
36470,2
36471,2
36472,2
36473,2
36474,2
36475,2
36476,2
36477,2
36478,2
36479,2
36480,2
36481,2
36482,2
36483,2
36484,2
36485,2
36486,2
36487,2
36488,2
36489,2
36490,2
36491,2
36492,2
36493,2
36494,2
36495,2
36496,2
36497,2
36498,2
36499,2
36500,2
36501,0
36502,2
36503,2
36504,2
36505,2
36506,2
36507,2
36508,2
36509,2
36510,2
36511,2
36512,2
36513,2
36514,2
36515,2
36516,2
36517,2
36518,2
36519,2
36520,2
36521,2
36522,2
36523,2
36524,2
36525,2
36526,2
36527,2
36528,2
36529,2
36530,2
36531,2
36532,2
36533,2
36534,2
36535,2
36536,2
36537,2
36538,2
36539,2
36540,2
36541,2
36542,2
36543,2
36544,2
36545,2
36546,2
36547,2
36548,2
36549,2
36550,2
36551,2
36552,2
36553,2
36554,2
36555,2
36556,2
36557,2
36558,2
36559,2
36560,2
36561,2
36562,2
36563,2
36564,2
36565,2
36566,2
36567,2
36568,2
36569,2
36570,3
36571,2
36572,2
36573,2
36574,2
36575,2
36576,2
36577,2
36578,2
36579,2
36580,2
36581,2
36582,2
36583,2
36584,2
36585,2
36586,2
36587,2
36588,2
36589,2
36590,2
36591,2
36592,2
36593,2
36594,2
36595,2
36596,2
36597,2
36598,2
36599,2
36600,2
36601,2
36602,2
36603,2
36604,2
36605,2
36606,2
36607,2
36608,2
36609,2
36610,2
36611,2
36612,2
36613,2
36614,2
36615,2
36616,2
36617,2
36618,2
36619,2
36620,2
36621,2
36622,2
36623,2
36624,2
36625,2
36626,2
36627,2
36628,2
36629,2
36630,2
36631,2
36632,2
36633,2
36634,2
36635,2
36636,2
36637,2
36638,2
36639,2
36640,2
36641,2
36642,2
36643,2
36644,2
36645,2
36646,2
36647,2
36648,2
36649,2
36650,2
36651,2
36652,2
36653,2
36654,2
36655,2
36656,2
36657,2
36658,2
36659,2
36660,2
36661,2
36662,2
36663,2
36664,2
36665,2
36666,2
36667,2
36668,2
36669,2
36670,2
36671,2
36672,2
36673,2
36674,2
36675,2
36676,2
36677,2
36678,2
36679,2
36680,2
36681,2
36682,2
36683,2
36684,2
36685,2
36686,2
36687,2
36688,2
36689,2
36690,2
36691,2
36692,2
36693,2
36694,2
36695,2
36696,2
36697,3
36698,2
36699,2
36700,2
36701,2
36702,2
36703,2
36704,3
36705,2
36706,2
36707,2
36708,2
36709,2
36710,2
36711,2
36712,2
36713,2
36714,2
36715,2
36716,2
36717,2
36718,2
36719,2
36720,2
36721,2
36722,2
36723,2
36724,2
36725,2
36726,2
36727,3
36728,3
36729,2
36730,2
36731,2
36732,2
36733,2
36734,2
36735,2
36736,2
36737,2
36738,2
36739,2
36740,2
36741,2
36742,2
36743,2
36744,2
36745,2
36746,2
36747,2
36748,2
36749,2
36750,2
36751,2
36752,2
36753,2
36754,2
36755,2
36756,2
36757,2
36758,2
36759,2
36760,2
36761,2
36762,2
36763,2
36764,2
36765,2
36766,2
36767,2
36768,2
36769,2
36770,2
36771,2
36772,2
36773,2
36774,2
36775,2
36776,2
36777,2
36778,2
36779,2
36780,2
36781,2
36782,2
36783,2
36784,2
36785,2
36786,2
36787,2
36788,2
36789,2
36790,2
36791,2
36792,2
36793,2
36794,2
36795,2
36796,2
36797,2
36798,2
36799,2
36800,2
36801,2
36802,2
36803,3
36804,2
36805,2
36806,2
36807,2
36808,2
36809,2
36810,2
36811,2
36812,2
36813,2
36814,2
36815,2
36816,2
36817,2
36818,2
36819,2
36820,2
36821,2
36822,2
36823,2
36824,2
36825,2
36826,2
36827,2
36828,2
36829,2
36830,2
36831,2
36832,2
36833,2
36834,2
36835,2
36836,2
36837,2
36838,2
36839,2
36840,2
36841,2
36842,2
36843,2
36844,2
36845,2
36846,2
36847,2
36848,2
36849,2
36850,2
36851,2
36852,2
36853,2
36854,2
36855,2
36856,2
36857,2
36858,2
36859,2
36860,2
36861,2
36862,2
36863,2
36864,2
36865,2
36866,2
36867,2
36868,2
36869,3
36870,2
36871,2
36872,2
36873,2
36874,2
36875,3
36876,2
36877,2
36878,2
36879,2
36880,2
36881,2
36882,2
36883,2
36884,2
36885,2
36886,2
36887,2
36888,2
36889,2
36890,2
36891,2
36892,2
36893,2
36894,2
36895,2
36896,2
36897,2
36898,2
36899,2
36900,2
36901,2
36902,2
36903,2
36904,2
36905,2
36906,2
36907,2
36908,2
36909,2
36910,2
36911,2
36912,2
36913,2
36914,2
36915,2
36916,2
36917,2
36918,2
36919,2
36920,2
36921,2
36922,2
36923,2
36924,2
36925,2
36926,2
36927,2
36928,2
36929,2
36930,2
36931,2
36932,2
36933,2
36934,2
36935,2
36936,2
36937,2
36938,2
36939,2
36940,2
36941,2
36942,3
36943,2
36944,2
36945,2
36946,2
36947,2
36948,2
36949,2
36950,2
36951,2
36952,2
36953,2
36954,2
36955,2
36956,2
36957,2
36958,2
36959,2
36960,2
36961,2
36962,2
36963,2
36964,2
36965,2
36966,2
36967,2
36968,2
36969,2
36970,2
36971,2
36972,2
36973,2
36974,2
36975,2
36976,2
36977,2
36978,2
36979,2
36980,2
36981,2
36982,2
36983,2
36984,2
36985,2
36986,2
36987,2
36988,2
36989,2
36990,2
36991,2
36992,2
36993,2
36994,2
36995,2
36996,2
36997,2
36998,2
36999,2
37000,2
37001,2
37002,2
37003,2
37004,2
37005,2
37006,2
37007,2
37008,2
37009,2
37010,2
37011,2
37012,2
37013,2
37014,3
37015,2
37016,2
37017,2
37018,2
37019,2
37020,2
37021,2
37022,2
37023,2
37024,2
37025,2
37026,2
37027,2
37028,2
37029,2
37030,2
37031,2
37032,2
37033,2
37034,2
37035,2
37036,2
37037,2
37038,2
37039,2
37040,2
37041,2
37042,2
37043,2
37044,2
37045,2
37046,2
37047,2
37048,2
37049,2
37050,2
37051,2
37052,2
37053,2
37054,2
37055,2
37056,2
37057,2
37058,2
37059,2
37060,2
37061,2
37062,2
37063,2
37064,2
37065,2
37066,2
37067,2
37068,2
37069,2
37070,2
37071,2
37072,2
37073,2
37074,2
37075,2
37076,2
37077,2
37078,2
37079,2
37080,2
37081,2
37082,2
37083,2
37084,2
37085,2
37086,2
37087,2
37088,2
37089,2
37090,2
37091,2
37092,2
37093,2
37094,2
37095,2
37096,2
37097,2
37098,2
37099,2
37100,2
37101,2
37102,2
37103,2
37104,2
37105,2
37106,3
37107,2
37108,2
37109,2
37110,2
37111,2
37112,2
37113,2
37114,2
37115,2
37116,2
37117,2
37118,2
37119,2
37120,2
37121,2
37122,2
37123,2
37124,2
37125,2
37126,2
37127,2
37128,2
37129,2
37130,2
37131,2
37132,2
37133,2
37134,2
37135,2
37136,2
37137,2
37138,2
37139,2
37140,2
37141,2
37142,2
37143,2
37144,2
37145,2
37146,2
37147,2
37148,2
37149,2
37150,2
37151,2
37152,2
37153,2
37154,2
37155,2
37156,2
37157,2
37158,2
37159,2
37160,2
37161,2
37162,2
37163,2
37164,2
37165,2
37166,2
37167,2
37168,2
37169,2
37170,2
37171,2
37172,2
37173,2
37174,2
37175,2
37176,2
37177,2
37178,2
37179,2
37180,2
37181,2
37182,2
37183,2
37184,2
37185,2
37186,2
37187,2
37188,2
37189,2
37190,2
37191,2
37192,2
37193,2
37194,2
37195,2
37196,2
37197,2
37198,2
37199,2
37200,2
37201,2
37202,2
37203,2
37204,2
37205,2
37206,2
37207,2
37208,2
37209,2
37210,2
37211,2
37212,2
37213,2
37214,2
37215,2
37216,2
37217,2
37218,2
37219,2
37220,2
37221,2
37222,2
37223,2
37224,2
37225,2
37226,2
37227,2
37228,2
37229,2
37230,2
37231,2
37232,2
37233,2
37234,2
37235,2
37236,2
37237,2
37238,2
37239,2
37240,2
37241,2
37242,2
37243,2
37244,2
37245,2
37246,2
37247,2
37248,2
37249,2
37250,2
37251,2
37252,2
37253,2
37254,2
37255,2
37256,2
37257,2
37258,2
37259,2
37260,2
37261,2
37262,2
37263,2
37264,2
37265,2
37266,2
37267,2
37268,2
37269,2
37270,2
37271,2
37272,2
37273,2
37274,2
37275,2
37276,2
37277,2
37278,2
37279,2
37280,2
37281,2
37282,2
37283,2
37284,2
37285,2
37286,2
37287,2
37288,2
37289,2
37290,2
37291,2
37292,2
37293,2
37294,2
37295,2
37296,2
37297,2
37298,2
37299,3
37300,2
37301,2
37302,2
37303,2
37304,2
37305,2
37306,2
37307,2
37308,2
37309,2
37310,2
37311,2
37312,2
37313,2
37314,2
37315,2
37316,2
37317,2
37318,2
37319,2
37320,2
37321,2
37322,2
37323,2
37324,2
37325,2
37326,2
37327,2
37328,2
37329,2
37330,2
37331,2
37332,2
37333,2
37334,2
37335,2
37336,2
37337,2
37338,2
37339,2
37340,2
37341,2
37342,2
37343,2
37344,2
37345,2
37346,2
37347,2
37348,2
37349,2
37350,2
37351,2
37352,2
37353,2
37354,2
37355,2
37356,2
37357,2
37358,2
37359,2
37360,2
37361,2
37362,2
37363,2
37364,2
37365,2
37366,2
37367,2
37368,2
37369,2
37370,2
37371,2
37372,2
37373,2
37374,2
37375,2
37376,2
37377,2
37378,2
37379,2
37380,2
37381,2
37382,2
37383,2
37384,2
37385,2
37386,2
37387,2
37388,2
37389,2
37390,2
37391,2
37392,2
37393,2
37394,2
37395,2
37396,2
37397,2
37398,2
37399,2
37400,2
37401,2
37402,2
37403,2
37404,2
37405,2
37406,2
37407,2
37408,2
37409,2
37410,2
37411,2
37412,2
37413,2
37414,2
37415,2
37416,2
37417,2
37418,2
37419,2
37420,2
37421,2
37422,2
37423,2
37424,2
37425,2
37426,2
37427,2
37428,2
37429,2
37430,2
37431,2
37432,2
37433,2
37434,2
37435,2
37436,2
37437,2
37438,2
37439,2
37440,2
37441,2
37442,2
37443,2
37444,2
37445,2
37446,2
37447,2
37448,2
37449,2
37450,2
37451,2
37452,2
37453,2
37454,2
37455,2
37456,2
37457,2
37458,2
37459,2
37460,2
37461,2
37462,2
37463,2
37464,2
37465,2
37466,2
37467,2
37468,2
37469,2
37470,2
37471,2
37472,2
37473,2
37474,2
37475,2
37476,2
37477,0
37478,2
37479,2
37480,2
37481,2
37482,2
37483,2
37484,2
37485,2
37486,2
37487,2
37488,2
37489,2
37490,2
37491,2
37492,2
37493,2
37494,2
37495,2
37496,2
37497,2
37498,2
37499,2
37500,2
37501,2
37502,2
37503,2
37504,2
37505,2
37506,2
37507,2
37508,2
37509,2
37510,2
37511,2
37512,2
37513,2
37514,2
37515,2
37516,2
37517,2
37518,2
37519,2
37520,2
37521,2
37522,2
37523,2
37524,2
37525,2
37526,2
37527,2
37528,2
37529,2
37530,2
37531,2
37532,2
37533,2
37534,2
37535,2
37536,2
37537,2
37538,2
37539,2
37540,2
37541,2
37542,2
37543,2
37544,2
37545,2
37546,2
37547,2
37548,2
37549,2
37550,2
37551,2
37552,2
37553,2
37554,2
37555,2
37556,2
37557,2
37558,2
37559,2
37560,2
37561,2
37562,2
37563,2
37564,2
37565,2
37566,2
37567,2
37568,2
37569,2
37570,2
37571,2
37572,2
37573,2
37574,2
37575,2
37576,2
37577,2
37578,2
37579,2
37580,2
37581,2
37582,2
37583,2
37584,2
37585,2
37586,2
37587,2
37588,2
37589,2
37590,2
37591,2
37592,2
37593,2
37594,2
37595,2
37596,2
37597,2
37598,2
37599,2
37600,2
37601,2
37602,2
37603,2
37604,2
37605,2
37606,2
37607,2
37608,2
37609,2
37610,2
37611,2
37612,2
37613,2
37614,2
37615,2
37616,2
37617,2
37618,2
37619,2
37620,2
37621,2
37622,2
37623,2
37624,2
37625,2
37626,2
37627,2
37628,2
37629,2
37630,2
37631,2
37632,2
37633,2
37634,2
37635,3
37636,2
37637,2
37638,3
37639,2
37640,2
37641,2
37642,2
37643,2
37644,2
37645,2
37646,2
37647,2
37648,2
37649,2
37650,2
37651,2
37652,2
37653,2
37654,2
37655,2
37656,2
37657,2
37658,2
37659,2
37660,2
37661,2
37662,2
37663,2
37664,2
37665,2
37666,2
37667,2
37668,2
37669,2
37670,2
37671,2
37672,2
37673,2
37674,2
37675,2
37676,2
37677,2
37678,2
37679,2
37680,2
37681,2
37682,2
37683,2
37684,2
37685,2
37686,2
37687,2
37688,2
37689,2
37690,2
37691,2
37692,2
37693,2
37694,2
37695,2
37696,2
37697,2
37698,2
37699,3
37700,2
37701,2
37702,2
37703,2
37704,2
37705,2
37706,2
37707,2
37708,2
37709,2
37710,2
37711,2
37712,2
37713,2
37714,2
37715,2
37716,2
37717,2
37718,2
37719,2
37720,2
37721,2
37722,2
37723,2
37724,2
37725,2
37726,2
37727,3
37728,2
37729,2
37730,2
37731,2
37732,2
37733,2
37734,2
37735,2
37736,2
37737,2
37738,2
37739,2
37740,2
37741,2
37742,2
37743,2
37744,2
37745,2
37746,2
37747,2
37748,2
37749,2
37750,2
37751,2
37752,2
37753,2
37754,2
37755,2
37756,2
37757,2
37758,2
37759,2
37760,2
37761,2
37762,2
37763,2
37764,2
37765,2
37766,2
37767,2
37768,2
37769,2
37770,2
37771,2
37772,2
37773,2
37774,2
37775,2
37776,2
37777,2
37778,2
37779,2
37780,2
37781,2
37782,2
37783,2
37784,2
37785,2
37786,2
37787,2
37788,2
37789,2
37790,2
37791,2
37792,2
37793,2
37794,2
37795,2
37796,2
37797,2
37798,2
37799,2
37800,2
37801,2
37802,2
37803,2
37804,2
37805,2
37806,2
37807,2
37808,2
37809,2
37810,2
37811,2
37812,2
37813,2
37814,2
37815,2
37816,2
37817,2
37818,2
37819,2
37820,2
37821,2
37822,2
37823,2
37824,2
37825,2
37826,2
37827,2
37828,2
37829,2
37830,2
37831,2
37832,2
37833,2
37834,2
37835,2
37836,2
37837,2
37838,2
37839,2
37840,2
37841,2
37842,2
37843,2
37844,2
37845,2
37846,2
37847,2
37848,2
37849,2
37850,2
37851,2
37852,2
37853,2
37854,2
37855,2
37856,2
37857,2
37858,2
37859,2
37860,2
37861,2
37862,2
37863,2
37864,2
37865,2
37866,2
37867,2
37868,2
37869,2
37870,2
37871,2
37872,2
37873,2
37874,2
37875,2
37876,2
37877,2
37878,2
37879,2
37880,2
37881,2
37882,2
37883,2
37884,2
37885,2
37886,2
37887,2
37888,2
37889,2
37890,2
37891,2
37892,2
37893,2
37894,2
37895,2
37896,2
37897,2
37898,2
37899,2
37900,2
37901,2
37902,2
37903,2
37904,2
37905,2
37906,2
37907,2
37908,2
37909,2
37910,2
37911,2
37912,2
37913,2
37914,2
37915,2
37916,2
37917,2
37918,2
37919,2
37920,2
37921,2
37922,2
37923,2
37924,2
37925,2
37926,2
37927,2
37928,2
37929,2
37930,2
37931,2
37932,2
37933,2
37934,2
37935,2
37936,2
37937,2
37938,2
37939,2
37940,2
37941,2
37942,2
37943,2
37944,2
37945,2
37946,2
37947,2
37948,2
37949,2
37950,2
37951,2
37952,2
37953,2
37954,2
37955,2
37956,2
37957,2
37958,2
37959,2
37960,2
37961,2
37962,2
37963,2
37964,2
37965,2
37966,2
37967,2
37968,2
37969,2
37970,2
37971,2
37972,2
37973,2
37974,2
37975,2
37976,2
37977,2
37978,2
37979,2
37980,2
37981,3
37982,2
37983,2
37984,2
37985,2
37986,2
37987,2
37988,2
37989,2
37990,2
37991,2
37992,2
37993,2
37994,2
37995,2
37996,2
37997,2
37998,2
37999,2
38000,2
38001,2
38002,2
38003,2
38004,2
38005,2
38006,2
38007,2
38008,2
38009,2
38010,2
38011,2
38012,2
38013,2
38014,2
38015,2
38016,2
38017,2
38018,2
38019,2
38020,2
38021,3
38022,2
38023,2
38024,2
38025,2
38026,2
38027,2
38028,2
38029,2
38030,2
38031,2
38032,2
38033,2
38034,2
38035,2
38036,2
38037,2
38038,2
38039,2
38040,2
38041,2
38042,2
38043,2
38044,2
38045,2
38046,2
38047,2
38048,2
38049,2
38050,2
38051,2
38052,2
38053,2
38054,2
38055,2
38056,2
38057,2
38058,2
38059,2
38060,2
38061,2
38062,2
38063,2
38064,2
38065,2
38066,2
38067,2
38068,2
38069,2
38070,2
38071,2
38072,2
38073,3
38074,2
38075,2
38076,2
38077,2
38078,2
38079,2
38080,2
38081,2
38082,2
38083,2
38084,2
38085,2
38086,2
38087,2
38088,2
38089,2
38090,2
38091,2
38092,2
38093,2
38094,2
38095,2
38096,2
38097,2
38098,2
38099,2
38100,2
38101,2
38102,2
38103,2
38104,2
38105,2
38106,2
38107,2
38108,2
38109,2
38110,2
38111,2
38112,2
38113,2
38114,2
38115,2
38116,2
38117,2
38118,2
38119,2
38120,2
38121,2
38122,2
38123,2
38124,3
38125,2
38126,2
38127,2
38128,2
38129,2
38130,2
38131,2
38132,2
38133,2
38134,2
38135,2
38136,2
38137,2
38138,2
38139,2
38140,2
38141,2
38142,2
38143,2
38144,2
38145,2
38146,2
38147,2
38148,2
38149,2
38150,2
38151,2
38152,2
38153,2
38154,2
38155,2
38156,2
38157,2
38158,2
38159,2
38160,2
38161,2
38162,2
38163,2
38164,2
38165,2
38166,2
38167,2
38168,2
38169,2
38170,2
38171,2
38172,2
38173,2
38174,2
38175,2
38176,2
38177,2
38178,2
38179,2
38180,2
38181,2
38182,2
38183,2
38184,2
38185,2
38186,2
38187,2
38188,2
38189,2
38190,2
38191,2
38192,2
38193,2
38194,2
38195,2
38196,2
38197,2
38198,2
38199,2
38200,2
38201,2
38202,2
38203,2
38204,2
38205,2
38206,2
38207,2
38208,2
38209,2
38210,2
38211,2
38212,2
38213,2
38214,2
38215,2
38216,2
38217,2
38218,2
38219,2
38220,2
38221,2
38222,2
38223,2
38224,2
38225,2
38226,2
38227,2
38228,2
38229,2
38230,2
38231,2
38232,2
38233,2
38234,2
38235,2
38236,2
38237,2
38238,2
38239,2
38240,2
38241,2
38242,2
38243,2
38244,2
38245,3
38246,2
38247,2
38248,2
38249,2
38250,2
38251,2
38252,2
38253,2
38254,2
38255,2
38256,2
38257,2
38258,2
38259,2
38260,2
38261,2
38262,2
38263,2
38264,2
38265,2
38266,2
38267,2
38268,2
38269,2
38270,2
38271,2
38272,2
38273,2
38274,2
38275,2
38276,2
38277,2
38278,2
38279,2
38280,2
38281,2
38282,2
38283,2
38284,2
38285,2
38286,2
38287,2
38288,2
38289,2
38290,2
38291,2
38292,2
38293,2
38294,2
38295,2
38296,2
38297,2
38298,2
38299,2
38300,2
38301,2
38302,2
38303,2
38304,2
38305,2
38306,2
38307,2
38308,2
38309,2
38310,2
38311,2
38312,2
38313,2
38314,2
38315,2
38316,2
38317,2
38318,2
38319,2
38320,2
38321,2
38322,2
38323,2
38324,2
38325,2
38326,2
38327,2
38328,2
38329,2
38330,2
38331,2
38332,2
38333,2
38334,2
38335,2
38336,2
38337,2
38338,2
38339,2
38340,2
38341,2
38342,2
38343,2
38344,2
38345,2
38346,2
38347,2
38348,2
38349,2
38350,2
38351,2
38352,2
38353,2
38354,2
38355,2
38356,2
38357,2
38358,2
38359,2
38360,2
38361,2
38362,2
38363,2
38364,2
38365,2
38366,2
38367,2
38368,2
38369,2
38370,2
38371,2
38372,2
38373,2
38374,2
38375,2
38376,2
38377,2
38378,2
38379,2
38380,2
38381,2
38382,2
38383,2
38384,2
38385,2
38386,2
38387,2
38388,2
38389,2
38390,2
38391,2
38392,2
38393,2
38394,2
38395,2
38396,2
38397,2
38398,2
38399,2
38400,2
38401,2
38402,2
38403,2
38404,2
38405,2
38406,2
38407,2
38408,2
38409,2
38410,2
38411,2
38412,2
38413,2
38414,2
38415,2
38416,2
38417,2
38418,2
38419,2
38420,2
38421,2
38422,2
38423,2
38424,2
38425,2
38426,2
38427,2
38428,2
38429,2
38430,2
38431,2
38432,2
38433,2
38434,2
38435,2
38436,2
38437,2
38438,2
38439,2
38440,2
38441,2
38442,2
38443,2
38444,2
38445,2
38446,3
38447,2
38448,2
38449,2
38450,2
38451,2
38452,2
38453,2
38454,2
38455,2
38456,2
38457,2
38458,2
38459,2
38460,2
38461,2
38462,2
38463,2
38464,2
38465,2
38466,2
38467,2
38468,2
38469,2
38470,2
38471,2
38472,2
38473,2
38474,2
38475,2
38476,2
38477,2
38478,2
38479,2
38480,2
38481,2
38482,2
38483,2
38484,2
38485,2
38486,2
38487,2
38488,2
38489,2
38490,2
38491,2
38492,2
38493,2
38494,2
38495,2
38496,2
38497,2
38498,2
38499,2
38500,2
38501,2
38502,2
38503,2
38504,2
38505,2
38506,2
38507,2
38508,2
38509,2
38510,2
38511,2
38512,2
38513,2
38514,2
38515,2
38516,2
38517,2
38518,2
38519,2
38520,2
38521,2
38522,2
38523,2
38524,2
38525,2
38526,2
38527,2
38528,2
38529,2
38530,2
38531,2
38532,2
38533,2
38534,2
38535,2
38536,2
38537,2
38538,2
38539,2
38540,2
38541,2
38542,2
38543,2
38544,2
38545,2
38546,2
38547,2
38548,2
38549,2
38550,2
38551,2
38552,2
38553,2
38554,2
38555,2
38556,2
38557,2
38558,2
38559,2
38560,2
38561,2
38562,2
38563,2
38564,2
38565,2
38566,2
38567,2
38568,2
38569,2
38570,2
38571,2
38572,2
38573,3
38574,3
38575,2
38576,2
38577,2
38578,2
38579,2
38580,2
38581,2
38582,2
38583,2
38584,2
38585,2
38586,2
38587,2
38588,2
38589,2
38590,2
38591,2
38592,2
38593,2
38594,2
38595,2
38596,2
38597,2
38598,2
38599,2
38600,2
38601,2
38602,2
38603,2
38604,2
38605,2
38606,2
38607,2
38608,2
38609,2
38610,2
38611,2
38612,2
38613,2
38614,2
38615,2
38616,2
38617,2
38618,2
38619,2
38620,2
38621,2
38622,2
38623,2
38624,2
38625,2
38626,2
38627,2
38628,2
38629,2
38630,2
38631,2
38632,2
38633,2
38634,2
38635,2
38636,2
38637,2
38638,2
38639,2
38640,2
38641,2
38642,2
38643,2
38644,2
38645,2
38646,2
38647,2
38648,2
38649,2
38650,2
38651,2
38652,2
38653,2
38654,2
38655,2
38656,2
38657,2
38658,2
38659,2
38660,2
38661,2
38662,2
38663,2
38664,2
38665,2
38666,2
38667,2
38668,2
38669,2
38670,2
38671,2
38672,2
38673,2
38674,2
38675,2
38676,2
38677,2
38678,2
38679,2
38680,2
38681,2
38682,2
38683,2
38684,2
38685,2
38686,2
38687,2
38688,2
38689,2
38690,2
38691,2
38692,2
38693,2
38694,2
38695,2
38696,2
38697,2
38698,2
38699,2
38700,2
38701,2
38702,2
38703,2
38704,2
38705,2
38706,2
38707,2
38708,2
38709,2
38710,2
38711,2
38712,2
38713,2
38714,2
38715,2
38716,2
38717,2
38718,2
38719,2
38720,2
38721,2
38722,2
38723,2
38724,2
38725,2
38726,2
38727,2
38728,2
38729,2
38730,2
38731,2
38732,2
38733,2
38734,2
38735,2
38736,2
38737,2
38738,2
38739,2
38740,2
38741,2
38742,2
38743,2
38744,2
38745,2
38746,2
38747,2
38748,2
38749,2
38750,2
38751,2
38752,2
38753,2
38754,2
38755,2
38756,2
38757,2
38758,2
38759,2
38760,2
38761,2
38762,2
38763,2
38764,2
38765,2
38766,2
38767,2
38768,2
38769,2
38770,2
38771,2
38772,2
38773,2
38774,2
38775,2
38776,2
38777,2
38778,2
38779,2
38780,2
38781,2
38782,2
38783,2
38784,2
38785,2
38786,2
38787,2
38788,2
38789,2
38790,2
38791,2
38792,2
38793,2
38794,2
38795,2
38796,2
38797,2
38798,2
38799,2
38800,2
38801,2
38802,2
38803,2
38804,2
38805,2
38806,2
38807,2
38808,2
38809,2
38810,2
38811,2
38812,2
38813,2
38814,2
38815,2
38816,2
38817,2
38818,2
38819,2
38820,2
38821,2
38822,2
38823,2
38824,2
38825,2
38826,2
38827,2
38828,2
38829,2
38830,2
38831,2
38832,2
38833,2
38834,2
38835,2
38836,2
38837,2
38838,2
38839,2
38840,2
38841,2
38842,2
38843,2
38844,2
38845,2
38846,2
38847,2
38848,2
38849,2
38850,2
38851,2
38852,2
38853,2
38854,2
38855,2
38856,2
38857,2
38858,2
38859,2
38860,2
38861,2
38862,2
38863,2
38864,2
38865,2
38866,2
38867,2
38868,2
38869,2
38870,2
38871,2
38872,2
38873,2
38874,2
38875,2
38876,2
38877,2
38878,2
38879,2
38880,2
38881,2
38882,2
38883,2
38884,2
38885,2
38886,2
38887,2
38888,2
38889,2
38890,2
38891,2
38892,2
38893,2
38894,3
38895,2
38896,2
38897,2
38898,2
38899,2
38900,2
38901,2
38902,2
38903,2
38904,2
38905,2
38906,2
38907,2
38908,2
38909,2
38910,2
38911,2
38912,2
38913,2
38914,2
38915,2
38916,2
38917,2
38918,2
38919,2
38920,2
38921,2
38922,2
38923,2
38924,2
38925,2
38926,2
38927,2
38928,2
38929,2
38930,2
38931,2
38932,2
38933,2
38934,2
38935,2
38936,2
38937,2
38938,2
38939,2
38940,2
38941,2
38942,2
38943,2
38944,2
38945,2
38946,2
38947,2
38948,2
38949,2
38950,2
38951,2
38952,2
38953,2
38954,2
38955,2
38956,2
38957,2
38958,2
38959,2
38960,2
38961,2
38962,2
38963,2
38964,2
38965,2
38966,2
38967,2
38968,2
38969,2
38970,2
38971,2
38972,2
38973,2
38974,2
38975,2
38976,2
38977,2
38978,2
38979,2
38980,2
38981,2
38982,2
38983,2
38984,2
38985,2
38986,2
38987,2
38988,2
38989,2
38990,2
38991,2
38992,2
38993,2
38994,2
38995,2
38996,2
38997,2
38998,2
38999,2
39000,2
39001,2
39002,2
39003,2
39004,2
39005,2
39006,2
39007,2
39008,2
39009,2
39010,2
39011,2
39012,2
39013,2
39014,2
39015,2
39016,2
39017,2
39018,2
39019,2
39020,2
39021,2
39022,2
39023,2
39024,2
39025,2
39026,2
39027,2
39028,2
39029,2
39030,2
39031,2
39032,2
39033,2
39034,2
39035,2
39036,2
39037,2
39038,2
39039,2
39040,2
39041,2
39042,2
39043,2
39044,2
39045,2
39046,2
39047,2
39048,2
39049,2
39050,2
39051,2
39052,2
39053,2
39054,2
39055,2
39056,2
39057,2
39058,2
39059,2
39060,2
39061,2
39062,2
39063,2
39064,2
39065,2
39066,2
39067,2
39068,2
39069,2
39070,2
39071,2
39072,2
39073,2
39074,2
39075,2
39076,2
39077,2
39078,2
39079,2
39080,2
39081,2
39082,2
39083,2
39084,2
39085,2
39086,2
39087,2
39088,2
39089,2
39090,2
39091,2
39092,2
39093,2
39094,2
39095,2
39096,2
39097,2
39098,2
39099,2
39100,2
39101,2
39102,2
39103,2
39104,2
39105,2
39106,2
39107,2
39108,2
39109,2
39110,2
39111,2
39112,2
39113,2
39114,2
39115,2
39116,2
39117,2
39118,2
39119,2
39120,2
39121,2
39122,2
39123,2
39124,2
39125,2
39126,2
39127,2
39128,2
39129,2
39130,2
39131,2
39132,2
39133,2
39134,2
39135,2
39136,2
39137,2
39138,2
39139,3
39140,2
39141,2
39142,2
39143,2
39144,2
39145,2
39146,2
39147,2
39148,2
39149,2
39150,2
39151,2
39152,2
39153,2
39154,2
39155,2
39156,2
39157,2
39158,2
39159,2
39160,2
39161,2
39162,2
39163,2
39164,2
39165,2
39166,2
39167,2
39168,2
39169,2
39170,2
39171,2
39172,2
39173,2
39174,2
39175,2
39176,2
39177,2
39178,2
39179,2
39180,2
39181,2
39182,2
39183,2
39184,2
39185,2
39186,2
39187,2
39188,2
39189,2
39190,2
39191,2
39192,2
39193,2
39194,3
39195,2
39196,2
39197,2
39198,2
39199,2
39200,2
39201,2
39202,2
39203,2
39204,2
39205,2
39206,2
39207,2
39208,3
39209,2
39210,2
39211,2
39212,2
39213,2
39214,2
39215,2
39216,2
39217,2
39218,2
39219,2
39220,2
39221,2
39222,2
39223,2
39224,2
39225,2
39226,2
39227,3
39228,2
39229,3
39230,2
39231,2
39232,2
39233,2
39234,2
39235,2
39236,3
39237,2
39238,2
39239,2
39240,2
39241,2
39242,2
39243,2
39244,2
39245,2
39246,2
39247,3
39248,2
39249,2
39250,2
39251,2
39252,2
39253,2
39254,2
39255,2
39256,2
39257,2
39258,2
39259,2
39260,2
39261,2
39262,2
39263,2
39264,2
39265,2
39266,2
39267,3
39268,2
39269,2
39270,2
39271,2
39272,2
39273,2
39274,2
39275,2
39276,2
39277,2
39278,2
39279,2
39280,3
39281,2
39282,2
39283,2
39284,2
39285,2
39286,2
39287,2
39288,2
39289,2
39290,2
39291,2
39292,2
39293,2
39294,2
39295,2
39296,2
39297,2
39298,3
39299,2
39300,2
39301,2
39302,2
39303,2
39304,2
39305,2
39306,2
39307,2
39308,2
39309,2
39310,2
39311,2
39312,2
39313,2
39314,2
39315,2
39316,2
39317,2
39318,2
39319,2
39320,2
39321,2
39322,2
39323,2
39324,2
39325,2
39326,2
39327,2
39328,2
39329,2
39330,2
39331,2
39332,2
39333,2
39334,2
39335,2
39336,2
39337,2
39338,2
39339,2
39340,2
39341,2
39342,2
39343,2
39344,2
39345,2
39346,2
39347,2
39348,2
39349,2
39350,2
39351,2
39352,2
39353,2
39354,2
39355,2
39356,2
39357,2
39358,2
39359,2
39360,2
39361,3
39362,2
39363,2
39364,2
39365,2
39366,2
39367,2
39368,2
39369,2
39370,2
39371,2
39372,2
39373,2
39374,2
39375,2
39376,2
39377,2
39378,2
39379,2
39380,2
39381,2
39382,2
39383,2
39384,2
39385,2
39386,2
39387,2
39388,2
39389,2
39390,2
39391,2
39392,2
39393,2
39394,2
39395,2
39396,2
39397,2
39398,2
39399,2
39400,2
39401,0
39402,2
39403,2
39404,2
39405,2
39406,2
39407,2
39408,2
39409,2
39410,2
39411,2
39412,2
39413,2
39414,2
39415,2
39416,2
39417,2
39418,2
39419,2
39420,2
39421,2
39422,2
39423,2
39424,2
39425,2
39426,2
39427,2
39428,2
39429,2
39430,2
39431,2
39432,2
39433,2
39434,2
39435,2
39436,2
39437,2
39438,2
39439,2
39440,2
39441,2
39442,2
39443,2
39444,2
39445,2
39446,2
39447,2
39448,2
39449,2
39450,2
39451,2
39452,2
39453,2
39454,2
39455,2
39456,2
39457,2
39458,2
39459,2
39460,2
39461,2
39462,2
39463,2
39464,2
39465,2
39466,2
39467,2
39468,2
39469,2
39470,2
39471,2
39472,2
39473,2
39474,2
39475,2
39476,2
39477,2
39478,2
39479,2
39480,2
39481,2
39482,2
39483,2
39484,2
39485,2
39486,2
39487,2
39488,2
39489,2
39490,2
39491,2
39492,2
39493,2
39494,2
39495,2
39496,2
39497,2
39498,2
39499,2
39500,2
39501,2
39502,2
39503,2
39504,2
39505,2
39506,2
39507,2
39508,2
39509,2
39510,2
39511,2
39512,2
39513,2
39514,2
39515,2
39516,2
39517,2
39518,2
39519,2
39520,2
39521,2
39522,2
39523,2
39524,2
39525,2
39526,2
39527,2
39528,2
39529,2
39530,2
39531,2
39532,2
39533,2
39534,2
39535,2
39536,2
39537,2
39538,2
39539,2
39540,2
39541,2
39542,2
39543,2
39544,2
39545,2
39546,2
39547,2
39548,2
39549,2
39550,2
39551,2
39552,2
39553,2
39554,2
39555,2
39556,2
39557,3
39558,2
39559,2
39560,2
39561,2
39562,2
39563,2
39564,2
39565,2
39566,2
39567,2
39568,2
39569,2
39570,3
39571,3
39572,2
39573,3
39574,3
39575,2
39576,2
39577,2
39578,2
39579,2
39580,2
39581,2
39582,2
39583,2
39584,2
39585,2
39586,2
39587,2
39588,2
39589,2
39590,2
39591,2
39592,2
39593,2
39594,2
39595,2
39596,2
39597,2
39598,2
39599,2
39600,2
39601,2
39602,2
39603,2
39604,2
39605,2
39606,2
39607,2
39608,2
39609,2
39610,2
39611,2
39612,2
39613,2
39614,2
39615,2
39616,3
39617,2
39618,2
39619,2
39620,2
39621,2
39622,2
39623,2
39624,2
39625,2
39626,2
39627,2
39628,2
39629,2
39630,2
39631,2
39632,2
39633,2
39634,2
39635,2
39636,2
39637,2
39638,2
39639,2
39640,2
39641,3
39642,2
39643,2
39644,2
39645,2
39646,2
39647,2
39648,2
39649,2
39650,2
39651,2
39652,2
39653,2
39654,2
39655,2
39656,2
39657,2
39658,2
39659,2
39660,2
39661,2
39662,2
39663,3
39664,2
39665,2
39666,3
39667,2
39668,2
39669,2
39670,2
39671,2
39672,2
39673,2
39674,2
39675,2
39676,2
39677,2
39678,2
39679,2
39680,2
39681,2
39682,2
39683,3
39684,2
39685,2
39686,2
39687,2
39688,2
39689,1
39690,3
39691,3
39692,3
39693,3
39694,3
39695,3
39696,2
39697,3
39698,2
39699,2
39700,2
39701,2
39702,2
39703,2
39704,2
39705,2
39706,2
39707,2
39708,2
39709,2
39710,2
39711,2
39712,2
39713,1
39714,3
39715,0
39716,2
39717,2
39718,2
39719,2
39720,2
39721,2
39722,2
39723,2
39724,0
39725,0
39726,2
39727,2
39728,3
39729,3
39730,2
39731,0
39732,0
39733,0
39734,0
39735,2
39736,2
39737,3
39738,2
39739,2
39740,2
39741,0
39742,0
39743,2
39744,2
39745,2
39746,2
39747,2
39748,2
39749,2
39750,2
39751,2
39752,2
39753,2
39754,3
39755,0
39756,2
39757,2
39758,3
39759,0
39760,3
39761,2
39762,3
39763,2
39764,0
39765,2
39766,2
39767,2
39768,2
39769,2
39770,2
39771,2
39772,2
39773,2
39774,0
39775,2
39776,2
39777,1
39778,3
39779,3
39780,3
39781,3
39782,1
39783,2
39784,2
39785,2
39786,2
39787,2
39788,2
39789,2
39790,2
39791,2
39792,2
39793,2
39794,2
39795,2
39796,2
39797,3
39798,3
39799,2
39800,2
39801,2
39802,2
39803,3
39804,2
39805,2
39806,3
39807,2
39808,2
39809,2
39810,3
39811,2
39812,2
39813,2
39814,0
39815,0
39816,3
39817,2
39818,2
39819,2
39820,2
39821,2
39822,0
39823,2
39824,2
39825,2
39826,2
39827,0
39828,0
39829,2
39830,2
39831,2
39832,2
39833,2
39834,2
39835,2
39836,2
39837,3
39838,2
39839,2
39840,2
39841,2
39842,2
39843,3
39844,3
39845,3
39846,3
39847,3
39848,3
39849,2
39850,3
39851,3
39852,3
39853,3
39854,3
39855,2
39856,3
39857,3
39858,3
39859,2
39860,2
39861,3
39862,2
39863,2
39864,2
39865,3
39866,2
39867,2
39868,3
39869,0
39870,2
39871,3
39872,2
39873,2
39874,3
39875,2
39876,2
39877,2
39878,3
39879,2
39880,3
39881,3
39882,3
39883,3
39884,2
39885,3
39886,3
39887,2
39888,2
39889,3
39890,2
39891,2
39892,2
39893,2
39894,2
39895,2
39896,2
39897,2
39898,2
39899,2
39900,2
39901,2
39902,3
39903,3
39904,3
39905,3
39906,3
39907,2
39908,2
39909,3
39910,3
39911,3
39912,3
39913,3
39914,3
39915,3
39916,1
39917,3
39918,3
39919,3
39920,3
39921,1
39922,3
39923,1
39924,1
39925,1
39926,3
39927,1
39928,3
39929,3
39930,3
39931,3
39932,3
39933,3
39934,3
39935,3
39936,3
39937,3
39938,2
39939,3
39940,3
39941,2
39942,3
39943,3
39944,3
39945,3
39946,3
39947,2
39948,2
39949,2
39950,3
39951,0
39952,0
39953,2
39954,3
39955,0
39956,2
39957,1
39958,0
39959,1
39960,2
39961,2
39962,3
39963,3
39964,3
39965,1
39966,3
39967,3
39968,3
39969,2
39970,3
39971,2
39972,2
39973,2
39974,2
39975,2
39976,3
39977,2
39978,3
39979,2
39980,2
39981,2
39982,2
39983,0
39984,2
39985,2
39986,2
39987,2
39988,0
39989,2
39990,2
39991,0
39992,2
39993,3
39994,2
39995,3
39996,2
39997,2
39998,2
39999,2
40000,2
40001,3
40002,2
40003,3
40004,2
40005,3
40006,3
40007,3
40008,2
40009,3
40010,2
40011,3
40012,3
40013,3
40014,2
40015,0
40016,2
40017,2
40018,3
40019,3
40020,0
40021,0
40022,0
40023,2
40024,2
40025,2
40026,2
40027,2
40028,1
40029,2
40030,2
40031,3
40032,3
40033,0
40034,0
40035,3
40036,3
40037,3
40038,0
40039,2
40040,0
40041,1
40042,2
40043,2
40044,3
40045,2
40046,2
40047,0
40048,3
40049,0
40050,3
40051,0
40052,1
40053,0
40054,2
40055,0
40056,0
40057,2
40058,3
40059,2
40060,0
40061,0
40062,2
40063,0
40064,2
40065,2
40066,2
40067,0
40068,2
40069,0
40070,2
40071,0
40072,0
40073,0
40074,2
40075,0
40076,0
40077,0
40078,0
40079,0
40080,0
40081,0
40082,0
40083,0
40084,0
40085,2
40086,0
40087,3
40088,2
40089,2
40090,3
40091,3
40092,2
40093,2
40094,2
40095,0
40096,3
40097,0
40098,2
40099,0
40100,0
40101,0
40102,0
40103,3
40104,3
40105,3
40106,0
40107,0
40108,0
40109,0
40110,0
40111,0
40112,0
40113,0
40114,0
40115,2
40116,2
40117,3
40118,2
40119,0
40120,0
40121,3
40122,2
40123,2
40124,0
40125,0
40126,2
40127,0
40128,2
40129,0
40130,0
40131,0
40132,2
40133,2
40134,2
40135,0
40136,2
40137,0
40138,2
40139,2
40140,2
40141,0
40142,0
40143,0
40144,0
40145,0
40146,0
40147,0
40148,2
40149,0
40150,0
40151,0
40152,0
40153,2
40154,3
40155,2
40156,2
40157,2
40158,2
40159,3
40160,3
40161,3
40162,2
40163,3
40164,2
40165,0
40166,0
40167,0
40168,2
40169,2
40170,2
40171,0
40172,0
40173,0
40174,0
40175,2
40176,2
40177,0
40178,2
40179,2
40180,0
40181,0
40182,0
40183,2
40184,3
40185,3
40186,3
40187,3
40188,0
40189,3
40190,2
40191,2
40192,2
40193,2
40194,2
40195,0
40196,2
40197,2
40198,2
40199,0
40200,0
40201,2
40202,0
40203,2
40204,0
40205,2
40206,2
40207,2
40208,2
40209,2
40210,3
40211,2
40212,3
40213,3
40214,2
40215,2
40216,2
40217,2
40218,2
40219,2
40220,2
40221,2
40222,2
40223,2
40224,2
40225,2
40226,2
40227,2
40228,2
40229,2
40230,2
40231,2
40232,2
40233,2
40234,2
40235,2
40236,2
40237,0
40238,2
40239,2
40240,2
40241,2
40242,2
40243,2
40244,0
40245,2
40246,2
40247,2
40248,2
40249,2
40250,2
40251,2
40252,2
40253,2
40254,2
40255,2
40256,0
40257,0
40258,2
40259,2
40260,2
40261,2
40262,2
40263,2
40264,2
40265,2
40266,2
40267,2
40268,2
40269,2
40270,2
40271,2
40272,2
40273,2
40274,2
40275,2
40276,2
40277,2
40278,2
40279,1
40280,1
40281,1
40282,1
40283,3
40284,1
40285,1
40286,1
40287,1
40288,1
40289,1
40290,2
40291,3
40292,2
40293,3
40294,3
40295,2
40296,1
40297,3
40298,3
40299,3
40300,3
40301,3
40302,2
40303,3
40304,2
40305,3
40306,3
40307,3
40308,3
40309,2
40310,3
40311,2
40312,3
40313,2
40314,2
40315,2
40316,2
40317,2
40318,2
40319,2
40320,2
40321,3
40322,3
40323,3
40324,3
40325,3
40326,3
40327,2
40328,3
40329,3
40330,2
40331,3
40332,3
40333,2
40334,3
40335,2
40336,3
40337,2
40338,2
40339,3
40340,2
40341,2
40342,2
40343,2
40344,3
40345,3
40346,3
40347,2
40348,2
40349,2
40350,3
40351,3
40352,2
40353,3
40354,3
40355,3
40356,1
40357,3
40358,2
40359,3
40360,2
40361,2
40362,0
40363,3
40364,3
40365,2
40366,3
40367,3
40368,3
40369,2
40370,2
40371,3
40372,3
40373,3
40374,3
40375,3
40376,3
40377,2
40378,2
40379,2
40380,3
40381,3
40382,2
40383,2
40384,3
40385,3
40386,3
40387,2
40388,3
40389,3
40390,3
40391,2
40392,3
40393,3
40394,3
40395,2
40396,2
40397,1
40398,3
40399,3
40400,3
40401,1
40402,2
40403,3
40404,3
40405,2
40406,3
40407,2
40408,2
40409,2
40410,2
40411,2
40412,0
40413,0
40414,0
40415,0
40416,3
40417,1
40418,3
40419,3
40420,2
40421,0
40422,0
40423,2
40424,2
40425,3
40426,2
40427,3
40428,0
40429,2
40430,2
40431,2
40432,0
40433,0
40434,3
40435,2
40436,0
40437,2
40438,0
40439,0
40440,2
40441,0
40442,2
40443,2
40444,3
40445,3
40446,2
40447,2
40448,2
40449,3
40450,3
40451,3
40452,3
40453,3
40454,3
40455,3
40456,3
40457,3
40458,3
40459,3
40460,3
40461,3
40462,3
40463,3
40464,3
40465,3
40466,3
40467,3
40468,2
40469,3
40470,3
40471,3
40472,3
40473,3
40474,3
40475,2
40476,2
40477,3
40478,2
40479,2
40480,2
40481,2
40482,2
40483,2
40484,2
40485,2
40486,2
40487,2
40488,2
40489,3
40490,2
40491,2
40492,2
40493,3
40494,3
40495,3
40496,3
40497,3
40498,3
40499,1
40500,3
40501,3
40502,0
40503,3
40504,3
40505,3
40506,3
40507,3
40508,1
40509,1
40510,1
40511,1
40512,3
40513,1
40514,3
40515,3
40516,3
40517,3
40518,3
40519,1
40520,3
40521,3
40522,1
40523,1
40524,1
40525,1
40526,1
40527,3
40528,1
40529,3
40530,3
40531,1
40532,3
40533,3
40534,2
40535,2
40536,1
40537,1
40538,1
40539,1
40540,1
40541,1
40542,1
40543,1
40544,3
40545,3
40546,3
40547,3
40548,3
40549,3
40550,3
40551,1
40552,3
40553,1
40554,3
40555,1
40556,1
40557,1
40558,1
40559,1
40560,1
40561,3
40562,3
40563,3
40564,1
40565,3
40566,1
40567,3
40568,3
40569,1
40570,1
40571,1
40572,1
40573,3
40574,1
40575,1
40576,1
40577,3
40578,3
40579,3
40580,3
40581,2
40582,2
40583,2
40584,2
40585,3
40586,3
40587,2
40588,3
40589,2
40590,3
40591,2
40592,2
40593,3
40594,2
40595,2
40596,2
40597,2
40598,2
40599,2
40600,3
40601,2
40602,2
40603,2
40604,2
40605,3
40606,3
40607,2
40608,2
40609,3
40610,2
40611,2
40612,2
40613,2
40614,2
40615,2
40616,2
40617,2
40618,3
40619,2
40620,2
40621,3
40622,3
40623,3
40624,0
40625,2
40626,2
40627,2
40628,2
40629,2
40630,2
40631,2
40632,0
40633,0
40634,2
40635,0
40636,0
40637,2
40638,3
40639,0
40640,2
40641,2
40642,2
40643,2
40644,2
40645,2
40646,0
40647,0
40648,2
40649,2
40650,2
40651,2
40652,3
40653,2
40654,0
40655,2
40656,2
40657,2
40658,0
40659,0
40660,2
40661,2
40662,2
40663,3
40664,2
40665,2
40666,2
40667,2
40668,3
40669,3
40670,3
40671,3
40672,3
40673,0
40674,0
40675,3
40676,3
40677,3
40678,3
40679,3
40680,0
40681,3
40682,3
40683,1
40684,0
40685,2
40686,2
40687,2
40688,2
40689,2
40690,2
40691,3
40692,2
40693,2
40694,2
40695,2
40696,3
40697,2
40698,2
40699,0
40700,2
40701,3
40702,1
40703,0
40704,3
40705,2
40706,2
40707,1
40708,3
40709,3
40710,1
40711,1
40712,3
40713,1
40714,3
40715,1
40716,3
40717,1
40718,1
40719,1
40720,1
40721,1
40722,1
40723,1
40724,1
40725,1
40726,2
40727,2
40728,2
40729,2
40730,1
40731,2
40732,3
40733,3
40734,2
40735,3
40736,2
40737,3
40738,3
40739,3
40740,3
40741,3
40742,2
40743,3
40744,3
40745,3
40746,3
40747,3
40748,3
40749,3
40750,3
40751,3
40752,2
40753,2
40754,3
40755,3
40756,3
40757,2
40758,2
40759,2
40760,3
40761,0
40762,2
40763,2
40764,2
40765,2
40766,2
40767,3
40768,3
40769,2
40770,3
40771,2
40772,3
40773,3
40774,2
40775,3
40776,2
40777,1
40778,1
40779,1
40780,1
40781,1
40782,1
40783,3
40784,1
40785,1
40786,1
40787,1
40788,1
40789,3
40790,3
40791,1
40792,3
40793,1
40794,3
40795,3
40796,3
40797,1
40798,1
40799,1
40800,1
40801,3
40802,2
40803,2
40804,1
40805,1
40806,1
40807,1
40808,1
40809,1
40810,3
40811,3
40812,1
40813,1
40814,3
40815,1
40816,1
40817,1
40818,1
40819,1
40820,1
40821,1
40822,1
40823,3
40824,1
40825,2
40826,3
40827,1
40828,1
40829,1
40830,1
40831,1
40832,1
40833,3
40834,3
40835,3
40836,3
40837,1
40838,3
40839,1
40840,1
40841,3
40842,3
40843,3
40844,3
40845,3
40846,3
40847,2
40848,2
40849,3
40850,3
40851,3
40852,2
40853,3
40854,2
40855,2
40856,3
40857,2
40858,2
40859,2
40860,2
40861,2
40862,2
40863,2
40864,2
40865,2
40866,3
40867,3
40868,3
40869,3
40870,2
40871,2
40872,2
40873,2
40874,2
40875,3
40876,1
40877,1
40878,3
40879,3
40880,3
40881,3
40882,3
40883,3
40884,3
40885,3
40886,3
40887,3
40888,3
40889,3
40890,3
40891,3
40892,3
40893,3
40894,3
40895,3
40896,3
40897,3
40898,3
40899,3
40900,3
40901,3
40902,3
40903,3
40904,3
40905,3
40906,3
40907,3
40908,3
40909,3
40910,3
40911,3
40912,3
40913,3
40914,3
40915,3
40916,3
40917,3
40918,3
40919,3
40920,3
40921,2
40922,3
40923,3
40924,3
40925,3
40926,3
40927,2
40928,2
40929,2
40930,2
40931,3
40932,3
40933,3
40934,3
40935,2
40936,3
40937,2
40938,2
40939,3
40940,2
40941,3
40942,2
40943,2
40944,3
40945,3
40946,2
40947,2
40948,3
40949,3
40950,2
40951,3
40952,2
40953,2
40954,2
40955,2
40956,2
40957,2
40958,2
40959,2
40960,2
40961,3
40962,2
40963,2
40964,2
40965,3
40966,2
40967,2
40968,2
40969,2
40970,2
40971,2
40972,2
40973,2
40974,3
40975,3
40976,2
40977,3
40978,3
40979,2
40980,3
40981,3
40982,3
40983,3
40984,3
40985,3
40986,3
40987,3
40988,3
40989,3
40990,3
40991,2
40992,3
40993,3
40994,2
40995,2
40996,2
40997,3
40998,2
40999,2
41000,2
41001,2
41002,3
41003,3
41004,3
41005,3
41006,2
41007,3
41008,3
41009,3
41010,2
41011,3
41012,2
41013,3
41014,3
41015,2
41016,1
41017,2
41018,3
41019,2
41020,1
41021,2
41022,2
41023,0
41024,3
41025,2
41026,2
41027,2
41028,1
41029,0
41030,1
41031,0
41032,2
41033,2
41034,3
41035,3
41036,2
41037,2
41038,2
41039,3
41040,2
41041,2
41042,3
41043,3
41044,3
41045,3
41046,3
41047,2
41048,2
41049,2
41050,2
41051,2
41052,2
41053,2
41054,2
41055,2
41056,2
41057,2
41058,2
41059,3
41060,2
41061,3
41062,3
41063,2
41064,2
41065,2
41066,2
41067,2
41068,2
41069,2
41070,2
41071,0
41072,2
41073,2
41074,3
41075,2
41076,2
41077,2
41078,2
41079,3
41080,3
41081,2
41082,3
41083,3
41084,2
41085,3
41086,3
41087,3
41088,2
41089,3
41090,3
41091,3
41092,3
41093,3
41094,3
41095,3
41096,2
41097,3
41098,2
41099,2
41100,2
41101,2
41102,2
41103,2
41104,2
41105,2
41106,3
41107,2
41108,2
41109,2
41110,2
41111,2
41112,2
41113,2
41114,2
41115,2
41116,2
41117,2
41118,3
41119,3
41120,2
41121,2
41122,3
41123,3
41124,3
41125,3
41126,2
41127,3
41128,2
41129,3
41130,3
41131,3
41132,3
41133,3
41134,3
41135,3
41136,3
41137,3
41138,2
41139,3
41140,3
41141,2
41142,3
41143,3
41144,2
41145,2
41146,3
41147,2
41148,3
41149,3
41150,2
41151,2
41152,3
41153,3
41154,2
41155,3
41156,2
41157,3
41158,2
41159,2
41160,2
41161,3
41162,2
41163,3
41164,3
41165,3
41166,3
41167,2
41168,3
41169,3
41170,2
41171,3
41172,2
41173,3
41174,3
41175,3
41176,3
41177,3
41178,3
41179,3
41180,3
41181,3
41182,3
41183,3
41184,3
41185,3
41186,3
41187,3
41188,3
41189,3
41190,2
41191,3
41192,2
41193,3
41194,2
41195,2
41196,2
41197,2
41198,3
41199,3
41200,3
41201,2
41202,3
41203,3
41204,2
41205,3
41206,2
41207,3
41208,3
41209,1
41210,3
41211,3
41212,3
41213,3
41214,3
41215,3
41216,3
41217,3
41218,3
41219,3
41220,3
41221,2
41222,3
41223,2
41224,3
41225,2
41226,3
41227,2
41228,2
41229,2
41230,3
41231,3
41232,3
41233,2
41234,2
41235,2
41236,2
41237,2
41238,2
41239,2
41240,2
41241,2
41242,2
41243,3
41244,3
41245,3
41246,2
41247,2
41248,3
41249,3
41250,2
41251,2
41252,2
41253,2
41254,2
41255,2
41256,2
41257,2
41258,2
41259,3
41260,3
41261,3
41262,3
41263,3
41264,3
41265,3
41266,3
41267,3
41268,3
41269,3
41270,3
41271,3
41272,3
41273,2
41274,2
41275,3
41276,2
41277,2
41278,2
41279,2
41280,2
41281,2
41282,2
41283,2
41284,2
41285,2
41286,2
41287,2
41288,3
41289,2
41290,2
41291,2
41292,2
41293,3
41294,2
41295,2
41296,2
41297,2
41298,2
41299,2
41300,3
41301,3
41302,3
41303,3
41304,3
41305,3
41306,3
41307,3
41308,3
41309,3
41310,3
41311,3
41312,3
41313,3
41314,3
41315,3
41316,3
41317,3
41318,3
41319,3
41320,3
41321,3
41322,2
41323,3
41324,3
41325,3
41326,2
41327,2
41328,3
41329,3
41330,3
41331,3
41332,3
41333,3
41334,3
41335,3
41336,3
41337,3
41338,3
41339,3
41340,3
41341,0
41342,2
41343,3
41344,3
41345,3
41346,3
41347,3
41348,2
41349,3
41350,3
41351,3
41352,3
41353,3
41354,3
41355,3
41356,3
41357,3
41358,3
41359,3
41360,2
41361,2
41362,2
41363,2
41364,2
41365,2
41366,3
41367,2
41368,2
41369,2
41370,2
41371,2
41372,2
41373,2
41374,2
41375,3
41376,2
41377,3
41378,1
41379,3
41380,2
41381,3
41382,3
41383,3
41384,3
41385,2
41386,2
41387,2
41388,2
41389,3
41390,2
41391,2
41392,3
41393,3
41394,3
41395,3
41396,3
41397,3
41398,3
41399,2
41400,2
41401,3
41402,3
41403,1
41404,0
41405,3
41406,3
41407,3
41408,3
41409,2
41410,2
41411,2
41412,3
41413,2
41414,2
41415,2
41416,2
41417,2
41418,3
41419,2
41420,2
41421,3
41422,0
41423,2
41424,2
41425,2
41426,2
41427,2
41428,2
41429,2
41430,2
41431,3
41432,3
41433,3
41434,0
41435,2
41436,2
41437,3
41438,3
41439,1
41440,1
41441,1
41442,2
41443,2
41444,0
41445,1
41446,1
41447,1
41448,1
41449,0
41450,2
41451,2
41452,2
41453,2
41454,2
41455,2
41456,3
41457,2
41458,2
41459,2
41460,2
41461,2
41462,2
41463,2
41464,2
41465,2
41466,2
41467,2
41468,2
41469,2
41470,2
41471,3
41472,2
41473,2
41474,2
41475,3
41476,3
41477,2
41478,2
41479,2
41480,2
41481,2
41482,1
41483,1
41484,2
41485,3
41486,3
41487,2
41488,3
41489,2
41490,2
41491,2
41492,3
41493,2
41494,3
41495,3
41496,3
41497,2
41498,2
41499,3
41500,3
41501,2
41502,3
41503,3
41504,3
41505,3
41506,2
41507,2
41508,3
41509,3
41510,2
41511,2
41512,2
41513,2
41514,3
41515,1
41516,2
41517,2
41518,2
41519,2
41520,1
41521,3
41522,2
41523,2
41524,2
41525,3
41526,3
41527,2
41528,2
41529,2
41530,2
41531,2
41532,3
41533,2
41534,2
41535,2
41536,2
41537,2
41538,2
41539,2
41540,1
41541,2
41542,3
41543,3
41544,3
41545,3
41546,3
41547,3
41548,3
41549,3
41550,3
41551,3
41552,2
41553,2
41554,3
41555,2
41556,2
41557,2
41558,3
41559,2
41560,2
41561,2
41562,2
41563,2
41564,2
41565,2
41566,2
41567,2
41568,2
41569,2
41570,2
41571,2
41572,3
41573,3
41574,2
41575,2
41576,2
41577,2
41578,2
41579,2
41580,2
41581,2
41582,2
41583,2
41584,2
41585,3
41586,2
41587,2
41588,3
41589,3
41590,3
41591,3
41592,3
41593,2
41594,3
41595,2
41596,3
41597,3
41598,3
41599,3
41600,0
41601,2
41602,2
41603,2
41604,2
41605,2
41606,3
41607,3
41608,2
41609,2
41610,3
41611,3
41612,3
41613,3
41614,2
41615,2
41616,2
41617,2
41618,2
41619,3
41620,3
41621,3
41622,2
41623,2
41624,2
41625,2
41626,2
41627,3
41628,2
41629,0
41630,3
41631,3
41632,1
41633,2
41634,2
41635,2
41636,2
41637,2
41638,2
41639,2
41640,2
41641,3
41642,3
41643,3
41644,3
41645,3
41646,3
41647,1
41648,3
41649,3
41650,2
41651,3
41652,1
41653,1
41654,1
41655,3
41656,3
41657,2
41658,2
41659,3
41660,3
41661,1
41662,3
41663,3
41664,3
41665,3
41666,3
41667,3
41668,3
41669,3
41670,3
41671,3
41672,3
41673,3
41674,3
41675,3
41676,3
41677,3
41678,3
41679,3
41680,3
41681,3
41682,3
41683,0
41684,3
41685,3
41686,3
41687,3
41688,1
41689,0
41690,3
41691,3
41692,3
41693,3
41694,3
41695,3
41696,3
41697,3
41698,3
41699,3
41700,3
41701,3
41702,3
41703,2
41704,3
41705,3
41706,3
41707,3
41708,3
41709,3
41710,3
41711,3
41712,3
41713,1
41714,3
41715,3
41716,3
41717,3
41718,3
41719,3
41720,2
41721,2
41722,3
41723,3
41724,3
41725,3
41726,3
41727,3
41728,3
41729,2
41730,3
41731,3
41732,1
41733,3
41734,3
41735,3
41736,3
41737,3
41738,3
41739,2
41740,3
41741,1
41742,3
41743,3
41744,3
41745,3
41746,3
41747,3
41748,3
41749,3
41750,1
41751,3
41752,3
41753,3
41754,1
41755,1
41756,3
41757,3
41758,3
41759,3
41760,1
41761,3
41762,3
41763,2
41764,2
41765,3
41766,3
41767,3
41768,3
41769,3
41770,3
41771,1
41772,3
41773,3
41774,3
41775,3
41776,3
41777,1
41778,3
41779,3
41780,3
41781,1
41782,1
41783,3
41784,3
41785,1
41786,1
41787,2
41788,3
41789,3
41790,2
41791,2
41792,3
41793,2
41794,3
41795,3
41796,2
41797,2
41798,2
41799,3
41800,3
41801,2
41802,2
41803,2
41804,3
41805,3
41806,3
41807,3
41808,2
41809,2
41810,3
41811,3
41812,3
41813,2
41814,2
41815,1
41816,3
41817,3
41818,3
41819,3
41820,2
41821,3
41822,3
41823,3
41824,3
41825,2
41826,2
41827,3
41828,3
41829,2
41830,3
41831,3
41832,3
41833,3
41834,3
41835,3
41836,1
41837,2
41838,2
41839,3
41840,2
41841,2
41842,2
41843,3
41844,2
41845,2
41846,2
41847,2
41848,1
41849,3
41850,1
41851,1
41852,1
41853,3
41854,2
41855,1
41856,2
41857,2
41858,2
41859,3
41860,3
41861,3
41862,3
41863,3
41864,1
41865,3
41866,3
41867,3
41868,3
41869,3
41870,2
41871,3
41872,3
41873,3
41874,2
41875,2
41876,3
41877,1
41878,3
41879,3
41880,1
41881,3
41882,3
41883,3
41884,2
41885,2
41886,2
41887,2
41888,2
41889,2
41890,2
41891,2
41892,3
41893,0
41894,2
41895,2
41896,2
41897,1
41898,3
41899,1
41900,2
41901,2
41902,2
41903,3
41904,3
41905,3
41906,3
41907,3
41908,3
41909,3
41910,3
41911,3
41912,3
41913,1
41914,1
41915,0
41916,3
41917,3
41918,3
41919,1
41920,3
41921,3
41922,3
41923,3
41924,3
41925,2
41926,3
41927,3
41928,3
41929,3
41930,3
41931,3
41932,3
41933,3
41934,2
41935,2
41936,2
41937,2
41938,3
41939,2
41940,2
41941,3
41942,2
41943,2
41944,2
41945,3
41946,3
41947,3
41948,2
41949,1
41950,1
41951,3
41952,3
41953,3
41954,3
41955,3
41956,3
41957,1
41958,3
41959,3
41960,3
41961,3
41962,3
41963,3
41964,3
41965,0
41966,1
41967,3
41968,3
41969,3
41970,2
41971,2
41972,3
41973,1
41974,3
41975,2
41976,2
41977,2
41978,2
41979,2
41980,1
41981,3
41982,3
41983,3
41984,3
41985,3
41986,3
41987,0
41988,0
41989,2
41990,2
41991,1
41992,2
41993,3
41994,3
41995,3
41996,1
41997,1
41998,3
41999,1
42000,3
42001,1
42002,3
42003,3
42004,3
42005,3
42006,3
42007,2
42008,2
42009,3
42010,3
42011,3
42012,3
42013,3
42014,3
42015,2
42016,2
42017,2
42018,2
42019,2
42020,3
42021,2
42022,2
42023,3
42024,2
42025,3
42026,2
42027,3
42028,2
42029,3
42030,3
42031,3
42032,2
42033,3
42034,2
42035,2
42036,2
42037,3
42038,3
42039,1
42040,3
42041,3
42042,3
42043,3
42044,3
42045,3
42046,3
42047,3
42048,3
42049,3
42050,2
42051,2
42052,2
42053,3
42054,3
42055,1
42056,3
42057,3
42058,3
42059,0
42060,2
42061,0
42062,0
42063,0
42064,0
42065,0
42066,0
42067,3
42068,3
42069,1
42070,3
42071,3
42072,2
42073,2
42074,2
42075,2
42076,2
42077,2
42078,2
42079,2
42080,2
42081,2
42082,2
42083,2
42084,2
42085,2
42086,2
42087,2
42088,2
42089,2
42090,2
42091,2
42092,2
42093,2
42094,2
42095,2
42096,3
42097,2
42098,3
42099,2
42100,3
42101,2
42102,2
42103,3
42104,3
42105,2
42106,3
42107,3
42108,2
42109,2
42110,2
42111,2
42112,2
42113,2
42114,3
42115,2
42116,3
42117,3
42118,2
42119,2
42120,3
42121,2
42122,2
42123,1
42124,3
42125,3
42126,3
42127,3
42128,3
42129,3
42130,2
42131,2
42132,2
42133,2
42134,2
42135,2
42136,2
42137,3
42138,2
42139,2
42140,2
42141,2
42142,2
42143,3
42144,2
42145,2
42146,2
42147,2
42148,2
42149,3
42150,3
42151,2
42152,2
42153,2
42154,2
42155,3
42156,3
42157,3
42158,3
42159,3
42160,2
42161,3
42162,2
42163,3
42164,3
42165,1
42166,3
42167,2
42168,2
42169,2
42170,2
42171,2
42172,2
42173,2
42174,2
42175,2
42176,2
42177,2
42178,2
42179,2
42180,2
42181,2
42182,2
42183,2
42184,1
42185,2
42186,2
42187,3
42188,3
42189,3
42190,0
42191,3
42192,2
42193,3
42194,2
42195,2
42196,3
42197,1
42198,3
42199,3
42200,3
42201,3
42202,3
42203,3
42204,3
42205,1
42206,1
42207,1
42208,3
42209,2
42210,2
42211,3
42212,2
42213,2
42214,3
42215,3
42216,3
42217,2
42218,3
42219,0
42220,0
42221,1
42222,1
42223,3
42224,0
42225,3
42226,0
42227,2
42228,2
42229,2
42230,2
42231,3
42232,3
42233,1
42234,1
42235,1
42236,3
42237,3
42238,3
42239,3
42240,3
42241,3
42242,3
42243,2
42244,2
42245,3
42246,1
42247,2
42248,3
42249,2
42250,3
42251,3
42252,2
42253,3
42254,3
42255,3
42256,3
42257,3
42258,3
42259,3
42260,3
42261,3
42262,2
42263,3
42264,3
42265,3
42266,3
42267,3
42268,1
42269,3
42270,2
42271,2
42272,3
42273,3
42274,3
42275,2
42276,3
42277,3
42278,3
42279,2
42280,2
42281,3
42282,3
42283,0
42284,0
42285,2
42286,2
42287,2
42288,3
42289,0
42290,2
42291,3
42292,0
42293,3
42294,3
42295,3
42296,3
42297,3
42298,2
42299,3
42300,3
42301,0
42302,3
42303,0
42304,3
42305,3
42306,2
42307,3
42308,3
42309,1
42310,1
42311,3
42312,3
42313,1
42314,3
42315,3
42316,3
42317,3
42318,2
42319,2
42320,2
42321,2
42322,3
42323,2
42324,2
42325,2
42326,2
42327,3
42328,2
42329,2
42330,2
42331,2
42332,3
42333,3
42334,3
42335,3
42336,0
42337,3
42338,3
42339,3
42340,2
42341,2
42342,2
42343,2
42344,3
42345,2
42346,1
42347,3
42348,2
42349,2
42350,3
42351,3
42352,2
42353,3
42354,3
42355,0
42356,0
42357,0
42358,3
42359,2
42360,2
42361,0
42362,2
42363,0
42364,2
42365,0
42366,0
42367,2
42368,0
42369,0
42370,0
42371,2
42372,2
42373,2
42374,3
42375,1
42376,1
42377,1
42378,1
42379,3
42380,1
42381,1
42382,2
42383,2
42384,3
42385,3
42386,0
42387,2
42388,2
42389,2
42390,2
42391,2
42392,3
42393,2
42394,2
42395,3
42396,3
42397,2
42398,3
42399,3
42400,2
42401,0
42402,3
42403,3
42404,2
42405,2
42406,2
42407,3
42408,2
42409,3
42410,3
42411,3
42412,2
42413,2
42414,2
42415,2
42416,2
42417,2
42418,2
42419,2
42420,2
42421,2
42422,2
42423,1
42424,1
42425,1
42426,1
42427,2
42428,2
42429,2
42430,2
42431,2
42432,3
42433,2
42434,3
42435,3
42436,3
42437,2
42438,2
42439,2
42440,2
42441,2
42442,2
42443,2
42444,2
42445,2
42446,2
42447,2
42448,2
42449,2
42450,3
42451,3
42452,2
42453,2
42454,2
42455,2
42456,2
42457,2
42458,3
42459,3
42460,2
42461,3
42462,2
42463,3
42464,2
42465,3
42466,3
42467,3
42468,3
42469,3
42470,3
42471,3
42472,3
42473,3
42474,3
42475,3
42476,3
42477,3
42478,3
42479,3
42480,3
42481,2
42482,3
42483,3
42484,3
42485,3
42486,3
42487,2
42488,2
42489,2
42490,2
42491,2
42492,2
42493,2
42494,3
42495,2
42496,3
42497,2
42498,3
42499,3
42500,2
42501,3
42502,3
42503,2
42504,3
42505,3
42506,3
42507,3
42508,2
42509,3
42510,2
42511,1
42512,3
42513,1
42514,2
42515,2
42516,3
42517,2
42518,2
42519,2
42520,2
42521,3
42522,2
42523,3
42524,3
42525,2
42526,1
42527,2
42528,0
42529,0
42530,3
42531,3
42532,2
42533,3
42534,3
42535,1
42536,1
42537,2
42538,2
42539,2
42540,2
42541,2
42542,2
42543,2
42544,2
42545,2
42546,2
42547,2
42548,2
42549,3
42550,3
42551,3
42552,3
42553,3
42554,3
42555,3
42556,2
42557,3
42558,3
42559,3
42560,3
42561,3
42562,3
42563,3
42564,3
42565,2
42566,2
42567,3
42568,3
42569,2
42570,2
42571,2
42572,2
42573,3
42574,3
42575,1
42576,2
42577,2
42578,2
42579,2
42580,1
42581,3
42582,0
42583,3
42584,2
42585,2
42586,2
42587,2
42588,2
42589,1
42590,2
42591,2
42592,2
42593,2
42594,2
42595,2
42596,2
42597,2
42598,2
42599,2
42600,2
42601,2
42602,3
42603,2
42604,3
42605,2
42606,1
42607,3
42608,3
42609,2
42610,2
42611,2
42612,1
42613,2
42614,2
42615,2
42616,2
42617,2
42618,2
42619,3
42620,2
42621,3
42622,2
42623,2
42624,2
42625,2
42626,0
42627,2
42628,2
42629,2
42630,2
42631,0
42632,2
42633,2
42634,3
42635,2
42636,3
42637,2
42638,2
42639,2
42640,2
42641,2
42642,2
42643,2
42644,2
42645,2
42646,2
42647,3
42648,3
42649,2
42650,2
42651,2
42652,2
42653,2
42654,2
42655,2
42656,3
42657,2
42658,3
42659,3
42660,3
42661,3
42662,3
42663,3
42664,3
42665,2
42666,2
42667,3
42668,3
42669,3
42670,3
42671,3
42672,3
42673,0
42674,3
42675,3
42676,2
42677,2
42678,0
42679,2
42680,0
42681,3
42682,3
42683,3
42684,3
42685,0
42686,0
42687,2
42688,3
42689,3
42690,2
42691,3
42692,2
42693,2
42694,2
42695,3
42696,3
42697,3
42698,2
42699,3
42700,3
42701,2
42702,2
42703,2
42704,2
42705,2
42706,3
42707,3
42708,3
42709,3
42710,0
42711,3
42712,3
42713,3
42714,3
42715,2
42716,2
42717,3
42718,3
42719,3
42720,3
42721,3
42722,3
42723,2
42724,0
42725,0
42726,3
42727,2
42728,2
42729,2
42730,0
42731,3
42732,3
42733,3
42734,3
42735,2
42736,2
42737,2
42738,3
42739,3
42740,3
42741,2
42742,3
42743,3
42744,3
42745,2
42746,2
42747,2
42748,3
42749,3
42750,3
42751,3
42752,3
42753,3
42754,2
42755,2
42756,2
42757,3
42758,2
42759,2
42760,2
42761,3
42762,3
42763,3
42764,3
42765,0
42766,3
42767,3
42768,3
42769,2
42770,3
42771,3
42772,2
42773,3
42774,3
42775,3
42776,3
42777,3
42778,2
42779,3
42780,0
42781,3
42782,3
42783,3
42784,3
42785,2
42786,3
42787,3
42788,3
42789,2
42790,3
42791,2
42792,3
42793,3
42794,3
42795,3
42796,3
42797,3
42798,2
42799,3
42800,3
42801,3
42802,3
42803,0
42804,0
42805,0
42806,2
42807,2
42808,2
42809,2
42810,3
42811,2
42812,2
42813,2
42814,2
42815,2
42816,2
42817,2
42818,2
42819,3
42820,2
42821,2
42822,2
42823,2
42824,2
42825,2
42826,2
42827,2
42828,2
42829,2
42830,2
42831,2
42832,2
42833,1
42834,2
42835,2
42836,2
42837,2
42838,2
42839,2
42840,2
42841,2
42842,2
42843,3
42844,3
42845,2
42846,2
42847,3
42848,2
42849,2
42850,2
42851,2
42852,3
42853,2
42854,2
42855,3
42856,3
42857,3
42858,0
42859,2
42860,3
42861,0
42862,3
42863,3
42864,2
42865,2
42866,3
42867,2
42868,3
42869,2
42870,0
42871,0
42872,3
42873,2
42874,0
42875,3
42876,0
42877,2
42878,2
42879,2
42880,3
42881,3
42882,0
42883,3
42884,2
42885,3
42886,2
42887,2
42888,2
42889,2
42890,2
42891,3
42892,1
42893,3
42894,3
42895,2
42896,3
42897,1
42898,1
42899,2
42900,3
42901,3
42902,2
42903,2
42904,2
42905,2
42906,2
42907,2
42908,2
42909,2
42910,2
42911,2
42912,2
42913,2
42914,2
42915,2
42916,2
42917,2
42918,2
42919,2
42920,2
42921,2
42922,2
42923,2
42924,2
42925,3
42926,2
42927,1
42928,1
42929,3
42930,2
42931,3
42932,2
42933,3
42934,3
42935,2
42936,2
42937,2
42938,2
42939,3
42940,2
42941,2
42942,2
42943,1
42944,3
42945,3
42946,3
42947,2
42948,3
42949,3
42950,3
42951,3
42952,3
42953,2
42954,3
42955,3
42956,3
42957,3
42958,3
42959,2
42960,3
42961,2
42962,3
42963,1
42964,2
42965,2
42966,2
42967,2
42968,2
42969,3
42970,1
42971,2
42972,2
42973,3
42974,2
42975,2
42976,2
42977,3
42978,3
42979,2
42980,2
42981,2
42982,2
42983,2
42984,2
42985,3
42986,2
42987,2
42988,2
42989,2
42990,2
42991,2
42992,2
42993,2
42994,2
42995,3
42996,2
42997,3
42998,2
42999,2
43000,2
43001,2
43002,3
43003,3
43004,3
43005,2
43006,2
43007,3
43008,1
43009,3
43010,3
43011,3
43012,3
43013,3
43014,3
43015,3
43016,3
43017,3
43018,3
43019,3
43020,3
43021,0
43022,3
43023,2
43024,3
43025,1
43026,3
43027,2
43028,3
43029,2
43030,3
43031,3
43032,2
43033,0
43034,3
43035,1
43036,3
43037,3
43038,2
43039,2
43040,2
43041,3
43042,3
43043,3
43044,3
43045,2
43046,3
43047,1
43048,2
43049,2
43050,0
43051,3
43052,3
43053,2
43054,2
43055,3
43056,3
43057,2
43058,3
43059,3
43060,2
43061,2
43062,2
43063,3
43064,3
43065,3
43066,3
43067,1
43068,3
43069,3
43070,2
43071,2
43072,2
43073,2
43074,2
43075,2
43076,2
43077,2
43078,2
43079,2
43080,2
43081,2
43082,2
43083,2
43084,2
43085,2
43086,2
43087,2
43088,2
43089,2
43090,2
43091,2
43092,3
43093,2
43094,2
43095,2
43096,2
43097,3
43098,2
43099,2
43100,2
43101,2
43102,3
43103,3
43104,2
43105,3
43106,1
43107,3
43108,1
43109,2
43110,2
43111,2
43112,3
43113,2
43114,3
43115,2
43116,2
43117,3
43118,3
43119,3
43120,3
43121,3
43122,3
43123,3
43124,3
43125,2
43126,3
43127,3
43128,2
43129,2
43130,1
43131,3
43132,3
43133,3
43134,3
43135,3
43136,3
43137,3
43138,2
43139,2
43140,2
43141,2
43142,2
43143,2
43144,3
43145,2
43146,2
43147,3
43148,2
43149,2
43150,2
43151,3
43152,3
43153,1
43154,3
43155,2
43156,2
43157,3
43158,2
43159,2
43160,2
43161,2
43162,2
43163,2
43164,2
43165,2
43166,2
43167,2
43168,2
43169,2
43170,2
43171,2
43172,2
43173,3
43174,2
43175,3
43176,3
43177,3
43178,3
43179,2
43180,3
43181,2
43182,3
43183,3
43184,2
43185,2
43186,3
43187,3
43188,2
43189,3
43190,2
43191,3
43192,3
43193,3
43194,3
43195,0
43196,3
43197,3
43198,3
43199,3
43200,3
43201,3
43202,3
43203,3
43204,3
43205,3
43206,2
43207,2
43208,3
43209,3
43210,3
43211,2
43212,2
43213,2
43214,2
43215,3
43216,2
43217,2
43218,2
43219,2
43220,2
43221,2
43222,3
43223,2
43224,2
43225,3
43226,3
43227,1
43228,2
43229,2
43230,0
43231,3
43232,1
43233,3
43234,2
43235,2
43236,2
43237,3
43238,2
43239,3
43240,1
43241,3
43242,3
43243,3
43244,3
43245,2
43246,2
43247,2
43248,2
43249,2
43250,2
43251,2
43252,2
43253,2
43254,2
43255,3
43256,2
43257,3
43258,2
43259,3
43260,3
43261,3
43262,3
43263,2
43264,2
43265,3
43266,2
43267,3
43268,3
43269,3
43270,3
43271,1
43272,3
43273,3
43274,3
43275,3
43276,3
43277,3
43278,3
43279,1
43280,2
43281,3
43282,3
43283,3
43284,3
43285,3
43286,1
43287,3
43288,3
43289,3
43290,3
43291,3
43292,2
43293,2
43294,3
43295,3
43296,3
43297,3
43298,2
43299,2
43300,2
43301,2
43302,2
43303,3
43304,3
43305,3
43306,3
43307,3
43308,3
43309,2
43310,2
43311,3
43312,1
43313,1
43314,3
43315,2
43316,3
43317,3
43318,2
43319,3
43320,3
43321,2
43322,2
43323,1
43324,1
43325,2
43326,2
43327,3
43328,3
43329,1
43330,3
43331,3
43332,1
43333,2
43334,3
43335,3
43336,3
43337,3
43338,3
43339,3
43340,3
43341,3
43342,3
43343,3
43344,3
43345,3
43346,2
43347,2
43348,2
43349,2
43350,3
43351,3
43352,3
43353,2
43354,3
43355,3
43356,3
43357,3
43358,3
43359,3
43360,3
43361,3
43362,3
43363,3
43364,3
43365,3
43366,3
43367,3
43368,3
43369,2
43370,2
43371,3
43372,3
43373,3
43374,3
43375,3
43376,2
43377,2
43378,3
43379,3
43380,3
43381,2
43382,1
43383,3
43384,2
43385,3
43386,3
43387,3
43388,3
43389,3
43390,3
43391,3
43392,3
43393,3
43394,2
43395,3
43396,3
43397,2
43398,3
43399,3
43400,3
43401,1
43402,3
43403,1
43404,2
43405,3
43406,3
43407,2
43408,2
43409,3
43410,1
43411,1
43412,3
43413,3
43414,3
43415,3
43416,3
43417,3
43418,3
43419,2
43420,2
43421,2
43422,1
43423,3
43424,1
43425,3
43426,2
43427,2
43428,1
43429,2
43430,2
43431,2
43432,2
43433,1
43434,3
43435,3
43436,3
43437,1
43438,3
43439,3
43440,3
43441,2
43442,2
43443,2
43444,3
43445,3
43446,3
43447,2
43448,2
43449,2
43450,2
43451,3
43452,3
43453,3
43454,3
43455,3
43456,3
43457,3
43458,3
43459,3
43460,2
43461,3
43462,3
43463,3
43464,2
43465,2
43466,3
43467,3
43468,2
43469,2
43470,2
43471,3
43472,2
43473,2
43474,3
43475,2
43476,3
43477,0
43478,0
43479,2
43480,2
43481,1
43482,2
43483,2
43484,3
43485,2
43486,3
43487,3
43488,3
43489,2
43490,2
43491,3
43492,2
43493,2
43494,3
43495,2
43496,3
43497,3
43498,3
43499,3
43500,2
43501,3
43502,3
43503,3
43504,2
43505,2
43506,2
43507,2
43508,2
43509,2
43510,3
43511,3
43512,3
43513,2
43514,3
43515,1
43516,1
43517,3
43518,2
43519,3
43520,3
43521,2
43522,2
43523,2
43524,1
43525,3
43526,2
43527,2
43528,3
43529,3
43530,2
43531,1
43532,2
43533,3
43534,2
43535,2
43536,3
43537,1
43538,3
43539,3
43540,1
43541,3
43542,3
43543,2
43544,3
43545,3
43546,3
43547,3
43548,3
43549,3
43550,1
43551,2
43552,3
43553,3
43554,3
43555,3
43556,2
43557,3
43558,3
43559,3
43560,3
43561,2
43562,2
43563,2
43564,2
43565,2
43566,3
43567,2
43568,3
43569,3
43570,2
43571,3
43572,3
43573,2
43574,3
43575,3
43576,2
43577,2
43578,3
43579,2
43580,2
43581,3
43582,2
43583,2
43584,2
43585,2
43586,2
43587,2
43588,3
43589,3
43590,3
43591,3
43592,2
43593,1
43594,3
43595,3
43596,2
43597,3
43598,2
43599,2
43600,3
43601,3
43602,2
43603,3
43604,2
43605,2
43606,3
43607,3
43608,2
43609,3
43610,3
43611,3
43612,2
43613,2
43614,1
43615,2
43616,2
43617,2
43618,1
43619,2
43620,2
43621,2
43622,2
43623,2
43624,2
43625,2
43626,2
43627,2
43628,2
43629,2
43630,2
43631,2
43632,2
43633,2
43634,2
43635,2
43636,2
43637,2
43638,3
43639,3
43640,3
43641,3
43642,3
43643,3
43644,1
43645,3
43646,3
43647,2
43648,2
43649,2
43650,2
43651,2
43652,2
43653,3
43654,3
43655,2
43656,2
43657,2
43658,2
43659,3
43660,2
43661,3
43662,3
43663,3
43664,2
43665,3
43666,2
43667,2
43668,3
43669,0
43670,1
43671,3
43672,3
43673,3
43674,2
43675,3
43676,2
43677,2
43678,2
43679,2
43680,3
43681,2
43682,2
43683,2
43684,2
43685,2
43686,2
43687,2
43688,2
43689,2
43690,2
43691,1
43692,2
43693,2
43694,2
43695,3
43696,2
43697,2
43698,3
43699,2
43700,3
43701,2
43702,3
43703,2
43704,2
43705,2
43706,2
43707,3
43708,2
43709,2
43710,3
43711,3
43712,3
43713,3
43714,3
43715,3
43716,2
43717,3
43718,1
43719,2
43720,2
43721,2
43722,3
43723,2
43724,2
43725,2
43726,2
43727,3
43728,2
43729,2
43730,2
43731,2
43732,2
43733,1
43734,3
43735,3
43736,2
43737,2
43738,2
43739,2
43740,2
43741,2
43742,2
43743,2
43744,2
43745,3
43746,3
43747,2
43748,2
43749,2
43750,3
43751,3
43752,3
43753,3
43754,3
43755,3
43756,3
43757,3
43758,3
43759,3
43760,1
43761,2
43762,3
43763,2
43764,3
43765,3
43766,3
43767,3
43768,3
43769,3
43770,2
43771,3
43772,2
43773,3
43774,3
43775,3
43776,2
43777,3
43778,3
43779,2
43780,3
43781,3
43782,3
43783,3
43784,3
43785,3
43786,3
43787,3
43788,3
43789,3
43790,3
43791,3
43792,3
43793,3
43794,3
43795,3
43796,3
43797,3
43798,3
43799,3
43800,3
43801,3
43802,3
43803,3
43804,3
43805,3
43806,3
43807,2
43808,2
43809,2
43810,2
43811,2
43812,2
43813,2
43814,2
43815,2
43816,2
43817,2
43818,2
43819,3
43820,3
43821,3
43822,2
43823,2
43824,2
43825,2
43826,2
43827,2
43828,2
43829,2
43830,2
43831,2
43832,3
43833,2
43834,2
43835,3
43836,3
43837,3
43838,3
43839,2
43840,3
43841,3
43842,3
43843,3
43844,3
43845,3
43846,3
43847,3
43848,2
43849,3
43850,3
43851,3
43852,3
43853,3
43854,3
43855,3
43856,3
43857,3
43858,3
43859,3
43860,3
43861,3
43862,3
43863,2
43864,3
43865,3
43866,3
43867,3
43868,3
43869,3
43870,3
43871,3
43872,3
43873,3
43874,2
43875,3
43876,3
43877,2
43878,3
43879,2
43880,3
43881,3
43882,2
43883,2
43884,3
43885,3
43886,3
43887,3
43888,3
43889,3
43890,3
43891,3
43892,3
43893,3
43894,3
43895,3
43896,3
43897,2
43898,2
43899,2
43900,3
43901,2
43902,2
43903,2
43904,2
43905,3
43906,3
43907,3
43908,3
43909,2
43910,2
43911,2
43912,3
43913,3
43914,3
43915,3
43916,3
43917,2
43918,3
43919,3
43920,3
43921,3
43922,3
43923,1
43924,3
43925,2
43926,3
43927,3
43928,3
43929,3
43930,3
43931,3
43932,3
43933,3
43934,3
43935,3
43936,3
43937,3
43938,3
43939,3
43940,3
43941,2
43942,2
43943,3
43944,2
43945,2
43946,3
43947,2
43948,2
43949,2
43950,3
43951,3
43952,3
43953,2
43954,2
43955,2
43956,2
43957,2
43958,2
43959,2
43960,2
43961,2
43962,2
43963,2
43964,3
43965,3
43966,3
43967,3
43968,3
43969,3
43970,3
43971,3
43972,3
43973,3
43974,3
43975,3
43976,3
43977,3
43978,3
43979,3
43980,3
43981,3
43982,3
43983,3
43984,3
43985,3
43986,3
43987,3
43988,2
43989,2
43990,2
43991,3
43992,3
43993,2
43994,2
43995,2
43996,2
43997,2
43998,2
43999,2
44000,2
44001,3
44002,3
44003,3
44004,2
44005,2
44006,2
44007,3
44008,2
44009,3
44010,2
44011,3
44012,3
44013,2
44014,2
44015,3
44016,3
44017,2
44018,3
44019,3
44020,3
44021,3
44022,2
44023,2
44024,2
44025,2
44026,3
44027,2
44028,2
44029,2
44030,2
44031,2
44032,2
44033,3
44034,3
44035,2
44036,2
44037,3
44038,3
44039,2
44040,3
44041,3
44042,3
44043,3
44044,2
44045,2
44046,3
44047,2
44048,2
44049,2
44050,3
44051,2
44052,3
44053,2
44054,2
44055,2
44056,2
44057,2
44058,2
44059,2
44060,2
44061,2
44062,2
44063,2
44064,2
44065,2
44066,2
44067,2
44068,2
44069,2
44070,2
44071,2
44072,2
44073,2
44074,2
44075,2
44076,3
44077,2
44078,2
44079,2
44080,3
44081,3
44082,3
44083,2
44084,2
44085,2
44086,2
44087,2
44088,2
44089,2
44090,2
44091,2
44092,2
44093,2
44094,2
44095,2
44096,2
44097,3
44098,3
44099,3
44100,3
44101,3
44102,3
44103,1
44104,3
44105,3
44106,3
44107,3
44108,3
44109,3
44110,3
44111,2
44112,3
44113,3
44114,3
44115,3
44116,3
44117,3
44118,3
44119,2
44120,2
44121,2
44122,2
44123,2
44124,2
44125,2
44126,3
44127,3
44128,3
44129,3
44130,2
44131,2
44132,2
44133,2
44134,2
44135,3
44136,2
44137,2
44138,2
44139,2
44140,3
44141,3
44142,3
44143,3
44144,3
44145,3
44146,2
44147,2
44148,3
44149,3
44150,3
44151,3
44152,3
44153,2
44154,2
44155,2
44156,3
44157,2
44158,3
44159,2
44160,2
44161,2
44162,2
44163,2
44164,2
44165,2
44166,2
44167,2
44168,2
44169,2
44170,3
44171,2
44172,2
44173,1
44174,3
44175,3
44176,2
44177,2
44178,2
44179,2
44180,2
44181,2
44182,2
44183,3
44184,3
44185,3
44186,3
44187,2
44188,2
44189,2
44190,3
44191,3
44192,3
44193,2
44194,3
44195,3
44196,3
44197,3
44198,3
44199,3
44200,2
44201,3
44202,3
44203,3
44204,3
44205,3
44206,3
44207,3
44208,3
44209,2
44210,2
44211,3
44212,2
44213,2
44214,3
44215,2
44216,3
44217,3
44218,3
44219,3
44220,3
44221,3
44222,3
44223,3
44224,3
44225,3
44226,3
44227,3
44228,3
44229,3
44230,2
44231,3
44232,3
44233,3
44234,2
44235,2
44236,2
44237,2
44238,2
44239,2
44240,2
44241,2
44242,2
44243,2
44244,2
44245,2
44246,2
44247,2
44248,2
44249,2
44250,2
44251,2
44252,2
44253,2
44254,2
44255,2
44256,2
44257,3
44258,3
44259,3
44260,3
44261,3
44262,3
44263,3
44264,2
44265,3
44266,3
44267,3
44268,2
44269,2
44270,2
44271,2
44272,2
44273,2
44274,2
44275,2
44276,3
44277,3
44278,2
44279,2
44280,2
44281,3
44282,2
44283,2
44284,3
44285,2
44286,2
44287,2
44288,2
44289,2
44290,2
44291,2
44292,2
44293,2
44294,2
44295,2
44296,2
44297,2
44298,2
44299,2
44300,2
44301,2
44302,2
44303,2
44304,3
44305,3
44306,3
44307,3
44308,3
44309,3
44310,3
44311,3
44312,2
44313,3
44314,2
44315,3
44316,2
44317,3
44318,2
44319,2
44320,3
44321,1
44322,2
44323,2
44324,2
44325,2
44326,2
44327,2
44328,2
44329,2
44330,2
44331,2
44332,2
44333,2
44334,2
44335,2
44336,2
44337,2
44338,2
44339,2
44340,2
44341,2
44342,3
44343,2
44344,2
44345,2
44346,2
44347,2
44348,2
44349,2
44350,2
44351,2
44352,2
44353,2
44354,2
44355,3
44356,2
44357,2
44358,2
44359,2
44360,2
44361,2
44362,2
44363,2
44364,2
44365,2
44366,2
44367,2
44368,2
44369,2
44370,3
44371,3
44372,3
44373,3
44374,3
44375,3
44376,3
44377,3
44378,2
44379,3
44380,3
44381,3
44382,2
44383,2
44384,2
44385,2
44386,2
44387,2
44388,2
44389,2
44390,2
44391,2
44392,2
44393,2
44394,2
44395,2
44396,2
44397,2
44398,2
44399,2
44400,2
44401,2
44402,2
44403,2
44404,2
44405,2
44406,2
44407,2
44408,2
44409,2
44410,2
44411,2
44412,2
44413,2
44414,2
44415,2
44416,2
44417,3
44418,3
44419,3
44420,2
44421,2
44422,3
44423,3
44424,3
44425,2
44426,3
44427,3
44428,3
44429,3
44430,2
44431,2
44432,3
44433,2
44434,2
44435,2
44436,3
44437,2
44438,2
44439,2
44440,2
44441,2
44442,2
44443,2
44444,2
44445,2
44446,3
44447,2
44448,2
44449,2
44450,2
44451,2
44452,2
44453,2
44454,3
44455,2
44456,3
44457,2
44458,3
44459,2
44460,3
44461,2
44462,2
44463,2
44464,2
44465,2
44466,2
44467,2
44468,2
44469,2
44470,3
44471,2
44472,2
44473,2
44474,2
44475,2
44476,2
44477,3
44478,2
44479,2
44480,2
44481,2
44482,2
44483,2
44484,3
44485,3
44486,2
44487,2
44488,2
44489,2
44490,3
44491,2
44492,2
44493,2
44494,2
44495,2
44496,3
44497,3
44498,3
44499,3
44500,2
44501,2
44502,3
44503,2
44504,2
44505,3
44506,2
44507,2
44508,2
44509,2
44510,2
44511,2
44512,2
44513,2
44514,2
44515,2
44516,2
44517,2
44518,2
44519,2
44520,2
44521,2
44522,2
44523,2
44524,2
44525,2
44526,3
44527,3
44528,3
44529,2
44530,3
44531,3
44532,2
44533,3
44534,3
44535,3
44536,3
44537,3
44538,3
44539,3
44540,3
44541,2
44542,2
44543,2
44544,2
44545,2
44546,2
44547,2
44548,2
44549,3
44550,2
44551,2
44552,2
44553,2
44554,2
44555,2
44556,3
44557,3
44558,2
44559,3
44560,2
44561,3
44562,2
44563,3
44564,3
44565,3
44566,3
44567,3
44568,3
44569,3
44570,3
44571,3
44572,3
44573,2
44574,2
44575,2
44576,3
44577,2
44578,2
44579,2
44580,2
44581,2
44582,2
44583,3
44584,3
44585,3
44586,3
44587,2
44588,3
44589,3
44590,2
44591,2
44592,3
44593,3
44594,2
44595,3
44596,3
44597,3
44598,2
44599,2
44600,3
44601,2
44602,2
44603,3
44604,2
44605,3
44606,3
44607,2
44608,2
44609,2
44610,2
44611,2
44612,2
44613,2
44614,2
44615,2
44616,2
44617,2
44618,2
44619,2
44620,2
44621,2
44622,2
44623,2
44624,2
44625,2
44626,2
44627,2
44628,2
44629,2
44630,2
44631,2
44632,2
44633,2
44634,2
44635,2
44636,2
44637,2
44638,2
44639,2
44640,3
44641,2
44642,2
44643,2
44644,2
44645,2
44646,2
44647,2
44648,2
44649,2
44650,2
44651,2
44652,2
44653,2
44654,2
44655,2
44656,2
44657,2
44658,2
44659,2
44660,2
44661,2
44662,2
44663,2
44664,2
44665,2
44666,2
44667,2
44668,3
44669,2
44670,3
44671,2
44672,2
44673,3
44674,3
44675,3
44676,3
44677,3
44678,2
44679,3
44680,3
44681,2
44682,3
44683,2
44684,3
44685,2
44686,3
44687,3
44688,2
44689,3
44690,2
44691,3
44692,2
44693,2
44694,2
44695,3
44696,2
44697,2
44698,2
44699,2
44700,2
44701,3
44702,3
44703,3
44704,3
44705,2
44706,2
44707,3
44708,2
44709,2
44710,2
44711,3
44712,3
44713,3
44714,3
44715,3
44716,3
44717,2
44718,3
44719,3
44720,3
44721,3
44722,2
44723,2
44724,2
44725,3
44726,3
44727,3
44728,3
44729,3
44730,3
44731,3
44732,2
44733,2
44734,2
44735,3
44736,2
44737,2
44738,2
44739,2
44740,2
44741,2
44742,2
44743,2
44744,2
44745,2
44746,2
44747,2
44748,2
44749,2
44750,2
44751,2
44752,2
44753,2
44754,3
44755,2
44756,2
44757,2
44758,3
44759,2
44760,2
44761,2
44762,2
44763,2
44764,2
44765,2
44766,2
44767,2
44768,2
44769,2
44770,2
44771,2
44772,2
44773,2
44774,2
44775,2
44776,3
44777,2
44778,2
44779,2
44780,2
44781,2
44782,2
44783,2
44784,2
44785,2
44786,2
44787,2
44788,2
44789,3
44790,2
44791,2
44792,2
44793,2
44794,2
44795,3
44796,3
44797,3
44798,2
44799,2
44800,2
44801,2
44802,3
44803,2
44804,2
44805,2
44806,2
44807,3
44808,2
44809,2
44810,2
44811,3
44812,3
44813,2
44814,3
44815,3
44816,3
44817,2
44818,2
44819,3
44820,2
44821,2
44822,3
44823,3
44824,3
44825,2
44826,2
44827,2
44828,2
44829,2
44830,2
44831,2
44832,2
44833,2
44834,3
44835,3
44836,3
44837,1
44838,1
44839,1
44840,2
44841,2
44842,2
44843,2
44844,2
44845,2
44846,2
44847,2
44848,2
44849,3
44850,2
44851,2
44852,2
44853,2
44854,2
44855,2
44856,3
44857,2
44858,2
44859,2
44860,3
44861,2
44862,2
44863,2
44864,2
44865,2
44866,2
44867,3
44868,2
44869,2
44870,2
44871,3
44872,2
44873,2
44874,2
44875,2
44876,3
44877,2
44878,2
44879,2
44880,2
44881,3
44882,3
44883,2
44884,3
44885,2
44886,2
44887,3
44888,3
44889,3
44890,3
44891,3
44892,3
44893,3
44894,3
44895,3
44896,3
44897,2
44898,3
44899,2
44900,3
44901,2
44902,3
44903,2
44904,2
44905,2
44906,3
44907,3
44908,3
44909,3
44910,2
44911,3
44912,3
44913,3
44914,3
44915,3
44916,2
44917,3
44918,1
44919,3
44920,3
44921,3
44922,3
44923,1
44924,3
44925,3
44926,1
44927,3
44928,2
44929,1
44930,1
44931,2
44932,3
44933,1
44934,3
44935,3
44936,2
44937,3
44938,3
44939,3
44940,3
44941,3
44942,3
44943,3
44944,3
44945,3
44946,3
44947,3
44948,3
44949,3
44950,3
44951,3
44952,3
44953,3
44954,3
44955,3
44956,3
44957,2
44958,2
44959,3
44960,3
44961,3
44962,2
44963,2
44964,2
44965,2
44966,1
44967,2
44968,2
44969,2
44970,2
44971,2
44972,2
44973,2
44974,2
44975,2
44976,2
44977,2
44978,3
44979,2
44980,2
44981,2
44982,2
44983,2
44984,2
44985,3
44986,2
44987,2
44988,2
44989,2
44990,2
44991,2
44992,2
44993,2
44994,2
44995,2
44996,2
44997,2
44998,2
44999,2
45000,2
45001,2
45002,2
45003,2
45004,2
45005,2
45006,2
45007,2
45008,2
45009,2
45010,2
45011,2
45012,2
45013,2
45014,2
45015,2
45016,2
45017,2
45018,2
45019,2
45020,2
45021,2
45022,2
45023,2
45024,2
45025,2
45026,2
45027,2
45028,2
45029,2
45030,2
45031,2
45032,2
45033,2
45034,2
45035,2
45036,2
45037,2
45038,2
45039,2
45040,2
45041,2
45042,2
45043,2
45044,2
45045,2
45046,2
45047,2
45048,2
45049,2
45050,2
45051,2
45052,2
45053,2
45054,2
45055,2
45056,2
45057,2
45058,2
45059,2
45060,2
45061,2
45062,2
45063,2
45064,2
45065,2
45066,2
45067,2
45068,2
45069,2
45070,2
45071,2
45072,2
45073,2
45074,2
45075,2
45076,2
45077,2
45078,2
45079,2
45080,2
45081,2
45082,2
45083,2
45084,2
45085,2
45086,2
45087,2
45088,2
45089,2
45090,2
45091,2
45092,2
45093,2
45094,2
45095,2
45096,2
45097,2
45098,2
45099,2
45100,2
45101,2
45102,2
45103,2
45104,2
45105,2
45106,2
45107,2
45108,2
45109,2
45110,2
45111,2
45112,2
45113,2
45114,2
45115,2
45116,2
45117,2
45118,2
45119,2
45120,2
45121,2
45122,2
45123,2
45124,2
45125,2
45126,2
45127,2
45128,2
45129,2
45130,2
45131,2
45132,2
45133,2
45134,3
45135,2
45136,3
45137,2
45138,2
45139,2
45140,2
45141,2
45142,2
45143,2
45144,2
45145,2
45146,2
45147,3
45148,3
45149,2
45150,2
45151,3
45152,3
45153,2
45154,2
45155,3
45156,2
45157,1
45158,1
45159,3
45160,3
45161,2
45162,2
45163,2
45164,2
45165,2
45166,2
45167,2
45168,2
45169,2
45170,2
45171,2
45172,2
45173,2
45174,2
45175,2
45176,2
45177,2
45178,2
45179,2
45180,2
45181,2
45182,2
45183,2
45184,2
45185,2
45186,2
45187,2
45188,2
45189,2
45190,2
45191,2
45192,2
45193,2
45194,2
45195,2
45196,3
45197,3
45198,2
45199,3
45200,2
45201,2
45202,2
45203,2
45204,3
45205,2
45206,2
45207,2
45208,2
45209,2
45210,2
45211,2
45212,2
45213,2
45214,2
45215,2
45216,2
45217,2
45218,2
45219,2
45220,2
45221,2
45222,2
45223,2
45224,2
45225,2
45226,2
45227,3
45228,3
45229,2
45230,2
45231,2
45232,2
45233,2
45234,2
45235,2
45236,2
45237,2
45238,3
45239,3
45240,2
45241,2
45242,2
45243,3
45244,3
45245,3
45246,3
45247,3
45248,3
45249,3
45250,3
45251,3
45252,3
45253,3
45254,3
45255,3
45256,3
45257,3
45258,1
45259,3
45260,2
45261,2
45262,2
45263,2
45264,2
45265,2
45266,2
45267,2
45268,2
45269,2
45270,2
45271,2
45272,2
45273,2
45274,1
45275,2
45276,2
45277,2
45278,2
45279,2
45280,2
45281,2
45282,2
45283,2
45284,2
45285,2
45286,2
45287,2
45288,2
45289,2
45290,2
45291,2
45292,2
45293,2
45294,2
45295,2
45296,2
45297,2
45298,2
45299,2
45300,1
45301,2
45302,3
45303,3
45304,2
45305,2
45306,2
45307,2
45308,2
45309,3
45310,2
45311,2
45312,2
45313,2
45314,2
45315,2
45316,2
45317,2
45318,2
45319,3
45320,2
45321,2
45322,2
45323,2
45324,2
45325,3
45326,3
45327,2
45328,2
45329,2
45330,2
45331,3
45332,3
45333,2
45334,2
45335,2
45336,3
45337,1
45338,1
45339,3
45340,2
45341,2
45342,3
45343,1
45344,2
45345,3
45346,2
45347,2
45348,2
45349,2
45350,2
45351,2
45352,2
45353,2
45354,2
45355,2
45356,2
45357,2
45358,2
45359,2
45360,2
45361,2
45362,2
45363,2
45364,2
45365,2
45366,2
45367,2
45368,2
45369,2
45370,2
45371,2
45372,2
45373,2
45374,2
45375,2
45376,2
45377,2
45378,2
45379,2
45380,2
45381,2
45382,2
45383,2
45384,2
45385,2
45386,2
45387,2
45388,2
45389,2
45390,2
45391,2
45392,2
45393,2
45394,2
45395,2
45396,2
45397,2
45398,2
45399,2
45400,2
45401,2
45402,2
45403,2
45404,2
45405,2
45406,2
45407,2
45408,2
45409,2
45410,2
45411,2
45412,2
45413,2
45414,2
45415,2
45416,2
45417,2
45418,2
45419,2
45420,2
45421,2
45422,2
45423,2
45424,2
45425,2
45426,2
45427,2
45428,2
45429,2
45430,2
45431,2
45432,2
45433,2
45434,2
45435,2
45436,2
45437,2
45438,2
45439,2
45440,2
45441,2
45442,2
45443,2
45444,2
45445,2
45446,2
45447,2
45448,2
45449,2
45450,2
45451,2
45452,2
45453,2
45454,2
45455,2
45456,2
45457,2
45458,2
45459,2
45460,2
45461,2
45462,2
45463,2
45464,2
45465,2
45466,2
45467,2
45468,2
45469,2
45470,2
45471,2
45472,2
45473,2
45474,2
45475,2
45476,2
45477,3
45478,2
45479,3
45480,3
45481,3
45482,2
45483,2
45484,3
45485,1
45486,1
45487,1
45488,3
45489,1
45490,3
45491,3
45492,1
45493,3
45494,2
45495,2
45496,2
45497,2
45498,2
45499,2
45500,2
45501,2
45502,2
45503,3
45504,2
45505,3
45506,3
45507,3
45508,2
45509,3
45510,2
45511,2
45512,2
45513,2
45514,2
45515,2
45516,2
45517,2
45518,2
45519,2
45520,2
45521,2
45522,2
45523,2
45524,2
45525,2
45526,2
45527,2
45528,2
45529,2
45530,2
45531,2
45532,2
45533,2
45534,2
45535,2
45536,2
45537,2
45538,2
45539,2
45540,2
45541,2
45542,2
45543,2
45544,2
45545,2
45546,2
45547,2
45548,2
45549,2
45550,2
45551,2
45552,2
45553,2
45554,2
45555,2
45556,2
45557,2
45558,2
45559,2
45560,2
45561,2
45562,2
45563,2
45564,2
45565,2
45566,2
45567,2
45568,2
45569,2
45570,2
45571,2
45572,2
45573,2
45574,2
45575,2
45576,2
45577,2
45578,2
45579,2
45580,2
45581,2
45582,2
45583,2
45584,2
45585,2
45586,2
45587,2
45588,2
45589,2
45590,2
45591,2
45592,2
45593,2
45594,2
45595,2
45596,3
45597,2
45598,2
45599,2
45600,3
45601,2
45602,2
45603,2
45604,2
45605,2
45606,2
45607,2
45608,2
45609,2
45610,2
45611,2
45612,2
45613,2
45614,2
45615,2
45616,2
45617,3
45618,2
45619,2
45620,2
45621,2
45622,3
45623,2
45624,2
45625,2
45626,2
45627,2
45628,2
45629,2
45630,2
45631,2
45632,2
45633,2
45634,2
45635,2
45636,2
45637,2
45638,2
45639,2
45640,2
45641,2
45642,2
45643,2
45644,2
45645,2
45646,2
45647,2
45648,2
45649,2
45650,3
45651,2
45652,2
45653,2
45654,3
45655,2
45656,2
45657,2
45658,2
45659,2
45660,2
45661,2
45662,2
45663,2
45664,1
45665,2
45666,2
45667,3
45668,2
45669,2
45670,2
45671,2
45672,2
45673,2
45674,2
45675,3
45676,2
45677,2
45678,3
45679,3
45680,2
45681,2
45682,2
45683,2
45684,2
45685,2
45686,2
45687,2
45688,2
45689,2
45690,2
45691,2
45692,2
45693,2
45694,2
45695,2
45696,2
45697,2
45698,2
45699,2
45700,2
45701,2
45702,2
45703,2
45704,2
45705,2
45706,2
45707,2
45708,2
45709,2
45710,2
45711,2
45712,2
45713,2
45714,2
45715,2
45716,2
45717,2
45718,2
45719,2
45720,2
45721,2
45722,2
45723,2
45724,2
45725,2
45726,2
45727,2
45728,2
45729,2
45730,2
45731,2
45732,2
45733,2
45734,2
45735,2
45736,2
45737,2
45738,2
45739,2
45740,2
45741,2
45742,2
45743,2
45744,2
45745,2
45746,2
45747,2
45748,2
45749,2
45750,2
45751,2
45752,2
45753,2
45754,2
45755,2
45756,2
45757,2
45758,2
45759,2
45760,2
45761,2
45762,2
45763,2
45764,2
45765,2
45766,2
45767,2
45768,2
45769,2
45770,2
45771,2
45772,2
45773,2
45774,2
45775,2
45776,2
45777,2
45778,2
45779,2
45780,2
45781,2
45782,2
45783,2
45784,2
45785,2
45786,2
45787,2
45788,2
45789,2
45790,2
45791,2
45792,2
45793,2
45794,2
45795,2
45796,2
45797,2
45798,2
45799,2
45800,2
45801,2
45802,2
45803,2
45804,2
45805,2
45806,2
45807,2
45808,2
45809,2
45810,2
45811,2
45812,2
45813,2
45814,2
45815,2
45816,2
45817,2
45818,2
45819,2
45820,2
45821,2
45822,2
45823,2
45824,2
45825,2
45826,2
45827,2
45828,2
45829,2
45830,2
45831,2
45832,2
45833,2
45834,2
45835,2
45836,2
45837,2
45838,2
45839,2
45840,2
45841,2
45842,2
45843,2
45844,2
45845,2
45846,2
45847,2
45848,2
45849,2
45850,2
45851,2
45852,2
45853,2
45854,2
45855,2
45856,2
45857,2
45858,2
45859,2
45860,2
45861,2
45862,2
45863,2
45864,2
45865,2
45866,2
45867,2
45868,2
45869,2
45870,2
45871,2
45872,2
45873,2
45874,2
45875,2
45876,2
45877,2
45878,2
45879,2
45880,2
45881,2
45882,2
45883,2
45884,2
45885,2
45886,2
45887,2
45888,2
45889,2
45890,2
45891,2
45892,2
45893,2
45894,2
45895,2
45896,2
45897,3
45898,3
45899,2
45900,2
45901,2
45902,2
45903,2
45904,1
45905,1
45906,3
45907,1
45908,3
45909,3
45910,3
45911,3
45912,3
45913,3
45914,1
45915,3
45916,0
45917,1
45918,1
45919,3
45920,3
45921,3
45922,2
45923,2
45924,2
45925,2
45926,2
45927,2
45928,2
45929,2
45930,2
45931,2
45932,3
45933,1
45934,1
45935,2
45936,2
45937,2
45938,2
45939,2
45940,3
45941,1
45942,1
45943,3
45944,1
45945,3
45946,3
45947,1
45948,1
45949,3
45950,1
45951,1
45952,2
45953,2
45954,3
45955,2
45956,3
45957,2
45958,3
45959,3
45960,2
45961,3
45962,3
45963,2
45964,3
45965,3
45966,3
45967,3
45968,3
45969,3
45970,3
45971,2
45972,3
45973,2
45974,3
45975,3
45976,3
45977,2
45978,3
45979,3
45980,1
45981,3
45982,1
45983,3
45984,3
45985,3
45986,3
45987,0
45988,3
45989,3
45990,3
45991,3
45992,3
45993,2
45994,3
45995,3
45996,3
45997,0
45998,2
45999,3
46000,3
46001,1
46002,3
46003,1
46004,2
46005,2
46006,1
46007,1
46008,1
46009,1
46010,2
46011,3
46012,1
46013,1
46014,1
46015,3
46016,3
46017,1
46018,0
46019,0
46020,2
46021,0
46022,2
46023,3
46024,1
46025,0
46026,0
46027,1
46028,1
46029,1
46030,1
46031,0
46032,0
46033,2
46034,0
46035,1
46036,0
46037,3
46038,2
46039,2
46040,2
46041,3
46042,2
46043,2
46044,1
46045,1
46046,1
46047,1
46048,1
46049,1
46050,1
46051,1
46052,3
46053,3
46054,3
46055,3
46056,3
46057,3
46058,3
46059,3
46060,3
46061,3
46062,3
46063,3
46064,3
46065,3
46066,3
46067,3
46068,3
46069,3
46070,3
46071,3
46072,3
46073,0
46074,3
46075,3
46076,3
46077,2
46078,0
46079,3
46080,0
46081,3
46082,2
46083,3
46084,3
46085,1
46086,1
46087,1
46088,2
46089,2
46090,2
46091,0
46092,0
46093,0
46094,0
46095,0
46096,0
46097,2
46098,1
46099,1
46100,0
46101,0
46102,0
46103,1
46104,2
46105,3
46106,2
46107,3
46108,3
46109,2
46110,3
46111,2
46112,3
46113,3
46114,0
46115,2
46116,1
46117,1
46118,3
46119,1
46120,1
46121,2
46122,0
46123,3
46124,3
46125,1
46126,1
46127,1
46128,1
46129,0
46130,2
46131,0
46132,0
46133,0
46134,0
46135,0
46136,0
46137,2
46138,0
46139,0
46140,0
46141,3
46142,3
46143,3
46144,3
46145,3
46146,3
46147,1
46148,1
46149,3
46150,3
46151,2
46152,3
46153,2
46154,3
46155,3
46156,3
46157,3
46158,3
46159,2
46160,2
46161,2
46162,1
46163,3
46164,2
46165,1
46166,3
46167,3
46168,2
46169,3
46170,2
46171,1
46172,2
46173,3
46174,3
46175,3
46176,2
46177,2
46178,3
46179,3
46180,3
46181,3
46182,3
46183,3
46184,3
46185,3
46186,2
46187,3
46188,3
46189,3
46190,1
46191,3
46192,3
46193,3
46194,3
46195,2
46196,3
46197,3
46198,3
46199,3
46200,3
46201,3
46202,3
46203,3
46204,0
46205,0
46206,0
46207,1
46208,1
46209,2
46210,2
46211,0
46212,0
46213,0
46214,0
46215,0
46216,2
46217,0
46218,0
46219,0
46220,0
46221,0
46222,0
46223,0
46224,1
46225,1
46226,3
46227,2
46228,3
46229,3
46230,2
46231,2
46232,2
46233,2
46234,3
46235,2
46236,2
46237,2
46238,2
46239,2
46240,2
46241,2
46242,2
46243,2
46244,2
46245,1
46246,1
46247,1
46248,0
46249,0
46250,2
46251,0
46252,0
46253,0
46254,0
46255,0
46256,0
46257,2
46258,1
46259,1
46260,1
46261,1
46262,1
46263,0
46264,3
46265,3
46266,3
46267,2
46268,2
46269,2
46270,1
46271,2
46272,3
46273,3
46274,2
46275,2
46276,3
46277,3
46278,3
46279,3
46280,3
46281,3
46282,3
46283,2
46284,3
46285,3
46286,2
46287,2
46288,3
46289,1
46290,1
46291,1
46292,1
46293,1
46294,3
46295,1
46296,3
46297,1
46298,3
46299,3
46300,3
46301,3
46302,3
46303,3
46304,3
46305,1
46306,3
46307,3
46308,1
46309,1
46310,1
46311,3
46312,2
46313,3
46314,3
46315,1
46316,3
46317,3
46318,3
46319,3
46320,3
46321,3
46322,3
46323,3
46324,1
46325,1
46326,3
46327,3
46328,3
46329,3
46330,3
46331,3
46332,3
46333,3
46334,3
46335,3
46336,1
46337,3
46338,3
46339,3
46340,3
46341,3
46342,1
46343,3
46344,3
46345,1
46346,3
46347,3
46348,1
46349,3
46350,3
46351,3
46352,3
46353,3
46354,3
46355,3
46356,2
46357,3
46358,3
46359,3
46360,2
46361,2
46362,3
46363,3
46364,3
46365,3
46366,3
46367,3
46368,2
46369,1
46370,3
46371,1
46372,1
46373,3
46374,3
46375,3
46376,0
46377,0
46378,0
46379,0
46380,1
46381,3
46382,1
46383,3
46384,3
46385,1
46386,1
46387,1
46388,0
46389,0
46390,3
46391,3
46392,3
46393,0
46394,0
46395,2
46396,2
46397,0
46398,2
46399,3
46400,3
46401,0
46402,0
46403,0
46404,3
46405,3
46406,3
46407,3
46408,1
46409,3
46410,1
46411,2
46412,0
46413,0
46414,2
46415,1
46416,3
46417,3
46418,2
46419,0
46420,1
46421,3
46422,2
46423,2
46424,2
46425,1
46426,1
46427,3
46428,1
46429,1
46430,1
46431,1
46432,2
46433,1
46434,3
46435,1
46436,3
46437,3
46438,1
46439,1
46440,1
46441,1
46442,1
46443,1
46444,3
46445,1
46446,0
46447,0
46448,1
46449,3
46450,0
46451,1
46452,1
46453,1
46454,2
46455,2
46456,1
46457,2
46458,3
46459,2
46460,2
46461,2
46462,2
46463,1
46464,1
46465,1
46466,1
46467,3
46468,3
46469,3
46470,3
46471,3
46472,2
46473,3
46474,2
46475,2
46476,3
46477,1
46478,3
46479,3
46480,3
46481,3
46482,2
46483,3
46484,1
46485,2
46486,2
46487,1
46488,3
46489,3
46490,3
46491,3
46492,3
46493,3
46494,3
46495,1
46496,1
46497,1
46498,0
46499,2
46500,2
46501,2
46502,1
46503,3
46504,3
46505,1
46506,1
46507,1
46508,3
46509,3
46510,2
46511,3
46512,3
46513,3
46514,1
46515,3
46516,3
46517,2
46518,3
46519,1
46520,1
46521,3
46522,2
46523,3
46524,3
46525,3
46526,3
46527,3
46528,3
46529,1
46530,3
46531,3
46532,3
46533,2
46534,2
46535,3
46536,1
46537,3
46538,2
46539,3
46540,1
46541,2
46542,3
46543,1
46544,3
46545,1
46546,3
46547,1
46548,1
46549,0
46550,0
46551,0
46552,2
46553,0
46554,2
46555,3
46556,1
46557,1
46558,3
46559,1
46560,1
46561,3
46562,2
46563,3
46564,1
46565,1
46566,1
46567,1
46568,3
46569,3
46570,1
46571,2
46572,2
46573,2
46574,3
46575,3
46576,2
46577,3
46578,2
46579,3
46580,3
46581,2
46582,2
46583,2
46584,2
46585,2
46586,3
46587,2
46588,3
46589,2
46590,2
46591,2
46592,2
46593,2
46594,2
46595,2
46596,2
46597,2
46598,2
46599,2
46600,2
46601,3
46602,3
46603,2
46604,3
46605,2
46606,2
46607,2
46608,2
46609,3
46610,3
46611,3
46612,3
46613,2
46614,3
46615,2
46616,2
46617,2
46618,2
46619,2
46620,2
46621,2
46622,2
46623,2
46624,3
46625,2
46626,2
46627,2
46628,2
46629,2
46630,2
46631,2
46632,2
46633,1
46634,2
46635,2
46636,2
46637,2
46638,2
46639,2
46640,3
46641,3
46642,3
46643,3
46644,3
46645,2
46646,1
46647,3
46648,2
46649,2
46650,2
46651,2
46652,2
46653,2
46654,2
46655,3
46656,3
46657,2
46658,2
46659,2
46660,2
46661,2
46662,2
46663,3
46664,2
46665,2
46666,2
46667,2
46668,2
46669,2
46670,2
46671,2
46672,2
46673,3
46674,2
46675,2
46676,3
46677,2
46678,2
46679,2
46680,2
46681,2
46682,2
46683,2
46684,2
46685,2
46686,2
46687,1
46688,2
46689,2
46690,2
46691,2
46692,2
46693,2
46694,2
46695,2
46696,2
46697,2
46698,2
46699,2
46700,2
46701,2
46702,2
46703,2
46704,2
46705,2
46706,2
46707,2
46708,2
46709,3
46710,3
46711,2
46712,2
46713,2
46714,2
46715,3
46716,3
46717,2
46718,2
46719,3
46720,2
46721,2
46722,2
46723,2
46724,2
46725,2
46726,2
46727,2
46728,2
46729,2
46730,2
46731,2
46732,2
46733,2
46734,3
46735,3
46736,3
46737,2
46738,3
46739,3
46740,2
46741,2
46742,2
46743,2
46744,2
46745,2
46746,2
46747,2
46748,2
46749,2
46750,2
46751,2
46752,2
46753,2
46754,2
46755,2
46756,3
46757,2
46758,3
46759,2
46760,3
46761,3
46762,3
46763,3
46764,3
46765,3
46766,3
46767,2
46768,3
46769,0
46770,3
46771,3
46772,2
46773,2
46774,2
46775,2
46776,2
46777,2
46778,2
46779,2
46780,2
46781,3
46782,3
46783,2
46784,2
46785,2
46786,2
46787,2
46788,2
46789,2
46790,3
46791,2
46792,2
46793,2
46794,2
46795,2
46796,3
46797,3
46798,3
46799,3
46800,3
46801,2
46802,2
46803,2
46804,2
46805,2
46806,3
46807,3
46808,3
46809,2
46810,2
46811,2
46812,2
46813,2
46814,2
46815,2
46816,2
46817,2
46818,2
46819,2
46820,2
46821,2
46822,2
46823,2
46824,2
46825,2
46826,2
46827,2
46828,2
46829,2
46830,3
46831,2
46832,2
46833,2
46834,2
46835,2
46836,3
46837,3
46838,3
46839,3
46840,2
46841,3
46842,2
46843,2
46844,2
46845,2
46846,2
46847,3
46848,3
46849,3
46850,2
46851,2
46852,2
46853,2
46854,2
46855,2
46856,2
46857,2
46858,2
46859,2
46860,2
46861,2
46862,2
46863,2
46864,3
46865,3
46866,2
46867,2
46868,2
46869,2
46870,2
46871,2
46872,2
46873,3
46874,1
46875,1
46876,2
46877,2
46878,2
46879,2
46880,2
46881,3
46882,2
46883,2
46884,2
46885,2
46886,2
46887,3
46888,2
46889,2
46890,3
46891,2
46892,2
46893,2
46894,2
46895,3
46896,2
46897,2
46898,2
46899,2
46900,2
46901,2
46902,2
46903,2
46904,2
46905,2
46906,2
46907,2
46908,2
46909,2
46910,2
46911,2
46912,2
46913,2
46914,2
46915,2
46916,3
46917,3
46918,2
46919,2
46920,3
46921,2
46922,2
46923,2
46924,2
46925,2
46926,2
46927,2
46928,2
46929,2
46930,2
46931,2
46932,2
46933,2
46934,3
46935,2
46936,2
46937,3
46938,2
46939,2
46940,2
46941,2
46942,2
46943,2
46944,2
46945,3
46946,3
46947,2
46948,2
46949,3
46950,2
46951,2
46952,2
46953,2
46954,2
46955,2
46956,1
46957,1
46958,2
46959,2
46960,2
46961,2
46962,2
46963,2
46964,2
46965,2
46966,2
46967,2
46968,2
46969,2
46970,2
46971,2
46972,2
46973,2
46974,2
46975,2
46976,2
46977,2
46978,2
46979,2
46980,2
46981,2
46982,2
46983,2
46984,2
46985,2
46986,2
46987,2
46988,2
46989,2
46990,2
46991,2
46992,2
46993,2
46994,2
46995,2
46996,2
46997,2
46998,2
46999,2
47000,2
47001,2
47002,2
47003,2
47004,2
47005,2
47006,2
47007,2
47008,2
47009,2
47010,3
47011,2
47012,2
47013,2
47014,2
47015,2
47016,2
47017,2
47018,2
47019,2
47020,2
47021,2
47022,2
47023,2
47024,2
47025,2
47026,2
47027,2
47028,2
47029,2
47030,2
47031,2
47032,2
47033,2
47034,3
47035,2
47036,2
47037,2
47038,2
47039,2
47040,2
47041,2
47042,2
47043,2
47044,3
47045,2
47046,2
47047,2
47048,2
47049,2
47050,2
47051,2
47052,2
47053,2
47054,2
47055,2
47056,1
47057,3
47058,3
47059,3
47060,3
47061,2
47062,3
47063,2
47064,2
47065,2
47066,2
47067,2
47068,2
47069,2
47070,2
47071,2
47072,2
47073,2
47074,2
47075,2
47076,2
47077,2
47078,0
47079,2
47080,2
47081,2
47082,2
47083,2
47084,2
47085,2
47086,2
47087,2
47088,2
47089,2
47090,2
47091,2
47092,2
47093,2
47094,2
47095,2
47096,2
47097,3
47098,3
47099,2
47100,2
47101,2
47102,2
47103,2
47104,2
47105,2
47106,2
47107,2
47108,2
47109,2
47110,2
47111,2
47112,2
47113,2
47114,2
47115,2
47116,2
47117,3
47118,2
47119,2
47120,2
47121,3
47122,2
47123,2
47124,2
47125,2
47126,2
47127,2
47128,2
47129,2
47130,2
47131,2
47132,2
47133,2
47134,3
47135,3
47136,3
47137,3
47138,3
47139,3
47140,3
47141,3
47142,2
47143,2
47144,2
47145,2
47146,2
47147,2
47148,2
47149,2
47150,2
47151,2
47152,2
47153,2
47154,2
47155,2
47156,2
47157,2
47158,2
47159,2
47160,2
47161,2
47162,2
47163,2
47164,2
47165,2
47166,2
47167,2
47168,2
47169,2
47170,2
47171,2
47172,2
47173,2
47174,2
47175,2
47176,2
47177,2
47178,2
47179,2
47180,2
47181,2
47182,2
47183,2
47184,2
47185,2
47186,2
47187,2
47188,3
47189,0
47190,0
47191,1
47192,3
47193,2
47194,2
47195,3
47196,2
47197,3
47198,3
47199,3
47200,3
47201,3
47202,3
47203,2
47204,3
47205,3
47206,3
47207,2
47208,2
47209,2
47210,2
47211,2
47212,2
47213,2
47214,2
47215,2
47216,2
47217,2
47218,3
47219,2
47220,2
47221,2
47222,2
47223,3
47224,3
47225,3
47226,2
47227,3
47228,3
47229,3
47230,2
47231,2
47232,2
47233,2
47234,2
47235,2
47236,2
47237,2
47238,3
47239,2
47240,2
47241,2
47242,2
47243,2
47244,2
47245,2
47246,3
47247,2
47248,2
47249,2
47250,2
47251,2
47252,2
47253,3
47254,3
47255,2
47256,3
47257,3
47258,2
47259,3
47260,3
47261,3
47262,3
47263,3
47264,3
47265,2
47266,2
47267,3
47268,3
47269,3
47270,3
47271,3
47272,3
47273,3
47274,3
47275,3
47276,3
47277,3
47278,3
47279,3
47280,3
47281,3
47282,3
47283,3
47284,3
47285,3
47286,3
47287,3
47288,3
47289,3
47290,3
47291,3
47292,3
47293,3
47294,3
47295,3
47296,3
47297,3
47298,3
47299,3
47300,3
47301,3
47302,3
47303,3
47304,2
47305,2
47306,2
47307,3
47308,2
47309,2
47310,2
47311,2
47312,3
47313,3
47314,2
47315,2
47316,2
47317,2
47318,2
47319,2
47320,2
47321,2
47322,2
47323,2
47324,2
47325,2
47326,2
47327,2
47328,2
47329,2
47330,2
47331,2
47332,3
47333,3
47334,3
47335,3
47336,3
47337,3
47338,3
47339,3
47340,3
47341,3
47342,1
47343,2
47344,3
47345,3
47346,2
47347,3
47348,2
47349,2
47350,2
47351,2
47352,2
47353,2
47354,2
47355,2
47356,2
47357,2
47358,2
47359,2
47360,2
47361,2
47362,2
47363,2
47364,3
47365,2
47366,2
47367,3
47368,2
47369,2
47370,2
47371,2
47372,2
47373,2
47374,2
47375,2
47376,3
47377,2
47378,2
47379,2
47380,2
47381,2
47382,2
47383,2
47384,2
47385,2
47386,2
47387,2
47388,2
47389,2
47390,2
47391,2
47392,2
47393,2
47394,2
47395,3
47396,2
47397,2
47398,2
47399,2
47400,2
47401,3
47402,3
47403,2
47404,3
47405,2
47406,3
47407,2
47408,2
47409,3
47410,2
47411,2
47412,2
47413,2
47414,2
47415,2
47416,2
47417,2
47418,2
47419,2
47420,2
47421,2
47422,2
47423,2
47424,2
47425,2
47426,2
47427,2
47428,3
47429,3
47430,3
47431,3
47432,2
47433,2
47434,2
47435,2
47436,2
47437,2
47438,2
47439,2
47440,2
47441,2
47442,2
47443,2
47444,2
47445,2
47446,2
47447,2
47448,2
47449,2
47450,2
47451,2
47452,2
47453,2
47454,2
47455,2
47456,3
47457,2
47458,3
47459,3
47460,2
47461,2
47462,2
47463,2
47464,2
47465,2
47466,3
47467,2
47468,2
47469,2
47470,2
47471,2
47472,2
47473,2
47474,3
47475,3
47476,2
47477,2
47478,2
47479,2
47480,2
47481,2
47482,2
47483,2
47484,2
47485,2
47486,2
47487,2
47488,2
47489,2
47490,2
47491,2
47492,2
47493,2
47494,2
47495,2
47496,3
47497,2
47498,2
47499,2
47500,2
47501,2
47502,2
47503,2
47504,2
47505,2
47506,2
47507,2
47508,2
47509,2
47510,2
47511,2
47512,2
47513,2
47514,2
47515,2
47516,2
47517,2
47518,2
47519,2
47520,2
47521,2
47522,2
47523,2
47524,2
47525,2
47526,2
47527,2
47528,2
47529,2
47530,2
47531,2
47532,2
47533,2
47534,2
47535,2
47536,2
47537,2
47538,1
47539,1
47540,1
47541,3
47542,3
47543,1
47544,2
47545,3
47546,2
47547,2
47548,2
47549,2
47550,1
47551,2
47552,2
47553,2
47554,2
47555,2
47556,2
47557,2
47558,2
47559,2
47560,3
47561,3
47562,3
47563,3
47564,3
47565,3
47566,2
47567,2
47568,2
47569,2
47570,3
47571,2
47572,2
47573,3
47574,2
47575,2
47576,3
47577,2
47578,3
47579,3
47580,2
47581,2
47582,3
47583,2
47584,2
47585,3
47586,3
47587,2
47588,2
47589,2
47590,2
47591,2
47592,2
47593,2
47594,3
47595,3
47596,2
47597,2
47598,3
47599,3
47600,2
47601,2
47602,2
47603,2
47604,3
47605,2
47606,2
47607,2
47608,2
47609,2
47610,2
47611,3
47612,3
47613,2
47614,3
47615,3
47616,2
47617,2
47618,2
47619,2
47620,1
47621,2
47622,2
47623,2
47624,2
47625,2
47626,2
47627,2
47628,2
47629,2
47630,3
47631,3
47632,2
47633,0
47634,2
47635,2
47636,2
47637,2
47638,1
47639,3
47640,2
47641,3
47642,2
47643,2
47644,2
47645,3
47646,2
47647,3
47648,3
47649,2
47650,3
47651,3
47652,3
47653,3
47654,3
47655,3
47656,2
47657,3
47658,2
47659,2
47660,3
47661,3
47662,3
47663,3
47664,2
47665,2
47666,2
47667,2
47668,2
47669,2
47670,2
47671,2
47672,2
47673,2
47674,2
47675,2
47676,3
47677,3
47678,3
47679,1
47680,1
47681,2
47682,2
47683,1
47684,3
47685,2
47686,2
47687,2
47688,2
47689,3
47690,3
47691,3
47692,2
47693,2
47694,3
47695,3
47696,2
47697,2
47698,2
47699,2
47700,2
47701,2
47702,2
47703,2
47704,2
47705,2
47706,2
47707,2
47708,2
47709,2
47710,2
47711,2
47712,2
47713,2
47714,2
47715,2
47716,2
47717,2
47718,2
47719,2
47720,2
47721,2
47722,2
47723,2
47724,2
47725,2
47726,2
47727,2
47728,2
47729,2
47730,2
47731,2
47732,2
47733,2
47734,2
47735,3
47736,2
47737,3
47738,0
47739,3
47740,3
47741,1
47742,1
47743,1
47744,1
47745,3
47746,1
47747,3
47748,3
47749,1
47750,1
47751,1
47752,3
47753,1
47754,3
47755,0
47756,2
47757,2
47758,2
47759,1
47760,2
47761,3
47762,2
47763,2
47764,2
47765,3
47766,0
47767,0
47768,0
47769,0
47770,2
47771,2
47772,3
47773,2
47774,3
47775,2
47776,3
47777,2
47778,2
47779,3
47780,2
47781,2
47782,3
47783,3
47784,3
47785,3
47786,2
47787,3
47788,2
47789,2
47790,2
47791,2
47792,2
47793,2
47794,3
47795,3
47796,2
47797,3
47798,3
47799,3
47800,3
47801,3
47802,3
47803,1
47804,3
47805,3
47806,3
47807,3
47808,1
47809,3
47810,3
47811,2
47812,2
47813,3
47814,3
47815,3
47816,1
47817,2
47818,1
47819,0
47820,0
47821,3
47822,3
47823,3
47824,3
47825,3
47826,3
47827,3
47828,0
47829,2
47830,2
47831,3
47832,2
47833,2
47834,2
47835,2
47836,2
47837,2
47838,3
47839,2
47840,2
47841,3
47842,3
47843,2
47844,2
47845,0
47846,2
47847,2
47848,2
47849,2
47850,2
47851,3
47852,1
47853,3
47854,3
47855,2
47856,3
47857,0
47858,3
47859,3
47860,1
47861,3
47862,3
47863,0
47864,3
47865,0
47866,0
47867,3
47868,0
47869,3
47870,0
47871,3
47872,3
47873,2
47874,3
47875,3
47876,2
47877,2
47878,1
47879,2
47880,2
47881,1
47882,2
47883,2
47884,3
47885,2
47886,2
47887,2
47888,2
47889,2
47890,2
47891,2
47892,2
47893,3
47894,2
47895,2
47896,3
47897,3
47898,2
47899,2
47900,3
47901,2
47902,3
47903,2
47904,2
47905,3
47906,2
47907,2
47908,3
47909,3
47910,3
47911,3
47912,2
47913,2
47914,2
47915,1
47916,3
47917,2
47918,3
47919,2
47920,3
47921,1
47922,1
47923,2
47924,2
47925,2
47926,3
47927,3
47928,0
47929,2
47930,2
47931,3
47932,3
47933,3
47934,0
47935,0
47936,0
47937,0
47938,0
47939,0
47940,0
47941,0
47942,0
47943,3
47944,0
47945,0
47946,0
47947,0
47948,3
47949,2
47950,2
47951,2
47952,2
47953,3
47954,3
47955,3
47956,0
47957,0
47958,0
47959,0
47960,0
47961,3
47962,0
47963,3
47964,0
47965,0
47966,0
47967,0
47968,0
47969,0
47970,0
47971,0
47972,2
47973,3
47974,2
47975,0
47976,3
47977,3
47978,2
47979,2
47980,2
47981,0
47982,2
47983,2
47984,2
47985,1
47986,1
47987,2
47988,3
47989,3
47990,3
47991,3
47992,1
47993,1
47994,1
47995,2
47996,3
47997,1
47998,3
47999,2
48000,3
48001,3
48002,3
48003,3
48004,1
48005,1
48006,3
48007,3
48008,2
48009,2
48010,2
48011,1
48012,3
48013,3
48014,3
48015,3
48016,2
48017,2
48018,3
48019,3
48020,2
48021,2
48022,2
48023,2
48024,2
48025,2
48026,3
48027,3
48028,0
48029,3
48030,1
48031,3
48032,3
48033,1
48034,1
48035,1
48036,1
48037,1
48038,3
48039,3
48040,3
48041,3
48042,3
48043,3
48044,2
48045,3
48046,2
48047,3
48048,3
48049,0
48050,3
48051,3
48052,3
48053,2
48054,2
48055,3
48056,3
48057,2
48058,0
48059,0
48060,0
48061,3
48062,3
48063,3
48064,3
48065,3
48066,3
48067,0
48068,0
48069,0
48070,0
48071,0
48072,0
48073,2
48074,0
48075,3
48076,3
48077,2
48078,3
48079,3
48080,2
48081,2
48082,3
48083,3
48084,3
48085,2
48086,2
48087,3
48088,3
48089,3
48090,3
48091,3
48092,3
48093,3
48094,3
48095,3
48096,3
48097,3
48098,3
48099,3
48100,3
48101,3
48102,3
48103,3
48104,3
48105,2
48106,0
48107,1
48108,1
48109,0
48110,1
48111,1
48112,2
48113,0
48114,1
48115,1
48116,1
48117,1
48118,3
48119,3
48120,1
48121,0
48122,2
48123,3
48124,2
48125,3
48126,2
48127,3
48128,2
48129,2
48130,2
48131,1
48132,1
48133,1
48134,1
48135,2
48136,2
48137,2
48138,2
48139,2
48140,2
48141,2
48142,2
48143,2
48144,2
48145,2
48146,3
48147,0
48148,2
48149,2
48150,2
48151,2
48152,2
48153,2
48154,2
48155,2
48156,1
48157,2
48158,2
48159,3
48160,3
48161,3
48162,2
48163,2
48164,2
48165,2
48166,2
48167,3
48168,3
48169,2
48170,2
48171,2
48172,2
48173,2
48174,0
48175,3
48176,3
48177,2
48178,3
48179,3
48180,2
48181,2
48182,2
48183,2
48184,3
48185,2
48186,2
48187,2
48188,2
48189,2
48190,2
48191,2
48192,2
48193,2
48194,2
48195,2
48196,2
48197,3
48198,1
48199,1
48200,3
48201,3
48202,2
48203,3
48204,2
48205,2
48206,2
48207,3
48208,2
48209,2
48210,2
48211,3
48212,3
48213,3
48214,3
48215,3
48216,3
48217,3
48218,3
48219,3
48220,2
48221,3
48222,3
48223,3
48224,3
48225,3
48226,3
48227,3
48228,3
48229,3
48230,3
48231,3
48232,3
48233,3
48234,3
48235,3
48236,3
48237,3
48238,3
48239,3
48240,3
48241,3
48242,3
48243,3
48244,3
48245,3
48246,3
48247,3
48248,3
48249,3
48250,3
48251,3
48252,3
48253,3
48254,3
48255,3
48256,3
48257,3
48258,3
48259,2
48260,2
48261,2
48262,3
48263,3
48264,3
48265,3
48266,3
48267,2
48268,3
48269,3
48270,3
48271,3
48272,3
48273,3
48274,3
48275,3
48276,3
48277,3
48278,3
48279,3
48280,3
48281,3
48282,3
48283,3
48284,1
48285,2
48286,2
48287,3
48288,2
48289,2
48290,3
48291,1
48292,1
48293,2
48294,1
48295,1
48296,2
48297,1
48298,1
48299,1
48300,3
48301,1
48302,1
48303,1
48304,1
48305,1
48306,3
48307,3
48308,2
48309,2
48310,2
48311,2
48312,1
48313,1
48314,1
48315,2
48316,0
48317,3
48318,0
48319,3
48320,0
48321,0
48322,2
48323,3
48324,3
48325,0
48326,0
48327,0
48328,0
48329,0
48330,0
48331,0
48332,0
48333,2
48334,2
48335,3
48336,3
48337,3
48338,3
48339,3
48340,0
48341,3
48342,3
48343,2
48344,3
48345,1
48346,2
48347,3
48348,2
48349,0
48350,1
48351,0
48352,3
48353,2
48354,3
48355,0
48356,3
48357,2
48358,3
48359,3
48360,1
48361,2
48362,2
48363,2
48364,2
48365,2
48366,2
48367,2
48368,2
48369,2
48370,2
48371,2
48372,2
48373,3
48374,2
48375,3
48376,2
48377,2
48378,2
48379,2
48380,2
48381,2
48382,2
48383,2
48384,3
48385,1
48386,3
48387,3
48388,2
48389,3
48390,2
48391,3
48392,2
48393,1
48394,1
48395,1
48396,1
48397,2
48398,1
48399,3
48400,3
48401,3
48402,0
48403,3
48404,3
48405,3
48406,3
48407,2
48408,2
48409,3
48410,1
48411,3
48412,3
48413,3
48414,2
48415,2
48416,2
48417,2
48418,3
48419,3
48420,3
48421,3
48422,3
48423,3
48424,3
48425,3
48426,3
48427,3
48428,3
48429,3
48430,3
48431,3
48432,1
48433,1
48434,3
48435,1
48436,1
48437,1
48438,1
48439,3
48440,2
48441,0
48442,2
48443,3
48444,3
48445,3
48446,2
48447,2
48448,2
48449,2
48450,2
48451,2
48452,0
48453,2
48454,2
48455,2
48456,2
48457,2
48458,2
48459,2
48460,2
48461,2
48462,2
48463,2
48464,2
48465,2
48466,1
48467,1
48468,1
48469,2
48470,3
48471,2
48472,2
48473,2
48474,2
48475,2
48476,2
48477,3
48478,2
48479,3
48480,3
48481,2
48482,3
48483,2
48484,2
48485,2
48486,2
48487,2
48488,2
48489,2
48490,3
48491,3
48492,3
48493,2
48494,2
48495,2
48496,2
48497,2
48498,2
48499,2
48500,2
48501,2
48502,2
48503,2
48504,2
48505,2
48506,3
48507,3
48508,2
48509,2
48510,3
48511,2
48512,2
48513,2
48514,2
48515,2
48516,2
48517,2
48518,2
48519,2
48520,2
48521,3
48522,2
48523,2
48524,2
48525,2
48526,3
48527,2
48528,3
48529,3
48530,3
48531,3
48532,3
48533,3
48534,3
48535,3
48536,2
48537,3
48538,3
48539,3
48540,3
48541,3
48542,3
48543,3
48544,3
48545,2
48546,3
48547,3
48548,2
48549,2
48550,2
48551,2
48552,3
48553,2
48554,3
48555,2
48556,2
48557,3
48558,2
48559,3
48560,3
48561,3
48562,2
48563,1
48564,2
48565,1
48566,2
48567,2
48568,2
48569,2
48570,2
48571,2
48572,2
48573,2
48574,2
48575,2
48576,2
48577,2
48578,2
48579,2
48580,2
48581,2
48582,2
48583,2
48584,2
48585,2
48586,2
48587,2
48588,2
48589,2
48590,2
48591,2
48592,1
48593,2
48594,2
48595,2
48596,2
48597,2
48598,2
48599,2
48600,2
48601,2
48602,2
48603,2
48604,2
48605,1
48606,3
48607,2
48608,2
48609,2
48610,2
48611,2
48612,2
48613,2
48614,2
48615,2
48616,2
48617,2
48618,2
48619,2
48620,2
48621,2
48622,2
48623,2
48624,2
48625,3
48626,3
48627,2
48628,2
48629,2
48630,2
48631,2
48632,2
48633,2
48634,2
48635,2
48636,2
48637,2
48638,2
48639,2
48640,2
48641,2
48642,2
48643,2
48644,2
48645,2
48646,2
48647,2
48648,2
48649,2
48650,2
48651,2
48652,2
48653,2
48654,2
48655,2
48656,2
48657,2
48658,2
48659,2
48660,2
48661,2
48662,2
48663,2
48664,2
48665,2
48666,2
48667,0
48668,0
48669,2
48670,2
48671,2
48672,2
48673,2
48674,2
48675,2
48676,0
48677,2
48678,2
48679,2
48680,0
48681,0
48682,2
48683,3
48684,2
48685,2
48686,2
48687,2
48688,2
48689,2
48690,2
48691,3
48692,3
48693,1
48694,1
48695,3
48696,3
48697,3
48698,3
48699,3
48700,3
48701,3
48702,3
48703,2
48704,3
48705,3
48706,3
48707,3
48708,3
48709,3
48710,2
48711,2
48712,3
48713,3
48714,2
48715,2
48716,2
48717,2
48718,2
48719,2
48720,2
48721,2
48722,2
48723,2
48724,3
48725,3
48726,2
48727,2
48728,2
48729,2
48730,2
48731,2
48732,3
48733,2
48734,2
48735,1
48736,2
48737,2
48738,2
48739,2
48740,2
48741,2
48742,2
48743,2
48744,2
48745,2
48746,2
48747,2
48748,2
48749,2
48750,2
48751,2
48752,2
48753,2
48754,2
48755,2
48756,2
48757,2
48758,2
48759,2
48760,2
48761,2
48762,2
48763,2
48764,2
48765,2
48766,2
48767,2
48768,1
48769,2
48770,2
48771,2
48772,2
48773,2
48774,2
48775,2
48776,2
48777,2
48778,2
48779,2
48780,2
48781,2
48782,2
48783,2
48784,2
48785,2
48786,2
48787,2
48788,2
48789,2
48790,3
48791,2
48792,2
48793,2
48794,2
48795,2
48796,2
48797,2
48798,2
48799,2
48800,2
48801,2
48802,2
48803,2
48804,2
48805,2
48806,2
48807,2
48808,2
48809,2
48810,2
48811,2
48812,2
48813,2
48814,2
48815,2
48816,2
48817,2
48818,2
48819,2
48820,1
48821,2
48822,2
48823,2
48824,2
48825,2
48826,2
48827,2
48828,2
48829,2
48830,2
48831,2
48832,2
48833,2
48834,2
48835,2
48836,2
48837,2
48838,2
48839,2
48840,2
48841,2
48842,2
48843,2
48844,3
48845,2
48846,2
48847,2
48848,2
48849,3
48850,2
48851,2
48852,1
48853,2
48854,2
48855,2
48856,2
48857,2
48858,2
48859,2
48860,2
48861,2
48862,2
48863,2
48864,2
48865,2
48866,2
48867,2
48868,2
48869,2
48870,2
48871,2
48872,2
48873,2
48874,2
48875,2
48876,2
48877,2
48878,2
48879,2
48880,2
48881,3
48882,2
48883,1
48884,2
48885,2
48886,2
48887,2
48888,2
48889,2
48890,2
48891,2
48892,2
48893,2
48894,2
48895,2
48896,2
48897,2
48898,2
48899,2
48900,2
48901,2
48902,2
48903,1
48904,2
48905,3
48906,2
48907,2
48908,2
48909,2
48910,2
48911,2
48912,2
48913,2
48914,2
48915,2
48916,2
48917,2
48918,2
48919,2
48920,2
48921,2
48922,2
48923,2
48924,2
48925,3
48926,2
48927,2
48928,2
48929,2
48930,2
48931,2
48932,2
48933,2
48934,2
48935,2
48936,2
48937,2
48938,2
48939,2
48940,2
48941,3
48942,2
48943,2
48944,2
48945,2
48946,2
48947,2
48948,2
48949,2
48950,2
48951,2
48952,2
48953,2
48954,2
48955,2
48956,2
48957,2
48958,2
48959,2
48960,2
48961,2
48962,2
48963,1
48964,2
48965,2
48966,2
48967,2
48968,2
48969,2
48970,2
48971,2
48972,2
48973,2
48974,2
48975,2
48976,2
48977,2
48978,2
48979,2
48980,2
48981,2
48982,2
48983,2
48984,2
48985,2
48986,2
48987,2
48988,2
48989,2
48990,2
48991,2
48992,2
48993,2
48994,2
48995,2
48996,2
48997,2
48998,3
48999,2
49000,2
49001,2
49002,2
49003,2
49004,2
49005,2
49006,2
49007,2
49008,2
49009,2
49010,2
49011,2
49012,2
49013,2
49014,2
49015,2
49016,2
49017,3
49018,3
49019,2
49020,2
49021,2
49022,2
49023,2
49024,2
49025,2
49026,2
49027,2
49028,2
49029,2
49030,2
49031,2
49032,2
49033,2
49034,2
49035,2
49036,2
49037,2
49038,2
49039,2
49040,3
49041,2
49042,3
49043,3
49044,2
49045,2
49046,2
49047,2
49048,3
49049,2
49050,2
49051,2
49052,2
49053,3
49054,2
49055,0
49056,2
49057,2
49058,2
49059,2
49060,2
49061,2
49062,0
49063,0
49064,2
49065,2
49066,2
49067,3
49068,3
49069,2
49070,2
49071,2
49072,2
49073,2
49074,2
49075,2
49076,2
49077,2
49078,2
49079,2
49080,2
49081,2
49082,2
49083,2
49084,2
49085,2
49086,2
49087,2
49088,2
49089,2
49090,2
49091,2
49092,2
49093,2
49094,2
49095,2
49096,2
49097,2
49098,2
49099,2
49100,2
49101,2
49102,2
49103,2
49104,2
49105,2
49106,1
49107,2
49108,2
49109,2
49110,2
49111,2
49112,2
49113,2
49114,2
49115,2
49116,2
49117,2
49118,2
49119,2
49120,2
49121,2
49122,2
49123,2
49124,2
49125,2
49126,2
49127,2
49128,2
49129,2
49130,2
49131,2
49132,2
49133,2
49134,2
49135,2
49136,3
49137,2
49138,2
49139,2
49140,2
49141,2
49142,2
49143,2
49144,2
49145,2
49146,2
49147,2
49148,2
49149,2
49150,2
49151,2
49152,2
49153,2
49154,2
49155,2
49156,2
49157,2
49158,2
49159,2
49160,2
49161,2
49162,2
49163,2
49164,2
49165,2
49166,2
49167,1
49168,2
49169,2
49170,2
49171,2
49172,2
49173,2
49174,2
49175,2
49176,2
49177,2
49178,2
49179,2
49180,2
49181,2
49182,2
49183,2
49184,2
49185,2
49186,3
49187,3
49188,2
49189,3
49190,2
49191,3
49192,3
49193,3
49194,2
49195,0
49196,2
49197,2
49198,2
49199,0
49200,2
49201,2
49202,3
49203,2
49204,2
49205,2
49206,2
49207,3
49208,0
49209,2
49210,0
49211,2
49212,3
49213,2
49214,2
49215,3
49216,3
49217,2
49218,3
49219,2
49220,2
49221,2
49222,2
49223,2
49224,2
49225,2
49226,2
49227,2
49228,2
49229,2
49230,2
49231,2
49232,2
49233,2
49234,2
49235,2
49236,2
49237,2
49238,2
49239,2
49240,2
49241,2
49242,2
49243,2
49244,2
49245,2
49246,2
49247,2
49248,2
49249,2
49250,2
49251,2
49252,2
49253,2
49254,2
49255,2
49256,2
49257,2
49258,2
49259,2
49260,2
49261,2
49262,2
49263,2
49264,2
49265,2
49266,3
49267,2
49268,3
49269,2
49270,2
49271,2
49272,2
49273,2
49274,2
49275,3
49276,2
49277,2
49278,2
49279,2
49280,2
49281,2
49282,3
49283,2
49284,2
49285,2
49286,3
49287,2
49288,2
49289,2
49290,3
49291,2
49292,2
49293,2
49294,2
49295,2
49296,2
49297,3
49298,2
49299,2
49300,3
49301,2
49302,2
49303,2
49304,0
49305,2
49306,2
49307,2
49308,2
49309,2
49310,2
49311,0
49312,0
49313,3
49314,2
49315,1
49316,0
49317,0
49318,0
49319,0
49320,0
49321,2
49322,2
49323,2
49324,2
49325,2
49326,2
49327,2
49328,2
49329,2
49330,2
49331,2
49332,3
49333,3
49334,2
49335,3
49336,2
49337,1
49338,2
49339,2
49340,2
49341,3
49342,3
49343,3
49344,3
49345,3
49346,3
49347,3
49348,3
49349,3
49350,3
49351,3
49352,3
49353,3
49354,3
49355,3
49356,3
49357,3
49358,3
49359,3
49360,3
49361,3
49362,3
49363,3
49364,3
49365,3
49366,3
49367,3
49368,3
49369,3
49370,3
49371,3
49372,3
49373,3
49374,3
49375,3
49376,3
49377,2
49378,3
49379,3
49380,3
49381,3
49382,3
49383,3
49384,3
49385,3
49386,1
49387,1
49388,3
49389,1
49390,1
49391,1
49392,3
49393,1
49394,1
49395,3
49396,3
49397,3
49398,3
49399,1
49400,1
49401,3
49402,1
49403,3
49404,1
49405,1
49406,3
49407,1
49408,3
49409,1
49410,1
49411,1
49412,1
49413,1
49414,1
49415,1
49416,1
49417,1
49418,3
49419,3
49420,3
49421,3
49422,3
49423,3
49424,3
49425,3
49426,1
49427,3
49428,1
49429,1
49430,1
49431,3
49432,3
49433,1
49434,1
49435,1
49436,1
49437,3
49438,3
49439,3
49440,1
49441,1
49442,1
49443,3
49444,3
49445,1
49446,1
49447,1
49448,1
49449,2
49450,2
49451,2
49452,2
49453,2
49454,2
49455,2
49456,2
49457,2
49458,2
49459,2
49460,2
49461,2
49462,2
49463,2
49464,2
49465,2
49466,2
49467,2
49468,2
49469,2
49470,2
49471,2
49472,2
49473,2
49474,2
49475,2
49476,2
49477,2
49478,2
49479,2
49480,2
49481,2
49482,2
49483,2
49484,2
49485,2
49486,2
49487,2
49488,2
49489,2
49490,2
49491,2
49492,2
49493,2
49494,2
49495,2
49496,2
49497,2
49498,2
49499,2
49500,2
49501,2
49502,2
49503,2
49504,2
49505,2
49506,2
49507,2
49508,2
49509,2
49510,2
49511,2
49512,2
49513,2
49514,2
49515,2
49516,2
49517,2
49518,2
49519,2
49520,2
49521,2
49522,2
49523,2
49524,2
49525,2
49526,2
49527,2
49528,2
49529,2
49530,2
49531,2
49532,3
49533,1
49534,2
49535,2
49536,2
49537,2
49538,2
49539,2
49540,2
49541,2
49542,2
49543,2
49544,2
49545,2
49546,2
49547,2
49548,2
49549,2
49550,2
49551,3
49552,2
49553,2
49554,2
49555,2
49556,2
49557,2
49558,2
49559,2
49560,2
49561,2
49562,2
49563,2
49564,2
49565,2
49566,2
49567,2
49568,2
49569,2
49570,2
49571,2
49572,2
49573,2
49574,3
49575,0
49576,2
49577,0
49578,2
49579,2
49580,2
49581,2
49582,2
49583,2
49584,2
49585,2
49586,2
49587,3
49588,2
49589,2
49590,2
49591,2
49592,2
49593,2
49594,2
49595,2
49596,2
49597,2
49598,2
49599,2
49600,2
49601,2
49602,2
49603,2
49604,2
49605,2
49606,3
49607,2
49608,2
49609,2
49610,2
49611,2
49612,2
49613,2
49614,2
49615,2
49616,2
49617,2
49618,2
49619,2
49620,3
49621,2
49622,2
49623,2
49624,2
49625,2
49626,2
49627,2
49628,2
49629,2
49630,2
49631,2
49632,2
49633,2
49634,2
49635,3
49636,2
49637,2
49638,2
49639,2
49640,2
49641,2
49642,2
49643,2
49644,2
49645,2
49646,2
49647,2
49648,2
49649,3
49650,2
49651,3
49652,3
49653,3
49654,2
49655,1
49656,3
49657,2
49658,2
49659,2
49660,2
49661,2
49662,2
49663,2
49664,2
49665,2
49666,2
49667,2
49668,2
49669,2
49670,2
49671,2
49672,2
49673,2
49674,2
49675,2
49676,2
49677,3
49678,2
49679,2
49680,2
49681,2
49682,2
49683,2
49684,2
49685,3
49686,2
49687,0
49688,2
49689,2
49690,2
49691,2
49692,2
49693,2
49694,2
49695,2
49696,2
49697,2
49698,2
49699,2
49700,2
49701,2
49702,2
49703,3
49704,2
49705,2
49706,2
49707,2
49708,2
49709,2
49710,2
49711,2
49712,2
49713,2
49714,2
49715,2
49716,2
49717,2
49718,3
49719,2
49720,2
49721,2
49722,2
49723,2
49724,2
49725,2
49726,2
49727,2
49728,2
49729,2
49730,2
49731,2
49732,2
49733,2
49734,2
49735,2
49736,2
49737,2
49738,2
49739,2
49740,2
49741,2
49742,2
49743,2
49744,2
49745,2
49746,2
49747,2
49748,2
49749,3
49750,2
49751,2
49752,2
49753,2
49754,2
49755,2
49756,3
49757,2
49758,2
49759,2
49760,2
49761,2
49762,0
49763,2
49764,2
49765,2
49766,2
49767,2
49768,2
49769,2
49770,2
49771,2
49772,2
49773,2
49774,1
49775,2
49776,2
49777,2
49778,2
49779,2
49780,2
49781,2
49782,2
49783,2
49784,2
49785,2
49786,2
49787,2
49788,2
49789,2
49790,2
49791,2
49792,2
49793,2
49794,2
49795,2
49796,2
49797,2
49798,2
49799,2
49800,2
49801,2
49802,2
49803,2
49804,2
49805,2
49806,2
49807,2
49808,2
49809,2
49810,2
49811,2
49812,2
49813,2
49814,2
49815,2
49816,2
49817,3
49818,3
49819,2
49820,2
49821,2
49822,2
49823,2
49824,2
49825,2
49826,2
49827,2
49828,2
49829,2
49830,2
49831,2
49832,2
49833,2
49834,2
49835,2
49836,2
49837,2
49838,2
49839,2
49840,2
49841,2
49842,2
49843,2
49844,2
49845,2
49846,2
49847,2
49848,2
49849,2
49850,2
49851,3
49852,3
49853,0
49854,2
49855,2
49856,2
49857,2
49858,2
49859,2
49860,2
49861,2
49862,2
49863,2
49864,2
49865,2
49866,2
49867,2
49868,2
49869,2
49870,2
49871,2
49872,2
49873,2
49874,2
49875,2
49876,2
49877,2
49878,2
49879,2
49880,2
49881,2
49882,2
49883,2
49884,2
49885,2
49886,2
49887,2
49888,2
49889,2
49890,3
49891,2
49892,2
49893,2
49894,2
49895,2
49896,2
49897,2
49898,2
49899,2
49900,2
49901,2
49902,2
49903,2
49904,2
49905,2
49906,2
49907,2
49908,2
49909,2
49910,2
49911,2
49912,2
49913,2
49914,3
49915,2
49916,2
49917,2
49918,2
49919,2
49920,3
49921,2
49922,2
49923,2
49924,2
49925,2
49926,2
49927,2
49928,2
49929,2
49930,2
49931,2
49932,2
49933,2
49934,2
49935,2
49936,2
49937,2
49938,2
49939,2
49940,2
49941,2
49942,2
49943,2
49944,2
49945,2
49946,2
49947,2
49948,2
49949,2
49950,2
49951,2
49952,2
49953,2
49954,2
49955,2
49956,2
49957,2
49958,2
49959,2
49960,2
49961,2
49962,2
49963,2
49964,2
49965,2
49966,2
49967,2
49968,2
49969,3
49970,2
49971,2
49972,2
49973,2
49974,2
49975,2
49976,2
49977,2
49978,2
49979,2
49980,2
49981,2
49982,2
49983,2
49984,2
49985,2
49986,2
49987,2
49988,2
49989,2
49990,2
49991,2
49992,2
49993,2
49994,2
49995,2
49996,2
49997,2
49998,2
49999,2
50000,2
50001,2
50002,2
50003,2
50004,2
50005,2
50006,2
50007,2
50008,2
50009,2
50010,2
50011,2
50012,2
50013,2
50014,2
50015,2
50016,2
50017,2
50018,2
50019,2
50020,2
50021,2
50022,2
50023,2
50024,2
50025,2
50026,2
50027,2
50028,2
50029,2
50030,2
50031,2
50032,2
50033,2
50034,2
50035,2
50036,2
50037,2
50038,2
50039,2
50040,2
50041,2
50042,2
50043,2
50044,2
50045,2
50046,2
50047,2
50048,2
50049,2
50050,2
50051,2
50052,2
50053,2
50054,2
50055,2
50056,2
50057,2
50058,2
50059,2
50060,2
50061,2
50062,2
50063,2
50064,2
50065,2
50066,2
50067,2
50068,2
50069,2
50070,0
50071,2
50072,2
50073,2
50074,2
50075,2
50076,2
50077,2
50078,2
50079,2
50080,2
50081,2
50082,2
50083,2
50084,2
50085,2
50086,2
50087,2
50088,2
50089,2
50090,2
50091,2
50092,2
50093,2
50094,2
50095,2
50096,2
50097,2
50098,2
50099,2
50100,2
50101,2
50102,2
50103,2
50104,2
50105,2
50106,2
50107,3
50108,2
50109,2
50110,2
50111,2
50112,2
50113,2
50114,2
50115,2
50116,3
50117,2
50118,2
50119,2
50120,2
50121,2
50122,2
50123,2
50124,2
50125,2
50126,2
50127,2
50128,2
50129,2
50130,2
50131,2
50132,2
50133,2
50134,2
50135,2
50136,2
50137,2
50138,2
50139,2
50140,2
50141,2
50142,2
50143,2
50144,2
50145,2
50146,2
50147,2
50148,2
50149,2
50150,2
50151,2
50152,2
50153,2
50154,2
50155,2
50156,2
50157,2
50158,2
50159,2
50160,2
50161,2
50162,2
50163,2
50164,2
50165,2
50166,2
50167,2
50168,2
50169,2
50170,2
50171,2
50172,2
50173,2
50174,2
50175,2
50176,2
50177,2
50178,2
50179,2
50180,2
50181,2
50182,2
50183,2
50184,2
50185,2
50186,2
50187,2
50188,2
50189,2
50190,2
50191,2
50192,2
50193,2
50194,2
50195,2
50196,2
50197,2
50198,2
50199,2
50200,2
50201,2
50202,2
50203,2
50204,2
50205,2
50206,2
50207,2
50208,2
50209,2
50210,2
50211,2
50212,2
50213,2
50214,2
50215,2
50216,2
50217,2
50218,2
50219,2
50220,2
50221,2
50222,2
50223,2
50224,2
50225,2
50226,2
50227,2
50228,2
50229,2
50230,2
50231,2
50232,2
50233,2
50234,2
50235,2
50236,2
50237,2
50238,2
50239,2
50240,2
50241,2
50242,2
50243,2
50244,2
50245,2
50246,2
50247,2
50248,2
50249,2
50250,2
50251,2
50252,2
50253,2
50254,2
50255,2
50256,2
50257,2
50258,2
50259,2
50260,2
50261,2
50262,2
50263,2
50264,2
50265,2
50266,2
50267,2
50268,2
50269,2
50270,2
50271,2
50272,2
50273,2
50274,2
50275,2
50276,2
50277,2
50278,2
50279,2
50280,2
50281,2
50282,2
50283,2
50284,2
50285,2
50286,2
50287,2
50288,2
50289,2
50290,2
50291,2
50292,2
50293,2
50294,2
50295,2
50296,2
50297,2
50298,2
50299,2
50300,2
50301,2
50302,2
50303,2
50304,2
50305,2
50306,2
50307,2
50308,2
50309,2
50310,2
50311,2
50312,2
50313,2
50314,2
50315,2
50316,2
50317,2
50318,2
50319,2
50320,2
50321,2
50322,2
50323,2
50324,2
50325,2
50326,2
50327,2
50328,2
50329,2
50330,2
50331,2
50332,2
50333,2
50334,2
50335,2
50336,2
50337,2
50338,2
50339,2
50340,2
50341,2
50342,2
50343,2
50344,2
50345,2
50346,2
50347,2
50348,2
50349,2
50350,2
50351,2
50352,2
50353,2
50354,2
50355,2
50356,2
50357,2
50358,2
50359,2
50360,2
50361,2
50362,2
50363,2
50364,2
50365,2
50366,2
50367,2
50368,2
50369,2
50370,2
50371,2
50372,2
50373,2
50374,2
50375,2
50376,2
50377,2
50378,2
50379,2
50380,2
50381,2
50382,2
50383,2
50384,2
50385,2
50386,2
50387,2
50388,2
50389,2
50390,2
50391,2
50392,2
50393,2
50394,2
50395,2
50396,2
50397,2
50398,2
50399,2
50400,2
50401,2
50402,2
50403,2
50404,2
50405,2
50406,2
50407,2
50408,2
50409,2
50410,2
50411,2
50412,2
50413,2
50414,2
50415,2
50416,2
50417,2
50418,2
50419,2
50420,2
50421,2
50422,2
50423,2
50424,2
50425,2
50426,2
50427,2
50428,2
50429,2
50430,2
50431,2
50432,2
50433,2
50434,2
50435,2
50436,2
50437,2
50438,2
50439,2
50440,2
50441,3
50442,2
50443,2
50444,2
50445,2
50446,2
50447,2
50448,2
50449,2
50450,2
50451,2
50452,2
50453,2
50454,2
50455,2
50456,2
50457,2
50458,2
50459,2
50460,2
50461,2
50462,2
50463,2
50464,2
50465,2
50466,2
50467,2
50468,2
50469,2
50470,2
50471,2
50472,2
50473,2
50474,2
50475,2
50476,2
50477,2
50478,2
50479,2
50480,2
50481,2
50482,2
50483,2
50484,2
50485,2
50486,2
50487,2
50488,2
50489,2
50490,2
50491,2
50492,2
50493,2
50494,2
50495,2
50496,2
50497,2
50498,2
50499,2
50500,2
50501,2
50502,2
50503,2
50504,2
50505,2
50506,2
50507,2
50508,2
50509,2
50510,2
50511,2
50512,2
50513,2
50514,2
50515,2
50516,2
50517,2
50518,2
50519,1
50520,1
50521,1
50522,3
50523,2
50524,2
50525,2
50526,2
50527,2
50528,2
50529,2
50530,2
50531,2
50532,2
50533,2
50534,2
50535,2
50536,2
50537,2
50538,2
50539,2
50540,2
50541,2
50542,2
50543,2
50544,2
50545,2
50546,2
50547,2
50548,2
50549,2
50550,2
50551,2
50552,2
50553,2
50554,2
50555,2
50556,2
50557,2
50558,2
50559,2
50560,2
50561,2
50562,3
50563,2
50564,3
50565,2
50566,2
50567,3
50568,2
50569,2
50570,2
50571,2
50572,2
50573,2
50574,2
50575,2
50576,2
50577,2
50578,2
50579,2
50580,2
50581,2
50582,2
50583,2
50584,2
50585,2
50586,2
50587,2
50588,2
50589,2
50590,3
50591,2
50592,2
50593,2
50594,2
50595,2
50596,1
50597,2
50598,2
50599,3
50600,2
50601,2
50602,3
50603,2
50604,2
50605,2
50606,2
50607,3
50608,3
50609,3
50610,1
50611,3
50612,3
50613,3
50614,3
50615,3
50616,3
50617,3
50618,3
50619,3
50620,3
50621,2
50622,3
50623,3
50624,3
50625,3
50626,3
50627,3
50628,3
50629,3
50630,3
50631,3
50632,3
50633,3
50634,2
50635,2
50636,3
50637,3
50638,2
50639,2
50640,2
50641,2
50642,3
50643,3
50644,3
50645,3
50646,2
50647,3
50648,2
50649,3
50650,2
50651,2
50652,3
50653,2
50654,2
50655,3
50656,2
50657,3
50658,2
50659,3
50660,2
50661,3
50662,3
50663,2
50664,3
50665,3
50666,3
50667,3
50668,2
50669,2
50670,3
50671,3
50672,2
50673,2
50674,2
50675,2
50676,2
50677,2
50678,3
50679,3
50680,2
50681,3
50682,3
50683,2
50684,2
50685,3
50686,3
50687,2
50688,2
50689,2
50690,2
50691,2
50692,2
50693,3
50694,3
50695,3
50696,3
50697,3
50698,3
50699,3
50700,3
50701,3
50702,3
50703,3
50704,3
50705,3
50706,3
50707,3
50708,3
50709,3
50710,3
50711,3
50712,2
50713,3
50714,3
50715,3
50716,3
50717,3
50718,3
50719,3
50720,3
50721,3
50722,3
50723,3
50724,3
50725,3
50726,3
50727,3
50728,3
50729,3
50730,3
50731,3
50732,3
50733,3
50734,3
50735,3
50736,3
50737,3
50738,3
50739,3
50740,3
50741,3
50742,3
50743,3
50744,3
50745,3
50746,3
50747,3
50748,2
50749,2
50750,3
50751,3
50752,3
50753,3
50754,3
50755,3
50756,2
50757,2
50758,2
50759,2
50760,2
50761,2
50762,2
50763,2
50764,2
50765,2
50766,2
50767,2
50768,2
50769,2
50770,2
50771,2
50772,2
50773,2
50774,2
50775,2
50776,2
50777,2
50778,2
50779,2
50780,2
50781,2
50782,2
50783,2
50784,2
50785,2
50786,2
50787,2
50788,2
50789,2
50790,2
50791,2
50792,2
50793,3
50794,0
50795,2
50796,2
50797,0
50798,2
50799,3
50800,3
50801,3
50802,3
50803,3
50804,3
50805,3
50806,2
50807,3
50808,3
50809,3
50810,3
50811,3
50812,3
50813,3
50814,3
50815,3
50816,3
50817,3
50818,0
50819,2
50820,0
50821,2
50822,2
50823,0
50824,0
50825,2
50826,3
50827,3
50828,2
50829,3
50830,3
50831,3
50832,2
50833,2
50834,2
50835,2
50836,2
50837,2
50838,2
50839,2
50840,2
50841,2
50842,2
50843,2
50844,2
50845,2
50846,2
50847,2
50848,2
50849,2
50850,2
50851,2
50852,2
50853,2
50854,2
50855,1
50856,2
50857,2
50858,2
50859,2
50860,3
50861,3
50862,3
50863,3
50864,3
50865,3
50866,0
50867,2
50868,3
50869,3
50870,3
50871,3
50872,2
50873,2
50874,2
50875,2
50876,2
50877,2
50878,2
50879,2
50880,2
50881,2
50882,2
50883,2
50884,2
50885,2
50886,2
50887,2
50888,2
50889,2
50890,2
50891,2
50892,2
50893,2
50894,3
50895,2
50896,2
50897,2
50898,2
50899,2
50900,2
50901,2
50902,2
50903,2
50904,2
50905,3
50906,2
50907,0
50908,2
50909,2
50910,2
50911,2
50912,2
50913,2
50914,2
50915,2
50916,2
50917,2
50918,2
50919,2
50920,2
50921,2
50922,2
50923,2
50924,2
50925,2
50926,2
50927,2
50928,2
50929,2
50930,2
50931,2
50932,2
50933,3
50934,0
50935,2
50936,3
50937,2
50938,3
50939,2
50940,2
50941,2
50942,2
50943,2
50944,2
50945,2
50946,2
50947,2
50948,2
50949,2
50950,2
50951,2
50952,2
50953,2
50954,2
50955,2
50956,2
50957,2
50958,2
50959,2
50960,2
50961,2
50962,2
50963,2
50964,2
50965,2
50966,2
50967,3
50968,3
50969,2
50970,2
50971,2
50972,2
50973,2
50974,2
50975,2
50976,2
50977,2
50978,2
50979,2
50980,2
50981,2
50982,2
50983,2
50984,2
50985,2
50986,2
50987,2
50988,2
50989,2
50990,2
50991,2
50992,2
50993,2
50994,2
50995,2
50996,2
50997,2
50998,2
50999,3
51000,2
51001,2
51002,3
51003,2
51004,2
51005,3
51006,2
51007,2
51008,2
51009,2
51010,2
51011,2
51012,2
51013,2
51014,3
51015,3
51016,2
51017,3
51018,3
51019,3
51020,3
51021,2
51022,2
51023,2
51024,2
51025,2
51026,2
51027,2
51028,2
51029,2
51030,2
51031,2
51032,2
51033,2
51034,2
51035,2
51036,0
51037,2
51038,2
51039,2
51040,2
51041,2
51042,3
51043,3
51044,2
51045,3
51046,3
51047,2
51048,2
51049,2
51050,2
51051,2
51052,2
51053,2
51054,2
51055,2
51056,2
51057,2
51058,2
51059,2
51060,2
51061,2
51062,2
51063,2
51064,2
51065,0
51066,2
51067,3
51068,3
51069,2
51070,2
51071,3
51072,2
51073,2
51074,3
51075,2
51076,3
51077,0
51078,2
51079,2
51080,2
51081,2
51082,3
51083,2
51084,3
51085,2
51086,2
51087,2
51088,2
51089,3
51090,3
51091,2
51092,3
51093,2
51094,2
51095,2
51096,2
51097,2
51098,3
51099,2
51100,2
51101,2
51102,3
51103,3
51104,2
51105,3
51106,2
51107,2
51108,2
51109,2
51110,2
51111,2
51112,2
51113,2
51114,2
51115,2
51116,2
51117,3
51118,3
51119,2
51120,2
51121,2
51122,2
51123,2
51124,2
51125,3
51126,2
51127,2
51128,2
51129,2
51130,2
51131,2
51132,2
51133,2
51134,2
51135,2
51136,2
51137,2
51138,2
51139,2
51140,2
51141,2
51142,3
51143,2
51144,3
51145,2
51146,3
51147,2
51148,2
51149,1
51150,2
51151,2
51152,2
51153,2
51154,2
51155,2
51156,2
51157,2
51158,2
51159,3
51160,2
51161,2
51162,2
51163,2
51164,2
51165,2
51166,2
51167,2
51168,3
51169,2
51170,3
51171,2
51172,2
51173,2
51174,3
51175,3
51176,2
51177,2
51178,3
51179,2
51180,2
51181,2
51182,2
51183,2
51184,2
51185,2
51186,2
51187,2
51188,2
51189,2
51190,2
51191,2
51192,2
51193,2
51194,2
51195,2
51196,2
51197,3
51198,2
51199,2
51200,2
51201,2
51202,2
51203,2
51204,2
51205,2
51206,2
51207,2
51208,2
51209,2
51210,2
51211,2
51212,2
51213,2
51214,2
51215,2
51216,2
51217,2
51218,3
51219,2
51220,2
51221,2
51222,2
51223,2
51224,2
51225,2
51226,2
51227,2
51228,2
51229,2
51230,2
51231,2
51232,2
51233,2
51234,2
51235,2
51236,2
51237,2
51238,2
51239,2
51240,2
51241,2
51242,2
51243,2
51244,2
51245,2
51246,2
51247,2
51248,2
51249,2
51250,2
51251,2
51252,2
51253,2
51254,2
51255,2
51256,2
51257,2
51258,2
51259,2
51260,2
51261,2
51262,3
51263,2
51264,2
51265,2
51266,2
51267,2
51268,2
51269,2
51270,2
51271,2
51272,2
51273,2
51274,2
51275,2
51276,2
51277,2
51278,2
51279,2
51280,3
51281,2
51282,2
51283,2
51284,2
51285,2
51286,2
51287,2
51288,2
51289,2
51290,2
51291,2
51292,2
51293,2
51294,2
51295,2
51296,2
51297,2
51298,2
51299,2
51300,2
51301,2
51302,2
51303,2
51304,2
51305,2
51306,2
51307,2
51308,2
51309,2
51310,2
51311,2
51312,2
51313,2
51314,2
51315,2
51316,2
51317,2
51318,2
51319,2
51320,2
51321,2
51322,2
51323,2
51324,2
51325,2
51326,2
51327,2
51328,2
51329,2
51330,2
51331,2
51332,2
51333,2
51334,2
51335,2
51336,2
51337,2
51338,2
51339,2
51340,2
51341,2
51342,2
51343,2
51344,3
51345,2
51346,2
51347,2
51348,2
51349,2
51350,2
51351,2
51352,2
51353,2
51354,2
51355,2
51356,2
51357,2
51358,2
51359,2
51360,2
51361,2
51362,2
51363,2
51364,2
51365,2
51366,2
51367,2
51368,2
51369,2
51370,2
51371,2
51372,2
51373,2
51374,2
51375,2
51376,2
51377,2
51378,2
51379,2
51380,2
51381,2
51382,2
51383,2
51384,2
51385,2
51386,2
51387,2
51388,2
51389,2
51390,2
51391,2
51392,2
51393,2
51394,2
51395,2
51396,2
51397,2
51398,2
51399,2
51400,2
51401,2
51402,2
51403,2
51404,2
51405,2
51406,2
51407,2
51408,2
51409,2
51410,2
51411,2
51412,2
51413,2
51414,2
51415,2
51416,2
51417,2
51418,2
51419,2
51420,2
51421,2
51422,2
51423,2
51424,2
51425,2
51426,2
51427,2
51428,2
51429,2
51430,2
51431,2
51432,2
51433,2
51434,2
51435,2
51436,2
51437,2
51438,2
51439,0
51440,2
51441,3
51442,2
51443,2
51444,2
51445,2
51446,2
51447,2
51448,2
51449,2
51450,3
51451,2
51452,0
51453,2
51454,2
51455,2
51456,2
51457,2
51458,2
51459,2
51460,2
51461,2
51462,2
51463,2
51464,2
51465,2
51466,2
51467,0
51468,2
51469,2
51470,2
51471,2
51472,2
51473,2
51474,2
51475,2
51476,3
51477,3
51478,2
51479,2
51480,2
51481,3
51482,3
51483,2
51484,2
51485,2
51486,2
51487,2
51488,2
51489,2
51490,2
51491,2
51492,2
51493,2
51494,2
51495,3
51496,3
51497,3
51498,3
51499,1
51500,2
51501,3
51502,3
51503,3
51504,3
51505,3
51506,2
51507,3
51508,1
51509,2
51510,3
51511,3
51512,3
51513,3
51514,3
51515,1
51516,3
51517,3
51518,3
51519,3
51520,2
51521,1
51522,3
51523,3
51524,3
51525,3
51526,2
51527,3
51528,3
51529,3
51530,3
51531,3
51532,2
51533,3
51534,3
51535,3
51536,3
51537,3
51538,3
51539,2
51540,3
51541,2
51542,2
51543,3
51544,2
51545,2
51546,3
51547,3
51548,2
51549,3
51550,3
51551,2
51552,1
51553,3
51554,2
51555,3
51556,1
51557,2
51558,1
51559,3
51560,3
51561,2
51562,3
51563,3
51564,3
51565,3
51566,3
51567,3
51568,3
51569,3
51570,3
51571,1
51572,3
51573,3
51574,1
51575,3
51576,0
51577,3
51578,1
51579,3
51580,3
51581,0
51582,3
51583,3
51584,3
51585,3
51586,3
51587,3
51588,3
51589,3
51590,3
51591,3
51592,3
51593,2
51594,3
51595,3
51596,3
51597,3
51598,3
51599,3
51600,3
51601,3
51602,1
51603,3
51604,0
51605,3
51606,3
51607,3
51608,3
51609,1
51610,3
51611,1
51612,3
51613,3
51614,3
51615,3
51616,3
51617,3
51618,3
51619,2
51620,2
51621,1
51622,1
51623,3
51624,1
51625,1
51626,3
51627,3
51628,3
51629,1
51630,3
51631,2
51632,2
51633,3
51634,2
51635,2
51636,3
51637,2
51638,3
51639,2
51640,3
51641,3
51642,3
51643,3
51644,3
51645,3
51646,3
51647,3
51648,3
51649,3
51650,3
51651,3
51652,3
51653,3
51654,2
51655,2
51656,3
51657,3
51658,2
51659,2
51660,2
51661,3
51662,3
51663,2
51664,3
51665,3
51666,3
51667,1
51668,2
51669,3
51670,3
51671,2
51672,3
51673,3
51674,3
51675,3
51676,3
51677,3
51678,3
51679,3
51680,3
51681,1
51682,3
51683,2
51684,2
51685,1
51686,2
51687,3
51688,2
51689,2
51690,2
51691,3
51692,3
51693,3
51694,3
51695,0
51696,1
51697,3
51698,3
51699,2
51700,1
51701,1
51702,3
51703,3
51704,3
51705,3
51706,3
51707,2
51708,3
51709,3
51710,3
51711,3
51712,3
51713,3
51714,3
51715,3
51716,3
51717,2
51718,3
51719,3
51720,1
51721,1
51722,3
51723,3
51724,3
51725,3
51726,3
51727,2
51728,3
51729,3
51730,3
51731,3
51732,3
51733,3
51734,3
51735,3
51736,2
51737,3
51738,3
51739,3
51740,3
51741,3
51742,1
51743,3
51744,3
51745,1
51746,2
51747,3
51748,3
51749,2
51750,2
51751,2
51752,2
51753,2
51754,2
51755,3
51756,2
51757,3
51758,2
51759,1
51760,1
51761,3
51762,0
51763,3
51764,3
51765,3
51766,2
51767,2
51768,2
51769,2
51770,2
51771,3
51772,2
51773,3
51774,3
51775,2
51776,2
51777,2
51778,2
51779,2
51780,2
51781,2
51782,3
51783,2
51784,2
51785,3
51786,2
51787,3
51788,2
51789,2
51790,2
51791,2
51792,2
51793,2
51794,3
51795,2
51796,3
51797,3
51798,3
51799,3
51800,3
51801,3
51802,3
51803,2
51804,2
51805,2
51806,2
51807,2
51808,2
51809,2
51810,2
51811,2
51812,2
51813,2
51814,2
51815,2
51816,2
51817,2
51818,2
51819,3
51820,3
51821,3
51822,3
51823,2
51824,2
51825,2
51826,2
51827,2
51828,2
51829,3
51830,2
51831,2
51832,2
51833,3
51834,2
51835,2
51836,2
51837,2
51838,2
51839,2
51840,2
51841,2
51842,2
51843,3
51844,3
51845,3
51846,2
51847,2
51848,3
51849,3
51850,3
51851,3
51852,2
51853,2
51854,2
51855,3
51856,3
51857,3
51858,2
51859,2
51860,2
51861,2
51862,2
51863,2
51864,2
51865,2
51866,2
51867,2
51868,2
51869,2
51870,2
51871,3
51872,2
51873,2
51874,2
51875,3
51876,2
51877,2
51878,3
51879,2
51880,2
51881,2
51882,2
51883,2
51884,2
51885,2
51886,2
51887,2
51888,2
51889,2
51890,2
51891,3
51892,3
51893,3
51894,3
51895,3
51896,3
51897,2
51898,3
51899,3
51900,3
51901,3
51902,3
51903,3
51904,3
51905,3
51906,3
51907,3
51908,3
51909,3
51910,3
51911,3
51912,3
51913,3
51914,3
51915,2
51916,3
51917,2
51918,2
51919,3
51920,3
51921,2
51922,3
51923,2
51924,3
51925,2
51926,3
51927,3
51928,2
51929,2
51930,2
51931,2
51932,3
51933,2
51934,3
51935,3
51936,3
51937,2
51938,3
51939,3
51940,3
51941,3
51942,3
51943,3
51944,2
51945,2
51946,2
51947,2
51948,2
51949,2
51950,3
51951,3
51952,3
51953,3
51954,3
51955,2
51956,2
51957,2
51958,2
51959,2
51960,2
51961,3
51962,2
51963,2
51964,2
51965,2
51966,1
51967,1
51968,0
51969,0
51970,3
51971,3
51972,3
51973,0
51974,0
51975,3
51976,3
51977,3
51978,3
51979,3
51980,0
51981,3
51982,3
51983,3
51984,2
51985,3
51986,0
51987,3
51988,0
51989,2
51990,2
51991,0
51992,0
51993,3
51994,2
51995,2
51996,2
51997,3
51998,3
51999,1
52000,1
52001,3
52002,3
52003,3
52004,3
52005,3
52006,3
52007,3
52008,3
52009,1
52010,1
52011,3
52012,3
52013,3
52014,3
52015,3
52016,3
52017,3
52018,3
52019,3
52020,1
52021,3
52022,3
52023,3
52024,3
52025,3
52026,3
52027,3
52028,2
52029,3
52030,3
52031,3
52032,3
52033,2
52034,3
52035,2
52036,3
52037,2
52038,2
52039,2
52040,2
52041,2
52042,2
52043,2
52044,2
52045,2
52046,2
52047,2
52048,2
52049,2
52050,2
52051,2
52052,3
52053,1
52054,3
52055,3
52056,3
52057,3
52058,3
52059,3
52060,3
52061,3
52062,3
52063,3
52064,3
52065,3
52066,3
52067,2
52068,3
52069,3
52070,3
52071,3
52072,3
52073,3
52074,3
52075,3
52076,3
52077,3
52078,3
52079,3
52080,3
52081,3
52082,3
52083,3
52084,3
52085,3
52086,3
52087,3
52088,3
52089,3
52090,2
52091,3
52092,2
52093,3
52094,1
52095,3
52096,1
52097,1
52098,1
52099,3
52100,3
52101,2
52102,3
52103,2
52104,2
52105,2
52106,1
52107,1
52108,1
52109,1
52110,3
52111,3
52112,2
52113,3
52114,2
52115,3
52116,3
52117,3
52118,3
52119,3
52120,2
52121,2
52122,3
52123,3
52124,3
52125,2
52126,3
52127,3
52128,3
52129,3
52130,3
52131,3
52132,3
52133,3
52134,3
52135,3
52136,3
52137,3
52138,3
52139,3
52140,3
52141,2
52142,2
52143,3
52144,3
52145,3
52146,3
52147,1
52148,2
52149,3
52150,1
52151,3
52152,3
52153,3
52154,2
52155,2
52156,2
52157,2
52158,3
52159,1
52160,3
52161,3
52162,2
52163,3
52164,3
52165,3
52166,3
52167,3
52168,3
52169,2
52170,3
52171,3
52172,3
52173,1
52174,3
52175,2
52176,2
52177,3
52178,3
52179,3
52180,3
52181,3
52182,3
52183,1
52184,1
52185,1
52186,3
52187,3
52188,1
52189,3
52190,3
52191,3
52192,1
52193,1
52194,3
52195,3
52196,3
52197,3
52198,3
52199,3
52200,3
52201,3
52202,3
52203,2
52204,2
52205,3
52206,3
52207,3
52208,3
52209,1
52210,1
52211,1
52212,3
52213,1
52214,3
52215,3
52216,2
52217,3
52218,3
52219,3
52220,1
52221,1
52222,3
52223,1
52224,3
52225,3
52226,2
52227,3
52228,3
52229,3
52230,2
52231,3
52232,1
52233,1
52234,3
52235,2
52236,3
52237,3
52238,2
52239,2
52240,2
52241,2
52242,2
52243,2
52244,3
52245,3
52246,3
52247,0
52248,3
52249,0
52250,3
52251,3
52252,0
52253,2
52254,3
52255,3
52256,3
52257,3
52258,3
52259,3
52260,3
52261,3
52262,3
52263,3
52264,3
52265,3
52266,3
52267,1
52268,3
52269,3
52270,3
52271,3
52272,3
52273,3
52274,1
52275,3
52276,3
52277,3
52278,3
52279,1
52280,3
52281,1
52282,1
52283,3
52284,3
52285,1
52286,3
52287,3
52288,1
52289,3
52290,3
52291,1
52292,1
52293,3
52294,3
52295,1
52296,2
52297,3
52298,3
52299,2
52300,3
52301,3
52302,3
52303,3
52304,3
52305,3
52306,3
52307,2
52308,2
52309,3
52310,3
52311,3
52312,3
52313,3
52314,3
52315,3
52316,3
52317,3
52318,3
52319,2
52320,2
52321,3
52322,1
52323,1
52324,3
52325,3
52326,2
52327,1
52328,1
52329,1
52330,1
52331,2
52332,2
52333,2
52334,1
52335,1
52336,1
52337,1
52338,1
52339,3
52340,0
52341,3
52342,3
52343,3
52344,2
52345,3
52346,3
52347,2
52348,2
52349,2
52350,3
52351,3
52352,3
52353,3
52354,3
52355,3
52356,3
52357,3
52358,3
52359,3
52360,3
52361,3
52362,3
52363,3
52364,3
52365,3
52366,3
52367,3
52368,3
52369,3
52370,3
52371,3
52372,3
52373,3
52374,3
52375,3
52376,1
52377,3
52378,3
52379,3
52380,3
52381,3
52382,3
52383,3
52384,3
52385,3
52386,3
52387,3
52388,1
52389,2
52390,1
52391,3
52392,2
52393,3
52394,3
52395,3
52396,3
52397,3
52398,3
52399,3
52400,3
52401,3
52402,3
52403,0
52404,3
52405,3
52406,3
52407,3
52408,2
52409,3
52410,3
52411,0
52412,3
52413,3
52414,2
52415,2
52416,2
52417,3
52418,0
52419,2
52420,2
52421,2
52422,2
52423,3
52424,3
52425,2
52426,3
52427,2
52428,2
52429,3
52430,2
52431,3
52432,3
52433,3
52434,3
52435,2
52436,3
52437,3
52438,3
52439,2
52440,3
52441,3
52442,3
52443,3
52444,0
52445,3
52446,2
52447,3
52448,3
52449,3
52450,3
52451,1
52452,3
52453,3
52454,3
52455,3
52456,0
52457,3
52458,0
52459,2
52460,3
52461,2
52462,3
52463,2
52464,3
52465,3
52466,2
52467,2
52468,0
52469,2
52470,2
52471,0
52472,2
52473,2
52474,2
52475,2
52476,3
52477,2
52478,2
52479,2
52480,2
52481,2
52482,2
52483,2
52484,3
52485,3
52486,3
52487,3
52488,3
52489,3
52490,3
52491,3
52492,3
52493,1
52494,3
52495,1
52496,3
52497,3
52498,3
52499,3
52500,3
52501,3
52502,3
52503,3
52504,3
52505,3
52506,3
52507,3
52508,3
52509,3
52510,3
52511,3
52512,3
52513,3
52514,3
52515,3
52516,3
52517,2
52518,2
52519,3
52520,3
52521,3
52522,3
52523,3
52524,3
52525,3
52526,3
52527,3
52528,2
52529,3
52530,2
52531,0
52532,3
52533,3
52534,3
52535,3
52536,3
52537,3
52538,3
52539,3
52540,3
52541,3
52542,2
52543,2
52544,3
52545,3
52546,3
52547,3
52548,3
52549,2
52550,2
52551,3
52552,3
52553,2
52554,3
52555,3
52556,3
52557,3
52558,2
52559,2
52560,2
52561,3
52562,3
52563,2
52564,3
52565,3
52566,3
52567,3
52568,3
52569,0
52570,3
52571,3
52572,3
52573,3
52574,3
52575,3
52576,3
52577,3
52578,3
52579,3
52580,3
52581,0
52582,3
52583,3
52584,3
52585,3
52586,3
52587,3
52588,3
52589,3
52590,3
52591,3
52592,3
52593,3
52594,2
52595,3
52596,1
52597,2
52598,2
52599,0
52600,2
52601,3
52602,2
52603,2
52604,3
52605,3
52606,3
52607,2
52608,3
52609,2
52610,2
52611,2
52612,3
52613,3
52614,3
52615,3
52616,2
52617,3
52618,3
52619,2
52620,2
52621,2
52622,0
52623,0
52624,0
52625,3
52626,2
52627,3
52628,3
52629,3
52630,3
52631,2
52632,2
52633,3
52634,2
52635,3
52636,2
52637,2
52638,1
52639,1
52640,1
52641,1
52642,1
52643,1
52644,3
52645,3
52646,0
52647,3
52648,3
52649,3
52650,3
52651,3
52652,3
52653,3
52654,3
52655,3
52656,3
52657,3
52658,3
52659,3
52660,3
52661,2
52662,3
52663,3
52664,3
52665,3
52666,3
52667,3
52668,3
52669,3
52670,3
52671,3
52672,3
52673,3
52674,3
52675,3
52676,3
52677,3
52678,3
52679,3
52680,3
52681,3
52682,3
52683,3
52684,3
52685,3
52686,3
52687,3
52688,3
52689,3
52690,3
52691,3
52692,3
52693,3
52694,3
52695,3
52696,3
52697,3
52698,3
52699,3
52700,3
52701,3
52702,3
52703,2
52704,3
52705,2
52706,3
52707,3
52708,3
52709,1
52710,3
52711,3
52712,3
52713,3
52714,3
52715,3
52716,3
52717,3
52718,3
52719,3
52720,3
52721,3
52722,3
52723,3
52724,3
52725,3
52726,3
52727,3
52728,3
52729,3
52730,3
52731,3
52732,3
52733,3
52734,3
52735,3
52736,3
52737,3
52738,3
52739,3
52740,3
52741,3
52742,3
52743,3
52744,1
52745,3
52746,3
52747,3
52748,3
52749,3
52750,3
52751,3
52752,3
52753,3
52754,3
52755,3
52756,3
52757,3
52758,3
52759,3
52760,3
52761,3
52762,3
52763,1
52764,2
52765,3
52766,3
52767,2
52768,3
52769,2
52770,3
52771,3
52772,3
52773,1
52774,3
52775,3
52776,3
52777,3
52778,3
52779,2
52780,3
52781,3
52782,3
52783,3
52784,3
52785,3
52786,3
52787,3
52788,3
52789,3
52790,3
52791,3
52792,3
52793,3
52794,3
52795,3
52796,3
52797,3
52798,3
52799,3
52800,2
52801,3
52802,2
52803,1
52804,3
52805,3
52806,3
52807,3
52808,3
52809,3
52810,3
52811,2
52812,3
52813,3
52814,3
52815,3
52816,3
52817,3
52818,3
52819,3
52820,3
52821,3
52822,2
52823,3
52824,3
52825,3
52826,3
52827,3
52828,3
52829,3
52830,3
52831,2
52832,2
52833,2
52834,3
52835,3
52836,2
52837,2
52838,2
52839,2
52840,2
52841,2
52842,3
52843,3
52844,3
52845,3
52846,3
52847,3
52848,3
52849,3
52850,3
52851,0
52852,3
52853,3
52854,3
52855,2
52856,2
52857,2
52858,3
52859,2
52860,2
52861,2
52862,2
52863,2
52864,2
52865,2
52866,2
52867,2
52868,2
52869,2
52870,2
52871,2
52872,2
52873,0
52874,2
52875,0
52876,0
52877,2
52878,2
52879,2
52880,2
52881,3
52882,2
52883,0
52884,2
52885,2
52886,2
52887,2
52888,2
52889,0
52890,2
52891,2
52892,0
52893,0
52894,0
52895,0
52896,2
52897,2
52898,2
52899,2
52900,2
52901,0
52902,0
52903,0
52904,0
52905,0
52906,2
52907,2
52908,3
52909,2
52910,2
52911,3
52912,0
52913,2
52914,2
52915,0
52916,0
52917,0
52918,0
52919,2
52920,0
52921,0
52922,3
52923,3
52924,3
52925,2
52926,3
52927,0
52928,3
52929,0
52930,0
52931,3
52932,0
52933,2
52934,3
52935,3
52936,0
52937,3
52938,3
52939,3
52940,0
52941,3
52942,2
52943,2
52944,3
52945,3
52946,0
52947,0
52948,3
52949,3
52950,2
52951,2
52952,3
52953,3
52954,2
52955,2
52956,2
52957,2
52958,2
52959,0
52960,2
52961,0
52962,3
52963,3
52964,2
52965,0
52966,0
52967,0
52968,3
52969,0
52970,3
52971,3
52972,2
52973,2
52974,0
52975,2
52976,2
52977,2
52978,3
52979,3
52980,2
52981,3
52982,3
52983,3
52984,3
52985,0
52986,1
52987,2
52988,2
52989,2
52990,2
52991,2
52992,2
52993,2
52994,2
52995,2
52996,2
52997,2
52998,3
52999,3
53000,3
53001,2
53002,2
53003,2
53004,2
53005,2
53006,2
53007,0
53008,3
53009,2
53010,2
53011,2
53012,2
53013,0
53014,0
53015,1
53016,3
53017,3
53018,3
53019,3
53020,3
53021,3
53022,3
53023,3
53024,3
53025,3
53026,1
53027,0
53028,0
53029,3
53030,3
53031,3
53032,3
53033,3
53034,2
53035,3
53036,3
53037,0
53038,3
53039,0
53040,0
53041,3
53042,0
53043,0
53044,3
53045,3
53046,3
53047,2
53048,1
53049,3
53050,3
53051,3
53052,2
53053,3
53054,3
53055,3
53056,3
53057,3
53058,3
53059,3
53060,3
53061,3
53062,3
53063,1
53064,3
53065,3
53066,3
53067,3
53068,3
53069,3
53070,1
53071,3
53072,3
53073,3
53074,3
53075,3
53076,3
53077,2
53078,2
53079,2
53080,2
53081,2
53082,2
53083,2
53084,3
53085,3
53086,3
53087,3
53088,0
53089,3
53090,3
53091,3
53092,3
53093,3
53094,3
53095,3
53096,3
53097,3
53098,2
53099,2
53100,2
53101,2
53102,2
53103,2
53104,3
53105,3
53106,3
53107,3
53108,2
53109,2
53110,2
53111,2
53112,2
53113,2
53114,3
53115,3
53116,3
53117,3
53118,3
53119,3
53120,3
53121,3
53122,3
53123,3
53124,3
53125,2
53126,2
53127,2
53128,3
53129,3
53130,3
53131,0
53132,3
53133,2
53134,2
53135,2
53136,2
53137,3
53138,0
53139,3
53140,3
53141,2
53142,3
53143,3
53144,2
53145,3
53146,2
53147,0
53148,0
53149,2
53150,3
53151,3
53152,3
53153,3
53154,2
53155,2
53156,3
53157,2
53158,2
53159,0
53160,3
53161,2
53162,3
53163,2
53164,3
53165,2
53166,2
53167,2
53168,2
53169,2
53170,2
53171,2
53172,2
53173,2
53174,3
53175,2
53176,3
53177,3
53178,3
53179,3
53180,3
53181,2
53182,3
53183,3
53184,3
53185,3
53186,3
53187,2
53188,2
53189,3
53190,2
53191,3
53192,3
53193,2
53194,0
53195,0
53196,0
53197,0
53198,0
53199,0
53200,0
53201,2
53202,2
53203,2
53204,2
53205,2
53206,2
53207,2
53208,2
53209,3
53210,3
53211,3
53212,2
53213,2
53214,2
53215,2
53216,2
53217,2
53218,2
53219,2
53220,2
53221,2
53222,2
53223,2
53224,2
53225,2
53226,0
53227,2
53228,2
53229,3
53230,2
53231,2
53232,3
53233,3
53234,2
53235,3
53236,3
53237,2
53238,2
53239,0
53240,3
53241,3
53242,0
53243,2
53244,3
53245,2
53246,3
53247,2
53248,3
53249,2
53250,2
53251,2
53252,3
53253,3
53254,2
53255,3
53256,3
53257,2
53258,2
53259,2
53260,2
53261,2
53262,3
53263,3
53264,2
53265,2
53266,2
53267,2
53268,2
53269,3
53270,3
53271,3
53272,2
53273,2
53274,2
53275,3
53276,2
53277,2
53278,2
53279,3
53280,2
53281,3
53282,3
53283,0
53284,3
53285,2
53286,3
53287,3
53288,3
53289,2
53290,3
53291,2
53292,2
53293,2
53294,3
53295,3
53296,3
53297,2
53298,2
53299,2
53300,2
53301,2
53302,2
53303,2
53304,3
53305,3
53306,3
53307,3
53308,3
53309,3
53310,3
53311,3
53312,3
53313,3
53314,3
53315,3
53316,3
53317,3
53318,3
53319,3
53320,3
53321,3
53322,3
53323,3
53324,3
53325,3
53326,3
53327,3
53328,3
53329,3
53330,3
53331,3
53332,3
53333,3
53334,3
53335,3
53336,3
53337,3
53338,3
53339,3
53340,3
53341,3
53342,3
53343,2
53344,2
53345,0
53346,2
53347,2
53348,3
53349,1
53350,2
53351,3
53352,3
53353,2
53354,2
53355,2
53356,2
53357,3
53358,2
53359,2
53360,1
53361,2
53362,2
53363,2
53364,2
53365,3
53366,2
53367,2
53368,2
53369,2
53370,2
53371,2
53372,3
53373,2
53374,3
53375,0
53376,2
53377,3
53378,3
53379,3
53380,2
53381,3
53382,3
53383,3
53384,3
53385,0
53386,2
53387,0
53388,3
53389,2
53390,2
53391,2
53392,2
53393,2
53394,2
53395,2
53396,2
53397,2
53398,2
53399,3
53400,2
53401,2
53402,2
53403,2
53404,2
53405,3
53406,3
53407,3
53408,3
53409,3
53410,2
53411,2
53412,2
53413,2
53414,2
53415,3
53416,3
53417,3
53418,3
53419,3
53420,2
53421,3
53422,3
53423,2
53424,3
53425,3
53426,2
53427,2
53428,2
53429,3
53430,2
53431,2
53432,3
53433,0
53434,1
53435,1
53436,2
53437,2
53438,2
53439,2
53440,2
53441,2
53442,2
53443,2
53444,3
53445,3
53446,3
53447,2
53448,3
53449,3
53450,3
53451,3
53452,3
53453,3
53454,2
53455,3
53456,2
53457,2
53458,2
53459,3
53460,2
53461,2
53462,3
53463,2
53464,3
53465,3
53466,3
53467,2
53468,3
53469,0
53470,0
53471,3
53472,3
53473,3
53474,3
53475,3
53476,3
53477,2
53478,2
53479,2
53480,0
53481,2
53482,2
53483,2
53484,2
53485,3
53486,1
53487,3
53488,2
53489,3
53490,3
53491,3
53492,3
53493,3
53494,2
53495,3
53496,0
53497,3
53498,3
53499,2
53500,2
53501,0
53502,3
53503,3
53504,3
53505,2
53506,2
53507,2
53508,3
53509,2
53510,2
53511,2
53512,2
53513,2
53514,1
53515,3
53516,3
53517,1
53518,3
53519,3
53520,3
53521,3
53522,3
53523,0
53524,3
53525,0
53526,2
53527,3
53528,2
53529,2
53530,3
53531,3
53532,3
53533,2
53534,2
53535,2
53536,2
53537,2
53538,2
53539,3
53540,2
53541,2
53542,2
53543,2
53544,3
53545,3
53546,3
53547,3
53548,2
53549,0
53550,3
53551,2
53552,2
53553,2
53554,0
53555,3
53556,3
53557,2
53558,2
53559,2
53560,0
53561,0
53562,0
53563,0
53564,2
53565,3
53566,2
53567,3
53568,3
53569,2
53570,3
53571,3
53572,2
53573,3
53574,2
53575,2
53576,2
53577,3
53578,3
53579,2
53580,3
53581,2
53582,2
53583,0
53584,3
53585,2
53586,2
53587,2
53588,3
53589,2
53590,2
53591,2
53592,3
53593,3
53594,3
53595,2
53596,2
53597,2
53598,2
53599,2
53600,2
53601,2
53602,2
53603,2
53604,2
53605,2
53606,2
53607,2
53608,2
53609,2
53610,2
53611,2
53612,2
53613,2
53614,2
53615,2
53616,2
53617,2
53618,2
53619,2
53620,2
53621,2
53622,2
53623,2
53624,2
53625,2
53626,2
53627,2
53628,2
53629,2
53630,2
53631,2
53632,2
53633,2
53634,2
53635,2
53636,2
53637,2
53638,2
53639,2
53640,2
53641,2
53642,2
53643,2
53644,2
53645,2
53646,2
53647,2
53648,2
53649,2
53650,2
53651,2
53652,2
53653,2
53654,2
53655,2
53656,2
53657,2
53658,2
53659,2
53660,2
53661,2
53662,2
53663,2
53664,2
53665,2
53666,2
53667,2
53668,2
53669,2
53670,2
53671,2
53672,2
53673,2
53674,2
53675,2
53676,2
53677,2
53678,2
53679,2
53680,2
53681,2
53682,2
53683,2
53684,2
53685,2
53686,2
53687,2
53688,2
53689,2
53690,2
53691,2
53692,2
53693,2
53694,2
53695,2
53696,2
53697,2
53698,2
53699,2
53700,2
53701,2
53702,2
53703,2
53704,2
53705,2
53706,2
53707,2
53708,2
53709,2
53710,2
53711,2
53712,2
53713,2
53714,2
53715,2
53716,2
53717,2
53718,2
53719,2
53720,2
53721,2
53722,2
53723,2
53724,2
53725,2
53726,2
53727,2
53728,2
53729,2
53730,2
53731,2
53732,2
53733,2
53734,2
53735,2
53736,2
53737,2
53738,2
53739,2
53740,2
53741,2
53742,2
53743,2
53744,2
53745,2
53746,2
53747,2
53748,2
53749,2
53750,2
53751,2
53752,2
53753,2
53754,2
53755,2
53756,2
53757,2
53758,3
53759,2
53760,2
53761,2
53762,2
53763,2
53764,2
53765,1
53766,1
53767,1
53768,1
53769,1
53770,1
53771,1
53772,1
53773,1
53774,1
53775,1
53776,1
53777,1
53778,3
53779,1
53780,1
53781,1
53782,2
53783,2
53784,3
53785,2
53786,2
53787,2
53788,1
53789,1
53790,1
53791,3
53792,3
53793,3
53794,3
53795,3
53796,3
53797,3
53798,3
53799,3
53800,3
53801,2
53802,3
53803,2
53804,2
53805,2
53806,3
53807,2
53808,2
53809,3
53810,3
53811,3
53812,3
53813,3
53814,3
53815,3
53816,3
53817,3
53818,3
53819,2
53820,3
53821,3
53822,2
53823,3
53824,3
53825,3
53826,2
53827,3
53828,2
53829,2
53830,3
53831,3
53832,3
53833,3
53834,3
53835,3
53836,3
53837,3
53838,1
53839,3
53840,3
53841,3
53842,1
53843,3
53844,3
53845,3
53846,2
53847,2
53848,3
53849,3
53850,2
53851,3
53852,3
53853,3
53854,2
53855,3
53856,3
53857,3
53858,3
53859,3
53860,3
53861,3
53862,3
53863,3
53864,3
53865,0
53866,2
53867,3
53868,3
53869,3
53870,0
53871,3
53872,3
53873,3
53874,3
53875,3
53876,3
53877,2
53878,3
53879,3
53880,3
53881,3
53882,3
53883,3
53884,3
53885,2
53886,2
53887,2
53888,2
53889,2
53890,3
53891,2
53892,3
53893,1
53894,3
53895,3
53896,3
53897,3
53898,3
53899,3
53900,3
53901,3
53902,3
53903,3
53904,1
53905,3
53906,3
53907,3
53908,2
53909,3
53910,3
53911,3
53912,3
53913,2
53914,3
53915,3
53916,0
53917,2
53918,3
53919,3
53920,3
53921,3
53922,1
53923,3
53924,1
53925,2
53926,3
53927,3
53928,3
53929,3
53930,3
53931,3
53932,3
53933,3
53934,3
53935,3
53936,3
53937,3
53938,3
53939,3
53940,3
53941,3
53942,1
53943,3
53944,2
53945,3
53946,2
53947,1
53948,3
53949,3
53950,3
53951,3
53952,2
53953,1
53954,3
53955,3
53956,3
53957,1
53958,3
53959,3
53960,3
53961,3
53962,3
53963,3
53964,3
53965,3
53966,3
53967,3
53968,3
53969,3
53970,3
53971,3
53972,3
53973,2
53974,3
53975,3
53976,1
53977,2
53978,3
53979,3
53980,3
53981,2
53982,2
53983,2
53984,2
53985,1
53986,3
53987,3
53988,2
53989,3
53990,2
53991,3
53992,3
53993,2
53994,2
53995,3
53996,2
53997,3
53998,3
53999,3
54000,3
54001,3
54002,2
54003,0
54004,0
54005,3
54006,0
54007,0
54008,0
54009,0
54010,0
54011,0
54012,0
54013,0
54014,0
54015,0
54016,3
54017,0
54018,3
54019,0
54020,0
54021,3
54022,0
54023,0
54024,0
54025,0
54026,3
54027,0
54028,3
54029,3
54030,3
54031,3
54032,0
54033,3
54034,3
54035,3
54036,0
54037,0
54038,2
54039,3
54040,0
54041,0
54042,2
54043,2
54044,0
54045,3
54046,3
54047,3
54048,2
54049,2
54050,3
54051,0
54052,0
54053,0
54054,0
54055,0
54056,0
54057,0
54058,0
54059,0
54060,0
54061,0
54062,0
54063,0
54064,0
54065,0
54066,0
54067,0
54068,0
54069,3
54070,0
54071,0
54072,3
54073,0
54074,0
54075,0
54076,0
54077,0
54078,0
54079,0
54080,0
54081,0
54082,0
54083,0
54084,0
54085,0
54086,0
54087,0
54088,0
54089,0
54090,0
54091,0
54092,0
54093,0
54094,0
54095,0
54096,0
54097,0
54098,0
54099,0
54100,3
54101,3
54102,3
54103,0
54104,0
54105,0
54106,3
54107,3
54108,3
54109,0
54110,0
54111,0
54112,3
54113,0
54114,0
54115,3
54116,0
54117,0
54118,0
54119,0
54120,3
54121,0
54122,0
54123,3
54124,0
54125,0
54126,0
54127,0
54128,0
54129,0
54130,3
54131,2
54132,2
54133,1
54134,3
54135,3
54136,3
54137,3
54138,3
54139,3
54140,3
54141,3
54142,3
54143,3
54144,0
54145,3
54146,3
54147,3
54148,3
54149,3
54150,3
54151,3
54152,3
54153,3
54154,3
54155,3
54156,3
54157,3
54158,3
54159,3
54160,3
54161,3
54162,3
54163,3
54164,3
54165,3
54166,3
54167,3
54168,3
54169,3
54170,3
54171,3
54172,3
54173,2
54174,3
54175,3
54176,1
54177,2
54178,2
54179,1
54180,0
54181,2
54182,0
54183,2
54184,0
54185,2
54186,2
54187,3
54188,2
54189,0
54190,0
54191,2
54192,2
54193,2
54194,2
54195,3
54196,2
54197,0
54198,0
54199,2
54200,0
54201,0
54202,0
54203,0
54204,0
54205,3
54206,0
54207,0
54208,2
54209,0
54210,0
54211,0
54212,3
54213,3
54214,0
54215,3
54216,3
54217,1
54218,3
54219,0
54220,0
54221,0
54222,3
54223,3
54224,3
54225,3
54226,3
54227,3
54228,3
54229,3
54230,3
54231,1
54232,3
54233,3
54234,3
54235,3
54236,3
54237,3
54238,2
54239,3
54240,3
54241,3
54242,3
54243,3
54244,3
54245,0
54246,0
54247,0
54248,3
54249,3
54250,3
54251,3
54252,3
54253,3
54254,3
54255,3
54256,3
54257,1
54258,3
54259,3
54260,3
54261,3
54262,3
54263,3
54264,3
54265,3
54266,3
54267,3
54268,3
54269,3
54270,3
54271,3
54272,3
54273,3
54274,3
54275,3
54276,3
54277,3
54278,3
54279,3
54280,3
54281,2
54282,3
54283,3
54284,3
54285,3
54286,1
54287,3
54288,1
54289,3
54290,3
54291,3
54292,3
54293,0
54294,0
54295,2
54296,3
54297,0
54298,3
54299,0
54300,3
54301,3
54302,3
54303,2
54304,3
54305,3
54306,3
54307,3
54308,2
54309,1
54310,3
54311,1
54312,3
54313,3
54314,3
54315,3
54316,1
54317,1
54318,1
54319,1
54320,1
54321,1
54322,1
54323,1
54324,1
54325,1
54326,1
54327,1
54328,1
54329,1
54330,1
54331,1
54332,3
54333,1
54334,3
54335,3
54336,1
54337,1
54338,3
54339,1
54340,3
54341,1
54342,1
54343,1
54344,1
54345,1
54346,3
54347,1
54348,1
54349,2
54350,3
54351,1
54352,3
54353,3
54354,1
54355,1
54356,3
54357,1
54358,3
54359,1
54360,1
54361,1
54362,3
54363,1
54364,3
54365,2
54366,1
54367,1
54368,3
54369,1
54370,1
54371,1
54372,1
54373,1
54374,1
54375,1
54376,1
54377,1
54378,1
54379,1
54380,1
54381,1
54382,1
54383,1
54384,1
54385,1
54386,2
54387,1
54388,1
54389,1
54390,1
54391,1
54392,3
54393,1
54394,1
54395,1
54396,1
54397,1
54398,2
54399,0
54400,2
54401,1
54402,3
54403,3
54404,1
54405,1
54406,1
54407,1
54408,3
54409,3
54410,1
54411,3
54412,2
54413,1
54414,1
54415,3
54416,3
54417,3
54418,3
54419,3
54420,3
54421,3
54422,3
54423,3
54424,3
54425,3
54426,0
54427,3
54428,3
54429,3
54430,3
54431,2
54432,3
54433,3
54434,1
54435,3
54436,3
54437,3
54438,3
54439,3
54440,3
54441,3
54442,3
54443,3
54444,3
54445,1
54446,3
54447,3
54448,2
54449,2
54450,2
54451,3
54452,3
54453,3
54454,1
54455,1
54456,1
54457,1
54458,1
54459,1
54460,1
54461,1
54462,1
54463,1
54464,1
54465,3
54466,3
54467,3
54468,3
54469,3
54470,3
54471,3
54472,3
54473,1
54474,3
54475,2
54476,3
54477,2
54478,3
54479,3
54480,3
54481,2
54482,3
54483,3
54484,3
54485,3
54486,3
54487,2
54488,3
54489,3
54490,3
54491,2
54492,2
54493,3
54494,3
54495,3
54496,3
54497,3
54498,3
54499,3
54500,3
54501,3
54502,3
54503,2
54504,3
54505,3
54506,3
54507,3
54508,3
54509,3
54510,2
54511,1
54512,2
54513,3
54514,3
54515,3
54516,3
54517,3
54518,3
54519,3
54520,2
54521,3
54522,3
54523,2
54524,3
54525,2
54526,3
54527,1
54528,1
54529,1
54530,2
54531,3
54532,3
54533,3
54534,2
54535,2
54536,2
54537,3
54538,2
54539,3
54540,3
54541,3
54542,2
54543,2
54544,2
54545,3
54546,3
54547,3
54548,3
54549,3
54550,3
54551,3
54552,3
54553,3
54554,3
54555,3
54556,3
54557,3
54558,3
54559,3
54560,3
54561,3
54562,3
54563,3
54564,3
54565,3
54566,3
54567,3
54568,3
54569,3
54570,3
54571,3
54572,3
54573,2
54574,3
54575,3
54576,3
54577,3
54578,3
54579,3
54580,2
54581,1
54582,3
54583,3
54584,3
54585,3
54586,3
54587,3
54588,3
54589,3
54590,3
54591,3
54592,3
54593,3
54594,1
54595,1
54596,1
54597,1
54598,3
54599,3
54600,2
54601,1
54602,1
54603,3
54604,2
54605,2
54606,2
54607,2
54608,3
54609,3
54610,3
54611,3
54612,3
54613,3
54614,2
54615,3
54616,2
54617,2
54618,3
54619,2
54620,3
54621,3
54622,3
54623,2
54624,2
54625,0
54626,3
54627,3
54628,2
54629,3
54630,3
54631,3
54632,3
54633,2
54634,3
54635,3
54636,3
54637,2
54638,2
54639,2
54640,3
54641,3
54642,2
54643,2
54644,2
54645,2
54646,2
54647,2
54648,2
54649,2
54650,2
54651,2
54652,2
54653,2
54654,2
54655,2
54656,2
54657,2
54658,2
54659,2
54660,2
54661,2
54662,2
54663,2
54664,2
54665,2
54666,2
54667,2
54668,2
54669,2
54670,2
54671,2
54672,2
54673,2
54674,2
54675,2
54676,2
54677,2
54678,3
54679,2
54680,2
54681,3
54682,2
54683,2
54684,2
54685,3
54686,3
54687,3
54688,3
54689,2
54690,2
54691,2
54692,3
54693,2
54694,3
54695,2
54696,2
54697,2
54698,3
54699,2
54700,3
54701,3
54702,3
54703,2
54704,2
54705,2
54706,2
54707,2
54708,2
54709,2
54710,2
54711,2
54712,2
54713,2
54714,2
54715,2
54716,2
54717,2
54718,2
54719,3
54720,2
54721,2
54722,2
54723,2
54724,2
54725,3
54726,3
54727,3
54728,2
54729,2
54730,2
54731,2
54732,2
54733,2
54734,2
54735,2
54736,2
54737,2
54738,2
54739,3
54740,2
54741,2
54742,3
54743,2
54744,2
54745,2
54746,3
54747,2
54748,3
54749,2
54750,2
54751,2
54752,2
54753,3
54754,3
54755,3
54756,2
54757,2
54758,2
54759,2
54760,2
54761,3
54762,2
54763,3
54764,3
54765,3
54766,2
54767,3
54768,2
54769,2
54770,3
54771,2
54772,3
54773,3
54774,3
54775,3
54776,3
54777,2
54778,3
54779,3
54780,2
54781,3
54782,3
54783,1
54784,3
54785,3
54786,2
54787,2
54788,2
54789,3
54790,3
54791,1
54792,1
54793,3
54794,3
54795,3
54796,2
54797,2
54798,2
54799,2
54800,2
54801,2
54802,2
54803,2
54804,2
54805,2
54806,2
54807,2
54808,2
54809,2
54810,2
54811,3
54812,2
54813,2
54814,3
54815,2
54816,3
54817,2
54818,3
54819,3
54820,3
54821,3
54822,2
54823,2
54824,2
54825,2
54826,2
54827,2
54828,2
54829,2
54830,2
54831,2
54832,3
54833,2
54834,2
54835,2
54836,2
54837,2
54838,2
54839,3
54840,2
54841,2
54842,2
54843,2
54844,3
54845,2
54846,2
54847,3
54848,3
54849,2
54850,2
54851,3
54852,2
54853,2
54854,3
54855,3
54856,3
54857,3
54858,2
54859,2
54860,3
54861,3
54862,1
54863,2
54864,2
54865,2
54866,2
54867,3
54868,2
54869,2
54870,2
54871,3
54872,3
54873,3
54874,3
54875,2
54876,3
54877,2
54878,3
54879,2
54880,2
54881,3
54882,2
54883,2
54884,2
54885,2
54886,3
54887,2
54888,2
54889,2
54890,2
54891,2
54892,2
54893,2
54894,2
54895,3
54896,2
54897,2
54898,3
54899,0
54900,0
54901,2
54902,1
54903,2
54904,2
54905,3
54906,2
54907,3
54908,2
54909,3
54910,3
54911,3
54912,3
54913,3
54914,3
54915,1
54916,2
54917,2
54918,3
54919,2
54920,2
54921,2
54922,3
54923,3
54924,2
54925,2
54926,3
54927,2
54928,2
54929,2
54930,2
54931,3
54932,3
54933,3
54934,0
54935,3
54936,0
54937,3
54938,3
54939,2
54940,2
54941,2
54942,2
54943,2
54944,2
54945,2
54946,2
54947,2
54948,2
54949,2
54950,2
54951,2
54952,2
54953,2
54954,2
54955,3
54956,2
54957,2
54958,2
54959,2
54960,3
54961,2
54962,2
54963,3
54964,3
54965,3
54966,2
54967,3
54968,2
54969,3
54970,3
54971,2
54972,3
54973,3
54974,2
54975,2
54976,1
54977,2
54978,3
54979,3
54980,3
54981,3
54982,3
54983,3
54984,2
54985,3
54986,3
54987,2
54988,3
54989,3
54990,3
54991,3
54992,2
54993,3
54994,2
54995,3
54996,3
54997,3
54998,3
54999,3
55000,2
55001,2
55002,3
55003,3
55004,3
55005,2
55006,2
55007,2
55008,2
55009,2
55010,2
55011,2
55012,2
55013,2
55014,2
55015,2
55016,2
55017,2
55018,3
55019,2
55020,3
55021,2
55022,2
55023,2
55024,2
55025,3
55026,2
55027,2
55028,2
55029,2
55030,2
55031,2
55032,2
55033,2
55034,2
55035,2
55036,2
55037,2
55038,2
55039,3
55040,2
55041,2
55042,2
55043,3
55044,2
55045,2
55046,2
55047,2
55048,2
55049,2
55050,2
55051,2
55052,2
55053,2
55054,2
55055,2
55056,2
55057,3
55058,2
55059,3
55060,2
55061,2
55062,2
55063,2
55064,2
55065,2
55066,2
55067,2
55068,2
55069,2
55070,2
55071,2
55072,2
55073,2
55074,3
55075,2
55076,2
55077,2
55078,2
55079,3
55080,2
55081,3
55082,3
55083,2
55084,3
55085,3
55086,2
55087,2
55088,2
55089,2
55090,2
55091,3
55092,2
55093,2
55094,3
55095,2
55096,3
55097,3
55098,2
55099,3
55100,3
55101,2
55102,3
55103,3
55104,2
55105,2
55106,2
55107,2
55108,2
55109,3
55110,3
55111,2
55112,3
55113,2
55114,2
55115,2
55116,2
55117,2
55118,2
55119,2
55120,2
55121,2
55122,3
55123,2
55124,2
55125,2
55126,2
55127,2
55128,3
55129,2
55130,2
55131,2
55132,2
55133,2
55134,3
55135,2
55136,2
55137,2
55138,3
55139,3
55140,2
55141,2
55142,2
55143,2
55144,3
55145,2
55146,2
55147,2
55148,2
55149,3
55150,3
55151,3
55152,3
55153,2
55154,2
55155,2
55156,2
55157,2
55158,3
55159,3
55160,3
55161,2
55162,2
55163,2
55164,2
55165,2
55166,2
55167,2
55168,2
55169,2
55170,2
55171,2
55172,2
55173,3
55174,2
55175,2
55176,2
55177,2
55178,2
55179,2
55180,3
55181,2
55182,2
55183,2
55184,2
55185,2
55186,2
55187,2
55188,3
55189,2
55190,3
55191,3
55192,2
55193,2
55194,3
55195,3
55196,2
55197,2
55198,2
55199,2
55200,2
55201,2
55202,2
55203,2
55204,3
55205,2
55206,3
55207,2
55208,2
55209,2
55210,3
55211,2
55212,2
55213,3
55214,2
55215,3
55216,2
55217,3
55218,2
55219,2
55220,3
55221,2
55222,2
55223,2
55224,2
55225,2
55226,2
55227,2
55228,3
55229,2
55230,2
55231,2
55232,3
55233,2
55234,3
55235,2
55236,2
55237,2
55238,2
55239,2
55240,2
55241,2
55242,2
55243,2
55244,2
55245,2
55246,2
55247,2
55248,2
55249,2
55250,2
55251,2
55252,2
55253,2
55254,2
55255,2
55256,2
55257,2
55258,2
55259,2
55260,2
55261,2
55262,2
55263,2
55264,2
55265,2
55266,2
55267,2
55268,2
55269,2
55270,2
55271,2
55272,2
55273,2
55274,0
55275,2
55276,2
55277,2
55278,2
55279,2
55280,2
55281,2
55282,2
55283,2
55284,2
55285,2
55286,2
55287,2
55288,2
55289,2
55290,2
55291,2
55292,2
55293,2
55294,2
55295,2
55296,3
55297,3
55298,2
55299,3
55300,2
55301,2
55302,2
55303,2
55304,2
55305,2
55306,2
55307,3
55308,2
55309,3
55310,2
55311,2
55312,2
55313,2
55314,2
55315,2
55316,2
55317,2
55318,2
55319,2
55320,2
55321,2
55322,2
55323,2
55324,2
55325,2
55326,2
55327,2
55328,3
55329,2
55330,2
55331,2
55332,2
55333,2
55334,2
55335,2
55336,2
55337,2
55338,2
55339,2
55340,2
55341,2
55342,2
55343,2
55344,2
55345,3
55346,2
55347,2
55348,2
55349,2
55350,2
55351,3
55352,3
55353,3
55354,2
55355,3
55356,2
55357,2
55358,2
55359,2
55360,2
55361,3
55362,2
55363,2
55364,2
55365,2
55366,2
55367,2
55368,2
55369,2
55370,3
55371,2
55372,2
55373,2
55374,2
55375,3
55376,2
55377,2
55378,2
55379,2
55380,2
55381,2
55382,2
55383,2
55384,2
55385,2
55386,2
55387,2
55388,2
55389,2
55390,3
55391,2
55392,2
55393,2
55394,2
55395,2
55396,2
55397,2
55398,3
55399,2
55400,2
55401,1
55402,1
55403,1
55404,1
55405,1
55406,1
55407,1
55408,0
55409,1
55410,1
55411,2
55412,2
55413,2
55414,2
55415,2
55416,3
55417,2
55418,2
55419,2
55420,2
55421,2
55422,2
55423,2
55424,2
55425,2
55426,2
55427,2
55428,2
55429,2
55430,2
55431,1
55432,1
55433,1
55434,2
55435,2
55436,2
55437,2
55438,2
55439,2
55440,2
55441,3
55442,2
55443,2
55444,2
55445,2
55446,2
55447,2
55448,1
55449,3
55450,2
55451,2
55452,2
55453,2
55454,2
55455,2
55456,2
55457,2
55458,2
55459,2
55460,2
55461,2
55462,2
55463,0
55464,0
55465,2
55466,2
55467,2
55468,2
55469,2
55470,2
55471,2
55472,2
55473,2
55474,2
55475,3
55476,2
55477,2
55478,2
55479,2
55480,2
55481,2
55482,2
55483,2
55484,3
55485,3
55486,0
55487,0
55488,0
55489,0
55490,0
55491,0
55492,3
55493,0
55494,3
55495,0
55496,3
55497,3
55498,3
55499,3
55500,2
55501,3
55502,3
55503,3
55504,2
55505,3
55506,3
55507,3
55508,3
55509,3
55510,3
55511,2
55512,2
55513,3
55514,0
55515,3
55516,3
55517,0
55518,1
55519,1
55520,1
55521,1
55522,1
55523,1
55524,1
55525,0
55526,0
55527,0
55528,0
55529,0
55530,0
55531,0
55532,0
55533,0
55534,0
55535,0
55536,3
55537,3
55538,0
55539,0
55540,1
55541,1
55542,1
55543,1
55544,2
55545,3
55546,2
55547,3
55548,3
55549,3
55550,3
55551,3
55552,2
55553,2
55554,2
55555,2
55556,2
55557,2
55558,2
55559,2
55560,3
55561,2
55562,2
55563,2
55564,2
55565,2
55566,2
55567,2
55568,2
55569,2
55570,2
55571,2
55572,2
55573,2
55574,3
55575,2
55576,2
55577,3
55578,3
55579,2
55580,2
55581,2
55582,2
55583,3
55584,2
55585,2
55586,2
55587,2
55588,2
55589,2
55590,2
55591,2
55592,0
55593,2
55594,2
55595,3
55596,2
55597,3
55598,2
55599,3
55600,2
55601,2
55602,2
55603,2
55604,3
55605,2
55606,2
55607,2
55608,2
55609,2
55610,2
55611,2
55612,2
55613,2
55614,2
55615,2
55616,2
55617,2
55618,2
55619,2
55620,2
55621,2
55622,2
55623,2
55624,2
55625,2
55626,2
55627,2
55628,2
55629,2
55630,2
55631,2
55632,2
55633,2
55634,2
55635,2
55636,2
55637,3
55638,2
55639,3
55640,2
55641,2
55642,2
55643,2
55644,2
55645,2
55646,2
55647,2
55648,0
55649,2
55650,2
55651,2
55652,2
55653,3
55654,3
55655,1
55656,1
55657,1
55658,2
55659,0
55660,2
55661,0
55662,3
55663,3
55664,1
55665,3
55666,2
55667,3
55668,3
55669,3
55670,3
55671,1
55672,3
55673,1
55674,1
55675,2
55676,3
55677,3
55678,2
55679,2
55680,3
55681,2
55682,3
55683,2
55684,2
55685,2
55686,2
55687,2
55688,2
55689,2
55690,2
55691,2
55692,2
55693,2
55694,2
55695,2
55696,2
55697,2
55698,2
55699,2
55700,2
55701,2
55702,2
55703,0
55704,2
55705,0
55706,3
55707,0
55708,0
55709,0
55710,0
55711,0
55712,0
55713,0
55714,0
55715,0
55716,0
55717,0
55718,0
55719,2
55720,0
55721,0
55722,0
55723,2
55724,2
55725,0
55726,2
55727,0
55728,2
55729,2
55730,2
55731,2
55732,2
55733,0
55734,0
55735,0
55736,3
55737,3
55738,3
55739,2
55740,2
55741,2
55742,3
55743,3
55744,3
55745,3
55746,3
55747,3
55748,2
55749,3
55750,3
55751,2
55752,3
55753,3
55754,3
55755,3
55756,3
55757,2
55758,2
55759,3
55760,3
55761,3
55762,3
55763,2
55764,2
55765,2
55766,3
55767,2
55768,0
55769,3
55770,3
55771,3
55772,2
55773,3
55774,0
55775,2
55776,0
55777,2
55778,0
55779,0
55780,0
55781,0
55782,2
55783,0
55784,0
55785,0
55786,2
55787,0
55788,0
55789,2
55790,0
55791,2
55792,0
55793,0
55794,2
55795,2
55796,0
55797,2
55798,0
55799,0
55800,2
55801,3
55802,2
55803,1
55804,1
55805,1
55806,1
55807,1
55808,1
55809,3
55810,3
55811,2
55812,2
55813,2
55814,2
55815,2
55816,2
55817,2
55818,3
55819,3
55820,3
55821,2
55822,2
55823,2
55824,2
55825,3
55826,3
55827,3
55828,3
55829,2
55830,3
55831,3
55832,0
55833,2
55834,0
55835,2
55836,0
55837,2
55838,2
55839,0
55840,0
55841,0
55842,0
55843,0
55844,0
55845,3
55846,0
55847,0
55848,2
55849,0
55850,2
55851,2
55852,0
55853,2
55854,2
55855,0
55856,2
55857,2
55858,2
55859,0
55860,0
55861,2
55862,0
55863,0
55864,0
55865,3
55866,2
55867,0
55868,2
55869,2
55870,0
55871,0
55872,0
55873,3
55874,0
55875,0
55876,0
55877,1
55878,1
55879,0
55880,2
55881,2
55882,0
55883,0
55884,0
55885,0
55886,3
55887,3
55888,2
55889,0
55890,3
55891,1
55892,2
55893,1
55894,3
55895,1
55896,1
55897,1
55898,3
55899,3
55900,3
55901,3
55902,0
55903,3
55904,3
55905,3
55906,3
55907,3
55908,3
55909,3
55910,3
55911,3
55912,2
55913,3
55914,0
55915,0
55916,0
55917,0
55918,0
55919,0
55920,0
55921,0
55922,2
55923,2
55924,3
55925,3
55926,2
55927,1
55928,2
55929,3
55930,2
55931,0
55932,2
55933,2
55934,2
55935,0
55936,0
55937,0
55938,0
55939,0
55940,2
55941,0
55942,0
55943,0
55944,0
55945,0
55946,0
55947,0
55948,0
55949,0
55950,0
55951,0
55952,0
55953,0
55954,0
55955,3
55956,0
55957,3
55958,3
55959,3
55960,2
55961,2
55962,2
55963,2
55964,3
55965,3
55966,1
55967,2
55968,2
55969,2
55970,1
55971,2
55972,3
55973,3
55974,3
55975,3
55976,3
55977,3
55978,3
55979,3
55980,3
55981,2
55982,3
55983,2
55984,2
55985,2
55986,3
55987,3
55988,3
55989,0
55990,0
55991,0
55992,0
55993,3
55994,0
55995,2
55996,2
55997,2
55998,2
55999,2
56000,0
56001,0
56002,0
56003,0
56004,0
56005,0
56006,3
56007,0
56008,0
56009,3
56010,3
56011,3
56012,3
56013,0
56014,0
56015,2
56016,0
56017,0
56018,0
56019,0
56020,3
56021,2
56022,3
56023,3
56024,3
56025,2
56026,3
56027,3
56028,3
56029,3
56030,3
56031,2
56032,3
56033,3
56034,3
56035,3
56036,3
56037,3
56038,3
56039,2
56040,2
56041,2
56042,2
56043,3
56044,2
56045,3
56046,2
56047,2
56048,0
56049,2
56050,2
56051,3
56052,0
56053,1
56054,3
56055,3
56056,3
56057,3
56058,2
56059,2
56060,2
56061,2
56062,0
56063,3
56064,2
56065,3
56066,3
56067,3
56068,3
56069,3
56070,3
56071,3
56072,3
56073,3
56074,3
56075,3
56076,2
56077,3
56078,3
56079,2
56080,3
56081,0
56082,0
56083,0
56084,2
56085,3
56086,2
56087,2
56088,3
56089,3
56090,3
56091,3
56092,3
56093,3
56094,3
56095,1
56096,3
56097,3
56098,3
56099,3
56100,3
56101,3
56102,3
56103,3
56104,0
56105,0
56106,2
56107,2
56108,3
56109,3
56110,3
56111,2
56112,3
56113,3
56114,3
56115,3
56116,0
56117,0
56118,0
56119,0
56120,2
56121,0
56122,2
56123,3
56124,2
56125,3
56126,3
56127,2
56128,0
56129,2
56130,2
56131,0
56132,3
56133,2
56134,3
56135,2
56136,2
56137,3
56138,2
56139,0
56140,0
56141,2
56142,3
56143,2
56144,3
56145,3
56146,3
56147,2
56148,3
56149,3
56150,3
56151,3
56152,1
56153,3
56154,3
56155,3
56156,3
56157,3
56158,3
56159,3
56160,2
56161,3
56162,3
56163,1
56164,1
56165,1
56166,2
56167,0
56168,0
56169,0
56170,0
56171,2
56172,2
56173,0
56174,0
56175,3
56176,0
56177,0
56178,0
56179,0
56180,0
56181,3
56182,1
56183,1
56184,1
56185,3
56186,1
56187,1
56188,1
56189,3
56190,2
56191,1
56192,1
56193,3
56194,2
56195,2
56196,2
56197,2
56198,0
56199,0
56200,2
56201,0
56202,0
56203,0
56204,0
56205,0
56206,0
56207,0
56208,0
56209,0
56210,0
56211,0
56212,0
56213,0
56214,0
56215,0
56216,2
56217,3
56218,2
56219,0
56220,3
56221,3
56222,3
56223,3
56224,3
56225,3
56226,2
56227,3
56228,3
56229,3
56230,3
56231,3
56232,3
56233,2
56234,3
56235,3
56236,3
56237,2
56238,3
56239,3
56240,2
56241,3
56242,2
56243,2
56244,3
56245,2
56246,2
56247,3
56248,3
56249,3
56250,2
56251,2
56252,3
56253,3
56254,3
56255,1
56256,1
56257,3
56258,3
56259,2
56260,0
56261,3
56262,0
56263,0
56264,0
56265,0
56266,2
56267,0
56268,3
56269,0
56270,2
56271,2
56272,2
56273,3
56274,2
56275,2
56276,3
56277,3
56278,1
56279,3
56280,1
56281,0
56282,0
56283,0
56284,0
56285,0
56286,0
56287,2
56288,3
56289,0
56290,0
56291,0
56292,0
56293,0
56294,0
56295,0
56296,0
56297,0
56298,0
56299,0
56300,0
56301,0
56302,2
56303,2
56304,0
56305,0
56306,0
56307,0
56308,3
56309,2
56310,2
56311,0
56312,2
56313,0
56314,0
56315,2
56316,2
56317,0
56318,0
56319,3
56320,2
56321,2
56322,2
56323,2
56324,2
56325,2
56326,2
56327,2
56328,2
56329,2
56330,2
56331,3
56332,2
56333,2
56334,2
56335,2
56336,2
56337,3
56338,3
56339,3
56340,2
56341,2
56342,2
56343,1
56344,2
56345,2
56346,2
56347,2
56348,2
56349,2
56350,3
56351,2
56352,2
56353,2
56354,2
56355,2
56356,2
56357,2
56358,2
56359,2
56360,2
56361,2
56362,2
56363,2
56364,3
56365,3
56366,2
56367,2
56368,2
56369,2
56370,2
56371,3
56372,2
56373,2
56374,2
56375,3
56376,3
56377,2
56378,2
56379,2
56380,2
56381,0
56382,2
56383,2
56384,2
56385,2
56386,3
56387,2
56388,2
56389,2
56390,2
56391,2
56392,2
56393,2
56394,2
56395,2
56396,2
56397,2
56398,2
56399,3
56400,3
56401,2
56402,2
56403,2
56404,2
56405,3
56406,2
56407,2
56408,3
56409,2
56410,2
56411,2
56412,2
56413,2
56414,2
56415,2
56416,2
56417,2
56418,2
56419,2
56420,3
56421,2
56422,2
56423,3
56424,2
56425,2
56426,3
56427,2
56428,3
56429,3
56430,2
56431,2
56432,2
56433,3
56434,2
56435,2
56436,2
56437,2
56438,2
56439,2
56440,2
56441,2
56442,2
56443,2
56444,2
56445,2
56446,2
56447,2
56448,0
56449,3
56450,3
56451,3
56452,2
56453,2
56454,2
56455,3
56456,3
56457,3
56458,2
56459,3
56460,3
56461,3
56462,3
56463,3
56464,3
56465,3
56466,3
56467,3
56468,3
56469,3
56470,0
56471,2
56472,3
56473,3
56474,2
56475,2
56476,2
56477,3
56478,3
56479,3
56480,2
56481,2
56482,3
56483,3
56484,3
56485,3
56486,3
56487,3
56488,3
56489,2
56490,3
56491,3
56492,3
56493,3
56494,3
56495,2
56496,3
56497,3
56498,3
56499,3
56500,2
56501,3
56502,3
56503,3
56504,2
56505,3
56506,2
56507,0
56508,2
56509,2
56510,2
56511,2
56512,3
56513,3
56514,2
56515,2
56516,2
56517,2
56518,2
56519,2
56520,2
56521,3
56522,2
56523,2
56524,2
56525,2
56526,2
56527,2
56528,3
56529,2
56530,2
56531,2
56532,2
56533,2
56534,2
56535,2
56536,2
56537,2
56538,2
56539,2
56540,2
56541,2
56542,2
56543,3
56544,2
56545,2
56546,2
56547,2
56548,3
56549,3
56550,2
56551,2
56552,2
56553,2
56554,2
56555,2
56556,3
56557,2
56558,2
56559,2
56560,2
56561,2
56562,2
56563,2
56564,2
56565,2
56566,1
56567,2
56568,2
56569,3
56570,3
56571,2
56572,2
56573,3
56574,3
56575,2
56576,2
56577,2
56578,2
56579,2
56580,2
56581,2
56582,2
56583,3
56584,3
56585,2
56586,2
56587,2
56588,2
56589,2
56590,3
56591,3
56592,3
56593,3
56594,3
56595,2
56596,2
56597,2
56598,3
56599,2
56600,2
56601,2
56602,2
56603,2
56604,2
56605,3
56606,2
56607,3
56608,3
56609,2
56610,3
56611,2
56612,2
56613,2
56614,2
56615,2
56616,2
56617,2
56618,3
56619,2
56620,2
56621,2
56622,2
56623,2
56624,2
56625,2
56626,2
56627,0
56628,3
56629,3
56630,3
56631,3
56632,3
56633,2
56634,2
56635,2
56636,2
56637,2
56638,2
56639,3
56640,2
56641,3
56642,2
56643,2
56644,2
56645,2
56646,2
56647,3
56648,2
56649,2
56650,2
56651,2
56652,2
56653,2
56654,2
56655,2
56656,2
56657,3
56658,2
56659,2
56660,2
56661,2
56662,2
56663,2
56664,2
56665,2
56666,2
56667,2
56668,2
56669,2
56670,2
56671,2
56672,2
56673,3
56674,3
56675,2
56676,2
56677,2
56678,2
56679,3
56680,2
56681,2
56682,3
56683,2
56684,2
56685,2
56686,2
56687,3
56688,2
56689,3
56690,2
56691,3
56692,3
56693,3
56694,2
56695,2
56696,2
56697,2
56698,2
56699,2
56700,3
56701,3
56702,3
56703,2
56704,2
56705,2
56706,3
56707,2
56708,0
56709,2
56710,2
56711,2
56712,2
56713,2
56714,2
56715,2
56716,2
56717,2
56718,3
56719,2
56720,2
56721,2
56722,2
56723,2
56724,2
56725,2
56726,2
56727,2
56728,2
56729,2
56730,2
56731,2
56732,2
56733,2
56734,2
56735,2
56736,2
56737,2
56738,1
56739,3
56740,3
56741,2
56742,2
56743,3
56744,2
56745,2
56746,3
56747,3
56748,2
56749,2
56750,3
56751,1
56752,1
56753,2
56754,2
56755,2
56756,3
56757,3
56758,0
56759,0
56760,0
56761,0
56762,0
56763,2
56764,3
56765,2
56766,0
56767,2
56768,2
56769,2
56770,2
56771,3
56772,0
56773,0
56774,0
56775,0
56776,2
56777,2
56778,3
56779,2
56780,3
56781,3
56782,2
56783,2
56784,2
56785,2
56786,2
56787,2
56788,2
56789,2
56790,2
56791,2
56792,2
56793,2
56794,3
56795,3
56796,2
56797,2
56798,2
56799,2
56800,2
56801,3
56802,3
56803,3
56804,3
56805,3
56806,3
56807,3
56808,3
56809,0
56810,3
56811,3
56812,3
56813,3
56814,3
56815,3
56816,3
56817,2
56818,3
56819,3
56820,1
56821,3
56822,3
56823,3
56824,3
56825,3
56826,3
56827,3
56828,3
56829,0
56830,3
56831,3
56832,3
56833,3
56834,3
56835,3
56836,2
56837,0
56838,3
56839,3
56840,0
56841,3
56842,3
56843,0
56844,3
56845,2
56846,3
56847,3
56848,3
56849,3
56850,3
56851,3
56852,3
56853,3
56854,3
56855,1
56856,1
56857,3
56858,3
56859,3
56860,2
56861,3
56862,3
56863,3
56864,3
56865,3
56866,3
56867,0
56868,0
56869,0
56870,0
56871,3
56872,1
56873,3
56874,3
56875,3
56876,3
56877,3
56878,2
56879,3
56880,3
56881,3
56882,3
56883,3
56884,2
56885,2
56886,2
56887,0
56888,0
56889,0
56890,0
56891,0
56892,2
56893,2
56894,2
56895,0
56896,2
56897,0
56898,0
56899,0
56900,0
56901,3
56902,3
56903,3
56904,3
56905,3
56906,3
56907,3
56908,3
56909,0
56910,0
56911,1
56912,0
56913,3
56914,3
56915,0
56916,3
56917,2
56918,0
56919,3
56920,0
56921,0
56922,3
56923,0
56924,3
56925,2
56926,3
56927,3
56928,0
56929,0
56930,2
56931,3
56932,3
56933,3
56934,3
56935,2
56936,3
56937,3
56938,3
56939,3
56940,3
56941,3
56942,2
56943,0
56944,2
56945,2
56946,2
56947,3
56948,0
56949,0
56950,0
56951,0
56952,0
56953,3
56954,3
56955,0
56956,0
56957,0
56958,0
56959,0
56960,0
56961,0
56962,0
56963,0
56964,2
56965,0
56966,0
56967,0
56968,0
56969,0
56970,0
56971,0
56972,0
56973,2
56974,1
56975,2
56976,3
56977,3
56978,3
56979,3
56980,3
56981,3
56982,3
56983,3
56984,3
56985,3
56986,3
56987,3
56988,3
56989,3
56990,2
56991,0
56992,2
56993,0
56994,2
56995,3
56996,3
56997,3
56998,3
56999,1
57000,3
57001,0
57002,0
57003,3
57004,0
57005,0
57006,0
57007,0
57008,3
57009,3
57010,3
57011,2
57012,2
57013,3
57014,2
57015,3
57016,0
57017,2
57018,2
57019,3
57020,3
57021,2
57022,3
57023,0
57024,0
57025,0
57026,2
57027,3
57028,3
57029,3
57030,0
57031,2
57032,0
57033,2
57034,2
57035,2
57036,2
57037,2
57038,2
57039,2
57040,2
57041,2
57042,2
57043,2
57044,2
57045,2
57046,3
57047,2
57048,2
57049,2
57050,0
57051,2
57052,2
57053,2
57054,2
57055,2
57056,0
57057,2
57058,2
57059,3
57060,2
57061,3
57062,3
57063,3
57064,2
57065,0
57066,3
57067,3
57068,3
57069,2
57070,3
57071,3
57072,3
57073,0
57074,0
57075,2
57076,3
57077,3
57078,3
57079,3
57080,3
57081,0
57082,0
57083,0
57084,0
57085,3
57086,1
57087,3
57088,3
57089,0
57090,2
57091,0
57092,0
57093,0
57094,1
57095,2
57096,2
57097,2
57098,0
57099,0
57100,0
57101,3
57102,0
57103,0
57104,0
57105,3
57106,3
57107,3
57108,3
57109,2
57110,3
57111,3
57112,3
57113,3
57114,3
57115,3
57116,3
57117,3
57118,3
57119,2
57120,3
57121,3
57122,3
57123,3
57124,2
57125,0
57126,3
57127,3
57128,3
57129,0
57130,3
57131,3
57132,2
57133,2
57134,2
57135,2
57136,2
57137,3
57138,2
57139,2
57140,2
57141,2
57142,2
57143,2
57144,2
57145,2
57146,2
57147,2
57148,2
57149,2
57150,2
57151,2
57152,2
57153,2
57154,2
57155,2
57156,2
57157,2
57158,2
57159,2
57160,3
57161,2
57162,2
57163,2
57164,2
57165,3
57166,3
57167,3
57168,3
57169,3
57170,3
57171,3
57172,3
57173,3
57174,3
57175,3
57176,3
57177,3
57178,3
57179,3
57180,3
57181,3
57182,3
57183,0
57184,0
57185,0
57186,0
57187,3
57188,0
57189,0
57190,0
57191,0
57192,0
57193,0
57194,0
57195,0
57196,3
57197,3
57198,3
57199,1
57200,0
57201,3
57202,0
57203,0
57204,3
57205,0
57206,0
57207,0
57208,0
57209,0
57210,0
57211,3
57212,1
57213,0
57214,2
57215,3
57216,3
57217,3
57218,3
57219,3
57220,3
57221,3
57222,3
57223,3
57224,3
57225,2
57226,2
57227,3
57228,3
57229,3
57230,3
57231,3
57232,3
57233,3
57234,3
57235,3
57236,3
57237,3
57238,3
57239,3
57240,2
57241,3
57242,3
57243,3
57244,3
57245,3
57246,3
57247,3
57248,3
57249,0
57250,0
57251,3
57252,3
57253,0
57254,3
57255,2
57256,2
57257,0
57258,0
57259,2
57260,0
57261,0
57262,0
57263,3
57264,3
57265,0
57266,2
57267,0
57268,2
57269,0
57270,0
57271,3
57272,0
57273,1
57274,2
57275,2
57276,2
57277,0
57278,0
57279,3
57280,3
57281,3
57282,3
57283,3
57284,3
57285,3
57286,2
57287,3
57288,0
57289,2
57290,2
57291,3
57292,3
57293,3
57294,3
57295,3
57296,3
57297,3
57298,3
57299,3
57300,3
57301,3
57302,3
57303,3
57304,3
57305,3
57306,3
57307,3
57308,3
57309,2
57310,0
57311,3
57312,3
57313,0
57314,0
57315,0
57316,0
57317,2
57318,0
57319,0
57320,0
57321,0
57322,3
57323,3
57324,0
57325,0
57326,0
57327,0
57328,3
57329,3
57330,3
57331,3
57332,3
57333,3
57334,2
57335,3
57336,3
57337,3
57338,3
57339,3
57340,2
57341,3
57342,3
57343,3
57344,2
57345,3
57346,3
57347,2
57348,0
57349,3
57350,0
57351,2
57352,2
57353,3
57354,2
57355,0
57356,0
57357,2
57358,0
57359,0
57360,0
57361,0
57362,0
57363,0
57364,0
57365,0
57366,3
57367,0
57368,0
57369,3
57370,0
57371,0
57372,0
57373,3
57374,1
57375,1
57376,1
57377,1
57378,1
57379,2
57380,1
57381,3
57382,3
57383,3
57384,3
57385,3
57386,3
57387,0
57388,0
57389,0
57390,2
57391,2
57392,0
57393,2
57394,2
57395,0
57396,0
57397,0
57398,0
57399,2
57400,0
57401,0
57402,2
57403,0
57404,0
57405,0
57406,0
57407,2
57408,0
57409,2
57410,0
57411,2
57412,0
57413,3
57414,3
57415,3
57416,2
57417,3
57418,3
57419,3
57420,0
57421,0
57422,1
57423,0
57424,0
57425,3
57426,0
57427,0
57428,0
57429,3
57430,3
57431,1
57432,1
57433,3
57434,3
57435,3
57436,3
57437,1
57438,3
57439,3
57440,0
57441,3
57442,3
57443,1
57444,3
57445,1
57446,0
57447,0
57448,3
57449,3
57450,2
57451,2
57452,3
57453,0
57454,0
57455,0
57456,3
57457,3
57458,0
57459,3
57460,0
57461,3
57462,0
57463,0
57464,0
57465,0
57466,0
57467,3
57468,3
57469,2
57470,3
57471,3
57472,2
57473,2
57474,3
57475,3
57476,0
57477,3
57478,3
57479,0
57480,0
57481,3
57482,3
57483,2
57484,2
57485,3
57486,3
57487,2
57488,2
57489,3
57490,3
57491,0
57492,1
57493,3
57494,3
57495,3
57496,2
57497,2
57498,2
57499,2
57500,0
57501,0
57502,2
57503,0
57504,2
57505,2
57506,2
57507,2
57508,2
57509,2
57510,3
57511,3
57512,3
57513,3
57514,0
57515,0
57516,0
57517,0
57518,3
57519,3
57520,3
57521,0
57522,2
57523,0
57524,3
57525,0
57526,0
57527,3
57528,0
57529,0
57530,2
57531,3
57532,3
57533,2
57534,0
57535,3
57536,0
57537,0
57538,2
57539,3
57540,3
57541,3
57542,3
57543,3
57544,3
57545,3
57546,3
57547,3
57548,3
57549,3
57550,3
57551,3
57552,3
57553,3
57554,3
57555,3
57556,3
57557,3
57558,0
57559,0
57560,0
57561,0
57562,2
57563,0
57564,3
57565,0
57566,0
57567,2
57568,2
57569,0
57570,2
57571,2
57572,3
57573,2
57574,3
57575,2
57576,2
57577,2
57578,3
57579,0
57580,3
57581,2
57582,2
57583,2
57584,2
57585,3
57586,2
57587,2
57588,2
57589,0
57590,0
57591,3
57592,3
57593,3
57594,3
57595,3
57596,3
57597,3
57598,3
57599,3
57600,0
57601,3
57602,2
57603,3
57604,3
57605,2
57606,2
57607,3
57608,2
57609,3
57610,2
57611,2
57612,2
57613,2
57614,2
57615,1
57616,2
57617,2
57618,2
57619,2
57620,0
57621,2
57622,2
57623,2
57624,2
57625,2
57626,2
57627,3
57628,3
57629,3
57630,3
57631,3
57632,3
57633,3
57634,3
57635,3
57636,1
57637,1
57638,3
57639,2
57640,1
57641,1
57642,3
57643,2
57644,2
57645,2
57646,2
57647,3
57648,2
57649,2
57650,2
57651,2
57652,2
57653,2
57654,2
57655,2
57656,2
57657,2
57658,2
57659,2
57660,2
57661,1
57662,3
57663,2
57664,2
57665,3
57666,2
57667,1
57668,2
57669,2
57670,3
57671,2
57672,2
57673,2
57674,2
57675,2
57676,2
57677,2
57678,2
57679,2
57680,2
57681,1
57682,1
57683,2
57684,2
57685,2
57686,3
57687,2
57688,1
57689,2
57690,2
57691,2
57692,2
57693,1
57694,2
57695,2
57696,2
57697,2
57698,2
57699,2
57700,2
57701,0
57702,1
57703,2
57704,2
57705,0
57706,2
57707,2
57708,2
57709,2
57710,2
57711,2
57712,2
57713,2
57714,2
57715,2
57716,2
57717,2
57718,2
57719,2
57720,1
57721,1
57722,1
57723,1
57724,1
57725,1
57726,3
57727,3
57728,3
57729,1
57730,1
57731,2
57732,2
57733,2
57734,2
57735,0
57736,2
57737,0
57738,2
57739,2
57740,2
57741,2
57742,2
57743,2
57744,2
57745,2
57746,2
57747,2
57748,2
57749,2
57750,2
57751,3
57752,1
57753,3
57754,2
57755,3
57756,2
57757,2
57758,2
57759,2
57760,2
57761,2
57762,1
57763,2
57764,0
57765,2
57766,2
57767,2
57768,2
57769,2
57770,1
57771,1
57772,2
57773,1
57774,2
57775,2
57776,2
57777,2
57778,0
57779,1
57780,1
57781,1
57782,1
57783,1
57784,2
57785,1
57786,1
57787,1
57788,1
57789,1
57790,1
57791,2
57792,3
57793,2
57794,3
57795,1
57796,1
57797,1
57798,1
57799,3
57800,1
57801,3
57802,3
57803,1
57804,1
57805,2
57806,3
57807,3
57808,1
57809,1
57810,3
57811,1
57812,2
57813,3
57814,0
57815,2
57816,3
57817,2
57818,0
57819,2
57820,3
57821,3
57822,0
57823,1
57824,1
57825,1
57826,1
57827,3
57828,3
57829,3
57830,3
57831,1
57832,3
57833,3
57834,3
57835,1
57836,1
57837,3
57838,3
57839,3
57840,3
57841,3
57842,1
57843,1
57844,2
57845,0
57846,1
57847,3
57848,3
57849,3
57850,3
57851,3
57852,3
57853,3
57854,2
57855,2
57856,3
57857,1
57858,1
57859,2
57860,2
57861,2
57862,2
57863,3
57864,3
57865,3
57866,3
57867,2
57868,2
57869,3
57870,3
57871,3
57872,3
57873,3
57874,3
57875,3
57876,3
57877,3
57878,3
57879,3
57880,1
57881,3
57882,1
57883,3
57884,3
57885,1
57886,3
57887,3
57888,3
57889,1
57890,3
57891,3
57892,3
57893,3
57894,3
57895,3
57896,3
57897,3
57898,2
57899,3
57900,3
57901,3
57902,3
57903,1
57904,1
57905,3
57906,1
57907,3
57908,3
57909,3
57910,3
57911,1
57912,3
57913,3
57914,1
57915,1
57916,1
57917,3
57918,0
57919,1
57920,1
57921,2
57922,1
57923,3
57924,3
57925,3
57926,1
57927,3
57928,3
57929,3
57930,2
57931,2
57932,2
57933,1
57934,3
57935,3
57936,3
57937,1
57938,3
57939,3
57940,2
57941,2
57942,3
57943,3
57944,3
57945,2
57946,2
57947,1
57948,1
57949,2
57950,2
57951,2
57952,2
57953,3
57954,3
57955,3
57956,2
57957,2
57958,3
57959,2
57960,2
57961,2
57962,3
57963,3
57964,3
57965,3
57966,3
57967,3
57968,3
57969,3
57970,1
57971,2
57972,3
57973,1
57974,1
57975,3
57976,3
57977,3
57978,2
57979,3
57980,2
57981,1
57982,3
57983,3
57984,2
57985,3
57986,3
57987,2
57988,3
57989,2
57990,2
57991,3
57992,2
57993,2
57994,2
57995,2
57996,2
57997,2
57998,2
57999,2
58000,3
58001,1
58002,1
58003,2
58004,2
58005,1
58006,3
58007,2
58008,3
58009,2
58010,3
58011,2
58012,2
58013,3
58014,3
58015,2
58016,2
58017,3
58018,2
58019,3
58020,2
58021,3
58022,3
58023,3
58024,3
58025,3
58026,3
58027,3
58028,3
58029,3
58030,3
58031,3
58032,1
58033,1
58034,1
58035,3
58036,3
58037,3
58038,1
58039,2
58040,0
58041,3
58042,3
58043,3
58044,1
58045,3
58046,1
58047,3
58048,3
58049,1
58050,3
58051,2
58052,3
58053,3
58054,3
58055,2
58056,3
58057,3
58058,3
58059,3
58060,3
58061,2
58062,2
58063,2
58064,2
58065,2
58066,2
58067,2
58068,2
58069,2
58070,2
58071,1
58072,2
58073,2
58074,1
58075,2
58076,2
58077,2
58078,2
58079,2
58080,2
58081,2
58082,2
58083,2
58084,2
58085,2
58086,2
58087,2
58088,2
58089,1
58090,2
58091,1
58092,0
58093,3
58094,2
58095,2
58096,2
58097,3
58098,3
58099,3
58100,3
58101,3
58102,3
58103,0
58104,3
58105,3
58106,1
58107,2
58108,2
58109,1
58110,2
58111,2
58112,2
58113,2
58114,3
58115,2
58116,3
58117,1
58118,1
58119,1
58120,3
58121,3
58122,3
58123,3
58124,1
58125,3
58126,3
58127,3
58128,1
58129,3
58130,3
58131,2
58132,3
58133,3
58134,3
58135,3
58136,3
58137,3
58138,3
58139,3
58140,3
58141,2
58142,2
58143,2
58144,2
58145,3
58146,3
58147,3
58148,2
58149,3
58150,3
58151,2
58152,2
58153,2
58154,2
58155,2
58156,3
58157,3
58158,2
58159,2
58160,0
58161,0
58162,2
58163,2
58164,2
58165,3
58166,2
58167,3
58168,2
58169,2
58170,3
58171,2
58172,3
58173,2
58174,2
58175,2
58176,2
58177,3
58178,2
58179,3
58180,2
58181,2
58182,2
58183,3
58184,3
58185,3
58186,3
58187,3
58188,3
58189,3
58190,3
58191,3
58192,3
58193,1
58194,3
58195,3
58196,3
58197,2
58198,3
58199,3
58200,3
58201,2
58202,2
58203,2
58204,2
58205,3
58206,3
58207,2
58208,2
58209,2
58210,3
58211,3
58212,3
58213,3
58214,3
58215,3
58216,3
58217,3
58218,3
58219,2
58220,3
58221,3
58222,2
58223,3
58224,3
58225,3
58226,3
58227,3
58228,3
58229,3
58230,3
58231,3
58232,2
58233,2
58234,3
58235,3
58236,3
58237,2
58238,3
58239,3
58240,2
58241,0
58242,2
58243,3
58244,3
58245,3
58246,2
58247,3
58248,1
58249,1
58250,1
58251,1
58252,1
58253,1
58254,1
58255,1
58256,1
58257,1
58258,1
58259,1
58260,1
58261,1
58262,1
58263,1
58264,1
58265,1
58266,1
58267,1
58268,1
58269,1
58270,1
58271,1
58272,1
58273,1
58274,1
58275,1
58276,3
58277,3
58278,1
58279,1
58280,1
58281,1
58282,3
58283,3
58284,3
58285,2
58286,2
58287,2
58288,2
58289,2
58290,0
58291,2
58292,2
58293,3
58294,3
58295,2
58296,3
58297,3
58298,2
58299,3
58300,2
58301,2
58302,3
58303,2
58304,2
58305,3
58306,2
58307,2
58308,2
58309,3
58310,2
58311,2
58312,2
58313,3
58314,2
58315,2
58316,2
58317,2
58318,2
58319,2
58320,3
58321,3
58322,2
58323,3
58324,2
58325,3
58326,3
58327,3
58328,3
58329,3
58330,2
58331,3
58332,3
58333,3
58334,3
58335,3
58336,3
58337,3
58338,3
58339,3
58340,2
58341,3
58342,1
58343,3
58344,2
58345,3
58346,3
58347,3
58348,3
58349,2
58350,2
58351,2
58352,0
58353,0
58354,2
58355,0
58356,0
58357,2
58358,2
58359,2
58360,2
58361,2
58362,2
58363,2
58364,2
58365,2
58366,3
58367,2
58368,3
58369,3
58370,3
58371,3
58372,2
58373,2
58374,3
58375,2
58376,2
58377,2
58378,2
58379,2
58380,2
58381,2
58382,2
58383,0
58384,3
58385,2
58386,2
58387,2
58388,2
58389,2
58390,2
58391,2
58392,0
58393,3
58394,2
58395,1
58396,2
58397,2
58398,3
58399,2
58400,2
58401,2
58402,3
58403,2
58404,2
58405,2
58406,2
58407,2
58408,3
58409,2
58410,2
58411,2
58412,2
58413,3
58414,3
58415,2
58416,2
58417,2
58418,2
58419,2
58420,2
58421,2
58422,2
58423,2
58424,2
58425,2
58426,2
58427,2
58428,2
58429,2
58430,3
58431,3
58432,2
58433,2
58434,2
58435,2
58436,2
58437,2
58438,2
58439,2
58440,2
58441,2
58442,2
58443,2
58444,2
58445,2
58446,2
58447,2
58448,2
58449,2
58450,2
58451,2
58452,2
58453,2
58454,2
58455,2
58456,2
58457,2
58458,2
58459,2
58460,2
58461,2
58462,3
58463,2
58464,2
58465,2
58466,2
58467,2
58468,2
58469,2
58470,2
58471,2
58472,2
58473,2
58474,2
58475,2
58476,2
58477,2
58478,2
58479,2
58480,2
58481,2
58482,2
58483,2
58484,2
58485,2
58486,2
58487,2
58488,2
58489,2
58490,2
58491,2
58492,2
58493,2
58494,2
58495,2
58496,2
58497,2
58498,2
58499,2
58500,2
58501,2
58502,2
58503,2
58504,2
58505,2
58506,2
58507,2
58508,2
58509,2
58510,2
58511,2
58512,2
58513,2
58514,2
58515,2
58516,2
58517,2
58518,2
58519,2
58520,2
58521,2
58522,2
58523,2
58524,2
58525,2
58526,3
58527,2
58528,3
58529,2
58530,2
58531,2
58532,2
58533,3
58534,3
58535,3
58536,3
58537,3
58538,2
58539,2
58540,2
58541,3
58542,3
58543,2
58544,2
58545,2
58546,2
58547,2
58548,3
58549,2
58550,2
58551,2
58552,3
58553,2
58554,3
58555,3
58556,3
58557,3
58558,2
58559,2
58560,2
58561,2
58562,2
58563,2
58564,2
58565,3
58566,3
58567,3
58568,3
58569,3
58570,3
58571,3
58572,2
58573,2
58574,2
58575,3
58576,3
58577,2
58578,2
58579,2
58580,3
58581,3
58582,2
58583,2
58584,2
58585,1
58586,3
58587,2
58588,2
58589,2
58590,2
58591,3
58592,1
58593,3
58594,2
58595,2
58596,2
58597,2
58598,3
58599,2
58600,3
58601,2
58602,2
58603,2
58604,2
58605,3
58606,2
58607,3
58608,2
58609,2
58610,2
58611,3
58612,2
58613,2
58614,2
58615,2
58616,2
58617,3
58618,2
58619,2
58620,2
58621,2
58622,3
58623,2
58624,2
58625,2
58626,3
58627,2
58628,3
58629,3
58630,3
58631,3
58632,3
58633,3
58634,3
58635,3
58636,3
58637,3
58638,3
58639,3
58640,3
58641,2
58642,3
58643,3
58644,3
58645,3
58646,2
58647,2
58648,3
58649,3
58650,3
58651,3
58652,3
58653,3
58654,3
58655,2
58656,2
58657,2
58658,2
58659,2
58660,2
58661,2
58662,3
58663,3
58664,3
58665,3
58666,3
58667,3
58668,3
58669,2
58670,3
58671,0
58672,2
58673,2
58674,2
58675,3
58676,2
58677,2
58678,2
58679,2
58680,2
58681,2
58682,2
58683,3
58684,3
58685,3
58686,3
58687,3
58688,0
58689,0
58690,0
58691,3
58692,3
58693,3
58694,2
58695,2
58696,2
58697,3
58698,3
58699,3
58700,3
58701,3
58702,3
58703,3
58704,3
58705,3
58706,3
58707,3
58708,3
58709,3
58710,3
58711,3
58712,2
58713,2
58714,3
58715,2
58716,2
58717,2
58718,3
58719,3
58720,2
58721,3
58722,2
58723,0
58724,0
58725,0
58726,0
58727,2
58728,3
58729,3
58730,2
58731,3
58732,2
58733,2
58734,2
58735,2
58736,2
58737,0
58738,3
58739,3
58740,2
58741,2
58742,3
58743,3
58744,3
58745,3
58746,3
58747,3
58748,3
58749,3
58750,3
58751,2
58752,2
58753,2
58754,2
58755,3
58756,2
58757,2
58758,2
58759,3
58760,3
58761,2
58762,2
58763,3
58764,2
58765,2
58766,2
58767,2
58768,2
58769,2
58770,2
58771,2
58772,2
58773,2
58774,2
58775,2
58776,2
58777,2
58778,2
58779,2
58780,2
58781,2
58782,3
58783,2
58784,2
58785,2
58786,3
58787,3
58788,3
58789,3
58790,3
58791,0
58792,3
58793,3
58794,3
58795,3
58796,3
58797,1
58798,1
58799,3
58800,1
58801,1
58802,3
58803,3
58804,3
58805,3
58806,2
58807,3
58808,3
58809,1
58810,1
58811,1
58812,1
58813,3
58814,3
58815,3
58816,3
58817,3
58818,3
58819,3
58820,1
58821,3
58822,3
58823,3
58824,1
58825,1
58826,3
58827,3
58828,0
58829,3
58830,3
58831,3
58832,1
58833,1
58834,1
58835,3
58836,3
58837,2
58838,2
58839,3
58840,3
58841,3
58842,3
58843,3
58844,3
58845,1
58846,3
58847,3
58848,3
58849,1
58850,3
58851,3
58852,3
58853,3
58854,3
58855,3
58856,3
58857,3
58858,3
58859,3
58860,3
58861,3
58862,3
58863,3
58864,1
58865,1
58866,1
58867,3
58868,3
58869,3
58870,3
58871,3
58872,3
58873,3
58874,3
58875,3
58876,1
58877,3
58878,3
58879,3
58880,1
58881,1
58882,1
58883,1
58884,1
58885,3
58886,3
58887,3
58888,1
58889,3
58890,3
58891,1
58892,1
58893,3
58894,3
58895,3
58896,3
58897,3
58898,3
58899,3
58900,3
58901,3
58902,3
58903,3
58904,3
58905,3
58906,3
58907,1
58908,3
58909,1
58910,1
58911,3
58912,1
58913,3
58914,3
58915,3
58916,3
58917,3
58918,1
58919,3
58920,1
58921,1
58922,3
58923,1
58924,1
58925,3
58926,1
58927,3
58928,3
58929,3
58930,1
58931,3
58932,3
58933,3
58934,3
58935,3
58936,3
58937,3
58938,3
58939,1
58940,1
58941,1
58942,3
58943,3
58944,3
58945,1
58946,1
58947,3
58948,1
58949,3
58950,1
58951,1
58952,3
58953,3
58954,3
58955,3
58956,3
58957,3
58958,1
58959,1
58960,3
58961,3
58962,3
58963,1
58964,3
58965,3
58966,1
58967,1
58968,1
58969,1
58970,3
58971,3
58972,3
58973,3
58974,3
58975,3
58976,3
58977,3
58978,2
58979,3
58980,3
58981,3
58982,1
58983,3
58984,3
58985,3
58986,3
58987,3
58988,3
58989,3
58990,3
58991,3
58992,1
58993,3
58994,3
58995,3
58996,3
58997,3
58998,3
58999,3
59000,3
59001,3
59002,3
59003,3
59004,3
59005,3
59006,3
59007,3
59008,3
59009,3
59010,1
59011,1
59012,3
59013,3
59014,3
59015,3
59016,3
59017,3
59018,3
59019,3
59020,1
59021,3
59022,3
59023,3
59024,3
59025,3
59026,3
59027,3
59028,3
59029,3
59030,3
59031,3
59032,2
59033,3
59034,3
59035,3
59036,1
59037,3
59038,3
59039,3
59040,3
59041,3
59042,3
59043,3
59044,3
59045,3
59046,3
59047,3
59048,3
59049,3
59050,3
59051,3
59052,2
59053,3
59054,2
59055,1
59056,3
59057,3
59058,3
59059,3
59060,3
59061,3
59062,1
59063,3
59064,3
59065,1
59066,3
59067,0
59068,3
59069,1
59070,3
59071,3
59072,3
59073,3
59074,3
59075,3
59076,3
59077,3
59078,3
59079,3
59080,3
59081,3
59082,3
59083,3
59084,3
59085,3
59086,1
59087,1
59088,3
59089,3
59090,1
59091,1
59092,1
59093,3
59094,3
59095,3
59096,3
59097,3
59098,3
59099,3
59100,1
59101,3
59102,3
59103,3
59104,3
59105,3
59106,3
59107,3
59108,3
59109,3
59110,3
59111,3
59112,3
59113,3
59114,3
59115,3
59116,3
59117,3
59118,3
59119,3
59120,3
59121,3
59122,3
59123,3
59124,3
59125,3
59126,3
59127,3
59128,3
59129,3
59130,3
59131,3
59132,3
59133,3
59134,3
59135,3
59136,3
59137,3
59138,3
59139,3
59140,3
59141,3
59142,3
59143,1
59144,1
59145,3
59146,3
59147,3
59148,3
59149,3
59150,1
59151,3
59152,3
59153,3
59154,3
59155,3
59156,3
59157,3
59158,1
59159,1
59160,3
59161,3
59162,3
59163,3
59164,3
59165,3
59166,3
59167,3
59168,3
59169,3
59170,3
59171,3
59172,3
59173,3
59174,1
59175,3
59176,3
59177,1
59178,1
59179,1
59180,3
59181,3
59182,3
59183,3
59184,3
59185,3
59186,3
59187,3
59188,3
59189,3
59190,3
59191,3
59192,3
59193,3
59194,3
59195,3
59196,3
59197,3
59198,3
59199,3
59200,3
59201,3
59202,3
59203,3
59204,3
59205,1
59206,3
59207,3
59208,3
59209,3
59210,3
59211,1
59212,1
59213,1
59214,1
59215,1
59216,3
59217,3
59218,3
59219,3
59220,3
59221,3
59222,3
59223,3
59224,3
59225,3
59226,3
59227,3
59228,3
59229,3
59230,3
59231,3
59232,3
59233,3
59234,3
59235,3
59236,1
59237,3
59238,3
59239,3
59240,3
59241,3
59242,1
59243,3
59244,3
59245,3
59246,3
59247,3
59248,1
59249,1
59250,1
59251,1
59252,1
59253,1
59254,3
59255,3
59256,3
59257,3
59258,3
59259,3
59260,3
59261,3
59262,2
59263,3
59264,3
59265,3
59266,3
59267,1
59268,2
59269,1
59270,3
59271,3
59272,3
59273,1
59274,3
59275,1
59276,1
59277,3
59278,3
59279,3
59280,3
59281,3
59282,3
59283,3
59284,3
59285,3
59286,3
59287,1
59288,3
59289,1
59290,1
59291,1
59292,2
59293,2
59294,2
59295,1
59296,3
59297,3
59298,3
59299,3
59300,1
59301,3
59302,1
59303,3
59304,3
59305,3
59306,3
59307,3
59308,3
59309,3
59310,3
59311,3
59312,3
59313,3
59314,3
59315,3
59316,3
59317,3
59318,1
59319,3
59320,3
59321,1
59322,3
59323,3
59324,3
59325,3
59326,3
59327,1
59328,3
59329,3
59330,3
59331,3
59332,3
59333,3
59334,1
59335,3
59336,3
59337,3
59338,3
59339,3
59340,3
59341,3
59342,2
59343,1
59344,3
59345,3
59346,1
59347,1
59348,3
59349,3
59350,3
59351,3
59352,3
59353,3
59354,3
59355,3
59356,3
59357,3
59358,3
59359,3
59360,3
59361,3
59362,3
59363,2
59364,2
59365,3
59366,3
59367,3
59368,1
59369,3
59370,1
59371,3
59372,2
59373,3
59374,3
59375,3
59376,3
59377,3
59378,1
59379,3
59380,2
59381,3
59382,3
59383,3
59384,1
59385,1
59386,3
59387,3
59388,1
59389,1
59390,1
59391,1
59392,3
59393,3
59394,1
59395,1
59396,1
59397,1
59398,1
59399,1
59400,1
59401,1
59402,1
59403,1
59404,1
59405,1
59406,1
59407,1
59408,1
59409,3
59410,1
59411,1
59412,3
59413,3
59414,3
59415,1
59416,3
59417,1
59418,3
59419,3
59420,2
59421,3
59422,3
59423,1
59424,1
59425,1
59426,1
59427,1
59428,1
59429,1
59430,1
59431,1
59432,1
59433,1
59434,3
59435,1
59436,1
59437,3
59438,3
59439,1
59440,1
59441,1
59442,3
59443,3
59444,3
59445,3
59446,2
59447,3
59448,3
59449,3
59450,2
59451,1
59452,1
59453,3
59454,1
59455,1
59456,1
59457,3
59458,3
59459,3
59460,3
59461,3
59462,2
59463,2
59464,2
59465,2
59466,3
59467,1
59468,1
59469,3
59470,3
59471,1
59472,1
59473,3
59474,1
59475,1
59476,1
59477,3
59478,1
59479,3
59480,1
59481,3
59482,2
59483,3
59484,3
59485,3
59486,3
59487,3
59488,2
59489,2
59490,2
59491,2
59492,1
59493,1
59494,3
59495,1
59496,3
59497,3
59498,3
59499,3
59500,1
59501,3
59502,3
59503,3
59504,3
59505,3
59506,3
59507,3
59508,3
59509,3
59510,3
59511,3
59512,2
59513,3
59514,3
59515,3
59516,3
59517,3
59518,3
59519,3
59520,3
59521,3
59522,3
59523,3
59524,3
59525,3
59526,3
59527,3
59528,3
59529,3
59530,3
59531,0
59532,3
59533,3
59534,3
59535,3
59536,3
59537,3
59538,2
59539,2
59540,3
59541,1
59542,2
59543,2
59544,3
59545,3
59546,3
59547,1
59548,2
59549,2
59550,3
59551,3
59552,3
59553,2
59554,2
59555,3
59556,2
59557,2
59558,3
59559,2
59560,2
59561,1
59562,1
59563,3
59564,2
59565,1
59566,1
59567,3
59568,3
59569,3
59570,3
59571,2
59572,2
59573,3
59574,2
59575,3
59576,2
59577,2
59578,2
59579,3
59580,3
59581,3
59582,3
59583,3
59584,3
59585,3
59586,2
59587,3
59588,3
59589,3
59590,3
59591,3
59592,3
59593,3
59594,2
59595,2
59596,2
59597,3
59598,3
59599,3
59600,3
59601,3
59602,3
59603,2
59604,3
59605,3
59606,1
59607,3
59608,3
59609,2
59610,1
59611,3
59612,2
59613,3
59614,1
59615,1
59616,1
59617,1
59618,1
59619,1
59620,1
59621,3
59622,3
59623,3
59624,2
59625,1
59626,3
59627,1
59628,3
59629,3
59630,1
59631,1
59632,1
59633,1
59634,3
59635,3
59636,2
59637,3
59638,3
59639,3
59640,0
59641,0
59642,0
59643,3
59644,3
59645,3
59646,3
59647,3
59648,3
59649,3
59650,3
59651,3
59652,0
59653,0
59654,0
59655,0
59656,3
59657,0
59658,0
59659,0
59660,3
59661,2
59662,2
59663,3
59664,2
59665,2
59666,3
59667,3
59668,3
59669,2
59670,0
59671,2
59672,2
59673,2
59674,3
59675,2
59676,3
59677,3
59678,3
59679,3
59680,2
59681,2
59682,2
59683,2
59684,2
59685,2
59686,2
59687,2
59688,2
59689,2
59690,2
59691,2
59692,2
59693,2
59694,2
59695,2
59696,2
59697,2
59698,2
59699,2
59700,2
59701,2
59702,2
59703,2
59704,2
59705,2
59706,2
59707,2
59708,2
59709,2
59710,2
59711,2
59712,2
59713,2
59714,2
59715,2
59716,3
59717,3
59718,2
59719,2
59720,2
59721,3
59722,2
59723,2
59724,2
59725,2
59726,2
59727,2
59728,2
59729,2
59730,2
59731,2
59732,2
59733,3
59734,1
59735,1
59736,1
59737,1
59738,1
59739,1
59740,1
59741,2
59742,2
59743,2
59744,2
59745,3
59746,3
59747,3
59748,3
59749,3
59750,2
59751,2
59752,2
59753,2
59754,2
59755,2
59756,2
59757,2
59758,2
59759,2
59760,2
59761,2
59762,2
59763,2
59764,2
59765,2
59766,2
59767,2
59768,2
59769,2
59770,2
59771,2
59772,2
59773,2
59774,2
59775,2
59776,2
59777,2
59778,2
59779,2
59780,2
59781,2
59782,2
59783,2
59784,2
59785,2
59786,2
59787,2
59788,2
59789,2
59790,2
59791,2
59792,0
59793,3
59794,2
59795,3
59796,2
59797,2
59798,2
59799,2
59800,2
59801,3
59802,3
59803,3
59804,3
59805,3
59806,3
59807,3
59808,3
59809,3
59810,3
59811,3
59812,3
59813,3
59814,2
59815,2
59816,3
59817,3
59818,3
59819,2
59820,2
59821,2
59822,3
59823,3
59824,3
59825,1
59826,1
59827,3
59828,1
59829,3
59830,3
59831,3
59832,2
59833,2
59834,3
59835,3
59836,2
59837,2
59838,2
59839,1
59840,1
59841,1
59842,3
59843,0
59844,2
59845,0
59846,2
59847,2
59848,3
59849,3
59850,3
59851,2
59852,3
59853,3
59854,3
59855,3
59856,3
59857,3
59858,3
59859,2
59860,1
59861,3
59862,0
59863,3
59864,3
59865,3
59866,3
59867,3
59868,3
59869,2
59870,3
59871,3
59872,2
59873,3
59874,2
59875,2
59876,2
59877,3
59878,2
59879,2
59880,3
59881,3
59882,2
59883,2
59884,2
59885,2
59886,2
59887,3
59888,3
59889,3
59890,2
59891,3
59892,2
59893,2
59894,3
59895,2
59896,2
59897,3
59898,3
59899,3
59900,2
59901,2
59902,2
59903,2
59904,2
59905,2
59906,2
59907,2
59908,3
59909,0
59910,2
59911,3
59912,0
59913,1
59914,3
59915,1
59916,1
59917,1
59918,2
59919,2
59920,2
59921,2
59922,2
59923,2
59924,2
59925,2
59926,2
59927,2
59928,2
59929,2
59930,2
59931,2
59932,2
59933,2
59934,2
59935,2
59936,2
59937,2
59938,2
59939,2
59940,2
59941,2
59942,2
59943,2
59944,2
59945,2
59946,2
59947,2
59948,2
59949,2
59950,2
59951,2
59952,2
59953,2
59954,2
59955,2
59956,2
59957,2
59958,2
59959,2
59960,2
59961,2
59962,2
59963,3
59964,2
59965,3
59966,3
59967,3
59968,2
59969,2
59970,2
59971,2
59972,2
59973,2
59974,2
59975,3
59976,2
59977,2
59978,2
59979,2
59980,2
59981,2
59982,2
59983,2
59984,2
59985,2
59986,2
59987,2
59988,2
59989,2
59990,2
59991,2
59992,2
59993,3
59994,2
59995,2
59996,2
59997,2
59998,2
59999,3
60000,3
60001,0
60002,0
60003,2
60004,0
60005,0
60006,0
60007,0
60008,2
60009,3
60010,3
60011,2
60012,2
60013,2
60014,3
60015,2
60016,2
60017,2
60018,2
60019,0
60020,3
60021,0
60022,3
60023,3
60024,3
60025,3
60026,2
60027,3
60028,3
60029,3
60030,3
60031,3
60032,3
60033,2
60034,3
60035,2
60036,2
60037,2
60038,3
60039,2
60040,2
60041,2
60042,3
60043,2
60044,3
60045,3
60046,3
60047,3
60048,2
60049,2
60050,3
60051,1
60052,3
60053,2
60054,2
60055,2
60056,2
60057,2
60058,2
60059,2
60060,2
60061,2
60062,2
60063,2
60064,2
60065,2
60066,2
60067,2
60068,2
60069,2
60070,2
60071,2
60072,2
60073,2
60074,2
60075,2
60076,2
60077,2
60078,2
60079,2
60080,2
60081,2
60082,2
60083,2
60084,2
60085,2
60086,3
60087,3
60088,2
60089,2
60090,2
60091,2
60092,2
60093,2
60094,2
60095,2
60096,2
60097,2
60098,2
60099,2
60100,2
60101,2
60102,2
60103,2
60104,2
60105,2
60106,2
60107,2
60108,2
60109,3
60110,2
60111,2
60112,2
60113,2
60114,2
60115,2
60116,1
60117,2
60118,2
60119,2
60120,2
60121,2
60122,2
60123,2
60124,2
60125,2
60126,2
60127,2
60128,3
60129,2
60130,2
60131,2
60132,2
60133,2
60134,2
60135,2
60136,2
60137,2
60138,2
60139,2
60140,2
60141,1
60142,2
60143,2
60144,2
60145,2
60146,2
60147,2
60148,2
60149,2
60150,2
60151,2
60152,2
60153,2
60154,2
60155,2
60156,2
60157,2
60158,2
60159,2
60160,2
60161,2
60162,2
60163,2
60164,2
60165,2
60166,2
60167,2
60168,2
60169,2
60170,2
60171,2
60172,2
60173,2
60174,2
60175,2
60176,2
60177,2
60178,2
60179,2
60180,2
60181,2
60182,2
60183,2
60184,2
60185,2
60186,2
60187,2
60188,2
60189,2
60190,2
60191,2
60192,2
60193,2
60194,2
60195,2
60196,2
60197,2
60198,2
60199,2
60200,2
60201,2
60202,2
60203,2
60204,2
60205,2
60206,2
60207,2
60208,2
60209,2
60210,2
60211,2
60212,2
60213,2
60214,2
60215,2
60216,2
60217,2
60218,2
60219,2
60220,2
60221,2
60222,2
60223,2
60224,2
60225,2
60226,2
60227,2
60228,2
60229,2
60230,2
60231,2
60232,2
60233,2
60234,1
60235,2
60236,2
60237,2
60238,2
60239,2
60240,2
60241,2
60242,2
60243,2
60244,2
60245,2
60246,2
60247,2
60248,2
60249,2
60250,2
60251,2
60252,2
60253,2
60254,2
60255,2
60256,2
60257,2
60258,2
60259,2
60260,2
60261,2
60262,2
60263,2
60264,2
60265,2
60266,2
60267,2
60268,2
60269,2
60270,2
60271,2
60272,2
60273,2
60274,2
60275,2
60276,2
60277,2
60278,2
60279,2
60280,2
60281,2
60282,2
60283,2
60284,2
60285,2
60286,2
60287,2
60288,2
60289,2
60290,2
60291,2
60292,2
60293,2
60294,2
60295,2
60296,2
60297,2
60298,2
60299,2
60300,2
60301,3
60302,2
60303,2
60304,2
60305,2
60306,2
60307,2
60308,2
60309,1
60310,2
60311,1
60312,1
60313,2
60314,2
60315,2
60316,1
60317,2
60318,2
60319,2
60320,2
60321,2
60322,2
60323,2
60324,2
60325,2
60326,2
60327,2
60328,2
60329,2
60330,2
60331,2
60332,2
60333,2
60334,1
60335,1
60336,2
60337,2
60338,2
60339,2
60340,2
60341,2
60342,2
60343,2
60344,2
60345,2
60346,2
60347,2
60348,2
60349,2
60350,2
60351,2
60352,2
60353,2
60354,2
60355,2
60356,2
60357,2
60358,2
60359,2
60360,2
60361,2
60362,2
60363,2
60364,2
60365,2
60366,2
60367,2
60368,2
60369,2
60370,2
60371,2
60372,2
60373,2
60374,2
60375,2
60376,2
60377,2
60378,2
60379,2
60380,2
60381,2
60382,2
60383,2
60384,1
60385,2
60386,2
60387,2
60388,2
60389,2
60390,2
60391,2
60392,2
60393,2
60394,2
60395,1
60396,2
60397,2
60398,2
60399,2
60400,1
60401,2
60402,2
60403,2
60404,2
60405,2
60406,1
60407,1
60408,1
60409,1
60410,2
60411,2
60412,2
60413,2
60414,2
60415,2
60416,2
60417,2
60418,2
60419,1
60420,1
60421,2
60422,1
60423,2
60424,2
60425,1
60426,1
60427,1
60428,1
60429,2
60430,3
60431,3
60432,1
60433,3
60434,2
60435,1
60436,2
60437,1
60438,2
60439,2
60440,2
60441,1
60442,1
60443,2
60444,1
60445,2
60446,2
60447,2
60448,3
60449,2
60450,2
60451,3
60452,2
60453,1
60454,3
60455,2
60456,2
60457,3
60458,2
60459,2
60460,2
60461,2
60462,2
60463,2
60464,2
60465,2
60466,2
60467,2
60468,3
60469,1
60470,1
60471,1
60472,1
60473,2
60474,1
60475,2
60476,2
60477,2
60478,2
60479,2
60480,2
60481,2
60482,2
60483,2
60484,1
60485,1
60486,2
60487,2
60488,2
60489,2
60490,2
60491,1
60492,1
60493,1
60494,1
60495,3
60496,2
60497,2
60498,2
60499,2
60500,2
60501,2
60502,2
60503,2
60504,2
60505,2
60506,2
60507,2
60508,2
60509,2
60510,2
60511,2
60512,2
60513,2
60514,2
60515,2
60516,2
60517,2
60518,2
60519,2
60520,2
60521,2
60522,1
60523,2
60524,2
60525,2
60526,2
60527,2
60528,2
60529,2
60530,2
60531,2
60532,2
60533,2
60534,2
60535,1
60536,2
60537,2
60538,2
60539,2
60540,2
60541,2
60542,2
60543,2
60544,2
60545,2
60546,2
60547,2
60548,2
60549,2
60550,2
60551,2
60552,3
60553,2
60554,2
60555,2
60556,2
60557,2
60558,1
60559,2
60560,2
60561,2
60562,2
60563,2
60564,2
60565,2
60566,2
60567,2
60568,2
60569,2
60570,2
60571,2
60572,2
60573,2
60574,2
60575,2
60576,2
60577,3
60578,2
60579,3
60580,2
60581,2
60582,2
60583,2
60584,2
60585,2
60586,2
60587,2
60588,2
60589,2
60590,2
60591,2
60592,2
60593,2
60594,2
60595,2
60596,2
60597,2
60598,2
60599,2
60600,2
60601,2
60602,2
60603,2
60604,2
60605,2
60606,2
60607,2
60608,2
60609,2
60610,2
60611,2
60612,2
60613,2
60614,2
60615,2
60616,3
60617,2
60618,2
60619,2
60620,2
60621,2
60622,1
60623,3
60624,2
60625,2
60626,2
60627,2
60628,2
60629,2
60630,3
60631,1
60632,2
60633,2
60634,2
60635,2
60636,2
60637,2
60638,1
60639,2
60640,2
60641,2
60642,2
60643,1
60644,2
60645,2
60646,2
60647,2
60648,2
60649,1
60650,2
60651,1
60652,2
60653,2
60654,2
60655,2
60656,2
60657,2
60658,2
60659,2
60660,2
60661,2
60662,2
60663,2
60664,2
60665,2
60666,2
60667,2
60668,2
60669,2
60670,2
60671,1
60672,2
60673,1
60674,2
60675,2
60676,2
60677,2
60678,2
60679,2
60680,2
60681,2
60682,2
60683,2
60684,2
60685,2
60686,2
60687,2
60688,2
60689,2
60690,2
60691,2
60692,2
60693,1
60694,2
60695,2
60696,2
60697,2
60698,2
60699,2
60700,2
60701,2
60702,2
60703,2
60704,2
60705,2
60706,2
60707,2
60708,2
60709,2
60710,2
60711,2
60712,2
60713,2
60714,2
60715,2
60716,2
60717,2
60718,2
60719,2
60720,2
60721,2
60722,2
60723,2
60724,2
60725,2
60726,1
60727,2
60728,2
60729,2
60730,2
60731,2
60732,2
60733,2
60734,2
60735,2
60736,2
60737,2
60738,2
60739,2
60740,1
60741,1
60742,2
60743,1
60744,1
60745,1
60746,1
60747,1
60748,1
60749,1
60750,1
60751,1
60752,1
60753,1
60754,1
60755,3
60756,1
60757,1
60758,1
60759,1
60760,1
60761,1
60762,1
60763,1
60764,1
60765,3
60766,1
60767,1
60768,1
60769,1
60770,1
60771,1
60772,1
60773,1
60774,1
60775,1
60776,3
60777,3
60778,3
60779,3
60780,2
60781,3
60782,2
60783,3
60784,3
60785,3
60786,3
60787,1
60788,3
60789,3
60790,3
60791,3
60792,2
60793,3
60794,3
60795,3
60796,3
60797,3
60798,3
60799,3
60800,3
60801,3
60802,0
60803,0
60804,0
60805,3
60806,2
60807,3
60808,2
60809,3
60810,2
60811,3
60812,3
60813,1
60814,3
60815,3
60816,3
60817,3
60818,2
60819,0
60820,0
60821,0
60822,3
60823,0
60824,0
60825,3
60826,0
60827,0
60828,3
60829,3
60830,2
60831,3
60832,2
60833,3
60834,3
60835,0
60836,3
60837,3
60838,3
60839,3
60840,3
60841,0
60842,0
60843,3
60844,0
60845,3
60846,3
60847,2
60848,3
60849,2
60850,0
60851,0
60852,0
60853,0
60854,0
60855,0
60856,3
60857,2
60858,0
60859,2
60860,3
60861,3
60862,2
60863,2
60864,2
60865,2
60866,3
60867,3
60868,3
60869,0
60870,1
60871,2
60872,2
60873,3
60874,0
60875,3
60876,3
60877,1
60878,3
60879,3
60880,3
60881,3
60882,2
60883,3
60884,3
60885,3
60886,2
60887,3
60888,0
60889,3
60890,3
60891,3
60892,3
60893,2
60894,1
60895,3
60896,3
60897,2
60898,0
60899,0
60900,0
60901,2
60902,3
60903,3
60904,3
60905,3
60906,3
60907,3
60908,3
60909,3
60910,3
60911,3
60912,3
60913,3
60914,3
60915,3
60916,3
60917,3
60918,2
60919,1
60920,0
60921,2
60922,2
60923,2
60924,3
60925,3
60926,2
60927,2
60928,3
60929,0
60930,2
60931,0
60932,3
60933,0
60934,2
60935,3
60936,2
60937,3
60938,2
60939,3
60940,1
60941,3
60942,3
60943,2
60944,3
60945,3
60946,3
60947,3
60948,3
60949,3
60950,2
60951,3
60952,2
60953,2
60954,2
60955,2
60956,3
60957,3
60958,1
60959,1
60960,3
60961,1
60962,1
60963,3
60964,3
60965,3
60966,2
60967,3
60968,0
60969,0
60970,0
60971,3
60972,3
60973,2
60974,2
60975,3
60976,3
60977,3
60978,0
60979,0
60980,0
60981,0
60982,0
60983,0
60984,0
60985,0
60986,0
60987,0
60988,0
60989,0
60990,0
60991,0
60992,0
60993,3
60994,3
60995,3
60996,3
60997,3
60998,3
60999,3
61000,3
61001,3
61002,3
61003,3
61004,3
61005,2
61006,0
61007,0
61008,3
61009,0
61010,3
61011,2
61012,2
61013,0
61014,2
61015,3
61016,3
61017,2
61018,2
61019,2
61020,2
61021,2
61022,2
61023,2
61024,2
61025,2
61026,2
61027,2
61028,2
61029,2
61030,2
61031,2
61032,2
61033,2
61034,2
61035,2
61036,2
61037,3
61038,0
61039,3
61040,3
61041,3
61042,3
61043,3
61044,3
61045,0
61046,3
61047,3
61048,3
61049,3
61050,3
61051,3
61052,3
61053,3
61054,3
61055,3
61056,3
61057,2
61058,3
61059,0
61060,2
61061,3
61062,2
61063,3
61064,3
61065,3
61066,3
61067,3
61068,3
61069,3
61070,3
61071,2
61072,2
61073,2
61074,2
61075,3
61076,3
61077,3
61078,2
61079,3
61080,2
61081,0
61082,2
61083,2
61084,3
61085,3
61086,3
61087,3
61088,0
61089,2
61090,3
61091,0
61092,3
61093,3
61094,0
61095,0
61096,2
61097,0
61098,2
61099,0
61100,2
61101,0
61102,0
61103,0
61104,3
61105,2
61106,0
61107,0
61108,0
61109,0
61110,0
61111,0
61112,0
61113,0
61114,0
61115,0
61116,0
61117,0
61118,0
61119,0
61120,0
61121,0
61122,0
61123,3
61124,3
61125,0
61126,0
61127,3
61128,0
61129,0
61130,0
61131,0
61132,3
61133,0
61134,2
61135,2
61136,0
61137,2
61138,0
61139,2
61140,2
61141,0
61142,0
61143,0
61144,0
61145,0
61146,0
61147,0
61148,0
61149,0
61150,0
61151,0
61152,0
61153,0
61154,0
61155,0
61156,0
61157,0
61158,0
61159,0
61160,0
61161,0
61162,0
61163,0
61164,0
61165,0
61166,0
61167,0
61168,0
61169,0
61170,0
61171,0
61172,0
61173,0
61174,0
61175,2
61176,0
61177,0
61178,2
61179,0
61180,0
61181,0
61182,0
61183,0
61184,0
61185,0
61186,0
61187,2
61188,2
61189,2
61190,0
61191,0
61192,0
61193,2
61194,0
61195,0
61196,0
61197,0
61198,0
61199,0
61200,0
61201,0
61202,0
61203,0
61204,0
61205,0
61206,0
61207,0
61208,0
61209,0
61210,0
61211,0
61212,0
61213,0
61214,2
61215,2
61216,0
61217,0
61218,0
61219,0
61220,3
61221,2
61222,2
61223,2
61224,2
61225,0
61226,0
61227,3
61228,3
61229,3
61230,3
61231,3
61232,3
61233,3
61234,3
61235,3
61236,1
61237,3
61238,2
61239,3
61240,3
61241,3
61242,0
61243,0
61244,0
61245,2
61246,2
61247,2
61248,0
61249,0
61250,3
61251,0
61252,0
61253,2
61254,0
61255,0
61256,0
61257,2
61258,2
61259,0
61260,0
61261,0
61262,0
61263,0
61264,0
61265,0
61266,0
61267,2
61268,0
61269,3
61270,0
61271,0
61272,2
61273,0
61274,0
61275,0
61276,0
61277,0
61278,0
61279,0
61280,2
61281,0
61282,0
61283,0
61284,0
61285,0
61286,0
61287,0
61288,0
61289,0
61290,0
61291,0
61292,0
61293,0
61294,3
61295,0
61296,0
61297,2
61298,0
61299,0
61300,0
61301,0
61302,0
61303,0
61304,0
61305,0
61306,0
61307,0
61308,0
61309,0
61310,0
61311,2
61312,0
61313,0
61314,0
61315,0
61316,2
61317,2
61318,2
61319,0
61320,0
61321,0
61322,2
61323,0
61324,0
61325,2
61326,2
61327,2
61328,0
61329,0
61330,0
61331,2
61332,2
61333,0
61334,0
61335,2
61336,2
61337,0
61338,2
61339,0
61340,0
61341,0
61342,0
61343,0
61344,0
61345,0
61346,0
61347,0
61348,0
61349,0
61350,0
61351,0
61352,0
61353,0
61354,0
61355,0
61356,0
61357,0
61358,0
61359,0
61360,0
61361,0
61362,0
61363,0
61364,0
61365,0
61366,0
61367,0
61368,0
61369,0
61370,0
61371,0
61372,0
61373,0
61374,0
61375,0
61376,0
61377,0
61378,0
61379,0
61380,0
61381,0
61382,0
61383,0
61384,0
61385,0
61386,0
61387,2
61388,3
61389,0
61390,0
61391,0
61392,0
61393,0
61394,0
61395,0
61396,0
61397,0
61398,0
61399,0
61400,0
61401,0
61402,0
61403,0
61404,0
61405,2
61406,0
61407,0
61408,0
61409,0
61410,0
61411,0
61412,0
61413,2
61414,0
61415,0
61416,0
61417,0
61418,0
61419,0
61420,0
61421,0
61422,0
61423,0
61424,0
61425,0
61426,0
61427,0
61428,0
61429,0
61430,0
61431,0
61432,0
61433,0
61434,2
61435,2
61436,2
61437,2
61438,2
61439,2
61440,3
61441,3
61442,3
61443,3
61444,3
61445,3
61446,3
61447,2
61448,2
61449,3
61450,2
61451,3
61452,2
61453,2
61454,2
61455,2
61456,3
61457,2
61458,2
61459,2
61460,0
61461,0
61462,0
61463,0
61464,3
61465,0
61466,2
61467,0
61468,0
61469,2
61470,2
61471,0
61472,0
61473,1
61474,0
61475,0
61476,0
61477,0
61478,3
61479,2
61480,2
61481,2
61482,2
61483,0
61484,2
61485,0
61486,0
61487,0
61488,3
61489,2
61490,0
61491,0
61492,0
61493,0
61494,0
61495,0
61496,0
61497,3
61498,0
61499,2
61500,2
61501,2
61502,0
61503,0
61504,0
61505,0
61506,0
61507,0
61508,2
61509,0
61510,0
61511,0
61512,0
61513,0
61514,0
61515,2
61516,3
61517,3
61518,3
61519,3
61520,3
61521,0
61522,2
61523,2
61524,3
61525,0
61526,0
61527,3
61528,2
61529,0
61530,0
61531,2
61532,3
61533,0
61534,2
61535,3
61536,3
61537,3
61538,3
61539,3
61540,3
61541,3
61542,1
61543,1
61544,1
61545,3
61546,3
61547,2
61548,2
61549,0
61550,1
61551,3
61552,3
61553,2
61554,2
61555,3
61556,3
61557,3
61558,3
61559,3
61560,3
61561,0
61562,2
61563,2
61564,0
61565,2
61566,2
61567,0
61568,0
61569,2
61570,2
61571,0
61572,0
61573,0
61574,0
61575,0
61576,0
61577,0
61578,0
61579,0
61580,3
61581,0
61582,0
61583,0
61584,0
61585,0
61586,0
61587,2
61588,2
61589,2
61590,2
61591,0
61592,0
61593,0
61594,0
61595,0
61596,0
61597,0
61598,0
61599,2
61600,2
61601,2
61602,2
61603,0
61604,0
61605,0
61606,0
61607,0
61608,0
61609,0
61610,0
61611,0
61612,0
61613,0
61614,2
61615,2
61616,2
61617,2
61618,3
61619,3
61620,2
61621,2
61622,3
61623,2
61624,2
61625,2
61626,2
61627,2
61628,2
61629,0
61630,0
61631,2
61632,2
61633,2
61634,2
61635,2
61636,2
61637,2
61638,2
61639,2
61640,2
61641,2
61642,2
61643,2
61644,2
61645,2
61646,2
61647,2
61648,2
61649,2
61650,2
61651,2
61652,2
61653,2
61654,2
61655,2
61656,0
61657,2
61658,2
61659,2
61660,2
61661,2
61662,2
61663,2
61664,2
61665,2
61666,2
61667,2
61668,2
61669,2
61670,2
61671,2
61672,2
61673,2
61674,2
61675,2
61676,2
61677,3
61678,2
61679,2
61680,2
61681,2
61682,3
61683,2
61684,3
61685,3
61686,2
61687,2
61688,3
61689,2
61690,1
61691,1
61692,2
61693,1
61694,1
61695,1
61696,3
61697,3
61698,3
61699,0
61700,2
61701,2
61702,2
61703,2
61704,2
61705,3
61706,2
61707,2
61708,3
61709,3
61710,3
61711,2
61712,2
61713,3
61714,3
61715,3
61716,1
61717,3
61718,3
61719,2
61720,3
61721,2
61722,2
61723,2
61724,3
61725,2
61726,2
61727,2
61728,2
61729,2
61730,2
61731,2
61732,2
61733,2
61734,3
61735,3
61736,3
61737,3
61738,2
61739,2
61740,2
61741,2
61742,3
61743,2
61744,2
61745,2
61746,2
61747,2
61748,2
61749,2
61750,2
61751,2
61752,2
61753,2
61754,2
61755,2
61756,2
61757,2
61758,2
61759,2
61760,2
61761,2
61762,2
61763,2
61764,2
61765,2
61766,2
61767,2
61768,2
61769,2
61770,2
61771,2
61772,2
61773,2
61774,2
61775,2
61776,2
61777,2
61778,2
61779,2
61780,3
61781,3
61782,2
61783,1
61784,1
61785,3
61786,1
61787,2
61788,2
61789,2
61790,2
61791,3
61792,2
61793,2
61794,2
61795,2
61796,2
61797,2
61798,2
61799,2
61800,2
61801,2
61802,2
61803,2
61804,2
61805,2
61806,2
61807,2
61808,2
61809,2
61810,2
61811,2
61812,2
61813,2
61814,2
61815,2
61816,2
61817,2
61818,2
61819,2
61820,2
61821,2
61822,2
61823,2
61824,2
61825,2
61826,2
61827,2
61828,3
61829,2
61830,2
61831,2
61832,2
61833,2
61834,3
61835,2
61836,2
61837,2
61838,2
61839,2
61840,2
61841,2
61842,2
61843,2
61844,2
61845,2
61846,2
61847,2
61848,2
61849,2
61850,3
61851,3
61852,2
61853,2
61854,3
61855,2
61856,2
61857,2
61858,2
61859,2
61860,2
61861,2
61862,3
61863,2
61864,3
61865,2
61866,2
61867,2
61868,2
61869,2
61870,2
61871,2
61872,2
61873,2
61874,2
61875,2
61876,2
61877,2
61878,2
61879,2
61880,2
61881,2
61882,2
61883,2
61884,2
61885,2
61886,2
61887,2
61888,2
61889,2
61890,3
61891,2
61892,2
61893,2
61894,2
61895,2
61896,2
61897,2
61898,2
61899,2
61900,3
61901,3
61902,3
61903,2
61904,3
61905,0
61906,3
61907,2
61908,2
61909,3
61910,2
61911,2
61912,3
61913,2
61914,2
61915,3
61916,3
61917,2
61918,3
61919,2
61920,2
61921,3
61922,3
61923,2
61924,2
61925,2
61926,2
61927,2
61928,2
61929,2
61930,2
61931,2
61932,2
61933,2
61934,2
61935,2
61936,2
61937,2
61938,2
61939,2
61940,2
61941,2
61942,2
61943,2
61944,2
61945,2
61946,2
61947,2
61948,2
61949,2
61950,2
61951,2
61952,3
61953,2
61954,2
61955,3
61956,2
61957,2
61958,3
61959,3
61960,2
61961,2
61962,2
61963,2
61964,2
61965,2
61966,2
61967,2
61968,2
61969,3
61970,2
61971,2
61972,3
61973,2
61974,2
61975,2
61976,2
61977,2
61978,2
61979,2
61980,2
61981,2
61982,2
61983,2
61984,2
61985,2
61986,2
61987,2
61988,2
61989,2
61990,2
61991,2
61992,2
61993,2
61994,2
61995,2
61996,2
61997,2
61998,3
61999,2
62000,3
62001,2
62002,3
62003,2
62004,0
62005,2
62006,3
62007,2
62008,2
62009,2
62010,2
62011,2
62012,2
62013,2
62014,2
62015,2
62016,2
62017,2
62018,2
62019,2
62020,2
62021,2
62022,2
62023,3
62024,2
62025,2
62026,2
62027,2
62028,2
62029,2
62030,2
62031,2
62032,2
62033,2
62034,2
62035,2
62036,2
62037,2
62038,2
62039,2
62040,2
62041,3
62042,2
62043,2
62044,2
62045,2
62046,2
62047,2
62048,3
62049,1
62050,3
62051,3
62052,2
62053,2
62054,2
62055,2
62056,2
62057,2
62058,2
62059,2
62060,2
62061,2
62062,1
62063,3
62064,3
62065,2
62066,2
62067,2
62068,2
62069,2
62070,2
62071,2
62072,3
62073,3
62074,2
62075,2
62076,2
62077,2
62078,3
62079,2
62080,3
62081,2
62082,1
62083,2
62084,2
62085,2
62086,3
62087,3
62088,2
62089,2
62090,3
62091,3
62092,2
62093,2
62094,2
62095,1
62096,2
62097,3
62098,3
62099,2
62100,2
62101,2
62102,2
62103,2
62104,2
62105,3
62106,2
62107,2
62108,3
62109,1
62110,2
62111,2
62112,2
62113,2
62114,2
62115,2
62116,2
62117,2
62118,2
62119,2
62120,2
62121,2
62122,2
62123,3
62124,3
62125,2
62126,2
62127,3
62128,2
62129,2
62130,3
62131,2
62132,3
62133,3
62134,3
62135,2
62136,2
62137,3
62138,3
62139,2
62140,2
62141,3
62142,2
62143,3
62144,2
62145,3
62146,2
62147,2
62148,2
62149,2
62150,2
62151,2
62152,2
62153,3
62154,2
62155,2
62156,2
62157,2
62158,2
62159,3
62160,3
62161,2
62162,2
62163,3
62164,3
62165,2
62166,2
62167,2
62168,3
62169,2
62170,3
62171,3
62172,3
62173,3
62174,3
62175,2
62176,3
62177,3
62178,3
62179,2
62180,3
62181,3
62182,2
62183,3
62184,3
62185,2
62186,3
62187,3
62188,1
62189,1
62190,1
62191,1
62192,1
62193,1
62194,1
62195,1
62196,1
62197,1
62198,1
62199,1
62200,3
62201,3
62202,3
62203,3
62204,3
62205,3
62206,3
62207,3
62208,3
62209,3
62210,3
62211,3
62212,3
62213,3
62214,3
62215,3
62216,2
62217,3
62218,2
62219,1
62220,1
62221,3
62222,3
62223,2
62224,2
62225,3
62226,3
62227,3
62228,3
62229,3
62230,2
62231,2
62232,3
62233,3
62234,2
62235,3
62236,3
62237,3
62238,3
62239,2
62240,2
62241,3
62242,3
62243,3
62244,3
62245,3
62246,3
62247,3
62248,2
62249,3
62250,3
62251,3
62252,3
62253,2
62254,2
62255,3
62256,3
62257,3
62258,2
62259,3
62260,3
62261,3
62262,3
62263,2
62264,2
62265,2
62266,2
62267,3
62268,3
62269,3
62270,2
62271,3
62272,2
62273,1
62274,3
62275,0
62276,2
62277,3
62278,3
62279,2
62280,3
62281,2
62282,2
62283,2
62284,1
62285,1
62286,1
62287,1
62288,3
62289,1
62290,1
62291,1
62292,1
62293,1
62294,1
62295,1
62296,1
62297,1
62298,1
62299,1
62300,1
62301,1
62302,1
62303,1
62304,1
62305,1
62306,1
62307,1
62308,1
62309,1
62310,3
62311,1
62312,1
62313,1
62314,1
62315,1
62316,1
62317,1
62318,2
62319,2
62320,2
62321,2
62322,2
62323,2
62324,2
62325,2
62326,1
62327,3
62328,3
62329,2
62330,2
62331,2
62332,2
62333,2
62334,2
62335,2
62336,2
62337,2
62338,2
62339,2
62340,2
62341,2
62342,2
62343,2
62344,2
62345,2
62346,2
62347,2
62348,2
62349,2
62350,2
62351,2
62352,2
62353,2
62354,1
62355,2
62356,2
62357,2
62358,2
62359,2
62360,2
62361,2
62362,1
62363,2
62364,2
62365,2
62366,2
62367,2
62368,2
62369,2
62370,1
62371,1
62372,1
62373,1
62374,1
62375,1
62376,1
62377,1
62378,2
62379,1
62380,1
62381,3
62382,2
62383,2
62384,1
62385,3
62386,1
62387,1
62388,1
62389,2
62390,2
62391,3
62392,3
62393,3
62394,1
62395,1
62396,3
62397,3
62398,3
62399,3
62400,3
62401,3
62402,2
62403,2
62404,2
62405,2
62406,2
62407,1
62408,1
62409,1
62410,1
62411,1
62412,1
62413,3
62414,1
62415,1
62416,1
62417,1
62418,1
62419,3
62420,3
62421,0
62422,3
62423,1
62424,1
62425,1
62426,1
62427,3
62428,3
62429,3
62430,3
62431,1
62432,1
62433,1
62434,3
62435,1
62436,1
62437,1
62438,1
62439,1
62440,1
62441,1
62442,1
62443,1
62444,1
62445,1
62446,1
62447,0
62448,3
62449,1
62450,3
62451,1
62452,0
62453,1
62454,1
62455,3
62456,3
62457,3
62458,1
62459,3
62460,3
62461,3
62462,3
62463,3
62464,3
62465,3
62466,3
62467,3
62468,3
62469,3
62470,3
62471,3
62472,3
62473,3
62474,3
62475,3
62476,2
62477,3
62478,2
62479,2
62480,3
62481,3
62482,3
62483,3
62484,3
62485,3
62486,2
62487,3
62488,3
62489,2
62490,2
62491,2
62492,3
62493,2
62494,3
62495,3
62496,3
62497,3
62498,3
62499,3
62500,3
62501,3
62502,3
62503,3
62504,3
62505,3
62506,2
62507,2
62508,2
62509,2
62510,2
62511,2
62512,3
62513,1
62514,1
62515,3
62516,3
62517,3
62518,3
62519,3
62520,3
62521,3
62522,3
62523,3
62524,3
62525,3
62526,3
62527,3
62528,3
62529,3
62530,1
62531,3
62532,3
62533,3
62534,3
62535,3
62536,1
62537,1
62538,1
62539,3
62540,3
62541,3
62542,3
62543,3
62544,1
62545,3
62546,3
62547,3
62548,3
62549,2
62550,0
62551,3
62552,3
62553,3
62554,3
62555,1
62556,1
62557,1
62558,1
62559,1
62560,1
62561,0
62562,2
62563,2
62564,3
62565,2
62566,0
62567,1
62568,1
62569,2
62570,2
62571,3
62572,2
62573,2
62574,2
62575,3
62576,3
62577,2
62578,2
62579,2
62580,3
62581,2
62582,2
62583,2
62584,2
62585,2
62586,2
62587,3
62588,2
62589,3
62590,2
62591,2
62592,3
62593,2
62594,2
62595,2
62596,2
62597,2
62598,2
62599,3
62600,2
62601,2
62602,2
62603,2
62604,2
62605,3
62606,2
62607,2
62608,3
62609,2
62610,2
62611,2
62612,2
62613,2
62614,2
62615,2
62616,2
62617,3
62618,3
62619,2
62620,2
62621,2
62622,2
62623,2
62624,2
62625,2
62626,3
62627,2
62628,2
62629,2
62630,3
62631,3
62632,1
62633,3
62634,3
62635,1
62636,3
62637,3
62638,3
62639,3
62640,3
62641,3
62642,3
62643,3
62644,2
62645,3
62646,2
62647,2
62648,3
62649,3
62650,3
62651,3
62652,3
62653,3
62654,0
62655,3
62656,3
62657,3
62658,2
62659,2
62660,3
62661,3
62662,2
62663,2
62664,2
62665,2
62666,2
62667,2
62668,2
62669,0
62670,2
62671,0
62672,0
62673,0
62674,0
62675,0
62676,0
62677,0
62678,0
62679,3
62680,3
62681,3
62682,2
62683,3
62684,3
62685,3
62686,2
62687,3
62688,3
62689,2
62690,3
62691,3
62692,3
62693,2
62694,3
62695,0
62696,3
62697,3
62698,3
62699,3
62700,2
62701,3
62702,2
62703,2
62704,3
62705,3
62706,3
62707,3
62708,2
62709,2
62710,3
62711,3
62712,3
62713,3
62714,2
62715,3
62716,2
62717,0
62718,3
62719,2
62720,2
62721,1
62722,3
62723,3
62724,3
62725,3
62726,3
62727,3
62728,3
62729,3
62730,3
62731,1
62732,1
62733,3
62734,3
62735,1
62736,3
62737,3
62738,3
62739,3
62740,2
62741,2
62742,3
62743,3
62744,3
62745,3
62746,3
62747,2
62748,3
62749,3
62750,3
62751,3
62752,3
62753,3
62754,3
62755,3
62756,0
62757,3
62758,1
62759,3
62760,2
62761,3
62762,3
62763,3
62764,3
62765,3
62766,3
62767,3
62768,3
62769,1
62770,1
62771,3
62772,3
62773,2
62774,2
62775,2
62776,2
62777,3
62778,3
62779,3
62780,3
62781,1
62782,3
62783,3
62784,0
62785,2
62786,2
62787,2
62788,2
62789,2
62790,3
62791,2
62792,2
62793,2
62794,2
62795,2
62796,2
62797,3
62798,2
62799,2
62800,3
62801,0
62802,2
62803,2
62804,2
62805,3
62806,3
62807,3
62808,3
62809,3
62810,3
62811,2
62812,2
62813,2
62814,2
62815,2
62816,3
62817,3
62818,3
62819,2
62820,3
62821,2
62822,3
62823,2
62824,2
62825,2
62826,2
62827,2
62828,2
62829,3
62830,1
62831,2
62832,3
62833,3
62834,3
62835,3
62836,2
62837,3
62838,3
62839,3
62840,2
62841,2
62842,2
62843,0
62844,2
62845,3
62846,2
62847,3
62848,3
62849,3
62850,2
62851,2
62852,2
62853,3
62854,3
62855,2
62856,2
62857,2
62858,3
62859,3
62860,3
62861,2
62862,2
62863,3
62864,3
62865,3
62866,3
62867,3
62868,3
62869,3
62870,3
62871,3
62872,2
62873,3
62874,3
62875,3
62876,2
62877,3
62878,0
62879,2
62880,2
62881,2
62882,2
62883,2
62884,2
62885,2
62886,2
62887,2
62888,2
62889,2
62890,3
62891,2
62892,3
62893,2
62894,2
62895,2
62896,2
62897,3
62898,2
62899,2
62900,3
62901,3
62902,3
62903,2
62904,3
62905,0
62906,3
62907,3
62908,3
62909,2
62910,0
62911,0
62912,3
62913,0
62914,0
62915,3
62916,3
62917,3
62918,3
62919,3
62920,3
62921,3
62922,3
62923,3
62924,3
62925,2
62926,2
62927,2
62928,2
62929,2
62930,2
62931,3
62932,3
62933,3
62934,3
62935,3
62936,2
62937,3
62938,1
62939,2
62940,2
62941,2
62942,3
62943,3
62944,2
62945,2
62946,2
62947,2
62948,2
62949,3
62950,3
62951,2
62952,0
62953,3
62954,3
62955,2
62956,2
62957,2
62958,2
62959,2
62960,3
62961,3
62962,2
62963,2
62964,2
62965,2
62966,2
62967,2
62968,2
62969,3
62970,3
62971,3
62972,2
62973,3
62974,3
62975,2
62976,2
62977,2
62978,2
62979,3
62980,3
62981,3
62982,3
62983,2
62984,3
62985,3
62986,3
62987,3
62988,3
62989,1
62990,2
62991,2
62992,2
62993,2
62994,2
62995,2
62996,2
62997,2
62998,2
62999,2
63000,2
63001,2
63002,2
63003,2
63004,2
63005,2
63006,2
63007,2
63008,2
63009,3
63010,2
63011,2
63012,2
63013,2
63014,2
63015,2
63016,2
63017,2
63018,3
63019,2
63020,2
63021,2
63022,2
63023,0
63024,3
63025,3
63026,0
63027,2
63028,2
63029,3
63030,3
63031,2
63032,2
63033,2
63034,2
63035,3
63036,2
63037,2
63038,2
63039,2
63040,2
63041,3
63042,2
63043,3
63044,3
63045,3
63046,3
63047,3
63048,3
63049,2
63050,3
63051,3
63052,2
63053,2
63054,3
63055,2
63056,3
63057,3
63058,2
63059,2
63060,2
63061,3
63062,3
63063,2
63064,2
63065,3
63066,2
63067,2
63068,2
63069,2
63070,2
63071,3
63072,2
63073,3
63074,3
63075,3
63076,3
63077,3
63078,2
63079,3
63080,3
63081,3
63082,3
63083,2
63084,3
63085,2
63086,2
63087,3
63088,3
63089,2
63090,3
63091,2
63092,3
63093,3
63094,3
63095,3
63096,3
63097,3
63098,2
63099,3
63100,3
63101,3
63102,3
63103,3
63104,3
63105,2
63106,2
63107,2
63108,3
63109,0
63110,2
63111,2
63112,3
63113,2
63114,2
63115,2
63116,2
63117,2
63118,2
63119,2
63120,2
63121,2
63122,2
63123,2
63124,2
63125,2
63126,2
63127,2
63128,2
63129,2
63130,2
63131,2
63132,2
63133,3
63134,2
63135,2
63136,2
63137,2
63138,2
63139,2
63140,2
63141,2
63142,2
63143,2
63144,2
63145,1
63146,2
63147,2
63148,3
63149,2
63150,3
63151,2
63152,2
63153,2
63154,2
63155,2
63156,2
63157,2
63158,2
63159,2
63160,2
63161,2
63162,2
63163,2
63164,2
63165,3
63166,2
63167,3
63168,3
63169,3
63170,2
63171,2
63172,2
63173,2
63174,3
63175,2
63176,3
63177,3
63178,3
63179,2
63180,3
63181,2
63182,2
63183,2
63184,3
63185,3
63186,3
63187,3
63188,3
63189,3
63190,2
63191,3
63192,3
63193,2
63194,3
63195,3
63196,3
63197,2
63198,3
63199,2
63200,2
63201,2
63202,2
63203,3
63204,2
63205,2
63206,3
63207,3
63208,2
63209,3
63210,2
63211,2
63212,2
63213,3
63214,2
63215,3
63216,2
63217,3
63218,3
63219,3
63220,3
63221,3
63222,3
63223,1
63224,2
63225,2
63226,2
63227,2
63228,2
63229,2
63230,2
63231,2
63232,2
63233,2
63234,2
63235,2
63236,2
63237,2
63238,2
63239,2
63240,2
63241,2
63242,2
63243,2
63244,2
63245,2
63246,2
63247,2
63248,3
63249,2
63250,3
63251,2
63252,2
63253,3
63254,2
63255,2
63256,2
63257,2
63258,2
63259,2
63260,3
63261,2
63262,2
63263,3
63264,2
63265,2
63266,3
63267,2
63268,2
63269,3
63270,2
63271,3
63272,2
63273,2
63274,2
63275,2
63276,2
63277,3
63278,3
63279,2
63280,2
63281,2
63282,2
63283,2
63284,2
63285,2
63286,2
63287,2
63288,2
63289,2
63290,2
63291,2
63292,3
63293,2
63294,2
63295,3
63296,3
63297,2
63298,2
63299,2
63300,2
63301,3
63302,3
63303,2
63304,2
63305,2
63306,3
63307,3
63308,3
63309,3
63310,3
63311,2
63312,3
63313,2
63314,2
63315,2
63316,2
63317,3
63318,3
63319,3
63320,3
63321,3
63322,3
63323,3
63324,3
63325,3
63326,3
63327,3
63328,3
63329,3
63330,2
63331,3
63332,2
63333,2
63334,3
63335,2
63336,3
63337,2
63338,3
63339,3
63340,3
63341,2
63342,2
63343,3
63344,3
63345,2
63346,2
63347,2
63348,3
63349,2
63350,3
63351,2
63352,2
63353,2
63354,2
63355,2
63356,3
63357,3
63358,2
63359,2
63360,2
63361,2
63362,2
63363,2
63364,2
63365,2
63366,2
63367,2
63368,2
63369,2
63370,2
63371,2
63372,2
63373,3
63374,2
63375,2
63376,2
63377,1
63378,2
63379,2
63380,2
63381,2
63382,2
63383,2
63384,2
63385,3
63386,3
63387,3
63388,1
63389,3
63390,1
63391,3
63392,3
63393,3
63394,3
63395,1
63396,1
63397,1
63398,1
63399,1
63400,1
63401,1
63402,1
63403,1
63404,1
63405,3
63406,3
63407,3
63408,3
63409,2
63410,2
63411,1
63412,2
63413,3
63414,3
63415,3
63416,3
63417,3
63418,2
63419,3
63420,3
63421,3
63422,2
63423,2
63424,2
63425,3
63426,3
63427,3
63428,2
63429,3
63430,3
63431,3
63432,3
63433,3
63434,3
63435,3
63436,3
63437,3
63438,3
63439,2
63440,2
63441,2
63442,2
63443,3
63444,1
63445,1
63446,2
63447,2
63448,2
63449,2
63450,2
63451,2
63452,3
63453,2
63454,2
63455,2
63456,2
63457,2
63458,2
63459,3
63460,2
63461,2
63462,3
63463,3
63464,2
63465,3
63466,3
63467,2
63468,3
63469,2
63470,3
63471,3
63472,3
63473,2
63474,2
63475,3
63476,3
63477,3
63478,3
63479,3
63480,2
63481,2
63482,3
63483,2
63484,2
63485,3
63486,3
63487,3
63488,2
63489,2
63490,2
63491,3
63492,2
63493,2
63494,2
63495,2
63496,2
63497,2
63498,2
63499,3
63500,2
63501,2
63502,3
63503,2
63504,2
63505,2
63506,2
63507,1
63508,2
63509,1
63510,3
63511,3
63512,2
63513,3
63514,2
63515,3
63516,2
63517,2
63518,2
63519,2
63520,2
63521,2
63522,2
63523,2
63524,2
63525,2
63526,2
63527,3
63528,3
63529,3
63530,2
63531,2
63532,3
63533,2
63534,2
63535,3
63536,3
63537,2
63538,2
63539,3
63540,2
63541,3
63542,2
63543,2
63544,2
63545,2
63546,2
63547,2
63548,2
63549,2
63550,2
63551,2
63552,2
63553,2
63554,3
63555,2
63556,2
63557,3
63558,3
63559,2
63560,3
63561,2
63562,2
63563,2
63564,2
63565,2
63566,2
63567,3
63568,2
63569,2
63570,2
63571,3
63572,2
63573,2
63574,2
63575,3
63576,3
63577,2
63578,3
63579,2
63580,2
63581,2
63582,2
63583,2
63584,3
63585,2
63586,2
63587,3
63588,3
63589,3
63590,2
63591,2
63592,2
63593,3
63594,2
63595,3
63596,2
63597,2
63598,2
63599,2
63600,2
63601,3
63602,2
63603,2
63604,3
63605,2
63606,2
63607,2
63608,2
63609,3
63610,2
63611,2
63612,3
63613,3
63614,2
63615,3
63616,2
63617,2
63618,3
63619,2
63620,2
63621,2
63622,2
63623,3
63624,2
63625,2
63626,3
63627,2
63628,2
63629,2
63630,2
63631,2
63632,2
63633,2
63634,2
63635,3
63636,3
63637,2
63638,2
63639,2
63640,2
63641,2
63642,3
63643,2
63644,2
63645,2
63646,2
63647,2
63648,2
63649,2
63650,2
63651,2
63652,2
63653,3
63654,3
63655,2
63656,2
63657,2
63658,2
63659,2
63660,2
63661,2
63662,2
63663,2
63664,3
63665,2
63666,2
63667,2
63668,3
63669,2
63670,3
63671,3
63672,3
63673,2
63674,2
63675,2
63676,2
63677,2
63678,3
63679,2
63680,2
63681,2
63682,2
63683,2
63684,2
63685,2
63686,2
63687,3
63688,3
63689,2
63690,2
63691,2
63692,2
63693,2
63694,3
63695,3
63696,2
63697,3
63698,3
63699,2
63700,2
63701,2
63702,2
63703,2
63704,3
63705,2
63706,2
63707,2
63708,2
63709,2
63710,2
63711,2
63712,3
63713,2
63714,2
63715,2
63716,2
63717,2
63718,2
63719,2
63720,2
63721,2
63722,2
63723,2
63724,3
63725,2
63726,2
63727,3
63728,2
63729,2
63730,3
63731,2
63732,2
63733,2
63734,2
63735,2
63736,2
63737,3
63738,2
63739,2
63740,2
63741,2
63742,2
63743,2
63744,2
63745,2
63746,2
63747,2
63748,2
63749,2
63750,2
63751,2
63752,2
63753,3
63754,3
63755,2
63756,2
63757,2
63758,2
63759,2
63760,2
63761,2
63762,2
63763,2
63764,2
63765,2
63766,3
63767,2
63768,2
63769,3
63770,3
63771,1
63772,1
63773,3
63774,3
63775,3
63776,2
63777,2
63778,3
63779,3
63780,1
63781,1
63782,0
63783,3
63784,2
63785,2
63786,2
63787,2
63788,2
63789,2
63790,2
63791,2
63792,2
63793,2
63794,3
63795,2
63796,2
63797,2
63798,2
63799,2
63800,2
63801,2
63802,2
63803,2
63804,2
63805,2
63806,3
63807,2
63808,2
63809,1
63810,2
63811,2
63812,2
63813,2
63814,3
63815,3
63816,3
63817,2
63818,3
63819,2
63820,3
63821,2
63822,3
63823,2
63824,2
63825,3
63826,3
63827,2
63828,2
63829,3
63830,2
63831,3
63832,2
63833,3
63834,2
63835,2
63836,2
63837,3
63838,2
63839,2
63840,2
63841,2
63842,2
63843,2
63844,2
63845,2
63846,2
63847,2
63848,2
63849,3
63850,2
63851,2
63852,2
63853,2
63854,2
63855,3
63856,2
63857,2
63858,2
63859,2
63860,2
63861,2
63862,2
63863,2
63864,2
63865,2
63866,2
63867,2
63868,2
63869,2
63870,2
63871,2
63872,2
63873,0
63874,3
63875,2
63876,2
63877,2
63878,2
63879,2
63880,0
63881,2
63882,2
63883,2
63884,2
63885,2
63886,2
63887,3
63888,2
63889,3
63890,2
63891,2
63892,2
63893,2
63894,2
63895,0
63896,0
63897,3
63898,0
63899,2
63900,2
63901,2
63902,0
63903,3
63904,3
63905,0
63906,3
63907,2
63908,3
63909,2
63910,2
63911,2
63912,0
63913,2
63914,2
63915,2
63916,2
63917,2
63918,2
63919,2
63920,2
63921,2
63922,3
63923,1
63924,3
63925,3
63926,3
63927,3
63928,2
63929,2
63930,2
63931,2
63932,2
63933,2
63934,2
63935,2
63936,2
63937,2
63938,1
63939,2
63940,3
63941,2
63942,2
63943,2
63944,2
63945,2
63946,2
63947,2
63948,3
63949,2
63950,2
63951,2
63952,2
63953,2
63954,2
63955,2
63956,2
63957,2
63958,2
63959,2
63960,0
63961,0
63962,3
63963,2
63964,1
63965,3
63966,2
63967,3
63968,3
63969,3
63970,3
63971,2
63972,2
63973,2
63974,2
63975,3
63976,2
63977,2
63978,2
63979,2
63980,2
63981,2
63982,2
63983,3
63984,3
63985,3
63986,2
63987,3
63988,3
63989,2
63990,2
63991,2
63992,2
63993,3
63994,0
63995,3
63996,3
63997,3
63998,3
63999,3
64000,0
64001,0
64002,0
64003,3
64004,3
64005,2
64006,2
64007,2
64008,2
64009,2
64010,2
64011,2
64012,2
64013,2
64014,2
64015,2
64016,2
64017,2
64018,2
64019,2
64020,2
64021,2
64022,2
64023,2
64024,2
64025,3
64026,2
64027,2
64028,2
64029,2
64030,2
64031,2
64032,3
64033,2
64034,2
64035,2
64036,3
64037,3
64038,3
64039,2
64040,2
64041,2
64042,3
64043,3
64044,3
64045,3
64046,2
64047,2
64048,3
64049,2
64050,3
64051,3
64052,2
64053,3
64054,2
64055,3
64056,3
64057,3
64058,3
64059,3
64060,3
64061,3
64062,3
64063,3
64064,3
64065,1
64066,1
64067,1
64068,1
64069,1
64070,1
64071,1
64072,2
64073,3
64074,2
64075,3
64076,2
64077,3
64078,3
64079,3
64080,3
64081,3
64082,3
64083,3
64084,3
64085,2
64086,3
64087,3
64088,3
64089,3
64090,3
64091,3
64092,2
64093,2
64094,2
64095,3
64096,3
64097,2
64098,3
64099,2
64100,2
64101,2
64102,2
64103,0
64104,2
64105,2
64106,2
64107,2
64108,2
64109,2
64110,2
64111,2
64112,2
64113,2
64114,2
64115,2
64116,2
64117,2
64118,2
64119,2
64120,2
64121,2
64122,2
64123,2
64124,2
64125,2
64126,2
64127,2
64128,2
64129,2
64130,2
64131,2
64132,2
64133,2
64134,2
64135,2
64136,2
64137,2
64138,3
64139,1
64140,2
64141,2
64142,2
64143,3
64144,2
64145,3
64146,3
64147,2
64148,3
64149,3
64150,3
64151,2
64152,3
64153,2
64154,2
64155,2
64156,3
64157,2
64158,3
64159,3
64160,2
64161,2
64162,2
64163,3
64164,2
64165,2
64166,2
64167,3
64168,2
64169,2
64170,2
64171,2
64172,3
64173,2
64174,2
64175,2
64176,2
64177,2
64178,2
64179,2
64180,2
64181,2
64182,2
64183,2
64184,2
64185,2
64186,2
64187,2
64188,2
64189,2
64190,3
64191,2
64192,2
64193,2
64194,2
64195,2
64196,2
64197,2
64198,2
64199,2
64200,2
64201,2
64202,2
64203,2
64204,2
64205,2
64206,2
64207,2
64208,2
64209,2
64210,2
64211,2
64212,2
64213,2
64214,3
64215,2
64216,2
64217,2
64218,2
64219,3
64220,2
64221,2
64222,3
64223,2
64224,2
64225,2
64226,2
64227,2
64228,2
64229,2
64230,2
64231,2
64232,2
64233,2
64234,2
64235,2
64236,2
64237,2
64238,2
64239,2
64240,2
64241,2
64242,2
64243,2
64244,0
64245,2
64246,2
64247,2
64248,2
64249,2
64250,2
64251,3
64252,2
64253,3
64254,2
64255,3
64256,2
64257,2
64258,2
64259,2
64260,2
64261,2
64262,2
64263,2
64264,2
64265,2
64266,2
64267,2
64268,2
64269,2
64270,2
64271,2
64272,2
64273,2
64274,2
64275,2
64276,2
64277,2
64278,2
64279,2
64280,2
64281,2
64282,2
64283,2
64284,2
64285,2
64286,2
64287,2
64288,2
64289,2
64290,2
64291,3
64292,2
64293,2
64294,2
64295,2
64296,2
64297,2
64298,2
64299,2
64300,2
64301,2
64302,2
64303,2
64304,2
64305,2
64306,2
64307,0
64308,2
64309,2
64310,3
64311,2
64312,2
64313,2
64314,2
64315,2
64316,2
64317,2
64318,2
64319,3
64320,2
64321,2
64322,2
64323,2
64324,2
64325,2
64326,2
64327,2
64328,2
64329,2
64330,2
64331,2
64332,2
64333,2
64334,2
64335,2
64336,2
64337,2
64338,2
64339,3
64340,2
64341,2
64342,2
64343,2
64344,2
64345,2
64346,2
64347,2
64348,2
64349,2
64350,2
64351,2
64352,2
64353,3
64354,2
64355,2
64356,2
64357,2
64358,2
64359,2
64360,2
64361,2
64362,2
64363,2
64364,3
64365,2
64366,2
64367,2
64368,2
64369,2
64370,2
64371,2
64372,2
64373,2
64374,2
64375,2
64376,2
64377,2
64378,2
64379,2
64380,2
64381,2
64382,2
64383,2
64384,2
64385,2
64386,2
64387,2
64388,2
64389,2
64390,2
64391,2
64392,2
64393,2
64394,2
64395,2
64396,2
64397,2
64398,2
64399,2
64400,2
64401,2
64402,2
64403,2
64404,2
64405,2
64406,2
64407,2
64408,3
64409,2
64410,2
64411,2
64412,2
64413,2
64414,2
64415,2
64416,2
64417,2
64418,2
64419,2
64420,2
64421,2
64422,2
64423,2
64424,2
64425,2
64426,2
64427,2
64428,2
64429,2
64430,3
64431,3
64432,3
64433,3
64434,0
64435,2
64436,3
64437,3
64438,2
64439,2
64440,3
64441,2
64442,3
64443,2
64444,2
64445,2
64446,3
64447,2
64448,3
64449,2
64450,2
64451,3
64452,2
64453,3
64454,2
64455,2
64456,2
64457,2
64458,2
64459,2
64460,2
64461,2
64462,2
64463,2
64464,2
64465,2
64466,2
64467,2
64468,2
64469,2
64470,2
64471,2
64472,2
64473,2
64474,2
64475,2
64476,2
64477,3
64478,2
64479,2
64480,2
64481,2
64482,2
64483,2
64484,2
64485,2
64486,2
64487,2
64488,3
64489,2
64490,2
64491,3
64492,2
64493,2
64494,2
64495,2
64496,2
64497,2
64498,2
64499,2
64500,2
64501,2
64502,2
64503,2
64504,2
64505,2
64506,2
64507,2
64508,2
64509,2
64510,2
64511,2
64512,2
64513,2
64514,2
64515,3
64516,2
64517,2
64518,2
64519,2
64520,3
64521,2
64522,2
64523,3
64524,2
64525,3
64526,2
64527,3
64528,2
64529,2
64530,2
64531,2
64532,2
64533,2
64534,2
64535,2
64536,2
64537,2
64538,2
64539,2
64540,2
64541,2
64542,2
64543,2
64544,2
64545,2
64546,2
64547,2
64548,2
64549,2
64550,1
64551,2
64552,2
64553,2
64554,2
64555,2
64556,2
64557,2
64558,2
64559,2
64560,2
64561,2
64562,2
64563,2
64564,2
64565,2
64566,2
64567,2
64568,2
64569,2
64570,2
64571,3
64572,2
64573,3
64574,2
64575,2
64576,3
64577,2
64578,2
64579,3
64580,2
64581,2
64582,2
64583,3
64584,2
64585,3
64586,3
64587,2
64588,2
64589,2
64590,2
64591,2
64592,3
64593,2
64594,2
64595,2
64596,2
64597,2
64598,2
64599,3
64600,2
64601,3
64602,3
64603,2
64604,3
64605,2
64606,2
64607,2
64608,2
64609,2
64610,2
64611,2
64612,2
64613,2
64614,2
64615,2
64616,2
64617,2
64618,2
64619,2
64620,2
64621,2
64622,2
64623,2
64624,2
64625,2
64626,2
64627,2
64628,2
64629,2
64630,2
64631,2
64632,2
64633,2
64634,2
64635,2
64636,2
64637,2
64638,2
64639,2
64640,2
64641,2
64642,2
64643,2
64644,2
64645,2
64646,2
64647,2
64648,2
64649,2
64650,2
64651,2
64652,2
64653,2
64654,2
64655,2
64656,2
64657,2
64658,2
64659,2
64660,2
64661,2
64662,2
64663,2
64664,2
64665,3
64666,2
64667,2
64668,2
64669,2
64670,2
64671,2
64672,2
64673,0
64674,3
64675,2
64676,2
64677,2
64678,2
64679,0
64680,2
64681,2
64682,2
64683,2
64684,2
64685,2
64686,2
64687,2
64688,2
64689,2
64690,2
64691,0
64692,2
64693,2
64694,2
64695,2
64696,2
64697,2
64698,0
64699,2
64700,2
64701,2
64702,2
64703,2
64704,3
64705,2
64706,2
64707,2
64708,3
64709,2
64710,2
64711,3
64712,0
64713,3
64714,3
64715,2
64716,3
64717,3
64718,2
64719,2
64720,2
64721,2
64722,3
64723,3
64724,2
64725,3
64726,3
64727,2
64728,2
64729,2
64730,3
64731,2
64732,2
64733,2
64734,2
64735,2
64736,2
64737,0
64738,2
64739,2
64740,2
64741,2
64742,0
64743,2
64744,2
64745,2
64746,2
64747,2
64748,2
64749,2
64750,2
64751,2
64752,2
64753,2
64754,2
64755,3
64756,2
64757,3
64758,3
64759,3
64760,3
64761,3
64762,3
64763,3
64764,3
64765,2
64766,3
64767,3
64768,3
64769,3
64770,3
64771,3
64772,3
64773,3
64774,3
64775,3
64776,3
64777,3
64778,3
64779,3
64780,3
64781,3
64782,3
64783,3
64784,3
64785,3
64786,3
64787,3
64788,3
64789,3
64790,3
64791,2
64792,3
64793,3
64794,3
64795,3
64796,3
64797,3
64798,3
64799,3
64800,3
64801,3
64802,3
64803,3
64804,3
64805,3
64806,3
64807,3
64808,3
64809,3
64810,3
64811,3
64812,3
64813,3
64814,3
64815,3
64816,3
64817,2
64818,2
64819,2
64820,2
64821,3
64822,3
64823,3
64824,3
64825,3
64826,3
64827,3
64828,3
64829,3
64830,3
64831,3
64832,3
64833,3
64834,2
64835,3
64836,3
64837,3
64838,3
64839,2
64840,3
64841,2
64842,3
64843,3
64844,3
64845,3
64846,3
64847,3
64848,3
64849,3
64850,3
64851,3
64852,3
64853,3
64854,2
64855,3
64856,2
64857,3
64858,3
64859,3
64860,3
64861,3
64862,3
64863,3
64864,3
64865,3
64866,3
64867,3
64868,3
64869,3
64870,3
64871,2
64872,3
64873,3
64874,3
64875,3
64876,3
64877,2
64878,2
64879,3
64880,2
64881,3
64882,2
64883,2
64884,2
64885,2
64886,2
64887,2
64888,2
64889,2
64890,2
64891,2
64892,2
64893,2
64894,2
64895,2
64896,2
64897,2
64898,2
64899,2
64900,2
64901,2
64902,2
64903,2
64904,2
64905,2
64906,2
64907,3
64908,3
64909,2
64910,2
64911,2
64912,2
64913,2
64914,2
64915,2
64916,3
64917,3
64918,3
64919,3
64920,3
64921,3
64922,3
64923,3
64924,3
64925,3
64926,3
64927,3
64928,3
64929,3
64930,3
64931,3
64932,3
64933,3
64934,3
64935,3
64936,3
64937,3
64938,3
64939,3
64940,3
64941,3
64942,3
64943,3
64944,3
64945,3
64946,3
64947,3
64948,3
64949,3
64950,3
64951,3
64952,3
64953,3
64954,3
64955,1
64956,3
64957,3
64958,3
64959,3
64960,3
64961,3
64962,3
64963,1
64964,1
64965,1
64966,1
64967,1
64968,1
64969,1
64970,3
64971,3
64972,3
64973,3
64974,3
64975,3
64976,3
64977,3
64978,2
64979,0
64980,3
64981,3
64982,3
64983,3
64984,3
64985,3
64986,3
64987,3
64988,3
64989,3
64990,3
64991,3
64992,3
64993,3
64994,3
64995,1
64996,3
64997,3
64998,3
64999,3
65000,3
65001,3
65002,3
65003,3
65004,3
65005,3
65006,3
65007,3
65008,2
65009,3
65010,3
65011,3
65012,3
65013,3
65014,2
65015,2
65016,2
65017,3
65018,2
65019,1
65020,3
65021,3
65022,3
65023,3
65024,3
65025,3
65026,3
65027,3
65028,3
65029,3
65030,3
65031,3
65032,3
65033,3
65034,3
65035,3
65036,3
65037,3
65038,3
65039,3
65040,3
65041,3
65042,3
65043,3
65044,3
65045,3
65046,3
65047,3
65048,3
65049,3
65050,3
65051,3
65052,3
65053,3
65054,2
65055,3
65056,3
65057,3
65058,2
65059,3
65060,3
65061,2
65062,3
65063,3
65064,3
65065,3
65066,3
65067,3
65068,3
65069,3
65070,3
65071,3
65072,3
65073,3
65074,3
65075,3
65076,3
65077,3
65078,3
65079,3
65080,3
65081,3
65082,3
65083,3
65084,3
65085,3
65086,3
65087,3
65088,3
65089,3
65090,3
65091,3
65092,3
65093,3
65094,3
65095,3
65096,3
65097,3
65098,2
65099,3
65100,3
65101,2
65102,3
65103,3
65104,2
65105,2
65106,2
65107,2
65108,2
65109,3
65110,3
65111,3
65112,2
65113,2
65114,2
65115,2
65116,3
65117,2
65118,3
65119,3
65120,3
65121,3
65122,3
65123,1
65124,3
65125,3
65126,3
65127,3
65128,3
65129,2
65130,2
65131,2
65132,2
65133,2
65134,2
65135,3
65136,3
65137,3
65138,3
65139,3
65140,3
65141,3
65142,3
65143,3
65144,3
65145,2
65146,3
65147,2
65148,2
65149,3
65150,2
65151,2
65152,2
65153,2
65154,3
65155,3
65156,3
65157,3
65158,3
65159,3
65160,3
65161,3
65162,3
65163,3
65164,3
65165,3
65166,3
65167,3
65168,3
65169,3
65170,3
65171,3
65172,3
65173,3
65174,2
65175,3
65176,2
65177,3
65178,3
65179,3
65180,3
65181,2
65182,3
65183,3
65184,3
65185,3
65186,3
65187,2
65188,3
65189,3
65190,3
65191,2
65192,3
65193,3
65194,2
65195,3
65196,3
65197,3
65198,3
65199,3
65200,3
65201,2
65202,2
65203,3
65204,2
65205,2
65206,3
65207,3
65208,3
65209,2
65210,2
65211,3
65212,3
65213,3
65214,3
65215,3
65216,3
65217,3
65218,3
65219,3
65220,3
65221,3
65222,2
65223,2
65224,3
65225,3
65226,3
65227,2
65228,2
65229,3
65230,3
65231,3
65232,3
65233,3
65234,3
65235,3
65236,2
65237,3
65238,3
65239,3
65240,3
65241,2
65242,3
65243,3
65244,3
65245,3
65246,3
65247,2
65248,3
65249,3
65250,3
65251,3
65252,3
65253,2
65254,1
65255,3
65256,3
65257,3
65258,3
65259,3
65260,3
65261,3
65262,3
65263,3
65264,3
65265,2
65266,3
65267,3
65268,3
65269,3
65270,3
65271,3
65272,3
65273,3
65274,3
65275,3
65276,3
65277,3
65278,3
65279,3
65280,3
65281,3
65282,3
65283,3
65284,3
65285,3
65286,3
65287,3
65288,3
65289,3
65290,3
65291,3
65292,3
65293,3
65294,3
65295,3
65296,3
65297,3
65298,3
65299,3
65300,3
65301,3
65302,3
65303,3
65304,3
65305,3
65306,3
65307,3
65308,3
65309,2
65310,3
65311,3
65312,3
65313,3
65314,3
65315,3
65316,3
65317,3
65318,3
65319,3
65320,3
65321,3
65322,3
65323,3
65324,3
65325,3
65326,3
65327,3
65328,3
65329,3
65330,3
65331,3
65332,3
65333,3
65334,3
65335,3
65336,3
65337,3
65338,3
65339,3
65340,3
65341,3
65342,3
65343,3
65344,3
65345,3
65346,3
65347,3
65348,3
65349,3
65350,3
65351,3
65352,3
65353,3
65354,3
65355,3
65356,3
65357,3
65358,3
65359,3
65360,3
65361,3
65362,3
65363,3
65364,3
65365,3
65366,3
65367,3
65368,3
65369,3
65370,3
65371,3
65372,3
65373,3
65374,3
65375,3
65376,3
65377,3
65378,3
65379,3
65380,3
65381,3
65382,1
65383,3
65384,1
65385,1
65386,1
65387,3
65388,3
65389,1
65390,3
65391,3
65392,3
65393,3
65394,3
65395,3
65396,3
65397,2
65398,2
65399,2
65400,3
65401,2
65402,2
65403,3
65404,2
65405,3
65406,3
65407,3
65408,3
65409,3
65410,3
65411,3
65412,3
65413,3
65414,2
65415,3
65416,2
65417,2
65418,3
65419,3
65420,3
65421,3
65422,3
65423,3
65424,2
65425,2
65426,2
65427,2
65428,2
65429,2
65430,3
65431,2
65432,2
65433,2
65434,2
65435,2
65436,2
65437,2
65438,2
65439,2
65440,2
65441,3
65442,3
65443,3
65444,3
65445,2
65446,2
65447,3
65448,2
65449,3
65450,2
65451,3
65452,3
65453,3
65454,3
65455,3
65456,2
65457,3
65458,3
65459,3
65460,3
65461,3
65462,3
65463,2
65464,3
65465,2
65466,3
65467,3
65468,3
65469,3
65470,3
65471,3
65472,3
65473,3
65474,3
65475,3
65476,3
65477,3
65478,2
65479,3
65480,3
65481,2
65482,3
65483,3
65484,3
65485,3
65486,3
65487,3
65488,3
65489,3
65490,3
65491,3
65492,3
65493,3
65494,3
65495,3
65496,3
65497,2
65498,3
65499,3
65500,3
65501,3
65502,3
65503,3
65504,3
65505,3
65506,3
65507,3
65508,3
65509,3
65510,3
65511,3
65512,3
65513,3
65514,3
65515,3
65516,3
65517,2
65518,3
65519,3
65520,3
65521,3
65522,3
65523,3
65524,3
65525,3
65526,3
65527,3
65528,3
65529,3
65530,2
65531,2
65532,3
65533,2
65534,2
65535,3
65536,3
65537,2
65538,3
65539,2
65540,3
65541,3
65542,3
65543,3
65544,3
65545,3
65546,3
65547,3
65548,3
65549,3
65550,2
65551,2
65552,3
65553,3
65554,2
65555,2
65556,3
65557,3
65558,3
65559,2
65560,3
65561,2
65562,3
65563,3
65564,3
65565,2
65566,3
65567,3
65568,3
65569,3
65570,2
65571,3
65572,3
65573,2
65574,3
65575,2
65576,2
65577,2
65578,2
65579,2
65580,2
65581,2
65582,3
65583,3
65584,3
65585,3
65586,3
65587,3
65588,1
65589,3
65590,3
65591,3
65592,3
65593,3
65594,3
65595,3
65596,3
65597,2
65598,2
65599,3
65600,2
65601,1
65602,3
65603,3
65604,2
65605,3
65606,2
65607,3
65608,3
65609,3
65610,2
65611,2
65612,3
65613,3
65614,3
65615,3
65616,3
65617,3
65618,3
65619,3
65620,3
65621,3
65622,3
65623,3
65624,3
65625,3
65626,2
65627,3
65628,3
65629,3
65630,3
65631,3
65632,3
65633,3
65634,3
65635,3
65636,3
65637,3
65638,3
65639,3
65640,3
65641,3
65642,3
65643,3
65644,3
65645,3
65646,3
65647,3
65648,3
65649,3
65650,3
65651,3
65652,3
65653,3
65654,3
65655,3
65656,3
65657,3
65658,3
65659,3
65660,3
65661,3
65662,3
65663,3
65664,3
65665,3
65666,3
65667,3
65668,3
65669,3
65670,3
65671,3
65672,3
65673,3
65674,3
65675,3
65676,3
65677,3
65678,3
65679,2
65680,2
65681,2
65682,3
65683,2
65684,2
65685,2
65686,3
65687,3
65688,3
65689,3
65690,3
65691,3
65692,3
65693,3
65694,3
65695,3
65696,3
65697,3
65698,3
65699,3
65700,3
65701,3
65702,2
65703,3
65704,3
65705,3
65706,3
65707,3
65708,3
65709,3
65710,3
65711,3
65712,3
65713,3
65714,3
65715,3
65716,2
65717,2
65718,2
65719,2
65720,2
65721,3
65722,3
65723,3
65724,3
65725,3
65726,3
65727,3
65728,2
65729,3
65730,3
65731,3
65732,3
65733,3
65734,3
65735,3
65736,3
65737,3
65738,3
65739,3
65740,3
65741,3
65742,3
65743,2
65744,3
65745,3
65746,3
65747,3
65748,3
65749,3
65750,3
65751,3
65752,3
65753,3
65754,3
65755,3
65756,2
65757,3
65758,3
65759,3
65760,3
65761,3
65762,3
65763,3
65764,3
65765,3
65766,3
65767,3
65768,3
65769,3
65770,3
65771,3
65772,3
65773,3
65774,3
65775,3
65776,3
65777,3
65778,2
65779,3
65780,3
65781,3
65782,3
65783,3
65784,3
65785,3
65786,2
65787,2
65788,3
65789,3
65790,3
65791,3
65792,3
65793,3
65794,2
65795,3
65796,2
65797,3
65798,3
65799,2
65800,2
65801,3
65802,2
65803,2
65804,3
65805,2
65806,3
65807,3
65808,3
65809,3
65810,3
65811,3
65812,3
65813,3
65814,3
65815,3
65816,3
65817,3
65818,3
65819,3
65820,3
65821,3
65822,3
65823,3
65824,3
65825,3
65826,3
65827,3
65828,3
65829,3
65830,3
65831,3
65832,3
65833,3
65834,3
65835,3
65836,3
65837,3
65838,3
65839,3
65840,3
65841,3
65842,3
65843,3
65844,3
65845,3
65846,3
65847,3
65848,3
65849,3
65850,3
65851,3
65852,3
65853,3
65854,3
65855,3
65856,3
65857,3
65858,3
65859,3
65860,3
65861,3
65862,3
65863,3
65864,3
65865,3
65866,3
65867,3
65868,3
65869,3
65870,3
65871,3
65872,3
65873,3
65874,3
65875,3
65876,3
65877,3
65878,3
65879,3
65880,3
65881,3
65882,3
65883,3
65884,3
65885,3
65886,3
65887,3
65888,3
65889,3
65890,3
65891,3
65892,3
65893,3
65894,3
65895,3
65896,3
65897,3
65898,2
65899,3
65900,3
65901,3
65902,3
65903,3
65904,3
65905,3
65906,3
65907,3
65908,3
65909,3
65910,3
65911,3
65912,2
65913,3
65914,3
65915,3
65916,3
65917,3
65918,3
65919,3
65920,3
65921,3
65922,3
65923,3
65924,3
65925,3
65926,3
65927,2
65928,3
65929,2
65930,3
65931,3
65932,3
65933,3
65934,3
65935,3
65936,3
65937,3
65938,3
65939,3
65940,3
65941,3
65942,3
65943,2
65944,3
65945,3
65946,3
65947,3
65948,3
65949,3
65950,3
65951,3
65952,3
65953,3
65954,3
65955,3
65956,3
65957,3
65958,3
65959,3
65960,3
65961,3
65962,3
65963,3
65964,3
65965,3
65966,3
65967,3
65968,3
65969,3
65970,3
65971,3
65972,3
65973,3
65974,3
65975,3
65976,2
65977,3
65978,3
65979,3
65980,3
65981,3
65982,3
65983,3
65984,3
65985,3
65986,3
65987,3
65988,3
65989,3
65990,3
65991,3
65992,3
65993,3
65994,3
65995,3
65996,3
65997,3
65998,3
65999,3
66000,3
66001,3
66002,3
66003,3
66004,3
66005,3
66006,3
66007,3
66008,3
66009,3
66010,3
66011,3
66012,3
66013,3
66014,3
66015,3
66016,3
66017,3
66018,3
66019,3
66020,3
66021,3
66022,3
66023,3
66024,3
66025,3
66026,3
66027,3
66028,3
66029,3
66030,3
66031,3
66032,3
66033,3
66034,3
66035,3
66036,3
66037,2
66038,3
66039,2
66040,2
66041,3
66042,3
66043,2
66044,3
66045,2
66046,3
66047,3
66048,2
66049,3
66050,2
66051,3
66052,3
66053,3
66054,3
66055,3
66056,3
66057,3
66058,3
66059,3
66060,3
66061,3
66062,3
66063,3
66064,3
66065,3
66066,3
66067,3
66068,3
66069,2
66070,2
66071,3
66072,2
66073,3
66074,2
66075,2
66076,2
66077,2
66078,2
66079,3
66080,3
66081,3
66082,3
66083,3
66084,3
66085,3
66086,3
66087,3
66088,3
66089,3
66090,3
66091,3
66092,3
66093,3
66094,3
66095,3
66096,3
66097,3
66098,3
66099,3
66100,3
66101,3
66102,3
66103,3
66104,3
66105,3
66106,3
66107,3
66108,3
66109,3
66110,3
66111,3
66112,3
66113,3
66114,3
66115,3
66116,3
66117,3
66118,3
66119,3
66120,3
66121,3
66122,2
66123,2
66124,3
66125,3
66126,3
66127,3
66128,3
66129,3
66130,3
66131,3
66132,3
66133,3
66134,3
66135,3
66136,3
66137,3
66138,3
66139,3
66140,3
66141,3
66142,3
66143,3
66144,3
66145,3
66146,3
66147,3
66148,3
66149,3
66150,3
66151,3
66152,2
66153,3
66154,3
66155,3
66156,3
66157,3
66158,3
66159,3
66160,3
66161,3
66162,3
66163,3
66164,3
66165,3
66166,3
66167,3
66168,3
66169,3
66170,3
66171,3
66172,3
66173,3
66174,3
66175,3
66176,3
66177,3
66178,3
66179,3
66180,3
66181,3
66182,3
66183,3
66184,3
66185,3
66186,3
66187,3
66188,3
66189,3
66190,3
66191,3
66192,3
66193,3
66194,3
66195,3
66196,1
66197,3
66198,3
66199,3
66200,3
66201,3
66202,3
66203,3
66204,3
66205,3
66206,3
66207,3
66208,3
66209,3
66210,3
66211,3
66212,3
66213,3
66214,3
66215,3
66216,3
66217,3
66218,3
66219,3
66220,3
66221,3
66222,3
66223,3
66224,3
66225,0
66226,3
66227,3
66228,3
66229,3
66230,3
66231,0
66232,3
66233,3
66234,3
66235,0
66236,3
66237,0
66238,3
66239,3
66240,3
66241,3
66242,0
66243,3
66244,0
66245,0
66246,3
66247,0
66248,0
66249,3
66250,3
66251,3
66252,3
66253,3
66254,3
66255,3
66256,0
66257,0
66258,0
66259,3
66260,3
66261,3
66262,3
66263,3
66264,3
66265,3
66266,0
66267,0
66268,0
66269,0
66270,3
66271,3
66272,3
66273,3
66274,3
66275,3
66276,3
66277,1
66278,3
66279,3
66280,3
66281,3
66282,3
66283,3
66284,3
66285,3
66286,3
66287,3
66288,3
66289,3
66290,3
66291,3
66292,0
66293,3
66294,3
66295,3
66296,3
66297,3
66298,3
66299,3
66300,3
66301,3
66302,3
66303,3
66304,3
66305,3
66306,3
66307,3
66308,3
66309,3
66310,3
66311,3
66312,3
66313,3
66314,0
66315,0
66316,3
66317,3
66318,3
66319,3
66320,3
66321,3
66322,3
66323,3
66324,0
66325,3
66326,3
66327,3
66328,3
66329,3
66330,0
66331,3
66332,3
66333,0
66334,3
66335,0
66336,3
66337,3
66338,3
66339,3
66340,0
66341,3
66342,3
66343,3
66344,3
66345,3
66346,0
66347,3
66348,3
66349,1
66350,3
66351,0
66352,3
66353,0
66354,0
66355,3
66356,3
66357,3
66358,3
66359,3
66360,3
66361,3
66362,3
66363,3
66364,3
66365,3
66366,3
66367,3
66368,3
66369,3
66370,3
66371,3
66372,3
66373,3
66374,3
66375,3
66376,1
66377,3
66378,3
66379,3
66380,3
66381,3
66382,3
66383,3
66384,0
66385,2
66386,2
66387,3
66388,0
66389,3
66390,3
66391,3
66392,1
66393,3
66394,3
66395,3
66396,3
66397,3
66398,3
66399,3
66400,3
66401,3
66402,3
66403,3
66404,3
66405,3
66406,3
66407,3
66408,3
66409,3
66410,3
66411,3
66412,3
66413,3
66414,3
66415,3
66416,3
66417,3
66418,3
66419,3
66420,3
66421,3
66422,3
66423,3
66424,3
66425,3
66426,3
66427,3
66428,3
66429,3
66430,3
66431,3
66432,0
66433,3
66434,3
66435,3
66436,3
66437,3
66438,3
66439,3
66440,0
66441,3
66442,3
66443,3
66444,3
66445,0
66446,0
66447,0
66448,0
66449,0
66450,0
66451,0
66452,0
66453,0
66454,0
66455,3
66456,3
66457,0
66458,0
66459,3
66460,3
66461,3
66462,3
66463,3
66464,3
66465,3
66466,1
66467,3
66468,3
66469,3
66470,3
66471,3
66472,3
66473,3
66474,3
66475,3
66476,3
66477,0
66478,3
66479,3
66480,0
66481,3
66482,3
66483,1
66484,3
66485,3
66486,3
66487,3
66488,3
66489,3
66490,3
66491,3
66492,3
66493,3
66494,3
66495,3
66496,3
66497,3
66498,3
66499,3
66500,3
66501,3
66502,3
66503,3
66504,3
66505,3
66506,3
66507,3
66508,3
66509,3
66510,3
66511,3
66512,3
66513,3
66514,3
66515,3
66516,3
66517,3
66518,3
66519,3
66520,3
66521,3
66522,3
66523,0
66524,3
66525,3
66526,3
66527,3
66528,3
66529,3
66530,3
66531,3
66532,3
66533,3
66534,3
66535,3
66536,3
66537,3
66538,3
66539,3
66540,3
66541,3
66542,3
66543,3
66544,3
66545,3
66546,3
66547,3
66548,1
66549,3
66550,1
66551,3
66552,3
66553,3
66554,3
66555,3
66556,3
66557,3
66558,1
66559,3
66560,3
66561,3
66562,3
66563,3
66564,3
66565,3
66566,3
66567,3
66568,3
66569,3
66570,3
66571,3
66572,3
66573,3
66574,2
66575,3
66576,3
66577,3
66578,3
66579,3
66580,1
66581,3
66582,2
66583,2
66584,3
66585,3
66586,3
66587,3
66588,2
66589,3
66590,3
66591,3
66592,3
66593,2
66594,3
66595,3
66596,3
66597,3
66598,3
66599,3
66600,3
66601,3
66602,3
66603,3
66604,3
66605,3
66606,3
66607,3
66608,3
66609,3
66610,3
66611,3
66612,3
66613,3
66614,3
66615,3
66616,3
66617,3
66618,3
66619,3
66620,3
66621,2
66622,3
66623,3
66624,3
66625,3
66626,3
66627,3
66628,2
66629,2
66630,3
66631,3
66632,3
66633,0
66634,2
66635,3
66636,0
66637,3
66638,3
66639,3
66640,3
66641,3
66642,3
66643,3
66644,3
66645,3
66646,3
66647,2
66648,3
66649,3
66650,3
66651,3
66652,3
66653,2
66654,2
66655,2
66656,2
66657,3
66658,3
66659,3
66660,3
66661,2
66662,2
66663,2
66664,2
66665,2
66666,1
66667,2
66668,2
66669,3
66670,3
66671,3
66672,3
66673,2
66674,2
66675,2
66676,2
66677,3
66678,2
66679,2
66680,3
66681,3
66682,3
66683,2
66684,3
66685,3
66686,2
66687,2
66688,3
66689,2
66690,3
66691,3
66692,3
66693,3
66694,1
66695,2
66696,3
66697,3
66698,2
66699,2
66700,2
66701,2
66702,2
66703,2
66704,3
66705,3
66706,2
66707,2
66708,2
66709,2
66710,2
66711,2
66712,2
66713,2
66714,2
66715,2
66716,2
66717,2
66718,3
66719,3
66720,3
66721,3
66722,1
66723,1
66724,1
66725,1
66726,1
66727,1
66728,1
66729,1
66730,2
66731,2
66732,2
66733,2
66734,2
66735,2
66736,2
66737,2
66738,2
66739,2
66740,2
66741,2
66742,2
66743,2
66744,3
66745,2
66746,3
66747,3
66748,3
66749,2
66750,2
66751,3
66752,2
66753,2
66754,2
66755,2
66756,2
66757,2
66758,2
66759,2
66760,2
66761,2
66762,2
66763,2
66764,2
66765,2
66766,2
66767,3
66768,2
66769,3
66770,3
66771,2
66772,0
66773,2
66774,3
66775,3
66776,3
66777,3
66778,3
66779,3
66780,2
66781,3
66782,3
66783,2
66784,2
66785,2
66786,2
66787,2
66788,3
66789,2
66790,3
66791,3
66792,3
66793,2
66794,2
66795,3
66796,3
66797,2
66798,2
66799,2
66800,2
66801,2
66802,2
66803,2
66804,2
66805,2
66806,2
66807,1
66808,3
66809,3
66810,2
66811,3
66812,2
66813,2
66814,2
66815,1
66816,3
66817,2
66818,2
66819,3
66820,2
66821,0
66822,3
66823,3
66824,2
66825,2
66826,2
66827,1
66828,2
66829,3
66830,3
66831,2
66832,3
66833,3
66834,3
66835,3
66836,3
66837,3
66838,3
66839,2
66840,2
66841,2
66842,2
66843,2
66844,2
66845,2
66846,2
66847,2
66848,2
66849,3
66850,3
66851,1
66852,1
66853,2
66854,3
66855,0
66856,0
66857,2
66858,0
66859,0
66860,0
66861,2
66862,2
66863,2
66864,2
66865,2
66866,2
66867,2
66868,2
66869,2
66870,2
66871,3
66872,2
66873,2
66874,0
66875,0
66876,3
66877,0
66878,3
66879,3
66880,2
66881,3
66882,1
66883,2
66884,2
66885,2
66886,3
66887,2
66888,2
66889,2
66890,3
66891,1
66892,2
66893,2
66894,1
66895,2
66896,2
66897,3
66898,0
66899,1
66900,2
66901,2
66902,3
66903,3
66904,2
66905,3
66906,1
66907,2
66908,3
66909,2
66910,3
66911,2
66912,2
66913,2
66914,2
66915,2
66916,3
66917,3
66918,3
66919,1
66920,2
66921,2
66922,2
66923,3
66924,2
66925,2
66926,3
66927,2
66928,2
66929,2
66930,3
66931,2
66932,2
66933,1
66934,3
66935,2
66936,3
66937,3
66938,3
66939,3
66940,3
66941,3
66942,1
66943,3
66944,3
66945,3
66946,2
66947,2
66948,3
66949,3
66950,2
66951,2
66952,2
66953,2
66954,2
66955,2
66956,3
66957,2
66958,2
66959,3
66960,3
66961,3
66962,2
66963,3
66964,3
66965,3
66966,2
66967,3
66968,2
66969,2
66970,3
66971,2
66972,3
66973,2
66974,2
66975,3
66976,3
66977,3
66978,2
66979,3
66980,2
66981,3
66982,3
66983,3
66984,3
66985,3
66986,3
66987,3
66988,3
66989,2
66990,2
66991,3
66992,3
66993,2
66994,2
66995,2
66996,2
66997,2
66998,2
66999,2
67000,2
67001,3
67002,2
67003,2
67004,2
67005,1
67006,2
67007,2
67008,2
67009,2
67010,2
67011,2
67012,2
67013,2
67014,2
67015,2
67016,2
67017,2
67018,2
67019,2
67020,2
67021,2
67022,2
67023,2
67024,2
67025,2
67026,3
67027,3
67028,3
67029,2
67030,2
67031,2
67032,2
67033,2
67034,3
67035,3
67036,3
67037,2
67038,3
67039,3
67040,2
67041,2
67042,3
67043,3
67044,3
67045,2
67046,3
67047,3
67048,2
67049,2
67050,3
67051,2
67052,1
67053,2
67054,2
67055,3
67056,2
67057,2
67058,2
67059,3
67060,2
67061,2
67062,3
67063,3
67064,3
67065,3
67066,2
67067,2
67068,3
67069,2
67070,3
67071,2
67072,2
67073,2
67074,3
67075,3
67076,3
67077,1
67078,3
67079,3
67080,2
67081,2
67082,2
67083,2
67084,3
67085,3
67086,3
67087,3
67088,3
67089,2
67090,3
67091,3
67092,3
67093,1
67094,3
67095,2
67096,3
67097,2
67098,3
67099,2
67100,2
67101,2
67102,2
67103,2
67104,3
67105,2
67106,1
67107,2
67108,3
67109,3
67110,1
67111,2
67112,2
67113,2
67114,3
67115,3
67116,1
67117,3
67118,3
67119,3
67120,3
67121,3
67122,3
67123,1
67124,0
67125,0
67126,3
67127,0
67128,2
67129,0
67130,0
67131,3
67132,3
67133,3
67134,1
67135,3
67136,3
67137,3
67138,1
67139,3
67140,3
67141,3
67142,3
67143,3
67144,3
67145,3
67146,2
67147,0
67148,3
67149,3
67150,3
67151,0
67152,0
67153,1
67154,3
67155,1
67156,3
67157,1
67158,1
67159,1
67160,1
67161,1
67162,1
67163,1
67164,3
67165,3
67166,3
67167,3
67168,3
67169,3
67170,3
67171,3
67172,3
67173,3
67174,3
67175,3
67176,3
67177,1
67178,1
67179,3
67180,0
67181,0
67182,1
67183,3
67184,3
67185,3
67186,3
67187,3
67188,3
67189,3
67190,3
67191,1
67192,3
67193,2
67194,3
67195,3
67196,1
67197,0
67198,1
67199,0
67200,3
67201,3
67202,3
67203,3
67204,3
67205,3
67206,3
67207,0
67208,3
67209,3
67210,3
67211,3
67212,3
67213,3
67214,3
67215,3
67216,3
67217,3
67218,3
67219,0
67220,0
67221,0
67222,3
67223,2
67224,0
67225,0
67226,0
67227,0
67228,0
67229,0
67230,0
67231,0
67232,3
67233,3
67234,3
67235,2
67236,0
67237,0
67238,0
67239,0
67240,0
67241,0
67242,3
67243,3
67244,3
67245,3
67246,3
67247,1
67248,3
67249,3
67250,3
67251,3
67252,3
67253,3
67254,3
67255,3
67256,1
67257,3
67258,0
67259,2
67260,1
67261,1
67262,3
67263,2
67264,0
67265,0
67266,0
67267,3
67268,0
67269,3
67270,3
67271,2
67272,3
67273,3
67274,3
67275,3
67276,3
67277,3
67278,3
67279,3
67280,3
67281,3
67282,3
67283,1
67284,3
67285,1
67286,0
67287,0
67288,0
67289,3
67290,0
67291,2
67292,1
67293,1
67294,2
67295,3
67296,2
67297,1
67298,1
67299,1
67300,3
67301,1
67302,3
67303,3
67304,3
67305,1
67306,1
67307,1
67308,1
67309,1
67310,2
67311,3
67312,3
67313,0
67314,3
67315,3
67316,3
67317,3
67318,3
67319,2
67320,2
67321,2
67322,2
67323,2
67324,2
67325,2
67326,3
67327,2
67328,2
67329,2
67330,2
67331,2
67332,2
67333,2
67334,2
67335,2
67336,2
67337,2
67338,2
67339,2
67340,2
67341,2
67342,2
67343,2
67344,2
67345,1
67346,2
67347,1
67348,2
67349,2
67350,2
67351,2
67352,2
67353,2
67354,2
67355,2
67356,2
67357,2
67358,2
67359,2
67360,2
67361,2
67362,2
67363,2
67364,2
67365,2
67366,2
67367,2
67368,2
67369,2
67370,2
67371,2
67372,2
67373,2
67374,2
67375,2
67376,2
67377,2
67378,2
67379,2
67380,2
67381,2
67382,2
67383,2
67384,2
67385,2
67386,2
67387,2
67388,2
67389,2
67390,2
67391,2
67392,2
67393,2
67394,2
67395,2
67396,2
67397,2
67398,2
67399,2
67400,2
67401,2
67402,2
67403,2
67404,2
67405,2
67406,2
67407,2
67408,2
67409,2
67410,2
67411,2
67412,2
67413,2
67414,2
67415,2
67416,2
67417,2
67418,2
67419,2
67420,2
67421,2
67422,2
67423,2
67424,2
67425,2
67426,2
67427,2
67428,2
67429,2
67430,2
67431,2
67432,2
67433,2
67434,2
67435,2
67436,2
67437,2
67438,2
67439,2
67440,2
67441,2
67442,2
67443,2
67444,2
67445,2
67446,2
67447,2
67448,2
67449,2
67450,3
67451,2
67452,2
67453,2
67454,2
67455,3
67456,2
67457,2
67458,2
67459,2
67460,2
67461,3
67462,3
67463,3
67464,0
67465,3
67466,3
67467,2
67468,2
67469,2
67470,2
67471,2
67472,2
67473,2
67474,2
67475,2
67476,2
67477,2
67478,2
67479,2
67480,2
67481,2
67482,2
67483,2
67484,2
67485,2
67486,2
67487,2
67488,2
67489,2
67490,2
67491,2
67492,2
67493,2
67494,2
67495,2
67496,2
67497,2
67498,2
67499,2
67500,2
67501,2
67502,2
67503,2
67504,2
67505,2
67506,2
67507,2
67508,2
67509,2
67510,2
67511,2
67512,2
67513,2
67514,2
67515,2
67516,2
67517,2
67518,2
67519,2
67520,2
67521,2
67522,2
67523,2
67524,2
67525,2
67526,2
67527,2
67528,2
67529,2
67530,2
67531,2
67532,2
67533,2
67534,2
67535,2
67536,2
67537,2
67538,2
67539,2
67540,2
67541,2
67542,2
67543,2
67544,2
67545,2
67546,2
67547,2
67548,1
67549,1
67550,1
67551,1
67552,1
67553,1
67554,2
67555,2
67556,3
67557,3
67558,3
67559,2
67560,0
67561,2
67562,2
67563,2
67564,2
67565,2
67566,2
67567,3
67568,3
67569,3
67570,2
67571,2
67572,2
67573,2
67574,2
67575,2
67576,2
67577,2
67578,2
67579,2
67580,2
67581,2
67582,2
67583,2
67584,2
67585,2
67586,2
67587,2
67588,2
67589,2
67590,2
67591,2
67592,2
67593,2
67594,2
67595,2
67596,2
67597,2
67598,2
67599,3
67600,2
67601,2
67602,2
67603,2
67604,2
67605,2
67606,2
67607,2
67608,2
67609,2
67610,2
67611,2
67612,2
67613,2
67614,2
67615,3
67616,2
67617,2
67618,2
67619,2
67620,2
67621,3
67622,2
67623,3
67624,3
67625,2
67626,2
67627,2
67628,2
67629,2
67630,2
67631,2
67632,2
67633,3
67634,3
67635,3
67636,3
67637,3
67638,3
67639,3
67640,3
67641,3
67642,3
67643,3
67644,3
67645,3
67646,3
67647,3
67648,3
67649,3
67650,3
67651,2
67652,3
67653,3
67654,3
67655,3
67656,3
67657,3
67658,3
67659,3
67660,3
67661,3
67662,2
67663,3
67664,2
67665,3
67666,3
67667,3
67668,3
67669,3
67670,3
67671,3
67672,3
67673,3
67674,3
67675,3
67676,3
67677,3
67678,3
67679,2
67680,3
67681,3
67682,2
67683,3
67684,2
67685,2
67686,3
67687,2
67688,3
67689,2
67690,2
67691,3
67692,2
67693,3
67694,3
67695,3
67696,3
67697,3
67698,3
67699,2
67700,3
67701,3
67702,3
67703,3
67704,2
67705,3
67706,2
67707,2
67708,2
67709,3
67710,3
67711,3
67712,3
67713,3
67714,3
67715,3
67716,3
67717,3
67718,0
67719,3
67720,3
67721,3
67722,3
67723,3
67724,3
67725,1
67726,1
67727,3
67728,3
67729,3
67730,3
67731,3
67732,0
67733,3
67734,3
67735,0
67736,3
67737,3
67738,3
67739,3
67740,3
67741,3
67742,3
67743,0
67744,3
67745,0
67746,3
67747,3
67748,3
67749,3
67750,3
67751,3
67752,3
67753,3
67754,3
67755,3
67756,3
67757,3
67758,3
67759,3
67760,3
67761,3
67762,3
67763,3
67764,3
67765,3
67766,0
67767,0
67768,0
67769,0
67770,3
67771,1
67772,3
67773,3
67774,3
67775,3
67776,3
67777,3
67778,3
67779,3
67780,0
67781,3
67782,3
67783,0
67784,0
67785,3
67786,0
67787,0
67788,3
67789,3
67790,3
67791,0
67792,3
67793,3
67794,3
67795,3
67796,3
67797,3
67798,0
67799,3
67800,3
67801,3
67802,3
67803,3
67804,3
67805,0
67806,0
67807,0
67808,0
67809,3
67810,0
67811,0
67812,3
67813,3
67814,0
67815,3
67816,0
67817,3
67818,3
67819,3
67820,3
67821,3
67822,3
67823,0
67824,0
67825,0
67826,0
67827,0
67828,0
67829,0
67830,0
67831,0
67832,0
67833,0
67834,3
67835,0
67836,0
67837,0
67838,0
67839,3
67840,3
67841,3
67842,3
67843,3
67844,3
67845,3
67846,3
67847,3
67848,3
67849,3
67850,3
67851,3
67852,3
67853,2
67854,3
67855,3
67856,3
67857,3
67858,3
67859,2
67860,3
67861,2
67862,3
67863,3
67864,3
67865,3
67866,3
67867,3
67868,3
67869,3
67870,3
67871,3
67872,3
67873,3
67874,3
67875,3
67876,3
67877,3
67878,3
67879,3
67880,3
67881,3
67882,3
67883,3
67884,3
67885,3
67886,3
67887,3
67888,3
67889,2
67890,3
67891,3
67892,3
67893,3
67894,3
67895,3
67896,3
67897,3
67898,3
67899,3
67900,3
67901,3
67902,3
67903,3
67904,3
67905,3
67906,3
67907,3
67908,3
67909,3
67910,3
67911,3
67912,3
67913,3
67914,3
67915,3
67916,3
67917,3
67918,3
67919,1
67920,3
67921,3
67922,3
67923,3
67924,3
67925,3
67926,3
67927,3
67928,3
67929,1
67930,1
67931,3
67932,3
67933,3
67934,3
67935,3
67936,3
67937,0
67938,3
67939,3
67940,3
67941,3
67942,3
67943,3
67944,3
67945,3
67946,3
67947,1
67948,3
67949,3
67950,3
67951,3
67952,3
67953,3
67954,3
67955,3
67956,3
67957,3
67958,3
67959,3
67960,3
67961,3
67962,3
67963,3
67964,3
67965,3
67966,3
67967,3
67968,3
67969,3
67970,3
67971,3
67972,3
67973,3
67974,1
67975,1
67976,3
67977,3
67978,3
67979,3
67980,3
67981,3
67982,3
67983,3
67984,3
67985,3
67986,3
67987,3
67988,3
67989,3
67990,3
67991,3
67992,3
67993,3
67994,3
67995,3
67996,3
67997,3
67998,3
67999,3
68000,3
68001,3
68002,1
68003,3
68004,3
68005,3
68006,3
68007,3
68008,3
68009,3
68010,3
68011,3
68012,3
68013,3
68014,3
68015,3
68016,3
68017,3
68018,3
68019,3
68020,3
68021,3
68022,3
68023,3
68024,3
68025,3
68026,3
68027,3
68028,3
68029,3
68030,3
68031,3
68032,3
68033,3
68034,3
68035,3
68036,3
68037,3
68038,3
68039,3
68040,3
68041,3
68042,3
68043,3
68044,3
68045,3
68046,3
68047,3
68048,3
68049,3
68050,3
68051,3
68052,3
68053,3
68054,3
68055,3
68056,3
68057,3
68058,3
68059,3
68060,3
68061,3
68062,3
68063,3
68064,3
68065,1
68066,1
68067,3
68068,3
68069,1
68070,3
68071,3
68072,3
68073,3
68074,1
68075,1
68076,1
68077,1
68078,1
68079,1
68080,1
68081,1
68082,1
68083,1
68084,1
68085,3
68086,3
68087,1
68088,1
68089,1
68090,3
68091,1
68092,3
68093,3
68094,3
68095,1
68096,1
68097,1
68098,1
68099,1
68100,1
68101,1
68102,1
68103,3
68104,1
68105,3
68106,3
68107,1
68108,1
68109,1
68110,1
68111,3
68112,1
68113,1
68114,1
68115,1
68116,1
68117,1
68118,3
68119,3
68120,3
68121,1
68122,1
68123,1
68124,1
68125,1
68126,1
68127,1
68128,1
68129,1
68130,1
68131,1
68132,1
68133,1
68134,2
68135,1
68136,1
68137,1
68138,1
68139,3
68140,3
68141,3
68142,3
68143,3
68144,3
68145,3
68146,1
68147,1
68148,3
68149,3
68150,1
68151,1
68152,1
68153,1
68154,1
68155,1
68156,1
68157,1
68158,1
68159,3
68160,1
68161,1
68162,1
68163,1
68164,3
68165,1
68166,3
68167,1
68168,1
68169,1
68170,1
68171,3
68172,1
68173,1
68174,1
68175,1
68176,0
68177,3
68178,3
68179,3
68180,3
68181,3
68182,3
68183,3
68184,3
68185,3
68186,3
68187,3
68188,3
68189,3
68190,3
68191,3
68192,3
68193,3
68194,3
68195,3
68196,3
68197,3
68198,3
68199,3
68200,3
68201,3
68202,3
68203,3
68204,3
68205,3
68206,3
68207,3
68208,3
68209,3
68210,3
68211,3
68212,3
68213,3
68214,3
68215,3
68216,3
68217,3
68218,3
68219,3
68220,3
68221,3
68222,3
68223,3
68224,3
68225,3
68226,3
68227,3
68228,3
68229,3
68230,3
68231,3
68232,3
68233,3
68234,2
68235,3
68236,3
68237,3
68238,3
68239,3
68240,3
68241,3
68242,3
68243,3
68244,3
68245,3
68246,3
68247,3
68248,3
68249,3
68250,3
68251,3
68252,3
68253,3
68254,3
68255,3
68256,3
68257,3
68258,3
68259,3
68260,3
68261,3
68262,3
68263,3
68264,3
68265,3
68266,3
68267,3
68268,3
68269,3
68270,3
68271,3
68272,3
68273,3
68274,3
68275,3
68276,3
68277,3
68278,3
68279,3
68280,3
68281,3
68282,3
68283,3
68284,3
68285,3
68286,3
68287,3
68288,3
68289,3
68290,3
68291,2
68292,3
68293,3
68294,3
68295,3
68296,3
68297,3
68298,3
68299,3
68300,2
68301,3
68302,3
68303,3
68304,3
68305,3
68306,3
68307,3
68308,3
68309,3
68310,3
68311,3
68312,3
68313,3
68314,3
68315,3
68316,3
68317,3
68318,3
68319,3
68320,3
68321,2
68322,3
68323,3
68324,2
68325,3
68326,3
68327,3
68328,3
68329,3
68330,3
68331,3
68332,3
68333,3
68334,3
68335,3
68336,3
68337,3
68338,3
68339,3
68340,3
68341,3
68342,3
68343,3
68344,3
68345,3
68346,3
68347,3
68348,3
68349,3
68350,3
68351,3
68352,3
68353,3
68354,3
68355,3
68356,3
68357,3
68358,3
68359,3
68360,3
68361,3
68362,3
68363,3
68364,3
68365,3
68366,3
68367,3
68368,3
68369,3
68370,3
68371,3
68372,3
68373,3
68374,3
68375,3
68376,3
68377,3
68378,3
68379,3
68380,3
68381,3
68382,3
68383,3
68384,3
68385,3
68386,3
68387,3
68388,3
68389,3
68390,3
68391,3
68392,3
68393,3
68394,3
68395,3
68396,3
68397,0
68398,0
68399,3
68400,3
68401,3
68402,3
68403,3
68404,3
68405,3
68406,3
68407,3
68408,3
68409,3
68410,3
68411,3
68412,3
68413,3
68414,3
68415,3
68416,3
68417,3
68418,3
68419,3
68420,3
68421,3
68422,3
68423,3
68424,3
68425,3
68426,3
68427,3
68428,3
68429,3
68430,3
68431,3
68432,3
68433,3
68434,3
68435,3
68436,3
68437,3
68438,3
68439,3
68440,3
68441,3
68442,3
68443,3
68444,3
68445,3
68446,3
68447,3
68448,3
68449,3
68450,3
68451,3
68452,3
68453,3
68454,3
68455,3
68456,3
68457,3
68458,3
68459,3
68460,3
68461,3
68462,3
68463,3
68464,3
68465,3
68466,3
68467,3
68468,3
68469,3
68470,3
68471,3
68472,3
68473,3
68474,3
68475,3
68476,3
68477,3
68478,3
68479,3
68480,3
68481,3
68482,3
68483,3
68484,3
68485,3
68486,3
68487,3
68488,3
68489,3
68490,3
68491,3
68492,3
68493,3
68494,3
68495,3
68496,3
68497,3
68498,3
68499,3
68500,3
68501,3
68502,3
68503,3
68504,3
68505,3
68506,3
68507,3
68508,3
68509,3
68510,3
68511,3
68512,3
68513,3
68514,3
68515,3
68516,3
68517,3
68518,3
68519,3
68520,3
68521,3
68522,3
68523,3
68524,3
68525,3
68526,3
68527,3
68528,3
68529,3
68530,3
68531,3
68532,3
68533,3
68534,3
68535,3
68536,3
68537,3
68538,3
68539,3
68540,3
68541,3
68542,3
68543,3
68544,0
68545,3
68546,2
68547,3
68548,3
68549,3
68550,3
68551,3
68552,3
68553,3
68554,3
68555,3
68556,3
68557,3
68558,3
68559,3
68560,3
68561,3
68562,3
68563,3
68564,3
68565,3
68566,3
68567,3
68568,3
68569,3
68570,3
68571,3
68572,0
68573,0
68574,3
68575,3
68576,0
68577,3
68578,3
68579,3
68580,0
68581,3
68582,0
68583,0
68584,0
68585,0
68586,0
68587,3
68588,3
68589,3
68590,0
68591,3
68592,3
68593,3
68594,3
68595,3
68596,3
68597,0
68598,0
68599,0
68600,3
68601,3
68602,0
68603,3
68604,3
68605,3
68606,3
68607,3
68608,3
68609,3
68610,1
68611,3
68612,1
68613,3
68614,3
68615,3
68616,3
68617,3
68618,1
68619,1
68620,1
68621,1
68622,1
68623,1
68624,1
68625,3
68626,3
68627,3
68628,1
68629,3
68630,1
68631,3
68632,3
68633,3
68634,3
68635,3
68636,3
68637,3
68638,3
68639,3
68640,3
68641,3
68642,3
68643,3
68644,3
68645,3
68646,3
68647,3
68648,3
68649,3
68650,3
68651,0
68652,3
68653,3
68654,3
68655,3
68656,3
68657,3
68658,3
68659,1
68660,1
68661,1
68662,1
68663,3
68664,1
68665,1
68666,1
68667,3
68668,3
68669,3
68670,3
68671,3
68672,3
68673,3
68674,3
68675,3
68676,3
68677,3
68678,3
68679,3
68680,3
68681,1
68682,3
68683,3
68684,3
68685,3
68686,3
68687,3
68688,3
68689,0
68690,0
68691,0
68692,3
68693,3
68694,3
68695,3
68696,3
68697,3
68698,3
68699,3
68700,3
68701,0
68702,3
68703,0
68704,0
68705,0
68706,3
68707,3
68708,3
68709,3
68710,3
68711,3
68712,3
68713,3
68714,0
68715,3
68716,3
68717,3
68718,3
68719,3
68720,3
68721,2
68722,3
68723,2
68724,3
68725,3
68726,3
68727,3
68728,3
68729,3
68730,3
68731,3
68732,3
68733,3
68734,3
68735,3
68736,3
68737,3
68738,3
68739,3
68740,3
68741,3
68742,3
68743,3
68744,3
68745,3
68746,3
68747,3
68748,3
68749,3
68750,1
68751,0
68752,3
68753,2
68754,3
68755,0
68756,2
68757,2
68758,2
68759,3
68760,3
68761,3
68762,3
68763,3
68764,2
68765,2
68766,2
68767,2
68768,0
68769,3
68770,0
68771,0
68772,1
68773,3
68774,3
68775,0
68776,3
68777,3
68778,3
68779,0
68780,0
68781,0
68782,0
68783,3
68784,3
68785,3
68786,2
68787,3
68788,3
68789,3
68790,3
68791,3
68792,1
68793,2
68794,2
68795,3
68796,2
68797,2
68798,0
68799,0
68800,0
68801,3
68802,0
68803,0
68804,0
68805,0
68806,0
68807,0
68808,0
68809,0
68810,0
68811,3
68812,3
68813,0
68814,0
68815,0
68816,3
68817,3
68818,3
68819,3
68820,0
68821,0
68822,3
68823,1
68824,3
68825,3
68826,0
68827,0
68828,0
68829,3
68830,1
68831,1
68832,1
68833,2
68834,0
68835,0
68836,3
68837,2
68838,3
68839,2
68840,2
68841,0
68842,0
68843,0
68844,0
68845,0
68846,0
68847,0
68848,3
68849,3
68850,3
68851,3
68852,3
68853,0
68854,3
68855,3
68856,2
68857,2
68858,2
68859,3
68860,3
68861,0
68862,0
68863,0
68864,0
68865,0
68866,0
68867,0
68868,3
68869,0
68870,2
68871,3
68872,3
68873,3
68874,3
68875,3
68876,3
68877,3
68878,2
68879,3
68880,3
68881,3
68882,3
68883,3
68884,2
68885,3
68886,3
68887,0
68888,0
68889,3
68890,3
68891,1
68892,3
68893,3
68894,3
68895,2
68896,3
68897,3
68898,3
68899,0
68900,0
68901,0
68902,3
68903,3
68904,3
68905,3
68906,2
68907,3
68908,3
68909,0
68910,3
68911,0
68912,1
68913,0
68914,1
68915,3
68916,0
68917,0
68918,3
68919,2
68920,3
68921,2
68922,3
68923,0
68924,2
68925,0
68926,2
68927,2
68928,2
68929,2
68930,2
68931,3
68932,3
68933,3
68934,3
68935,3
68936,3
68937,3
68938,3
68939,1
68940,0
68941,2
68942,0
68943,1
68944,1
68945,0
68946,2
68947,3
68948,3
68949,3
68950,3
68951,3
68952,2
68953,3
68954,2
68955,3
68956,3
68957,3
68958,3
68959,2
68960,3
68961,2
68962,3
68963,3
68964,3
68965,3
68966,3
68967,3
68968,3
68969,3
68970,3
68971,2
68972,2
68973,3
68974,3
68975,3
68976,3
68977,1
68978,1
68979,2
68980,3
68981,1
68982,3
68983,2
68984,2
68985,3
68986,3
68987,3
68988,3
68989,3
68990,3
68991,3
68992,3
68993,3
68994,2
68995,3
68996,2
68997,3
68998,3
68999,2
69000,1
69001,3
69002,3
69003,3
69004,3
69005,3
69006,2
69007,3
69008,1
69009,1
69010,1
69011,2
69012,1
69013,0
69014,0
69015,3
69016,1
69017,2
69018,3
69019,2
69020,3
69021,1
69022,1
69023,3
69024,2
69025,1
69026,1
69027,1
69028,2
69029,3
69030,3
69031,3
69032,1
69033,1
69034,3
69035,3
69036,3
69037,3
69038,2
69039,3
69040,2
69041,3
69042,2
69043,3
69044,3
69045,3
69046,2
69047,2
69048,2
69049,3
69050,2
69051,1
69052,1
69053,2
69054,3
69055,3
69056,3
69057,1
69058,3
69059,3
69060,1
69061,3
69062,2
69063,3
69064,3
69065,3
69066,3
69067,1
69068,3
69069,2
69070,2
69071,2
69072,3
69073,3
69074,3
69075,3
69076,3
69077,3
69078,3
69079,3
69080,2
69081,2
69082,2
69083,3
69084,3
69085,2
69086,2
69087,2
69088,3
69089,2
69090,3
69091,3
69092,1
69093,3
69094,3
69095,3
69096,3
69097,2
69098,3
69099,3
69100,1
69101,2
69102,3
69103,2
69104,3
69105,3
69106,2
69107,3
69108,3
69109,2
69110,3
69111,3
69112,0
69113,3
69114,3
69115,3
69116,3
69117,2
69118,2
69119,2
69120,2
69121,2
69122,2
69123,3
69124,3
69125,3
69126,2
69127,3
69128,1
69129,3
69130,1
69131,1
69132,3
69133,3
69134,3
69135,3
69136,1
69137,3
69138,3
69139,1
69140,0
69141,3
69142,2
69143,3
69144,3
69145,3
69146,3
69147,3
69148,3
69149,3
69150,1
69151,3
69152,3
69153,1
69154,1
69155,1
69156,1
69157,3
69158,3
69159,3
69160,3
69161,3
69162,2
69163,3
69164,1
69165,0
69166,3
69167,1
69168,2
69169,1
69170,3
69171,3
69172,3
69173,1
69174,1
69175,1
69176,1
69177,3
69178,3
69179,3
69180,3
69181,3
69182,3
69183,3
69184,3
69185,3
69186,3
69187,3
69188,3
69189,3
69190,3
69191,3
69192,1
69193,2
69194,3
69195,3
69196,3
69197,3
69198,3
69199,3
69200,3
69201,3
69202,3
69203,3
69204,3
69205,3
69206,3
69207,3
69208,3
69209,3
69210,3
69211,3
69212,3
69213,1
69214,1
69215,1
69216,1
69217,0
69218,0
69219,3
69220,3
69221,3
69222,3
69223,0
69224,3
69225,0
69226,3
69227,3
69228,2
69229,3
69230,3
69231,3
69232,3
69233,3
69234,3
69235,3
69236,3
69237,3
69238,3
69239,3
69240,3
69241,3
69242,0
69243,0
69244,2
69245,0
69246,3
69247,3
69248,2
69249,0
69250,0
69251,2
69252,2
69253,2
69254,2
69255,0
69256,0
69257,2
69258,3
69259,3
69260,3
69261,3
69262,3
69263,2
69264,3
69265,3
69266,3
69267,3
69268,1
69269,1
69270,1
69271,1
69272,1
69273,1
69274,1
69275,1
69276,1
69277,1
69278,1
69279,1
69280,1
69281,1
69282,1
69283,1
69284,1
69285,3
69286,1
69287,1
69288,1
69289,1
69290,1
69291,1
69292,1
69293,1
69294,1
69295,1
69296,1
69297,1
69298,1
69299,1
69300,1
69301,1
69302,1
69303,0
69304,3
69305,3
69306,1
69307,1
69308,1
69309,3
69310,3
69311,3
69312,1
69313,3
69314,1
69315,3
69316,3
69317,1
69318,1
69319,3
69320,3
69321,2
69322,2
69323,3
69324,3
69325,3
69326,3
69327,3
69328,3
69329,3
69330,3
69331,3
69332,1
69333,1
69334,1
69335,3
69336,3
69337,3
69338,3
69339,3
69340,3
69341,3
69342,3
69343,3
69344,3
69345,3
69346,3
69347,3
69348,3
69349,3
69350,3
69351,0
69352,3
69353,0
69354,0
69355,0
69356,2
69357,1
69358,1
69359,3
69360,3
69361,1
69362,3
69363,1
69364,3
69365,3
69366,3
69367,2
69368,2
69369,2
69370,2
69371,0
69372,0
69373,0
69374,2
69375,0
69376,2
69377,2
69378,2
69379,0
69380,2
69381,3
69382,0
69383,3
69384,3
69385,0
69386,0
69387,2
69388,0
69389,2
69390,0
69391,2
69392,0
69393,2
69394,0
69395,0
69396,0
69397,0
69398,0
69399,2
69400,2
69401,0
69402,2
69403,2
69404,2
69405,0
69406,0
69407,0
69408,2
69409,2
69410,3
69411,0
69412,0
69413,0
69414,0
69415,2
69416,0
69417,0
69418,0
69419,0
69420,0
69421,0
69422,2
69423,0
69424,0
69425,0
69426,0
69427,0
69428,0
69429,0
69430,0
69431,0
69432,0
69433,0
69434,0
69435,0
69436,2
69437,2
69438,0
69439,0
69440,0
69441,0
69442,2
69443,2
69444,2
69445,2
69446,0
69447,2
69448,3
69449,2
69450,3
69451,0
69452,0
69453,0
69454,0
69455,0
69456,0
69457,0
69458,0
69459,0
69460,2
69461,2
69462,3
69463,2
69464,3
69465,0
69466,2
69467,0
69468,3
69469,3
69470,0
69471,0
69472,0
69473,0
69474,0
69475,0
69476,2
69477,3
69478,0
69479,0
69480,1
69481,1
69482,0
69483,1
69484,3
69485,0
69486,3
69487,2
69488,0
69489,2
69490,0
69491,0
69492,0
69493,2
69494,2
69495,3
69496,2
69497,0
69498,0
69499,0
69500,0
69501,0
69502,3
69503,0
69504,0
69505,0
69506,0
69507,0
69508,0
69509,0
69510,0
69511,0
69512,0
69513,0
69514,0
69515,0
69516,0
69517,0
69518,0
69519,0
69520,0
69521,0
69522,0
69523,0
69524,0
69525,2
69526,0
69527,2
69528,0
69529,0
69530,2
69531,2
69532,2
69533,0
69534,0
69535,0
69536,0
69537,2
69538,2
69539,2
69540,2
69541,2
69542,2
69543,2
69544,0
69545,0
69546,3
69547,0
69548,0
69549,0
69550,2
69551,0
69552,0
69553,0
69554,0
69555,0
69556,0
69557,0
69558,0
69559,0
69560,0
69561,0
69562,3
69563,3
69564,3
69565,3
69566,3
69567,3
69568,3
69569,2
69570,3
69571,2
69572,3
69573,0
69574,3
69575,2
69576,3
69577,0
69578,0
69579,2
69580,2
69581,2
69582,3
69583,3
69584,0
69585,2
69586,3
69587,0
69588,3
69589,3
69590,3
69591,3
69592,3
69593,3
69594,3
69595,3
69596,0
69597,3
69598,3
69599,0
69600,0
69601,2
69602,0
69603,3
69604,0
69605,3
69606,3
69607,3
69608,3
69609,3
69610,3
69611,3
69612,3
69613,3
69614,3
69615,3
69616,1
69617,3
69618,3
69619,3
69620,2
69621,2
69622,0
69623,2
69624,3
69625,2
69626,2
69627,2
69628,2
69629,3
69630,2
69631,2
69632,2
69633,2
69634,2
69635,2
69636,0
69637,3
69638,2
69639,0
69640,0
69641,2
69642,3
69643,0
69644,0
69645,0
69646,2
69647,0
69648,0
69649,0
69650,0
69651,0
69652,0
69653,0
69654,0
69655,0
69656,2
69657,3
69658,0
69659,0
69660,0
69661,2
69662,0
69663,2
69664,3
69665,3
69666,0
69667,0
69668,2
69669,2
69670,2
69671,2
69672,2
69673,0
69674,2
69675,0
69676,0
69677,3
69678,0
69679,3
69680,0
69681,0
69682,0
69683,0
69684,0
69685,0
69686,0
69687,0
69688,0
69689,2
69690,3
69691,0
69692,0
69693,2
69694,3
69695,0
69696,0
69697,2
69698,2
69699,3
69700,3
69701,3
69702,3
69703,3
69704,1
69705,3
69706,3
69707,3
69708,3
69709,0
69710,3
69711,3
69712,0
69713,1
69714,1
69715,1
69716,1
69717,1
69718,1
69719,1
69720,3
69721,3
69722,2
69723,2
69724,2
69725,0
69726,1
69727,1
69728,3
69729,2
69730,3
69731,3
69732,0
69733,0
69734,3
69735,3
69736,3
69737,0
69738,0
69739,0
69740,3
69741,0
69742,3
69743,0
69744,3
69745,3
69746,3
69747,3
69748,3
69749,1
69750,3
69751,3
69752,3
69753,1
69754,2
69755,3
69756,2
69757,2
69758,3
69759,3
69760,3
69761,2
69762,2
69763,2
69764,1
69765,2
69766,3
69767,3
69768,0
69769,3
69770,0
69771,3
69772,0
69773,0
69774,0
69775,2
69776,0
69777,0
69778,0
69779,0
69780,3
69781,0
69782,0
69783,0
69784,0
69785,0
69786,0
69787,0
69788,0
69789,0
69790,3
69791,0
69792,0
69793,0
69794,0
69795,0
69796,0
69797,3
69798,0
69799,3
69800,3
69801,3
69802,0
69803,0
69804,0
69805,2
69806,0
69807,2
69808,2
69809,0
69810,0
69811,0
69812,3
69813,0
69814,0
69815,0
69816,0
69817,0
69818,3
69819,3
69820,0
69821,0
69822,0
69823,0
69824,0
69825,0
69826,0
69827,0
69828,0
69829,2
69830,0
69831,0
69832,0
69833,0
69834,2
69835,0
69836,0
69837,0
69838,0
69839,0
69840,0
69841,0
69842,0
69843,0
69844,0
69845,0
69846,0
69847,0
69848,0
69849,0
69850,0
69851,0
69852,0
69853,0
69854,0
69855,0
69856,0
69857,0
69858,0
69859,0
69860,0
69861,0
69862,0
69863,0
69864,0
69865,0
69866,0
69867,2
69868,2
69869,3
69870,2
69871,2
69872,3
69873,2
69874,3
69875,3
69876,0
69877,0
69878,0
69879,0
69880,0
69881,0
69882,0
69883,3
69884,0
69885,3
69886,3
69887,3
69888,3
69889,3
69890,2
69891,3
69892,3
69893,3
69894,3
69895,0
69896,3
69897,3
69898,3
69899,3
69900,0
69901,3
69902,3
69903,0
69904,2
69905,0
69906,0
69907,0
69908,0
69909,3
69910,0
69911,0
69912,0
69913,0
69914,0
69915,0
69916,0
69917,0
69918,0
69919,0
69920,1
69921,0
69922,0
69923,3
69924,3
69925,0
69926,3
69927,3
69928,2
69929,0
69930,2
69931,3
69932,2
69933,2
69934,2
69935,2
69936,2
69937,2
69938,2
69939,2
69940,2
69941,2
69942,2
69943,2
69944,2
69945,1
69946,2
69947,3
69948,2
69949,3
69950,3
69951,2
69952,2
69953,2
69954,2
69955,2
69956,2
69957,3
69958,3
69959,2
69960,2
69961,2
69962,2
69963,0
69964,3
69965,2
69966,2
69967,2
69968,2
69969,3
69970,3
69971,1
69972,1
69973,3
69974,0
69975,3
69976,3
69977,3
69978,3
69979,2
69980,3
69981,3
69982,2
69983,2
69984,2
69985,0
69986,0
69987,2
69988,0
69989,0
69990,0
69991,0
69992,0
69993,0
69994,0
69995,0
69996,0
69997,0
69998,0
69999,0
70000,0
70001,0
70002,0
70003,0
70004,0
70005,0
70006,0
70007,3
70008,2
70009,0
70010,3
70011,0
70012,3
70013,0
70014,0
70015,2
70016,0
70017,0
70018,2
70019,0
70020,0
70021,2
70022,0
70023,0
70024,2
70025,2
70026,0
70027,2
70028,2
70029,0
70030,0
70031,2
70032,0
70033,2
70034,3
70035,0
70036,0
70037,2
70038,0
70039,0
70040,0
70041,0
70042,0
70043,2
70044,0
70045,0
70046,0
70047,0
70048,0
70049,0
70050,0
70051,0
70052,3
70053,0
70054,2
70055,2
70056,2
70057,1
70058,2
70059,3
70060,3
70061,3
70062,3
70063,0
70064,0
70065,0
70066,0
70067,0
70068,0
70069,0
70070,0
70071,0
70072,2
70073,0
70074,0
70075,0
70076,0
70077,0
70078,0
70079,0
70080,0
70081,0
70082,0
70083,0
70084,0
70085,0
70086,0
70087,0
70088,0
70089,0
70090,0
70091,0
70092,0
70093,0
70094,0
70095,0
70096,0
70097,0
70098,0
70099,0
70100,0
70101,0
70102,0
70103,0
70104,0
70105,0
70106,0
70107,0
70108,0
70109,0
70110,0
70111,0
70112,0
70113,0
70114,0
70115,0
70116,0
70117,0
70118,2
70119,0
70120,0
70121,0
70122,0
70123,0
70124,0
70125,0
70126,0
70127,0
70128,0
70129,0
70130,0
70131,0
70132,0
70133,0
70134,2
70135,0
70136,0
70137,0
70138,0
70139,0
70140,0
70141,0
70142,0
70143,0
70144,0
70145,0
70146,0
70147,2
70148,0
70149,2
70150,0
70151,0
70152,3
70153,0
70154,2
70155,0
70156,0
70157,2
70158,2
70159,2
70160,0
70161,3
70162,0
70163,0
70164,0
70165,0
70166,0
70167,0
70168,3
70169,0
70170,0
70171,0
70172,0
70173,0
70174,0
70175,3
70176,3
70177,3
70178,0
70179,0
70180,3
70181,0
70182,0
70183,0
70184,0
70185,0
70186,0
70187,0
70188,0
70189,0
70190,2
70191,0
70192,0
70193,3
70194,3
70195,2
70196,2
70197,3
70198,2
70199,0
70200,3
70201,2
70202,2
70203,0
70204,0
70205,0
70206,0
70207,2
70208,0
70209,3
70210,3
70211,3
70212,3
70213,1
70214,0
70215,0
70216,3
70217,2
70218,0
70219,0
70220,0
70221,0
70222,3
70223,0
70224,0
70225,0
70226,3
70227,2
70228,0
70229,0
70230,0
70231,0
70232,0
70233,0
70234,2
70235,0
70236,0
70237,2
70238,0
70239,2
70240,0
70241,0
70242,0
70243,0
70244,0
70245,0
70246,0
70247,0
70248,0
70249,0
70250,0
70251,0
70252,0
70253,0
70254,0
70255,0
70256,0
70257,0
70258,0
70259,0
70260,0
70261,2
70262,2
70263,0
70264,0
70265,0
70266,0
70267,0
70268,2
70269,2
70270,2
70271,2
70272,0
70273,0
70274,0
70275,0
70276,0
70277,0
70278,0
70279,0
70280,0
70281,0
70282,3
70283,0
70284,3
70285,0
70286,3
70287,3
70288,0
70289,0
70290,0
70291,0
70292,0
70293,0
70294,0
70295,0
70296,0
70297,0
70298,0
70299,0
70300,0
70301,0
70302,0
70303,0
70304,0
70305,0
70306,0
70307,0
70308,0
70309,0
70310,0
70311,0
70312,0
70313,0
70314,0
70315,0
70316,0
70317,0
70318,0
70319,0
70320,0
70321,0
70322,0
70323,0
70324,3
70325,0
70326,0
70327,0
70328,0
70329,0
70330,0
70331,0
70332,0
70333,0
70334,2
70335,0
70336,0
70337,0
70338,0
70339,0
70340,0
70341,0
70342,0
70343,0
70344,0
70345,0
70346,0
70347,0
70348,0
70349,0
70350,0
70351,0
70352,0
70353,0
70354,0
70355,2
70356,2
70357,3
70358,2
70359,3
70360,2
70361,2
70362,2
70363,3
70364,2
70365,2
70366,3
70367,3
70368,1
70369,2
70370,2
70371,2
70372,0
70373,2
70374,2
70375,0
70376,0
70377,0
70378,0
70379,2
70380,0
70381,0
70382,0
70383,0
70384,0
70385,3
70386,3
70387,3
70388,0
70389,0
70390,0
70391,2
70392,2
70393,2
70394,2
70395,2
70396,2
70397,2
70398,2
70399,0
70400,0
70401,2
70402,2
70403,2
70404,2
70405,2
70406,1
70407,1
70408,0
70409,3
70410,2
70411,0
70412,0
70413,0
70414,0
70415,0
70416,0
70417,2
70418,0
70419,0
70420,0
70421,0
70422,0
70423,0
70424,0
70425,0
70426,2
70427,0
70428,0
70429,0
70430,0
70431,2
70432,2
70433,3
70434,2
70435,3
70436,0
70437,2
70438,0
70439,0
70440,2
70441,2
70442,2
70443,2
70444,2
70445,2
70446,0
70447,0
70448,0
70449,2
70450,0
70451,0
70452,0
70453,0
70454,0
70455,0
70456,0
70457,0
70458,0
70459,0
70460,3
70461,0
70462,0
70463,0
70464,0
70465,0
70466,0
70467,3
70468,0
70469,0
70470,0
70471,0
70472,0
70473,0
70474,3
70475,0
70476,0
70477,0
70478,0
70479,0
70480,0
70481,0
70482,0
70483,0
70484,0
70485,0
70486,0
70487,0
70488,0
70489,0
70490,0
70491,0
70492,0
70493,0
70494,0
70495,0
70496,0
70497,2
70498,2
70499,0
70500,0
70501,0
70502,0
70503,0
70504,0
70505,2
70506,0
70507,0
70508,0
70509,0
70510,0
70511,3
70512,0
70513,0
70514,0
70515,0
70516,0
70517,0
70518,0
70519,0
70520,3
70521,0
70522,3
70523,0
70524,0
70525,2
70526,0
70527,0
70528,0
70529,0
70530,0
70531,0
70532,2
70533,0
70534,0
70535,0
70536,0
70537,0
70538,2
70539,2
70540,2
70541,2
70542,0
70543,0
70544,0
70545,0
70546,0
70547,2
70548,0
70549,0
70550,0
70551,0
70552,0
70553,0
70554,0
70555,0
70556,0
70557,0
70558,0
70559,0
70560,0
70561,0
70562,0
70563,3
70564,0
70565,0
70566,0
70567,0
70568,0
70569,0
70570,3
70571,2
70572,2
70573,0
70574,0
70575,0
70576,0
70577,0
70578,0
70579,0
70580,0
70581,0
70582,0
70583,0
70584,0
70585,0
70586,0
70587,0
70588,0
70589,0
70590,2
70591,0
70592,0
70593,0
70594,3
70595,3
70596,3
70597,3
70598,0
70599,0
70600,0
70601,3
70602,3
70603,0
70604,3
70605,0
70606,0
70607,3
70608,3
70609,0
70610,0
70611,2
70612,2
70613,0
70614,2
70615,0
70616,0
70617,2
70618,3
70619,2
70620,2
70621,0
70622,2
70623,2
70624,0
70625,2
70626,0
70627,2
70628,2
70629,2
70630,2
70631,2
70632,3
70633,2
70634,3
70635,2
70636,3
70637,2
70638,2
70639,2
70640,2
70641,3
70642,3
70643,3
70644,3
70645,3
70646,0
70647,3
70648,0
70649,0
70650,0
70651,0
70652,0
70653,0
70654,0
70655,0
70656,0
70657,0
70658,0
70659,0
70660,0
70661,2
70662,2
70663,2
70664,0
70665,0
70666,0
70667,0
70668,0
70669,0
70670,0
70671,0
70672,0
70673,0
70674,0
70675,0
70676,0
70677,0
70678,0
70679,0
70680,0
70681,0
70682,0
70683,0
70684,0
70685,0
70686,2
70687,3
70688,0
70689,2
70690,2
70691,3
70692,0
70693,0
70694,0
70695,2
70696,0
70697,3
70698,0
70699,0
70700,0
70701,2
70702,0
70703,0
70704,3
70705,0
70706,0
70707,0
70708,0
70709,3
70710,2
70711,2
70712,0
70713,0
70714,0
70715,0
70716,0
70717,0
70718,0
70719,0
70720,2
70721,0
70722,0
70723,0
70724,0
70725,0
70726,0
70727,0
70728,0
70729,0
70730,0
70731,3
70732,2
70733,3
70734,2
70735,2
70736,0
70737,0
70738,0
70739,0
70740,3
70741,3
70742,0
70743,2
70744,0
70745,2
70746,0
70747,0
70748,0
70749,0
70750,0
70751,2
70752,0
70753,0
70754,0
70755,0
70756,2
70757,0
70758,0
70759,0
70760,0
70761,0
70762,0
70763,0
70764,0
70765,0
70766,0
70767,0
70768,0
70769,0
70770,0
70771,0
70772,0
70773,0
70774,0
70775,0
70776,0
70777,0
70778,0
70779,0
70780,0
70781,0
70782,0
70783,0
70784,0
70785,0
70786,2
70787,0
70788,0
70789,0
70790,2
70791,3
70792,3
70793,2
70794,3
70795,0
70796,0
70797,0
70798,0
70799,0
70800,0
70801,0
70802,0
70803,0
70804,0
70805,0
70806,2
70807,0
70808,0
70809,0
70810,3
70811,3
70812,2
70813,0
70814,3
70815,2
70816,0
70817,0
70818,0
70819,0
70820,0
70821,2
70822,0
70823,0
70824,0
70825,0
70826,0
70827,2
70828,0
70829,3
70830,0
70831,0
70832,3
70833,0
70834,0
70835,0
70836,2
70837,2
70838,3
70839,2
70840,3
70841,2
70842,2
70843,2
70844,2
70845,0
70846,0
70847,0
70848,0
70849,0
70850,0
70851,0
70852,0
70853,0
70854,0
70855,0
70856,0
70857,0
70858,0
70859,0
70860,0
70861,0
70862,0
70863,0
70864,0
70865,3
70866,1
70867,3
70868,3
70869,3
70870,3
70871,3
70872,0
70873,2
70874,2
70875,0
70876,0
70877,0
70878,2
70879,2
70880,3
70881,3
70882,2
70883,0
70884,0
70885,2
70886,0
70887,0
70888,0
70889,0
70890,0
70891,0
70892,0
70893,0
70894,0
70895,0
70896,0
70897,2
70898,0
70899,0
70900,0
70901,2
70902,2
70903,0
70904,3
70905,2
70906,0
70907,3
70908,3
70909,0
70910,0
70911,3
70912,2
70913,3
70914,3
70915,2
70916,3
70917,1
70918,0
70919,1
70920,3
70921,2
70922,2
70923,2
70924,2
70925,0
70926,2
70927,2
70928,0
70929,2
70930,2
70931,2
70932,0
70933,2
70934,3
70935,0
70936,0
70937,0
70938,0
70939,0
70940,0
70941,0
70942,2
70943,0
70944,0
70945,0
70946,0
70947,0
70948,0
70949,0
70950,0
70951,0
70952,0
70953,0
70954,0
70955,0
70956,0
70957,2
70958,0
70959,0
70960,0
70961,0
70962,0
70963,0
70964,0
70965,0
70966,0
70967,0
70968,0
70969,0
70970,0
70971,0
70972,0
70973,0
70974,0
70975,0
70976,0
70977,0
70978,0
70979,2
70980,3
70981,2
70982,2
70983,3
70984,3
70985,3
70986,0
70987,0
70988,3
70989,0
70990,0
70991,2
70992,0
70993,0
70994,2
70995,2
70996,2
70997,0
70998,2
70999,2
71000,2
71001,2
71002,2
71003,2
71004,2
71005,2
71006,2
71007,2
71008,3
71009,3
71010,0
71011,3
71012,0
71013,0
71014,0
71015,0
71016,0
71017,0
71018,0
71019,0
71020,3
71021,3
71022,3
71023,2
71024,0
71025,2
71026,2
71027,2
71028,2
71029,2
71030,3
71031,2
71032,0
71033,3
71034,0
71035,0
71036,0
71037,0
71038,0
71039,0
71040,0
71041,0
71042,0
71043,0
71044,0
71045,0
71046,2
71047,3
71048,3
71049,0
71050,2
71051,0
71052,0
71053,0
71054,0
71055,0
71056,0
71057,0
71058,0
71059,0
71060,3
71061,2
71062,0
71063,2
71064,2
71065,0
71066,2
71067,0
71068,0
71069,3
71070,0
71071,3
71072,2
71073,2
71074,2
71075,0
71076,0
71077,0
71078,0
71079,3
71080,3
71081,0
71082,0
71083,3
71084,0
71085,3
71086,0
71087,0
71088,3
71089,2
71090,2
71091,2
71092,2
71093,0
71094,0
71095,0
71096,0
71097,0
71098,0
71099,0
71100,2
71101,0
71102,0
71103,0
71104,0
71105,0
71106,0
71107,0
71108,0
71109,3
71110,0
71111,2
71112,2
71113,0
71114,2
71115,2
71116,3
71117,2
71118,2
71119,3
71120,0
71121,0
71122,2
71123,2
71124,3
71125,2
71126,2
71127,3
71128,3
71129,3
71130,3
71131,3
71132,3
71133,3
71134,0
71135,0
71136,0
71137,0
71138,0
71139,0
71140,0
71141,2
71142,2
71143,2
71144,0
71145,3
71146,2
71147,3
71148,3
71149,3
71150,1
71151,0
71152,0
71153,0
71154,2
71155,0
71156,3
71157,0
71158,0
71159,0
71160,0
71161,0
71162,0
71163,0
71164,0
71165,0
71166,0
71167,2
71168,2
71169,2
71170,2
71171,2
71172,3
71173,2
71174,3
71175,3
71176,2
71177,3
71178,3
71179,2
71180,3
71181,2
71182,3
71183,1
71184,2
71185,3
71186,3
71187,3
71188,2
71189,2
71190,2
71191,2
71192,2
71193,3
71194,3
71195,1
71196,2
71197,2
71198,2
71199,3
71200,3
71201,3
71202,3
71203,3
71204,3
71205,3
71206,3
71207,3
71208,1
71209,3
71210,3
71211,3
71212,3
71213,3
71214,2
71215,3
71216,3
71217,3
71218,3
71219,2
71220,0
71221,2
71222,2
71223,0
71224,2
71225,2
71226,2
71227,2
71228,2
71229,2
71230,2
71231,0
71232,2
71233,2
71234,2
71235,2
71236,0
71237,0
71238,2
71239,2
71240,2
71241,2
71242,2
71243,2
71244,0
71245,2
71246,2
71247,2
71248,2
71249,2
71250,2
71251,2
71252,2
71253,2
71254,2
71255,2
71256,3
71257,3
71258,3
71259,3
71260,3
71261,2
71262,2
71263,2
71264,3
71265,2
71266,3
71267,0
71268,3
71269,3
71270,3
71271,3
71272,2
71273,3
71274,2
71275,3
71276,3
71277,3
71278,3
71279,2
71280,1
71281,3
71282,0
71283,3
71284,3
71285,3
71286,2
71287,3
71288,2
71289,2
71290,3
71291,3
71292,2
71293,2
71294,1
71295,3
71296,2
71297,3
71298,2
71299,1
71300,3
71301,3
71302,3
71303,2
71304,2
71305,2
71306,0
71307,2
71308,2
71309,2
71310,2
71311,2
71312,2
71313,2
71314,0
71315,2
71316,2
71317,0
71318,3
71319,2
71320,0
71321,3
71322,2
71323,2
71324,2
71325,2
71326,2
71327,2
71328,1
71329,2
71330,3
71331,0
71332,3
71333,0
71334,2
71335,2
71336,2
71337,2
71338,2
71339,2
71340,2
71341,2
71342,0
71343,0
71344,0
71345,0
71346,0
71347,2
71348,2
71349,0
71350,2
71351,3
71352,0
71353,0
71354,0
71355,1
71356,0
71357,3
71358,3
71359,1
71360,0
71361,0
71362,2
71363,3
71364,2
71365,0
71366,3
71367,0
71368,0
71369,0
71370,0
71371,0
71372,0
71373,0
71374,0
71375,0
71376,0
71377,0
71378,0
71379,0
71380,0
71381,0
71382,0
71383,2
71384,0
71385,0
71386,3
71387,2
71388,3
71389,0
71390,2
71391,0
71392,0
71393,0
71394,0
71395,0
71396,0
71397,0
71398,0
71399,0
71400,0
71401,0
71402,0
71403,0
71404,0
71405,0
71406,3
71407,0
71408,0
71409,0
71410,0
71411,0
71412,0
71413,3
71414,0
71415,0
71416,0
71417,0
71418,2
71419,0
71420,0
71421,0
71422,0
71423,0
71424,0
71425,0
71426,0
71427,0
71428,2
71429,3
71430,0
71431,1
71432,3
71433,3
71434,3
71435,3
71436,3
71437,3
71438,3
71439,3
71440,3
71441,2
71442,3
71443,3
71444,3
71445,3
71446,3
71447,0
71448,3
71449,2
71450,1
71451,1
71452,1
71453,1
71454,0
71455,3
71456,3
71457,2
71458,3
71459,3
71460,3
71461,3
71462,1
71463,3
71464,1
71465,3
71466,3
71467,3
71468,1
71469,3
71470,2
71471,3
71472,3
71473,3
71474,3
71475,3
71476,2
71477,2
71478,3
71479,2
71480,2
71481,2
71482,2
71483,2
71484,2
71485,2
71486,3
71487,2
71488,3
71489,2
71490,2
71491,3
71492,3
71493,3
71494,1
71495,2
71496,2
71497,3
71498,3
71499,2
71500,2
71501,3
71502,2
71503,2
71504,2
71505,3
71506,2
71507,3
71508,2
71509,2
71510,2
71511,2
71512,1
71513,3
71514,3
71515,3
71516,2
71517,2
71518,3
71519,3
71520,2
71521,0
71522,3
71523,2
71524,3
71525,2
71526,2
71527,2
71528,2
71529,2
71530,0
71531,0
71532,0
71533,2
71534,3
71535,3
71536,3
71537,3
71538,3
71539,3
71540,3
71541,3
71542,2
71543,3
71544,2
71545,3
71546,3
71547,3
71548,3
71549,3
71550,3
71551,3
71552,3
71553,3
71554,3
71555,3
71556,3
71557,3
71558,3
71559,3
71560,3
71561,3
71562,1
71563,3
71564,3
71565,3
71566,3
71567,2
71568,3
71569,3
71570,3
71571,3
71572,3
71573,0
71574,0
71575,3
71576,0
71577,0
71578,0
71579,0
71580,0
71581,0
71582,0
71583,0
71584,0
71585,0
71586,0
71587,0
71588,0
71589,0
71590,0
71591,0
71592,0
71593,0
71594,0
71595,0
71596,0
71597,0
71598,3
71599,0
71600,0
71601,0
71602,0
71603,0
71604,3
71605,2
71606,2
71607,1
71608,3
71609,3
71610,3
71611,0
71612,2
71613,3
71614,2
71615,2
71616,2
71617,3
71618,3
71619,2
71620,0
71621,2
71622,3
71623,3
71624,2
71625,2
71626,2
71627,0
71628,3
71629,0
71630,2
71631,2
71632,3
71633,1
71634,3
71635,1
71636,1
71637,1
71638,2
71639,3
71640,1
71641,1
71642,3
71643,3
71644,1
71645,3
71646,3
71647,3
71648,3
71649,3
71650,3
71651,3
71652,0
71653,0
71654,0
71655,3
71656,3
71657,3
71658,3
71659,1
71660,0
71661,2
71662,2
71663,3
71664,3
71665,3
71666,3
71667,3
71668,3
71669,2
71670,2
71671,1
71672,1
71673,1
71674,1
71675,1
71676,1
71677,3
71678,1
71679,1
71680,1
71681,1
71682,3
71683,3
71684,3
71685,3
71686,3
71687,1
71688,1
71689,1
71690,1
71691,1
71692,1
71693,1
71694,1
71695,1
71696,1
71697,3
71698,1
71699,3
71700,1
71701,1
71702,1
71703,1
71704,1
71705,3
71706,1
71707,1
71708,1
71709,1
71710,1
71711,3
71712,2
71713,3
71714,3
71715,3
71716,3
71717,3
71718,3
71719,3
71720,3
71721,0
71722,0
71723,0
71724,0
71725,3
71726,1
71727,1
71728,1
71729,1
71730,1
71731,1
71732,1
71733,1
71734,1
71735,3
71736,3
71737,3
71738,3
71739,3
71740,3
71741,1
71742,3
71743,2
71744,2
71745,3
71746,3
71747,0
71748,3
71749,3
71750,2
71751,2
71752,2
71753,3
71754,3
71755,2
71756,3
71757,2
71758,1
71759,1
71760,1
71761,1
71762,1
71763,2
71764,3
71765,3
71766,3
71767,2
71768,2
71769,3
71770,3
71771,3
71772,3
71773,2
71774,2
71775,2
71776,2
71777,2
71778,3
71779,2
71780,2
71781,2
71782,2
71783,2
71784,2
71785,2
71786,2
71787,2
71788,2
71789,2
71790,2
71791,0
71792,3
71793,2
71794,2
71795,2
71796,0
71797,2
71798,2
71799,2
71800,3
71801,2
71802,2
71803,2
71804,3
71805,2
71806,2
71807,2
71808,3
71809,3
71810,0
71811,2
71812,2
71813,2
71814,2
71815,2
71816,3
71817,0
71818,2
71819,3
71820,2
71821,2
71822,2
71823,2
71824,2
71825,2
71826,2
71827,2
71828,2
71829,2
71830,2
71831,2
71832,2
71833,2
71834,2
71835,2
71836,2
71837,2
71838,2
71839,2
71840,2
71841,2
71842,2
71843,2
71844,2
71845,2
71846,3
71847,2
71848,2
71849,2
71850,3
71851,2
71852,2
71853,2
71854,3
71855,1
71856,3
71857,2
71858,2
71859,2
71860,2
71861,2
71862,2
71863,2
71864,2
71865,2
71866,2
71867,2
71868,2
71869,2
71870,2
71871,2
71872,2
71873,2
71874,2
71875,2
71876,2
71877,2
71878,2
71879,2
71880,2
71881,2
71882,2
71883,2
71884,2
71885,2
71886,2
71887,2
71888,2
71889,2
71890,2
71891,2
71892,2
71893,2
71894,2
71895,2
71896,2
71897,2
71898,2
71899,2
71900,2
71901,2
71902,2
71903,3
71904,2
71905,3
71906,2
71907,2
71908,2
71909,2
71910,2
71911,2
71912,2
71913,2
71914,1
71915,2
71916,2
71917,1
71918,1
71919,3
71920,1
71921,3
71922,1
71923,1
71924,1
71925,1
71926,1
71927,1
71928,3
71929,2
71930,2
71931,2
71932,3
71933,2
71934,2
71935,3
71936,3
71937,3
71938,3
71939,3
71940,3
71941,3
71942,3
71943,3
71944,3
71945,0
71946,0
71947,0
71948,0
71949,0
71950,1
71951,2
71952,3
71953,2
71954,2
71955,1
71956,1
71957,1
71958,3
71959,2
71960,2
71961,2
71962,2
71963,3
71964,2
71965,0
71966,0
71967,0
71968,0
71969,0
71970,0
71971,3
71972,0
71973,0
71974,0
71975,0
71976,0
71977,0
71978,3
71979,3
71980,3
71981,3
71982,3
71983,2
71984,3
71985,1
71986,1
71987,3
71988,2
71989,1
71990,1
71991,3
71992,0
71993,0
71994,0
71995,0
71996,0
71997,0
71998,0
71999,0
72000,0
72001,0
72002,0
72003,0
72004,0
72005,0
72006,0
72007,0
72008,0
72009,0
72010,2
72011,3
72012,3
72013,3
72014,3
72015,1
72016,1
72017,3
72018,3
72019,0
72020,0
72021,3
72022,3
72023,3
72024,3
72025,0
72026,0
72027,0
72028,3
72029,0
72030,3
72031,3
72032,3
72033,3
72034,0
72035,0
72036,1
72037,0
72038,2
72039,0
72040,3
72041,3
72042,2
72043,3
72044,2
72045,2
72046,3
72047,2
72048,3
72049,0
72050,0
72051,0
72052,2
72053,2
72054,3
72055,3
72056,3
72057,2
72058,3
72059,3
72060,2
72061,3
72062,3
72063,2
72064,3
72065,2
72066,2
72067,3
72068,3
72069,3
72070,0
72071,2
72072,2
72073,2
72074,2
72075,2
72076,2
72077,2
72078,3
72079,2
72080,3
72081,2
72082,3
72083,2
72084,3
72085,2
72086,2
72087,3
72088,2
72089,2
72090,1
72091,1
72092,1
72093,0
72094,2
72095,0
72096,0
72097,0
72098,2
72099,2
72100,2
72101,0
72102,2
72103,2
72104,3
72105,3
72106,1
72107,3
72108,2
72109,3
72110,3
72111,2
72112,2
72113,2
72114,0
72115,0
72116,2
72117,0
72118,0
72119,0
72120,0
72121,2
72122,0
72123,2
72124,0
72125,0
72126,3
72127,2
72128,2
72129,2
72130,2
72131,2
72132,2
72133,3
72134,3
72135,3
72136,3
72137,1
72138,3
72139,3
72140,3
72141,3
72142,2
72143,0
72144,2
72145,2
72146,2
72147,2
72148,3
72149,2
72150,0
72151,2
72152,2
72153,2
72154,2
72155,3
72156,1
72157,1
72158,3
72159,3
72160,3
72161,3
72162,3
72163,3
72164,3
72165,3
72166,2
72167,3
72168,3
72169,3
72170,1
72171,1
72172,3
72173,1
72174,2
72175,2
72176,3
72177,2
72178,2
72179,2
72180,2
72181,2
72182,3
72183,2
72184,2
72185,2
72186,2
72187,2
72188,2
72189,2
72190,2
72191,0
72192,3
72193,2
72194,3
72195,2
72196,2
72197,2
72198,3
72199,3
72200,2
72201,2
72202,2
72203,2
72204,2
72205,2
72206,2
72207,2
72208,2
72209,2
72210,2
72211,2
72212,2
72213,2
72214,2
72215,2
72216,2
72217,2
72218,2
72219,2
72220,2
72221,2
72222,2
72223,2
72224,2
72225,2
72226,2
72227,2
72228,2
72229,2
72230,2
72231,2
72232,3
72233,3
72234,2
72235,3
72236,2
72237,1
72238,1
72239,3
72240,3
72241,1
72242,3
72243,2
72244,2
72245,3
72246,2
72247,2
72248,3
72249,1
72250,3
72251,3
72252,1
72253,0
72254,0
72255,0
72256,2
72257,2
72258,3
72259,2
72260,3
72261,2
72262,2
72263,3
72264,2
72265,0
72266,2
72267,2
72268,2
72269,2
72270,2
72271,2
72272,2
72273,2
72274,0
72275,0
72276,0
72277,1
72278,0
72279,2
72280,0
72281,0
72282,3
72283,0
72284,0
72285,2
72286,0
72287,3
72288,2
72289,2
72290,2
72291,0
72292,3
72293,3
72294,3
72295,3
72296,3
72297,3
72298,1
72299,3
72300,1
72301,2
72302,1
72303,3
72304,2
72305,2
72306,3
72307,2
72308,3
72309,3
72310,1
72311,3
72312,3
72313,1
72314,3
72315,3
72316,3
72317,3
72318,1
72319,1
72320,3
72321,3
72322,1
72323,3
72324,3
72325,3
72326,3
72327,3
72328,3
72329,3
72330,2
72331,3
72332,1
72333,3
72334,3
72335,3
72336,1
72337,3
72338,3
72339,3
72340,3
72341,3
72342,1
72343,3
72344,0
72345,3
72346,3
72347,3
72348,3
72349,3
72350,3
72351,3
72352,3
72353,3
72354,3
72355,3
72356,2
72357,3
72358,3
72359,3
72360,3
72361,3
72362,3
72363,1
72364,3
72365,3
72366,3
72367,2
72368,3
72369,3
72370,3
72371,1
72372,1
72373,1
72374,2
72375,2
72376,1
72377,1
72378,3
72379,3
72380,3
72381,3
72382,3
72383,3
72384,3
72385,2
72386,2
72387,2
72388,3
72389,3
72390,1
72391,1
72392,0
72393,3
72394,2
72395,0
72396,3
72397,0
72398,0
72399,3
72400,3
72401,3
72402,3
72403,3
72404,3
72405,3
72406,3
72407,2
72408,3
72409,3
72410,3
72411,3
72412,3
72413,3
72414,2
72415,3
72416,2
72417,3
72418,3
72419,3
72420,3
72421,1
72422,2
72423,2
72424,3
72425,3
72426,3
72427,3
72428,3
72429,3
72430,2
72431,2
72432,3
72433,3
72434,2
72435,2
72436,2
72437,2
72438,3
72439,3
72440,2
72441,2
72442,3
72443,3
72444,2
72445,2
72446,2
72447,2
72448,3
72449,2
72450,2
72451,2
72452,2
72453,3
72454,2
72455,1
72456,2
72457,3
72458,3
72459,1
72460,3
72461,2
72462,3
72463,1
72464,2
72465,2
72466,2
72467,2
72468,2
72469,2
72470,2
72471,2
72472,2
72473,0
72474,2
72475,2
72476,2
72477,3
72478,3
72479,3
72480,2
72481,0
72482,2
72483,2
72484,2
72485,3
72486,2
72487,3
72488,2
72489,2
72490,2
72491,1
72492,3
72493,2
72494,2
72495,3
72496,3
72497,3
72498,3
72499,3
72500,3
72501,3
72502,3
72503,3
72504,2
72505,3
72506,3
72507,3
72508,3
72509,3
72510,2
72511,2
72512,0
72513,2
72514,3
72515,3
72516,3
72517,1
72518,3
72519,3
72520,3
72521,0
72522,0
72523,2
72524,2
72525,2
72526,3
72527,0
72528,3
72529,3
72530,3
72531,0
72532,3
72533,3
72534,3
72535,0
72536,0
72537,3
72538,0
72539,0
72540,3
72541,0
72542,3
72543,3
72544,3
72545,0
72546,0
72547,1
72548,1
72549,0
72550,2
72551,1
72552,3
72553,2
72554,2
72555,3
72556,1
72557,3
72558,3
72559,3
72560,1
72561,1
72562,1
72563,3
72564,1
72565,1
72566,0
72567,1
72568,1
72569,0
72570,2
72571,2
72572,3
72573,2
72574,2
72575,3
72576,2
72577,2
72578,3
72579,0
72580,3
72581,1
72582,1
72583,3
72584,2
72585,2
72586,2
72587,2
72588,2
72589,2
72590,0
72591,2
72592,2
72593,0
72594,0
72595,2
72596,1
72597,1
72598,2
72599,3
72600,2
72601,2
72602,3
72603,3
72604,3
72605,3
72606,3
72607,3
72608,3
72609,2
72610,3
72611,3
72612,3
72613,3
72614,3
72615,3
72616,3
72617,3
72618,2
72619,3
72620,0
72621,3
72622,3
72623,3
72624,3
72625,3
72626,3
72627,0
72628,0
72629,3
72630,3
72631,3
72632,0
72633,0
72634,3
72635,3
72636,2
72637,2
72638,2
72639,0
72640,3
72641,0
72642,2
72643,2
72644,2
72645,3
72646,2
72647,2
72648,2
72649,2
72650,0
72651,3
72652,0
72653,0
72654,0
72655,0
72656,0
72657,3
72658,3
72659,2
72660,0
72661,0
72662,0
72663,0
72664,0
72665,0
72666,0
72667,3
72668,0
72669,2
72670,2
72671,0
72672,0
72673,0
72674,3
72675,2
72676,0
72677,0
72678,3
72679,0
72680,2
72681,2
72682,2
72683,2
72684,2
72685,2
72686,3
72687,3
72688,3
72689,2
72690,2
72691,3
72692,3
72693,0
72694,3
72695,3
72696,0
72697,3
72698,3
72699,2
72700,0
72701,3
72702,3
72703,2
72704,3
72705,3
72706,0
72707,2
72708,3
72709,2
72710,2
72711,0
72712,3
72713,2
72714,0
72715,2
72716,2
72717,3
72718,3
72719,0
72720,0
72721,0
72722,0
72723,0
72724,0
72725,3
72726,0
72727,0
72728,2
72729,2
72730,0
72731,3
72732,0
72733,3
72734,0
72735,0
72736,0
72737,0
72738,0
72739,0
72740,3
72741,3
72742,3
72743,3
72744,0
72745,0
72746,3
72747,3
72748,3
72749,0
72750,3
72751,3
72752,2
72753,0
72754,0
72755,0
72756,3
72757,0
72758,3
72759,0
72760,0
72761,0
72762,0
72763,0
72764,3
72765,2
72766,0
72767,1
72768,0
72769,2
72770,0
72771,0
72772,0
72773,0
72774,3
72775,3
72776,0
72777,0
72778,0
72779,0
72780,3
72781,3
72782,3
72783,3
72784,0
72785,2
72786,2
72787,2
72788,3
72789,3
72790,3
72791,3
72792,3
72793,2
72794,0
72795,3
72796,3
72797,3
72798,0
72799,3
72800,3
72801,3
72802,3
72803,3
72804,2
72805,3
72806,2
72807,2
72808,2
72809,3
72810,2
72811,3
72812,3
72813,3
72814,3
72815,3
72816,3
72817,3
72818,3
72819,2
72820,3
72821,3
72822,3
72823,3
72824,2
72825,3
72826,2
72827,2
72828,1
72829,2
72830,3
72831,3
72832,3
72833,3
72834,2
72835,2
72836,3
72837,2
72838,3
72839,2
72840,0
72841,0
72842,3
72843,3
72844,3
72845,2
72846,3
72847,3
72848,2
72849,3
72850,3
72851,3
72852,3
72853,2
72854,2
72855,2
72856,3
72857,2
72858,2
72859,2
72860,1
72861,3
72862,2
72863,3
72864,2
72865,3
72866,3
72867,1
72868,2
72869,3
72870,1
72871,1
72872,1
72873,1
72874,1
72875,3
72876,0
72877,2
72878,2
72879,3
72880,2
72881,3
72882,3
72883,2
72884,3
72885,3
72886,2
72887,3
72888,3
72889,3
72890,3
72891,3
72892,3
72893,3
72894,2
72895,2
72896,1
72897,3
72898,2
72899,2
72900,2
72901,2
72902,3
72903,3
72904,3
72905,3
72906,3
72907,2
72908,2
72909,3
72910,3
72911,3
72912,3
72913,3
72914,2
72915,3
72916,2
72917,3
72918,3
72919,2
72920,3
72921,2
72922,2
72923,2
72924,3
72925,3
72926,3
72927,2
72928,2
72929,2
72930,2
72931,3
72932,3
72933,3
72934,2
72935,2
72936,3
72937,2
72938,3
72939,3
72940,3
72941,3
72942,2
72943,2
72944,2
72945,2
72946,2
72947,2
72948,3
72949,3
72950,3
72951,2
72952,3
72953,2
72954,3
72955,1
72956,1
72957,3
72958,3
72959,3
72960,2
72961,2
72962,3
72963,2
72964,2
72965,2
72966,3
72967,3
72968,3
72969,3
72970,3
72971,2
72972,2
72973,2
72974,2
72975,2
72976,2
72977,2
72978,2
72979,2
72980,1
72981,2
72982,3
72983,3
72984,2
72985,2
72986,2
72987,2
72988,0
72989,2
72990,2
72991,2
72992,2
72993,2
72994,0
72995,0
72996,3
72997,2
72998,3
72999,3
73000,3
73001,3
73002,3
73003,3
73004,3
73005,3
73006,3
73007,3
73008,3
73009,3
73010,3
73011,3
73012,3
73013,2
73014,2
73015,3
73016,2
73017,3
73018,2
73019,3
73020,2
73021,2
73022,0
73023,3
73024,2
73025,3
73026,3
73027,3
73028,3
73029,3
73030,3
73031,2
73032,3
73033,3
73034,2
73035,3
73036,3
73037,3
73038,3
73039,2
73040,2
73041,3
73042,3
73043,2
73044,2
73045,2
73046,3
73047,2
73048,3
73049,2
73050,3
73051,2
73052,3
73053,2
73054,3
73055,2
73056,2
73057,2
73058,2
73059,2
73060,3
73061,3
73062,3
73063,3
73064,3
73065,3
73066,3
73067,3
73068,2
73069,3
73070,3
73071,2
73072,3
73073,3
73074,3
73075,2
73076,2
73077,3
73078,3
73079,3
73080,3
73081,2
73082,2
73083,2
73084,2
73085,3
73086,2
73087,3
73088,3
73089,3
73090,3
73091,3
73092,2
73093,3
73094,3
73095,3
73096,3
73097,3
73098,3
73099,3
73100,2
73101,3
73102,2
73103,2
73104,3
73105,3
73106,2
73107,2
73108,2
73109,2
73110,2
73111,3
73112,3
73113,2
73114,3
73115,3
73116,2
73117,2
73118,3
73119,3
73120,3
73121,3
73122,2
73123,2
73124,2
73125,2
73126,3
73127,3
73128,3
73129,3
73130,3
73131,2
73132,3
73133,2
73134,2
73135,2
73136,3
73137,3
73138,2
73139,0
73140,3
73141,0
73142,2
73143,3
73144,0
73145,3
73146,3
73147,3
73148,3
73149,2
73150,3
73151,2
73152,2
73153,2
73154,3
73155,3
73156,3
73157,3
73158,2
73159,3
73160,3
73161,3
73162,2
73163,3
73164,3
73165,2
73166,3
73167,3
73168,3
73169,3
73170,3
73171,3
73172,3
73173,3
73174,3
73175,3
73176,3
73177,3
73178,3
73179,2
73180,2
73181,3
73182,3
73183,3
73184,3
73185,3
73186,3
73187,0
73188,2
73189,3
73190,2
73191,3
73192,3
73193,2
73194,1
73195,3
73196,2
73197,3
73198,2
73199,2
73200,2
73201,3
73202,2
73203,2
73204,3
73205,3
73206,3
73207,2
73208,2
73209,3
73210,3
73211,3
73212,2
73213,2
73214,2
73215,3
73216,3
73217,3
73218,3
73219,2
73220,3
73221,3
73222,3
73223,3
73224,3
73225,3
73226,3
73227,3
73228,3
73229,2
73230,2
73231,3
73232,3
73233,3
73234,3
73235,3
73236,3
73237,3
73238,3
73239,2
73240,3
73241,3
73242,3
73243,2
73244,2
73245,0
73246,3
73247,2
73248,2
73249,2
73250,3
73251,3
73252,2
73253,3
73254,2
73255,2
73256,2
73257,1
73258,3
73259,2
73260,2
73261,2
73262,0
73263,0
73264,2
73265,2
73266,3
73267,2
73268,0
73269,2
73270,2
73271,2
73272,3
73273,2
73274,2
73275,2
73276,3
73277,3
73278,3
73279,2
73280,2
73281,0
73282,0
73283,3
73284,3
73285,3
73286,3
73287,3
73288,3
73289,3
73290,2
73291,3
73292,2
73293,2
73294,2
73295,3
73296,3
73297,2
73298,2
73299,2
73300,2
73301,2
73302,2
73303,2
73304,2
73305,2
73306,2
73307,2
73308,2
73309,2
73310,2
73311,2
73312,2
73313,2
73314,2
73315,2
73316,2
73317,2
73318,2
73319,2
73320,2
73321,3
73322,2
73323,2
73324,2
73325,2
73326,2
73327,2
73328,2
73329,2
73330,2
73331,2
73332,2
73333,2
73334,2
73335,2
73336,2
73337,2
73338,2
73339,2
73340,2
73341,2
73342,2
73343,2
73344,2
73345,2
73346,2
73347,2
73348,2
73349,2
73350,3
73351,2
73352,2
73353,2
73354,2
73355,2
73356,2
73357,2
73358,2
73359,2
73360,2
73361,2
73362,2
73363,2
73364,2
73365,2
73366,2
73367,2
73368,2
73369,2
73370,2
73371,2
73372,2
73373,2
73374,2
73375,2
73376,2
73377,2
73378,2
73379,2
73380,2
73381,2
73382,2
73383,2
73384,2
73385,2
73386,2
73387,2
73388,2
73389,2
73390,2
73391,2
73392,2
73393,2
73394,2
73395,2
73396,2
73397,2
73398,2
73399,2
73400,2
73401,2
73402,2
73403,2
73404,2
73405,2
73406,2
73407,2
73408,2
73409,2
73410,2
73411,2
73412,2
73413,2
73414,2
73415,2
73416,2
73417,2
73418,3
73419,2
73420,2
73421,2
73422,2
73423,2
73424,2
73425,3
73426,2
73427,3
73428,2
73429,2
73430,2
73431,2
73432,2
73433,2
73434,2
73435,2
73436,2
73437,2
73438,2
73439,2
73440,2
73441,2
73442,2
73443,2
73444,2
73445,2
73446,2
73447,2
73448,2
73449,2
73450,2
73451,2
73452,2
73453,2
73454,2
73455,2
73456,2
73457,2
73458,2
73459,2
73460,2
73461,2
73462,2
73463,2
73464,2
73465,2
73466,2
73467,2
73468,2
73469,2
73470,2
73471,2
73472,2
73473,2
73474,2
73475,2
73476,2
73477,2
73478,2
73479,2
73480,2
73481,2
73482,2
73483,2
73484,2
73485,2
73486,2
73487,2
73488,2
73489,2
73490,2
73491,2
73492,2
73493,2
73494,2
73495,2
73496,2
73497,2
73498,2
73499,2
73500,2
73501,2
73502,2
73503,2
73504,2
73505,2
73506,3
73507,2
73508,2
73509,2
73510,2
73511,2
73512,2
73513,2
73514,2
73515,2
73516,2
73517,2
73518,2
73519,3
73520,2
73521,2
73522,2
73523,2
73524,2
73525,2
73526,2
73527,2
73528,2
73529,2
73530,2
73531,2
73532,2
73533,2
73534,2
73535,2
73536,2
73537,2
73538,2
73539,2
73540,2
73541,2
73542,2
73543,2
73544,2
73545,2
73546,2
73547,2
73548,2
73549,2
73550,2
73551,2
73552,2
73553,2
73554,2
73555,2
73556,2
73557,2
73558,2
73559,2
73560,2
73561,2
73562,2
73563,2
73564,2
73565,2
73566,2
73567,2
73568,2
73569,2
73570,2
73571,2
73572,2
73573,2
73574,2
73575,2
73576,2
73577,2
73578,2
73579,2
73580,2
73581,2
73582,2
73583,2
73584,2
73585,2
73586,2
73587,2
73588,2
73589,2
73590,2
73591,2
73592,2
73593,2
73594,2
73595,2
73596,2
73597,2
73598,2
73599,2
73600,2
73601,2
73602,2
73603,2
73604,2
73605,2
73606,2
73607,2
73608,2
73609,2
73610,2
73611,2
73612,2
73613,2
73614,2
73615,2
73616,2
73617,2
73618,2
73619,2
73620,2
73621,2
73622,2
73623,2
73624,2
73625,2
73626,3
73627,2
73628,2
73629,2
73630,2
73631,2
73632,2
73633,2
73634,2
73635,2
73636,2
73637,2
73638,2
73639,2
73640,2
73641,2
73642,2
73643,2
73644,2
73645,2
73646,2
73647,2
73648,2
73649,2
73650,2
73651,2
73652,3
73653,2
73654,3
73655,2
73656,2
73657,2
73658,2
73659,2
73660,3
73661,2
73662,2
73663,2
73664,2
73665,2
73666,2
73667,2
73668,2
73669,2
73670,2
73671,2
73672,2
73673,2
73674,2
73675,2
73676,2
73677,2
73678,2
73679,2
73680,2
73681,2
73682,2
73683,2
73684,2
73685,2
73686,2
73687,2
73688,2
73689,2
73690,2
73691,2
73692,2
73693,2
73694,2
73695,2
73696,2
73697,2
73698,2
73699,2
73700,2
73701,2
73702,2
73703,2
73704,2
73705,2
73706,2
73707,2
73708,2
73709,2
73710,2
73711,2
73712,2
73713,2
73714,2
73715,2
73716,2
73717,2
73718,2
73719,2
73720,2
73721,2
73722,2
73723,2
73724,2
73725,2
73726,2
73727,2
73728,2
73729,2
73730,2
73731,2
73732,3
73733,2
73734,2
73735,2
73736,2
73737,2
73738,2
73739,2
73740,2
73741,2
73742,2
73743,2
73744,2
73745,2
73746,2
73747,2
73748,2
73749,2
73750,2
73751,2
73752,2
73753,2
73754,2
73755,2
73756,2
73757,2
73758,2
73759,3
73760,2
73761,2
73762,2
73763,2
73764,2
73765,2
73766,2
73767,2
73768,2
73769,2
73770,2
73771,2
73772,2
73773,2
73774,2
73775,2
73776,2
73777,2
73778,2
73779,2
73780,2
73781,3
73782,3
73783,3
73784,2
73785,3
73786,2
73787,2
73788,2
73789,2
73790,2
73791,2
73792,2
73793,2
73794,2
73795,2
73796,2
73797,2
73798,2
73799,2
73800,2
73801,2
73802,2
73803,2
73804,2
73805,2
73806,2
73807,2
73808,2
73809,2
73810,2
73811,2
73812,2
73813,2
73814,2
73815,2
73816,2
73817,2
73818,2
73819,2
73820,2
73821,2
73822,2
73823,2
73824,2
73825,2
73826,2
73827,2
73828,2
73829,2
73830,2
73831,2
73832,2
73833,2
73834,2
73835,2
73836,2
73837,2
73838,2
73839,2
73840,2
73841,2
73842,2
73843,3
73844,2
73845,2
73846,2
73847,2
73848,2
73849,2
73850,2
73851,2
73852,2
73853,2
73854,2
73855,2
73856,2
73857,2
73858,2
73859,2
73860,2
73861,2
73862,2
73863,2
73864,2
73865,2
73866,2
73867,2
73868,2
73869,2
73870,2
73871,2
73872,2
73873,2
73874,2
73875,2
73876,2
73877,2
73878,2
73879,2
73880,2
73881,2
73882,2
73883,2
73884,2
73885,2
73886,2
73887,2
73888,2
73889,2
73890,2
73891,2
73892,2
73893,2
73894,2
73895,2
73896,2
73897,2
73898,2
73899,2
73900,2
73901,2
73902,2
73903,2
73904,2
73905,2
73906,2
73907,2
73908,2
73909,2
73910,2
73911,2
73912,2
73913,2
73914,2
73915,2
73916,2
73917,2
73918,2
73919,2
73920,2
73921,2
73922,2
73923,2
73924,2
73925,2
73926,2
73927,2
73928,2
73929,2
73930,2
73931,2
73932,2
73933,2
73934,2
73935,2
73936,2
73937,2
73938,2
73939,2
73940,2
73941,2
73942,2
73943,2
73944,2
73945,2
73946,2
73947,2
73948,2
73949,2
73950,2
73951,2
73952,2
73953,2
73954,2
73955,2
73956,2
73957,2
73958,2
73959,2
73960,2
73961,2
73962,2
73963,2
73964,2
73965,2
73966,2
73967,2
73968,2
73969,2
73970,2
73971,2
73972,2
73973,2
73974,2
73975,2
73976,2
73977,2
73978,2
73979,2
73980,2
73981,2
73982,2
73983,2
73984,2
73985,2
73986,2
73987,2
73988,2
73989,2
73990,2
73991,2
73992,2
73993,2
73994,2
73995,2
73996,2
73997,2
73998,2
73999,2
74000,2
74001,2
74002,2
74003,2
74004,2
74005,2
74006,2
74007,2
74008,2
74009,2
74010,2
74011,2
74012,2
74013,2
74014,2
74015,2
74016,2
74017,2
74018,2
74019,2
74020,2
74021,2
74022,2
74023,2
74024,2
74025,2
74026,2
74027,2
74028,2
74029,2
74030,2
74031,2
74032,2
74033,2
74034,2
74035,2
74036,2
74037,3
74038,2
74039,2
74040,2
74041,2
74042,2
74043,2
74044,2
74045,2
74046,2
74047,2
74048,2
74049,2
74050,2
74051,2
74052,2
74053,2
74054,2
74055,2
74056,2
74057,2
74058,2
74059,2
74060,2
74061,2
74062,2
74063,2
74064,2
74065,2
74066,3
74067,2
74068,2
74069,2
74070,2
74071,2
74072,2
74073,2
74074,2
74075,2
74076,2
74077,2
74078,2
74079,2
74080,2
74081,2
74082,2
74083,2
74084,2
74085,2
74086,2
74087,2
74088,2
74089,2
74090,2
74091,2
74092,2
74093,2
74094,2
74095,2
74096,2
74097,2
74098,2
74099,2
74100,2
74101,2
74102,2
74103,2
74104,2
74105,2
74106,2
74107,2
74108,2
74109,2
74110,3
74111,2
74112,2
74113,2
74114,2
74115,2
74116,2
74117,2
74118,2
74119,2
74120,2
74121,3
74122,2
74123,2
74124,2
74125,2
74126,2
74127,2
74128,2
74129,2
74130,2
74131,2
74132,2
74133,2
74134,2
74135,2
74136,2
74137,2
74138,2
74139,2
74140,2
74141,2
74142,2
74143,2
74144,2
74145,2
74146,2
74147,2
74148,3
74149,2
74150,2
74151,2
74152,2
74153,2
74154,2
74155,2
74156,2
74157,2
74158,2
74159,2
74160,2
74161,2
74162,2
74163,2
74164,2
74165,2
74166,2
74167,2
74168,2
74169,2
74170,2
74171,2
74172,2
74173,2
74174,2
74175,2
74176,2
74177,2
74178,2
74179,2
74180,2
74181,2
74182,2
74183,2
74184,2
74185,2
74186,2
74187,2
74188,2
74189,2
74190,2
74191,2
74192,2
74193,2
74194,2
74195,2
74196,2
74197,2
74198,2
74199,2
74200,2
74201,2
74202,2
74203,2
74204,2
74205,2
74206,2
74207,2
74208,2
74209,2
74210,2
74211,2
74212,2
74213,2
74214,2
74215,2
74216,2
74217,2
74218,3
74219,2
74220,2
74221,2
74222,2
74223,2
74224,2
74225,2
74226,2
74227,2
74228,2
74229,2
74230,2
74231,2
74232,2
74233,2
74234,2
74235,2
74236,2
74237,2
74238,2
74239,2
74240,2
74241,2
74242,2
74243,2
74244,2
74245,2
74246,2
74247,2
74248,2
74249,2
74250,2
74251,2
74252,2
74253,2
74254,2
74255,2
74256,2
74257,2
74258,2
74259,2
74260,2
74261,2
74262,2
74263,2
74264,2
74265,2
74266,2
74267,2
74268,2
74269,2
74270,2
74271,2
74272,3
74273,2
74274,2
74275,2
74276,2
74277,2
74278,2
74279,2
74280,2
74281,2
74282,2
74283,2
74284,2
74285,2
74286,2
74287,2
74288,2
74289,2
74290,2
74291,2
74292,2
74293,2
74294,3
74295,3
74296,2
74297,2
74298,2
74299,2
74300,2
74301,2
74302,2
74303,2
74304,2
74305,2
74306,2
74307,2
74308,2
74309,2
74310,2
74311,2
74312,2
74313,2
74314,2
74315,2
74316,2
74317,2
74318,2
74319,2
74320,2
74321,2
74322,2
74323,2
74324,2
74325,2
74326,2
74327,2
74328,2
74329,2
74330,2
74331,2
74332,2
74333,2
74334,2
74335,2
74336,2
74337,2
74338,2
74339,2
74340,2
74341,2
74342,2
74343,2
74344,2
74345,2
74346,2
74347,2
74348,2
74349,2
74350,2
74351,2
74352,2
74353,2
74354,2
74355,2
74356,2
74357,2
74358,2
74359,2
74360,2
74361,2
74362,2
74363,2
74364,2
74365,2
74366,2
74367,2
74368,2
74369,2
74370,2
74371,2
74372,2
74373,2
74374,2
74375,2
74376,2
74377,2
74378,2
74379,2
74380,2
74381,2
74382,2
74383,2
74384,2
74385,2
74386,2
74387,2
74388,2
74389,2
74390,2
74391,2
74392,3
74393,2
74394,2
74395,2
74396,2
74397,2
74398,2
74399,2
74400,2
74401,2
74402,2
74403,2
74404,2
74405,2
74406,2
74407,2
74408,2
74409,2
74410,2
74411,2
74412,2
74413,2
74414,2
74415,2
74416,2
74417,2
74418,2
74419,2
74420,2
74421,2
74422,2
74423,2
74424,2
74425,2
74426,2
74427,2
74428,2
74429,2
74430,2
74431,2
74432,2
74433,2
74434,2
74435,2
74436,2
74437,2
74438,2
74439,2
74440,2
74441,2
74442,2
74443,2
74444,2
74445,2
74446,2
74447,2
74448,2
74449,2
74450,2
74451,2
74452,2
74453,2
74454,2
74455,2
74456,2
74457,2
74458,2
74459,2
74460,2
74461,2
74462,2
74463,2
74464,3
74465,2
74466,2
74467,2
74468,2
74469,3
74470,2
74471,2
74472,2
74473,2
74474,2
74475,2
74476,2
74477,2
74478,2
74479,2
74480,2
74481,2
74482,2
74483,2
74484,2
74485,2
74486,2
74487,2
74488,2
74489,2
74490,2
74491,2
74492,2
74493,2
74494,2
74495,2
74496,2
74497,2
74498,2
74499,2
74500,2
74501,2
74502,2
74503,2
74504,2
74505,2
74506,2
74507,2
74508,2
74509,2
74510,2
74511,2
74512,2
74513,2
74514,2
74515,2
74516,2
74517,2
74518,2
74519,2
74520,2
74521,2
74522,2
74523,2
74524,2
74525,2
74526,2
74527,2
74528,2
74529,2
74530,2
74531,2
74532,2
74533,2
74534,2
74535,2
74536,2
74537,2
74538,2
74539,3
74540,2
74541,2
74542,2
74543,2
74544,2
74545,2
74546,2
74547,2
74548,2
74549,2
74550,2
74551,2
74552,2
74553,2
74554,3
74555,2
74556,2
74557,2
74558,2
74559,2
74560,2
74561,2
74562,2
74563,2
74564,2
74565,2
74566,2
74567,2
74568,2
74569,2
74570,2
74571,2
74572,2
74573,2
74574,2
74575,2
74576,2
74577,2
74578,2
74579,2
74580,2
74581,2
74582,2
74583,2
74584,2
74585,2
74586,2
74587,2
74588,2
74589,2
74590,2
74591,2
74592,2
74593,2
74594,2
74595,2
74596,2
74597,2
74598,2
74599,2
74600,2
74601,2
74602,2
74603,2
74604,2
74605,2
74606,2
74607,2
74608,2
74609,2
74610,2
74611,2
74612,2
74613,2
74614,2
74615,2
74616,2
74617,2
74618,2
74619,2
74620,3
74621,2
74622,2
74623,2
74624,2
74625,2
74626,2
74627,2
74628,2
74629,3
74630,2
74631,2
74632,2
74633,2
74634,2
74635,2
74636,2
74637,2
74638,2
74639,2
74640,2
74641,2
74642,2
74643,2
74644,2
74645,2
74646,2
74647,2
74648,2
74649,2
74650,2
74651,2
74652,2
74653,2
74654,2
74655,2
74656,2
74657,2
74658,2
74659,2
74660,3
74661,2
74662,2
74663,2
74664,2
74665,2
74666,2
74667,2
74668,2
74669,2
74670,2
74671,2
74672,2
74673,2
74674,2
74675,2
74676,2
74677,2
74678,2
74679,2
74680,2
74681,2
74682,2
74683,2
74684,2
74685,2
74686,2
74687,2
74688,2
74689,2
74690,2
74691,2
74692,2
74693,2
74694,2
74695,2
74696,2
74697,2
74698,2
74699,2
74700,2
74701,2
74702,2
74703,2
74704,2
74705,2
74706,2
74707,2
74708,2
74709,2
74710,2
74711,2
74712,2
74713,2
74714,2
74715,2
74716,2
74717,2
74718,2
74719,3
74720,2
74721,2
74722,2
74723,2
74724,2
74725,2
74726,2
74727,2
74728,2
74729,2
74730,2
74731,3
74732,2
74733,2
74734,2
74735,2
74736,2
74737,2
74738,2
74739,2
74740,2
74741,2
74742,2
74743,2
74744,2
74745,2
74746,2
74747,2
74748,2
74749,2
74750,2
74751,2
74752,2
74753,2
74754,3
74755,2
74756,2
74757,2
74758,2
74759,2
74760,2
74761,2
74762,2
74763,2
74764,2
74765,2
74766,2
74767,2
74768,2
74769,2
74770,2
74771,2
74772,2
74773,2
74774,2
74775,2
74776,2
74777,2
74778,2
74779,2
74780,2
74781,2
74782,2
74783,2
74784,2
74785,2
74786,2
74787,2
74788,2
74789,2
74790,3
74791,2
74792,2
74793,2
74794,2
74795,2
74796,2
74797,2
74798,2
74799,2
74800,2
74801,2
74802,2
74803,2
74804,2
74805,2
74806,2
74807,3
74808,2
74809,2
74810,2
74811,2
74812,2
74813,2
74814,2
74815,2
74816,2
74817,2
74818,2
74819,2
74820,2
74821,2
74822,2
74823,2
74824,2
74825,2
74826,2
74827,2
74828,2
74829,2
74830,2
74831,2
74832,2
74833,2
74834,2
74835,2
74836,2
74837,2
74838,2
74839,2
74840,2
74841,2
74842,2
74843,2
74844,2
74845,2
74846,2
74847,2
74848,2
74849,2
74850,2
74851,2
74852,3
74853,2
74854,2
74855,2
74856,2
74857,2
74858,2
74859,2
74860,2
74861,2
74862,2
74863,2
74864,2
74865,2
74866,2
74867,2
74868,2
74869,2
74870,2
74871,2
74872,2
74873,2
74874,2
74875,2
74876,2
74877,2
74878,2
74879,2
74880,2
74881,2
74882,2
74883,2
74884,2
74885,2
74886,2
74887,2
74888,2
74889,2
74890,2
74891,2
74892,2
74893,2
74894,2
74895,2
74896,2
74897,2
74898,2
74899,2
74900,2
74901,2
74902,2
74903,2
74904,2
74905,2
74906,2
74907,2
74908,2
74909,2
74910,2
74911,2
74912,2
74913,2
74914,2
74915,2
74916,2
74917,2
74918,2
74919,2
74920,2
74921,2
74922,2
74923,2
74924,2
74925,2
74926,2
74927,2
74928,2
74929,2
74930,2
74931,2
74932,2
74933,2
74934,2
74935,2
74936,2
74937,2
74938,2
74939,2
74940,2
74941,2
74942,2
74943,3
74944,2
74945,2
74946,2
74947,2
74948,2
74949,2
74950,2
74951,2
74952,2
74953,2
74954,2
74955,2
74956,2
74957,2
74958,2
74959,2
74960,2
74961,2
74962,2
74963,2
74964,2
74965,2
74966,2
74967,2
74968,2
74969,2
74970,2
74971,2
74972,2
74973,2
74974,2
74975,2
74976,2
74977,2
74978,2
74979,2
74980,2
74981,2
74982,2
74983,2
74984,2
74985,2
74986,2
74987,2
74988,2
74989,2
74990,2
74991,2
74992,2
74993,2
74994,2
74995,2
74996,2
74997,2
74998,2
74999,2
75000,2
75001,2
75002,2
75003,2
75004,2
75005,2
75006,2
75007,2
75008,2
75009,2
75010,2
75011,2
75012,2
75013,2
75014,2
75015,2
75016,2
75017,2
75018,2
75019,2
75020,2
75021,2
75022,2
75023,2
75024,2
75025,2
75026,2
75027,2
75028,2
75029,2
75030,2
75031,2
75032,2
75033,2
75034,2
75035,2
75036,2
75037,2
75038,2
75039,2
75040,2
75041,2
75042,2
75043,2
75044,2
75045,2
75046,2
75047,2
75048,2
75049,2
75050,2
75051,2
75052,2
75053,2
75054,2
75055,2
75056,2
75057,2
75058,2
75059,2
75060,2
75061,2
75062,2
75063,2
75064,3
75065,2
75066,2
75067,2
75068,2
75069,2
75070,3
75071,2
75072,2
75073,3
75074,3
75075,3
75076,3
75077,2
75078,3
75079,2
75080,3
75081,2
75082,2
75083,2
75084,2
75085,3
75086,3
75087,3
75088,3
75089,3
75090,3
75091,2
75092,2
75093,2
75094,2
75095,2
75096,2
75097,2
75098,2
75099,2
75100,2
75101,2
75102,2
75103,2
75104,2
75105,2
75106,2
75107,2
75108,2
75109,3
75110,3
75111,3
75112,3
75113,3
75114,3
75115,3
75116,3
75117,3
75118,3
75119,3
75120,3
75121,3
75122,3
75123,3
75124,2
75125,2
75126,2
75127,3
75128,3
75129,2
75130,2
75131,2
75132,2
75133,3
75134,3
75135,3
75136,3
75137,3
75138,3
75139,3
75140,3
75141,3
75142,3
75143,2
75144,3
75145,3
75146,3
75147,3
75148,3
75149,3
75150,2
75151,2
75152,3
75153,3
75154,3
75155,3
75156,3
75157,3
75158,3
75159,3
75160,3
75161,3
75162,3
75163,3
75164,2
75165,2
75166,2
75167,2
75168,2
75169,2
75170,2
75171,2
75172,2
75173,2
75174,2
75175,2
75176,2
75177,2
75178,2
75179,2
75180,3
75181,1
75182,3
75183,2
75184,2
75185,2
75186,2
75187,2
75188,2
75189,2
75190,2
75191,2
75192,2
75193,2
75194,3
75195,2
75196,1
75197,2
75198,3
75199,2
75200,2
75201,2
75202,2
75203,2
75204,2
75205,3
75206,2
75207,2
75208,3
75209,2
75210,2
75211,2
75212,2
75213,3
75214,3
75215,2
75216,2
75217,2
75218,2
75219,2
75220,2
75221,2
75222,2
75223,2
75224,2
75225,2
75226,2
75227,2
75228,2
75229,2
75230,2
75231,2
75232,2
75233,2
75234,2
75235,2
75236,2
75237,2
75238,2
75239,2
75240,2
75241,2
75242,2
75243,2
75244,2
75245,2
75246,2
75247,2
75248,2
75249,2
75250,2
75251,2
75252,2
75253,2
75254,2
75255,2
75256,2
75257,2
75258,2
75259,2
75260,2
75261,2
75262,2
75263,2
75264,2
75265,2
75266,2
75267,2
75268,2
75269,2
75270,2
75271,2
75272,2
75273,2
75274,2
75275,2
75276,2
75277,2
75278,2
75279,2
75280,2
75281,2
75282,2
75283,2
75284,2
75285,2
75286,2
75287,2
75288,2
75289,2
75290,2
75291,2
75292,2
75293,2
75294,2
75295,2
75296,2
75297,2
75298,2
75299,2
75300,2
75301,3
75302,2
75303,2
75304,2
75305,2
75306,2
75307,2
75308,2
75309,2
75310,2
75311,2
75312,2
75313,2
75314,2
75315,2
75316,2
75317,2
75318,2
75319,2
75320,2
75321,2
75322,2
75323,2
75324,2
75325,2
75326,2
75327,2
75328,2
75329,2
75330,2
75331,2
75332,2
75333,2
75334,2
75335,2
75336,2
75337,2
75338,2
75339,2
75340,2
75341,2
75342,2
75343,2
75344,2
75345,2
75346,2
75347,2
75348,2
75349,2
75350,2
75351,2
75352,2
75353,2
75354,2
75355,2
75356,2
75357,2
75358,2
75359,2
75360,2
75361,2
75362,2
75363,2
75364,2
75365,2
75366,2
75367,2
75368,2
75369,2
75370,2
75371,2
75372,2
75373,2
75374,2
75375,2
75376,2
75377,2
75378,2
75379,2
75380,2
75381,2
75382,2
75383,2
75384,2
75385,2
75386,2
75387,2
75388,2
75389,2
75390,2
75391,2
75392,2
75393,2
75394,2
75395,2
75396,2
75397,2
75398,2
75399,2
75400,2
75401,2
75402,2
75403,2
75404,2
75405,2
75406,2
75407,2
75408,2
75409,2
75410,2
75411,2
75412,2
75413,2
75414,2
75415,2
75416,2
75417,2
75418,2
75419,2
75420,3
75421,2
75422,2
75423,2
75424,2
75425,3
75426,2
75427,2
75428,2
75429,2
75430,2
75431,2
75432,2
75433,2
75434,2
75435,2
75436,2
75437,3
75438,2
75439,2
75440,2
75441,2
75442,2
75443,2
75444,2
75445,2
75446,2
75447,2
75448,2
75449,2
75450,2
75451,2
75452,2
75453,2
75454,2
75455,2
75456,2
75457,2
75458,2
75459,2
75460,2
75461,2
75462,2
75463,2
75464,2
75465,2
75466,2
75467,2
75468,2
75469,2
75470,2
75471,2
75472,2
75473,2
75474,2
75475,3
75476,2
75477,2
75478,2
75479,2
75480,2
75481,2
75482,2
75483,2
75484,2
75485,2
75486,2
75487,2
75488,2
75489,2
75490,2
75491,2
75492,2
75493,2
75494,2
75495,2
75496,2
75497,2
75498,2
75499,2
75500,2
75501,2
75502,2
75503,2
75504,2
75505,2
75506,2
75507,2
75508,2
75509,2
75510,2
75511,2
75512,2
75513,2
75514,2
75515,2
75516,2
75517,2
75518,2
75519,2
75520,2
75521,2
75522,2
75523,2
75524,2
75525,2
75526,2
75527,2
75528,2
75529,2
75530,2
75531,2
75532,2
75533,2
75534,2
75535,2
75536,2
75537,2
75538,2
75539,2
75540,2
75541,2
75542,2
75543,2
75544,2
75545,2
75546,2
75547,2
75548,2
75549,2
75550,2
75551,2
75552,2
75553,2
75554,2
75555,2
75556,2
75557,2
75558,2
75559,2
75560,2
75561,2
75562,2
75563,2
75564,2
75565,2
75566,2
75567,2
75568,2
75569,2
75570,2
75571,2
75572,2
75573,2
75574,2
75575,2
75576,2
75577,2
75578,2
75579,2
75580,2
75581,2
75582,2
75583,2
75584,2
75585,2
75586,2
75587,2
75588,2
75589,2
75590,2
75591,2
75592,2
75593,2
75594,2
75595,2
75596,2
75597,2
75598,2
75599,2
75600,2
75601,2
75602,2
75603,2
75604,2
75605,2
75606,3
75607,2
75608,2
75609,2
75610,2
75611,2
75612,2
75613,2
75614,2
75615,2
75616,2
75617,2
75618,2
75619,2
75620,2
75621,2
75622,2
75623,2
75624,2
75625,2
75626,2
75627,2
75628,2
75629,2
75630,2
75631,2
75632,2
75633,2
75634,2
75635,2
75636,2
75637,2
75638,2
75639,2
75640,2
75641,2
75642,2
75643,2
75644,2
75645,2
75646,2
75647,2
75648,2
75649,2
75650,2
75651,2
75652,2
75653,2
75654,2
75655,2
75656,2
75657,2
75658,2
75659,2
75660,2
75661,2
75662,2
75663,2
75664,2
75665,1
75666,2
75667,2
75668,2
75669,2
75670,2
75671,2
75672,2
75673,2
75674,2
75675,2
75676,2
75677,2
75678,2
75679,2
75680,2
75681,2
75682,2
75683,2
75684,2
75685,2
75686,2
75687,2
75688,2
75689,2
75690,2
75691,2
75692,2
75693,2
75694,2
75695,2
75696,2
75697,2
75698,2
75699,2
75700,2
75701,2
75702,3
75703,2
75704,3
75705,2
75706,2
75707,2
75708,2
75709,2
75710,2
75711,2
75712,2
75713,2
75714,2
75715,2
75716,2
75717,2
75718,3
75719,2
75720,2
75721,2
75722,2
75723,2
75724,2
75725,2
75726,2
75727,2
75728,2
75729,2
75730,2
75731,2
75732,2
75733,2
75734,2
75735,2
75736,2
75737,2
75738,2
75739,2
75740,2
75741,2
75742,2
75743,2
75744,2
75745,2
75746,2
75747,2
75748,2
75749,2
75750,2
75751,2
75752,2
75753,2
75754,2
75755,2
75756,2
75757,2
75758,2
75759,2
75760,2
75761,2
75762,2
75763,2
75764,2
75765,2
75766,2
75767,2
75768,2
75769,2
75770,2
75771,2
75772,2
75773,2
75774,2
75775,2
75776,2
75777,2
75778,2
75779,2
75780,2
75781,2
75782,2
75783,2
75784,2
75785,2
75786,2
75787,2
75788,2
75789,2
75790,3
75791,2
75792,2
75793,2
75794,2
75795,2
75796,2
75797,2
75798,2
75799,2
75800,2
75801,2
75802,2
75803,2
75804,2
75805,2
75806,2
75807,2
75808,2
75809,2
75810,2
75811,3
75812,2
75813,2
75814,2
75815,2
75816,2
75817,2
75818,2
75819,2
75820,2
75821,2
75822,2
75823,2
75824,2
75825,2
75826,2
75827,2
75828,2
75829,2
75830,3
75831,2
75832,2
75833,2
75834,2
75835,2
75836,2
75837,2
75838,2
75839,2
75840,2
75841,2
75842,2
75843,2
75844,2
75845,2
75846,2
75847,2
75848,2
75849,2
75850,2
75851,2
75852,2
75853,2
75854,2
75855,2
75856,2
75857,2
75858,2
75859,2
75860,2
75861,2
75862,2
75863,2
75864,2
75865,2
75866,2
75867,2
75868,2
75869,2
75870,2
75871,3
75872,2
75873,2
75874,0
75875,1
75876,3
75877,2
75878,3
75879,3
75880,2
75881,3
75882,3
75883,1
75884,1
75885,1
75886,2
75887,3
75888,1
75889,2
75890,3
75891,2
75892,1
75893,2
75894,2
75895,2
75896,2
75897,2
75898,3
75899,2
75900,2
75901,2
75902,2
75903,2
75904,2
75905,2
75906,2
75907,2
75908,2
75909,2
75910,2
75911,2
75912,2
75913,2
75914,2
75915,2
75916,2
75917,2
75918,3
75919,2
75920,2
75921,2
75922,2
75923,2
75924,2
75925,2
75926,2
75927,2
75928,2
75929,2
75930,2
75931,2
75932,2
75933,2
75934,2
75935,2
75936,2
75937,2
75938,2
75939,2
75940,2
75941,2
75942,3
75943,3
75944,3
75945,3
75946,3
75947,3
75948,3
75949,3
75950,3
75951,1
75952,3
75953,3
75954,3
75955,3
75956,2
75957,2
75958,2
75959,2
75960,2
75961,2
75962,2
75963,2
75964,2
75965,2
75966,2
75967,2
75968,3
75969,2
75970,2
75971,2
75972,2
75973,2
75974,2
75975,2
75976,2
75977,2
75978,3
75979,2
75980,2
75981,2
75982,2
75983,2
75984,2
75985,2
75986,2
75987,2
75988,2
75989,2
75990,2
75991,2
75992,3
75993,3
75994,3
75995,3
75996,3
75997,3
75998,3
75999,2
76000,3
76001,3
76002,2
76003,2
76004,2
76005,2
76006,2
76007,2
76008,2
76009,2
76010,2
76011,2
76012,2
76013,2
76014,2
76015,3
76016,3
76017,3
76018,3
76019,2
76020,3
76021,3
76022,3
76023,3
76024,1
76025,1
76026,3
76027,2
76028,2
76029,2
76030,2
76031,3
76032,2
76033,2
76034,2
76035,2
76036,2
76037,2
76038,2
76039,2
76040,3
76041,2
76042,2
76043,2
76044,3
76045,3
76046,2
76047,3
76048,2
76049,3
76050,2
76051,2
76052,2
76053,2
76054,1
76055,1
76056,1
76057,3
76058,2
76059,2
76060,1
76061,3
76062,2
76063,3
76064,2
76065,3
76066,2
76067,3
76068,3
76069,2
76070,2
76071,1
76072,1
76073,3
76074,2
76075,2
76076,3
76077,3
76078,3
76079,2
76080,2
76081,2
76082,2
76083,3
76084,2
76085,2
76086,2
76087,2
76088,2
76089,3
76090,2
76091,2
76092,2
76093,2
76094,2
76095,3
76096,3
76097,2
76098,2
76099,1
76100,2
76101,2
76102,2
76103,3
76104,1
76105,3
76106,2
76107,1
76108,2
76109,2
76110,1
76111,2
76112,2
76113,3
76114,1
76115,3
76116,3
76117,2
76118,2
76119,2
76120,3
76121,2
76122,2
76123,2
76124,2
76125,1
76126,3
76127,2
76128,3
76129,2
76130,3
76131,3
76132,3
76133,3
76134,3
76135,3
76136,3
76137,3
76138,3
76139,3
76140,3
76141,3
76142,3
76143,3
76144,3
76145,3
76146,2
76147,3
76148,3
76149,3
76150,3
76151,3
76152,3
76153,3
76154,3
76155,3
76156,3
76157,3
76158,2
76159,2
76160,2
76161,2
76162,3
76163,0
76164,3
76165,3
76166,3
76167,3
76168,3
76169,2
76170,2
76171,2
76172,3
76173,3
76174,2
76175,2
76176,2
76177,3
76178,2
76179,2
76180,2
76181,2
76182,2
76183,2
76184,2
76185,2
76186,2
76187,2
76188,2
76189,2
76190,2
76191,2
76192,2
76193,2
76194,2
76195,2
76196,2
76197,2
76198,2
76199,2
76200,3
76201,2
76202,2
76203,3
76204,2
76205,3
76206,3
76207,3
76208,2
76209,2
76210,2
76211,3
76212,2
76213,3
76214,2
76215,3
76216,2
76217,2
76218,3
76219,3
76220,2
76221,2
76222,2
76223,3
76224,3
76225,2
76226,2
76227,2
76228,2
76229,3
76230,2
76231,2
76232,2
76233,2
76234,2
76235,2
76236,2
76237,2
76238,3
76239,2
76240,3
76241,2
76242,2
76243,2
76244,2
76245,2
76246,2
76247,2
76248,2
76249,2
76250,2
76251,2
76252,2
76253,2
76254,2
76255,2
76256,2
76257,2
76258,2
76259,3
76260,3
76261,2
76262,3
76263,2
76264,2
76265,2
76266,2
76267,3
76268,2
76269,2
76270,2
76271,2
76272,2
76273,2
76274,2
76275,2
76276,3
76277,2
76278,2
76279,2
76280,2
76281,2
76282,2
76283,2
76284,2
76285,2
76286,2
76287,2
76288,2
76289,2
76290,2
76291,2
76292,2
76293,2
76294,2
76295,2
76296,2
76297,2
76298,2
76299,2
76300,2
76301,2
76302,2
76303,3
76304,2
76305,3
76306,2
76307,2
76308,3
76309,2
76310,2
76311,2
76312,2
76313,2
76314,2
76315,2
76316,2
76317,2
76318,2
76319,2
76320,2
76321,2
76322,2
76323,2
76324,2
76325,2
76326,2
76327,2
76328,2
76329,2
76330,2
76331,2
76332,2
76333,2
76334,2
76335,2
76336,2
76337,3
76338,3
76339,3
76340,3
76341,2
76342,3
76343,3
76344,3
76345,3
76346,3
76347,3
76348,3
76349,3
76350,3
76351,3
76352,3
76353,3
76354,3
76355,3
76356,3
76357,3
76358,3
76359,3
76360,3
76361,3
76362,2
76363,2
76364,3
76365,3
76366,2
76367,3
76368,2
76369,3
76370,2
76371,2
76372,2
76373,3
76374,2
76375,3
76376,2
76377,3
76378,3
76379,2
76380,3
76381,3
76382,3
76383,3
76384,3
76385,3
76386,3
76387,3
76388,3
76389,2
76390,2
76391,3
76392,3
76393,3
76394,3
76395,3
76396,3
76397,3
76398,3
76399,2
76400,3
76401,3
76402,3
76403,3
76404,3
76405,3
76406,3
76407,2
76408,2
76409,2
76410,2
76411,2
76412,3
76413,3
76414,2
76415,2
76416,3
76417,3
76418,2
76419,2
76420,2
76421,3
76422,3
76423,3
76424,3
76425,3
76426,3
76427,2
76428,2
76429,2
76430,2
76431,2
76432,2
76433,2
76434,2
76435,2
76436,2
76437,2
76438,2
76439,2
76440,2
76441,2
76442,2
76443,2
76444,2
76445,2
76446,2
76447,2
76448,3
76449,2
76450,2
76451,2
76452,2
76453,2
76454,2
76455,2
76456,2
76457,2
76458,2
76459,2
76460,2
76461,2
76462,2
76463,2
76464,2
76465,2
76466,2
76467,2
76468,2
76469,2
76470,2
76471,2
76472,2
76473,2
76474,2
76475,2
76476,2
76477,2
76478,2
76479,2
76480,2
76481,2
76482,2
76483,2
76484,2
76485,2
76486,2
76487,2
76488,2
76489,2
76490,2
76491,2
76492,2
76493,2
76494,2
76495,3
76496,2
76497,3
76498,2
76499,2
76500,2
76501,2
76502,2
76503,2
76504,2
76505,2
76506,2
76507,2
76508,2
76509,3
76510,3
76511,2
76512,2
76513,3
76514,2
76515,2
76516,2
76517,2
76518,2
76519,2
76520,2
76521,2
76522,2
76523,2
76524,2
76525,2
76526,2
76527,2
76528,2
76529,2
76530,2
76531,2
76532,2
76533,2
76534,2
76535,2
76536,2
76537,2
76538,2
76539,2
76540,2
76541,2
76542,2
76543,2
76544,2
76545,2
76546,2
76547,2
76548,2
76549,2
76550,2
76551,2
76552,2
76553,2
76554,2
76555,2
76556,2
76557,2
76558,2
76559,2
76560,2
76561,2
76562,2
76563,2
76564,2
76565,2
76566,2
76567,2
76568,2
76569,2
76570,2
76571,2
76572,2
76573,2
76574,2
76575,2
76576,2
76577,2
76578,2
76579,2
76580,2
76581,2
76582,2
76583,2
76584,2
76585,2
76586,2
76587,2
76588,2
76589,2
76590,2
76591,2
76592,2
76593,2
76594,2
76595,3
76596,2
76597,2
76598,2
76599,2
76600,2
76601,2
76602,2
76603,2
76604,2
76605,2
76606,2
76607,2
76608,2
76609,2
76610,2
76611,2
76612,2
76613,2
76614,2
76615,2
76616,3
76617,2
76618,2
76619,2
76620,2
76621,2
76622,2
76623,2
76624,2
76625,2
76626,2
76627,2
76628,2
76629,2
76630,2
76631,2
76632,2
76633,2
76634,2
76635,2
76636,2
76637,2
76638,2
76639,2
76640,2
76641,2
76642,2
76643,2
76644,2
76645,2
76646,2
76647,2
76648,2
76649,2
76650,2
76651,2
76652,2
76653,2
76654,2
76655,2
76656,2
76657,2
76658,2
76659,2
76660,2
76661,2
76662,2
76663,2
76664,2
76665,2
76666,2
76667,2
76668,2
76669,2
76670,2
76671,2
76672,2
76673,2
76674,2
76675,2
76676,2
76677,2
76678,2
76679,2
76680,3
76681,3
76682,2
76683,2
76684,2
76685,2
76686,2
76687,1
76688,3
76689,2
76690,2
76691,3
76692,2
76693,2
76694,2
76695,2
76696,2
76697,2
76698,2
76699,2
76700,3
76701,3
76702,3
76703,2
76704,3
76705,2
76706,2
76707,2
76708,2
76709,2
76710,2
76711,2
76712,2
76713,2
76714,2
76715,2
76716,2
76717,2
76718,2
76719,2
76720,2
76721,2
76722,2
76723,2
76724,2
76725,2
76726,2
76727,3
76728,2
76729,3
76730,2
76731,2
76732,2
76733,2
76734,2
76735,2
76736,1
76737,2
76738,2
76739,2
76740,3
76741,2
76742,2
76743,2
76744,2
76745,2
76746,2
76747,2
76748,2
76749,2
76750,2
76751,2
76752,2
76753,2
76754,2
76755,2
76756,2
76757,2
76758,2
76759,2
76760,2
76761,2
76762,2
76763,2
76764,2
76765,2
76766,2
76767,2
76768,2
76769,2
76770,2
76771,2
76772,2
76773,2
76774,2
76775,2
76776,2
76777,2
76778,2
76779,2
76780,2
76781,2
76782,2
76783,2
76784,2
76785,2
76786,2
76787,2
76788,2
76789,2
76790,2
76791,2
76792,2
76793,2
76794,2
76795,2
76796,2
76797,2
76798,2
76799,2
76800,2
76801,2
76802,2
76803,2
76804,2
76805,2
76806,2
76807,2
76808,2
76809,2
76810,2
76811,2
76812,2
76813,2
76814,2
76815,2
76816,2
76817,2
76818,2
76819,2
76820,2
76821,2
76822,2
76823,2
76824,2
76825,2
76826,2
76827,2
76828,2
76829,2
76830,2
76831,2
76832,2
76833,2
76834,2
76835,2
76836,2
76837,2
76838,2
76839,2
76840,2
76841,2
76842,2
76843,2
76844,2
76845,2
76846,2
76847,2
76848,2
76849,2
76850,2
76851,2
76852,2
76853,2
76854,2
76855,2
76856,2
76857,2
76858,2
76859,2
76860,2
76861,2
76862,0
76863,0
76864,3
76865,2
76866,2
76867,2
76868,2
76869,2
76870,2
76871,2
76872,2
76873,2
76874,2
76875,2
76876,2
76877,2
76878,2
76879,2
76880,2
76881,2
76882,2
76883,2
76884,2
76885,2
76886,2
76887,2
76888,2
76889,2
76890,2
76891,2
76892,2
76893,2
76894,2
76895,2
76896,2
76897,2
76898,2
76899,2
76900,2
76901,2
76902,2
76903,2
76904,2
76905,2
76906,2
76907,2
76908,2
76909,2
76910,2
76911,2
76912,2
76913,2
76914,2
76915,2
76916,2
76917,2
76918,2
76919,2
76920,2
76921,2
76922,2
76923,2
76924,2
76925,2
76926,2
76927,2
76928,2
76929,2
76930,2
76931,2
76932,2
76933,2
76934,2
76935,2
76936,2
76937,2
76938,2
76939,2
76940,2
76941,2
76942,2
76943,2
76944,2
76945,2
76946,2
76947,2
76948,2
76949,3
76950,2
76951,2
76952,2
76953,2
76954,2
76955,2
76956,2
76957,2
76958,2
76959,2
76960,2
76961,2
76962,2
76963,2
76964,2
76965,2
76966,2
76967,2
76968,2
76969,2
76970,0
76971,2
76972,2
76973,2
76974,2
76975,2
76976,2
76977,2
76978,2
76979,2
76980,2
76981,2
76982,2
76983,2
76984,2
76985,2
76986,2
76987,2
76988,2
76989,2
76990,2
76991,2
76992,2
76993,2
76994,2
76995,2
76996,2
76997,2
76998,2
76999,2
77000,2
77001,2
77002,2
77003,2
77004,2
77005,2
77006,2
77007,2
77008,2
77009,2
77010,2
77011,2
77012,2
77013,2
77014,2
77015,2
77016,2
77017,2
77018,2
77019,2
77020,2
77021,2
77022,2
77023,2
77024,2
77025,2
77026,2
77027,2
77028,3
77029,2
77030,2
77031,2
77032,2
77033,2
77034,2
77035,2
77036,2
77037,2
77038,2
77039,2
77040,2
77041,2
77042,2
77043,2
77044,2
77045,2
77046,2
77047,2
77048,2
77049,2
77050,2
77051,2
77052,2
77053,2
77054,2
77055,2
77056,2
77057,2
77058,2
77059,2
77060,2
77061,2
77062,2
77063,2
77064,2
77065,3
77066,2
77067,3
77068,3
77069,3
77070,3
77071,2
77072,3
77073,3
77074,3
77075,2
77076,3
77077,3
77078,3
77079,3
77080,3
77081,3
77082,3
77083,3
77084,2
77085,3
77086,3
77087,3
77088,3
77089,3
77090,3
77091,3
77092,3
77093,3
77094,3
77095,3
77096,3
77097,3
77098,3
77099,3
77100,3
77101,3
77102,3
77103,3
77104,3
77105,3
77106,3
77107,3
77108,3
77109,3
77110,3
77111,2
77112,3
77113,2
77114,2
77115,3
77116,3
77117,3
77118,3
77119,3
77120,3
77121,3
77122,3
77123,3
77124,3
77125,3
77126,3
77127,3
77128,3
77129,3
77130,3
77131,3
77132,3
77133,3
77134,3
77135,3
77136,3
77137,3
77138,2
77139,3
77140,3
77141,2
77142,2
77143,2
77144,2
77145,2
77146,3
77147,3
77148,3
77149,3
77150,3
77151,3
77152,3
77153,3
77154,3
77155,3
77156,3
77157,3
77158,3
77159,3
77160,3
77161,2
77162,2
77163,2
77164,2
77165,3
77166,2
77167,2
77168,2
77169,3
77170,2
77171,3
77172,3
77173,3
77174,2
77175,2
77176,2
77177,2
77178,2
77179,2
77180,2
77181,2
77182,2
77183,2
77184,3
77185,3
77186,3
77187,3
77188,2
77189,2
77190,2
77191,2
77192,3
77193,3
77194,3
77195,3
77196,2
77197,3
77198,3
77199,3
77200,3
77201,3
77202,3
77203,2
77204,2
77205,2
77206,2
77207,2
77208,2
77209,2
77210,2
77211,2
77212,3
77213,2
77214,3
77215,3
77216,3
77217,2
77218,2
77219,3
77220,2
77221,3
77222,3
77223,3
77224,3
77225,3
77226,2
77227,2
77228,3
77229,2
77230,3
77231,3
77232,3
77233,3
77234,2
77235,2
77236,2
77237,2
77238,2
77239,2
77240,2
77241,2
77242,2
77243,2
77244,2
77245,3
77246,3
77247,2
77248,2
77249,2
77250,2
77251,2
77252,3
77253,3
77254,2
77255,2
77256,2
77257,2
77258,2
77259,2
77260,2
77261,2
77262,2
77263,2
77264,2
77265,3
77266,3
77267,3
77268,2
77269,3
77270,2
77271,2
77272,2
77273,3
77274,3
77275,2
77276,3
77277,3
77278,3
77279,3
77280,3
77281,3
77282,3
77283,2
77284,2
77285,3
77286,3
77287,2
77288,3
77289,3
77290,3
77291,3
77292,2
77293,2
77294,2
77295,2
77296,2
77297,3
77298,2
77299,3
77300,3
77301,2
77302,3
77303,3
77304,3
77305,2
77306,2
77307,2
77308,3
77309,3
77310,3
77311,2
77312,3
77313,3
77314,3
77315,3
77316,2
77317,2
77318,2
77319,2
77320,2
77321,2
77322,2
77323,2
77324,3
77325,3
77326,3
77327,2
77328,2
77329,3
77330,2
77331,3
77332,2
77333,2
77334,2
77335,2
77336,3
77337,2
77338,2
77339,2
77340,2
77341,2
77342,3
77343,3
77344,2
77345,2
77346,2
77347,2
77348,2
77349,2
77350,2
77351,2
77352,2
77353,2
77354,2
77355,2
77356,2
77357,2
77358,2
77359,2
77360,2
77361,3
77362,3
77363,2
77364,2
77365,2
77366,2
77367,2
77368,2
77369,2
77370,2
77371,2
77372,2
77373,2
77374,2
77375,2
77376,2
77377,2
77378,2
77379,2
77380,2
77381,2
77382,2
77383,2
77384,2
77385,2
77386,2
77387,2
77388,2
77389,2
77390,2
77391,2
77392,2
77393,2
77394,2
77395,2
77396,2
77397,2
77398,2
77399,2
77400,2
77401,2
77402,2
77403,2
77404,2
77405,2
77406,2
77407,2
77408,2
77409,2
77410,2
77411,2
77412,2
77413,2
77414,2
77415,2
77416,2
77417,2
77418,2
77419,2
77420,2
77421,2
77422,2
77423,2
77424,2
77425,2
77426,2
77427,2
77428,2
77429,2
77430,2
77431,3
77432,3
77433,3
77434,3
77435,2
77436,3
77437,3
77438,3
77439,2
77440,2
77441,2
77442,2
77443,2
77444,2
77445,3
77446,2
77447,2
77448,2
77449,2
77450,2
77451,3
77452,2
77453,2
77454,2
77455,2
77456,2
77457,2
77458,2
77459,2
77460,2
77461,2
77462,2
77463,2
77464,2
77465,2
77466,2
77467,2
77468,2
77469,2
77470,2
77471,2
77472,2
77473,2
77474,2
77475,2
77476,2
77477,2
77478,2
77479,2
77480,2
77481,2
77482,2
77483,2
77484,2
77485,2
77486,3
77487,3
77488,3
77489,3
77490,3
77491,3
77492,3
77493,2
77494,3
77495,3
77496,2
77497,2
77498,2
77499,2
77500,2
77501,2
77502,2
77503,2
77504,2
77505,2
77506,2
77507,2
77508,2
77509,2
77510,2
77511,2
77512,2
77513,2
77514,3
77515,2
77516,2
77517,3
77518,2
77519,2
77520,2
77521,2
77522,2
77523,2
77524,2
77525,2
77526,2
77527,2
77528,2
77529,2
77530,2
77531,2
77532,2
77533,2
77534,2
77535,2
77536,2
77537,2
77538,2
77539,2
77540,2
77541,2
77542,2
77543,2
77544,2
77545,2
77546,2
77547,2
77548,2
77549,2
77550,2
77551,2
77552,2
77553,2
77554,3
77555,2
77556,2
77557,2
77558,2
77559,2
77560,2
77561,2
77562,2
77563,2
77564,2
77565,2
77566,2
77567,2
77568,2
77569,2
77570,2
77571,2
77572,3
77573,2
77574,2
77575,2
77576,2
77577,2
77578,2
77579,2
77580,2
77581,2
77582,2
77583,2
77584,3
77585,3
77586,3
77587,2
77588,2
77589,2
77590,2
77591,2
77592,2
77593,2
77594,2
77595,2
77596,2
77597,2
77598,2
77599,2
77600,2
77601,2
77602,2
77603,2
77604,2
77605,2
77606,3
77607,2
77608,2
77609,2
77610,3
77611,3
77612,2
77613,3
77614,2
77615,2
77616,2
77617,2
77618,2
77619,2
77620,3
77621,2
77622,2
77623,2
77624,2
77625,2
77626,2
77627,2
77628,2
77629,2
77630,2
77631,2
77632,3
77633,2
77634,2
77635,2
77636,2
77637,2
77638,2
77639,2
77640,2
77641,3
77642,2
77643,2
77644,2
77645,2
77646,2
77647,2
77648,2
77649,2
77650,2
77651,2
77652,2
77653,3
77654,3
77655,3
77656,3
77657,3
77658,3
77659,3
77660,3
77661,3
77662,3
77663,3
77664,3
77665,3
77666,2
77667,2
77668,2
77669,2
77670,2
77671,3
77672,3
77673,3
77674,3
77675,3
77676,3
77677,2
77678,3
77679,3
77680,2
77681,2
77682,2
77683,3
77684,3
77685,3
77686,3
77687,3
77688,1
77689,1
77690,3
77691,3
77692,1
77693,1
77694,3
77695,2
77696,3
77697,2
77698,3
77699,3
77700,2
77701,2
77702,1
77703,3
77704,3
77705,2
77706,2
77707,2
77708,2
77709,2
77710,2
77711,3
77712,2
77713,2
77714,2
77715,3
77716,3
77717,3
77718,1
77719,3
77720,3
77721,3
77722,3
77723,3
77724,3
77725,2
77726,2
77727,1
77728,3
77729,3
77730,3
77731,3
77732,3
77733,3
77734,3
77735,3
77736,2
77737,2
77738,2
77739,3
77740,3
77741,2
77742,3
77743,2
77744,2
77745,2
77746,3
77747,2
77748,3
77749,1
77750,3
77751,3
77752,3
77753,3
77754,3
77755,0
77756,1
77757,3
77758,3
77759,2
77760,1
77761,1
77762,1
77763,3
77764,1
77765,3
77766,2
77767,3
77768,1
77769,1
77770,1
77771,2
77772,3
77773,1
77774,1
77775,2
77776,2
77777,1
77778,1
77779,1
77780,3
77781,3
77782,3
77783,3
77784,3
77785,3
77786,3
77787,1
77788,1
77789,3
77790,3
77791,3
77792,3
77793,3
77794,3
77795,3
77796,1
77797,3
77798,1
77799,3
77800,3
77801,3
77802,3
77803,3
77804,1
77805,1
77806,1
77807,1
77808,3
77809,3
77810,3
77811,1
77812,3
77813,1
77814,3
77815,3
77816,1
77817,1
77818,1
77819,1
77820,3
77821,3
77822,3
77823,1
77824,2
77825,2
77826,2
77827,1
77828,3
77829,3
77830,3
77831,3
77832,3
77833,3
77834,3
77835,3
77836,3
77837,3
77838,1
77839,3
77840,2
77841,3
77842,2
77843,3
77844,3
77845,3
77846,3
77847,3
77848,3
77849,3
77850,3
77851,3
77852,3
77853,3
77854,2
77855,2
77856,2
77857,2
77858,2
77859,2
77860,2
77861,2
77862,2
77863,2
77864,2
77865,2
77866,2
77867,1
77868,2
77869,2
77870,2
77871,3
77872,3
77873,2
77874,2
77875,2
77876,3
77877,3
77878,3
77879,3
77880,2
77881,2
77882,3
77883,3
77884,3
77885,3
77886,3
77887,3
77888,2
77889,3
77890,2
77891,2
77892,2
77893,3
77894,1
77895,3
77896,3
77897,1
77898,3
77899,3
77900,3
77901,3
77902,3
77903,3
77904,3
77905,3
77906,3
77907,3
77908,3
77909,3
77910,2
77911,2
77912,2
77913,3
77914,3
77915,2
77916,2
77917,2
77918,2
77919,2
77920,2
77921,2
77922,2
77923,1
77924,2
77925,2
77926,2
77927,2
77928,2
77929,2
77930,2
77931,2
77932,3
77933,3
77934,3
77935,2
77936,2
77937,2
77938,2
77939,3
77940,3
77941,3
77942,3
77943,3
77944,3
77945,3
77946,3
77947,2
77948,3
77949,2
77950,1
77951,3
77952,3
77953,3
77954,2
77955,3
77956,3
77957,3
77958,3
77959,3
77960,3
77961,1
77962,3
77963,1
77964,3
77965,3
77966,1
77967,3
77968,2
77969,2
77970,2
77971,2
77972,2
77973,2
77974,2
77975,2
77976,2
77977,2
77978,2
77979,2
77980,2
77981,2
77982,2
77983,2
77984,2
77985,2
77986,2
77987,2
77988,2
77989,2
77990,2
77991,2
77992,2
77993,2
77994,2
77995,2
77996,2
77997,2
77998,2
77999,2
78000,2
78001,2
78002,2
78003,2
78004,2
78005,2
78006,2
78007,3
78008,2
78009,2
78010,2
78011,2
78012,2
78013,2
78014,2
78015,2
78016,2
78017,2
78018,2
78019,2
78020,2
78021,2
78022,2
78023,2
78024,2
78025,2
78026,2
78027,2
78028,2
78029,3
78030,2
78031,2
78032,2
78033,2
78034,2
78035,2
78036,2
78037,2
78038,2
78039,2
78040,3
78041,3
78042,1
78043,2
78044,2
78045,2
78046,2
78047,2
78048,3
78049,2
78050,3
78051,2
78052,2
78053,2
78054,2
78055,2
78056,2
78057,3
78058,2
78059,2
78060,2
78061,2
78062,2
78063,2
78064,2
78065,2
78066,2
78067,2
78068,2
78069,1
78070,1
78071,1
78072,3
78073,3
78074,2
78075,3
78076,3
78077,3
78078,2
78079,2
78080,2
78081,2
78082,2
78083,2
78084,2
78085,2
78086,3
78087,2
78088,3
78089,3
78090,2
78091,2
78092,2
78093,2
78094,2
78095,2
78096,2
78097,2
78098,2
78099,2
78100,2
78101,2
78102,2
78103,2
78104,2
78105,2
78106,2
78107,2
78108,2
78109,2
78110,2
78111,2
78112,2
78113,2
78114,2
78115,2
78116,2
78117,2
78118,2
78119,2
78120,2
78121,2
78122,2
78123,2
78124,2
78125,2
78126,2
78127,2
78128,2
78129,2
78130,2
78131,2
78132,2
78133,2
78134,2
78135,2
78136,2
78137,2
78138,2
78139,2
78140,2
78141,2
78142,2
78143,2
78144,2
78145,3
78146,3
78147,3
78148,3
78149,3
78150,1
78151,2
78152,2
78153,3
78154,2
78155,2
78156,2
78157,3
78158,3
78159,3
78160,3
78161,2
78162,2
78163,2
78164,2
78165,3
78166,3
78167,2
78168,2
78169,2
78170,2
78171,2
78172,2
78173,2
78174,2
78175,2
78176,2
78177,2
78178,2
78179,2
78180,2
78181,2
78182,2
78183,2
78184,3
78185,3
78186,2
78187,2
78188,2
78189,3
78190,3
78191,3
78192,3
78193,3
78194,2
78195,2
78196,2
78197,2
78198,3
78199,2
78200,2
78201,2
78202,2
78203,2
78204,2
78205,2
78206,2
78207,2
78208,2
78209,2
78210,2
78211,2
78212,2
78213,2
78214,2
78215,3
78216,2
78217,2
78218,2
78219,2
78220,2
78221,3
78222,2
78223,3
78224,2
78225,2
78226,2
78227,2
78228,2
78229,2
78230,2
78231,2
78232,2
78233,2
78234,2
78235,3
78236,2
78237,3
78238,2
78239,2
78240,3
78241,2
78242,3
78243,2
78244,2
78245,2
78246,2
78247,2
78248,2
78249,2
78250,2
78251,2
78252,2
78253,2
78254,2
78255,2
78256,3
78257,1
78258,1
78259,3
78260,3
78261,2
78262,2
78263,2
78264,2
78265,2
78266,2
78267,2
78268,3
78269,3
78270,3
78271,2
78272,2
78273,3
78274,3
78275,2
78276,2
78277,2
78278,2
78279,2
78280,2
78281,2
78282,2
78283,3
78284,3
78285,2
78286,3
78287,3
78288,2
78289,2
78290,3
78291,2
78292,3
78293,3
78294,3
78295,3
78296,3
78297,2
78298,2
78299,3
78300,2
78301,2
78302,2
78303,2
78304,2
78305,2
78306,3
78307,2
78308,2
78309,2
78310,2
78311,2
78312,2
78313,2
78314,2
78315,2
78316,1
78317,1
78318,3
78319,3
78320,3
78321,3
78322,2
78323,2
78324,2
78325,2
78326,2
78327,2
78328,2
78329,2
78330,2
78331,2
78332,3
78333,2
78334,2
78335,2
78336,2
78337,2
78338,2
78339,2
78340,2
78341,2
78342,2
78343,3
78344,2
78345,2
78346,2
78347,2
78348,2
78349,2
78350,2
78351,3
78352,3
78353,2
78354,2
78355,2
78356,3
78357,3
78358,2
78359,3
78360,1
78361,3
78362,3
78363,2
78364,2
78365,3
78366,3
78367,3
78368,3
78369,2
78370,2
78371,2
78372,2
78373,2
78374,2
78375,2
78376,3
78377,2
78378,2
78379,2
78380,2
78381,2
78382,2
78383,2
78384,2
78385,2
78386,2
78387,2
78388,3
78389,3
78390,2
78391,2
78392,2
78393,2
78394,2
78395,2
78396,2
78397,2
78398,2
78399,2
78400,2
78401,2
78402,2
78403,2
78404,2
78405,2
78406,2
78407,2
78408,2
78409,2
78410,2
78411,2
78412,2
78413,2
78414,2
78415,2
78416,2
78417,2
78418,1
78419,3
78420,3
78421,3
78422,3
78423,3
78424,3
78425,2
78426,3
78427,3
78428,3
78429,2
78430,2
78431,3
78432,2
78433,2
78434,2
78435,2
78436,3
78437,2
78438,2
78439,2
78440,2
78441,2
78442,2
78443,2
78444,2
78445,2
78446,2
78447,2
78448,2
78449,3
78450,2
78451,2
78452,2
78453,2
78454,2
78455,2
78456,2
78457,2
78458,2
78459,2
78460,2
78461,2
78462,2
78463,2
78464,3
78465,2
78466,3
78467,3
78468,2
78469,2
78470,2
78471,2
78472,2
78473,2
78474,2
78475,2
78476,2
78477,2
78478,2
78479,2
78480,3
78481,2
78482,3
78483,2
78484,2
78485,2
78486,3
78487,2
78488,2
78489,3
78490,2
78491,2
78492,2
78493,2
78494,2
78495,2
78496,2
78497,2
78498,2
78499,2
78500,2
78501,2
78502,2
78503,2
78504,3
78505,3
78506,1
78507,1
78508,1
78509,1
78510,1
78511,2
78512,2
78513,2
78514,2
78515,3
78516,2
78517,2
78518,2
78519,2
78520,2
78521,2
78522,2
78523,2
78524,2
78525,2
78526,2
78527,2
78528,2
78529,2
78530,2
78531,2
78532,2
78533,2
78534,2
78535,2
78536,2
78537,2
78538,2
78539,2
78540,2
78541,3
78542,3
78543,2
78544,2
78545,2
78546,2
78547,2
78548,2
78549,2
78550,2
78551,2
78552,2
78553,2
78554,2
78555,2
78556,2
78557,2
78558,2
78559,2
78560,2
78561,2
78562,2
78563,2
78564,2
78565,2
78566,2
78567,2
78568,3
78569,2
78570,3
78571,3
78572,2
78573,2
78574,2
78575,3
78576,2
78577,2
78578,3
78579,2
78580,2
78581,2
78582,2
78583,2
78584,2
78585,2
78586,2
78587,2
78588,2
78589,2
78590,2
78591,2
78592,2
78593,3
78594,2
78595,2
78596,2
78597,2
78598,2
78599,2
78600,2
78601,3
78602,2
78603,2
78604,2
78605,2
78606,2
78607,2
78608,2
78609,3
78610,3
78611,2
78612,2
78613,2
78614,2
78615,2
78616,2
78617,2
78618,2
78619,2
78620,2
78621,2
78622,2
78623,2
78624,2
78625,2
78626,2
78627,3
78628,2
78629,3
78630,3
78631,2
78632,2
78633,2
78634,2
78635,2
78636,2
78637,2
78638,2
78639,2
78640,3
78641,3
78642,3
78643,3
78644,2
78645,2
78646,2
78647,2
78648,2
78649,2
78650,3
78651,3
78652,3
78653,3
78654,3
78655,2
78656,3
78657,3
78658,3
78659,2
78660,3
78661,3
78662,2
78663,2
78664,2
78665,2
78666,2
78667,3
78668,3
78669,2
78670,2
78671,3
78672,3
78673,2
78674,2
78675,3
78676,3
78677,2
78678,1
78679,1
78680,2
78681,3
78682,1
78683,1
78684,1
78685,2
78686,2
78687,2
78688,2
78689,3
78690,3
78691,2
78692,2
78693,2
78694,2
78695,2
78696,2
78697,2
78698,2
78699,3
78700,3
78701,2
78702,2
78703,3
78704,3
78705,2
78706,2
78707,2
78708,2
78709,2
78710,1
78711,2
78712,2
78713,3
78714,2
78715,2
78716,2
78717,3
78718,2
78719,2
78720,3
78721,3
78722,2
78723,2
78724,3
78725,2
78726,2
78727,2
78728,2
78729,2
78730,2
78731,2
78732,3
78733,3
78734,3
78735,2
78736,2
78737,2
78738,1
78739,3
78740,3
78741,1
78742,3
78743,1
78744,1
78745,3
78746,2
78747,1
78748,1
78749,3
78750,1
78751,3
78752,3
78753,3
78754,2
78755,3
78756,3
78757,3
78758,2
78759,1
78760,1
78761,3
78762,3
78763,2
78764,1
78765,2
78766,2
78767,2
78768,2
78769,2
78770,0
78771,2
78772,2
78773,2
78774,2
78775,3
78776,3
78777,3
78778,2
78779,2
78780,2
78781,2
78782,2
78783,2
78784,2
78785,2
78786,2
78787,2
78788,2
78789,2
78790,2
78791,2
78792,2
78793,2
78794,2
78795,2
78796,2
78797,3
78798,2
78799,2
78800,2
78801,2
78802,2
78803,2
78804,2
78805,2
78806,3
78807,2
78808,2
78809,2
78810,2
78811,2
78812,2
78813,2
78814,2
78815,2
78816,2
78817,2
78818,2
78819,2
78820,2
78821,2
78822,2
78823,2
78824,2
78825,3
78826,2
78827,3
78828,2
78829,3
78830,3
78831,2
78832,2
78833,2
78834,2
78835,3
78836,2
78837,2
78838,2
78839,2
78840,3
78841,2
78842,2
78843,2
78844,2
78845,2
78846,2
78847,2
78848,2
78849,2
78850,2
78851,3
78852,3
78853,3
78854,3
78855,2
78856,2
78857,3
78858,2
78859,2
78860,3
78861,2
78862,2
78863,2
78864,2
78865,2
78866,3
78867,2
78868,2
78869,2
78870,2
78871,2
78872,2
78873,2
78874,2
78875,2
78876,3
78877,2
78878,2
78879,3
78880,3
78881,3
78882,2
78883,2
78884,2
78885,2
78886,3
78887,2
78888,2
78889,2
78890,2
78891,2
78892,3
78893,3
78894,3
78895,2
78896,2
78897,2
78898,3
78899,3
78900,3
78901,3
78902,3
78903,3
78904,2
78905,3
78906,3
78907,3
78908,3
78909,3
78910,2
78911,2
78912,3
78913,2
78914,2
78915,2
78916,3
78917,3
78918,3
78919,3
78920,2
78921,2
78922,2
78923,3
78924,3
78925,3
78926,2
78927,2
78928,2
78929,2
78930,3
78931,3
78932,2
78933,1
78934,3
78935,2
78936,3
78937,2
78938,3
78939,3
78940,3
78941,3
78942,3
78943,3
78944,3
78945,2
78946,3
78947,3
78948,3
78949,3
78950,3
78951,3
78952,3
78953,3
78954,2
78955,2
78956,2
78957,2
78958,2
78959,3
78960,3
78961,3
78962,3
78963,3
78964,2
78965,2
78966,2
78967,2
78968,2
78969,2
78970,2
78971,2
78972,3
78973,3
78974,3
78975,3
78976,3
78977,3
78978,2
78979,2
78980,3
78981,3
78982,3
78983,3
78984,2
78985,3
78986,2
78987,2
78988,2
78989,2
78990,3
78991,3
78992,3
78993,2
78994,3
78995,3
78996,3
78997,2
78998,2
78999,2
79000,2
79001,2
79002,2
79003,2
79004,2
79005,2
79006,2
79007,2
79008,2
79009,2
79010,2
79011,2
79012,2
79013,2
79014,2
79015,3
79016,3
79017,3
79018,3
79019,3
79020,3
79021,2
79022,2
79023,2
79024,2
79025,2
79026,2
79027,2
79028,2
79029,2
79030,3
79031,2
79032,2
79033,2
79034,2
79035,2
79036,2
79037,2
79038,2
79039,2
79040,2
79041,2
79042,2
79043,2
79044,2
79045,2
79046,2
79047,1
79048,1
79049,3
79050,1
79051,3
79052,2
79053,2
79054,3
79055,2
79056,3
79057,3
79058,3
79059,3
79060,3
79061,2
79062,1
79063,3
79064,3
79065,1
79066,1
79067,2
79068,3
79069,1
79070,1
79071,1
79072,3
79073,1
79074,1
79075,1
79076,1
79077,1
79078,3
79079,3
79080,3
79081,2
79082,2
79083,2
79084,3
79085,2
79086,2
79087,2
79088,3
79089,3
79090,3
79091,3
79092,2
79093,2
79094,3
79095,2
79096,2
79097,3
79098,2
79099,2
79100,2
79101,2
79102,3
79103,2
79104,2
79105,2
79106,2
79107,2
79108,2
79109,2
79110,2
79111,2
79112,3
79113,2
79114,2
79115,2
79116,2
79117,2
79118,2
79119,2
79120,2
79121,2
79122,2
79123,2
79124,2
79125,2
79126,3
79127,2
79128,3
79129,2
79130,3
79131,2
79132,3
79133,3
79134,2
79135,2
79136,2
79137,2
79138,2
79139,2
79140,2
79141,2
79142,2
79143,2
79144,2
79145,2
79146,2
79147,2
79148,2
79149,2
79150,2
79151,2
79152,2
79153,2
79154,3
79155,2
79156,3
79157,2
79158,2
79159,2
79160,2
79161,2
79162,3
79163,2
79164,2
79165,2
79166,2
79167,2
79168,2
79169,2
79170,2
79171,2
79172,2
79173,1
79174,3
79175,3
79176,2
79177,3
79178,3
79179,3
79180,3
79181,3
79182,2
79183,3
79184,2
79185,2
79186,2
79187,2
79188,2
79189,2
79190,2
79191,3
79192,3
79193,1
79194,3
79195,2
79196,2
79197,2
79198,3
79199,3
79200,2
79201,3
79202,3
79203,2
79204,2
79205,2
79206,2
79207,2
79208,2
79209,2
79210,2
79211,2
79212,2
79213,2
79214,2
79215,3
79216,2
79217,3
79218,3
79219,3
79220,3
79221,2
79222,2
79223,2
79224,2
79225,2
79226,2
79227,2
79228,2
79229,2
79230,2
79231,2
79232,2
79233,2
79234,2
79235,2
79236,2
79237,2
79238,2
79239,2
79240,2
79241,2
79242,2
79243,2
79244,2
79245,2
79246,2
79247,2
79248,2
79249,2
79250,2
79251,1
79252,3
79253,3
79254,3
79255,3
79256,3
79257,3
79258,3
79259,3
79260,1
79261,2
79262,3
79263,1
79264,1
79265,2
79266,3
79267,3
79268,2
79269,2
79270,2
79271,3
79272,2
79273,2
79274,2
79275,2
79276,3
79277,3
79278,3
79279,2
79280,2
79281,2
79282,2
79283,3
79284,2
79285,2
79286,3
79287,3
79288,3
79289,2
79290,3
79291,3
79292,3
79293,2
79294,3
79295,2
79296,2
79297,2
79298,2
79299,2
79300,3
79301,3
79302,2
79303,3
79304,2
79305,3
79306,2
79307,2
79308,2
79309,2
79310,2
79311,2
79312,3
79313,2
79314,2
79315,2
79316,2
79317,2
79318,3
79319,3
79320,3
79321,3
79322,1
79323,1
79324,1
79325,1
79326,1
79327,1
79328,1
79329,1
79330,1
79331,1
79332,1
79333,1
79334,1
79335,1
79336,1
79337,1
79338,1
79339,1
79340,3
79341,1
79342,3
79343,1
79344,1
79345,1
79346,1
79347,1
79348,3
79349,3
79350,3
79351,3
79352,3
79353,3
79354,3
79355,3
79356,3
79357,3
79358,3
79359,3
79360,3
79361,3
79362,3
79363,3
79364,3
79365,1
79366,3
79367,3
79368,3
79369,3
79370,3
79371,3
79372,3
79373,3
79374,3
79375,3
79376,3
79377,3
79378,3
79379,3
79380,3
79381,3
79382,3
79383,3
79384,3
79385,3
79386,3
79387,2
79388,3
79389,3
79390,3
79391,3
79392,3
79393,3
79394,3
79395,3
79396,3
79397,2
79398,3
79399,3
79400,2
79401,3
79402,2
79403,3
79404,3
79405,3
79406,3
79407,3
79408,3
79409,3
79410,3
79411,1
79412,1
79413,3
79414,3
79415,3
79416,3
79417,3
79418,3
79419,3
79420,2
79421,3
79422,3
79423,3
79424,3
79425,3
79426,3
79427,3
79428,3
79429,3
79430,3
79431,3
79432,3
79433,3
79434,3
79435,1
79436,3
79437,3
79438,3
79439,3
79440,3
79441,3
79442,3
79443,3
79444,3
79445,3
79446,3
79447,3
79448,3
79449,3
79450,3
79451,3
79452,3
79453,3
79454,3
79455,3
79456,3
79457,3
79458,3
79459,3
79460,1
79461,3
79462,0
79463,3
79464,3
79465,1
79466,1
79467,1
79468,3
79469,3
79470,3
79471,3
79472,3
79473,1
79474,3
79475,3
79476,3
79477,3
79478,3
79479,3
79480,3
79481,1
79482,3
79483,3
79484,0
79485,2
79486,0
79487,0
79488,3
79489,3
79490,3
79491,3
79492,3
79493,3
79494,3
79495,3
79496,3
79497,3
79498,3
79499,3
79500,3
79501,3
79502,3
79503,3
79504,3
79505,3
79506,3
79507,0
79508,0
79509,2
79510,3
79511,3
79512,3
79513,3
79514,2
79515,0
79516,3
79517,3
79518,3
79519,2
79520,3
79521,3
79522,3
79523,3
79524,3
79525,3
79526,3
79527,3
79528,3
79529,0
79530,3
79531,3
79532,3
79533,3
79534,3
79535,3
79536,0
79537,3
79538,3
79539,3
79540,3
79541,3
79542,3
79543,3
79544,2
79545,2
79546,2
79547,3
79548,3
79549,2
79550,2
79551,2
79552,2
79553,2
79554,2
79555,3
79556,3
79557,3
79558,3
79559,3
79560,3
79561,3
79562,3
79563,3
79564,3
79565,3
79566,3
79567,3
79568,2
79569,2
79570,3
79571,3
79572,3
79573,3
79574,3
79575,3
79576,3
79577,2
79578,3
79579,3
79580,2
79581,3
79582,3
79583,3
79584,3
79585,3
79586,3
79587,3
79588,3
79589,2
79590,3
79591,3
79592,3
79593,3
79594,3
79595,3
79596,0
79597,0
79598,2
79599,2
79600,0
79601,0
79602,0
79603,0
79604,0
79605,3
79606,0
79607,3
79608,0
79609,3
79610,3
79611,0
79612,3
79613,3
79614,0
79615,0
79616,3
79617,3
79618,3
79619,3
79620,3
79621,3
79622,3
79623,3
79624,3
79625,3
79626,3
79627,3
79628,3
79629,3
79630,3
79631,3
79632,3
79633,3
79634,3
79635,3
79636,3
79637,3
79638,3
79639,3
79640,1
79641,3
79642,1
79643,3
79644,3
79645,1
79646,1
79647,1
79648,1
79649,1
79650,1
79651,1
79652,3
79653,2
79654,3
79655,1
79656,1
79657,1
79658,1
79659,1
79660,3
79661,0
79662,3
79663,3
79664,3
79665,0
79666,2
79667,2
79668,2
79669,2
79670,2
79671,2
79672,2
79673,1
79674,2
79675,2
79676,3
79677,1
79678,2
79679,1
79680,2
79681,2
79682,2
79683,3
79684,3
79685,2
79686,3
79687,1
79688,1
79689,2
79690,2
79691,2
79692,2
79693,3
79694,0
79695,2
79696,3
79697,3
79698,2
79699,2
79700,2
79701,2
79702,3
79703,2
79704,2
79705,2
79706,2
79707,2
79708,2
79709,2
79710,2
79711,2
79712,1
79713,2
79714,2
79715,2
79716,2
79717,1
79718,1
79719,1
79720,2
79721,0
79722,3
79723,3
79724,3
79725,2
79726,2
79727,3
79728,3
79729,2
79730,2
79731,3
79732,2
79733,2
79734,1
79735,1
79736,1
79737,1
79738,1
79739,1
79740,1
79741,2
79742,2
79743,2
79744,2
79745,0
79746,2
79747,2
79748,2
79749,2
79750,2
79751,0
79752,2
79753,0
79754,0
79755,1
79756,1
79757,1
79758,1
79759,1
79760,1
79761,0
79762,0
79763,0
79764,0
79765,2
79766,1
79767,1
79768,1
79769,2
79770,1
79771,1
79772,1
79773,2
79774,3
79775,2
79776,2
79777,2
79778,2
79779,1
79780,2
79781,1
79782,3
79783,3
79784,1
79785,2
79786,3
79787,2
79788,2
79789,2
79790,1
79791,2
79792,3
79793,1
79794,1
79795,1
79796,1
79797,1
79798,1
79799,1
79800,2
79801,1
79802,1
79803,1
79804,2
79805,1
79806,0
79807,1
79808,1
79809,1
79810,2
79811,3
79812,3
79813,1
79814,1
79815,2
79816,1
79817,2
79818,1
79819,2
79820,2
79821,1
79822,2
79823,3
79824,3
79825,2
79826,2
79827,2
79828,3
79829,0
79830,1
79831,1
79832,3
79833,1
79834,1
79835,0
79836,3
79837,0
79838,1
79839,1
79840,1
79841,3
79842,1
79843,2
79844,3
79845,2
79846,2
79847,2
79848,2
79849,2
79850,2
79851,1
79852,1
79853,1
79854,1
79855,1
79856,2
79857,2
79858,2
79859,2
79860,1
79861,2
79862,1
79863,0
79864,3
79865,3
79866,2
79867,2
79868,3
79869,1
79870,2
79871,2
79872,2
79873,3
79874,2
79875,2
79876,2
79877,2
79878,2
79879,2
79880,1
79881,3
79882,2
79883,2
79884,2
79885,2
79886,2
79887,2
79888,2
79889,2
79890,2
79891,2
79892,2
79893,2
79894,0
79895,2
79896,3
79897,2
79898,2
79899,2
79900,2
79901,1
79902,2
79903,2
79904,2
79905,1
79906,2
79907,1
79908,1
79909,3
79910,1
79911,1
79912,3
79913,0
79914,0
79915,0
79916,0
79917,0
79918,0
79919,3
79920,3
79921,0
79922,3
79923,2
79924,2
79925,2
79926,2
79927,2
79928,2
79929,2
79930,2
79931,2
79932,2
79933,2
79934,2
79935,2
79936,2
79937,2
79938,2
79939,2
79940,2
79941,0
79942,2
79943,2
79944,2
79945,2
79946,2
79947,2
79948,2
79949,2
79950,2
79951,2
79952,2
79953,3
79954,2
79955,2
79956,2
79957,2
79958,2
79959,2
79960,2
79961,3
79962,2
79963,2
79964,2
79965,2
79966,2
79967,2
79968,2
79969,2
79970,2
79971,2
79972,2
79973,2
79974,2
79975,2
79976,2
79977,2
79978,2
79979,3
79980,3
79981,0
79982,0
79983,2
79984,2
79985,2
79986,2
79987,2
79988,2
79989,2
79990,2
79991,2
79992,2
79993,2
79994,2
79995,2
79996,2
79997,2
79998,2
79999,2
80000,2
80001,2
80002,2
80003,2
80004,2
80005,1
80006,1
80007,1
80008,2
80009,3
80010,0
80011,3
80012,2
80013,2
80014,3
80015,1
80016,1
80017,1
80018,1
80019,3
80020,3
80021,2
80022,3
80023,2
80024,2
80025,2
80026,2
80027,2
80028,2
80029,2
80030,2
80031,2
80032,2
80033,2
80034,2
80035,2
80036,3
80037,2
80038,2
80039,2
80040,2
80041,2
80042,2
80043,2
80044,2
80045,2
80046,2
80047,2
80048,3
80049,2
80050,2
80051,2
80052,2
80053,3
80054,2
80055,3
80056,3
80057,3
80058,2
80059,2
80060,2
80061,3
80062,3
80063,2
80064,2
80065,1
80066,1
80067,1
80068,1
80069,1
80070,1
80071,0
80072,2
80073,3
80074,3
80075,2
80076,2
80077,2
80078,2
80079,3
80080,2
80081,2
80082,2
80083,2
80084,2
80085,2
80086,2
80087,2
80088,2
80089,2
80090,2
80091,2
80092,2
80093,2
80094,2
80095,2
80096,2
80097,2
80098,2
80099,2
80100,2
80101,2
80102,2
80103,2
80104,2
80105,2
80106,2
80107,2
80108,2
80109,2
80110,2
80111,2
80112,2
80113,3
80114,3
80115,3
80116,3
80117,0
80118,2
80119,3
80120,3
80121,3
80122,3
80123,3
80124,3
80125,2
80126,2
80127,2
80128,2
80129,2
80130,2
80131,3
80132,3
80133,3
80134,3
80135,2
80136,2
80137,2
80138,3
80139,3
80140,2
80141,3
80142,3
80143,2
80144,3
80145,3
80146,2
80147,3
80148,3
80149,3
80150,3
80151,3
80152,2
80153,3
80154,3
80155,2
80156,3
80157,2
80158,3
80159,3
80160,3
80161,3
80162,3
80163,3
80164,1
80165,3
80166,3
80167,2
80168,2
80169,0
80170,2
80171,1
80172,3
80173,3
80174,3
80175,3
80176,0
80177,3
80178,3
80179,3
80180,3
80181,3
80182,3
80183,3
80184,3
80185,3
80186,3
80187,3
80188,3
80189,3
80190,3
80191,3
80192,2
80193,3
80194,3
80195,3
80196,3
80197,2
80198,0
80199,2
80200,0
80201,2
80202,2
80203,2
80204,0
80205,3
80206,3
80207,2
80208,2
80209,2
80210,2
80211,0
80212,0
80213,2
80214,2
80215,2
80216,2
80217,3
80218,3
80219,1
80220,3
80221,3
80222,3
80223,3
80224,3
80225,0
80226,3
80227,3
80228,3
80229,0
80230,3
80231,0
80232,0
80233,2
80234,0
80235,2
80236,2
80237,2
80238,2
80239,0
80240,3
80241,0
80242,3
80243,0
80244,0
80245,0
80246,0
80247,0
80248,2
80249,0
80250,3
80251,0
80252,0
80253,0
80254,0
80255,2
80256,0
80257,2
80258,0
80259,3
80260,2
80261,2
80262,2
80263,2
80264,3
80265,2
80266,2
80267,2
80268,2
80269,2
80270,2
80271,2
80272,2
80273,0
80274,0
80275,0
80276,0
80277,0
80278,3
80279,2
80280,2
80281,3
80282,3
80283,3
80284,2
80285,3
80286,2
80287,2
80288,2
80289,0
80290,2
80291,2
80292,0
80293,2
80294,2
80295,2
80296,3
80297,2
80298,2
80299,3
80300,2
80301,2
80302,2
80303,2
80304,2
80305,2
80306,0
80307,2
80308,3
80309,2
80310,0
80311,2
80312,1
80313,2
80314,0
80315,0
80316,0
80317,2
80318,0
80319,0
80320,0
80321,0
80322,2
80323,2
80324,2
80325,2
80326,2
80327,0
80328,2
80329,2
80330,2
80331,2
80332,2
80333,0
80334,0
80335,2
80336,2
80337,2
80338,0
80339,3
80340,1
80341,1
80342,1
80343,3
80344,3
80345,3
80346,3
80347,0
80348,3
80349,3
80350,3
80351,3
80352,3
80353,3
80354,3
80355,3
80356,1
80357,0
80358,3
80359,3
80360,3
80361,3
80362,2
80363,0
80364,2
80365,2
80366,2
80367,1
80368,3
80369,1
80370,0
80371,3
80372,3
80373,0
80374,3
80375,3
80376,2
80377,3
80378,3
80379,3
80380,3
80381,0
80382,0
80383,3
80384,0
80385,0
80386,0
80387,0
80388,0
80389,0
80390,3
80391,0
80392,0
80393,0
80394,2
80395,3
80396,3
80397,3
80398,3
80399,3
80400,0
80401,3
80402,3
80403,3
80404,1
80405,2
80406,3
80407,3
80408,3
80409,2
80410,2
80411,3
80412,3
80413,3
80414,3
80415,2
80416,3
80417,3
80418,3
80419,3
80420,3
80421,3
80422,3
80423,2
80424,2
80425,2
80426,3
80427,3
80428,0
80429,0
80430,2
80431,2
80432,3
80433,2
80434,0
80435,0
80436,0
80437,0
80438,2
80439,2
80440,2
80441,2
80442,3
80443,2
80444,3
80445,2
80446,2
80447,2
80448,2
80449,2
80450,3
80451,1
80452,2
80453,0
80454,2
80455,2
80456,0
80457,2
80458,3
80459,0
80460,2
80461,0
80462,0
80463,0
80464,0
80465,2
80466,0
80467,0
80468,2
80469,0
80470,0
80471,0
80472,0
80473,0
80474,2
80475,0
80476,0
80477,2
80478,0
80479,2
80480,0
80481,2
80482,0
80483,0
80484,0
80485,2
80486,0
80487,0
80488,0
80489,0
80490,0
80491,0
80492,0
80493,2
80494,0
80495,2
80496,0
80497,0
80498,0
80499,0
80500,0
80501,0
80502,2
80503,2
80504,2
80505,1
80506,1
80507,1
80508,1
80509,0
80510,0
80511,0
80512,0
80513,2
80514,2
80515,0
80516,0
80517,0
80518,0
80519,0
80520,0
80521,2
80522,0
80523,0
80524,0
80525,2
80526,0
80527,0
80528,0
80529,0
80530,0
80531,0
80532,2
80533,2
80534,0
80535,2
80536,2
80537,2
80538,2
80539,2
80540,2
80541,2
80542,0
80543,2
80544,2
80545,0
80546,2
80547,2
80548,0
80549,0
80550,0
80551,0
80552,0
80553,0
80554,0
80555,1
80556,2
80557,2
80558,2
80559,0
80560,2
80561,2
80562,2
80563,2
80564,2
80565,2
80566,2
80567,2
80568,2
80569,2
80570,2
80571,0
80572,2
80573,2
80574,3
80575,0
80576,2
80577,0
80578,0
80579,2
80580,2
80581,2
80582,2
80583,0
80584,0
80585,0
80586,0
80587,2
80588,2
80589,2
80590,2
80591,2
80592,2
80593,2
80594,2
80595,2
80596,2
80597,2
80598,2
80599,3
80600,0
80601,2
80602,2
80603,2
80604,0
80605,0
80606,0
80607,0
80608,0
80609,0
80610,0
80611,0
80612,0
80613,0
80614,0
80615,0
80616,0
80617,2
80618,0
80619,0
80620,0
80621,0
80622,0
80623,2
80624,2
80625,0
80626,0
80627,0
80628,0
80629,0
80630,0
80631,0
80632,0
80633,0
80634,0
80635,0
80636,0
80637,0
80638,0
80639,0
80640,0
80641,0
80642,0
80643,0
80644,0
80645,0
80646,2
80647,2
80648,0
80649,2
80650,0
80651,0
80652,0
80653,0
80654,2
80655,2
80656,2
80657,2
80658,2
80659,3
80660,2
80661,2
80662,2
80663,2
80664,2
80665,2
80666,2
80667,0
80668,2
80669,3
80670,0
80671,3
80672,0
80673,0
80674,0
80675,0
80676,0
80677,2
80678,0
80679,0
80680,2
80681,2
80682,2
80683,2
80684,2
80685,2
80686,2
80687,2
80688,2
80689,2
80690,0
80691,2
80692,2
80693,2
80694,2
80695,2
80696,0
80697,2
80698,3
80699,3
80700,2
80701,0
80702,0
80703,0
80704,0
80705,0
80706,0
80707,0
80708,0
80709,3
80710,3
80711,2
80712,0
80713,3
80714,2
80715,0
80716,0
80717,0
80718,2
80719,0
80720,0
80721,2
80722,2
80723,2
80724,2
80725,0
80726,3
80727,2
80728,2
80729,2
80730,2
80731,2
80732,2
80733,2
80734,0
80735,0
80736,2
80737,0
80738,0
80739,0
80740,0
80741,3
80742,3
80743,2
80744,2
80745,2
80746,3
80747,2
80748,2
80749,3
80750,2
80751,3
80752,2
80753,2
80754,2
80755,2
80756,2
80757,2
80758,3
80759,2
80760,2
80761,3
80762,2
80763,3
80764,2
80765,3
80766,2
80767,2
80768,0
80769,2
80770,2
80771,2
80772,2
80773,2
80774,2
80775,0
80776,0
80777,0
80778,2
80779,2
80780,2
80781,2
80782,0
80783,2
80784,2
80785,0
80786,0
80787,3
80788,2
80789,0
80790,0
80791,2
80792,0
80793,0
80794,0
80795,0
80796,0
80797,0
80798,2
80799,2
80800,0
80801,0
80802,0
80803,0
80804,0
80805,0
80806,2
80807,2
80808,2
80809,0
80810,0
80811,0
80812,0
80813,2
80814,2
80815,2
80816,2
80817,2
80818,2
80819,0
80820,2
80821,0
80822,2
80823,2
80824,2
80825,2
80826,3
80827,2
80828,0
80829,2
80830,2
80831,2
80832,2
80833,3
80834,3
80835,3
80836,3
80837,3
80838,3
80839,0
80840,3
80841,3
80842,0
80843,2
80844,2
80845,2
80846,0
80847,0
80848,2
80849,0
80850,0
80851,2
80852,2
80853,2
80854,3
80855,3
80856,3
80857,0
80858,0
80859,0
80860,2
80861,0
80862,0
80863,3
80864,3
80865,3
80866,3
80867,1
80868,1
80869,1
80870,3
80871,3
80872,3
80873,3
80874,3
80875,3
80876,3
80877,3
80878,3
80879,3
80880,3
80881,3
80882,3
80883,3
80884,3
80885,3
80886,3
80887,3
80888,3
80889,3
80890,3
80891,3
80892,3
80893,3
80894,2
80895,2
80896,3
80897,3
80898,3
80899,2
80900,2
80901,2
80902,0
80903,0
80904,3
80905,2
80906,2
80907,3
80908,2
80909,3
80910,1
80911,1
80912,3
80913,2
80914,2
80915,3
80916,3
80917,3
80918,3
80919,2
80920,2
80921,3
80922,2
80923,2
80924,3
80925,3
80926,3
80927,3
80928,3
80929,3
80930,3
80931,3
80932,3
80933,2
80934,3
80935,3
80936,2
80937,3
80938,3
80939,3
80940,3
80941,3
80942,3
80943,3
80944,3
80945,3
80946,3
80947,3
80948,3
80949,3
80950,3
80951,3
80952,3
80953,3
80954,3
80955,3
80956,3
80957,3
80958,3
80959,3
80960,3
80961,3
80962,3
80963,3
80964,3
80965,3
80966,3
80967,3
80968,3
80969,3
80970,3
80971,3
80972,3
80973,3
80974,2
80975,2
80976,2
80977,3
80978,3
80979,3
80980,3
80981,3
80982,3
80983,3
80984,3
80985,2
80986,2
80987,3
80988,2
80989,0
80990,3
80991,3
80992,3
80993,3
80994,3
80995,2
80996,0
80997,3
80998,3
80999,3
81000,0
81001,2
81002,3
81003,3
81004,3
81005,3
81006,3
81007,3
81008,3
81009,3
81010,3
81011,3
81012,3
81013,3
81014,3
81015,3
81016,3
81017,0
81018,3
81019,1
81020,3
81021,3
81022,3
81023,3
81024,3
81025,3
81026,3
81027,3
81028,3
81029,2
81030,2
81031,3
81032,3
81033,2
81034,3
81035,3
81036,2
81037,3
81038,3
81039,3
81040,3
81041,3
81042,3
81043,3
81044,0
81045,2
81046,1
81047,3
81048,3
81049,3
81050,3
81051,3
81052,3
81053,3
81054,2
81055,3
81056,0
81057,3
81058,3
81059,3
81060,3
81061,3
81062,3
81063,3
81064,3
81065,3
81066,2
81067,2
81068,2
81069,3
81070,3
81071,2
81072,2
81073,2
81074,2
81075,3
81076,3
81077,0
81078,0
81079,3
81080,2
81081,2
81082,2
81083,3
81084,2
81085,3
81086,3
81087,3
81088,3
81089,3
81090,3
81091,2
81092,2
81093,2
81094,3
81095,1
81096,3
81097,3
81098,3
81099,2
81100,3
81101,3
81102,1
81103,3
81104,3
81105,2
81106,3
81107,3
81108,3
81109,3
81110,3
81111,3
81112,3
81113,1
81114,1
81115,2
81116,2
81117,3
81118,2
81119,2
81120,3
81121,3
81122,3
81123,3
81124,1
81125,2
81126,2
81127,2
81128,3
81129,3
81130,3
81131,3
81132,1
81133,3
81134,3
81135,1
81136,1
81137,2
81138,2
81139,1
81140,3
81141,3
81142,2
81143,2
81144,3
81145,3
81146,2
81147,2
81148,2
81149,2
81150,2
81151,2
81152,2
81153,2
81154,2
81155,2
81156,2
81157,2
81158,1
81159,2
81160,3
81161,3
81162,2
81163,2
81164,2
81165,2
81166,2
81167,2
81168,2
81169,2
81170,2
81171,2
81172,3
81173,2
81174,1
81175,3
81176,2
81177,1
81178,2
81179,2
81180,3
81181,2
81182,2
81183,3
81184,3
81185,1
81186,3
81187,3
81188,1
81189,3
81190,3
81191,2
81192,3
81193,3
81194,1
81195,2
81196,2
81197,2
81198,2
81199,2
81200,3
81201,2
81202,3
81203,3
81204,2
81205,3
81206,3
81207,2
81208,3
81209,0
81210,1
81211,3
81212,3
81213,2
81214,3
81215,3
81216,3
81217,3
81218,3
81219,2
81220,3
81221,3
81222,3
81223,3
81224,3
81225,1
81226,2
81227,2
81228,2
81229,3
81230,2
81231,1
81232,2
81233,1
81234,1
81235,1
81236,2
81237,1
81238,1
81239,3
81240,1
81241,3
81242,3
81243,3
81244,3
81245,1
81246,1
81247,3
81248,3
81249,3
81250,3
81251,1
81252,3
81253,3
81254,1
81255,3
81256,1
81257,1
81258,1
81259,1
81260,1
81261,1
81262,1
81263,2
81264,2
81265,1
81266,1
81267,1
81268,1
81269,1
81270,1
81271,1
81272,3
81273,1
81274,1
81275,1
81276,1
81277,1
81278,1
81279,3
81280,1
81281,3
81282,1
81283,1
81284,2
81285,2
81286,2
81287,2
81288,2
81289,2
81290,1
81291,1
81292,1
81293,2
81294,2
81295,2
81296,2
81297,2
81298,2
81299,2
81300,3
81301,2
81302,2
81303,2
81304,2
81305,2
81306,2
81307,3
81308,2
81309,2
81310,2
81311,3
81312,1
81313,2
81314,3
81315,2
81316,3
81317,2
81318,3
81319,3
81320,3
81321,3
81322,3
81323,3
81324,3
81325,3
81326,3
81327,3
81328,1
81329,3
81330,2
81331,3
81332,2
81333,2
81334,2
81335,3
81336,2
81337,2
81338,2
81339,2
81340,2
81341,2
81342,2
81343,1
81344,2
81345,3
81346,3
81347,2
81348,2
81349,3
81350,2
81351,3
81352,1
81353,3
81354,2
81355,2
81356,2
81357,3
81358,1
81359,1
81360,1
81361,1
81362,1
81363,2
81364,2
81365,1
81366,1
81367,3
81368,1
81369,1
81370,3
81371,3
81372,1
81373,3
81374,3
81375,1
81376,3
81377,1
81378,2
81379,2
81380,2
81381,2
81382,2
81383,1
81384,2
81385,3
81386,2
81387,3
81388,3
81389,2
81390,2
81391,2
81392,3
81393,2
81394,2
81395,2
81396,2
81397,2
81398,3
81399,0
81400,3
81401,3
81402,1
81403,3
81404,2
81405,2
81406,3
81407,2
81408,2
81409,2
81410,3
81411,2
81412,2
81413,3
81414,3
81415,3
81416,3
81417,2
81418,3
81419,3
81420,2
81421,3
81422,2
81423,2
81424,2
81425,2
81426,2
81427,2
81428,2
81429,2
81430,3
81431,2
81432,2
81433,2
81434,2
81435,2
81436,2
81437,2
81438,2
81439,2
81440,3
81441,2
81442,2
81443,2
81444,2
81445,2
81446,2
81447,2
81448,2
81449,2
81450,2
81451,2
81452,2
81453,2
81454,2
81455,2
81456,2
81457,2
81458,2
81459,2
81460,2
81461,2
81462,2
81463,2
81464,2
81465,2
81466,0
81467,2
81468,2
81469,2
81470,2
81471,2
81472,2
81473,2
81474,2
81475,3
81476,3
81477,3
81478,3
81479,3
81480,1
81481,3
81482,3
81483,3
81484,3
81485,3
81486,3
81487,2
81488,3
81489,3
81490,3
81491,2
81492,2
81493,2
81494,3
81495,2
81496,2
81497,2
81498,2
81499,2
81500,2
81501,2
81502,2
81503,2
81504,2
81505,2
81506,2
81507,3
81508,1
81509,1
81510,1
81511,1
81512,2
81513,3
81514,2
81515,2
81516,2
81517,2
81518,2
81519,2
81520,2
81521,2
81522,2
81523,2
81524,2
81525,3
81526,2
81527,3
81528,3
81529,3
81530,3
81531,3
81532,3
81533,2
81534,2
81535,0
81536,2
81537,2
81538,3
81539,3
81540,2
81541,3
81542,3
81543,1
81544,3
81545,1
81546,1
81547,3
81548,3
81549,3
81550,3
81551,3
81552,3
81553,3
81554,3
81555,3
81556,3
81557,3
81558,3
81559,3
81560,2
81561,3
81562,2
81563,3
81564,1
81565,2
81566,2
81567,2
81568,2
81569,2
81570,1
81571,1
81572,3
81573,3
81574,3
81575,3
81576,2
81577,2
81578,3
81579,3
81580,3
81581,3
81582,3
81583,3
81584,3
81585,2
81586,2
81587,2
81588,2
81589,2
81590,2
81591,2
81592,2
81593,1
81594,2
81595,2
81596,2
81597,3
81598,2
81599,2
81600,2
81601,2
81602,2
81603,2
81604,2
81605,2
81606,2
81607,3
81608,1
81609,3
81610,2
81611,2
81612,3
81613,2
81614,2
81615,3
81616,2
81617,2
81618,1
81619,1
81620,1
81621,1
81622,2
81623,2
81624,3
81625,3
81626,2
81627,2
81628,3
81629,2
81630,3
81631,2
81632,2
81633,3
81634,3
81635,3
81636,3
81637,3
81638,3
81639,3
81640,3
81641,3
81642,3
81643,3
81644,2
81645,3
81646,3
81647,2
81648,3
81649,2
81650,2
81651,3
81652,2
81653,0
81654,2
81655,2
81656,2
81657,2
81658,2
81659,2
81660,2
81661,2
81662,2
81663,2
81664,2
81665,2
81666,2
81667,2
81668,2
81669,3
81670,2
81671,0
81672,2
81673,2
81674,2
81675,2
81676,3
81677,2
81678,3
81679,3
81680,2
81681,3
81682,2
81683,2
81684,2
81685,2
81686,3
81687,2
81688,2
81689,2
81690,2
81691,2
81692,3
81693,2
81694,2
81695,2
81696,3
81697,3
81698,3
81699,1
81700,2
81701,3
81702,2
81703,3
81704,2
81705,3
81706,2
81707,2
81708,2
81709,2
81710,2
81711,2
81712,2
81713,2
81714,3
81715,2
81716,2
81717,2
81718,2
81719,2
81720,2
81721,2
81722,2
81723,2
81724,2
81725,2
81726,2
81727,2
81728,2
81729,2
81730,2
81731,2
81732,2
81733,2
81734,2
81735,2
81736,2
81737,2
81738,2
81739,3
81740,2
81741,3
81742,2
81743,3
81744,3
81745,3
81746,3
81747,3
81748,2
81749,2
81750,3
81751,1
81752,3
81753,1
81754,1
81755,3
81756,3
81757,3
81758,3
81759,3
81760,2
81761,3
81762,3
81763,3
81764,3
81765,3
81766,3
81767,2
81768,2
81769,3
81770,2
81771,3
81772,3
81773,3
81774,3
81775,3
81776,3
81777,3
81778,2
81779,2
81780,2
81781,2
81782,2
81783,2
81784,3
81785,3
81786,2
81787,2
81788,2
81789,2
81790,2
81791,3
81792,2
81793,2
81794,2
81795,2
81796,2
81797,2
81798,2
81799,2
81800,2
81801,2
81802,2
81803,2
81804,2
81805,3
81806,3
81807,3
81808,3
81809,3
81810,3
81811,3
81812,3
81813,2
81814,2
81815,2
81816,3
81817,2
81818,2
81819,2
81820,3
81821,2
81822,2
81823,2
81824,2
81825,0
81826,2
81827,2
81828,2
81829,3
81830,1
81831,3
81832,0
81833,3
81834,0
81835,3
81836,3
81837,3
81838,1
81839,3
81840,3
81841,2
81842,0
81843,2
81844,0
81845,3
81846,2
81847,2
81848,0
81849,2
81850,2
81851,2
81852,3
81853,3
81854,3
81855,3
81856,0
81857,3
81858,3
81859,3
81860,0
81861,3
81862,2
81863,2
81864,2
81865,2
81866,2
81867,1
81868,3
81869,2
81870,2
81871,1
81872,1
81873,1
81874,3
81875,3
81876,3
81877,3
81878,3
81879,3
81880,3
81881,3
81882,3
81883,1
81884,1
81885,3
81886,3
81887,3
81888,1
81889,3
81890,3
81891,1
81892,1
81893,2
81894,1
81895,3
81896,3
81897,3
81898,1
81899,1
81900,1
81901,3
81902,3
81903,2
81904,3
81905,3
81906,3
81907,3
81908,3
81909,3
81910,3
81911,3
81912,3
81913,1
81914,1
81915,3
81916,3
81917,3
81918,1
81919,3
81920,3
81921,3
81922,3
81923,0
81924,2
81925,3
81926,3
81927,3
81928,3
81929,3
81930,3
81931,3
81932,3
81933,2
81934,2
81935,3
81936,2
81937,2
81938,2
81939,3
81940,3
81941,3
81942,1
81943,1
81944,1
81945,2
81946,2
81947,3
81948,3
81949,2
81950,2
81951,2
81952,2
81953,3
81954,3
81955,3
81956,3
81957,3
81958,3
81959,2
81960,2
81961,2
81962,3
81963,3
81964,3
81965,3
81966,3
81967,3
81968,3
81969,3
81970,3
81971,3
81972,3
81973,3
81974,3
81975,3
81976,3
81977,3
81978,2
81979,2
81980,2
81981,2
81982,2
81983,2
81984,2
81985,2
81986,3
81987,3
81988,3
81989,3
81990,3
81991,3
81992,3
81993,3
81994,3
81995,3
81996,3
81997,2
81998,3
81999,3
82000,3
82001,3
82002,3
82003,3
82004,3
82005,3
82006,3
82007,3
82008,3
82009,3
82010,3
82011,3
82012,3
82013,3
82014,2
82015,3
82016,3
82017,3
82018,3
82019,3
82020,3
82021,3
82022,3
82023,3
82024,3
82025,3
82026,3
82027,3
82028,2
82029,3
82030,3
82031,3
82032,3
82033,3
82034,2
82035,2
82036,2
82037,3
82038,2
82039,2
82040,2
82041,2
82042,2
82043,2
82044,2
82045,2
82046,3
82047,1
82048,2
82049,2
82050,2
82051,2
82052,2
82053,2
82054,2
82055,2
82056,2
82057,2
82058,3
82059,3
82060,3
82061,3
82062,3
82063,3
82064,3
82065,3
82066,3
82067,3
82068,3
82069,3
82070,3
82071,3
82072,3
82073,3
82074,3
82075,2
82076,3
82077,3
82078,3
82079,3
82080,3
82081,3
82082,3
82083,3
82084,3
82085,2
82086,2
82087,1
82088,2
82089,2
82090,2
82091,0
82092,2
82093,0
82094,0
82095,2
82096,2
82097,2
82098,2
82099,2
82100,2
82101,2
82102,2
82103,3
82104,3
82105,2
82106,2
82107,2
82108,2
82109,2
82110,3
82111,2
82112,1
82113,3
82114,3
82115,2
82116,2
82117,3
82118,3
82119,3
82120,2
82121,3
82122,2
82123,2
82124,2
82125,2
82126,0
82127,2
82128,2
82129,2
82130,3
82131,2
82132,2
82133,0
82134,2
82135,3
82136,2
82137,2
82138,2
82139,2
82140,2
82141,3
82142,2
82143,3
82144,3
82145,3
82146,2
82147,2
82148,2
82149,1
82150,3
82151,3
82152,3
82153,3
82154,3
82155,3
82156,3
82157,3
82158,0
82159,3
82160,3
82161,3
82162,3
82163,3
82164,3
82165,3
82166,2
82167,3
82168,3
82169,3
82170,3
82171,3
82172,3
82173,3
82174,3
82175,1
82176,2
82177,3
82178,3
82179,2
82180,2
82181,2
82182,1
82183,3
82184,3
82185,0
82186,3
82187,3
82188,1
82189,0
82190,1
82191,1
82192,3
82193,3
82194,3
82195,3
82196,2
82197,2
82198,2
82199,2
82200,2
82201,2
82202,3
82203,3
82204,3
82205,3
82206,3
82207,0
82208,0
82209,3
82210,3
82211,3
82212,1
82213,1
82214,3
82215,2
82216,2
82217,2
82218,2
82219,2
82220,2
82221,2
82222,2
82223,2
82224,2
82225,2
82226,3
82227,3
82228,2
82229,2
82230,2
82231,2
82232,2
82233,2
82234,2
82235,2
82236,2
82237,2
82238,2
82239,2
82240,2
82241,2
82242,2
82243,2
82244,3
82245,3
82246,2
82247,2
82248,1
82249,2
82250,2
82251,2
82252,3
82253,2
82254,1
82255,1
82256,1
82257,1
82258,1
82259,1
82260,1
82261,1
82262,3
82263,3
82264,1
82265,3
82266,1
82267,1
82268,3
82269,3
82270,1
82271,1
82272,3
82273,3
82274,3
82275,3
82276,3
82277,1
82278,2
82279,2
82280,2
82281,3
82282,2
82283,3
82284,0
82285,0
82286,3
82287,3
82288,2
82289,3
82290,3
82291,3
82292,1
82293,0
82294,0
82295,3
82296,0
82297,0
82298,3
82299,0
82300,3
82301,2
82302,1
82303,1
82304,3
82305,3
82306,2
82307,3
82308,2
82309,2
82310,2
82311,2
82312,2
82313,2
82314,2
82315,3
82316,3
82317,2
82318,3
82319,2
82320,2
82321,2
82322,3
82323,2
82324,2
82325,3
82326,3
82327,3
82328,2
82329,2
82330,2
82331,2
82332,2
82333,2
82334,3
82335,2
82336,3
82337,2
82338,3
82339,3
82340,1
82341,3
82342,2
82343,1
82344,0
82345,0
82346,0
82347,0
82348,0
82349,0
82350,0
82351,0
82352,0
82353,0
82354,0
82355,3
82356,3
82357,3
82358,3
82359,3
82360,3
82361,3
82362,3
82363,3
82364,3
82365,2
82366,3
82367,3
82368,3
82369,0
82370,2
82371,3
82372,3
82373,3
82374,3
82375,3
82376,1
82377,1
82378,3
82379,1
82380,3
82381,3
82382,3
82383,3
82384,3
82385,3
82386,3
82387,3
82388,3
82389,3
82390,2
82391,3
82392,3
82393,3
82394,3
82395,3
82396,3
82397,2
82398,3
82399,3
82400,3
82401,1
82402,3
82403,1
82404,1
82405,2
82406,2
82407,2
82408,2
82409,2
82410,2
82411,2
82412,2
82413,3
82414,3
82415,3
82416,3
82417,2
82418,3
82419,3
82420,1
82421,1
82422,1
82423,1
82424,3
82425,2
82426,3
82427,2
82428,2
82429,1
82430,1
82431,1
82432,3
82433,3
82434,3
82435,3
82436,3
82437,3
82438,3
82439,3
82440,3
82441,3
82442,3
82443,3
82444,3
82445,3
82446,3
82447,3
82448,3
82449,3
82450,3
82451,3
82452,3
82453,3
82454,3
82455,3
82456,3
82457,3
82458,3
82459,3
82460,3
82461,3
82462,3
82463,3
82464,2
82465,3
82466,3
82467,3
82468,3
82469,3
82470,3
82471,3
82472,3
82473,3
82474,3
82475,3
82476,3
82477,3
82478,3
82479,3
82480,3
82481,3
82482,3
82483,3
82484,3
82485,3
82486,3
82487,3
82488,3
82489,3
82490,3
82491,3
82492,3
82493,1
82494,3
82495,3
82496,3
82497,3
82498,2
82499,2
82500,2
82501,2
82502,3
82503,3
82504,3
82505,2
82506,2
82507,2
82508,3
82509,2
82510,3
82511,3
82512,2
82513,3
82514,3
82515,3
82516,2
82517,2
82518,2
82519,2
82520,2
82521,3
82522,3
82523,2
82524,3
82525,3
82526,2
82527,3
82528,3
82529,3
82530,3
82531,3
82532,3
82533,3
82534,3
82535,3
82536,3
82537,3
82538,3
82539,3
82540,3
82541,2
82542,0
82543,0
82544,3
82545,2
82546,3
82547,1
82548,1
82549,1
82550,1
82551,1
82552,1
82553,1
82554,1
82555,1
82556,1
82557,1
82558,1
82559,1
82560,1
82561,1
82562,1
82563,1
82564,1
82565,1
82566,3
82567,2
82568,2
82569,2
82570,2
82571,2
82572,3
82573,2
82574,3
82575,2
82576,1
82577,1
82578,1
82579,3
82580,2
82581,2
82582,3
82583,2
82584,3
82585,1
82586,3
82587,3
82588,3
82589,3
82590,3
82591,2
82592,3
82593,3
82594,3
82595,3
82596,3
82597,3
82598,3
82599,3
82600,3
82601,3
82602,3
82603,3
82604,3
82605,3
82606,3
82607,3
82608,3
82609,3
82610,3
82611,3
82612,3
82613,3
82614,3
82615,3
82616,3
82617,3
82618,3
82619,2
82620,2
82621,2
82622,3
82623,3
82624,3
82625,2
82626,3
82627,2
82628,2
82629,2
82630,2
82631,1
82632,1
82633,1
82634,3
82635,3
82636,2
82637,2
82638,3
82639,1
82640,1
82641,1
82642,2
82643,1
82644,1
82645,1
82646,3
82647,3
82648,3
82649,3
82650,1
82651,3
82652,3
82653,3
82654,2
82655,3
82656,2
82657,3
82658,3
82659,3
82660,3
82661,3
82662,3
82663,3
82664,3
82665,3
82666,3
82667,3
82668,3
82669,3
82670,3
82671,3
82672,3
82673,3
82674,2
82675,1
82676,1
82677,1
82678,3
82679,3
82680,1
82681,3
82682,3
82683,3
82684,1
82685,1
82686,1
82687,1
82688,1
82689,1
82690,1
82691,1
82692,3
82693,2
82694,3
82695,3
82696,2
82697,3
82698,3
82699,2
82700,3
82701,2
82702,3
82703,3
82704,2
82705,2
82706,3
82707,2
82708,2
82709,2
82710,2
82711,3
82712,1
82713,1
82714,1
82715,2
82716,3
82717,2
82718,2
82719,2
82720,2
82721,2
82722,2
82723,2
82724,2
82725,2
82726,2
82727,2
82728,2
82729,2
82730,2
82731,3
82732,3
82733,2
82734,2
82735,2
82736,0
82737,0
82738,2
82739,3
82740,3
82741,2
82742,2
82743,3
82744,2
82745,1
82746,1
82747,1
82748,2
82749,3
82750,3
82751,3
82752,3
82753,3
82754,3
82755,3
82756,3
82757,3
82758,3
82759,3
82760,3
82761,3
82762,3
82763,3
82764,3
82765,3
82766,3
82767,3
82768,3
82769,1
82770,1
82771,1
82772,1
82773,1
82774,1
82775,1
82776,1
82777,1
82778,1
82779,1
82780,1
82781,1
82782,1
82783,1
82784,3
82785,3
82786,1
82787,1
82788,1
82789,1
82790,1
82791,1
82792,1
82793,1
82794,1
82795,1
82796,1
82797,1
82798,1
82799,3
82800,3
82801,2
82802,3
82803,3
82804,3
82805,3
82806,1
82807,3
82808,3
82809,3
82810,3
82811,3
82812,3
82813,3
82814,3
82815,3
82816,3
82817,3
82818,3
82819,3
82820,3
82821,3
82822,3
82823,3
82824,3
82825,3
82826,3
82827,3
82828,3
82829,3
82830,3
82831,3
82832,3
82833,3
82834,1
82835,3
82836,3
82837,3
82838,3
82839,2
82840,2
82841,2
82842,2
82843,2
82844,2
82845,2
82846,2
82847,2
82848,2
82849,2
82850,2
82851,3
82852,2
82853,3
82854,3
82855,3
82856,3
82857,3
82858,3
82859,3
82860,3
82861,3
82862,3
82863,3
82864,1
82865,3
82866,3
82867,3
82868,3
82869,3
82870,3
82871,3
82872,3
82873,3
82874,3
82875,3
82876,3
82877,3
82878,2
82879,1
82880,1
82881,1
82882,1
82883,1
82884,1
82885,1
82886,3
82887,3
82888,2
82889,2
82890,2
82891,2
82892,3
82893,3
82894,2
82895,2
82896,2
82897,2
82898,2
82899,2
82900,2
82901,2
82902,2
82903,2
82904,2
82905,2
82906,2
82907,2
82908,2
82909,2
82910,2
82911,3
82912,3
82913,2
82914,2
82915,2
82916,3
82917,2
82918,2
82919,3
82920,2
82921,2
82922,2
82923,2
82924,3
82925,3
82926,3
82927,2
82928,2
82929,2
82930,2
82931,2
82932,2
82933,2
82934,2
82935,2
82936,2
82937,2
82938,2
82939,2
82940,2
82941,2
82942,2
82943,2
82944,2
82945,2
82946,2
82947,2
82948,2
82949,2
82950,2
82951,2
82952,2
82953,2
82954,2
82955,2
82956,2
82957,2
82958,2
82959,3
82960,2
82961,3
82962,2
82963,2
82964,2
82965,2
82966,2
82967,2
82968,2
82969,2
82970,2
82971,3
82972,2
82973,2
82974,2
82975,2
82976,2
82977,3
82978,2
82979,2
82980,2
82981,3
82982,1
82983,3
82984,3
82985,3
82986,2
82987,2
82988,2
82989,3
82990,3
82991,3
82992,3
82993,1
82994,3
82995,3
82996,3
82997,1
82998,3
82999,2
83000,3
83001,3
83002,3
83003,3
83004,3
83005,3
83006,3
83007,3
83008,3
83009,3
83010,3
83011,2
83012,3
83013,3
83014,2
83015,3
83016,3
83017,3
83018,3
83019,3
83020,2
83021,2
83022,3
83023,3
83024,3
83025,3
83026,3
83027,3
83028,2
83029,2
83030,3
83031,3
83032,3
83033,3
83034,3
83035,3
83036,3
83037,3
83038,3
83039,3
83040,3
83041,1
83042,3
83043,3
83044,2
83045,3
83046,3
83047,3
83048,3
83049,3
83050,3
83051,1
83052,2
83053,3
83054,3
83055,0
83056,2
83057,2
83058,2
83059,2
83060,2
83061,2
83062,2
83063,0
83064,3
83065,3
83066,2
83067,2
83068,2
83069,2
83070,3
83071,3
83072,3
83073,3
83074,3
83075,3
83076,3
83077,3
83078,3
83079,2
83080,2
83081,1
83082,1
83083,2
83084,2
83085,2
83086,3
83087,3
83088,3
83089,2
83090,3
83091,3
83092,3
83093,3
83094,3
83095,3
83096,3
83097,3
83098,3
83099,2
83100,2
83101,1
83102,3
83103,3
83104,1
83105,3
83106,3
83107,3
83108,3
83109,3
83110,3
83111,3
83112,1
83113,3
83114,3
83115,1
83116,1
83117,2
83118,2
83119,2
83120,2
83121,2
83122,2
83123,3
83124,2
83125,2
83126,2
83127,2
83128,3
83129,2
83130,2
83131,3
83132,3
83133,2
83134,3
83135,3
83136,2
83137,3
83138,2
83139,3
83140,2
83141,2
83142,3
83143,3
83144,3
83145,3
83146,3
83147,3
83148,3
83149,2
83150,3
83151,3
83152,3
83153,3
83154,3
83155,3
83156,3
83157,2
83158,2
83159,1
83160,1
83161,3
83162,1
83163,1
83164,3
83165,1
83166,1
83167,2
83168,2
83169,1
83170,1
83171,3
83172,3
83173,0
83174,2
83175,3
83176,3
83177,2
83178,2
83179,3
83180,3
83181,1
83182,3
83183,3
83184,3
83185,3
83186,3
83187,3
83188,3
83189,2
83190,3
83191,2
83192,3
83193,3
83194,3
83195,3
83196,3
83197,3
83198,3
83199,3
83200,3
83201,2
83202,3
83203,3
83204,2
83205,3
83206,2
83207,2
83208,3
83209,2
83210,3
83211,2
83212,2
83213,3
83214,3
83215,3
83216,3
83217,3
83218,3
83219,3
83220,2
83221,3
83222,3
83223,3
83224,3
83225,1
83226,1
83227,3
83228,3
83229,1
83230,3
83231,2
83232,2
83233,3
83234,3
83235,2
83236,2
83237,3
83238,2
83239,2
83240,2
83241,2
83242,3
83243,2
83244,1
83245,3
83246,3
83247,0
83248,2
83249,3
83250,3
83251,3
83252,2
83253,2
83254,2
83255,3
83256,3
83257,3
83258,3
83259,1
83260,2
83261,2
83262,2
83263,2
83264,2
83265,2
83266,1
83267,2
83268,2
83269,1
83270,1
83271,1
83272,1
83273,1
83274,1
83275,2
83276,2
83277,1
83278,1
83279,3
83280,3
83281,2
83282,1
83283,1
83284,2
83285,0
83286,2
83287,2
83288,2
83289,2
83290,0
83291,2
83292,2
83293,2
83294,2
83295,2
83296,3
83297,3
83298,3
83299,3
83300,2
83301,3
83302,3
83303,3
83304,0
83305,3
83306,3
83307,3
83308,3
83309,3
83310,3
83311,0
83312,2
83313,1
83314,2
83315,2
83316,2
83317,2
83318,2
83319,3
83320,2
83321,2
83322,2
83323,3
83324,2
83325,3
83326,2
83327,2
83328,2
83329,3
83330,2
83331,2
83332,2
83333,3
83334,3
83335,2
83336,3
83337,3
83338,2
83339,2
83340,2
83341,3
83342,3
83343,2
83344,3
83345,3
83346,3
83347,2
83348,3
83349,2
83350,3
83351,1
83352,1
83353,1
83354,1
83355,1
83356,1
83357,1
83358,1
83359,3
83360,1
83361,3
83362,3
83363,3
83364,1
83365,1
83366,1
83367,1
83368,3
83369,3
83370,3
83371,3
83372,3
83373,3
83374,3
83375,3
83376,2
83377,3
83378,3
83379,3
83380,3
83381,0
83382,3
83383,3
83384,2
83385,2
83386,3
83387,3
83388,0
83389,3
83390,3
83391,3
83392,3
83393,3
83394,0
83395,3
83396,1
83397,3
83398,3
83399,2
83400,2
83401,3
83402,3
83403,3
83404,1
83405,3
83406,3
83407,3
83408,1
83409,1
83410,1
83411,1
83412,1
83413,3
83414,3
83415,3
83416,3
83417,3
83418,3
83419,3
83420,3
83421,3
83422,3
83423,3
83424,3
83425,3
83426,3
83427,3
83428,3
83429,1
83430,3
83431,3
83432,3
83433,2
83434,2
83435,2
83436,2
83437,2
83438,2
83439,3
83440,3
83441,3
83442,2
83443,2
83444,2
83445,2
83446,2
83447,3
83448,2
83449,2
83450,2
83451,2
83452,2
83453,2
83454,2
83455,2
83456,2
83457,2
83458,2
83459,2
83460,2
83461,2
83462,2
83463,2
83464,2
83465,2
83466,2
83467,2
83468,2
83469,2
83470,2
83471,2
83472,2
83473,2
83474,2
83475,2
83476,2
83477,2
83478,3
83479,2
83480,2
83481,3
83482,3
83483,3
83484,2
83485,2
83486,2
83487,3
83488,0
83489,3
83490,3
83491,3
83492,3
83493,3
83494,3
83495,3
83496,0
83497,3
83498,3
83499,3
83500,3
83501,3
83502,3
83503,3
83504,0
83505,3
83506,3
83507,3
83508,3
83509,3
83510,3
83511,3
83512,3
83513,3
83514,3
83515,2
83516,3
83517,3
83518,3
83519,3
83520,3
83521,3
83522,2
83523,3
83524,3
83525,3
83526,3
83527,3
83528,3
83529,3
83530,3
83531,3
83532,3
83533,3
83534,3
83535,3
83536,3
83537,0
83538,2
83539,3
83540,2
83541,2
83542,3
83543,3
83544,3
83545,3
83546,2
83547,3
83548,2
83549,3
83550,3
83551,2
83552,2
83553,3
83554,2
83555,3
83556,0
83557,3
83558,3
83559,1
83560,2
83561,3
83562,3
83563,3
83564,3
83565,3
83566,2
83567,2
83568,2
83569,2
83570,2
83571,2
83572,2
83573,2
83574,2
83575,2
83576,2
83577,0
83578,0
83579,0
83580,3
83581,2
83582,3
83583,3
83584,3
83585,2
83586,2
83587,2
83588,1
83589,3
83590,2
83591,2
83592,2
83593,3
83594,2
83595,2
83596,2
83597,2
83598,3
83599,3
83600,0
83601,0
83602,3
83603,3
83604,3
83605,3
83606,2
83607,0
83608,2
83609,3
83610,2
83611,0
83612,3
83613,3
83614,3
83615,2
83616,2
83617,2
83618,2
83619,2
83620,3
83621,3
83622,3
83623,3
83624,3
83625,2
83626,0
83627,3
83628,2
83629,2
83630,0
83631,0
83632,0
83633,0
83634,0
83635,0
83636,0
83637,0
83638,3
83639,3
83640,3
83641,3
83642,3
83643,0
83644,0
83645,0
83646,0
83647,0
83648,0
83649,0
83650,0
83651,0
83652,0
83653,0
83654,0
83655,0
83656,0
83657,3
83658,0
83659,3
83660,0
83661,0
83662,0
83663,3
83664,3
83665,0
83666,2
83667,3
83668,2
83669,2
83670,3
83671,2
83672,3
83673,3
83674,3
83675,3
83676,3
83677,3
83678,3
83679,0
83680,0
83681,0
83682,0
83683,2
83684,2
83685,2
83686,2
83687,3
83688,1
83689,3
83690,3
83691,3
83692,3
83693,0
83694,3
83695,3
83696,0
83697,2
83698,3
83699,3
83700,3
83701,3
83702,3
83703,0
83704,3
83705,3
83706,3
83707,3
83708,3
83709,2
83710,2
83711,2
83712,0
83713,3
83714,3
83715,2
83716,2
83717,2
83718,3
83719,0
83720,2
83721,2
83722,0
83723,3
83724,3
83725,3
83726,2
83727,3
83728,3
83729,0
83730,0
83731,0
83732,0
83733,3
83734,0
83735,0
83736,3
83737,0
83738,3
83739,2
83740,3
83741,0
83742,0
83743,0
83744,3
83745,2
83746,0
83747,3
83748,0
83749,2
83750,2
83751,2
83752,2
83753,2
83754,2
83755,3
83756,3
83757,3
83758,3
83759,3
83760,3
83761,3
83762,3
83763,2
83764,3
83765,3
83766,0
83767,0
83768,0
83769,0
83770,0
83771,0
83772,3
83773,3
83774,0
83775,3
83776,3
83777,0
83778,0
83779,0
83780,0
83781,0
83782,3
83783,0
83784,3
83785,3
83786,0
83787,0
83788,2
83789,0
83790,2
83791,2
83792,3
83793,2
83794,0
83795,0
83796,2
83797,0
83798,0
83799,0
83800,0
83801,0
83802,0
83803,2
83804,0
83805,0
83806,0
83807,0
83808,0
83809,3
83810,3
83811,0
83812,0
83813,0
83814,0
83815,0
83816,0
83817,0
83818,0
83819,0
83820,3
83821,0
83822,0
83823,3
83824,0
83825,0
83826,0
83827,0
83828,0
83829,0
83830,0
83831,0
83832,0
83833,0
83834,0
83835,0
83836,0
83837,0
83838,0
83839,0
83840,0
83841,0
83842,0
83843,0
83844,0
83845,0
83846,0
83847,0
83848,0
83849,0
83850,0
83851,0
83852,0
83853,0
83854,0
83855,0
83856,0
83857,3
83858,3
83859,0
83860,0
83861,0
83862,3
83863,3
83864,0
83865,0
83866,0
83867,0
83868,0
83869,0
83870,0
83871,0
83872,0
83873,0
83874,0
83875,0
83876,3
83877,0
83878,0
83879,0
83880,0
83881,0
83882,0
83883,0
83884,0
83885,0
83886,0
83887,0
83888,0
83889,0
83890,0
83891,0
83892,0
83893,0
83894,0
83895,0
83896,0
83897,0
83898,0
83899,0
83900,0
83901,0
83902,0
83903,0
83904,0
83905,0
83906,0
83907,0
83908,3
83909,0
83910,0
83911,0
83912,3
83913,0
83914,0
83915,0
83916,3
83917,3
83918,0
83919,0
83920,0
83921,0
83922,0
83923,3
83924,0
83925,3
83926,0
83927,0
83928,0
83929,0
83930,3
83931,0
83932,0
83933,0
83934,3
83935,0
83936,0
83937,0
83938,1
83939,0
83940,0
83941,0
83942,0
83943,0
83944,0
83945,3
83946,0
83947,0
83948,3
83949,0
83950,0
83951,0
83952,0
83953,0
83954,3
83955,0
83956,0
83957,0
83958,0
83959,0
83960,0
83961,0
83962,0
83963,0
83964,0
83965,0
83966,0
83967,0
83968,0
83969,3
83970,0
83971,0
83972,0
83973,0
83974,0
83975,0
83976,0
83977,0
83978,0
83979,0
83980,2
83981,3
83982,3
83983,3
83984,0
83985,2
83986,3
83987,3
83988,3
83989,3
83990,0
83991,3
83992,0
83993,3
83994,3
83995,3
83996,3
83997,3
83998,3
83999,3
84000,3
84001,3
84002,3
84003,0
84004,0
84005,0
84006,0
84007,0
84008,0
84009,0
84010,0
84011,0
84012,0
84013,0
84014,0
84015,0
84016,0
84017,3
84018,0
84019,0
84020,0
84021,0
84022,0
84023,3
84024,3
84025,0
84026,0
84027,0
84028,0
84029,0
84030,0
84031,0
84032,0
84033,0
84034,0
84035,0
84036,0
84037,0
84038,0
84039,0
84040,0
84041,0
84042,0
84043,3
84044,0
84045,0
84046,0
84047,0
84048,0
84049,0
84050,0
84051,0
84052,0
84053,0
84054,0
84055,3
84056,3
84057,2
84058,2
84059,3
84060,2
84061,2
84062,0
84063,0
84064,0
84065,0
84066,0
84067,0
84068,0
84069,0
84070,0
84071,0
84072,0
84073,0
84074,0
84075,0
84076,0
84077,0
84078,0
84079,0
84080,0
84081,0
84082,0
84083,0
84084,0
84085,0
84086,0
84087,0
84088,0
84089,3
84090,0
84091,0
84092,0
84093,0
84094,0
84095,0
84096,0
84097,2
84098,0
84099,3
84100,0
84101,3
84102,0
84103,3
84104,3
84105,3
84106,0
84107,0
84108,0
84109,0
84110,0
84111,0
84112,0
84113,0
84114,0
84115,0
84116,0
84117,2
84118,0
84119,0
84120,0
84121,0
84122,0
84123,0
84124,0
84125,0
84126,0
84127,0
84128,0
84129,0
84130,0
84131,0
84132,0
84133,0
84134,0
84135,0
84136,0
84137,2
84138,0
84139,0
84140,0
84141,0
84142,3
84143,0
84144,0
84145,0
84146,0
84147,0
84148,0
84149,0
84150,0
84151,0
84152,2
84153,0
84154,2
84155,2
84156,3
84157,0
84158,0
84159,0
84160,0
84161,0
84162,0
84163,0
84164,0
84165,0
84166,0
84167,0
84168,0
84169,0
84170,0
84171,0
84172,0
84173,0
84174,0
84175,0
84176,0
84177,0
84178,0
84179,0
84180,0
84181,0
84182,0
84183,0
84184,0
84185,0
84186,0
84187,3
84188,0
84189,0
84190,0
84191,0
84192,0
84193,0
84194,0
84195,0
84196,0
84197,0
84198,0
84199,0
84200,0
84201,0
84202,0
84203,0
84204,0
84205,0
84206,0
84207,0
84208,0
84209,0
84210,0
84211,0
84212,0
84213,0
84214,0
84215,0
84216,0
84217,0
84218,0
84219,0
84220,0
84221,0
84222,0
84223,3
84224,0
84225,0
84226,0
84227,0
84228,0
84229,0
84230,0
84231,0
84232,0
84233,0
84234,0
84235,0
84236,0
84237,0
84238,0
84239,0
84240,0
84241,0
84242,0
84243,0
84244,2
84245,2
84246,3
84247,3
84248,2
84249,2
84250,3
84251,2
84252,3
84253,3
84254,2
84255,3
84256,3
84257,2
84258,2
84259,2
84260,2
84261,3
84262,2
84263,2
84264,2
84265,2
84266,2
84267,2
84268,2
84269,2
84270,3
84271,2
84272,2
84273,3
84274,3
84275,2
84276,2
84277,2
84278,2
84279,2
84280,2
84281,2
84282,2
84283,3
84284,2
84285,3
84286,2
84287,3
84288,3
84289,3
84290,3
84291,3
84292,3
84293,3
84294,2
84295,2
84296,3
84297,2
84298,3
84299,0
84300,0
84301,3
84302,3
84303,0
84304,0
84305,0
84306,0
84307,0
84308,0
84309,0
84310,0
84311,0
84312,0
84313,0
84314,0
84315,0
84316,0
84317,0
84318,0
84319,0
84320,0
84321,0
84322,3
84323,0
84324,0
84325,0
84326,0
84327,0
84328,2
84329,0
84330,0
84331,2
84332,3
84333,3
84334,3
84335,3
84336,3
84337,3
84338,3
84339,3
84340,3
84341,0
84342,0
84343,0
84344,0
84345,0
84346,0
84347,0
84348,0
84349,2
84350,2
84351,0
84352,0
84353,3
84354,3
84355,3
84356,3
84357,3
84358,3
84359,3
84360,3
84361,2
84362,2
84363,2
84364,2
84365,2
84366,3
84367,2
84368,3
84369,2
84370,3
84371,3
84372,2
84373,3
84374,2
84375,2
84376,3
84377,3
84378,3
84379,3
84380,3
84381,3
84382,3
84383,3
84384,2
84385,2
84386,0
84387,2
84388,3
84389,3
84390,2
84391,2
84392,3
84393,3
84394,3
84395,3
84396,3
84397,0
84398,3
84399,3
84400,3
84401,3
84402,2
84403,2
84404,2
84405,2
84406,3
84407,2
84408,2
84409,3
84410,2
84411,2
84412,2
84413,2
84414,3
84415,3
84416,3
84417,3
84418,0
84419,0
84420,0
84421,3
84422,3
84423,3
84424,0
84425,2
84426,2
84427,0
84428,0
84429,0
84430,0
84431,0
84432,0
84433,0
84434,0
84435,0
84436,0
84437,0
84438,2
84439,0
84440,0
84441,0
84442,2
84443,0
84444,0
84445,0
84446,2
84447,0
84448,2
84449,2
84450,0
84451,2
84452,0
84453,0
84454,2
84455,0
84456,0
84457,0
84458,3
84459,0
84460,0
84461,0
84462,2
84463,2
84464,2
84465,2
84466,0
84467,0
84468,0
84469,0
84470,0
84471,0
84472,0
84473,0
84474,3
84475,3
84476,2
84477,0
84478,0
84479,0
84480,0
84481,0
84482,0
84483,0
84484,0
84485,0
84486,0
84487,0
84488,0
84489,0
84490,0
84491,0
84492,0
84493,0
84494,0
84495,0
84496,0
84497,0
84498,0
84499,0
84500,0
84501,0
84502,0
84503,0
84504,0
84505,0
84506,0
84507,0
84508,0
84509,0
84510,0
84511,0
84512,3
84513,3
84514,0
84515,3
84516,3
84517,3
84518,3
84519,0
84520,2
84521,2
84522,3
84523,3
84524,3
84525,2
84526,2
84527,3
84528,2
84529,3
84530,3
84531,3
84532,3
84533,0
84534,3
84535,2
84536,2
84537,2
84538,3
84539,2
84540,3
84541,2
84542,2
84543,2
84544,2
84545,3
84546,3
84547,2
84548,0
84549,3
84550,0
84551,0
84552,0
84553,0
84554,0
84555,0
84556,0
84557,0
84558,0
84559,0
84560,0
84561,0
84562,0
84563,0
84564,0
84565,0
84566,0
84567,0
84568,0
84569,0
84570,0
84571,0
84572,0
84573,0
84574,0
84575,2
84576,3
84577,3
84578,3
84579,3
84580,3
84581,3
84582,3
84583,0
84584,3
84585,3
84586,3
84587,2
84588,0
84589,0
84590,2
84591,2
84592,0
84593,0
84594,0
84595,3
84596,3
84597,3
84598,0
84599,3
84600,3
84601,3
84602,3
84603,0
84604,0
84605,3
84606,2
84607,3
84608,3
84609,3
84610,0
84611,2
84612,0
84613,0
84614,0
84615,0
84616,0
84617,0
84618,0
84619,0
84620,0
84621,0
84622,2
84623,3
84624,3
84625,2
84626,2
84627,2
84628,2
84629,2
84630,3
84631,3
84632,3
84633,3
84634,3
84635,3
84636,1
84637,1
84638,1
84639,1
84640,3
84641,3
84642,3
84643,3
84644,3
84645,3
84646,3
84647,3
84648,1
84649,1
84650,1
84651,1
84652,1
84653,1
84654,1
84655,1
84656,1
84657,1
84658,1
84659,2
84660,3
84661,2
84662,3
84663,2
84664,2
84665,2
84666,2
84667,3
84668,3
84669,2
84670,2
84671,2
84672,2
84673,2
84674,2
84675,2
84676,2
84677,3
84678,1
84679,1
84680,1
84681,1
84682,1
84683,1
84684,1
84685,1
84686,2
84687,3
84688,3
84689,3
84690,2
84691,2
84692,2
84693,2
84694,2
84695,2
84696,2
84697,2
84698,2
84699,3
84700,2
84701,3
84702,2
84703,3
84704,2
84705,2
84706,3
84707,3
84708,2
84709,2
84710,2
84711,2
84712,2
84713,2
84714,2
84715,2
84716,2
84717,2
84718,2
84719,2
84720,2
84721,2
84722,2
84723,2
84724,2
84725,2
84726,2
84727,2
84728,1
84729,2
84730,2
84731,1
84732,1
84733,1
84734,1
84735,2
84736,1
84737,1
84738,1
84739,1
84740,2
84741,3
84742,2
84743,2
84744,2
84745,1
84746,3
84747,2
84748,2
84749,2
84750,2
84751,2
84752,2
84753,2
84754,2
84755,2
84756,2
84757,2
84758,2
84759,2
84760,3
84761,3
84762,1
84763,1
84764,3
84765,0
84766,3
84767,1
84768,1
84769,2
84770,2
84771,0
84772,0
84773,0
84774,0
84775,0
84776,2
84777,0
84778,0
84779,1
84780,1
84781,2
84782,2
84783,2
84784,2
84785,2
84786,2
84787,3
84788,2
84789,2
84790,2
84791,2
84792,2
84793,2
84794,2
84795,2
84796,0
84797,2
84798,2
84799,2
84800,2
84801,2
84802,2
84803,2
84804,2
84805,2
84806,2
84807,2
84808,2
84809,2
84810,2
84811,2
84812,2
84813,2
84814,2
84815,2
84816,2
84817,2
84818,3
84819,2
84820,2
84821,3
84822,3
84823,3
84824,2
84825,2
84826,2
84827,2
84828,2
84829,2
84830,2
84831,2
84832,2
84833,3
84834,2
84835,2
84836,2
84837,2
84838,2
84839,2
84840,2
84841,2
84842,3
84843,2
84844,3
84845,3
84846,3
84847,2
84848,3
84849,2
84850,2
84851,3
84852,3
84853,2
84854,2
84855,2
84856,2
84857,2
84858,2
84859,3
84860,2
84861,2
84862,2
84863,2
84864,2
84865,2
84866,2
84867,2
84868,3
84869,2
84870,2
84871,2
84872,2
84873,2
84874,2
84875,0
84876,3
84877,3
84878,3
84879,2
84880,2
84881,3
84882,2
84883,3
84884,2
84885,2
84886,2
84887,2
84888,2
84889,3
84890,1
84891,1
84892,2
84893,2
84894,2
84895,3
84896,2
84897,2
84898,2
84899,2
84900,3
84901,3
84902,3
84903,3
84904,0
84905,1
84906,2
84907,2
84908,2
84909,1
84910,3
84911,2
84912,2
84913,2
84914,2
84915,1
84916,1
84917,2
84918,3
84919,2
84920,2
84921,2
84922,2
84923,2
84924,2
84925,2
84926,2
84927,2
84928,3
84929,2
84930,2
84931,2
84932,2
84933,2
84934,2
84935,2
84936,2
84937,2
84938,2
84939,2
84940,2
84941,2
84942,0
84943,2
84944,2
84945,2
84946,2
84947,2
84948,2
84949,2
84950,2
84951,3
84952,3
84953,2
84954,2
84955,2
84956,2
84957,2
84958,2
84959,2
84960,2
84961,2
84962,2
84963,2
84964,2
84965,2
84966,2
84967,2
84968,2
84969,2
84970,2
84971,2
84972,2
84973,2
84974,2
84975,2
84976,2
84977,2
84978,2
84979,2
84980,2
84981,2
84982,2
84983,2
84984,2
84985,2
84986,2
84987,2
84988,2
84989,2
84990,2
84991,2
84992,2
84993,3
84994,2
84995,2
84996,1
84997,1
84998,1
84999,0
85000,2
85001,0
85002,0
85003,3
85004,3
85005,2
85006,3
85007,3
85008,2
85009,2
85010,2
85011,2
85012,2
85013,2
85014,2
85015,2
85016,2
85017,2
85018,2
85019,2
85020,2
85021,2
85022,2
85023,2
85024,2
85025,3
85026,3
85027,3
85028,2
85029,3
85030,2
85031,2
85032,1
85033,2
85034,2
85035,2
85036,2
85037,2
85038,2
85039,3
85040,3
85041,2
85042,2
85043,2
85044,2
85045,2
85046,2
85047,2
85048,2
85049,2
85050,2
85051,2
85052,2
85053,2
85054,3
85055,2
85056,3
85057,2
85058,3
85059,3
85060,2
85061,2
85062,2
85063,2
85064,2
85065,2
85066,2
85067,0
85068,2
85069,2
85070,2
85071,2
85072,2
85073,2
85074,2
85075,2
85076,2
85077,2
85078,3
85079,3
85080,0
85081,1
85082,3
85083,0
85084,2
85085,2
85086,2
85087,2
85088,3
85089,2
85090,2
85091,2
85092,2
85093,2
85094,2
85095,2
85096,2
85097,2
85098,2
85099,0
85100,3
85101,2
85102,1
85103,0
85104,3
85105,3
85106,2
85107,2
85108,0
85109,3
85110,3
85111,2
85112,3
85113,1
85114,3
85115,2
85116,3
85117,3
85118,3
85119,0
85120,0
85121,0
85122,0
85123,3
85124,3
85125,1
85126,2
85127,2
85128,1
85129,2
85130,2
85131,2
85132,3
85133,3
85134,3
85135,2
85136,1
85137,1
85138,1
85139,1
85140,1
85141,1
85142,1
85143,1
85144,1
85145,3
85146,3
85147,2
85148,2
85149,2
85150,2
85151,2
85152,2
85153,2
85154,2
85155,2
85156,2
85157,2
85158,2
85159,2
85160,2
85161,2
85162,2
85163,2
85164,2
85165,2
85166,2
85167,2
85168,2
85169,2
85170,2
85171,3
85172,2
85173,3
85174,3
85175,2
85176,2
85177,2
85178,2
85179,2
85180,2
85181,2
85182,2
85183,2
85184,2
85185,2
85186,2
85187,2
85188,2
85189,2
85190,3
85191,3
85192,1
85193,2
85194,1
85195,2
85196,3
85197,1
85198,3
85199,1
85200,1
85201,1
85202,0
85203,2
85204,2
85205,1
85206,3
85207,2
85208,3
85209,2
85210,2
85211,1
85212,1
85213,1
85214,2
85215,2
85216,2
85217,2
85218,2
85219,2
85220,3
85221,2
85222,2
85223,1
85224,1
85225,1
85226,2
85227,3
85228,3
85229,2
85230,2
85231,1
85232,2
85233,2
85234,3
85235,1
85236,2
85237,2
85238,3
85239,2
85240,3
85241,1
85242,2
85243,2
85244,2
85245,2
85246,2
85247,2
85248,2
85249,3
85250,1
85251,2
85252,2
85253,2
85254,3
85255,2
85256,2
85257,2
85258,3
85259,2
85260,2
85261,2
85262,2
85263,3
85264,1
85265,3
85266,2
85267,1
85268,1
85269,2
85270,2
85271,2
85272,3
85273,1
85274,2
85275,2
85276,2
85277,2
85278,2
85279,2
85280,2
85281,2
85282,2
85283,2
85284,2
85285,2
85286,2
85287,2
85288,2
85289,2
85290,2
85291,2
85292,2
85293,2
85294,2
85295,2
85296,2
85297,2
85298,2
85299,2
85300,2
85301,2
85302,3
85303,1
85304,1
85305,1
85306,1
85307,2
85308,2
85309,2
85310,2
85311,2
85312,3
85313,2
85314,2
85315,2
85316,3
85317,3
85318,3
85319,3
85320,3
85321,3
85322,3
85323,3
85324,2
85325,2
85326,2
85327,2
85328,2
85329,2
85330,2
85331,2
85332,2
85333,3
85334,2
85335,2
85336,2
85337,2
85338,0
85339,3
85340,2
85341,2
85342,2
85343,2
85344,1
85345,3
85346,3
85347,3
85348,3
85349,3
85350,3
85351,2
85352,3
85353,3
85354,3
85355,3
85356,3
85357,2
85358,2
85359,3
85360,3
85361,3
85362,2
85363,3
85364,2
85365,2
85366,2
85367,2
85368,2
85369,3
85370,2
85371,3
85372,3
85373,3
85374,3
85375,3
85376,2
85377,3
85378,3
85379,3
85380,3
85381,3
85382,3
85383,2
85384,2
85385,3
85386,3
85387,3
85388,3
85389,3
85390,2
85391,2
85392,2
85393,3
85394,2
85395,0
85396,0
85397,0
85398,0
85399,0
85400,0
85401,2
85402,2
85403,3
85404,3
85405,2
85406,2
85407,2
85408,3
85409,3
85410,3
85411,3
85412,2
85413,2
85414,2
85415,2
85416,2
85417,3
85418,3
85419,3
85420,3
85421,2
85422,2
85423,2
85424,2
85425,2
85426,2
85427,3
85428,3
85429,3
85430,3
85431,3
85432,3
85433,3
85434,3
85435,3
85436,3
85437,3
85438,3
85439,3
85440,3
85441,3
85442,3
85443,3
85444,3
85445,2
85446,2
85447,2
85448,2
85449,2
85450,2
85451,2
85452,2
85453,2
85454,0
85455,0
85456,2
85457,2
85458,2
85459,0
85460,3
85461,3
85462,2
85463,0
85464,2
85465,2
85466,2
85467,2
85468,2
85469,2
85470,3
85471,2
85472,2
85473,3
85474,2
85475,2
85476,2
85477,2
85478,1
85479,2
85480,2
85481,3
85482,3
85483,1
85484,1
85485,2
85486,2
85487,2
85488,2
85489,2
85490,2
85491,2
85492,2
85493,2
85494,2
85495,2
85496,2
85497,2
85498,2
85499,2
85500,2
85501,2
85502,2
85503,2
85504,2
85505,2
85506,2
85507,2
85508,2
85509,2
85510,2
85511,2
85512,2
85513,3
85514,2
85515,2
85516,2
85517,2
85518,2
85519,2
85520,2
85521,2
85522,2
85523,2
85524,2
85525,2
85526,2
85527,2
85528,2
85529,2
85530,2
85531,2
85532,2
85533,2
85534,2
85535,2
85536,2
85537,2
85538,2
85539,2
85540,2
85541,2
85542,2
85543,2
85544,2
85545,2
85546,2
85547,0
85548,0
85549,2
85550,2
85551,2
85552,2
85553,2
85554,2
85555,3
85556,2
85557,2
85558,2
85559,2
85560,2
85561,2
85562,2
85563,2
85564,2
85565,2
85566,2
85567,2
85568,2
85569,2
85570,2
85571,2
85572,2
85573,2
85574,2
85575,0
85576,0
85577,2
85578,2
85579,2
85580,2
85581,2
85582,2
85583,2
85584,0
85585,2
85586,2
85587,2
85588,2
85589,0
85590,2
85591,2
85592,2
85593,2
85594,2
85595,2
85596,2
85597,2
85598,2
85599,2
85600,2
85601,2
85602,2
85603,2
85604,2
85605,3
85606,2
85607,2
85608,2
85609,2
85610,2
85611,2
85612,2
85613,2
85614,2
85615,2
85616,2
85617,2
85618,2
85619,2
85620,2
85621,2
85622,2
85623,2
85624,2
85625,2
85626,2
85627,2
85628,2
85629,2
85630,2
85631,2
85632,2
85633,2
85634,2
85635,2
85636,3
85637,2
85638,3
85639,3
85640,3
85641,3
85642,2
85643,3
85644,3
85645,0
85646,2
85647,2
85648,2
85649,2
85650,2
85651,2
85652,3
85653,2
85654,2
85655,2
85656,2
85657,2
85658,2
85659,2
85660,2
85661,2
85662,2
85663,2
85664,2
85665,2
85666,2
85667,2
85668,1
85669,2
85670,0
85671,2
85672,2
85673,2
85674,2
85675,2
85676,0
85677,2
85678,0
85679,2
85680,0
85681,2
85682,2
85683,2
85684,2
85685,2
85686,2
85687,2
85688,2
85689,3
85690,3
85691,2
85692,3
85693,3
85694,2
85695,2
85696,2
85697,2
85698,2
85699,2
85700,2
85701,2
85702,3
85703,2
85704,1
85705,1
85706,1
85707,1
85708,3
85709,1
85710,1
85711,1
85712,1
85713,1
85714,3
85715,1
85716,3
85717,1
85718,1
85719,1
85720,1
85721,1
85722,1
85723,1
85724,3
85725,1
85726,1
85727,1
85728,1
85729,1
85730,1
85731,1
85732,1
85733,1
85734,1
85735,1
85736,1
85737,1
85738,1
85739,1
85740,1
85741,1
85742,1
85743,3
85744,1
85745,1
85746,1
85747,1
85748,1
85749,1
85750,1
85751,1
85752,1
85753,1
85754,1
85755,1
85756,1
85757,1
85758,1
85759,1
85760,1
85761,1
85762,1
85763,1
85764,1
85765,1
85766,1
85767,1
85768,1
85769,1
85770,3
85771,3
85772,1
85773,1
85774,1
85775,2
85776,2
85777,3
85778,2
85779,2
85780,3
85781,2
85782,2
85783,2
85784,3
85785,3
85786,3
85787,3
85788,3
85789,2
85790,2
85791,2
85792,2
85793,2
85794,2
85795,2
85796,2
85797,2
85798,2
85799,2
85800,2
85801,2
85802,2
85803,2
85804,2
85805,1
85806,3
85807,2
85808,2
85809,2
85810,2
85811,2
85812,2
85813,2
85814,2
85815,2
85816,2
85817,2
85818,2
85819,2
85820,2
85821,2
85822,2
85823,2
85824,2
85825,2
85826,2
85827,3
85828,2
85829,3
85830,3
85831,3
85832,2
85833,2
85834,2
85835,2
85836,2
85837,2
85838,2
85839,2
85840,2
85841,2
85842,3
85843,2
85844,2
85845,2
85846,2
85847,2
85848,2
85849,2
85850,2
85851,2
85852,2
85853,2
85854,2
85855,2
85856,2
85857,2
85858,2
85859,2
85860,2
85861,2
85862,2
85863,2
85864,2
85865,2
85866,2
85867,2
85868,2
85869,2
85870,2
85871,2
85872,2
85873,2
85874,3
85875,3
85876,2
85877,2
85878,2
85879,3
85880,2
85881,2
85882,2
85883,2
85884,2
85885,2
85886,2
85887,2
85888,3
85889,2
85890,2
85891,2
85892,3
85893,3
85894,2
85895,3
85896,3
85897,2
85898,2
85899,2
85900,2
85901,2
85902,1
85903,2
85904,1
85905,1
85906,1
85907,1
85908,2
85909,2
85910,2
85911,3
85912,3
85913,3
85914,3
85915,2
85916,2
85917,2
85918,3
85919,3
85920,2
85921,2
85922,2
85923,2
85924,2
85925,2
85926,2
85927,2
85928,2
85929,2
85930,2
85931,2
85932,2
85933,2
85934,2
85935,2
85936,2
85937,2
85938,2
85939,2
85940,2
85941,2
85942,2
85943,2
85944,2
85945,2
85946,2
85947,2
85948,2
85949,2
85950,2
85951,2
85952,2
85953,2
85954,2
85955,2
85956,2
85957,3
85958,2
85959,2
85960,2
85961,2
85962,2
85963,3
85964,3
85965,2
85966,2
85967,2
85968,2
85969,2
85970,2
85971,2
85972,3
85973,2
85974,2
85975,3
85976,2
85977,2
85978,2
85979,3
85980,2
85981,2
85982,2
85983,2
85984,2
85985,3
85986,3
85987,3
85988,2
85989,2
85990,3
85991,3
85992,2
85993,3
85994,3
85995,3
85996,2
85997,1
85998,1
85999,1
86000,0
86001,3
86002,3
86003,3
86004,3
86005,2
86006,2
86007,2
86008,2
86009,2
86010,3
86011,2
86012,2
86013,2
86014,2
86015,2
86016,2
86017,2
86018,2
86019,2
86020,2
86021,2
86022,2
86023,2
86024,2
86025,2
86026,2
86027,2
86028,2
86029,2
86030,2
86031,2
86032,3
86033,3
86034,2
86035,2
86036,2
86037,2
86038,3
86039,2
86040,2
86041,2
86042,2
86043,2
86044,2
86045,2
86046,2
86047,2
86048,2
86049,2
86050,2
86051,2
86052,3
86053,2
86054,2
86055,2
86056,2
86057,2
86058,2
86059,3
86060,3
86061,3
86062,2
86063,2
86064,2
86065,2
86066,3
86067,3
86068,2
86069,3
86070,2
86071,2
86072,2
86073,2
86074,2
86075,2
86076,2
86077,2
86078,2
86079,2
86080,2
86081,2
86082,3
86083,2
86084,2
86085,2
86086,2
86087,2
86088,2
86089,3
86090,2
86091,2
86092,2
86093,2
86094,2
86095,3
86096,3
86097,3
86098,3
86099,3
86100,3
86101,3
86102,3
86103,3
86104,3
86105,3
86106,3
86107,3
86108,3
86109,3
86110,3
86111,3
86112,3
86113,3
86114,3
86115,3
86116,3
86117,3
86118,2
86119,2
86120,2
86121,2
86122,2
86123,2
86124,2
86125,2
86126,2
86127,2
86128,2
86129,2
86130,2
86131,2
86132,2
86133,2
86134,2
86135,2
86136,2
86137,2
86138,2
86139,2
86140,2
86141,2
86142,3
86143,3
86144,3
86145,3
86146,2
86147,3
86148,2
86149,2
86150,2
86151,2
86152,2
86153,2
86154,2
86155,2
86156,2
86157,2
86158,2
86159,2
86160,3
86161,3
86162,2
86163,3
86164,3
86165,2
86166,2
86167,2
86168,3
86169,2
86170,2
86171,3
86172,3
86173,3
86174,2
86175,3
86176,2
86177,3
86178,2
86179,2
86180,3
86181,2
86182,2
86183,2
86184,2
86185,2
86186,2
86187,2
86188,2
86189,2
86190,2
86191,2
86192,2
86193,2
86194,2
86195,2
86196,2
86197,2
86198,3
86199,2
86200,2
86201,2
86202,2
86203,2
86204,2
86205,2
86206,2
86207,0
86208,2
86209,2
86210,2
86211,2
86212,3
86213,2
86214,2
86215,2
86216,2
86217,2
86218,2
86219,2
86220,2
86221,2
86222,2
86223,2
86224,2
86225,2
86226,3
86227,2
86228,2
86229,2
86230,2
86231,2
86232,2
86233,2
86234,2
86235,2
86236,2
86237,3
86238,2
86239,3
86240,2
86241,2
86242,3
86243,3
86244,2
86245,2
86246,2
86247,2
86248,3
86249,2
86250,2
86251,3
86252,2
86253,3
86254,2
86255,2
86256,2
86257,3
86258,3
86259,1
86260,3
86261,3
86262,2
86263,2
86264,2
86265,2
86266,2
86267,2
86268,2
86269,2
86270,2
86271,2
86272,3
86273,2
86274,3
86275,0
86276,0
86277,2
86278,2
86279,2
86280,2
86281,2
86282,2
86283,2
86284,2
86285,2
86286,2
86287,2
86288,2
86289,3
86290,2
86291,2
86292,3
86293,3
86294,3
86295,2
86296,2
86297,2
86298,2
86299,2
86300,2
86301,2
86302,2
86303,2
86304,2
86305,2
86306,2
86307,3
86308,3
86309,2
86310,3
86311,2
86312,2
86313,2
86314,3
86315,2
86316,3
86317,2
86318,2
86319,2
86320,2
86321,2
86322,3
86323,2
86324,2
86325,2
86326,2
86327,2
86328,3
86329,1
86330,1
86331,1
86332,2
86333,2
86334,2
86335,2
86336,2
86337,2
86338,2
86339,2
86340,2
86341,2
86342,2
86343,2
86344,2
86345,2
86346,2
86347,2
86348,2
86349,2
86350,2
86351,3
86352,2
86353,2
86354,2
86355,2
86356,2
86357,2
86358,2
86359,2
86360,2
86361,2
86362,2
86363,2
86364,2
86365,2
86366,3
86367,3
86368,3
86369,2
86370,3
86371,2
86372,2
86373,2
86374,2
86375,2
86376,2
86377,2
86378,2
86379,2
86380,2
86381,2
86382,2
86383,2
86384,2
86385,2
86386,2
86387,3
86388,3
86389,2
86390,3
86391,1
86392,3
86393,3
86394,2
86395,3
86396,0
86397,0
86398,0
86399,3
86400,2
86401,3
86402,2
86403,2
86404,2
86405,2
86406,2
86407,2
86408,2
86409,2
86410,2
86411,2
86412,2
86413,3
86414,2
86415,2
86416,2
86417,2
86418,2
86419,2
86420,2
86421,2
86422,2
86423,3
86424,3
86425,2
86426,2
86427,2
86428,2
86429,2
86430,2
86431,2
86432,2
86433,2
86434,0
86435,3
86436,3
86437,2
86438,2
86439,2
86440,2
86441,2
86442,2
86443,2
86444,2
86445,2
86446,2
86447,2
86448,2
86449,2
86450,2
86451,2
86452,2
86453,2
86454,2
86455,2
86456,2
86457,2
86458,2
86459,2
86460,2
86461,2
86462,2
86463,2
86464,2
86465,2
86466,2
86467,2
86468,2
86469,2
86470,2
86471,3
86472,2
86473,2
86474,2
86475,2
86476,2
86477,2
86478,2
86479,2
86480,3
86481,3
86482,3
86483,2
86484,2
86485,2
86486,2
86487,2
86488,2
86489,2
86490,2
86491,2
86492,2
86493,2
86494,3
86495,2
86496,2
86497,2
86498,2
86499,2
86500,2
86501,2
86502,3
86503,2
86504,2
86505,2
86506,2
86507,2
86508,2
86509,2
86510,2
86511,2
86512,2
86513,2
86514,2
86515,2
86516,2
86517,2
86518,2
86519,2
86520,2
86521,2
86522,2
86523,2
86524,3
86525,2
86526,3
86527,2
86528,2
86529,2
86530,3
86531,3
86532,3
86533,3
86534,2
86535,2
86536,2
86537,2
86538,2
86539,2
86540,2
86541,2
86542,2
86543,2
86544,2
86545,2
86546,2
86547,2
86548,2
86549,2
86550,3
86551,2
86552,2
86553,2
86554,2
86555,2
86556,2
86557,2
86558,2
86559,2
86560,2
86561,2
86562,2
86563,2
86564,2
86565,3
86566,2
86567,2
86568,2
86569,3
86570,3
86571,2
86572,3
86573,2
86574,3
86575,3
86576,3
86577,2
86578,3
86579,3
86580,2
86581,3
86582,2
86583,2
86584,2
86585,2
86586,2
86587,2
86588,2
86589,2
86590,2
86591,2
86592,2
86593,2
86594,2
86595,2
86596,2
86597,3
86598,2
86599,2
86600,2
86601,2
86602,2
86603,3
86604,2
86605,3
86606,2
86607,2
86608,3
86609,2
86610,2
86611,2
86612,3
86613,2
86614,2
86615,2
86616,2
86617,2
86618,2
86619,3
86620,2
86621,2
86622,2
86623,2
86624,2
86625,2
86626,2
86627,2
86628,2
86629,2
86630,2
86631,2
86632,2
86633,2
86634,2
86635,2
86636,2
86637,2
86638,2
86639,2
86640,2
86641,2
86642,2
86643,2
86644,2
86645,2
86646,2
86647,2
86648,2
86649,3
86650,3
86651,2
86652,2
86653,2
86654,2
86655,2
86656,2
86657,2
86658,2
86659,2
86660,2
86661,2
86662,2
86663,2
86664,2
86665,0
86666,2
86667,2
86668,2
86669,2
86670,2
86671,2
86672,2
86673,0
86674,2
86675,2
86676,2
86677,2
86678,2
86679,2
86680,2
86681,2
86682,2
86683,2
86684,2
86685,2
86686,2
86687,2
86688,2
86689,2
86690,2
86691,2
86692,2
86693,2
86694,2
86695,2
86696,2
86697,2
86698,2
86699,2
86700,2
86701,2
86702,2
86703,2
86704,2
86705,2
86706,2
86707,2
86708,2
86709,3
86710,2
86711,2
86712,2
86713,2
86714,2
86715,2
86716,2
86717,2
86718,2
86719,2
86720,2
86721,2
86722,2
86723,2
86724,2
86725,2
86726,2
86727,2
86728,2
86729,2
86730,2
86731,3
86732,3
86733,2
86734,3
86735,2
86736,3
86737,2
86738,3
86739,3
86740,2
86741,2
86742,2
86743,2
86744,2
86745,3
86746,3
86747,3
86748,3
86749,3
86750,2
86751,3
86752,3
86753,3
86754,2
86755,3
86756,3
86757,3
86758,2
86759,2
86760,3
86761,3
86762,2
86763,2
86764,2
86765,2
86766,2
86767,2
86768,3
86769,2
86770,2
86771,2
86772,2
86773,2
86774,2
86775,2
86776,2
86777,3
86778,3
86779,2
86780,2
86781,3
86782,2
86783,2
86784,2
86785,2
86786,3
86787,2
86788,3
86789,3
86790,3
86791,3
86792,3
86793,3
86794,2
86795,3
86796,2
86797,2
86798,3
86799,2
86800,2
86801,2
86802,2
86803,2
86804,2
86805,2
86806,3
86807,2
86808,3
86809,3
86810,2
86811,2
86812,2
86813,2
86814,2
86815,2
86816,3
86817,2
86818,2
86819,3
86820,3
86821,2
86822,2
86823,3
86824,2
86825,2
86826,2
86827,3
86828,3
86829,2
86830,2
86831,2
86832,3
86833,3
86834,2
86835,3
86836,2
86837,2
86838,2
86839,2
86840,2
86841,2
86842,2
86843,2
86844,2
86845,3
86846,2
86847,2
86848,2
86849,2
86850,2
86851,2
86852,2
86853,2
86854,2
86855,2
86856,3
86857,2
86858,3
86859,2
86860,2
86861,2
86862,2
86863,2
86864,2
86865,3
86866,3
86867,3
86868,3
86869,3
86870,3
86871,2
86872,3
86873,2
86874,2
86875,2
86876,2
86877,2
86878,3
86879,2
86880,2
86881,3
86882,2
86883,2
86884,3
86885,2
86886,2
86887,3
86888,2
86889,0
86890,2
86891,2
86892,2
86893,2
86894,2
86895,2
86896,2
86897,2
86898,2
86899,2
86900,2
86901,2
86902,2
86903,2
86904,2
86905,2
86906,2
86907,2
86908,3
86909,3
86910,3
86911,1
86912,3
86913,3
86914,2
86915,3
86916,2
86917,3
86918,3
86919,2
86920,3
86921,3
86922,2
86923,2
86924,2
86925,2
86926,2
86927,2
86928,2
86929,2
86930,2
86931,2
86932,2
86933,2
86934,2
86935,2
86936,2
86937,2
86938,2
86939,2
86940,2
86941,2
86942,2
86943,2
86944,2
86945,2
86946,2
86947,2
86948,2
86949,2
86950,2
86951,2
86952,2
86953,2
86954,2
86955,2
86956,2
86957,2
86958,2
86959,2
86960,2
86961,2
86962,2
86963,2
86964,2
86965,2
86966,2
86967,2
86968,2
86969,2
86970,2
86971,2
86972,2
86973,2
86974,0
86975,2
86976,2
86977,2
86978,2
86979,2
86980,2
86981,2
86982,2
86983,2
86984,2
86985,2
86986,2
86987,2
86988,2
86989,2
86990,2
86991,2
86992,2
86993,3
86994,2
86995,2
86996,2
86997,2
86998,2
86999,2
87000,2
87001,2
87002,2
87003,2
87004,2
87005,2
87006,2
87007,2
87008,2
87009,2
87010,2
87011,2
87012,2
87013,2
87014,2
87015,2
87016,2
87017,2
87018,2
87019,2
87020,2
87021,2
87022,2
87023,2
87024,2
87025,2
87026,2
87027,2
87028,2
87029,2
87030,2
87031,3
87032,2
87033,2
87034,2
87035,2
87036,2
87037,2
87038,2
87039,2
87040,2
87041,2
87042,2
87043,2
87044,2
87045,2
87046,2
87047,2
87048,2
87049,2
87050,2
87051,2
87052,2
87053,2
87054,2
87055,2
87056,2
87057,2
87058,2
87059,2
87060,2
87061,2
87062,2
87063,2
87064,2
87065,2
87066,2
87067,2
87068,2
87069,2
87070,2
87071,2
87072,3
87073,2
87074,2
87075,2
87076,2
87077,2
87078,2
87079,2
87080,3
87081,3
87082,3
87083,2
87084,2
87085,3
87086,2
87087,2
87088,2
87089,2
87090,2
87091,2
87092,2
87093,2
87094,2
87095,2
87096,2
87097,2
87098,3
87099,3
87100,2
87101,3
87102,2
87103,2
87104,2
87105,2
87106,2
87107,2
87108,2
87109,2
87110,2
87111,3
87112,3
87113,3
87114,3
87115,2
87116,2
87117,2
87118,2
87119,3
87120,2
87121,2
87122,2
87123,3
87124,3
87125,3
87126,2
87127,2
87128,2
87129,2
87130,3
87131,2
87132,2
87133,2
87134,2
87135,2
87136,2
87137,2
87138,2
87139,2
87140,2
87141,2
87142,2
87143,2
87144,2
87145,3
87146,3
87147,2
87148,2
87149,3
87150,2
87151,2
87152,2
87153,3
87154,2
87155,2
87156,2
87157,2
87158,2
87159,3
87160,2
87161,2
87162,2
87163,3
87164,2
87165,2
87166,2
87167,2
87168,2
87169,2
87170,2
87171,2
87172,2
87173,2
87174,2
87175,2
87176,3
87177,2
87178,2
87179,3
87180,2
87181,2
87182,2
87183,2
87184,2
87185,2
87186,2
87187,2
87188,2
87189,2
87190,2
87191,2
87192,2
87193,2
87194,3
87195,2
87196,2
87197,2
87198,3
87199,3
87200,3
87201,3
87202,2
87203,3
87204,2
87205,2
87206,2
87207,2
87208,3
87209,2
87210,2
87211,3
87212,3
87213,1
87214,3
87215,3
87216,2
87217,2
87218,2
87219,2
87220,2
87221,2
87222,2
87223,2
87224,3
87225,2
87226,2
87227,2
87228,3
87229,2
87230,2
87231,2
87232,2
87233,2
87234,2
87235,2
87236,3
87237,2
87238,2
87239,0
87240,3
87241,2
87242,2
87243,3
87244,3
87245,2
87246,2
87247,2
87248,3
87249,2
87250,0
87251,2
87252,3
87253,3
87254,2
87255,2
87256,3
87257,3
87258,3
87259,2
87260,2
87261,2
87262,2
87263,2
87264,2
87265,2
87266,2
87267,2
87268,2
87269,2
87270,2
87271,2
87272,3
87273,2
87274,2
87275,2
87276,2
87277,2
87278,2
87279,2
87280,3
87281,2
87282,2
87283,2
87284,2
87285,2
87286,2
87287,2
87288,0
87289,2
87290,3
87291,3
87292,3
87293,2
87294,2
87295,2
87296,2
87297,3
87298,2
87299,2
87300,3
87301,2
87302,3
87303,2
87304,3
87305,2
87306,2
87307,2
87308,2
87309,2
87310,2
87311,2
87312,2
87313,3
87314,2
87315,2
87316,2
87317,2
87318,3
87319,3
87320,2
87321,3
87322,2
87323,0
87324,3
87325,2
87326,2
87327,2
87328,2
87329,2
87330,2
87331,2
87332,2
87333,2
87334,2
87335,2
87336,2
87337,2
87338,3
87339,2
87340,2
87341,2
87342,2
87343,2
87344,2
87345,2
87346,0
87347,0
87348,2
87349,0
87350,0
87351,2
87352,2
87353,2
87354,2
87355,3
87356,2
87357,2
87358,2
87359,2
87360,2
87361,2
87362,2
87363,2
87364,0
87365,2
87366,2
87367,2
87368,3
87369,3
87370,2
87371,2
87372,2
87373,2
87374,3
87375,3
87376,2
87377,2
87378,3
87379,3
87380,2
87381,2
87382,2
87383,2
87384,2
87385,2
87386,2
87387,2
87388,2
87389,2
87390,2
87391,3
87392,3
87393,2
87394,2
87395,3
87396,2
87397,2
87398,2
87399,2
87400,2
87401,3
87402,3
87403,3
87404,2
87405,2
87406,2
87407,2
87408,2
87409,2
87410,2
87411,2
87412,2
87413,2
87414,3
87415,2
87416,2
87417,3
87418,2
87419,2
87420,2
87421,2
87422,3
87423,2
87424,2
87425,2
87426,2
87427,2
87428,2
87429,2
87430,3
87431,3
87432,2
87433,2
87434,2
87435,2
87436,2
87437,2
87438,2
87439,2
87440,2
87441,2
87442,2
87443,2
87444,2
87445,2
87446,2
87447,2
87448,2
87449,2
87450,2
87451,2
87452,3
87453,3
87454,3
87455,1
87456,2
87457,2
87458,2
87459,2
87460,2
87461,2
87462,2
87463,2
87464,2
87465,2
87466,2
87467,2
87468,3
87469,1
87470,1
87471,1
87472,2
87473,2
87474,2
87475,2
87476,2
87477,3
87478,0
87479,3
87480,1
87481,1
87482,1
87483,1
87484,1
87485,1
87486,3
87487,1
87488,3
87489,3
87490,3
87491,3
87492,3
87493,3
87494,1
87495,1
87496,1
87497,1
87498,1
87499,1
87500,1
87501,2
87502,2
87503,2
87504,2
87505,2
87506,1
87507,2
87508,1
87509,2
87510,1
87511,2
87512,3
87513,1
87514,1
87515,1
87516,2
87517,3
87518,3
87519,3
87520,2
87521,2
87522,2
87523,3
87524,1
87525,1
87526,3
87527,3
87528,3
87529,1
87530,1
87531,2
87532,1
87533,3
87534,3
87535,3
87536,1
87537,2
87538,2
87539,2
87540,3
87541,3
87542,3
87543,3
87544,3
87545,2
87546,1
87547,3
87548,3
87549,3
87550,2
87551,2
87552,2
87553,2
87554,1
87555,2
87556,2
87557,2
87558,2
87559,2
87560,3
87561,2
87562,2
87563,3
87564,2
87565,2
87566,2
87567,3
87568,3
87569,2
87570,2
87571,3
87572,3
87573,2
87574,3
87575,3
87576,3
87577,2
87578,3
87579,2
87580,3
87581,3
87582,3
87583,2
87584,3
87585,2
87586,3
87587,3
87588,2
87589,3
87590,2
87591,2
87592,3
87593,3
87594,3
87595,2
87596,2
87597,2
87598,2
87599,0
87600,2
87601,3
87602,1
87603,3
87604,3
87605,3
87606,1
87607,1
87608,2
87609,2
87610,3
87611,2
87612,2
87613,3
87614,3
87615,2
87616,1
87617,1
87618,1
87619,3
87620,2
87621,2
87622,0
87623,2
87624,2
87625,3
87626,2
87627,3
87628,2
87629,3
87630,1
87631,2
87632,3
87633,3
87634,2
87635,2
87636,2
87637,2
87638,2
87639,2
87640,3
87641,1
87642,2
87643,3
87644,2
87645,2
87646,2
87647,2
87648,2
87649,2
87650,2
87651,2
87652,2
87653,2
87654,2
87655,2
87656,2
87657,2
87658,2
87659,2
87660,2
87661,2
87662,2
87663,2
87664,2
87665,2
87666,3
87667,1
87668,2
87669,3
87670,2
87671,2
87672,1
87673,2
87674,2
87675,1
87676,1
87677,2
87678,2
87679,2
87680,2
87681,3
87682,2
87683,3
87684,1
87685,1
87686,2
87687,2
87688,2
87689,2
87690,2
87691,2
87692,2
87693,2
87694,2
87695,1
87696,2
87697,1
87698,3
87699,3
87700,3
87701,3
87702,1
87703,2
87704,2
87705,2
87706,3
87707,3
87708,2
87709,2
87710,2
87711,3
87712,2
87713,3
87714,1
87715,2
87716,3
87717,3
87718,3
87719,1
87720,2
87721,2
87722,3
87723,2
87724,2
87725,2
87726,1
87727,1
87728,3
87729,3
87730,3
87731,3
87732,3
87733,3
87734,3
87735,3
87736,1
87737,2
87738,1
87739,1
87740,3
87741,3
87742,3
87743,3
87744,3
87745,3
87746,3
87747,3
87748,3
87749,1
87750,2
87751,3
87752,3
87753,2
87754,3
87755,3
87756,1
87757,2
87758,1
87759,2
87760,2
87761,2
87762,2
87763,2
87764,2
87765,2
87766,2
87767,2
87768,2
87769,2
87770,2
87771,2
87772,2
87773,2
87774,2
87775,2
87776,2
87777,2
87778,2
87779,2
87780,2
87781,2
87782,2
87783,2
87784,2
87785,2
87786,2
87787,2
87788,2
87789,2
87790,2
87791,2
87792,2
87793,2
87794,2
87795,2
87796,2
87797,2
87798,2
87799,2
87800,2
87801,2
87802,2
87803,2
87804,2
87805,1
87806,1
87807,1
87808,1
87809,2
87810,2
87811,2
87812,2
87813,2
87814,2
87815,2
87816,0
87817,0
87818,0
87819,2
87820,1
87821,3
87822,3
87823,3
87824,3
87825,2
87826,1
87827,1
87828,2
87829,2
87830,2
87831,2
87832,1
87833,1
87834,2
87835,2
87836,3
87837,2
87838,2
87839,2
87840,2
87841,2
87842,2
87843,2
87844,2
87845,2
87846,2
87847,2
87848,2
87849,2
87850,2
87851,2
87852,3
87853,3
87854,2
87855,2
87856,2
87857,2
87858,2
87859,2
87860,2
87861,3
87862,2
87863,2
87864,2
87865,2
87866,2
87867,2
87868,2
87869,3
87870,3
87871,3
87872,3
87873,2
87874,3
87875,3
87876,3
87877,2
87878,3
87879,2
87880,2
87881,2
87882,2
87883,3
87884,2
87885,2
87886,3
87887,2
87888,2
87889,2
87890,2
87891,2
87892,2
87893,2
87894,2
87895,2
87896,2
87897,2
87898,2
87899,2
87900,3
87901,2
87902,2
87903,2
87904,2
87905,2
87906,3
87907,3
87908,2
87909,2
87910,2
87911,3
87912,3
87913,3
87914,2
87915,2
87916,2
87917,2
87918,2
87919,2
87920,2
87921,2
87922,2
87923,2
87924,2
87925,2
87926,2
87927,2
87928,2
87929,1
87930,2
87931,2
87932,2
87933,1
87934,2
87935,2
87936,2
87937,2
87938,2
87939,2
87940,2
87941,3
87942,2
87943,3
87944,2
87945,2
87946,2
87947,2
87948,2
87949,2
87950,2
87951,2
87952,2
87953,2
87954,2
87955,3
87956,2
87957,2
87958,2
87959,2
87960,3
87961,2
87962,2
87963,2
87964,3
87965,3
87966,2
87967,2
87968,1
87969,1
87970,3
87971,2
87972,2
87973,2
87974,2
87975,2
87976,2
87977,2
87978,2
87979,2
87980,2
87981,2
87982,2
87983,2
87984,2
87985,2
87986,2
87987,2
87988,2
87989,3
87990,3
87991,1
87992,1
87993,1
87994,1
87995,2
87996,2
87997,2
87998,3
87999,2
88000,1
88001,1
88002,2
88003,2
88004,2
88005,2
88006,2
88007,3
88008,3
88009,2
88010,2
88011,3
88012,3
88013,3
88014,3
88015,3
88016,1
88017,3
88018,2
88019,2
88020,1
88021,2
88022,2
88023,2
88024,1
88025,2
88026,2
88027,2
88028,3
88029,2
88030,3
88031,2
88032,2
88033,1
88034,3
88035,3
88036,3
88037,3
88038,3
88039,1
88040,3
88041,3
88042,3
88043,2
88044,2
88045,3
88046,2
88047,2
88048,2
88049,2
88050,2
88051,3
88052,3
88053,1
88054,2
88055,2
88056,2
88057,2
88058,2
88059,3
88060,2
88061,2
88062,1
88063,2
88064,3
88065,3
88066,3
88067,3
88068,2
88069,2
88070,2
88071,3
88072,2
88073,3
88074,2
88075,2
88076,2
88077,2
88078,2
88079,2
88080,2
88081,2
88082,2
88083,2
88084,1
88085,2
88086,2
88087,2
88088,2
88089,2
88090,1
88091,1
88092,1
88093,3
88094,2
88095,2
88096,2
88097,3
88098,3
88099,2
88100,3
88101,3
88102,3
88103,0
88104,3
88105,1
88106,1
88107,2
88108,3
88109,3
88110,3
88111,2
88112,2
88113,2
88114,2
88115,1
88116,2
88117,2
88118,2
88119,1
88120,3
88121,1
88122,3
88123,2
88124,2
88125,2
88126,2
88127,3
88128,3
88129,0
88130,2
88131,2
88132,3
88133,3
88134,1
88135,2
88136,1
88137,1
88138,1
88139,1
88140,1
88141,1
88142,1
88143,3
88144,3
88145,2
88146,2
88147,1
88148,1
88149,2
88150,2
88151,2
88152,2
88153,2
88154,2
88155,1
88156,0
88157,2
88158,2
88159,2
88160,3
88161,3
88162,2
88163,3
88164,2
88165,2
88166,2
88167,2
88168,1
88169,1
88170,1
88171,1
88172,2
88173,2
88174,2
88175,2
88176,2
88177,2
88178,3
88179,3
88180,1
88181,1
88182,3
88183,3
88184,3
88185,3
88186,3
88187,3
88188,3
88189,3
88190,3
88191,3
88192,3
88193,3
88194,3
88195,3
88196,3
88197,3
88198,3
88199,3
88200,3
88201,2
88202,3
88203,3
88204,3
88205,3
88206,3
88207,3
88208,3
88209,3
88210,1
88211,3
88212,3
88213,3
88214,3
88215,1
88216,3
88217,1
88218,3
88219,3
88220,2
88221,3
88222,2
88223,2
88224,2
88225,3
88226,3
88227,0
88228,3
88229,3
88230,3
88231,3
88232,2
88233,3
88234,2
88235,2
88236,3
88237,3
88238,2
88239,3
88240,3
88241,3
88242,3
88243,3
88244,3
88245,3
88246,3
88247,3
88248,3
88249,3
88250,2
88251,2
88252,2
88253,2
88254,2
88255,2
88256,2
88257,3
88258,2
88259,2
88260,2
88261,2
88262,2
88263,2
88264,2
88265,2
88266,2
88267,2
88268,3
88269,2
88270,3
88271,0
88272,3
88273,3
88274,3
88275,3
88276,2
88277,2
88278,3
88279,3
88280,3
88281,2
88282,2
88283,3
88284,2
88285,2
88286,2
88287,3
88288,2
88289,3
88290,3
88291,3
88292,3
88293,3
88294,3
88295,3
88296,3
88297,3
88298,3
88299,3
88300,0
88301,0
88302,3
88303,0
88304,0
88305,0
88306,0
88307,0
88308,3
88309,0
88310,0
88311,0
88312,3
88313,0
88314,0
88315,0
88316,3
88317,3
88318,2
88319,0
88320,3
88321,3
88322,3
88323,3
88324,3
88325,3
88326,3
88327,3
88328,3
88329,3
88330,3
88331,3
88332,3
88333,3
88334,3
88335,3
88336,3
88337,3
88338,1
88339,2
88340,2
88341,3
88342,3
88343,3
88344,2
88345,2
88346,2
88347,2
88348,2
88349,3
88350,2
88351,2
88352,2
88353,3
88354,3
88355,3
88356,3
88357,2
88358,1
88359,1
88360,1
88361,0
88362,0
88363,0
88364,3
88365,3
88366,3
88367,2
88368,2
88369,1
88370,0
88371,3
88372,3
88373,2
88374,3
88375,0
88376,3
88377,3
88378,3
88379,3
88380,3
88381,3
88382,3
88383,3
88384,0
88385,1
88386,1
88387,3
88388,3
88389,2
88390,2
88391,2
88392,2
88393,3
88394,2
88395,3
88396,2
88397,3
88398,2
88399,2
88400,2
88401,3
88402,3
88403,2
88404,3
88405,2
88406,3
88407,2
88408,3
88409,2
88410,2
88411,2
88412,3
88413,2
88414,2
88415,2
88416,3
88417,3
88418,3
88419,2
88420,3
88421,2
88422,2
88423,3
88424,3
88425,3
88426,3
88427,3
88428,2
88429,3
88430,3
88431,3
88432,2
88433,2
88434,3
88435,2
88436,2
88437,2
88438,2
88439,2
88440,2
88441,3
88442,3
88443,3
88444,3
88445,3
88446,3
88447,2
88448,3
88449,2
88450,3
88451,2
88452,3
88453,2
88454,3
88455,1
88456,2
88457,3
88458,3
88459,3
88460,1
88461,0
88462,0
88463,3
88464,2
88465,3
88466,3
88467,0
88468,0
88469,0
88470,0
88471,2
88472,2
88473,1
88474,0
88475,0
88476,3
88477,0
88478,0
88479,0
88480,0
88481,0
88482,3
88483,3
88484,3
88485,3
88486,0
88487,3
88488,3
88489,2
88490,0
88491,0
88492,0
88493,3
88494,2
88495,0
88496,3
88497,3
88498,2
88499,3
88500,2
88501,3
88502,2
88503,3
88504,3
88505,0
88506,1
88507,0
88508,3
88509,0
88510,0
88511,3
88512,3
88513,2
88514,0
88515,3
88516,3
88517,0
88518,0
88519,0
88520,3
88521,2
88522,0
88523,0
88524,3
88525,3
88526,3
88527,3
88528,3
88529,3
88530,3
88531,3
88532,3
88533,3
88534,3
88535,3
88536,3
88537,3
88538,0
88539,3
88540,0
88541,0
88542,3
88543,0
88544,0
88545,0
88546,0
88547,0
88548,3
88549,3
88550,3
88551,3
88552,3
88553,3
88554,3
88555,3
88556,2
88557,2
88558,2
88559,1
88560,2
88561,2
88562,2
88563,2
88564,2
88565,2
88566,2
88567,2
88568,2
88569,2
88570,3
88571,3
88572,2
88573,2
88574,2
88575,2
88576,2
88577,2
88578,2
88579,2
88580,2
88581,2
88582,2
88583,3
88584,3
88585,2
88586,1
88587,3
88588,3
88589,3
88590,3
88591,2
88592,0
88593,0
88594,0
88595,1
88596,2
88597,2
88598,3
88599,3
88600,2
88601,2
88602,3
88603,3
88604,2
88605,2
88606,3
88607,3
88608,3
88609,2
88610,0
88611,3
88612,2
88613,2
88614,2
88615,3
88616,2
88617,2
88618,3
88619,3
88620,2
88621,2
88622,3
88623,3
88624,3
88625,3
88626,3
88627,3
88628,2
88629,1
88630,3
88631,1
88632,3
88633,3
88634,3
88635,3
88636,3
88637,1
88638,3
88639,3
88640,3
88641,3
88642,2
88643,2
88644,3
88645,3
88646,3
88647,0
88648,1
88649,3
88650,3
88651,3
88652,3
88653,2
88654,3
88655,3
88656,3
88657,3
88658,3
88659,2
88660,0
88661,3
88662,3
88663,1
88664,0
88665,2
88666,3
88667,3
88668,0
88669,3
88670,0
88671,0
88672,0
88673,0
88674,0
88675,0
88676,1
88677,1
88678,2
88679,3
88680,3
88681,3
88682,3
88683,2
88684,2
88685,3
88686,2
88687,2
88688,2
88689,2
88690,2
88691,2
88692,0
88693,0
88694,0
88695,0
88696,3
88697,3
88698,1
88699,0
88700,2
88701,3
88702,2
88703,2
88704,2
88705,0
88706,3
88707,0
88708,2
88709,3
88710,3
88711,3
88712,3
88713,3
88714,3
88715,1
88716,1
88717,2
88718,2
88719,3
88720,3
88721,3
88722,3
88723,3
88724,3
88725,3
88726,2
88727,2
88728,3
88729,3
88730,3
88731,2
88732,2
88733,2
88734,2
88735,2
88736,2
88737,2
88738,2
88739,1
88740,2
88741,2
88742,3
88743,2
88744,2
88745,3
88746,2
88747,2
88748,3
88749,2
88750,2
88751,3
88752,3
88753,3
88754,3
88755,3
88756,2
88757,2
88758,3
88759,2
88760,3
88761,3
88762,2
88763,3
88764,3
88765,1
88766,3
88767,3
88768,3
88769,1
88770,1
88771,1
88772,0
88773,3
88774,1
88775,3
88776,1
88777,1
88778,2
88779,3
88780,3
88781,3
88782,3
88783,3
88784,2
88785,2
88786,3
88787,1
88788,2
88789,2
88790,1
88791,2
88792,2
88793,3
88794,2
88795,2
88796,2
88797,2
88798,2
88799,2
88800,2
88801,3
88802,2
88803,3
88804,2
88805,2
88806,1
88807,3
88808,3
88809,2
88810,2
88811,2
88812,2
88813,2
88814,2
88815,2
88816,3
88817,3
88818,3
88819,2
88820,2
88821,3
88822,2
88823,2
88824,2
88825,2
88826,1
88827,2
88828,3
88829,2
88830,3
88831,1
88832,1
88833,3
88834,0
88835,1
88836,3
88837,3
88838,2
88839,2
88840,1
88841,2
88842,3
88843,2
88844,1
88845,0
88846,2
88847,2
88848,3
88849,0
88850,2
88851,3
88852,2
88853,3
88854,3
88855,3
88856,2
88857,2
88858,3
88859,1
88860,1
88861,3
88862,3
88863,3
88864,2
88865,3
88866,3
88867,3
88868,2
88869,2
88870,2
88871,2
88872,3
88873,3
88874,3
88875,3
88876,2
88877,2
88878,2
88879,0
88880,0
88881,2
88882,1
88883,1
88884,3
88885,3
88886,2
88887,1
88888,1
88889,1
88890,2
88891,3
88892,3
88893,0
88894,0
88895,1
88896,1
88897,0
88898,0
88899,3
88900,1
88901,1
88902,3
88903,1
88904,1
88905,3
88906,3
88907,3
88908,3
88909,1
88910,3
88911,3
88912,1
88913,3
88914,3
88915,2
88916,3
88917,3
88918,0
88919,0
88920,3
88921,2
88922,2
88923,2
88924,2
88925,3
88926,3
88927,3
88928,2
88929,2
88930,2
88931,2
88932,2
88933,2
88934,2
88935,2
88936,2
88937,2
88938,2
88939,2
88940,2
88941,2
88942,2
88943,2
88944,2
88945,3
88946,2
88947,2
88948,2
88949,2
88950,2
88951,0
88952,2
88953,2
88954,2
88955,2
88956,3
88957,2
88958,2
88959,2
88960,2
88961,2
88962,2
88963,2
88964,2
88965,2
88966,2
88967,1
88968,2
88969,1
88970,2
88971,3
88972,2
88973,2
88974,2
88975,2
88976,2
88977,3
88978,2
88979,3
88980,2
88981,2
88982,2
88983,2
88984,2
88985,2
88986,2
88987,2
88988,3
88989,3
88990,2
88991,2
88992,2
88993,2
88994,3
88995,2
88996,2
88997,2
88998,2
88999,2
89000,3
89001,2
89002,3
89003,3
89004,2
89005,2
89006,2
89007,3
89008,3
89009,1
89010,3
89011,1
89012,1
89013,1
89014,1
89015,1
89016,3
89017,1
89018,1
89019,1
89020,1
89021,3
89022,3
89023,3
89024,3
89025,3
89026,1
89027,1
89028,2
89029,2
89030,2
89031,1
89032,1
89033,3
89034,2
89035,3
89036,3
89037,1
89038,3
89039,3
89040,1
89041,3
89042,3
89043,3
89044,3
89045,3
89046,3
89047,3
89048,1
89049,3
89050,3
89051,3
89052,3
89053,3
89054,3
89055,3
89056,3
89057,3
89058,3
89059,3
89060,3
89061,3
89062,3
89063,3
89064,3
89065,3
89066,3
89067,3
89068,2
89069,3
89070,3
89071,3
89072,2
89073,2
89074,3
89075,2
89076,3
89077,3
89078,3
89079,3
89080,3
89081,3
89082,3
89083,3
89084,3
89085,3
89086,3
89087,1
89088,2
89089,2
89090,3
89091,2
89092,2
89093,1
89094,2
89095,3
89096,2
89097,2
89098,3
89099,2
89100,3
89101,2
89102,1
89103,1
89104,3
89105,3
89106,3
89107,3
89108,3
89109,3
89110,1
89111,2
89112,3
89113,3
89114,3
89115,3
89116,3
89117,3
89118,3
89119,3
89120,1
89121,1
89122,2
89123,3
89124,3
89125,3
89126,1
89127,1
89128,2
89129,3
89130,3
89131,3
89132,3
89133,3
89134,3
89135,1
89136,1
89137,0
89138,0
89139,0
89140,2
89141,3
89142,2
89143,3
89144,3
89145,1
89146,3
89147,3
89148,2
89149,1
89150,2
89151,2
89152,2
89153,0
89154,3
89155,3
89156,3
89157,0
89158,3
89159,3
89160,3
89161,2
89162,3
89163,2
89164,2
89165,2
89166,3
89167,3
89168,2
89169,2
89170,2
89171,2
89172,2
89173,2
89174,1
89175,1
89176,3
89177,3
89178,3
89179,3
89180,2
89181,2
89182,1
89183,3
89184,3
89185,2
89186,2
89187,2
89188,2
89189,2
89190,2
89191,2
89192,2
89193,2
89194,0
89195,3
89196,2
89197,2
89198,3
89199,2
89200,3
89201,2
89202,3
89203,3
89204,3
89205,2
89206,3
89207,2
89208,2
89209,3
89210,3
89211,2
89212,2
89213,2
89214,2
89215,2
89216,3
89217,3
89218,3
89219,2
89220,3
89221,3
89222,2
89223,2
89224,3
89225,2
89226,3
89227,2
89228,3
89229,1
89230,2
89231,2
89232,1
89233,2
89234,2
89235,3
89236,3
89237,2
89238,3
89239,2
89240,3
89241,3
89242,3
89243,2
89244,3
89245,3
89246,2
89247,3
89248,3
89249,3
89250,0
89251,3
89252,3
89253,0
89254,2
89255,3
89256,0
89257,3
89258,1
89259,0
89260,3
89261,3
89262,3
89263,3
89264,0
89265,0
89266,3
89267,0
89268,0
89269,2
89270,2
89271,3
89272,3
89273,2
89274,2
89275,2
89276,0
89277,2
89278,2
89279,3
89280,2
89281,2
89282,3
89283,3
89284,2
89285,2
89286,2
89287,1
89288,2
89289,2
89290,2
89291,2
89292,2
89293,3
89294,3
89295,2
89296,3
89297,3
89298,3
89299,3
89300,2
89301,2
89302,2
89303,2
89304,2
89305,2
89306,2
89307,2
89308,2
89309,3
89310,2
89311,2
89312,2
89313,2
89314,3
89315,2
89316,2
89317,2
89318,2
89319,2
89320,2
89321,2
89322,2
89323,2
89324,3
89325,3
89326,2
89327,2
89328,3
89329,2
89330,2
89331,2
89332,2
89333,2
89334,2
89335,2
89336,2
89337,2
89338,2
89339,2
89340,2
89341,2
89342,2
89343,2
89344,2
89345,2
89346,2
89347,2
89348,2
89349,2
89350,2
89351,2
89352,2
89353,2
89354,3
89355,2
89356,3
89357,2
89358,2
89359,2
89360,2
89361,2
89362,2
89363,2
89364,2
89365,2
89366,2
89367,2
89368,2
89369,2
89370,2
89371,2
89372,2
89373,2
89374,2
89375,2
89376,2
89377,2
89378,2
89379,2
89380,2
89381,2
89382,2
89383,2
89384,2
89385,2
89386,2
89387,2
89388,2
89389,2
89390,2
89391,2
89392,2
89393,2
89394,2
89395,2
89396,2
89397,2
89398,2
89399,2
89400,2
89401,2
89402,2
89403,2
89404,2
89405,2
89406,2
89407,2
89408,3
89409,3
89410,3
89411,2
89412,2
89413,2
89414,2
89415,2
89416,2
89417,2
89418,2
89419,2
89420,2
89421,2
89422,2
89423,2
89424,2
89425,2
89426,2
89427,2
89428,2
89429,2
89430,2
89431,2
89432,2
89433,2
89434,2
89435,2
89436,2
89437,2
89438,2
89439,2
89440,2
89441,2
89442,2
89443,2
89444,2
89445,2
89446,2
89447,2
89448,2
89449,2
89450,2
89451,2
89452,2
89453,2
89454,2
89455,2
89456,2
89457,2
89458,2
89459,2
89460,2
89461,2
89462,2
89463,2
89464,2
89465,2
89466,2
89467,2
89468,2
89469,2
89470,2
89471,2
89472,2
89473,2
89474,2
89475,2
89476,2
89477,2
89478,2
89479,2
89480,2
89481,2
89482,2
89483,2
89484,2
89485,2
89486,2
89487,2
89488,2
89489,2
89490,2
89491,2
89492,2
89493,2
89494,2
89495,2
89496,2
89497,2
89498,2
89499,2
89500,2
89501,2
89502,2
89503,2
89504,2
89505,2
89506,2
89507,2
89508,2
89509,2
89510,2
89511,2
89512,2
89513,2
89514,2
89515,2
89516,2
89517,2
89518,2
89519,2
89520,2
89521,2
89522,2
89523,2
89524,2
89525,2
89526,2
89527,3
89528,2
89529,2
89530,2
89531,2
89532,2
89533,2
89534,2
89535,2
89536,2
89537,2
89538,2
89539,2
89540,2
89541,2
89542,2
89543,2
89544,2
89545,2
89546,2
89547,2
89548,2
89549,2
89550,2
89551,2
89552,2
89553,2
89554,2
89555,2
89556,2
89557,2
89558,2
89559,2
89560,2
89561,2
89562,2
89563,2
89564,2
89565,2
89566,2
89567,2
89568,2
89569,2
89570,2
89571,2
89572,2
89573,2
89574,2
89575,2
89576,2
89577,2
89578,2
89579,2
89580,2
89581,2
89582,2
89583,2
89584,2
89585,2
89586,2
89587,2
89588,2
89589,2
89590,2
89591,2
89592,2
89593,2
89594,2
89595,3
89596,2
89597,2
89598,2
89599,2
89600,2
89601,2
89602,2
89603,2
89604,2
89605,2
89606,2
89607,2
89608,2
89609,2
89610,2
89611,2
89612,2
89613,2
89614,2
89615,2
89616,2
89617,2
89618,2
89619,2
89620,2
89621,2
89622,2
89623,2
89624,2
89625,2
89626,2
89627,2
89628,2
89629,2
89630,2
89631,2
89632,2
89633,2
89634,2
89635,2
89636,2
89637,2
89638,2
89639,2
89640,2
89641,2
89642,2
89643,2
89644,2
89645,2
89646,2
89647,2
89648,2
89649,2
89650,2
89651,2
89652,2
89653,2
89654,2
89655,2
89656,2
89657,2
89658,2
89659,2
89660,2
89661,2
89662,2
89663,2
89664,2
89665,2
89666,2
89667,2
89668,2
89669,2
89670,2
89671,2
89672,2
89673,2
89674,2
89675,2
89676,2
89677,2
89678,2
89679,2
89680,2
89681,2
89682,2
89683,2
89684,2
89685,2
89686,2
89687,2
89688,2
89689,2
89690,2
89691,2
89692,2
89693,2
89694,2
89695,2
89696,2
89697,2
89698,2
89699,2
89700,2
89701,2
89702,2
89703,2
89704,2
89705,2
89706,2
89707,2
89708,2
89709,2
89710,2
89711,2
89712,2
89713,2
89714,2
89715,2
89716,2
89717,2
89718,2
89719,2
89720,2
89721,2
89722,2
89723,2
89724,2
89725,2
89726,2
89727,2
89728,2
89729,2
89730,2
89731,2
89732,2
89733,2
89734,2
89735,2
89736,2
89737,2
89738,2
89739,2
89740,2
89741,2
89742,2
89743,2
89744,2
89745,2
89746,2
89747,2
89748,2
89749,2
89750,2
89751,2
89752,2
89753,2
89754,2
89755,2
89756,2
89757,2
89758,2
89759,2
89760,2
89761,2
89762,2
89763,2
89764,2
89765,2
89766,2
89767,2
89768,2
89769,2
89770,2
89771,2
89772,2
89773,2
89774,2
89775,2
89776,2
89777,2
89778,2
89779,2
89780,2
89781,2
89782,2
89783,2
89784,2
89785,2
89786,2
89787,2
89788,2
89789,2
89790,2
89791,2
89792,2
89793,2
89794,2
89795,2
89796,2
89797,2
89798,2
89799,2
89800,2
89801,2
89802,2
89803,2
89804,2
89805,2
89806,2
89807,2
89808,2
89809,2
89810,2
89811,2
89812,2
89813,2
89814,2
89815,2
89816,2
89817,2
89818,2
89819,2
89820,2
89821,2
89822,2
89823,2
89824,2
89825,2
89826,2
89827,2
89828,2
89829,2
89830,2
89831,2
89832,2
89833,2
89834,2
89835,2
89836,2
89837,2
89838,2
89839,2
89840,2
89841,2
89842,2
89843,2
89844,2
89845,2
89846,2
89847,2
89848,2
89849,2
89850,2
89851,2
89852,2
89853,2
89854,2
89855,2
89856,2
89857,2
89858,2
89859,2
89860,2
89861,2
89862,2
89863,2
89864,2
89865,2
89866,2
89867,2
89868,2
89869,2
89870,2
89871,2
89872,2
89873,2
89874,2
89875,2
89876,2
89877,2
89878,2
89879,2
89880,2
89881,2
89882,2
89883,2
89884,2
89885,2
89886,2
89887,2
89888,2
89889,2
89890,2
89891,2
89892,2
89893,2
89894,2
89895,2
89896,2
89897,2
89898,2
89899,2
89900,2
89901,2
89902,2
89903,2
89904,2
89905,2
89906,2
89907,2
89908,2
89909,2
89910,2
89911,2
89912,2
89913,2
89914,2
89915,2
89916,2
89917,2
89918,2
89919,2
89920,2
89921,2
89922,2
89923,2
89924,2
89925,2
89926,2
89927,2
89928,2
89929,2
89930,2
89931,2
89932,2
89933,2
89934,2
89935,2
89936,2
89937,2
89938,2
89939,2
89940,2
89941,2
89942,2
89943,2
89944,2
89945,2
89946,2
89947,2
89948,2
89949,2
89950,2
89951,2
89952,2
89953,2
89954,2
89955,2
89956,2
89957,2
89958,2
89959,2
89960,2
89961,3
89962,3
89963,2
89964,2
89965,2
89966,2
89967,2
89968,2
89969,2
89970,2
89971,2
89972,2
89973,2
89974,2
89975,2
89976,2
89977,2
89978,2
89979,2
89980,2
89981,2
89982,2
89983,2
89984,2
89985,2
89986,2
89987,2
89988,2
89989,2
89990,3
89991,3
89992,3
89993,3
89994,2
89995,2
89996,2
89997,2
89998,2
89999,2
90000,2
90001,2
90002,3
90003,3
90004,2
90005,2
90006,3
90007,2
90008,3
90009,2
90010,2
90011,3
90012,3
90013,3
90014,2
90015,2
90016,2
90017,2
90018,2
90019,3
90020,3
90021,2
90022,2
90023,2
90024,2
90025,2
90026,2
90027,2
90028,2
90029,2
90030,2
90031,3
90032,2
90033,2
90034,2
90035,2
90036,2
90037,2
90038,2
90039,2
90040,2
90041,2
90042,2
90043,2
90044,2
90045,2
90046,2
90047,2
90048,2
90049,1
90050,2
90051,2
90052,2
90053,3
90054,3
90055,2
90056,2
90057,2
90058,2
90059,2
90060,2
90061,2
90062,2
90063,2
90064,2
90065,2
90066,2
90067,2
90068,2
90069,2
90070,2
90071,3
90072,2
90073,2
90074,2
90075,2
90076,2
90077,2
90078,2
90079,2
90080,2
90081,2
90082,2
90083,2
90084,2
90085,2
90086,2
90087,2
90088,2
90089,2
90090,2
90091,2
90092,2
90093,2
90094,2
90095,2
90096,2
90097,2
90098,2
90099,2
90100,2
90101,2
90102,2
90103,2
90104,2
90105,2
90106,2
90107,2
90108,2
90109,2
90110,2
90111,2
90112,2
90113,2
90114,2
90115,2
90116,2
90117,2
90118,2
90119,2
90120,2
90121,2
90122,2
90123,2
90124,2
90125,2
90126,2
90127,2
90128,2
90129,2
90130,2
90131,2
90132,2
90133,2
90134,2
90135,2
90136,2
90137,2
90138,2
90139,2
90140,2
90141,2
90142,2
90143,2
90144,2
90145,2
90146,2
90147,2
90148,2
90149,2
90150,2
90151,2
90152,2
90153,2
90154,2
90155,2
90156,2
90157,2
90158,2
90159,2
90160,2
90161,2
90162,2
90163,2
90164,2
90165,2
90166,2
90167,2
90168,2
90169,2
90170,2
90171,2
90172,2
90173,2
90174,2
90175,2
90176,2
90177,2
90178,2
90179,2
90180,2
90181,2
90182,2
90183,2
90184,2
90185,2
90186,2
90187,2
90188,2
90189,2
90190,2
90191,2
90192,2
90193,2
90194,2
90195,2
90196,2
90197,2
90198,3
90199,2
90200,2
90201,2
90202,2
90203,2
90204,2
90205,2
90206,2
90207,2
90208,2
90209,2
90210,2
90211,2
90212,2
90213,2
90214,2
90215,2
90216,2
90217,2
90218,2
90219,2
90220,2
90221,2
90222,2
90223,2
90224,2
90225,2
90226,2
90227,2
90228,2
90229,2
90230,2
90231,2
90232,2
90233,2
90234,2
90235,2
90236,2
90237,2
90238,2
90239,2
90240,2
90241,2
90242,2
90243,2
90244,2
90245,2
90246,2
90247,2
90248,2
90249,2
90250,2
90251,2
90252,2
90253,2
90254,2
90255,2
90256,2
90257,2
90258,2
90259,2
90260,2
90261,2
90262,2
90263,2
90264,2
90265,2
90266,2
90267,2
90268,2
90269,2
90270,2
90271,2
90272,2
90273,2
90274,2
90275,2
90276,2
90277,2
90278,2
90279,2
90280,2
90281,2
90282,2
90283,2
90284,2
90285,2
90286,2
90287,2
90288,2
90289,2
90290,2
90291,2
90292,2
90293,2
90294,2
90295,2
90296,2
90297,2
90298,2
90299,2
90300,2
90301,2
90302,2
90303,2
90304,2
90305,2
90306,2
90307,2
90308,2
90309,2
90310,2
90311,2
90312,2
90313,2
90314,2
90315,2
90316,2
90317,2
90318,2
90319,2
90320,2
90321,2
90322,2
90323,2
90324,2
90325,2
90326,2
90327,2
90328,2
90329,2
90330,2
90331,2
90332,2
90333,2
90334,2
90335,2
90336,2
90337,2
90338,2
90339,2
90340,2
90341,2
90342,2
90343,2
90344,2
90345,2
90346,2
90347,2
90348,2
90349,2
90350,2
90351,2
90352,2
90353,2
90354,2
90355,2
90356,2
90357,2
90358,2
90359,2
90360,2
90361,2
90362,2
90363,2
90364,2
90365,2
90366,2
90367,2
90368,2
90369,2
90370,2
90371,2
90372,2
90373,2
90374,2
90375,2
90376,2
90377,2
90378,2
90379,2
90380,2
90381,2
90382,2
90383,2
90384,2
90385,2
90386,2
90387,2
90388,2
90389,2
90390,2
90391,2
90392,2
90393,2
90394,2
90395,2
90396,2
90397,2
90398,2
90399,2
90400,2
90401,2
90402,2
90403,2
90404,2
90405,2
90406,2
90407,2
90408,2
90409,2
90410,2
90411,2
90412,2
90413,2
90414,2
90415,2
90416,2
90417,2
90418,2
90419,2
90420,2
90421,2
90422,2
90423,2
90424,2
90425,2
90426,2
90427,2
90428,2
90429,2
90430,2
90431,2
90432,2
90433,2
90434,2
90435,2
90436,2
90437,2
90438,2
90439,2
90440,2
90441,2
90442,2
90443,2
90444,2
90445,2
90446,2
90447,2
90448,2
90449,2
90450,2
90451,2
90452,2
90453,2
90454,2
90455,2
90456,2
90457,2
90458,2
90459,2
90460,2
90461,2
90462,2
90463,2
90464,3
90465,2
90466,2
90467,2
90468,2
90469,2
90470,2
90471,2
90472,2
90473,2
90474,2
90475,2
90476,2
90477,2
90478,2
90479,2
90480,2
90481,2
90482,2
90483,2
90484,2
90485,2
90486,2
90487,2
90488,2
90489,2
90490,2
90491,2
90492,2
90493,2
90494,2
90495,2
90496,2
90497,2
90498,2
90499,2
90500,2
90501,2
90502,2
90503,2
90504,2
90505,2
90506,2
90507,2
90508,2
90509,2
90510,2
90511,2
90512,2
90513,2
90514,2
90515,2
90516,2
90517,2
90518,2
90519,2
90520,2
90521,2
90522,2
90523,3
90524,2
90525,2
90526,2
90527,3
90528,2
90529,2
90530,2
90531,2
90532,2
90533,3
90534,2
90535,2
90536,2
90537,2
90538,2
90539,2
90540,2
90541,2
90542,2
90543,2
90544,2
90545,3
90546,3
90547,2
90548,2
90549,2
90550,2
90551,2
90552,3
90553,2
90554,2
90555,2
90556,2
90557,2
90558,2
90559,2
90560,2
90561,2
90562,2
90563,2
90564,2
90565,2
90566,2
90567,2
90568,2
90569,2
90570,2
90571,2
90572,2
90573,2
90574,2
90575,2
90576,3
90577,3
90578,3
90579,3
90580,2
90581,2
90582,2
90583,2
90584,2
90585,2
90586,3
90587,3
90588,2
90589,3
90590,2
90591,2
90592,2
90593,2
90594,2
90595,2
90596,2
90597,2
90598,2
90599,2
90600,2
90601,2
90602,2
90603,2
90604,2
90605,2
90606,2
90607,2
90608,2
90609,2
90610,2
90611,2
90612,2
90613,2
90614,2
90615,2
90616,2
90617,2
90618,2
90619,2
90620,2
90621,2
90622,2
90623,2
90624,2
90625,2
90626,2
90627,2
90628,2
90629,2
90630,2
90631,2
90632,2
90633,2
90634,2
90635,2
90636,2
90637,2
90638,2
90639,2
90640,2
90641,2
90642,2
90643,2
90644,2
90645,2
90646,2
90647,2
90648,2
90649,2
90650,2
90651,2
90652,2
90653,2
90654,2
90655,2
90656,2
90657,2
90658,2
90659,2
90660,2
90661,2
90662,2
90663,2
90664,2
90665,2
90666,2
90667,2
90668,2
90669,2
90670,2
90671,2
90672,2
90673,2
90674,2
90675,2
90676,2
90677,2
90678,2
90679,2
90680,2
90681,2
90682,2
90683,2
90684,2
90685,2
90686,2
90687,2
90688,2
90689,2
90690,2
90691,2
90692,2
90693,2
90694,2
90695,2
90696,2
90697,2
90698,2
90699,2
90700,2
90701,2
90702,2
90703,2
90704,2
90705,2
90706,2
90707,2
90708,2
90709,2
90710,2
90711,2
90712,2
90713,2
90714,2
90715,2
90716,2
90717,2
90718,2
90719,2
90720,2
90721,2
90722,2
90723,2
90724,2
90725,2
90726,2
90727,2
90728,2
90729,2
90730,2
90731,2
90732,2
90733,2
90734,2
90735,2
90736,2
90737,2
90738,2
90739,2
90740,2
90741,2
90742,2
90743,2
90744,2
90745,2
90746,2
90747,2
90748,2
90749,2
90750,2
90751,2
90752,2
90753,2
90754,2
90755,2
90756,2
90757,2
90758,2
90759,2
90760,2
90761,2
90762,2
90763,2
90764,2
90765,2
90766,2
90767,2
90768,2
90769,2
90770,2
90771,2
90772,2
90773,2
90774,2
90775,2
90776,2
90777,2
90778,2
90779,2
90780,2
90781,2
90782,2
90783,2
90784,2
90785,2
90786,2
90787,2
90788,2
90789,2
90790,2
90791,2
90792,2
90793,2
90794,2
90795,2
90796,2
90797,2
90798,2
90799,2
90800,2
90801,2
90802,2
90803,2
90804,2
90805,2
90806,2
90807,2
90808,2
90809,2
90810,2
90811,2
90812,2
90813,2
90814,2
90815,2
90816,2
90817,2
90818,2
90819,2
90820,2
90821,2
90822,2
90823,2
90824,2
90825,2
90826,2
90827,2
90828,2
90829,2
90830,2
90831,2
90832,2
90833,2
90834,2
90835,2
90836,2
90837,2
90838,2
90839,2
90840,2
90841,2
90842,2
90843,2
90844,2
90845,2
90846,2
90847,2
90848,2
90849,2
90850,2
90851,2
90852,2
90853,2
90854,2
90855,2
90856,2
90857,2
90858,2
90859,2
90860,2
90861,2
90862,2
90863,2
90864,2
90865,2
90866,2
90867,2
90868,2
90869,2
90870,2
90871,2
90872,2
90873,2
90874,2
90875,2
90876,2
90877,2
90878,2
90879,2
90880,2
90881,2
90882,2
90883,2
90884,2
90885,2
90886,2
90887,2
90888,2
90889,2
90890,2
90891,2
90892,2
90893,2
90894,2
90895,2
90896,2
90897,2
90898,2
90899,2
90900,2
90901,2
90902,2
90903,2
90904,2
90905,2
90906,2
90907,2
90908,2
90909,2
90910,2
90911,2
90912,2
90913,2
90914,2
90915,3
90916,2
90917,2
90918,2
90919,2
90920,2
90921,2
90922,2
90923,2
90924,2
90925,2
90926,2
90927,2
90928,2
90929,2
90930,2
90931,2
90932,2
90933,2
90934,2
90935,2
90936,2
90937,2
90938,2
90939,2
90940,2
90941,2
90942,2
90943,2
90944,2
90945,2
90946,2
90947,2
90948,2
90949,2
90950,2
90951,2
90952,2
90953,2
90954,2
90955,2
90956,2
90957,2
90958,2
90959,2
90960,2
90961,2
90962,2
90963,2
90964,2
90965,2
90966,2
90967,2
90968,2
90969,2
90970,2
90971,2
90972,2
90973,2
90974,2
90975,2
90976,2
90977,2
90978,2
90979,2
90980,2
90981,2
90982,2
90983,2
90984,2
90985,2
90986,2
90987,2
90988,2
90989,2
90990,2
90991,2
90992,2
90993,2
90994,2
90995,2
90996,2
90997,2
90998,2
90999,2
91000,2
91001,2
91002,2
91003,2
91004,2
91005,2
91006,2
91007,2
91008,2
91009,2
91010,2
91011,2
91012,2
91013,2
91014,2
91015,2
91016,2
91017,2
91018,2
91019,2
91020,2
91021,2
91022,2
91023,2
91024,2
91025,2
91026,2
91027,2
91028,2
91029,2
91030,2
91031,2
91032,2
91033,2
91034,2
91035,2
91036,2
91037,2
91038,2
91039,2
91040,2
91041,2
91042,2
91043,2
91044,2
91045,2
91046,2
91047,2
91048,2
91049,2
91050,2
91051,2
91052,2
91053,2
91054,2
91055,2
91056,2
91057,2
91058,2
91059,2
91060,2
91061,2
91062,2
91063,2
91064,2
91065,2
91066,2
91067,2
91068,2
91069,2
91070,2
91071,2
91072,2
91073,2
91074,2
91075,2
91076,2
91077,2
91078,2
91079,2
91080,2
91081,2
91082,2
91083,2
91084,2
91085,2
91086,2
91087,2
91088,2
91089,2
91090,2
91091,2
91092,2
91093,2
91094,2
91095,2
91096,2
91097,2
91098,2
91099,2
91100,2
91101,2
91102,2
91103,2
91104,2
91105,2
91106,2
91107,2
91108,2
91109,2
91110,2
91111,2
91112,2
91113,2
91114,2
91115,2
91116,2
91117,2
91118,2
91119,2
91120,2
91121,2
91122,2
91123,2
91124,2
91125,2
91126,2
91127,2
91128,2
91129,2
91130,2
91131,2
91132,2
91133,2
91134,2
91135,2
91136,2
91137,2
91138,2
91139,2
91140,2
91141,2
91142,2
91143,2
91144,2
91145,2
91146,2
91147,2
91148,2
91149,2
91150,2
91151,2
91152,2
91153,2
91154,2
91155,2
91156,2
91157,2
91158,2
91159,2
91160,2
91161,2
91162,2
91163,2
91164,2
91165,2
91166,2
91167,2
91168,2
91169,2
91170,2
91171,2
91172,2
91173,2
91174,2
91175,2
91176,2
91177,2
91178,2
91179,2
91180,2
91181,2
91182,2
91183,2
91184,2
91185,2
91186,2
91187,2
91188,2
91189,2
91190,2
91191,2
91192,2
91193,2
91194,2
91195,2
91196,2
91197,2
91198,2
91199,2
91200,2
91201,2
91202,2
91203,2
91204,2
91205,2
91206,2
91207,2
91208,2
91209,2
91210,2
91211,2
91212,2
91213,2
91214,2
91215,2
91216,2
91217,2
91218,2
91219,2
91220,2
91221,2
91222,2
91223,2
91224,2
91225,2
91226,2
91227,2
91228,2
91229,2
91230,2
91231,2
91232,2
91233,2
91234,2
91235,2
91236,2
91237,2
91238,2
91239,2
91240,2
91241,2
91242,2
91243,2
91244,2
91245,2
91246,2
91247,2
91248,2
91249,2
91250,2
91251,2
91252,2
91253,2
91254,2
91255,2
91256,2
91257,2
91258,2
91259,2
91260,2
91261,2
91262,2
91263,2
91264,2
91265,2
91266,2
91267,2
91268,2
91269,2
91270,2
91271,2
91272,2
91273,2
91274,2
91275,2
91276,2
91277,2
91278,2
91279,2
91280,2
91281,2
91282,2
91283,2
91284,2
91285,2
91286,2
91287,2
91288,2
91289,2
91290,2
91291,2
91292,2
91293,2
91294,2
91295,2
91296,2
91297,2
91298,2
91299,2
91300,2
91301,2
91302,2
91303,2
91304,2
91305,2
91306,2
91307,2
91308,2
91309,2
91310,2
91311,2
91312,3
91313,2
91314,3
91315,3
91316,3
91317,2
91318,2
91319,3
91320,3
91321,3
91322,3
91323,3
91324,2
91325,2
91326,2
91327,3
91328,2
91329,2
91330,2
91331,2
91332,2
91333,2
91334,2
91335,2
91336,3
91337,2
91338,2
91339,2
91340,2
91341,2
91342,3
91343,3
91344,2
91345,2
91346,2
91347,2
91348,2
91349,3
91350,2
91351,2
91352,2
91353,2
91354,2
91355,2
91356,2
91357,2
91358,2
91359,2
91360,2
91361,3
91362,2
91363,2
91364,2
91365,2
91366,2
91367,2
91368,2
91369,2
91370,2
91371,2
91372,2
91373,2
91374,3
91375,2
91376,3
91377,2
91378,2
91379,2
91380,2
91381,2
91382,0
91383,2
91384,2
91385,2
91386,2
91387,3
91388,3
91389,3
91390,3
91391,3
91392,2
91393,3
91394,2
91395,2
91396,2
91397,2
91398,2
91399,2
91400,2
91401,2
91402,2
91403,2
91404,2
91405,2
91406,2
91407,2
91408,2
91409,2
91410,2
91411,2
91412,2
91413,2
91414,2
91415,2
91416,2
91417,2
91418,2
91419,2
91420,2
91421,2
91422,2
91423,2
91424,2
91425,2
91426,2
91427,2
91428,2
91429,2
91430,2
91431,3
91432,2
91433,2
91434,2
91435,2
91436,2
91437,2
91438,2
91439,2
91440,2
91441,2
91442,2
91443,3
91444,2
91445,2
91446,3
91447,3
91448,2
91449,2
91450,2
91451,2
91452,2
91453,2
91454,2
91455,2
91456,2
91457,3
91458,2
91459,2
91460,2
91461,2
91462,2
91463,2
91464,2
91465,2
91466,2
91467,2
91468,2
91469,2
91470,2
91471,2
91472,2
91473,2
91474,2
91475,2
91476,2
91477,2
91478,2
91479,2
91480,2
91481,2
91482,2
91483,2
91484,2
91485,2
91486,2
91487,2
91488,2
91489,2
91490,2
91491,2
91492,2
91493,2
91494,2
91495,2
91496,2
91497,2
91498,2
91499,2
91500,2
91501,2
91502,2
91503,2
91504,2
91505,2
91506,2
91507,2
91508,2
91509,2
91510,2
91511,2
91512,2
91513,2
91514,2
91515,2
91516,2
91517,2
91518,3
91519,2
91520,2
91521,2
91522,2
91523,2
91524,2
91525,2
91526,2
91527,2
91528,2
91529,2
91530,2
91531,2
91532,2
91533,2
91534,2
91535,2
91536,2
91537,2
91538,2
91539,2
91540,2
91541,2
91542,2
91543,2
91544,2
91545,2
91546,2
91547,2
91548,2
91549,2
91550,2
91551,2
91552,2
91553,2
91554,2
91555,2
91556,2
91557,2
91558,2
91559,2
91560,2
91561,2
91562,2
91563,2
91564,2
91565,2
91566,2
91567,2
91568,2
91569,2
91570,2
91571,2
91572,2
91573,2
91574,2
91575,2
91576,2
91577,2
91578,2
91579,2
91580,2
91581,2
91582,2
91583,2
91584,2
91585,2
91586,2
91587,2
91588,2
91589,2
91590,2
91591,2
91592,2
91593,2
91594,2
91595,2
91596,2
91597,2
91598,2
91599,2
91600,2
91601,2
91602,2
91603,2
91604,2
91605,2
91606,2
91607,2
91608,2
91609,2
91610,2
91611,2
91612,2
91613,2
91614,2
91615,2
91616,2
91617,2
91618,2
91619,2
91620,2
91621,2
91622,2
91623,2
91624,2
91625,2
91626,2
91627,2
91628,2
91629,2
91630,2
91631,2
91632,2
91633,2
91634,2
91635,2
91636,2
91637,2
91638,2
91639,2
91640,2
91641,2
91642,2
91643,2
91644,2
91645,2
91646,2
91647,2
91648,2
91649,2
91650,2
91651,2
91652,2
91653,2
91654,2
91655,2
91656,2
91657,2
91658,2
91659,2
91660,2
91661,2
91662,2
91663,2
91664,2
91665,2
91666,2
91667,2
91668,2
91669,2
91670,2
91671,2
91672,2
91673,2
91674,2
91675,2
91676,2
91677,2
91678,2
91679,2
91680,2
91681,2
91682,2
91683,2
91684,2
91685,2
91686,2
91687,2
91688,2
91689,2
91690,2
91691,2
91692,2
91693,2
91694,2
91695,2
91696,2
91697,2
91698,2
91699,2
91700,2
91701,2
91702,2
91703,2
91704,2
91705,2
91706,2
91707,2
91708,2
91709,2
91710,2
91711,2
91712,2
91713,2
91714,2
91715,2
91716,2
91717,2
91718,2
91719,2
91720,2
91721,2
91722,2
91723,2
91724,2
91725,2
91726,2
91727,2
91728,2
91729,2
91730,2
91731,2
91732,2
91733,2
91734,2
91735,2
91736,2
91737,2
91738,2
91739,2
91740,2
91741,2
91742,2
91743,2
91744,2
91745,2
91746,2
91747,2
91748,2
91749,2
91750,2
91751,2
91752,2
91753,2
91754,2
91755,2
91756,2
91757,2
91758,2
91759,2
91760,2
91761,2
91762,2
91763,2
91764,2
91765,2
91766,2
91767,2
91768,2
91769,2
91770,2
91771,2
91772,2
91773,2
91774,2
91775,2
91776,2
91777,2
91778,2
91779,2
91780,2
91781,2
91782,2
91783,2
91784,2
91785,2
91786,2
91787,2
91788,2
91789,2
91790,2
91791,2
91792,2
91793,2
91794,2
91795,2
91796,2
91797,2
91798,2
91799,2
91800,2
91801,2
91802,2
91803,2
91804,2
91805,2
91806,2
91807,2
91808,2
91809,2
91810,2
91811,2
91812,2
91813,2
91814,2
91815,2
91816,2
91817,2
91818,2
91819,2
91820,2
91821,2
91822,2
91823,2
91824,2
91825,2
91826,2
91827,2
91828,2
91829,2
91830,2
91831,2
91832,2
91833,2
91834,2
91835,2
91836,2
91837,2
91838,2
91839,2
91840,2
91841,2
91842,2
91843,2
91844,2
91845,2
91846,2
91847,2
91848,2
91849,2
91850,2
91851,2
91852,2
91853,2
91854,2
91855,2
91856,2
91857,2
91858,2
91859,2
91860,2
91861,2
91862,2
91863,2
91864,2
91865,2
91866,2
91867,2
91868,2
91869,2
91870,2
91871,2
91872,2
91873,2
91874,2
91875,2
91876,2
91877,2
91878,2
91879,2
91880,2
91881,2
91882,2
91883,2
91884,2
91885,2
91886,2
91887,2
91888,2
91889,2
91890,2
91891,2
91892,2
91893,2
91894,2
91895,2
91896,2
91897,2
91898,2
91899,2
91900,2
91901,2
91902,2
91903,2
91904,2
91905,2
91906,2
91907,2
91908,2
91909,2
91910,2
91911,2
91912,2
91913,2
91914,2
91915,2
91916,2
91917,2
91918,2
91919,2
91920,2
91921,2
91922,2
91923,2
91924,2
91925,2
91926,2
91927,2
91928,2
91929,3
91930,2
91931,2
91932,2
91933,2
91934,2
91935,2
91936,2
91937,2
91938,2
91939,2
91940,2
91941,2
91942,2
91943,2
91944,2
91945,2
91946,2
91947,2
91948,2
91949,2
91950,2
91951,2
91952,2
91953,2
91954,2
91955,2
91956,2
91957,2
91958,2
91959,2
91960,2
91961,2
91962,2
91963,2
91964,2
91965,2
91966,2
91967,2
91968,2
91969,2
91970,2
91971,2
91972,2
91973,2
91974,2
91975,2
91976,2
91977,2
91978,2
91979,2
91980,2
91981,2
91982,2
91983,2
91984,2
91985,2
91986,2
91987,2
91988,2
91989,2
91990,2
91991,2
91992,2
91993,2
91994,2
91995,2
91996,2
91997,2
91998,2
91999,2
92000,2
92001,2
92002,2
92003,2
92004,2
92005,2
92006,2
92007,2
92008,2
92009,2
92010,2
92011,2
92012,2
92013,2
92014,2
92015,2
92016,2
92017,2
92018,2
92019,2
92020,2
92021,2
92022,2
92023,2
92024,2
92025,2
92026,2
92027,2
92028,2
92029,2
92030,2
92031,2
92032,2
92033,2
92034,2
92035,2
92036,2
92037,2
92038,2
92039,2
92040,2
92041,2
92042,2
92043,2
92044,2
92045,2
92046,2
92047,2
92048,2
92049,2
92050,2
92051,2
92052,2
92053,2
92054,2
92055,2
92056,2
92057,2
92058,2
92059,2
92060,2
92061,2
92062,2
92063,2
92064,2
92065,2
92066,2
92067,2
92068,2
92069,2
92070,2
92071,2
92072,2
92073,2
92074,2
92075,2
92076,2
92077,2
92078,2
92079,2
92080,2
92081,2
92082,2
92083,2
92084,2
92085,2
92086,2
92087,2
92088,2
92089,2
92090,2
92091,2
92092,2
92093,2
92094,2
92095,2
92096,2
92097,2
92098,2
92099,2
92100,2
92101,2
92102,2
92103,2
92104,2
92105,2
92106,2
92107,2
92108,2
92109,2
92110,2
92111,2
92112,2
92113,2
92114,2
92115,2
92116,2
92117,2
92118,2
92119,2
92120,2
92121,2
92122,2
92123,2
92124,2
92125,2
92126,2
92127,2
92128,2
92129,2
92130,2
92131,2
92132,2
92133,2
92134,2
92135,2
92136,2
92137,2
92138,2
92139,2
92140,2
92141,2
92142,2
92143,2
92144,2
92145,2
92146,2
92147,2
92148,2
92149,2
92150,2
92151,2
92152,2
92153,2
92154,2
92155,2
92156,2
92157,2
92158,2
92159,2
92160,2
92161,2
92162,2
92163,2
92164,2
92165,2
92166,2
92167,2
92168,2
92169,2
92170,2
92171,2
92172,2
92173,2
92174,2
92175,2
92176,2
92177,2
92178,2
92179,2
92180,3
92181,2
92182,2
92183,2
92184,2
92185,2
92186,2
92187,2
92188,2
92189,2
92190,2
92191,2
92192,2
92193,2
92194,2
92195,2
92196,2
92197,2
92198,2
92199,2
92200,2
92201,2
92202,2
92203,2
92204,2
92205,2
92206,2
92207,2
92208,2
92209,2
92210,2
92211,2
92212,2
92213,2
92214,2
92215,2
92216,2
92217,2
92218,2
92219,2
92220,2
92221,2
92222,2
92223,2
92224,2
92225,2
92226,2
92227,2
92228,2
92229,2
92230,2
92231,2
92232,2
92233,2
92234,2
92235,2
92236,2
92237,2
92238,2
92239,2
92240,2
92241,2
92242,2
92243,2
92244,2
92245,2
92246,2
92247,2
92248,2
92249,2
92250,2
92251,2
92252,2
92253,2
92254,2
92255,2
92256,2
92257,2
92258,2
92259,2
92260,2
92261,2
92262,2
92263,2
92264,2
92265,2
92266,2
92267,2
92268,2
92269,2
92270,2
92271,2
92272,2
92273,2
92274,2
92275,2
92276,2
92277,2
92278,2
92279,2
92280,2
92281,2
92282,2
92283,2
92284,2
92285,2
92286,2
92287,2
92288,2
92289,2
92290,2
92291,2
92292,2
92293,2
92294,3
92295,3
92296,3
92297,3
92298,0
92299,2
92300,2
92301,2
92302,2
92303,2
92304,2
92305,2
92306,2
92307,2
92308,2
92309,2
92310,2
92311,2
92312,2
92313,2
92314,2
92315,2
92316,2
92317,2
92318,2
92319,2
92320,2
92321,2
92322,2
92323,2
92324,2
92325,2
92326,2
92327,2
92328,2
92329,2
92330,2
92331,2
92332,2
92333,2
92334,2
92335,2
92336,2
92337,2
92338,2
92339,2
92340,2
92341,2
92342,2
92343,2
92344,2
92345,2
92346,2
92347,2
92348,2
92349,2
92350,2
92351,2
92352,2
92353,2
92354,2
92355,2
92356,2
92357,2
92358,2
92359,2
92360,2
92361,2
92362,2
92363,2
92364,2
92365,2
92366,2
92367,2
92368,2
92369,2
92370,2
92371,2
92372,2
92373,2
92374,2
92375,2
92376,2
92377,2
92378,2
92379,2
92380,2
92381,3
92382,2
92383,2
92384,2
92385,2
92386,2
92387,2
92388,2
92389,2
92390,3
92391,2
92392,2
92393,2
92394,2
92395,2
92396,2
92397,2
92398,2
92399,2
92400,2
92401,2
92402,2
92403,2
92404,2
92405,2
92406,2
92407,2
92408,2
92409,2
92410,2
92411,2
92412,3
92413,2
92414,2
92415,3
92416,2
92417,2
92418,2
92419,3
92420,3
92421,2
92422,2
92423,2
92424,2
92425,2
92426,2
92427,2
92428,2
92429,2
92430,2
92431,2
92432,2
92433,3
92434,2
92435,2
92436,2
92437,2
92438,2
92439,3
92440,2
92441,2
92442,2
92443,2
92444,2
92445,2
92446,2
92447,2
92448,2
92449,2
92450,2
92451,2
92452,3
92453,2
92454,2
92455,2
92456,2
92457,3
92458,2
92459,2
92460,2
92461,2
92462,3
92463,3
92464,2
92465,2
92466,2
92467,2
92468,2
92469,2
92470,2
92471,2
92472,2
92473,2
92474,2
92475,2
92476,2
92477,2
92478,2
92479,2
92480,2
92481,2
92482,2
92483,2
92484,2
92485,2
92486,2
92487,2
92488,2
92489,2
92490,2
92491,2
92492,2
92493,2
92494,2
92495,2
92496,2
92497,2
92498,2
92499,2
92500,2
92501,2
92502,2
92503,2
92504,2
92505,2
92506,2
92507,2
92508,2
92509,2
92510,2
92511,2
92512,3
92513,2
92514,2
92515,2
92516,3
92517,3
92518,3
92519,3
92520,3
92521,2
92522,2
92523,2
92524,2
92525,2
92526,2
92527,2
92528,2
92529,2
92530,2
92531,2
92532,2
92533,2
92534,2
92535,2
92536,3
92537,2
92538,2
92539,2
92540,3
92541,2
92542,2
92543,2
92544,2
92545,2
92546,2
92547,3
92548,2
92549,2
92550,2
92551,2
92552,2
92553,2
92554,2
92555,2
92556,2
92557,2
92558,2
92559,2
92560,2
92561,2
92562,2
92563,2
92564,2
92565,2
92566,2
92567,2
92568,2
92569,2
92570,2
92571,2
92572,2
92573,2
92574,2
92575,2
92576,2
92577,2
92578,2
92579,2
92580,2
92581,2
92582,2
92583,2
92584,2
92585,2
92586,2
92587,2
92588,2
92589,2
92590,2
92591,2
92592,2
92593,2
92594,3
92595,3
92596,3
92597,2
92598,2
92599,2
92600,2
92601,2
92602,2
92603,2
92604,2
92605,2
92606,2
92607,2
92608,2
92609,2
92610,2
92611,2
92612,2
92613,2
92614,3
92615,2
92616,2
92617,2
92618,2
92619,2
92620,2
92621,2
92622,2
92623,2
92624,2
92625,2
92626,2
92627,2
92628,2
92629,2
92630,2
92631,2
92632,2
92633,2
92634,2
92635,2
92636,2
92637,2
92638,2
92639,2
92640,2
92641,2
92642,2
92643,2
92644,2
92645,2
92646,2
92647,2
92648,2
92649,2
92650,2
92651,2
92652,2
92653,3
92654,2
92655,3
92656,3
92657,3
92658,3
92659,3
92660,3
92661,2
92662,3
92663,2
92664,2
92665,2
92666,2
92667,3
92668,2
92669,2
92670,2
92671,2
92672,2
92673,2
92674,3
92675,2
92676,3
92677,2
92678,2
92679,2
92680,2
92681,2
92682,2
92683,2
92684,2
92685,2
92686,2
92687,2
92688,2
92689,2
92690,2
92691,2
92692,2
92693,2
92694,2
92695,2
92696,2
92697,2
92698,2
92699,3
92700,3
92701,2
92702,2
92703,2
92704,2
92705,2
92706,2
92707,2
92708,2
92709,2
92710,2
92711,2
92712,2
92713,2
92714,2
92715,2
92716,2
92717,2
92718,2
92719,2
92720,2
92721,3
92722,2
92723,2
92724,2
92725,2
92726,2
92727,2
92728,2
92729,2
92730,2
92731,2
92732,2
92733,2
92734,2
92735,2
92736,2
92737,2
92738,2
92739,2
92740,2
92741,2
92742,2
92743,2
92744,2
92745,2
92746,2
92747,2
92748,2
92749,2
92750,2
92751,2
92752,2
92753,2
92754,2
92755,2
92756,2
92757,2
92758,2
92759,2
92760,2
92761,2
92762,2
92763,2
92764,2
92765,2
92766,2
92767,2
92768,2
92769,2
92770,2
92771,2
92772,2
92773,2
92774,2
92775,2
92776,2
92777,2
92778,2
92779,2
92780,2
92781,2
92782,2
92783,2
92784,2
92785,2
92786,2
92787,3
92788,2
92789,2
92790,2
92791,2
92792,2
92793,2
92794,2
92795,2
92796,2
92797,2
92798,2
92799,2
92800,2
92801,2
92802,2
92803,2
92804,2
92805,2
92806,2
92807,2
92808,2
92809,2
92810,2
92811,2
92812,2
92813,2
92814,2
92815,2
92816,2
92817,2
92818,2
92819,2
92820,2
92821,2
92822,2
92823,2
92824,2
92825,2
92826,2
92827,2
92828,2
92829,2
92830,2
92831,2
92832,2
92833,2
92834,2
92835,2
92836,2
92837,2
92838,2
92839,2
92840,2
92841,2
92842,2
92843,2
92844,2
92845,2
92846,2
92847,2
92848,2
92849,2
92850,2
92851,2
92852,2
92853,2
92854,2
92855,2
92856,2
92857,2
92858,3
92859,2
92860,2
92861,2
92862,2
92863,2
92864,2
92865,2
92866,2
92867,2
92868,2
92869,2
92870,2
92871,2
92872,2
92873,2
92874,2
92875,2
92876,2
92877,2
92878,2
92879,2
92880,2
92881,2
92882,2
92883,2
92884,2
92885,2
92886,2
92887,2
92888,2
92889,2
92890,2
92891,2
92892,2
92893,2
92894,2
92895,2
92896,2
92897,2
92898,2
92899,2
92900,2
92901,2
92902,2
92903,2
92904,2
92905,2
92906,2
92907,2
92908,2
92909,2
92910,2
92911,2
92912,2
92913,2
92914,2
92915,2
92916,2
92917,2
92918,2
92919,2
92920,2
92921,2
92922,2
92923,2
92924,2
92925,2
92926,2
92927,2
92928,2
92929,2
92930,2
92931,2
92932,2
92933,2
92934,2
92935,2
92936,2
92937,2
92938,2
92939,2
92940,2
92941,2
92942,2
92943,2
92944,2
92945,2
92946,2
92947,2
92948,2
92949,2
92950,2
92951,2
92952,2
92953,2
92954,2
92955,2
92956,2
92957,2
92958,2
92959,2
92960,2
92961,2
92962,2
92963,2
92964,2
92965,2
92966,2
92967,2
92968,2
92969,2
92970,2
92971,2
92972,2
92973,2
92974,2
92975,2
92976,2
92977,2
92978,2
92979,2
92980,2
92981,2
92982,2
92983,2
92984,2
92985,2
92986,2
92987,2
92988,2
92989,2
92990,2
92991,2
92992,2
92993,2
92994,2
92995,2
92996,2
92997,2
92998,2
92999,2
93000,2
93001,2
93002,2
93003,2
93004,2
93005,2
93006,2
93007,2
93008,2
93009,2
93010,2
93011,2
93012,2
93013,2
93014,2
93015,2
93016,2
93017,2
93018,2
93019,2
93020,2
93021,2
93022,2
93023,2
93024,2
93025,2
93026,2
93027,2
93028,2
93029,2
93030,2
93031,2
93032,2
93033,2
93034,2
93035,2
93036,2
93037,2
93038,2
93039,2
93040,2
93041,2
93042,2
93043,2
93044,2
93045,2
93046,2
93047,2
93048,2
93049,2
93050,2
93051,2
93052,2
93053,2
93054,2
93055,2
93056,2
93057,2
93058,2
93059,2
93060,2
93061,2
93062,2
93063,2
93064,2
93065,2
93066,2
93067,2
93068,2
93069,2
93070,2
93071,2
93072,2
93073,2
93074,2
93075,2
93076,2
93077,2
93078,2
93079,2
93080,2
93081,2
93082,2
93083,2
93084,2
93085,2
93086,2
93087,2
93088,2
93089,2
93090,2
93091,2
93092,2
93093,2
93094,2
93095,2
93096,2
93097,2
93098,2
93099,2
93100,2
93101,2
93102,2
93103,2
93104,2
93105,2
93106,2
93107,2
93108,2
93109,2
93110,2
93111,2
93112,2
93113,2
93114,2
93115,2
93116,2
93117,2
93118,2
93119,2
93120,2
93121,2
93122,2
93123,2
93124,2
93125,2
93126,2
93127,2
93128,2
93129,2
93130,2
93131,2
93132,2
93133,2
93134,2
93135,2
93136,2
93137,2
93138,2
93139,2
93140,2
93141,2
93142,2
93143,2
93144,2
93145,2
93146,2
93147,2
93148,2
93149,2
93150,2
93151,2
93152,2
93153,2
93154,2
93155,2
93156,2
93157,2
93158,2
93159,2
93160,2
93161,2
93162,2
93163,2
93164,2
93165,2
93166,2
93167,2
93168,2
93169,2
93170,2
93171,2
93172,2
93173,2
93174,2
93175,2
93176,2
93177,2
93178,2
93179,2
93180,2
93181,2
93182,2
93183,2
93184,2
93185,2
93186,2
93187,2
93188,2
93189,2
93190,2
93191,2
93192,2
93193,2
93194,2
93195,3
93196,2
93197,2
93198,2
93199,2
93200,2
93201,2
93202,2
93203,2
93204,2
93205,2
93206,2
93207,2
93208,2
93209,2
93210,2
93211,2
93212,2
93213,2
93214,2
93215,2
93216,2
93217,2
93218,2
93219,2
93220,2
93221,2
93222,2
93223,2
93224,2
93225,2
93226,2
93227,2
93228,2
93229,2
93230,2
93231,2
93232,2
93233,2
93234,2
93235,2
93236,2
93237,2
93238,2
93239,2
93240,2
93241,2
93242,2
93243,2
93244,2
93245,2
93246,2
93247,2
93248,2
93249,2
93250,2
93251,2
93252,2
93253,2
93254,2
93255,2
93256,2
93257,2
93258,2
93259,2
93260,2
93261,2
93262,2
93263,2
93264,2
93265,2
93266,2
93267,2
93268,3
93269,2
93270,2
93271,2
93272,2
93273,2
93274,2
93275,2
93276,2
93277,2
93278,2
93279,2
93280,2
93281,2
93282,2
93283,2
93284,2
93285,2
93286,2
93287,2
93288,2
93289,3
93290,2
93291,2
93292,2
93293,2
93294,2
93295,2
93296,2
93297,2
93298,2
93299,3
93300,2
93301,2
93302,2
93303,2
93304,2
93305,2
93306,2
93307,2
93308,2
93309,2
93310,2
93311,0
93312,0
93313,2
93314,2
93315,2
93316,2
93317,2
93318,2
93319,2
93320,2
93321,2
93322,2
93323,2
93324,2
93325,2
93326,2
93327,2
93328,2
93329,2
93330,2
93331,2
93332,2
93333,2
93334,2
93335,2
93336,2
93337,2
93338,2
93339,2
93340,2
93341,2
93342,2
93343,2
93344,2
93345,2
93346,2
93347,2
93348,2
93349,2
93350,2
93351,2
93352,2
93353,2
93354,3
93355,2
93356,2
93357,3
93358,2
93359,2
93360,2
93361,2
93362,2
93363,2
93364,2
93365,3
93366,2
93367,2
93368,2
93369,2
93370,2
93371,2
93372,2
93373,2
93374,2
93375,3
93376,3
93377,2
93378,2
93379,2
93380,2
93381,2
93382,2
93383,3
93384,3
93385,2
93386,2
93387,2
93388,2
93389,2
93390,2
93391,2
93392,2
93393,2
93394,2
93395,3
93396,2
93397,2
93398,2
93399,2
93400,2
93401,2
93402,2
93403,2
93404,2
93405,2
93406,2
93407,2
93408,2
93409,2
93410,2
93411,2
93412,2
93413,2
93414,2
93415,2
93416,2
93417,2
93418,2
93419,2
93420,2
93421,2
93422,2
93423,2
93424,2
93425,2
93426,2
93427,2
93428,2
93429,2
93430,2
93431,2
93432,2
93433,2
93434,2
93435,2
93436,2
93437,2
93438,2
93439,2
93440,2
93441,2
93442,2
93443,2
93444,2
93445,2
93446,2
93447,2
93448,2
93449,2
93450,2
93451,2
93452,2
93453,2
93454,2
93455,2
93456,2
93457,2
93458,2
93459,2
93460,3
93461,2
93462,2
93463,2
93464,2
93465,2
93466,2
93467,2
93468,2
93469,2
93470,2
93471,3
93472,2
93473,2
93474,2
93475,2
93476,3
93477,2
93478,2
93479,2
93480,2
93481,2
93482,2
93483,2
93484,2
93485,2
93486,2
93487,2
93488,3
93489,2
93490,2
93491,2
93492,2
93493,3
93494,2
93495,2
93496,2
93497,2
93498,2
93499,2
93500,2
93501,2
93502,2
93503,1
93504,3
93505,2
93506,3
93507,3
93508,3
93509,2
93510,2
93511,3
93512,3
93513,2
93514,2
93515,2
93516,2
93517,2
93518,2
93519,2
93520,2
93521,2
93522,2
93523,2
93524,2
93525,2
93526,2
93527,3
93528,2
93529,2
93530,3
93531,2
93532,2
93533,2
93534,2
93535,2
93536,2
93537,2
93538,2
93539,2
93540,2
93541,2
93542,2
93543,2
93544,2
93545,2
93546,2
93547,2
93548,3
93549,2
93550,2
93551,2
93552,3
93553,2
93554,2
93555,3
93556,2
93557,2
93558,2
93559,2
93560,3
93561,2
93562,2
93563,2
93564,2
93565,2
93566,2
93567,2
93568,2
93569,2
93570,2
93571,3
93572,3
93573,2
93574,2
93575,2
93576,3
93577,2
93578,2
93579,2
93580,2
93581,2
93582,2
93583,2
93584,2
93585,2
93586,2
93587,2
93588,2
93589,2
93590,2
93591,3
93592,2
93593,2
93594,2
93595,2
93596,2
93597,2
93598,2
93599,2
93600,2
93601,2
93602,2
93603,2
93604,2
93605,2
93606,2
93607,2
93608,2
93609,3
93610,3
93611,2
93612,2
93613,2
93614,2
93615,2
93616,2
93617,2
93618,2
93619,2
93620,2
93621,2
93622,3
93623,2
93624,2
93625,2
93626,2
93627,2
93628,2
93629,2
93630,2
93631,2
93632,2
93633,2
93634,2
93635,2
93636,2
93637,2
93638,2
93639,2
93640,2
93641,2
93642,2
93643,2
93644,2
93645,2
93646,2
93647,2
93648,2
93649,2
93650,2
93651,2
93652,2
93653,2
93654,2
93655,2
93656,2
93657,2
93658,2
93659,2
93660,2
93661,2
93662,2
93663,3
93664,2
93665,2
93666,2
93667,2
93668,2
93669,2
93670,2
93671,2
93672,2
93673,2
93674,2
93675,2
93676,2
93677,2
93678,2
93679,2
93680,2
93681,2
93682,2
93683,2
93684,2
93685,2
93686,2
93687,2
93688,2
93689,2
93690,2
93691,2
93692,2
93693,2
93694,2
93695,2
93696,2
93697,2
93698,2
93699,2
93700,2
93701,2
93702,2
93703,2
93704,2
93705,2
93706,2
93707,2
93708,2
93709,2
93710,2
93711,2
93712,2
93713,2
93714,2
93715,2
93716,2
93717,2
93718,2
93719,2
93720,2
93721,2
93722,2
93723,2
93724,2
93725,2
93726,2
93727,2
93728,2
93729,2
93730,2
93731,2
93732,2
93733,2
93734,2
93735,2
93736,2
93737,2
93738,2
93739,2
93740,2
93741,2
93742,2
93743,2
93744,2
93745,2
93746,2
93747,2
93748,2
93749,2
93750,2
93751,2
93752,2
93753,2
93754,2
93755,2
93756,2
93757,2
93758,2
93759,2
93760,2
93761,2
93762,2
93763,2
93764,2
93765,2
93766,2
93767,2
93768,2
93769,2
93770,2
93771,2
93772,2
93773,2
93774,2
93775,2
93776,2
93777,2
93778,2
93779,2
93780,2
93781,2
93782,2
93783,2
93784,2
93785,2
93786,2
93787,2
93788,2
93789,2
93790,2
93791,2
93792,2
93793,2
93794,2
93795,2
93796,2
93797,2
93798,2
93799,2
93800,2
93801,2
93802,2
93803,2
93804,2
93805,2
93806,2
93807,2
93808,2
93809,2
93810,2
93811,2
93812,2
93813,2
93814,2
93815,2
93816,2
93817,2
93818,2
93819,2
93820,2
93821,2
93822,2
93823,2
93824,2
93825,2
93826,2
93827,2
93828,2
93829,2
93830,2
93831,2
93832,2
93833,2
93834,2
93835,2
93836,2
93837,2
93838,2
93839,2
93840,2
93841,2
93842,2
93843,2
93844,2
93845,2
93846,2
93847,2
93848,2
93849,2
93850,2
93851,2
93852,2
93853,2
93854,2
93855,2
93856,2
93857,2
93858,2
93859,2
93860,2
93861,2
93862,2
93863,2
93864,2
93865,2
93866,2
93867,3
93868,2
93869,2
93870,2
93871,2
93872,2
93873,2
93874,2
93875,2
93876,2
93877,2
93878,2
93879,2
93880,2
93881,2
93882,2
93883,2
93884,2
93885,2
93886,2
93887,2
93888,2
93889,2
93890,2
93891,2
93892,2
93893,2
93894,2
93895,2
93896,2
93897,2
93898,2
93899,2
93900,2
93901,2
93902,2
93903,2
93904,2
93905,2
93906,2
93907,2
93908,2
93909,2
93910,2
93911,2
93912,2
93913,2
93914,2
93915,2
93916,2
93917,2
93918,2
93919,2
93920,2
93921,2
93922,2
93923,2
93924,2
93925,2
93926,2
93927,2
93928,2
93929,2
93930,2
93931,2
93932,2
93933,2
93934,2
93935,2
93936,2
93937,2
93938,2
93939,2
93940,2
93941,2
93942,2
93943,2
93944,2
93945,2
93946,2
93947,2
93948,2
93949,2
93950,2
93951,2
93952,2
93953,2
93954,2
93955,2
93956,2
93957,2
93958,2
93959,2
93960,2
93961,2
93962,2
93963,2
93964,2
93965,2
93966,2
93967,2
93968,2
93969,2
93970,2
93971,2
93972,2
93973,2
93974,2
93975,2
93976,2
93977,2
93978,2
93979,2
93980,2
93981,2
93982,2
93983,2
93984,2
93985,2
93986,2
93987,2
93988,2
93989,2
93990,2
93991,2
93992,2
93993,2
93994,2
93995,2
93996,2
93997,2
93998,2
93999,2
94000,2
94001,2
94002,2
94003,2
94004,2
94005,2
94006,2
94007,2
94008,2
94009,2
94010,2
94011,2
94012,2
94013,2
94014,2
94015,2
94016,2
94017,2
94018,2
94019,2
94020,2
94021,2
94022,2
94023,2
94024,2
94025,2
94026,2
94027,2
94028,2
94029,2
94030,2
94031,2
94032,2
94033,2
94034,2
94035,2
94036,2
94037,2
94038,2
94039,2
94040,2
94041,2
94042,2
94043,2
94044,2
94045,2
94046,2
94047,2
94048,2
94049,2
94050,2
94051,2
94052,2
94053,2
94054,2
94055,2
94056,2
94057,2
94058,2
94059,2
94060,2
94061,2
94062,2
94063,2
94064,2
94065,2
94066,2
94067,2
94068,2
94069,2
94070,2
94071,2
94072,2
94073,2
94074,2
94075,2
94076,2
94077,2
94078,2
94079,2
94080,2
94081,2
94082,2
94083,2
94084,2
94085,2
94086,2
94087,2
94088,2
94089,2
94090,2
94091,2
94092,2
94093,2
94094,2
94095,2
94096,2
94097,2
94098,2
94099,2
94100,2
94101,2
94102,2
94103,2
94104,2
94105,2
94106,2
94107,2
94108,2
94109,2
94110,2
94111,2
94112,2
94113,2
94114,2
94115,2
94116,2
94117,2
94118,2
94119,3
94120,2
94121,2
94122,2
94123,2
94124,2
94125,2
94126,2
94127,2
94128,2
94129,2
94130,2
94131,2
94132,2
94133,2
94134,2
94135,2
94136,2
94137,2
94138,2
94139,2
94140,2
94141,2
94142,2
94143,2
94144,2
94145,2
94146,2
94147,2
94148,2
94149,2
94150,2
94151,2
94152,2
94153,2
94154,2
94155,2
94156,2
94157,2
94158,2
94159,2
94160,2
94161,2
94162,2
94163,2
94164,2
94165,2
94166,2
94167,2
94168,2
94169,2
94170,2
94171,2
94172,2
94173,2
94174,2
94175,2
94176,2
94177,2
94178,2
94179,2
94180,2
94181,2
94182,2
94183,2
94184,2
94185,2
94186,2
94187,2
94188,2
94189,2
94190,2
94191,2
94192,2
94193,2
94194,2
94195,2
94196,2
94197,2
94198,2
94199,2
94200,2
94201,2
94202,2
94203,2
94204,2
94205,2
94206,2
94207,2
94208,2
94209,2
94210,2
94211,2
94212,2
94213,2
94214,2
94215,2
94216,2
94217,2
94218,2
94219,2
94220,2
94221,2
94222,2
94223,2
94224,2
94225,2
94226,2
94227,2
94228,2
94229,2
94230,2
94231,2
94232,2
94233,2
94234,2
94235,2
94236,2
94237,2
94238,2
94239,2
94240,2
94241,2
94242,2
94243,2
94244,2
94245,2
94246,2
94247,2
94248,2
94249,2
94250,2
94251,2
94252,2
94253,2
94254,2
94255,2
94256,2
94257,2
94258,2
94259,2
94260,2
94261,2
94262,2
94263,2
94264,2
94265,2
94266,2
94267,2
94268,2
94269,2
94270,2
94271,2
94272,2
94273,2
94274,2
94275,2
94276,2
94277,2
94278,2
94279,2
94280,2
94281,2
94282,3
94283,3
94284,2
94285,2
94286,2
94287,2
94288,2
94289,2
94290,2
94291,2
94292,2
94293,2
94294,2
94295,2
94296,2
94297,2
94298,2
94299,2
94300,2
94301,2
94302,2
94303,2
94304,2
94305,2
94306,2
94307,2
94308,2
94309,2
94310,2
94311,2
94312,2
94313,2
94314,2
94315,2
94316,2
94317,2
94318,3
94319,2
94320,2
94321,2
94322,2
94323,2
94324,2
94325,2
94326,0
94327,2
94328,2
94329,2
94330,2
94331,2
94332,2
94333,2
94334,2
94335,2
94336,2
94337,2
94338,2
94339,2
94340,2
94341,2
94342,2
94343,2
94344,2
94345,2
94346,2
94347,2
94348,2
94349,2
94350,2
94351,3
94352,2
94353,2
94354,2
94355,2
94356,2
94357,2
94358,2
94359,2
94360,2
94361,3
94362,1
94363,1
94364,3
94365,3
94366,3
94367,3
94368,3
94369,2
94370,3
94371,2
94372,3
94373,2
94374,2
94375,2
94376,2
94377,2
94378,2
94379,2
94380,2
94381,2
94382,2
94383,2
94384,2
94385,2
94386,2
94387,2
94388,2
94389,2
94390,2
94391,2
94392,2
94393,2
94394,2
94395,2
94396,2
94397,2
94398,2
94399,2
94400,2
94401,2
94402,2
94403,2
94404,2
94405,2
94406,2
94407,2
94408,2
94409,2
94410,2
94411,2
94412,2
94413,2
94414,2
94415,2
94416,2
94417,2
94418,2
94419,2
94420,2
94421,2
94422,2
94423,2
94424,2
94425,2
94426,2
94427,2
94428,2
94429,2
94430,2
94431,2
94432,2
94433,2
94434,2
94435,2
94436,2
94437,2
94438,2
94439,2
94440,2
94441,2
94442,2
94443,2
94444,2
94445,2
94446,2
94447,2
94448,2
94449,2
94450,2
94451,2
94452,2
94453,2
94454,2
94455,2
94456,2
94457,2
94458,2
94459,2
94460,2
94461,2
94462,2
94463,2
94464,2
94465,2
94466,2
94467,2
94468,2
94469,2
94470,2
94471,2
94472,2
94473,2
94474,2
94475,2
94476,2
94477,2
94478,2
94479,2
94480,2
94481,2
94482,2
94483,2
94484,2
94485,2
94486,2
94487,2
94488,2
94489,2
94490,2
94491,2
94492,2
94493,2
94494,2
94495,2
94496,2
94497,2
94498,2
94499,2
94500,2
94501,2
94502,2
94503,2
94504,2
94505,2
94506,2
94507,2
94508,2
94509,2
94510,2
94511,2
94512,2
94513,2
94514,2
94515,2
94516,2
94517,2
94518,2
94519,2
94520,2
94521,2
94522,2
94523,2
94524,2
94525,2
94526,2
94527,2
94528,2
94529,2
94530,2
94531,2
94532,2
94533,2
94534,2
94535,2
94536,2
94537,2
94538,2
94539,2
94540,2
94541,2
94542,2
94543,3
94544,2
94545,2
94546,2
94547,2
94548,2
94549,2
94550,2
94551,2
94552,2
94553,2
94554,2
94555,2
94556,2
94557,2
94558,2
94559,2
94560,2
94561,2
94562,2
94563,2
94564,2
94565,2
94566,2
94567,2
94568,2
94569,2
94570,2
94571,2
94572,2
94573,2
94574,2
94575,2
94576,2
94577,2
94578,2
94579,2
94580,2
94581,2
94582,2
94583,2
94584,2
94585,2
94586,2
94587,2
94588,2
94589,2
94590,2
94591,2
94592,2
94593,2
94594,2
94595,2
94596,2
94597,2
94598,2
94599,2
94600,2
94601,2
94602,2
94603,2
94604,2
94605,2
94606,2
94607,2
94608,2
94609,2
94610,2
94611,2
94612,2
94613,2
94614,2
94615,2
94616,2
94617,2
94618,2
94619,2
94620,2
94621,2
94622,2
94623,2
94624,2
94625,2
94626,2
94627,2
94628,2
94629,2
94630,2
94631,2
94632,2
94633,2
94634,2
94635,2
94636,2
94637,2
94638,2
94639,2
94640,2
94641,2
94642,2
94643,2
94644,2
94645,2
94646,2
94647,2
94648,2
94649,2
94650,2
94651,2
94652,2
94653,2
94654,2
94655,2
94656,2
94657,2
94658,2
94659,2
94660,2
94661,2
94662,2
94663,2
94664,2
94665,2
94666,2
94667,2
94668,2
94669,2
94670,2
94671,2
94672,2
94673,2
94674,2
94675,2
94676,2
94677,2
94678,2
94679,2
94680,2
94681,2
94682,2
94683,2
94684,2
94685,2
94686,2
94687,2
94688,2
94689,2
94690,2
94691,2
94692,2
94693,2
94694,2
94695,2
94696,2
94697,2
94698,2
94699,2
94700,2
94701,2
94702,2
94703,2
94704,2
94705,2
94706,2
94707,2
94708,2
94709,2
94710,2
94711,2
94712,2
94713,2
94714,2
94715,2
94716,2
94717,2
94718,2
94719,2
94720,2
94721,2
94722,2
94723,2
94724,2
94725,2
94726,2
94727,2
94728,2
94729,2
94730,2
94731,3
94732,2
94733,2
94734,2
94735,2
94736,2
94737,2
94738,2
94739,2
94740,2
94741,2
94742,2
94743,2
94744,2
94745,2
94746,2
94747,2
94748,2
94749,2
94750,2
94751,2
94752,2
94753,2
94754,2
94755,2
94756,2
94757,2
94758,2
94759,2
94760,2
94761,2
94762,2
94763,2
94764,2
94765,2
94766,2
94767,2
94768,2
94769,2
94770,2
94771,2
94772,2
94773,2
94774,2
94775,2
94776,2
94777,2
94778,2
94779,2
94780,2
94781,2
94782,2
94783,2
94784,2
94785,2
94786,2
94787,2
94788,2
94789,2
94790,2
94791,2
94792,2
94793,2
94794,2
94795,2
94796,2
94797,2
94798,2
94799,2
94800,2
94801,2
94802,2
94803,2
94804,2
94805,2
94806,2
94807,2
94808,2
94809,2
94810,2
94811,2
94812,2
94813,2
94814,2
94815,2
94816,2
94817,2
94818,2
94819,2
94820,2
94821,2
94822,2
94823,2
94824,2
94825,2
94826,2
94827,2
94828,3
94829,2
94830,2
94831,2
94832,2
94833,2
94834,2
94835,2
94836,2
94837,2
94838,2
94839,2
94840,2
94841,2
94842,2
94843,2
94844,2
94845,2
94846,2
94847,2
94848,2
94849,2
94850,2
94851,2
94852,2
94853,2
94854,3
94855,2
94856,2
94857,2
94858,2
94859,2
94860,2
94861,2
94862,2
94863,2
94864,3
94865,2
94866,2
94867,2
94868,2
94869,2
94870,2
94871,2
94872,2
94873,2
94874,2
94875,2
94876,2
94877,2
94878,2
94879,2
94880,2
94881,2
94882,2
94883,2
94884,2
94885,2
94886,2
94887,2
94888,2
94889,2
94890,2
94891,2
94892,2
94893,2
94894,2
94895,2
94896,2
94897,2
94898,3
94899,3
94900,3
94901,2
94902,2
94903,3
94904,2
94905,2
94906,2
94907,2
94908,2
94909,2
94910,2
94911,2
94912,2
94913,2
94914,2
94915,2
94916,2
94917,2
94918,2
94919,2
94920,2
94921,2
94922,3
94923,3
94924,3
94925,3
94926,2
94927,2
94928,3
94929,2
94930,2
94931,2
94932,2
94933,2
94934,3
94935,3
94936,2
94937,2
94938,2
94939,3
94940,2
94941,2
94942,2
94943,2
94944,2
94945,2
94946,2
94947,2
94948,2
94949,2
94950,3
94951,3
94952,2
94953,3
94954,3
94955,3
94956,3
94957,3
94958,3
94959,3
94960,3
94961,2
94962,2
94963,1
94964,3
94965,2
94966,3
94967,2
94968,3
94969,3
94970,3
94971,3
94972,3
94973,3
94974,3
94975,2
94976,2
94977,2
94978,2
94979,2
94980,2
94981,2
94982,2
94983,2
94984,2
94985,2
94986,2
94987,2
94988,3
94989,2
94990,2
94991,2
94992,2
94993,2
94994,2
94995,2
94996,2
94997,2
94998,2
94999,2
95000,2
95001,2
95002,2
95003,2
95004,2
95005,2
95006,2
95007,2
95008,2
95009,2
95010,2
95011,2
95012,2
95013,2
95014,2
95015,2
95016,2
95017,2
95018,2
95019,2
95020,2
95021,2
95022,2
95023,2
95024,2
95025,2
95026,2
95027,2
95028,2
95029,2
95030,2
95031,2
95032,2
95033,2
95034,3
95035,2
95036,3
95037,2
95038,3
95039,2
95040,2
95041,2
95042,2
95043,2
95044,2
95045,2
95046,2
95047,2
95048,2
95049,2
95050,2
95051,2
95052,2
95053,2
95054,2
95055,2
95056,2
95057,2
95058,2
95059,2
95060,2
95061,2
95062,2
95063,2
95064,2
95065,2
95066,2
95067,2
95068,2
95069,2
95070,2
95071,2
95072,2
95073,2
95074,2
95075,2
95076,2
95077,2
95078,2
95079,2
95080,2
95081,2
95082,2
95083,2
95084,2
95085,2
95086,2
95087,2
95088,2
95089,2
95090,2
95091,2
95092,2
95093,2
95094,2
95095,2
95096,2
95097,2
95098,2
95099,2
95100,2
95101,2
95102,2
95103,2
95104,2
95105,2
95106,2
95107,2
95108,2
95109,2
95110,2
95111,2
95112,2
95113,2
95114,2
95115,2
95116,2
95117,2
95118,3
95119,2
95120,2
95121,2
95122,2
95123,2
95124,2
95125,2
95126,2
95127,2
95128,2
95129,2
95130,2
95131,2
95132,2
95133,2
95134,2
95135,2
95136,2
95137,2
95138,2
95139,2
95140,2
95141,2
95142,2
95143,2
95144,2
95145,2
95146,2
95147,2
95148,2
95149,2
95150,2
95151,2
95152,2
95153,2
95154,2
95155,2
95156,2
95157,2
95158,2
95159,2
95160,2
95161,2
95162,2
95163,2
95164,2
95165,2
95166,2
95167,2
95168,2
95169,2
95170,2
95171,2
95172,2
95173,2
95174,2
95175,2
95176,2
95177,2
95178,2
95179,2
95180,2
95181,2
95182,2
95183,2
95184,2
95185,2
95186,2
95187,2
95188,2
95189,2
95190,2
95191,2
95192,2
95193,2
95194,2
95195,2
95196,2
95197,2
95198,2
95199,2
95200,2
95201,2
95202,2
95203,2
95204,2
95205,2
95206,2
95207,2
95208,2
95209,2
95210,2
95211,2
95212,2
95213,2
95214,2
95215,2
95216,2
95217,2
95218,2
95219,2
95220,2
95221,2
95222,2
95223,2
95224,2
95225,2
95226,2
95227,2
95228,2
95229,2
95230,2
95231,2
95232,2
95233,2
95234,2
95235,2
95236,2
95237,2
95238,2
95239,2
95240,2
95241,2
95242,2
95243,2
95244,2
95245,2
95246,2
95247,2
95248,2
95249,2
95250,2
95251,2
95252,2
95253,2
95254,2
95255,2
95256,2
95257,2
95258,2
95259,2
95260,2
95261,2
95262,2
95263,2
95264,2
95265,2
95266,2
95267,2
95268,2
95269,2
95270,2
95271,2
95272,2
95273,2
95274,2
95275,2
95276,2
95277,2
95278,2
95279,2
95280,2
95281,2
95282,2
95283,2
95284,2
95285,2
95286,2
95287,2
95288,2
95289,2
95290,2
95291,2
95292,2
95293,2
95294,2
95295,2
95296,2
95297,2
95298,2
95299,2
95300,2
95301,2
95302,2
95303,3
95304,2
95305,2
95306,2
95307,2
95308,2
95309,2
95310,2
95311,2
95312,2
95313,2
95314,2
95315,2
95316,2
95317,2
95318,2
95319,2
95320,2
95321,2
95322,2
95323,2
95324,2
95325,2
95326,2
95327,2
95328,2
95329,2
95330,2
95331,2
95332,2
95333,2
95334,2
95335,2
95336,2
95337,2
95338,2
95339,2
95340,2
95341,2
95342,2
95343,2
95344,2
95345,2
95346,2
95347,2
95348,2
95349,2
95350,2
95351,2
95352,2
95353,2
95354,2
95355,2
95356,2
95357,2
95358,2
95359,2
95360,2
95361,2
95362,2
95363,2
95364,2
95365,2
95366,2
95367,2
95368,2
95369,2
95370,2
95371,2
95372,2
95373,2
95374,2
95375,2
95376,2
95377,2
95378,2
95379,2
95380,2
95381,2
95382,2
95383,2
95384,2
95385,2
95386,2
95387,2
95388,2
95389,2
95390,2
95391,2
95392,2
95393,2
95394,2
95395,2
95396,2
95397,2
95398,2
95399,2
95400,2
95401,2
95402,2
95403,2
95404,2
95405,2
95406,2
95407,2
95408,2
95409,2
95410,2
95411,2
95412,2
95413,2
95414,2
95415,2
95416,2
95417,2
95418,2
95419,2
95420,2
95421,2
95422,2
95423,2
95424,2
95425,2
95426,2
95427,2
95428,2
95429,2
95430,2
95431,2
95432,2
95433,2
95434,2
95435,2
95436,2
95437,2
95438,2
95439,2
95440,2
95441,2
95442,2
95443,2
95444,2
95445,2
95446,2
95447,2
95448,2
95449,2
95450,2
95451,2
95452,2
95453,2
95454,2
95455,2
95456,2
95457,2
95458,2
95459,2
95460,2
95461,2
95462,2
95463,2
95464,2
95465,2
95466,2
95467,2
95468,2
95469,2
95470,2
95471,2
95472,2
95473,1
95474,3
95475,2
95476,3
95477,3
95478,3
95479,1
95480,3
95481,3
95482,3
95483,3
95484,3
95485,3
95486,2
95487,3
95488,3
95489,3
95490,3
95491,3
95492,3
95493,3
95494,1
95495,3
95496,3
95497,3
95498,3
95499,0
95500,2
95501,2
95502,2
95503,2
95504,2
95505,2
95506,2
95507,2
95508,3
95509,3
95510,3
95511,3
95512,3
95513,3
95514,3
95515,3
95516,3
95517,3
95518,3
95519,3
95520,3
95521,3
95522,3
95523,3
95524,3
95525,3
95526,2
95527,3
95528,3
95529,3
95530,3
95531,2
95532,2
95533,2
95534,3
95535,2
95536,2
95537,3
95538,3
95539,3
95540,3
95541,2
95542,2
95543,3
95544,2
95545,2
95546,3
95547,3
95548,3
95549,2
95550,2
95551,2
95552,2
95553,2
95554,3
95555,2
95556,2
95557,2
95558,2
95559,2
95560,2
95561,2
95562,3
95563,2
95564,2
95565,3
95566,3
95567,3
95568,3
95569,2
95570,2
95571,3
95572,0
95573,0
95574,3
95575,3
95576,3
95577,3
95578,0
95579,3
95580,2
95581,2
95582,2
95583,2
95584,2
95585,2
95586,2
95587,2
95588,2
95589,2
95590,3
95591,2
95592,3
95593,3
95594,2
95595,3
95596,3
95597,3
95598,2
95599,2
95600,2
95601,2
95602,3
95603,2
95604,3
95605,3
95606,3
95607,3
95608,3
95609,3
95610,3
95611,1
95612,3
95613,2
95614,2
95615,2
95616,2
95617,3
95618,3
95619,2
95620,1
95621,1
95622,2
95623,3
95624,3
95625,1
95626,1
95627,3
95628,1
95629,2
95630,2
95631,2
95632,2
95633,2
95634,3
95635,2
95636,2
95637,3
95638,3
95639,2
95640,2
95641,2
95642,2
95643,2
95644,3
95645,3
95646,3
95647,2
95648,3
95649,1
95650,1
95651,3
95652,3
95653,3
95654,3
95655,3
95656,3
95657,0
95658,2
95659,3
95660,3
95661,3
95662,3
95663,3
95664,3
95665,3
95666,3
95667,3
95668,3
95669,3
95670,3
95671,3
95672,2
95673,2
95674,2
95675,3
95676,3
95677,3
95678,1
95679,3
95680,2
95681,3
95682,3
95683,3
95684,2
95685,2
95686,2
95687,2
95688,2
95689,1
95690,1
95691,1
95692,1
95693,1
95694,1
95695,1
95696,1
95697,3
95698,3
95699,3
95700,3
95701,3
95702,3
95703,3
95704,3
95705,3
95706,3
95707,3
95708,2
95709,3
95710,3
95711,2
95712,2
95713,3
95714,3
95715,3
95716,3
95717,3
95718,2
95719,3
95720,3
95721,3
95722,3
95723,3
95724,3
95725,2
95726,3
95727,2
95728,2
95729,3
95730,3
95731,3
95732,3
95733,3
95734,2
95735,3
95736,2
95737,2
95738,3
95739,0
95740,2
95741,2
95742,3
95743,3
95744,2
95745,3
95746,2
95747,3
95748,0
95749,0
95750,2
95751,2
95752,3
95753,3
95754,3
95755,3
95756,3
95757,3
95758,3
95759,3
95760,3
95761,2
95762,2
95763,3
95764,3
95765,3
95766,0
95767,3
95768,2
95769,3
95770,2
95771,0
95772,2
95773,2
95774,0
95775,0
95776,2
95777,3
95778,2
95779,3
95780,3
95781,3
95782,3
95783,2
95784,3
95785,3
95786,3
95787,3
95788,3
95789,0
95790,2
95791,2
95792,3
95793,2
95794,2
95795,3
95796,3
95797,3
95798,3
95799,3
95800,3
95801,3
95802,3
95803,2
95804,3
95805,3
95806,2
95807,2
95808,3
95809,2
95810,2
95811,2
95812,3
95813,3
95814,2
95815,2
95816,2
95817,3
95818,3
95819,2
95820,0
95821,3
95822,2
95823,3
95824,3
95825,3
95826,3
95827,2
95828,2
95829,2
95830,2
95831,2
95832,3
95833,3
95834,3
95835,2
95836,2
95837,2
95838,0
95839,2
95840,0
95841,0
95842,0
95843,2
95844,3
95845,3
95846,0
95847,3
95848,2
95849,3
95850,3
95851,3
95852,3
95853,3
95854,2
95855,2
95856,2
95857,2
95858,2
95859,3
95860,0
95861,3
95862,3
95863,3
95864,0
95865,3
95866,3
95867,3
95868,1
95869,1
95870,1
95871,3
95872,3
95873,3
95874,3
95875,1
95876,1
95877,2
95878,3
95879,3
95880,3
95881,3
95882,3
95883,3
95884,3
95885,3
95886,3
95887,3
95888,3
95889,3
95890,3
95891,3
95892,2
95893,3
95894,3
95895,2
95896,2
95897,3
95898,3
95899,3
95900,2
95901,2
95902,2
95903,3
95904,2
95905,2
95906,3
95907,2
95908,2
95909,3
95910,2
95911,3
95912,3
95913,2
95914,3
95915,3
95916,3
95917,3
95918,3
95919,3
95920,2
95921,2
95922,3
95923,3
95924,2
95925,2
95926,3
95927,3
95928,2
95929,2
95930,2
95931,3
95932,3
95933,2
95934,2
95935,3
95936,2
95937,2
95938,2
95939,3
95940,2
95941,2
95942,3
95943,3
95944,2
95945,2
95946,2
95947,2
95948,2
95949,2
95950,2
95951,2
95952,2
95953,2
95954,2
95955,2
95956,2
95957,2
95958,2
95959,3
95960,3
95961,3
95962,2
95963,3
95964,2
95965,2
95966,2
95967,2
95968,3
95969,3
95970,2
95971,3
95972,3
95973,3
95974,3
95975,3
95976,3
95977,2
95978,3
95979,3
95980,3
95981,2
95982,3
95983,3
95984,2
95985,3
95986,3
95987,3
95988,3
95989,2
95990,3
95991,2
95992,3
95993,2
95994,2
95995,2
95996,3
95997,3
95998,3
95999,2
96000,3
96001,2
96002,2
96003,3
96004,3
96005,3
96006,3
96007,3
96008,3
96009,3
96010,3
96011,3
96012,3
96013,2
96014,3
96015,3
96016,3
96017,3
96018,2
96019,2
96020,2
96021,2
96022,2
96023,2
96024,3
96025,2
96026,2
96027,2
96028,3
96029,3
96030,3
96031,2
96032,2
96033,3
96034,2
96035,3
96036,3
96037,3
96038,3
96039,3
96040,3
96041,3
96042,3
96043,3
96044,3
96045,3
96046,3
96047,3
96048,3
96049,3
96050,3
96051,3
96052,2
96053,2
96054,2
96055,2
96056,3
96057,2
96058,2
96059,2
96060,2
96061,2
96062,3
96063,2
96064,2
96065,3
96066,3
96067,2
96068,2
96069,3
96070,2
96071,3
96072,2
96073,3
96074,2
96075,2
96076,2
96077,2
96078,2
96079,2
96080,2
96081,3
96082,2
96083,3
96084,3
96085,3
96086,3
96087,3
96088,2
96089,3
96090,3
96091,3
96092,3
96093,2
96094,3
96095,3
96096,3
96097,2
96098,3
96099,2
96100,2
96101,3
96102,2
96103,2
96104,2
96105,3
96106,3
96107,3
96108,3
96109,2
96110,2
96111,2
96112,2
96113,2
96114,2
96115,3
96116,3
96117,2
96118,2
96119,2
96120,2
96121,3
96122,3
96123,2
96124,3
96125,3
96126,3
96127,3
96128,2
96129,2
96130,3
96131,3
96132,3
96133,2
96134,2
96135,2
96136,3
96137,3
96138,3
96139,3
96140,3
96141,3
96142,3
96143,3
96144,2
96145,3
96146,3
96147,3
96148,2
96149,2
96150,2
96151,2
96152,2
96153,3
96154,3
96155,3
96156,2
96157,2
96158,2
96159,2
96160,3
96161,2
96162,2
96163,2
96164,2
96165,2
96166,3
96167,3
96168,3
96169,3
96170,2
96171,2
96172,3
96173,2
96174,2
96175,3
96176,3
96177,3
96178,3
96179,2
96180,2
96181,3
96182,2
96183,3
96184,2
96185,3
96186,3
96187,3
96188,3
96189,2
96190,3
96191,3
96192,3
96193,2
96194,3
96195,3
96196,3
96197,3
96198,2
96199,2
96200,2
96201,2
96202,2
96203,2
96204,3
96205,3
96206,2
96207,2
96208,3
96209,3
96210,3
96211,3
96212,2
96213,3
96214,1
96215,3
96216,3
96217,2
96218,3
96219,3
96220,3
96221,3
96222,3
96223,3
96224,3
96225,3
96226,3
96227,2
96228,3
96229,3
96230,2
96231,2
96232,2
96233,2
96234,3
96235,2
96236,3
96237,2
96238,2
96239,2
96240,3
96241,3
96242,3
96243,3
96244,3
96245,2
96246,3
96247,2
96248,3
96249,3
96250,3
96251,3
96252,2
96253,3
96254,3
96255,3
96256,3
96257,2
96258,3
96259,3
96260,3
96261,3
96262,3
96263,2
96264,2
96265,3
96266,3
96267,3
96268,2
96269,3
96270,3
96271,3
96272,3
96273,3
96274,3
96275,3
96276,3
96277,3
96278,3
96279,3
96280,3
96281,2
96282,2
96283,2
96284,3
96285,2
96286,2
96287,2
96288,2
96289,2
96290,2
96291,2
96292,2
96293,2
96294,2
96295,2
96296,2
96297,2
96298,2
96299,2
96300,2
96301,3
96302,2
96303,3
96304,3
96305,3
96306,3
96307,3
96308,3
96309,3
96310,3
96311,3
96312,3
96313,3
96314,3
96315,3
96316,3
96317,3
96318,3
96319,2
96320,3
96321,3
96322,3
96323,3
96324,3
96325,2
96326,3
96327,3
96328,2
96329,2
96330,2
96331,3
96332,2
96333,3
96334,3
96335,3
96336,3
96337,3
96338,3
96339,3
96340,3
96341,3
96342,3
96343,2
96344,3
96345,3
96346,3
96347,3
96348,3
96349,2
96350,3
96351,3
96352,3
96353,3
96354,3
96355,3
96356,3
96357,3
96358,3
96359,2
96360,2
96361,3
96362,2
96363,2
96364,2
96365,2
96366,2
96367,3
96368,2
96369,2
96370,2
96371,2
96372,2
96373,2
96374,3
96375,3
96376,3
96377,3
96378,2
96379,2
96380,2
96381,2
96382,2
96383,2
96384,2
96385,3
96386,3
96387,3
96388,3
96389,3
96390,3
96391,3
96392,3
96393,3
96394,3
96395,3
96396,3
96397,3
96398,2
96399,3
96400,3
96401,3
96402,2
96403,2
96404,3
96405,3
96406,2
96407,3
96408,2
96409,3
96410,2
96411,2
96412,2
96413,2
96414,2
96415,2
96416,2
96417,2
96418,3
96419,2
96420,2
96421,3
96422,2
96423,3
96424,3
96425,2
96426,3
96427,3
96428,2
96429,3
96430,3
96431,2
96432,3
96433,3
96434,2
96435,3
96436,3
96437,3
96438,3
96439,3
96440,3
96441,3
96442,1
96443,3
96444,3
96445,3
96446,3
96447,3
96448,2
96449,2
96450,2
96451,2
96452,2
96453,2
96454,2
96455,2
96456,2
96457,2
96458,2
96459,2
96460,2
96461,3
96462,2
96463,3
96464,3
96465,3
96466,3
96467,3
96468,3
96469,3
96470,3
96471,2
96472,3
96473,3
96474,3
96475,2
96476,3
96477,3
96478,3
96479,3
96480,3
96481,3
96482,0
96483,2
96484,3
96485,3
96486,2
96487,2
96488,2
96489,3
96490,3
96491,3
96492,3
96493,2
96494,3
96495,3
96496,3
96497,3
96498,3
96499,3
96500,3
96501,3
96502,2
96503,3
96504,3
96505,3
96506,3
96507,2
96508,2
96509,2
96510,3
96511,2
96512,2
96513,2
96514,3
96515,3
96516,3
96517,2
96518,2
96519,3
96520,2
96521,2
96522,3
96523,3
96524,3
96525,3
96526,3
96527,3
96528,3
96529,3
96530,3
96531,3
96532,3
96533,3
96534,3
96535,3
96536,2
96537,2
96538,2
96539,3
96540,3
96541,3
96542,3
96543,2
96544,3
96545,2
96546,2
96547,3
96548,3
96549,3
96550,3
96551,3
96552,3
96553,1
96554,1
96555,2
96556,3
96557,3
96558,3
96559,3
96560,3
96561,3
96562,2
96563,3
96564,3
96565,3
96566,2
96567,2
96568,2
96569,2
96570,2
96571,2
96572,3
96573,3
96574,2
96575,3
96576,3
96577,3
96578,3
96579,3
96580,3
96581,3
96582,3
96583,3
96584,3
96585,3
96586,3
96587,3
96588,3
96589,3
96590,1
96591,3
96592,3
96593,3
96594,3
96595,2
96596,2
96597,3
96598,3
96599,3
96600,3
96601,3
96602,3
96603,3
96604,3
96605,3
96606,3
96607,3
96608,3
96609,3
96610,3
96611,3
96612,3
96613,3
96614,2
96615,3
96616,2
96617,2
96618,3
96619,3
96620,2
96621,2
96622,2
96623,3
96624,2
96625,3
96626,2
96627,3
96628,3
96629,3
96630,3
96631,3
96632,3
96633,3
96634,2
96635,3
96636,2
96637,3
96638,2
96639,3
96640,2
96641,2
96642,3
96643,3
96644,2
96645,3
96646,3
96647,2
96648,3
96649,3
96650,3
96651,3
96652,3
96653,2
96654,3
96655,3
96656,3
96657,3
96658,3
96659,3
96660,3
96661,3
96662,3
96663,3
96664,3
96665,3
96666,3
96667,3
96668,3
96669,3
96670,2
96671,3
96672,3
96673,3
96674,3
96675,3
96676,3
96677,3
96678,3
96679,3
96680,3
96681,2
96682,3
96683,3
96684,2
96685,3
96686,2
96687,2
96688,3
96689,3
96690,3
96691,3
96692,3
96693,3
96694,3
96695,3
96696,3
96697,3
96698,3
96699,1
96700,3
96701,3
96702,3
96703,3
96704,3
96705,1
96706,3
96707,2
96708,2
96709,2
96710,2
96711,3
96712,2
96713,3
96714,3
96715,3
96716,2
96717,3
96718,2
96719,3
96720,3
96721,2
96722,2
96723,3
96724,2
96725,3
96726,2
96727,3
96728,3
96729,2
96730,3
96731,3
96732,2
96733,3
96734,3
96735,3
96736,3
96737,3
96738,3
96739,3
96740,3
96741,3
96742,3
96743,3
96744,2
96745,3
96746,3
96747,2
96748,3
96749,3
96750,2
96751,3
96752,2
96753,2
96754,3
96755,1
96756,2
96757,2
96758,3
96759,1
96760,3
96761,3
96762,3
96763,3
96764,3
96765,3
96766,3
96767,3
96768,3
96769,2
96770,2
96771,3
96772,2
96773,3
96774,2
96775,2
96776,3
96777,3
96778,2
96779,3
96780,2
96781,2
96782,2
96783,2
96784,3
96785,1
96786,3
96787,2
96788,3
96789,3
96790,3
96791,3
96792,0
96793,3
96794,3
96795,3
96796,2
96797,3
96798,3
96799,3
96800,3
96801,3
96802,3
96803,3
96804,3
96805,3
96806,2
96807,2
96808,2
96809,2
96810,2
96811,2
96812,2
96813,3
96814,2
96815,2
96816,2
96817,1
96818,1
96819,2
96820,3
96821,3
96822,3
96823,3
96824,3
96825,3
96826,3
96827,2
96828,3
96829,3
96830,2
96831,3
96832,2
96833,3
96834,3
96835,3
96836,3
96837,3
96838,3
96839,3
96840,3
96841,3
96842,3
96843,3
96844,2
96845,2
96846,2
96847,2
96848,3
96849,3
96850,2
96851,3
96852,2
96853,2
96854,2
96855,2
96856,2
96857,3
96858,3
96859,2
96860,3
96861,3
96862,3
96863,3
96864,3
96865,3
96866,3
96867,3
96868,3
96869,3
96870,3
96871,3
96872,3
96873,3
96874,3
96875,3
96876,3
96877,3
96878,3
96879,3
96880,3
96881,3
96882,3
96883,3
96884,2
96885,2
96886,2
96887,2
96888,3
96889,2
96890,3
96891,2
96892,3
96893,2
96894,3
96895,2
96896,3
96897,3
96898,2
96899,2
96900,2
96901,2
96902,3
96903,2
96904,3
96905,2
96906,2
96907,2
96908,2
96909,2
96910,2
96911,2
96912,2
96913,2
96914,2
96915,2
96916,2
96917,2
96918,2
96919,2
96920,3
96921,3
96922,3
96923,3
96924,3
96925,3
96926,3
96927,3
96928,3
96929,3
96930,3
96931,3
96932,3
96933,3
96934,3
96935,3
96936,3
96937,3
96938,3
96939,3
96940,3
96941,3
96942,3
96943,3
96944,3
96945,1
96946,1
96947,2
96948,2
96949,2
96950,2
96951,2
96952,2
96953,2
96954,2
96955,3
96956,3
96957,2
96958,2
96959,2
96960,2
96961,3
96962,3
96963,3
96964,3
96965,3
96966,2
96967,3
96968,2
96969,2
96970,2
96971,2
96972,2
96973,3
96974,3
96975,3
96976,1
96977,3
96978,3
96979,3
96980,3
96981,3
96982,3
96983,3
96984,3
96985,3
96986,3
96987,3
96988,3
96989,3
96990,2
96991,3
96992,3
96993,3
96994,3
96995,3
96996,3
96997,3
96998,3
96999,3
97000,3
97001,3
97002,3
97003,3
97004,3
97005,3
97006,3
97007,3
97008,3
97009,3
97010,3
97011,3
97012,3
97013,3
97014,3
97015,3
97016,3
97017,3
97018,2
97019,3
97020,3
97021,3
97022,3
97023,3
97024,3
97025,3
97026,3
97027,3
97028,3
97029,3
97030,3
97031,3
97032,3
97033,2
97034,2
97035,3
97036,3
97037,3
97038,3
97039,3
97040,3
97041,0
97042,2
97043,3
97044,2
97045,2
97046,2
97047,2
97048,2
97049,2
97050,2
97051,2
97052,2
97053,3
97054,3
97055,2
97056,2
97057,2
97058,3
97059,3
97060,1
97061,0
97062,0
97063,0
97064,3
97065,3
97066,3
97067,3
97068,2
97069,3
97070,3
97071,3
97072,3
97073,3
97074,2
97075,2
97076,2
97077,3
97078,2
97079,3
97080,1
97081,2
97082,3
97083,2
97084,3
97085,2
97086,3
97087,2
97088,2
97089,2
97090,2
97091,2
97092,2
97093,2
97094,2
97095,2
97096,3
97097,3
97098,1
97099,3
97100,3
97101,3
97102,3
97103,3
97104,3
97105,3
97106,2
97107,2
97108,1
97109,3
97110,2
97111,1
97112,1
97113,3
97114,3
97115,3
97116,3
97117,3
97118,3
97119,3
97120,3
97121,2
97122,3
97123,1
97124,1
97125,3
97126,3
97127,3
97128,3
97129,3
97130,3
97131,1
97132,3
97133,1
97134,1
97135,1
97136,1
97137,1
97138,1
97139,1
97140,1
97141,3
97142,3
97143,0
97144,3
97145,2
97146,0
97147,3
97148,3
97149,3
97150,3
97151,3
97152,3
97153,2
97154,3
97155,2
97156,0
97157,0
97158,0
97159,0
97160,0
97161,0
97162,2
97163,3
97164,0
97165,0
97166,0
97167,0
97168,0
97169,0
97170,0
97171,0
97172,0
97173,0
97174,3
97175,2
97176,2
97177,0
97178,0
97179,3
97180,3
97181,0
97182,0
97183,3
97184,0
97185,2
97186,0
97187,2
97188,3
97189,2
97190,0
97191,0
97192,3
97193,2
97194,1
97195,1
97196,2
97197,1
97198,1
97199,1
97200,2
97201,1
97202,1
97203,1
97204,0
97205,0
97206,0
97207,0
97208,2
97209,1
97210,0
97211,1
97212,3
97213,3
97214,3
97215,1
97216,1
97217,3
97218,3
97219,3
97220,2
97221,3
97222,3
97223,1
97224,1
97225,3
97226,3
97227,1
97228,3
97229,0
97230,3
97231,0
97232,2
97233,3
97234,3
97235,3
97236,3
97237,3
97238,3
97239,2
97240,3
97241,2
97242,0
97243,3
97244,0
97245,0
97246,0
97247,0
97248,0
97249,0
97250,0
97251,3
97252,2
97253,3
97254,0
97255,0
97256,0
97257,0
97258,0
97259,2
97260,0
97261,3
97262,2
97263,0
97264,0
97265,0
97266,0
97267,0
97268,2
97269,0
97270,0
97271,2
97272,3
97273,2
97274,3
97275,3
97276,3
97277,2
97278,2
97279,2
97280,3
97281,3
97282,2
97283,3
97284,0
97285,2
97286,2
97287,3
97288,3
97289,3
97290,2
97291,3
97292,3
97293,3
97294,0
97295,0
97296,0
97297,3
97298,2
97299,2
97300,3
97301,3
97302,3
97303,3
97304,3
97305,3
97306,1
97307,2
97308,0
97309,3
97310,2
97311,0
97312,3
97313,3
97314,0
97315,0
97316,0
97317,0
97318,0
97319,0
97320,0
97321,0
97322,0
97323,3
97324,0
97325,0
97326,0
97327,0
97328,3
97329,0
97330,0
97331,0
97332,2
97333,0
97334,0
97335,0
97336,2
97337,2
97338,3
97339,2
97340,2
97341,3
97342,3
97343,3
97344,3
97345,3
97346,0
97347,3
97348,3
97349,3
97350,3
97351,2
97352,2
97353,3
97354,3
97355,3
97356,3
97357,3
97358,3
97359,3
97360,1
97361,3
97362,2
97363,2
97364,2
97365,3
97366,1
97367,3
97368,0
97369,2
97370,0
97371,0
97372,0
97373,0
97374,2
97375,0
97376,0
97377,0
97378,3
97379,3
97380,3
97381,3
97382,3
97383,3
97384,3
97385,3
97386,3
97387,3
97388,2
97389,3
97390,2
97391,3
97392,3
97393,3
97394,3
97395,2
97396,3
97397,1
97398,3
97399,3
97400,1
97401,1
97402,1
97403,1
97404,1
97405,3
97406,3
97407,1
97408,1
97409,0
97410,0
97411,0
97412,0
97413,1
97414,2
97415,1
97416,3
97417,3
97418,3
97419,0
97420,0
97421,0
97422,0
97423,1
97424,1
97425,1
97426,2
97427,0
97428,3
97429,2
97430,2
97431,0
97432,0
97433,0
97434,0
97435,1
97436,3
97437,3
97438,1
97439,3
97440,3
97441,3
97442,3
97443,3
97444,2
97445,3
97446,3
97447,1
97448,3
97449,3
97450,1
97451,3
97452,1
97453,3
97454,3
97455,3
97456,1
97457,3
97458,3
97459,3
97460,3
97461,3
97462,3
97463,1
97464,3
97465,3
97466,3
97467,3
97468,3
97469,3
97470,3
97471,3
97472,3
97473,3
97474,3
97475,3
97476,1
97477,2
97478,2
97479,3
97480,2
97481,1
97482,2
97483,3
97484,3
97485,3
97486,3
97487,3
97488,3
97489,3
97490,3
97491,3
97492,3
97493,3
97494,3
97495,3
97496,3
97497,3
97498,3
97499,3
97500,3
97501,3
97502,3
97503,3
97504,3
97505,3
97506,0
97507,3
97508,3
97509,1
97510,1
97511,1
97512,1
97513,3
97514,3
97515,1
97516,1
97517,1
97518,3
97519,3
97520,3
97521,3
97522,1
97523,3
97524,3
97525,3
97526,3
97527,0
97528,3
97529,3
97530,3
97531,2
97532,2
97533,3
97534,3
97535,3
97536,3
97537,0
97538,3
97539,0
97540,3
97541,1
97542,2
97543,2
97544,2
97545,2
97546,0
97547,2
97548,1
97549,2
97550,2
97551,1
97552,2
97553,2
97554,0
97555,1
97556,3
97557,3
97558,3
97559,3
97560,1
97561,3
97562,3
97563,3
97564,1
97565,1
97566,2
97567,1
97568,3
97569,3
97570,1
97571,3
97572,2
97573,3
97574,2
97575,2
97576,3
97577,2
97578,3
97579,3
97580,3
97581,1
97582,3
97583,3
97584,3
97585,2
97586,3
97587,3
97588,3
97589,2
97590,2
97591,3
97592,3
97593,3
97594,3
97595,3
97596,3
97597,3
97598,3
97599,3
97600,3
97601,3
97602,3
97603,3
97604,3
97605,3
97606,3
97607,3
97608,3
97609,2
97610,3
97611,1
97612,3
97613,3
97614,3
97615,3
97616,3
97617,3
97618,3
97619,3
97620,3
97621,3
97622,3
97623,3
97624,3
97625,2
97626,2
97627,0
97628,3
97629,3
97630,3
97631,3
97632,3
97633,2
97634,3
97635,3
97636,3
97637,3
97638,3
97639,3
97640,3
97641,0
97642,0
97643,3
97644,3
97645,3
97646,2
97647,2
97648,3
97649,3
97650,3
97651,3
97652,2
97653,3
97654,2
97655,3
97656,3
97657,3
97658,3
97659,3
97660,3
97661,1
97662,3
97663,3
97664,3
97665,2
97666,3
97667,2
97668,3
97669,3
97670,3
97671,3
97672,3
97673,3
97674,3
97675,3
97676,3
97677,3
97678,3
97679,2
97680,3
97681,3
97682,3
97683,3
97684,2
97685,3
97686,3
97687,3
97688,3
97689,2
97690,2
97691,1
97692,2
97693,2
97694,2
97695,2
97696,3
97697,3
97698,2
97699,3
97700,3
97701,2
97702,3
97703,2
97704,2
97705,3
97706,3
97707,2
97708,3
97709,3
97710,3
97711,1
97712,1
97713,1
97714,3
97715,3
97716,3
97717,2
97718,3
97719,3
97720,2
97721,2
97722,3
97723,3
97724,2
97725,3
97726,3
97727,3
97728,3
97729,3
97730,3
97731,3
97732,3
97733,3
97734,2
97735,3
97736,3
97737,2
97738,3
97739,3
97740,3
97741,3
97742,2
97743,0
97744,2
97745,2
97746,3
97747,2
97748,3
97749,3
97750,3
97751,3
97752,3
97753,2
97754,3
97755,2
97756,3
97757,3
97758,3
97759,3
97760,2
97761,3
97762,1
97763,1
97764,0
97765,0
97766,3
97767,3
97768,3
97769,3
97770,3
97771,1
97772,3
97773,1
97774,3
97775,1
97776,3
97777,1
97778,3
97779,3
97780,1
97781,3
97782,0
97783,0
97784,0
97785,1
97786,0
97787,0
97788,2
97789,3
97790,0
97791,3
97792,0
97793,0
97794,0
97795,0
97796,0
97797,0
97798,0
97799,3
97800,3
97801,3
97802,0
97803,0
97804,0
97805,0
97806,3
97807,3
97808,3
97809,3
97810,3
97811,3
97812,3
97813,3
97814,3
97815,3
97816,3
97817,3
97818,3
97819,3
97820,3
97821,1
97822,3
97823,3
97824,1
97825,3
97826,3
97827,3
97828,3
97829,3
97830,3
97831,3
97832,3
97833,3
97834,3
97835,1
97836,1
97837,1
97838,3
97839,3
97840,3
97841,3
97842,3
97843,3
97844,3
97845,3
97846,3
97847,3
97848,3
97849,3
97850,1
97851,3
97852,1
97853,1
97854,2
97855,2
97856,3
97857,3
97858,0
97859,3
97860,3
97861,3
97862,3
97863,3
97864,2
97865,3
97866,3
97867,3
97868,2
97869,3
97870,3
97871,2
97872,2
97873,2
97874,3
97875,3
97876,1
97877,3
97878,3
97879,3
97880,3
97881,1
97882,3
97883,3
97884,3
97885,3
97886,3
97887,3
97888,1
97889,3
97890,3
97891,3
97892,3
97893,3
97894,3
97895,1
97896,1
97897,1
97898,3
97899,1
97900,1
97901,3
97902,3
97903,1
97904,3
97905,1
97906,3
97907,3
97908,1
97909,1
97910,3
97911,3
97912,1
97913,3
97914,1
97915,3
97916,2
97917,3
97918,1
97919,3
97920,3
97921,3
97922,3
97923,3
97924,3
97925,3
97926,3
97927,3
97928,3
97929,3
97930,3
97931,3
97932,3
97933,3
97934,3
97935,3
97936,3
97937,3
97938,3
97939,3
97940,3
97941,3
97942,3
97943,3
97944,3
97945,1
97946,3
97947,3
97948,3
97949,3
97950,3
97951,3
97952,3
97953,3
97954,3
97955,3
97956,3
97957,3
97958,3
97959,3
97960,3
97961,3
97962,2
97963,0
97964,3
97965,3
97966,3
97967,3
97968,1
97969,3
97970,3
97971,3
97972,3
97973,3
97974,3
97975,3
97976,3
97977,3
97978,3
97979,3
97980,2
97981,3
97982,1
97983,1
97984,2
97985,1
97986,3
97987,3
97988,3
97989,3
97990,3
97991,3
97992,3
97993,3
97994,3
97995,3
97996,3
97997,3
97998,3
97999,3
98000,3
98001,3
98002,3
98003,3
98004,3
98005,3
98006,2
98007,2
98008,3
98009,3
98010,3
98011,3
98012,3
98013,1
98014,3
98015,3
98016,3
98017,3
98018,3
98019,3
98020,3
98021,3
98022,2
98023,3
98024,3
98025,3
98026,3
98027,3
98028,3
98029,3
98030,3
98031,0
98032,2
98033,3
98034,3
98035,3
98036,3
98037,3
98038,3
98039,3
98040,3
98041,3
98042,3
98043,3
98044,3
98045,3
98046,2
98047,2
98048,2
98049,0
98050,0
98051,0
98052,3
98053,3
98054,3
98055,2
98056,3
98057,3
98058,3
98059,2
98060,2
98061,3
98062,3
98063,3
98064,2
98065,3
98066,3
98067,3
98068,3
98069,3
98070,3
98071,3
98072,3
98073,3
98074,3
98075,3
98076,2
98077,2
98078,3
98079,3
98080,3
98081,3
98082,3
98083,3
98084,0
98085,3
98086,0
98087,0
98088,0
98089,0
98090,0
98091,3
98092,3
98093,3
98094,3
98095,0
98096,0
98097,2
98098,2
98099,2
98100,3
98101,0
98102,3
98103,0
98104,3
98105,0
98106,0
98107,0
98108,0
98109,0
98110,0
98111,0
98112,0
98113,0
98114,0
98115,0
98116,0
98117,0
98118,0
98119,0
98120,0
98121,0
98122,0
98123,0
98124,0
98125,0
98126,0
98127,0
98128,0
98129,0
98130,0
98131,0
98132,0
98133,0
98134,0
98135,0
98136,0
98137,0
98138,0
98139,0
98140,0
98141,0
98142,0
98143,0
98144,0
98145,0
98146,0
98147,0
98148,0
98149,0
98150,0
98151,0
98152,0
98153,0
98154,0
98155,3
98156,3
98157,3
98158,2
98159,0
98160,2
98161,3
98162,2
98163,0
98164,3
98165,3
98166,3
98167,3
98168,3
98169,2
98170,2
98171,3
98172,3
98173,3
98174,2
98175,3
98176,3
98177,2
98178,3
98179,3
98180,3
98181,3
98182,3
98183,2
98184,3
98185,3
98186,3
98187,3
98188,0
98189,0
98190,2
98191,2
98192,2
98193,2
98194,2
98195,2
98196,2
98197,2
98198,2
98199,2
98200,2
98201,2
98202,2
98203,2
98204,2
98205,2
98206,2
98207,2
98208,2
98209,2
98210,2
98211,2
98212,3
98213,3
98214,2
98215,0
98216,2
98217,3
98218,2
98219,2
98220,2
98221,3
98222,2
98223,2
98224,2
98225,2
98226,2
98227,3
98228,3
98229,2
98230,2
98231,2
98232,2
98233,2
98234,2
98235,3
98236,2
98237,2
98238,3
98239,2
98240,2
98241,3
98242,3
98243,2
98244,2
98245,0
98246,2
98247,2
98248,2
98249,3
98250,3
98251,3
98252,2
98253,2
98254,2
98255,3
98256,3
98257,0
98258,3
98259,3
98260,2
98261,3
98262,2
98263,2
98264,3
98265,2
98266,2
98267,2
98268,3
98269,2
98270,3
98271,3
98272,0
98273,3
98274,0
98275,3
98276,2
98277,3
98278,2
98279,0
98280,2
98281,2
98282,3
98283,2
98284,3
98285,3
98286,0
98287,3
98288,3
98289,3
98290,3
98291,3
98292,3
98293,3
98294,3
98295,0
98296,3
98297,3
98298,3
98299,3
98300,3
98301,0
98302,3
98303,3
98304,3
98305,3
98306,3
98307,3
98308,3
98309,2
98310,3
98311,3
98312,3
98313,3
98314,2
98315,3
98316,3
98317,2
98318,3
98319,0
98320,3
98321,3
98322,0
98323,2
98324,2
98325,1
98326,3
98327,3
98328,3
98329,3
98330,3
98331,3
98332,3
98333,3
98334,3
98335,3
98336,3
98337,3
98338,3
98339,2
98340,3
98341,3
98342,3
98343,3
98344,3
98345,2
98346,3
98347,3
98348,3
98349,3
98350,3
98351,3
98352,3
98353,3
98354,3
98355,2
98356,2
98357,2
98358,3
98359,3
98360,3
98361,3
98362,2
98363,2
98364,2
98365,3
98366,2
98367,3
98368,2
98369,3
98370,3
98371,3
98372,3
98373,3
98374,3
98375,3
98376,3
98377,0
98378,3
98379,3
98380,0
98381,3
98382,3
98383,3
98384,3
98385,3
98386,3
98387,3
98388,3
98389,3
98390,3
98391,3
98392,3
98393,3
98394,3
98395,2
98396,3
98397,3
98398,3
98399,3
98400,3
98401,3
98402,3
98403,0
98404,3
98405,3
98406,3
98407,3
98408,3
98409,2
98410,2
98411,2
98412,2
98413,2
98414,3
98415,2
98416,2
98417,0
98418,2
98419,3
98420,3
98421,2
98422,3
98423,3
98424,2
98425,0
98426,3
98427,3
98428,2
98429,3
98430,3
98431,2
98432,2
98433,3
98434,3
98435,3
98436,2
98437,3
98438,3
98439,3
98440,2
98441,3
98442,2
98443,2
98444,3
98445,1
98446,0
98447,2
98448,0
98449,1
98450,3
98451,3
98452,3
98453,3
98454,3
98455,2
98456,2
98457,2
98458,3
98459,2
98460,3
98461,3
98462,3
98463,2
98464,2
98465,3
98466,0
98467,2
98468,2
98469,2
98470,3
98471,3
98472,3
98473,2
98474,3
98475,2
98476,2
98477,0
98478,2
98479,2
98480,1
98481,3
98482,3
98483,2
98484,2
98485,0
98486,2
98487,0
98488,3
98489,3
98490,3
98491,3
98492,3
98493,1
98494,1
98495,1
98496,1
98497,3
98498,1
98499,3
98500,3
98501,3
98502,1
98503,1
98504,1
98505,1
98506,1
98507,0
98508,3
98509,3
98510,3
98511,3
98512,3
98513,3
98514,2
98515,3
98516,3
98517,3
98518,2
98519,2
98520,2
98521,3
98522,3
98523,3
98524,3
98525,3
98526,3
98527,3
98528,3
98529,3
98530,3
98531,3
98532,0
98533,3
98534,1
98535,3
98536,3
98537,3
98538,3
98539,2
98540,2
98541,2
98542,2
98543,3
98544,2
98545,2
98546,2
98547,0
98548,3
98549,2
98550,2
98551,3
98552,2
98553,2
98554,2
98555,3
98556,2
98557,3
98558,2
98559,3
98560,3
98561,2
98562,2
98563,3
98564,3
98565,2
98566,2
98567,2
98568,2
98569,2
98570,2
98571,0
98572,0
98573,0
98574,0
98575,2
98576,2
98577,3
98578,3
98579,0
98580,2
98581,3
98582,2
98583,3
98584,2
98585,3
98586,2
98587,2
98588,2
98589,3
98590,0
98591,3
98592,3
98593,2
98594,0
98595,1
98596,1
98597,3
98598,3
98599,3
98600,1
98601,3
98602,0
98603,3
98604,2
98605,2
98606,3
98607,3
98608,2
98609,0
98610,0
98611,3
98612,0
98613,3
98614,1
98615,2
98616,3
98617,0
98618,2
98619,1
98620,2
98621,0
98622,2
98623,2
98624,0
98625,2
98626,2
98627,2
98628,3
98629,3
98630,2
98631,2
98632,0
98633,0
98634,0
98635,0
98636,2
98637,0
98638,0
98639,0
98640,0
98641,0
98642,3
98643,0
98644,0
98645,0
98646,0
98647,0
98648,0
98649,0
98650,3
98651,2
98652,0
98653,2
98654,3
98655,2
98656,0
98657,0
98658,2
98659,2
98660,0
98661,3
98662,2
98663,2
98664,2
98665,2
98666,2
98667,2
98668,1
98669,1
98670,1
98671,3
98672,1
98673,2
98674,2
98675,2
98676,3
98677,1
98678,1
98679,1
98680,2
98681,2
98682,2
98683,2
98684,2
98685,2
98686,2
98687,2
98688,2
98689,2
98690,2
98691,2
98692,2
98693,2
98694,2
98695,2
98696,2
98697,2
98698,2
98699,2
98700,3
98701,3
98702,2
98703,2
98704,2
98705,1
98706,1
98707,2
98708,2
98709,2
98710,2
98711,1
98712,1
98713,2
98714,2
98715,2
98716,1
98717,2
98718,1
98719,2
98720,2
98721,2
98722,1
98723,2
98724,3
98725,3
98726,1
98727,1
98728,1
98729,1
98730,2
98731,2
98732,2
98733,2
98734,2
98735,2
98736,3
98737,3
98738,2
98739,2
98740,2
98741,2
98742,2
98743,2
98744,2
98745,2
98746,2
98747,2
98748,2
98749,2
98750,1
98751,2
98752,3
98753,3
98754,2
98755,2
98756,3
98757,2
98758,3
98759,3
98760,3
98761,1
98762,1
98763,1
98764,3
98765,2
98766,1
98767,2
98768,1
98769,1
98770,2
98771,2
98772,1
98773,1
98774,1
98775,2
98776,3
98777,3
98778,3
98779,3
98780,3
98781,3
98782,3
98783,1
98784,3
98785,3
98786,3
98787,3
98788,0
98789,3
98790,3
98791,3
98792,3
98793,2
98794,1
98795,1
98796,1
98797,1
98798,1
98799,1
98800,1
98801,1
98802,1
98803,1
98804,0
98805,0
98806,0
98807,2
98808,2
98809,3
98810,2
98811,2
98812,2
98813,2
98814,3
98815,2
98816,2
98817,2
98818,3
98819,1
98820,2
98821,2
98822,0
98823,2
98824,2
98825,2
98826,2
98827,0
98828,2
98829,2
98830,0
98831,2
98832,2
98833,0
98834,2
98835,2
98836,2
98837,2
98838,2
98839,2
98840,0
98841,2
98842,0
98843,2
98844,2
98845,2
98846,2
98847,2
98848,0
98849,2
98850,2
98851,2
98852,2
98853,2
98854,2
98855,2
98856,2
98857,2
98858,2
98859,2
98860,2
98861,2
98862,2
98863,3
98864,2
98865,2
98866,2
98867,2
98868,0
98869,2
98870,2
98871,2
98872,2
98873,2
98874,2
98875,2
98876,2
98877,2
98878,2
98879,2
98880,1
98881,2
98882,3
98883,2
98884,2
98885,2
98886,2
98887,3
98888,3
98889,2
98890,0
98891,3
98892,2
98893,1
98894,2
98895,2
98896,2
98897,1
98898,3
98899,1
98900,3
98901,1
98902,3
98903,0
98904,1
98905,3
98906,2
98907,2
98908,2
98909,1
98910,2
98911,3
98912,3
98913,3
98914,0
98915,3
98916,2
98917,2
98918,3
98919,3
98920,3
98921,2
98922,2
98923,1
98924,1
98925,2
98926,3
98927,2
98928,2
98929,3
98930,3
98931,3
98932,2
98933,2
98934,2
98935,3
98936,3
98937,0
98938,3
98939,2
98940,3
98941,2
98942,2
98943,3
98944,2
98945,2
98946,2
98947,2
98948,2
98949,2
98950,2
98951,2
98952,2
98953,2
98954,3
98955,2
98956,2
98957,3
98958,2
98959,2
98960,2
98961,2
98962,2
98963,0
98964,2
98965,2
98966,3
98967,3
98968,3
98969,1
98970,3
98971,1
98972,1
98973,1
98974,3
98975,3
98976,2
98977,3
98978,2
98979,3
98980,3
98981,2
98982,2
98983,3
98984,1
98985,2
98986,2
98987,2
98988,2
98989,2
98990,2
98991,2
98992,1
98993,3
98994,3
98995,3
98996,1
98997,1
98998,1
98999,1
99000,3
99001,3
99002,3
99003,3
99004,3
99005,3
99006,3
99007,1
99008,2
99009,3
99010,2
99011,3
99012,3
99013,1
99014,3
99015,1
99016,1
99017,1
99018,2
99019,2
99020,1
99021,1
99022,2
99023,2
99024,3
99025,2
99026,2
99027,2
99028,3
99029,2
99030,1
99031,1
99032,3
99033,2
99034,1
99035,3
99036,3
99037,3
99038,3
99039,2
99040,2
99041,3
99042,2
99043,2
99044,3
99045,2
99046,2
99047,3
99048,1
99049,3
99050,1
99051,0
99052,3
99053,2
99054,1
99055,3
99056,3
99057,0
99058,3
99059,2
99060,3
99061,0
99062,3
99063,2
99064,3
99065,3
99066,3
99067,0
99068,2
99069,3
99070,3
99071,3
99072,2
99073,3
99074,2
99075,3
99076,3
99077,1
99078,3
99079,3
99080,3
99081,3
99082,2
99083,2
99084,2
99085,0
99086,2
99087,2
99088,1
99089,3
99090,3
99091,3
99092,2
99093,3
99094,0
99095,3
99096,2
99097,2
99098,3
99099,2
99100,1
99101,3
99102,3
99103,3
99104,3
99105,1
99106,3
99107,2
99108,0
99109,3
99110,3
99111,3
99112,2
99113,2
99114,3
99115,3
99116,3
99117,3
99118,3
99119,3
99120,1
99121,1
99122,1
99123,2
99124,2
99125,2
99126,3
99127,3
99128,3
99129,3
99130,1
99131,3
99132,3
99133,3
99134,3
99135,2
99136,3
99137,3
99138,3
99139,3
99140,2
99141,3
99142,2
99143,3
99144,3
99145,3
99146,3
99147,2
99148,3
99149,2
99150,2
99151,3
99152,2
99153,3
99154,2
99155,1
99156,3
99157,1
99158,2
99159,1
99160,1
99161,3
99162,3
99163,2
99164,2
99165,1
99166,2
99167,2
99168,1
99169,2
99170,2
99171,3
99172,2
99173,3
99174,1
99175,3
99176,3
99177,3
99178,2
99179,0
99180,2
99181,0
99182,3
99183,2
99184,1
99185,1
99186,0
99187,3
99188,3
99189,0
99190,0
99191,0
99192,3
99193,0
99194,2
99195,3
99196,3
99197,3
99198,0
99199,0
99200,0
99201,0
99202,0
99203,3
99204,3
99205,0
99206,3
99207,3
99208,3
99209,3
99210,2
99211,2
99212,2
99213,3
99214,3
99215,0
99216,3
99217,2
99218,0
99219,2
99220,1
99221,1
99222,1
99223,3
99224,3
99225,3
99226,3
99227,0
99228,3
99229,0
99230,3
99231,0
99232,3
99233,2
99234,3
99235,0
99236,2
99237,2
99238,2
99239,2
99240,3
99241,3
99242,0
99243,3
99244,2
99245,3
99246,3
99247,0
99248,3
99249,3
99250,0
99251,3
99252,1
99253,2
99254,3
99255,3
99256,3
99257,3
99258,3
99259,3
99260,2
99261,2
99262,0
99263,0
99264,0
99265,3
99266,3
99267,3
99268,0
99269,0
99270,2
99271,2
99272,2
99273,2
99274,2
99275,3
99276,3
99277,3
99278,0
99279,3
99280,2
99281,3
99282,0
99283,2
99284,0
99285,3
99286,2
99287,3
99288,2
99289,3
99290,3
99291,3
99292,2
99293,2
99294,2
99295,3
99296,0
99297,3
99298,2
99299,3
99300,3
99301,0
99302,0
99303,0
99304,0
99305,0
99306,2
99307,0
99308,0
99309,0
99310,0
99311,0
99312,0
99313,0
99314,0
99315,0
99316,0
99317,3
99318,0
99319,1
99320,0
99321,1
99322,2
99323,3
99324,2
99325,2
99326,0
99327,3
99328,3
99329,3
99330,2
99331,3
99332,3
99333,3
99334,3
99335,0
99336,3
99337,3
99338,3
99339,2
99340,2
99341,2
99342,2
99343,0
99344,0
99345,0
99346,3
99347,0
99348,0
99349,0
99350,0
99351,0
99352,0
99353,0
99354,0
99355,3
99356,0
99357,0
99358,0
99359,2
99360,3
99361,3
99362,2
99363,2
99364,3
99365,0
99366,2
99367,2
99368,2
99369,0
99370,2
99371,3
99372,3
99373,2
99374,1
99375,2
99376,2
99377,2
99378,1
99379,2
99380,0
99381,1
99382,1
99383,1
99384,1
99385,0
99386,1
99387,1
99388,0
99389,0
99390,0
99391,0
99392,2
99393,0
99394,2
99395,2
99396,2
99397,0
99398,0
99399,3
99400,2
99401,2
99402,2
99403,2
99404,2
99405,2
99406,2
99407,2
99408,2
99409,3
99410,3
99411,2
99412,2
99413,2
99414,2
99415,1
99416,3
99417,0
99418,0
99419,3
99420,0
99421,0
99422,2
99423,2
99424,3
99425,1
99426,2
99427,2
99428,2
99429,3
99430,3
99431,3
99432,3
99433,1
99434,1
99435,2
99436,1
99437,1
99438,1
99439,2
99440,2
99441,3
99442,1
99443,3
99444,3
99445,3
99446,3
99447,3
99448,1
99449,2
99450,1
99451,1
99452,3
99453,3
99454,0
99455,2
99456,3
99457,2
99458,2
99459,3
99460,3
99461,1
99462,1
99463,3
99464,3
99465,3
99466,3
99467,3
99468,0
99469,3
99470,2
99471,3
99472,0
99473,3
99474,0
99475,0
99476,0
99477,2
99478,3
99479,2
99480,3
99481,3
99482,3
99483,2
99484,3
99485,2
99486,1
99487,1
99488,3
99489,1
99490,1
99491,1
99492,3
99493,1
99494,0
99495,3
99496,0
99497,0
99498,1
99499,3
99500,3
99501,3
99502,0
99503,0
99504,0
99505,0
99506,3
99507,1
99508,1
99509,0
99510,0
99511,0
99512,1
99513,0
99514,0
99515,0
99516,1
99517,3
99518,3
99519,1
99520,1
99521,2
99522,0
99523,1
99524,1
99525,2
99526,2
99527,2
99528,2
99529,2
99530,3
99531,0
99532,0
99533,1
99534,3
99535,0
99536,0
99537,3
99538,0
99539,0
99540,0
99541,3
99542,2
99543,2
99544,3
99545,3
99546,3
99547,3
99548,2
99549,2
99550,3
99551,3
99552,2
99553,3
99554,3
99555,3
99556,3
99557,3
99558,3
99559,3
99560,3
99561,3
99562,2
99563,3
99564,3
99565,3
99566,3
99567,3
99568,0
99569,0
99570,3
99571,0
99572,0
99573,3
99574,3
99575,2
99576,2
99577,0
99578,3
99579,2
99580,2
99581,2
99582,0
99583,2
99584,0
99585,0
99586,0
99587,0
99588,0
99589,0
99590,0
99591,0
99592,0
99593,0
99594,2
99595,2
99596,0
99597,3
99598,3
99599,0
99600,3
99601,3
99602,2
99603,2
99604,0
99605,0
99606,2
99607,0
99608,0
99609,2
99610,0
99611,3
99612,0
99613,2
99614,3
99615,2
99616,2
99617,0
99618,3
99619,3
99620,3
99621,3
99622,3
99623,3
99624,3
99625,3
99626,3
99627,0
99628,0
99629,3
99630,2
99631,0
99632,0
99633,2
99634,3
99635,2
99636,3
99637,2
99638,2
99639,3
99640,2
99641,2
99642,2
99643,0
99644,2
99645,2
99646,3
99647,2
99648,3
99649,3
99650,2
99651,2
99652,2
99653,3
99654,2
99655,2
99656,2
99657,2
99658,1
99659,3
99660,3
99661,3
99662,3
99663,3
99664,0
99665,0
99666,3
99667,3
99668,3
99669,1
99670,2
99671,2
99672,2
99673,2
99674,2
99675,2
99676,3
99677,2
99678,3
99679,3
99680,3
99681,3
99682,2
99683,0
99684,0
99685,0
99686,0
99687,0
99688,0
99689,0
99690,0
99691,0
99692,0
99693,0
99694,0
99695,0
99696,0
99697,0
99698,3
99699,0
99700,0
99701,0
99702,0
99703,3
99704,2
99705,0
99706,0
99707,0
99708,0
99709,3
99710,0
99711,2
99712,0
99713,3
99714,2
99715,0
99716,2
99717,2
99718,2
99719,0
99720,2
99721,2
99722,2
99723,0
99724,2
99725,3
99726,2
99727,3
99728,3
99729,3
99730,3
99731,3
99732,0
99733,3
99734,3
99735,3
99736,3
99737,3
99738,3
99739,2
99740,3
99741,2
99742,3
99743,3
99744,3
99745,0
99746,0
99747,3
99748,3
99749,0
99750,0
99751,0
99752,3
99753,3
99754,3
99755,3
99756,3
99757,3
99758,3
99759,3
99760,1
99761,2
99762,3
99763,3
99764,3
99765,3
99766,3
99767,3
99768,3
99769,0
99770,2
99771,2
99772,3
99773,3
99774,3
99775,3
99776,3
99777,0
99778,3
99779,0
99780,3
99781,3
99782,3
99783,3
99784,2
99785,0
99786,3
99787,0
99788,0
99789,3
99790,2
99791,2
99792,2
99793,3
99794,0
99795,0
99796,0
99797,0
99798,0
99799,0
99800,0
99801,0
99802,0
99803,0
99804,0
99805,0
99806,0
99807,0
99808,0
99809,0
99810,0
99811,3
99812,1
99813,0
99814,3
99815,0
99816,0
99817,0
99818,0
99819,0
99820,0
99821,0
99822,0
99823,0
99824,0
99825,0
99826,0
99827,0
99828,0
99829,0
99830,0
99831,0
99832,0
99833,0
99834,0
99835,0
99836,0
99837,0
99838,0
99839,0
99840,0
99841,0
99842,0
99843,0
99844,0
99845,0
99846,0
99847,0
99848,0
99849,0
99850,0
99851,0
99852,0
99853,0
99854,0
99855,0
99856,0
99857,0
99858,0
99859,0
99860,0
99861,0
99862,0
99863,0
99864,0
99865,0
99866,0
99867,0
99868,0
99869,0
99870,0
99871,0
99872,0
99873,0
99874,3
99875,0
99876,0
99877,0
99878,0
99879,0
99880,0
99881,0
99882,0
99883,0
99884,0
99885,0
99886,2
99887,0
99888,0
99889,0
99890,0
99891,0
99892,0
99893,0
99894,0
99895,0
99896,3
99897,0
99898,0
99899,0
99900,0
99901,0
99902,3
99903,3
99904,0
99905,0
99906,0
99907,3
99908,3
99909,0
99910,3
99911,0
99912,3
99913,2
99914,0
99915,0
99916,3
99917,3
99918,3
99919,2
99920,3
99921,3
99922,3
99923,3
99924,2
99925,0
99926,3
99927,0
99928,2
99929,3
99930,3
99931,0
99932,3
99933,2
99934,0
99935,3
99936,2
99937,2
99938,3
99939,2
99940,2
99941,2
99942,0
99943,0
99944,2
99945,2
99946,2
99947,0
99948,2
99949,2
99950,0
99951,2
99952,2
99953,3
99954,3
99955,2
99956,3
99957,1
99958,2
99959,3
99960,3
99961,3
99962,2
99963,2
99964,3
99965,0
99966,0
99967,2
99968,0
99969,0
99970,0
99971,1
99972,2
99973,0
99974,0
99975,0
99976,0
99977,0
99978,0
99979,0
99980,0
99981,0
99982,0
99983,0
99984,2
99985,0
99986,0
99987,0
99988,0
99989,0
99990,0
99991,0
99992,0
99993,0
99994,2
99995,0
99996,0
99997,0
99998,0
99999,2
100000,2
100001,0
100002,0
100003,0
100004,0
100005,0
100006,3
100007,0
100008,0
100009,0
100010,2
100011,0
100012,2
100013,0
100014,0
100015,0
100016,0
100017,0
100018,0
100019,0
100020,0
100021,0
100022,0
100023,3
100024,3
100025,0
100026,3
100027,3
100028,2
100029,3
100030,0
100031,0
100032,0
100033,3
100034,3
100035,0
100036,3
100037,3
100038,0
100039,0
100040,0
100041,3
100042,0
100043,3
100044,0
100045,0
100046,0
100047,0
100048,0
100049,1
100050,3
100051,3
100052,0
100053,2
100054,0
100055,0
100056,3
100057,0
100058,0
100059,0
100060,3
100061,2
100062,2
100063,2
100064,3
100065,3
100066,2
100067,2
100068,0
100069,3
100070,0
100071,0
100072,3
100073,3
100074,3
100075,2
100076,2
100077,2
100078,3
100079,0
100080,0
100081,0
100082,3
100083,3
100084,3
100085,3
100086,0
100087,3
100088,1
100089,3
100090,2
100091,0
100092,0
100093,0
100094,1
100095,0
100096,0
100097,0
100098,0
100099,3
100100,0
100101,0
100102,0
100103,2
100104,0
100105,0
100106,0
100107,3
100108,0
100109,0
100110,1
100111,3
100112,1
100113,2
100114,0
100115,0
100116,0
100117,2
100118,0
100119,3
100120,2
100121,0
100122,0
100123,0
100124,0
100125,2
100126,0
100127,0
100128,0
100129,0
100130,0
100131,0
100132,0
100133,0
100134,0
100135,0
100136,0
100137,0
100138,0
100139,0
100140,0
100141,0
100142,0
100143,0
100144,0
100145,0
100146,3
100147,3
100148,0
100149,3
100150,3
100151,0
100152,2
100153,1
100154,3
100155,0
100156,3
100157,0
100158,3
100159,1
100160,1
100161,2
100162,3
100163,2
100164,0
100165,3
100166,3
100167,0
100168,0
100169,3
100170,0
100171,2
100172,2
100173,2
100174,0
100175,2
100176,3
100177,3
100178,2
100179,0
100180,0
100181,3
100182,2
100183,2
100184,2
100185,2
100186,3
100187,1
100188,2
100189,0
100190,0
100191,0
100192,3
100193,0
100194,0
100195,0
100196,0
100197,0
100198,3
100199,0
100200,0
100201,0
100202,0
100203,0
100204,0
100205,1
100206,3
100207,0
100208,3
100209,0
100210,0
100211,0
100212,3
100213,3
100214,1
100215,1
100216,0
100217,3
100218,2
100219,2
100220,0
100221,0
100222,0
100223,0
100224,0
100225,2
100226,0
100227,0
100228,2
100229,2
100230,2
100231,2
100232,2
100233,3
100234,0
100235,0
100236,0
100237,3
100238,3
100239,0
100240,2
100241,0
100242,0
100243,2
100244,0
100245,0
100246,3
100247,0
100248,0
100249,0
100250,2
100251,3
100252,2
100253,3
100254,2
100255,2
100256,3
100257,3
100258,2
100259,3
100260,3
100261,3
100262,3
100263,3
100264,3
100265,0
100266,0
100267,0
100268,2
100269,0
100270,3
100271,3
100272,0
100273,2
100274,2
100275,0
100276,0
100277,0
100278,0
100279,0
100280,0
100281,0
100282,0
100283,0
100284,0
100285,2
100286,2
100287,2
100288,0
100289,2
100290,2
100291,0
100292,3
100293,2
100294,3
100295,2
100296,0
100297,0
100298,0
100299,0
100300,1
100301,0
100302,0
100303,0
100304,0
100305,0
100306,0
100307,2
100308,0
100309,0
100310,0
100311,0
100312,0
100313,0
100314,0
100315,3
100316,0
100317,0
100318,0
100319,3
100320,2
100321,2
100322,0
100323,0
100324,0
100325,0
100326,2
100327,3
100328,3
100329,1
100330,1
100331,1
100332,0
100333,3
100334,0
100335,0
100336,0
100337,0
100338,2
100339,0
100340,1
100341,2
100342,0
100343,0
100344,1
100345,1
100346,3
100347,1
100348,1
100349,3
100350,0
100351,0
100352,3
100353,3
100354,3
100355,3
100356,3
100357,3
100358,0
100359,3
100360,3
100361,3
100362,2
100363,3
100364,3
100365,1
100366,3
100367,3
100368,2
100369,3
100370,0
100371,2
100372,3
100373,3
100374,0
100375,3
100376,0
100377,0
100378,0
100379,3
100380,0
100381,3
100382,3
100383,0
100384,0
100385,0
100386,3
100387,0
100388,3
100389,3
100390,3
100391,0
100392,0
100393,0
100394,0
100395,0
100396,3
100397,2
100398,0
100399,3
100400,3
100401,1
100402,3
100403,2
100404,3
100405,3
100406,3
100407,3
100408,3
100409,0
100410,0
100411,1
100412,1
100413,0
100414,0
100415,3
100416,0
100417,0
100418,0
100419,0
100420,0
100421,0
100422,2
100423,0
100424,2
100425,0
100426,0
100427,0
100428,0
100429,0
100430,2
100431,2
100432,0
100433,0
100434,2
100435,0
100436,3
100437,0
100438,2
100439,1
100440,3
100441,0
100442,0
100443,0
100444,0
100445,0
100446,0
100447,0
100448,2
100449,3
100450,3
100451,0
100452,3
100453,3
100454,3
100455,0
100456,3
100457,3
100458,3
100459,3
100460,3
100461,3
100462,2
100463,3
100464,3
100465,2
100466,3
100467,0
100468,0
100469,3
100470,3
100471,1
100472,0
100473,3
100474,3
100475,0
100476,3
100477,0
100478,3
100479,3
100480,2
100481,0
100482,3
100483,3
100484,2
100485,1
100486,3
100487,2
100488,0
100489,2
100490,2
100491,3
100492,1
100493,1
100494,0
100495,3
100496,3
100497,3
100498,3
100499,0
100500,3
100501,3
100502,3
100503,2
100504,1
100505,3
100506,0
100507,3
100508,3
100509,0
100510,3
100511,2
100512,3
100513,3
100514,3
100515,3
100516,0
100517,0
100518,2
100519,3
100520,0
100521,0
100522,2
100523,0
100524,2
100525,0
100526,3
100527,2
100528,0
100529,3
100530,0
100531,3
100532,0
100533,0
100534,3
100535,0
100536,3
100537,2
100538,2
100539,0
100540,0
100541,0
100542,0
100543,3
100544,3
100545,0
100546,2
100547,0
100548,0
100549,2
100550,0
100551,3
100552,0
100553,0
100554,0
100555,3
100556,0
100557,0
100558,0
100559,0
100560,0
100561,0
100562,0
100563,2
100564,3
100565,3
100566,3
100567,0
100568,3
100569,0
100570,0
100571,0
100572,0
100573,0
100574,3
100575,0
100576,0
100577,0
100578,0
100579,0
100580,0
100581,0
100582,3
100583,3
100584,0
100585,0
100586,2
100587,3
100588,0
100589,3
100590,0
100591,0
100592,0
100593,0
100594,0
100595,2
100596,0
100597,0
100598,0
100599,0
100600,0
100601,0
100602,0
100603,0
100604,0
100605,0
100606,0
100607,0
100608,0
100609,0
100610,0
100611,0
100612,0
100613,0
100614,2
100615,0
100616,0
100617,0
100618,0
100619,0
100620,0
100621,0
100622,0
100623,1
100624,1
100625,2
100626,2
100627,0
100628,0
100629,0
100630,2
100631,0
100632,0
100633,0
100634,0
100635,3
100636,0
100637,0
100638,0
100639,2
100640,2
100641,0
100642,3
100643,0
100644,2
100645,0
100646,0
100647,3
100648,0
100649,3
100650,3
100651,3
100652,0
100653,0
100654,2
100655,2
100656,0
100657,2
100658,3
100659,3
100660,3
100661,0
100662,0
100663,0
100664,0
100665,0
100666,0
100667,0
100668,2
100669,0
100670,0
100671,0
100672,0
100673,0
100674,2
100675,0
100676,2
100677,3
100678,0
100679,0
100680,0
100681,0
100682,0
100683,0
100684,0
100685,0
100686,3
100687,3
100688,3
100689,3
100690,2
100691,3
100692,0
100693,0
100694,0
100695,2
100696,3
100697,0
100698,0
100699,0
100700,2
100701,0
100702,0
100703,0
100704,0
100705,0
100706,0
100707,2
100708,2
100709,0
100710,0
100711,2
100712,3
100713,0
100714,0
100715,0
100716,0
100717,0
100718,0
100719,0
100720,0
100721,0
100722,0
100723,2
100724,2
100725,0
100726,0
100727,0
100728,0
100729,0
100730,2
100731,0
100732,0
100733,0
100734,0
100735,0
100736,0
100737,0
100738,0
100739,0
100740,0
100741,0
100742,0
100743,0
100744,0
100745,0
100746,0
100747,0
100748,0
100749,2
100750,0
100751,2
100752,0
100753,0
100754,0
100755,0
100756,0
100757,3
100758,2
100759,2
100760,2
100761,2
100762,2
100763,1
100764,0
100765,3
100766,3
100767,0
100768,3
100769,2
100770,2
100771,0
100772,3
100773,3
100774,2
100775,3
100776,2
100777,1
100778,1
100779,1
100780,0
100781,3
100782,3
100783,3
100784,1
100785,1
100786,0
100787,0
100788,2
100789,3
100790,3
100791,3
100792,0
100793,0
100794,0
100795,0
100796,1
100797,3
100798,3
100799,3
100800,3
100801,3
100802,3
100803,3
100804,3
100805,3
100806,3
100807,1
100808,3
100809,1
100810,1
100811,0
100812,1
100813,1
100814,1
100815,0
100816,1
100817,2
100818,3
100819,1
100820,2
100821,1
100822,1
100823,0
100824,0
100825,0
100826,0
100827,0
100828,0
100829,0
100830,0
100831,0
100832,0
100833,0
100834,2
100835,0
100836,0
100837,0
100838,0
100839,0
100840,0
100841,0
100842,0
100843,1
100844,0
100845,1
100846,2
100847,0
100848,0
100849,0
100850,0
100851,0
100852,0
100853,0
100854,0
100855,0
100856,0
100857,0
100858,0
100859,0
100860,0
100861,0
100862,0
100863,0
100864,0
100865,2
100866,0
100867,0
100868,0
100869,2
100870,0
100871,2
100872,2
100873,2
100874,2
100875,0
100876,0
100877,2
100878,2
100879,2
100880,2
100881,0
100882,0
100883,0
100884,0
100885,0
100886,0
100887,0
100888,0
100889,0
100890,0
100891,0
100892,0
100893,0
100894,0
100895,0
100896,0
100897,0
100898,3
100899,3
100900,0
100901,0
100902,0
100903,0
100904,0
100905,0
100906,1
100907,1
100908,1
100909,1
100910,0
100911,0
100912,0
100913,0
100914,0
100915,0
100916,0
100917,0
100918,0
100919,0
100920,0
100921,0
100922,0
100923,0
100924,0
100925,0
100926,0
100927,0
100928,0
100929,0
100930,0
100931,0
100932,0
100933,0
100934,0
100935,0
100936,0
100937,0
100938,0
100939,0
100940,0
100941,0
100942,0
100943,0
100944,0
100945,0
100946,0
100947,0
100948,0
100949,2
100950,0
100951,2
100952,2
100953,0
100954,0
100955,0
100956,0
100957,0
100958,0
100959,0
100960,0
100961,0
100962,0
100963,3
100964,0
100965,3
100966,3
100967,3
100968,3
100969,0
100970,0
100971,0
100972,3
100973,3
100974,1
100975,3
100976,3
100977,3
100978,3
100979,3
100980,3
100981,3
100982,1
100983,1
100984,1
100985,1
100986,1
100987,3
100988,2
100989,2
100990,3
100991,2
100992,2
100993,2
100994,2
100995,3
100996,2
100997,3
100998,2
100999,2
101000,3
101001,3
101002,3
101003,3
101004,3
101005,2
101006,2
101007,2
101008,2
101009,2
101010,2
101011,2
101012,2
101013,2
101014,2
101015,2
101016,3
101017,3
101018,3
101019,2
101020,0
101021,2
101022,0
101023,2
101024,3
101025,2
101026,2
101027,3
101028,2
101029,3
101030,2
101031,2
101032,3
101033,3
101034,0
101035,0
101036,1
101037,0
101038,0
101039,2
101040,3
101041,3
101042,3
101043,3
101044,3
101045,3
101046,3
101047,3
101048,3
101049,2
101050,0
101051,0
101052,3
101053,0
101054,3
101055,3
101056,3
101057,3
101058,3
101059,0
101060,0
101061,2
101062,3
101063,3
101064,2
101065,3
101066,3
101067,3
101068,3
101069,2
101070,0
101071,0
101072,0
101073,0
101074,0
101075,0
101076,3
101077,3
101078,0
101079,3
101080,2
101081,2
101082,3
101083,2
101084,0
101085,0
101086,3
101087,0
101088,2
101089,2
101090,0
101091,2
101092,3
101093,3
101094,3
101095,2
101096,2
101097,1
101098,3
101099,1
101100,3
101101,3
101102,3
101103,3
101104,3
101105,3
101106,1
101107,3
101108,3
101109,3
101110,3
101111,2
101112,2
101113,3
101114,2
101115,3
101116,3
101117,3
101118,3
101119,3
101120,2
101121,3
101122,2
101123,2
101124,3
101125,3
101126,3
101127,3
101128,3
101129,2
101130,3
101131,3
101132,3
101133,3
101134,3
101135,3
101136,2
101137,3
101138,3
101139,3
101140,3
101141,2
101142,3
101143,3
101144,3
101145,3
101146,3
101147,2
101148,2
101149,2
101150,2
101151,2
101152,2
101153,3
101154,3
101155,2
101156,3
101157,3
101158,3
101159,3
101160,2
101161,2
101162,3
101163,3
101164,1
101165,3
101166,0
101167,0
101168,2
101169,2
101170,2
101171,3
101172,2
101173,2
101174,2
101175,3
101176,2
101177,2
101178,2
101179,2
101180,2
101181,2
101182,1
101183,2
101184,3
101185,1
101186,1
101187,2
101188,2
101189,2
101190,2
101191,2
101192,3
101193,2
101194,2
101195,2
101196,2
101197,2
101198,3
101199,3
101200,0
101201,3
101202,2
101203,3
101204,2
101205,2
101206,1
101207,1
101208,2
101209,3
101210,2
101211,2
101212,2
101213,2
101214,2
101215,2
101216,2
101217,2
101218,2
101219,2
101220,2
101221,3
101222,3
101223,2
101224,3
101225,3
101226,2
101227,2
101228,2
101229,2
101230,3
101231,3
101232,2
101233,2
101234,2
101235,2
101236,2
101237,2
101238,2
101239,2
101240,2
101241,2
101242,2
101243,2
101244,2
101245,3
101246,2
101247,3
101248,2
101249,2
101250,2
101251,2
101252,2
101253,3
101254,3
101255,3
101256,2
101257,3
101258,2
101259,3
101260,2
101261,3
101262,3
101263,3
101264,2
101265,2
101266,3
101267,3
101268,2
101269,3
101270,3
101271,2
101272,0
101273,2
101274,3
101275,2
101276,3
101277,2
101278,2
101279,2
101280,2
101281,2
101282,2
101283,2
101284,2
101285,2
101286,0
101287,2
101288,2
101289,3
101290,3
101291,1
101292,2
101293,3
101294,3
101295,3
101296,2
101297,1
101298,1
101299,2
101300,3
101301,2
101302,3
101303,2
101304,2
101305,2
101306,2
101307,2
101308,3
101309,2
101310,2
101311,2
101312,2
101313,2
101314,2
101315,2
101316,3
101317,2
101318,2
101319,2
101320,2
101321,2
101322,0
101323,0
101324,3
101325,2
101326,3
101327,2
101328,2
101329,2
101330,2
101331,2
101332,1
101333,2
101334,2
101335,1
101336,1
101337,1
101338,3
101339,2
101340,2
101341,2
101342,2
101343,2
101344,0
101345,2
101346,2
101347,1
101348,2
101349,2
101350,2
101351,3
101352,3
101353,1
101354,3
101355,3
101356,2
101357,3
101358,3
101359,3
101360,3
101361,3
101362,3
101363,3
101364,3
101365,3
101366,3
101367,3
101368,3
101369,3
101370,3
101371,3
101372,2
101373,3
101374,3
101375,3
101376,3
101377,2
101378,3
101379,3
101380,1
101381,2
101382,2
101383,2
101384,2
101385,2
101386,2
101387,2
101388,2
101389,2
101390,2
101391,2
101392,2
101393,3
101394,3
101395,3
101396,3
101397,2
101398,2
101399,2
101400,2
101401,2
101402,2
101403,2
101404,2
101405,3
101406,2
101407,2
101408,2
101409,2
101410,3
101411,2
101412,3
101413,3
101414,3
101415,3
101416,3
101417,1
101418,1
101419,3
101420,3
101421,3
101422,3
101423,3
101424,3
101425,3
101426,3
101427,3
101428,2
101429,2
101430,2
101431,2
101432,3
101433,3
101434,2
101435,2
101436,3
101437,2
101438,3
101439,2
101440,2
101441,2
101442,2
101443,2
101444,3
101445,3
101446,3
101447,3
101448,3
101449,1
101450,3
101451,2
101452,2
101453,2
101454,2
101455,2
101456,2
101457,2
101458,2
101459,3
101460,3
101461,2
101462,2
101463,2
101464,3
101465,3
101466,1
101467,3
101468,2
101469,2
101470,1
101471,3
101472,3
101473,1
101474,3
101475,3
101476,3
101477,3
101478,3
101479,3
101480,3
101481,3
101482,3
101483,2
101484,2
101485,3
101486,2
101487,3
101488,2
101489,0
101490,3
101491,2
101492,2
101493,2
101494,3
101495,2
101496,3
101497,2
101498,2
101499,2
101500,2
101501,3
101502,2
101503,2
101504,2
101505,2
101506,2
101507,2
101508,2
101509,3
101510,3
101511,3
101512,2
101513,3
101514,3
101515,3
101516,3
101517,2
101518,2
101519,3
101520,2
101521,2
101522,2
101523,2
101524,3
101525,2
101526,2
101527,2
101528,2
101529,2
101530,2
101531,2
101532,0
101533,3
101534,3
101535,3
101536,2
101537,3
101538,3
101539,3
101540,3
101541,3
101542,3
101543,3
101544,3
101545,3
101546,3
101547,3
101548,3
101549,0
101550,2
101551,3
101552,2
101553,3
101554,2
101555,3
101556,2
101557,2
101558,3
101559,3
101560,2
101561,3
101562,3
101563,3
101564,2
101565,2
101566,3
101567,1
101568,3
101569,3
101570,3
101571,3
101572,2
101573,2
101574,2
101575,2
101576,2
101577,2
101578,3
101579,2
101580,2
101581,2
101582,2
101583,2
101584,3
101585,2
101586,2
101587,2
101588,2
101589,2
101590,2
101591,3
101592,2
101593,2
101594,2
101595,3
101596,2
101597,3
101598,2
101599,2
101600,2
101601,2
101602,2
101603,2
101604,3
101605,2
101606,3
101607,3
101608,2
101609,3
101610,3
101611,3
101612,2
101613,3
101614,3
101615,2
101616,3
101617,2
101618,3
101619,3
101620,3
101621,2
101622,3
101623,3
101624,2
101625,2
101626,2
101627,2
101628,2
101629,2
101630,2
101631,3
101632,2
101633,3
101634,2
101635,3
101636,2
101637,3
101638,3
101639,2
101640,3
101641,3
101642,3
101643,2
101644,2
101645,2
101646,3
101647,3
101648,3
101649,3
101650,2
101651,3
101652,3
101653,2
101654,2
101655,2
101656,3
101657,2
101658,2
101659,3
101660,2
101661,2
101662,3
101663,3
101664,2
101665,3
101666,2
101667,3
101668,2
101669,3
101670,3
101671,3
101672,3
101673,2
101674,2
101675,2
101676,2
101677,3
101678,2
101679,2
101680,2
101681,2
101682,0
101683,3
101684,2
101685,2
101686,2
101687,2
101688,2
101689,2
101690,2
101691,2
101692,2
101693,2
101694,2
101695,2
101696,2
101697,2
101698,2
101699,2
101700,3
101701,2
101702,2
101703,2
101704,2
101705,2
101706,3
101707,3
101708,2
101709,3
101710,2
101711,3
101712,2
101713,2
101714,0
101715,2
101716,2
101717,2
101718,2
101719,2
101720,3
101721,3
101722,2
101723,2
101724,3
101725,2
101726,2
101727,2
101728,2
101729,2
101730,2
101731,2
101732,2
101733,2
101734,2
101735,2
101736,2
101737,2
101738,2
101739,3
101740,3
101741,3
101742,3
101743,2
101744,2
101745,2
101746,2
101747,0
101748,2
101749,2
101750,2
101751,2
101752,2
101753,2
101754,2
101755,2
101756,2
101757,2
101758,2
101759,2
101760,2
101761,0
101762,2
101763,2
101764,2
101765,2
101766,3
101767,3
101768,2
101769,2
101770,2
101771,2
101772,2
101773,2
101774,2
101775,2
101776,2
101777,0
101778,2
101779,3
101780,3
101781,1
101782,3
101783,3
101784,2
101785,3
101786,3
101787,3
101788,3
101789,3
101790,3
101791,3
101792,3
101793,2
101794,2
101795,2
101796,3
101797,3
101798,3
101799,2
101800,2
101801,2
101802,3
101803,3
101804,3
101805,3
101806,2
101807,1
101808,3
101809,1
101810,3
101811,3
101812,2
101813,3
101814,2
101815,3
101816,3
101817,3
101818,3
101819,2
101820,2
101821,3
101822,3
101823,3
101824,2
101825,3
101826,3
101827,3
101828,2
101829,3
101830,3
101831,2
101832,3
101833,2
101834,3
101835,1
101836,1
101837,1
101838,2
101839,3
101840,2
101841,3
101842,2
101843,0
101844,2
101845,2
101846,3
101847,3
101848,2
101849,3
101850,1
101851,0
101852,2
101853,3
101854,1
101855,2
101856,2
101857,2
101858,2
101859,1
101860,2
101861,2
101862,2
101863,2
101864,2
101865,2
101866,1
101867,1
101868,1
101869,2
101870,2
101871,1
101872,2
101873,2
101874,2
101875,2
101876,1
101877,2
101878,2
101879,1
101880,1
101881,3
101882,1
101883,1
101884,3
101885,1
101886,2
101887,2
101888,2
101889,2
101890,2
101891,2
101892,2
101893,2
101894,2
101895,2
101896,2
101897,2
101898,1
101899,2
101900,2
101901,2
101902,2
101903,2
101904,2
101905,2
101906,2
101907,2
101908,2
101909,2
101910,2
101911,2
101912,2
101913,1
101914,1
101915,3
101916,2
101917,1
101918,3
101919,2
101920,2
101921,3
101922,1
101923,1
101924,3
101925,2
101926,1
101927,1
101928,2
101929,2
101930,2
101931,1
101932,1
101933,1
101934,1
101935,2
101936,2
101937,1
101938,3
101939,0
101940,1
101941,2
101942,2
101943,0
101944,0
101945,2
101946,2
101947,2
101948,2
101949,3
101950,2
101951,2
101952,0
101953,2
101954,0
101955,2
101956,0
101957,3
101958,2
101959,0
101960,2
101961,3
101962,2
101963,2
101964,2
101965,2
101966,2
101967,2
101968,2
101969,2
101970,2
101971,2
101972,2
101973,2
101974,2
101975,2
101976,2
101977,2
101978,3
101979,2
101980,2
101981,3
101982,2
101983,0
101984,2
101985,2
101986,2
101987,2
101988,2
101989,2
101990,2
101991,2
101992,2
101993,2
101994,2
101995,2
101996,2
101997,2
101998,2
101999,2
102000,1
102001,2
102002,0
102003,2
102004,3
102005,3
102006,2
102007,0
102008,2
102009,2
102010,2
102011,2
102012,2
102013,2
102014,0
102015,3
102016,3
102017,2
102018,2
102019,3
102020,3
102021,2
102022,3
102023,3
102024,3
102025,2
102026,3
102027,3
102028,2
102029,2
102030,2
102031,2
102032,2
102033,3
102034,2
102035,2
102036,2
102037,2
102038,2
102039,3
102040,2
102041,2
102042,2
102043,2
102044,2
102045,2
102046,2
102047,2
102048,2
102049,2
102050,2
102051,2
102052,2
102053,2
102054,2
102055,2
102056,2
102057,2
102058,2
102059,2
102060,2
102061,2
102062,2
102063,2
102064,2
102065,2
102066,2
102067,2
102068,2
102069,2
102070,2
102071,2
102072,0
102073,2
102074,2
102075,2
102076,2
102077,2
102078,2
102079,2
102080,2
102081,2
102082,2
102083,2
102084,2
102085,2
102086,2
102087,2
102088,2
102089,2
102090,2
102091,2
102092,2
102093,2
102094,2
102095,3
102096,2
102097,2
102098,2
102099,2
102100,2
102101,2
102102,2
102103,2
102104,2
102105,2
102106,2
102107,2
102108,3
102109,2
102110,2
102111,3
102112,3
102113,3
102114,2
102115,0
102116,2
102117,0
102118,2
102119,2
102120,0
102121,2
102122,2
102123,2
102124,0
102125,2
102126,2
102127,2
102128,2
102129,2
102130,2
102131,2
102132,2
102133,1
102134,3
102135,1
102136,3
102137,1
102138,3
102139,3
102140,2
102141,2
102142,2
102143,2
102144,1
102145,1
102146,2
102147,2
102148,2
102149,2
102150,2
102151,2
102152,2
102153,2
102154,2
102155,2
102156,2
102157,2
102158,2
102159,2
102160,2
102161,2
102162,2
102163,2
102164,2
102165,2
102166,2
102167,2
102168,2
102169,2
102170,2
102171,2
102172,2
102173,1
102174,1
102175,2
102176,2
102177,1
102178,1
102179,2
102180,2
102181,2
102182,0
102183,2
102184,0
102185,2
102186,2
102187,0
102188,0
102189,0
102190,3
102191,0
102192,0
102193,3
102194,3
102195,3
102196,2
102197,1
102198,1
102199,0
102200,1
102201,0
102202,3
102203,3
102204,1
102205,3
102206,1
102207,1
102208,3
102209,2
102210,1
102211,0
102212,1
102213,3
102214,1
102215,0
102216,3
102217,3
102218,3
102219,3
102220,1
102221,3
102222,2
102223,0
102224,3
102225,3
102226,1
102227,0
102228,2
102229,3
102230,3
102231,1
102232,1
102233,3
102234,3
102235,3
102236,1
102237,0
102238,1
102239,1
102240,3
102241,1
102242,3
102243,3
102244,0
102245,2
102246,2
102247,2
102248,2
102249,2
102250,3
102251,3
102252,1
102253,2
102254,2
102255,3
102256,2
102257,3
102258,3
102259,2
102260,2
102261,1
102262,2
102263,3
102264,2
102265,2
102266,3
102267,3
102268,2
102269,3
102270,1
102271,3
102272,2
102273,2
102274,2
102275,2
102276,2
102277,2
102278,2
102279,0
102280,0
102281,1
102282,1
102283,2
102284,0
102285,0
102286,0
102287,0
102288,0
102289,0
102290,0
102291,1
102292,0
102293,2
102294,2
102295,3
102296,2
102297,3
102298,2
102299,3
102300,2
102301,2
102302,2
102303,0
102304,2
102305,3
102306,0
102307,0
102308,2
102309,2
102310,3
102311,2
102312,2
102313,2
102314,0
102315,3
102316,2
102317,2
102318,2
102319,2
102320,0
102321,3
102322,2
102323,2
102324,3
102325,2
102326,3
102327,3
102328,2
102329,3
102330,2
102331,2
102332,2
102333,2
102334,3
102335,2
102336,2
102337,2
102338,2
102339,0
102340,2
102341,2
102342,2
102343,2
102344,2
102345,2
102346,2
102347,2
102348,0
102349,2
102350,2
102351,2
102352,2
102353,2
102354,2
102355,2
102356,2
102357,2
102358,2
102359,2
102360,2
102361,2
102362,2
102363,3
102364,0
102365,3
102366,2
102367,0
102368,3
102369,2
102370,2
102371,0
102372,2
102373,3
102374,2
102375,2
102376,2
102377,3
102378,3
102379,2
102380,2
102381,2
102382,3
102383,2
102384,2
102385,2
102386,2
102387,2
102388,2
102389,2
102390,0
102391,0
102392,2
102393,2
102394,0
102395,0
102396,0
102397,2
102398,2
102399,2
102400,2
102401,0
102402,3
102403,0
102404,2
102405,3
102406,2
102407,0
102408,3
102409,3
102410,2
102411,2
102412,0
102413,2
102414,2
102415,0
102416,1
102417,3
102418,3
102419,1
102420,2
102421,2
102422,2
102423,1
102424,1
102425,1
102426,3
102427,2
102428,3
102429,3
102430,3
102431,3
102432,3
102433,0
102434,3
102435,0
102436,2
102437,1
102438,2
102439,2
102440,2
102441,1
102442,1
102443,2
102444,2
102445,2
102446,2
102447,2
102448,2
102449,3
102450,2
102451,2
102452,0
102453,0
102454,2
102455,0
102456,0
102457,2
102458,0
102459,2
102460,2
102461,0
102462,2
102463,2
102464,2
102465,2
102466,2
102467,2
102468,2
102469,2
102470,3
102471,2
102472,3
102473,2
102474,2
102475,3
102476,0
102477,2
102478,2
102479,2
102480,2
102481,3
102482,2
102483,2
102484,2
102485,2
102486,2
102487,0
102488,0
102489,3
102490,1
102491,1
102492,1
102493,1
102494,1
102495,3
102496,1
102497,1
102498,1
102499,3
102500,1
102501,2
102502,2
102503,3
102504,2
102505,2
102506,1
102507,1
102508,0
102509,3
102510,3
102511,1
102512,2
102513,3
102514,0
102515,2
102516,2
102517,2
102518,3
102519,2
102520,3
102521,2
102522,2
102523,2
102524,3
102525,2
102526,2
102527,2
102528,3
102529,2
102530,2
102531,2
102532,2
102533,2
102534,2
102535,1
102536,1
102537,1
102538,1
102539,3
102540,1
102541,0
102542,2
102543,2
102544,2
102545,3
102546,3
102547,0
102548,1
102549,2
102550,3
102551,2
102552,0
102553,2
102554,2
102555,0
102556,2
102557,0
102558,2
102559,2
102560,0
102561,2
102562,2
102563,2
102564,2
102565,2
102566,2
102567,2
102568,2
102569,2
102570,1
102571,1
102572,1
102573,1
102574,1
102575,2
102576,2
102577,2
102578,2
102579,2
102580,1
102581,2
102582,2
102583,2
102584,2
102585,2
102586,2
102587,2
102588,2
102589,2
102590,2
102591,2
102592,2
102593,3
102594,1
102595,1
102596,1
102597,1
102598,2
102599,2
102600,2
102601,2
102602,2
102603,2
102604,2
102605,2
102606,2
102607,2
102608,2
102609,2
102610,2
102611,2
102612,2
102613,2
102614,2
102615,2
102616,2
102617,2
102618,2
102619,2
102620,2
102621,2
102622,2
102623,2
102624,2
102625,2
102626,2
102627,2
102628,2
102629,2
102630,0
102631,2
102632,2
102633,2
102634,2
102635,2
102636,3
102637,2
102638,2
102639,1
102640,2
102641,1
102642,1
102643,1
102644,1
102645,1
102646,2
102647,2
102648,2
102649,2
102650,2
102651,2
102652,2
102653,2
102654,1
102655,3
102656,2
102657,2
102658,3
102659,2
102660,2
102661,2
102662,1
102663,2
102664,2
102665,2
102666,2
102667,2
102668,2
102669,3
102670,1
102671,2
102672,2
102673,2
102674,2
102675,2
102676,2
102677,2
102678,3
102679,2
102680,2
102681,2
102682,2
102683,1
102684,1
102685,1
102686,1
102687,1
102688,1
102689,1
102690,1
102691,1
102692,1
102693,3
102694,3
102695,3
102696,1
102697,3
102698,3
102699,3
102700,3
102701,2
102702,2
102703,2
102704,2
102705,2
102706,2
102707,3
102708,2
102709,3
102710,3
102711,3
102712,3
102713,1
102714,2
102715,2
102716,2
102717,0
102718,0
102719,1
102720,3
102721,2
102722,1
102723,1
102724,1
102725,3
102726,3
102727,3
102728,3
102729,2
102730,3
102731,2
102732,2
102733,2
102734,1
102735,3
102736,3
102737,3
102738,3
102739,3
102740,3
102741,1
102742,3
102743,1
102744,1
102745,3
102746,1
102747,3
102748,3
102749,3
102750,3
102751,1
102752,1
102753,3
102754,3
102755,1
102756,1
102757,1
102758,1
102759,3
102760,1
102761,1
102762,3
102763,1
102764,1
102765,1
102766,1
102767,1
102768,1
102769,2
102770,2
102771,2
102772,2
102773,2
102774,2
102775,2
102776,2
102777,3
102778,2
102779,1
102780,2
102781,3
102782,3
102783,2
102784,3
102785,3
102786,3
102787,3
102788,3
102789,3
102790,3
102791,3
102792,3
102793,3
102794,3
102795,3
102796,3
102797,2
102798,2
102799,3
102800,3
102801,2
102802,3
102803,3
102804,2
102805,3
102806,3
102807,3
102808,2
102809,2
102810,3
102811,2
102812,2
102813,2
102814,2
102815,2
102816,2
102817,2
102818,3
102819,3
102820,2
102821,2
102822,3
102823,2
102824,2
102825,3
102826,2
102827,2
102828,2
102829,2
102830,3
102831,2
102832,2
102833,2
102834,2
102835,2
102836,2
102837,2
102838,0
102839,3
102840,3
102841,2
102842,3
102843,2
102844,2
102845,2
102846,2
102847,2
102848,2
102849,2
102850,2
102851,2
102852,2
102853,2
102854,3
102855,2
102856,2
102857,2
102858,2
102859,3
102860,3
102861,3
102862,2
102863,2
102864,2
102865,2
102866,3
102867,2
102868,3
102869,2
102870,2
102871,3
102872,2
102873,2
102874,2
102875,3
102876,3
102877,2
102878,2
102879,0
102880,3
102881,2
102882,3
102883,3
102884,3
102885,3
102886,3
102887,2
102888,3
102889,3
102890,3
102891,3
102892,3
102893,3
102894,3
102895,3
102896,3
102897,3
102898,3
102899,3
102900,3
102901,2
102902,1
102903,2
102904,2
102905,3
102906,2
102907,0
102908,3
102909,2
102910,0
102911,0
102912,2
102913,0
102914,3
102915,2
102916,0
102917,2
102918,0
102919,2
102920,2
102921,2
102922,2
102923,2
102924,2
102925,3
102926,2
102927,2
102928,2
102929,2
102930,2
102931,2
102932,2
102933,3
102934,2
102935,2
102936,2
102937,2
102938,2
102939,3
102940,3
102941,2
102942,2
102943,3
102944,2
102945,3
102946,2
102947,2
102948,2
102949,2
102950,2
102951,2
102952,2
102953,2
102954,2
102955,2
102956,2
102957,2
102958,2
102959,2
102960,2
102961,2
102962,2
102963,2
102964,0
102965,2
102966,2
102967,2
102968,2
102969,2
102970,3
102971,3
102972,2
102973,2
102974,2
102975,2
102976,2
102977,2
102978,2
102979,2
102980,3
102981,2
102982,2
102983,2
102984,3
102985,2
102986,2
102987,2
102988,2
102989,2
102990,2
102991,2
102992,2
102993,2
102994,2
102995,2
102996,2
102997,3
102998,0
102999,0
103000,2
103001,0
103002,3
103003,2
103004,3
103005,3
103006,0
103007,2
103008,2
103009,2
103010,2
103011,2
103012,2
103013,2
103014,2
103015,2
103016,0
103017,3
103018,2
103019,2
103020,2
103021,0
103022,2
103023,0
103024,2
103025,2
103026,0
103027,2
103028,0
103029,2
103030,2
103031,2
103032,0
103033,2
103034,3
103035,3
103036,2
103037,0
103038,0
103039,2
103040,2
103041,2
103042,2
103043,3
103044,2
103045,2
103046,2
103047,3
103048,2
103049,2
103050,2
103051,2
103052,2
103053,2
103054,2
103055,2
103056,2
103057,2
103058,2
103059,2
103060,2
103061,2
103062,2
103063,2
103064,2
103065,2
103066,0
103067,2
103068,2
103069,2
103070,2
103071,2
103072,2
103073,2
103074,2
103075,2
103076,2
103077,2
103078,2
103079,3
103080,2
103081,3
103082,2
103083,3
103084,2
103085,2
103086,2
103087,2
103088,2
103089,2
103090,3
103091,2
103092,2
103093,2
103094,2
103095,0
103096,0
103097,0
103098,2
103099,0
103100,2
103101,0
103102,3
103103,3
103104,2
103105,2
103106,0
103107,3
103108,3
103109,3
103110,3
103111,0
103112,2
103113,2
103114,3
103115,2
103116,2
103117,2
103118,3
103119,2
103120,2
103121,2
103122,2
103123,2
103124,2
103125,0
103126,0
103127,0
103128,0
103129,2
103130,2
103131,2
103132,2
103133,2
103134,2
103135,2
103136,2
103137,2
103138,3
103139,2
103140,2
103141,2
103142,2
103143,2
103144,2
103145,2
103146,0
103147,0
103148,2
103149,2
103150,3
103151,0
103152,0
103153,2
103154,2
103155,2
103156,2
103157,2
103158,2
103159,2
103160,2
103161,2
103162,2
103163,2
103164,2
103165,2
103166,2
103167,2
103168,2
103169,2
103170,2
103171,2
103172,2
103173,2
103174,2
103175,2
103176,2
103177,2
103178,2
103179,2
103180,2
103181,2
103182,2
103183,2
103184,2
103185,2
103186,2
103187,2
103188,2
103189,2
103190,2
103191,2
103192,2
103193,2
103194,2
103195,2
103196,1
103197,2
103198,2
103199,2
103200,2
103201,2
103202,2
103203,2
103204,2
103205,2
103206,2
103207,2
103208,2
103209,0
103210,0
103211,0
103212,3
103213,3
103214,0
103215,0
103216,0
103217,0
103218,2
103219,3
103220,2
103221,3
103222,2
103223,1
103224,2
103225,2
103226,2
103227,2
103228,2
103229,3
103230,2
103231,2
103232,3
103233,2
103234,2
103235,3
103236,2
103237,2
103238,2
103239,2
103240,2
103241,2
103242,2
103243,2
103244,2
103245,2
103246,2
103247,2
103248,2
103249,2
103250,2
103251,2
103252,2
103253,2
103254,2
103255,2
103256,2
103257,2
103258,3
103259,2
103260,2
103261,2
103262,2
103263,2
103264,2
103265,3
103266,0
103267,2
103268,0
103269,0
103270,2
103271,2
103272,2
103273,2
103274,2
103275,2
103276,0
103277,0
103278,2
103279,0
103280,0
103281,2
103282,2
103283,2
103284,0
103285,2
103286,3
103287,2
103288,2
103289,2
103290,2
103291,0
103292,3
103293,2
103294,2
103295,2
103296,3
103297,3
103298,2
103299,2
103300,3
103301,2
103302,3
103303,2
103304,0
103305,2
103306,2
103307,2
103308,2
103309,3
103310,3
103311,2
103312,2
103313,2
103314,2
103315,2
103316,2
103317,3
103318,3
103319,0
103320,2
103321,2
103322,3
103323,0
103324,2
103325,2
103326,2
103327,2
103328,2
103329,2
103330,2
103331,2
103332,2
103333,2
103334,2
103335,2
103336,2
103337,2
103338,2
103339,2
103340,2
103341,2
103342,2
103343,2
103344,2
103345,2
103346,2
103347,2
103348,2
103349,2
103350,2
103351,2
103352,2
103353,2
103354,2
103355,2
103356,2
103357,2
103358,2
103359,2
103360,2
103361,3
103362,2
103363,2
103364,2
103365,3
103366,2
103367,2
103368,2
103369,2
103370,0
103371,2
103372,2
103373,2
103374,2
103375,2
103376,2
103377,2
103378,2
103379,2
103380,3
103381,2
103382,2
103383,2
103384,2
103385,2
103386,0
103387,2
103388,2
103389,2
103390,2
103391,0
103392,2
103393,2
103394,2
103395,2
103396,2
103397,2
103398,2
103399,2
103400,2
103401,1
103402,3
103403,2
103404,3
103405,2
103406,2
103407,2
103408,2
103409,2
103410,2
103411,2
103412,2
103413,2
103414,2
103415,3
103416,2
103417,2
103418,2
103419,2
103420,2
103421,2
103422,2
103423,2
103424,2
103425,3
103426,2
103427,2
103428,2
103429,2
103430,2
103431,2
103432,2
103433,2
103434,2
103435,2
103436,2
103437,2
103438,2
103439,2
103440,2
103441,2
103442,2
103443,2
103444,2
103445,2
103446,2
103447,2
103448,2
103449,2
103450,2
103451,2
103452,3
103453,2
103454,3
103455,2
103456,0
103457,2
103458,2
103459,2
103460,2
103461,2
103462,2
103463,3
103464,2
103465,2
103466,2
103467,2
103468,2
103469,2
103470,2
103471,3
103472,2
103473,2
103474,2
103475,2
103476,2
103477,2
103478,2
103479,0
103480,2
103481,2
103482,2
103483,2
103484,2
103485,2
103486,2
103487,2
103488,2
103489,2
103490,2
103491,2
103492,2
103493,2
103494,2
103495,2
103496,2
103497,2
103498,2
103499,2
103500,3
103501,2
103502,2
103503,2
103504,2
103505,2
103506,2
103507,2
103508,2
103509,2
103510,2
103511,2
103512,2
103513,2
103514,2
103515,2
103516,2
103517,2
103518,2
103519,2
103520,2
103521,2
103522,2
103523,2
103524,2
103525,2
103526,0
103527,0
103528,2
103529,3
103530,2
103531,2
103532,2
103533,2
103534,2
103535,2
103536,2
103537,2
103538,3
103539,3
103540,1
103541,3
103542,2
103543,2
103544,2
103545,2
103546,2
103547,2
103548,3
103549,2
103550,2
103551,2
103552,2
103553,2
103554,2
103555,2
103556,2
103557,3
103558,3
103559,3
103560,2
103561,2
103562,3
103563,3
103564,3
103565,3
103566,3
103567,3
103568,3
103569,2
103570,2
103571,3
103572,2
103573,2
103574,2
103575,2
103576,2
103577,2
103578,2
103579,2
103580,2
103581,2
103582,3
103583,3
103584,3
103585,3
103586,2
103587,2
103588,2
103589,2
103590,2
103591,2
103592,2
103593,2
103594,3
103595,2
103596,2
103597,2
103598,2
103599,2
103600,2
103601,2
103602,3
103603,3
103604,2
103605,3
103606,3
103607,3
103608,3
103609,2
103610,3
103611,2
103612,0
103613,3
103614,3
103615,3
103616,3
103617,3
103618,3
103619,2
103620,2
103621,2
103622,2
103623,0
103624,2
103625,0
103626,0
103627,0
103628,2
103629,2
103630,3
103631,3
103632,3
103633,2
103634,3
103635,2
103636,2
103637,3
103638,3
103639,2
103640,3
103641,3
103642,3
103643,1
103644,3
103645,3
103646,1
103647,3
103648,3
103649,3
103650,2
103651,2
103652,2
103653,3
103654,3
103655,3
103656,3
103657,3
103658,3
103659,3
103660,3
103661,3
103662,3
103663,3
103664,3
103665,1
103666,3
103667,2
103668,0
103669,3
103670,3
103671,3
103672,1
103673,3
103674,2
103675,3
103676,2
103677,2
103678,2
103679,2
103680,2
103681,2
103682,2
103683,2
103684,2
103685,2
103686,2
103687,2
103688,2
103689,2
103690,2
103691,2
103692,3
103693,3
103694,2
103695,3
103696,2
103697,2
103698,2
103699,2
103700,2
103701,2
103702,2
103703,2
103704,2
103705,2
103706,2
103707,2
103708,2
103709,2
103710,3
103711,3
103712,3
103713,3
103714,3
103715,3
103716,2
103717,2
103718,2
103719,2
103720,2
103721,2
103722,2
103723,0
103724,2
103725,0
103726,3
103727,3
103728,2
103729,2
103730,2
103731,2
103732,3
103733,2
103734,3
103735,2
103736,3
103737,3
103738,2
103739,2
103740,2
103741,3
103742,2
103743,3
103744,3
103745,3
103746,3
103747,2
103748,3
103749,3
103750,2
103751,3
103752,2
103753,3
103754,3
103755,2
103756,3
103757,2
103758,0
103759,2
103760,2
103761,2
103762,0
103763,2
103764,2
103765,2
103766,3
103767,0
103768,2
103769,3
103770,2
103771,2
103772,3
103773,3
103774,3
103775,3
103776,3
103777,2
103778,3
103779,2
103780,2
103781,2
103782,2
103783,2
103784,2
103785,2
103786,0
103787,2
103788,2
103789,2
103790,0
103791,2
103792,3
103793,2
103794,2
103795,2
103796,3
103797,2
103798,3
103799,3
103800,2
103801,0
103802,2
103803,2
103804,2
103805,2
103806,2
103807,2
103808,2
103809,2
103810,2
103811,2
103812,2
103813,2
103814,2
103815,2
103816,2
103817,2
103818,2
103819,3
103820,3
103821,3
103822,2
103823,2
103824,2
103825,2
103826,2
103827,2
103828,2
103829,2
103830,3
103831,2
103832,0
103833,3
103834,2
103835,3
103836,3
103837,3
103838,3
103839,3
103840,3
103841,3
103842,3
103843,3
103844,3
103845,2
103846,2
103847,2
103848,2
103849,2
103850,2
103851,2
103852,3
103853,2
103854,3
103855,3
103856,3
103857,2
103858,3
103859,2
103860,3
103861,3
103862,2
103863,2
103864,3
103865,0
103866,3
103867,3
103868,3
103869,2
103870,3
103871,3
103872,2
103873,2
103874,3
103875,2
103876,2
103877,2
103878,2
103879,2
103880,2
103881,2
103882,1
103883,2
103884,2
103885,2
103886,2
103887,2
103888,2
103889,2
103890,2
103891,2
103892,2
103893,2
103894,2
103895,2
103896,0
103897,0
103898,2
103899,0
103900,2
103901,2
103902,2
103903,2
103904,0
103905,0
103906,2
103907,2
103908,2
103909,0
103910,2
103911,1
103912,3
103913,0
103914,0
103915,2
103916,3
103917,2
103918,0
103919,0
103920,3
103921,3
103922,3
103923,2
103924,0
103925,3
103926,0
103927,3
103928,0
103929,3
103930,3
103931,2
103932,3
103933,2
103934,2
103935,3
103936,2
103937,3
103938,2
103939,3
103940,3
103941,3
103942,3
103943,3
103944,3
103945,1
103946,3
103947,3
103948,2
103949,3
103950,2
103951,2
103952,2
103953,3
103954,2
103955,2
103956,3
103957,3
103958,2
103959,3
103960,3
103961,3
103962,3
103963,3
103964,0
103965,3
103966,3
103967,3
103968,0
103969,2
103970,0
103971,2
103972,2
103973,2
103974,2
103975,3
103976,2
103977,2
103978,3
103979,2
103980,2
103981,1
103982,3
103983,3
103984,3
103985,3
103986,3
103987,3
103988,2
103989,2
103990,2
103991,2
103992,3
103993,2
103994,2
103995,2
103996,1
103997,1
103998,1
103999,1
104000,1
104001,1
104002,1
104003,1
104004,1
104005,1
104006,1
104007,2
104008,3
104009,2
104010,2
104011,3
104012,2
104013,3
104014,3
104015,3
104016,2
104017,3
104018,3
104019,2
104020,3
104021,3
104022,2
104023,3
104024,3
104025,3
104026,3
104027,3
104028,3
104029,3
104030,3
104031,3
104032,3
104033,3
104034,2
104035,3
104036,3
104037,3
104038,3
104039,3
104040,2
104041,3
104042,3
104043,2
104044,3
104045,2
104046,3
104047,2
104048,2
104049,2
104050,2
104051,2
104052,2
104053,2
104054,2
104055,2
104056,2
104057,2
104058,2
104059,2
104060,2
104061,2
104062,2
104063,2
104064,2
104065,2
104066,2
104067,2
104068,2
104069,2
104070,2
104071,2
104072,2
104073,2
104074,2
104075,2
104076,2
104077,2
104078,2
104079,2
104080,2
104081,3
104082,3
104083,3
104084,3
104085,2
104086,3
104087,3
104088,3
104089,3
104090,3
104091,3
104092,3
104093,3
104094,3
104095,3
104096,2
104097,2
104098,3
104099,3
104100,3
104101,3
104102,3
104103,3
104104,3
104105,3
104106,3
104107,3
104108,3
104109,3
104110,3
104111,3
104112,3
104113,3
104114,2
104115,2
104116,2
104117,3
104118,2
104119,2
104120,3
104121,2
104122,2
104123,2
104124,3
104125,2
104126,2
104127,2
104128,2
104129,2
104130,3
104131,3
104132,3
104133,2
104134,2
104135,2
104136,2
104137,2
104138,2
104139,2
104140,3
104141,2
104142,3
104143,2
104144,3
104145,3
104146,3
104147,3
104148,2
104149,2
104150,2
104151,3
104152,2
104153,3
104154,3
104155,3
104156,2
104157,2
104158,2
104159,2
104160,3
104161,3
104162,3
104163,3
104164,3
104165,3
104166,3
104167,2
104168,2
104169,2
104170,2
104171,3
104172,3
104173,3
104174,3
104175,0
104176,2
104177,3
104178,3
104179,3
104180,3
104181,3
104182,2
104183,3
104184,3
104185,2
104186,0
104187,3
104188,3
104189,2
104190,2
104191,0
104192,1
104193,3
104194,1
104195,3
104196,1
104197,1
104198,1
104199,1
104200,3
104201,1
104202,1
104203,1
104204,1
104205,3
104206,1
104207,3
104208,1
104209,3
104210,1
104211,1
104212,1
104213,1
104214,3
104215,3
104216,3
104217,1
104218,3
104219,1
104220,3
104221,1
104222,3
104223,3
104224,2
104225,1
104226,1
104227,1
104228,0
104229,3
104230,3
104231,1
104232,3
104233,1
104234,1
104235,3
104236,3
104237,1
104238,1
104239,3
104240,3
104241,2
104242,3
104243,1
104244,2
104245,1
104246,3
104247,3
104248,3
104249,3
104250,3
104251,3
104252,3
104253,3
104254,3
104255,3
104256,3
104257,3
104258,1
104259,3
104260,3
104261,2
104262,1
104263,3
104264,3
104265,3
104266,3
104267,3
104268,3
104269,0
104270,0
104271,3
104272,0
104273,0
104274,3
104275,3
104276,3
104277,3
104278,3
104279,3
104280,3
104281,3
104282,1
104283,3
104284,3
104285,1
104286,1
104287,1
104288,1
104289,1
104290,3
104291,3
104292,3
104293,1
104294,1
104295,3
104296,1
104297,3
104298,1
104299,3
104300,3
104301,3
104302,3
104303,3
104304,1
104305,3
104306,3
104307,3
104308,1
104309,3
104310,2
104311,3
104312,3
104313,3
104314,3
104315,3
104316,3
104317,3
104318,3
104319,3
104320,3
104321,3
104322,3
104323,3
104324,3
104325,0
104326,3
104327,3
104328,3
104329,3
104330,3
104331,3
104332,0
104333,0
104334,0
104335,0
104336,0
104337,0
104338,0
104339,0
104340,0
104341,0
104342,0
104343,3
104344,3
104345,0
104346,3
104347,3
104348,3
104349,3
104350,3
104351,3
104352,1
104353,1
104354,0
104355,3
104356,1
104357,1
104358,3
104359,3
104360,0
104361,3
104362,0
104363,2
104364,0
104365,3
104366,3
104367,3
104368,0
104369,3
104370,0
104371,0
104372,0
104373,2
104374,0
104375,0
104376,0
104377,3
104378,3
104379,3
104380,3
104381,2
104382,3
104383,3
104384,3
104385,3
104386,0
104387,3
104388,3
104389,3
104390,3
104391,3
104392,3
104393,0
104394,0
104395,2
104396,1
104397,1
104398,3
104399,0
104400,0
104401,0
104402,0
104403,0
104404,0
104405,3
104406,3
104407,3
104408,0
104409,3
104410,3
104411,3
104412,1
104413,3
104414,1
104415,2
104416,2
104417,3
104418,3
104419,3
104420,3
104421,3
104422,3
104423,3
104424,3
104425,3
104426,3
104427,3
104428,2
104429,3
104430,2
104431,3
104432,2
104433,3
104434,3
104435,2
104436,2
104437,2
104438,3
104439,3
104440,3
104441,3
104442,2
104443,2
104444,2
104445,3
104446,2
104447,2
104448,2
104449,2
104450,2
104451,2
104452,2
104453,3
104454,2
104455,2
104456,2
104457,2
104458,3
104459,3
104460,1
104461,3
104462,3
104463,3
104464,3
104465,3
104466,3
104467,3
104468,3
104469,3
104470,3
104471,3
104472,3
104473,3
104474,3
104475,3
104476,3
104477,3
104478,3
104479,3
104480,3
104481,3
104482,3
104483,3
104484,3
104485,3
104486,2
104487,2
104488,2
104489,2
104490,2
104491,3
104492,3
104493,3
104494,3
104495,3
104496,3
104497,3
104498,3
104499,3
104500,3
104501,2
104502,3
104503,3
104504,3
104505,3
104506,3
104507,2
104508,2
104509,3
104510,3
104511,3
104512,2
104513,3
104514,3
104515,3
104516,2
104517,3
104518,2
104519,2
104520,2
104521,2
104522,2
104523,3
104524,2
104525,3
104526,3
104527,3
104528,3
104529,3
104530,2
104531,2
104532,3
104533,3
104534,3
104535,3
104536,3
104537,3
104538,2
104539,3
104540,2
104541,2
104542,2
104543,2
104544,2
104545,2
104546,2
104547,2
104548,2
104549,2
104550,2
104551,2
104552,2
104553,2
104554,2
104555,2
104556,2
104557,2
104558,2
104559,2
104560,2
104561,2
104562,2
104563,2
104564,2
104565,2
104566,2
104567,2
104568,2
104569,2
104570,2
104571,2
104572,2
104573,2
104574,2
104575,2
104576,2
104577,2
104578,2
104579,2
104580,2
104581,2
104582,2
104583,2
104584,2
104585,2
104586,2
104587,2
104588,2
104589,2
104590,2
104591,2
104592,2
104593,2
104594,2
104595,2
104596,2
104597,2
104598,2
104599,2
104600,2
104601,2
104602,2
104603,2
104604,2
104605,2
104606,2
104607,2
104608,2
104609,2
104610,2
104611,2
104612,2
104613,2
104614,2
104615,2
104616,2
104617,3
104618,3
104619,3
104620,3
104621,3
104622,3
104623,3
104624,2
104625,2
104626,2
104627,2
104628,2
104629,2
104630,2
104631,2
104632,2
104633,3
104634,2
104635,3
104636,2
104637,2
104638,3
104639,2
104640,2
104641,3
104642,3
104643,3
104644,2
104645,2
104646,3
104647,3
104648,3
104649,3
104650,3
104651,3
104652,3
104653,3
104654,2
104655,3
104656,3
104657,3
104658,3
104659,2
104660,3
104661,2
104662,3
104663,3
104664,3
104665,3
104666,3
104667,2
104668,2
104669,3
104670,3
104671,3
104672,3
104673,3
104674,2
104675,3
104676,3
104677,2
104678,2
104679,3
104680,3
104681,3
104682,2
104683,3
104684,3
104685,1
104686,2
104687,3
104688,3
104689,3
104690,0
104691,3
104692,3
104693,3
104694,2
104695,2
104696,2
104697,2
104698,2
104699,2
104700,2
104701,2
104702,2
104703,2
104704,2
104705,2
104706,2
104707,2
104708,2
104709,3
104710,2
104711,2
104712,3
104713,3
104714,3
104715,2
104716,2
104717,3
104718,3
104719,3
104720,3
104721,3
104722,3
104723,3
104724,3
104725,3
104726,3
104727,3
104728,3
104729,2
104730,3
104731,3
104732,3
104733,3
104734,2
104735,2
104736,2
104737,2
104738,3
104739,3
104740,2
104741,2
104742,2
104743,2
104744,2
104745,3
104746,2
104747,2
104748,3
104749,3
104750,2
104751,2
104752,2
104753,3
104754,3
104755,2
104756,2
104757,2
104758,2
104759,2
104760,2
104761,2
104762,2
104763,2
104764,3
104765,3
104766,3
104767,2
104768,2
104769,2
104770,3
104771,3
104772,3
104773,3
104774,3
104775,2
104776,3
104777,3
104778,2
104779,2
104780,3
104781,2
104782,3
104783,2
104784,2
104785,2
104786,2
104787,2
104788,2
104789,3
104790,2
104791,2
104792,2
104793,2
104794,3
104795,2
104796,2
104797,3
104798,2
104799,3
104800,2
104801,2
104802,3
104803,3
104804,3
104805,3
104806,3
104807,3
104808,3
104809,3
104810,2
104811,2
104812,3
104813,3
104814,2
104815,3
104816,2
104817,2
104818,2
104819,2
104820,2
104821,2
104822,2
104823,3
104824,3
104825,3
104826,3
104827,3
104828,3
104829,2
104830,3
104831,3
104832,2
104833,2
104834,2
104835,2
104836,2
104837,2
104838,2
104839,2
104840,2
104841,2
104842,3
104843,3
104844,1
104845,3
104846,2
104847,3
104848,3
104849,3
104850,3
104851,2
104852,1
104853,3
104854,3
104855,2
104856,1
104857,0
104858,1
104859,2
104860,2
104861,2
104862,3
104863,2
104864,2
104865,3
104866,0
104867,2
104868,3
104869,3
104870,3
104871,3
104872,2
104873,1
104874,1
104875,1
104876,3
104877,3
104878,1
104879,3
104880,3
104881,1
104882,3
104883,3
104884,3
104885,1
104886,3
104887,1
104888,1
104889,3
104890,3
104891,3
104892,3
104893,2
104894,3
104895,2
104896,3
104897,3
104898,3
104899,2
104900,2
104901,3
104902,3
104903,3
104904,2
104905,3
104906,3
104907,3
104908,3
104909,2
104910,3
104911,2
104912,2
104913,2
104914,2
104915,2
104916,2
104917,2
104918,2
104919,2
104920,2
104921,2
104922,2
104923,2
104924,2
104925,2
104926,2
104927,2
104928,2
104929,2
104930,2
104931,2
104932,2
104933,3
104934,3
104935,2
104936,2
104937,2
104938,3
104939,2
104940,2
104941,2
104942,2
104943,2
104944,2
104945,2
104946,3
104947,2
104948,2
104949,2
104950,2
104951,2
104952,2
104953,3
104954,2
104955,2
104956,2
104957,2
104958,2
104959,2
104960,2
104961,2
104962,2
104963,2
104964,2
104965,2
104966,3
104967,2
104968,2
104969,2
104970,2
104971,2
104972,2
104973,2
104974,2
104975,2
104976,2
104977,2
104978,2
104979,2
104980,2
104981,2
104982,2
104983,3
104984,2
104985,2
104986,3
104987,2
104988,3
104989,2
104990,2
104991,3
104992,2
104993,2
104994,2
104995,3
104996,3
104997,3
104998,1
104999,3
105000,2
105001,2
105002,2
105003,2
105004,2
105005,3
105006,3
105007,3
105008,2
105009,3
105010,3
105011,1
105012,3
105013,3
105014,3
105015,3
105016,3
105017,3
105018,3
105019,3
105020,3
105021,3
105022,1
105023,3
105024,2
105025,2
105026,2
105027,3
105028,3
105029,3
105030,3
105031,2
105032,3
105033,1
105034,1
105035,3
105036,3
105037,0
105038,2
105039,3
105040,1
105041,3
105042,3
105043,3
105044,2
105045,3
105046,3
105047,3
105048,3
105049,3
105050,3
105051,3
105052,3
105053,3
105054,3
105055,3
105056,2
105057,3
105058,3
105059,2
105060,2
105061,3
105062,3
105063,3
105064,3
105065,3
105066,3
105067,3
105068,3
105069,3
105070,2
105071,2
105072,3
105073,3
105074,3
105075,2
105076,2
105077,2
105078,2
105079,2
105080,2
105081,2
105082,2
105083,2
105084,3
105085,3
105086,2
105087,3
105088,3
105089,3
105090,3
105091,3
105092,3
105093,3
105094,3
105095,2
105096,3
105097,3
105098,3
105099,3
105100,2
105101,3
105102,2
105103,3
105104,3
105105,3
105106,3
105107,2
105108,2
105109,3
105110,3
105111,3
105112,3
105113,2
105114,3
105115,3
105116,2
105117,3
105118,2
105119,2
105120,2
105121,3
105122,2
105123,3
105124,3
105125,2
105126,2
105127,2
105128,3
105129,3
105130,3
105131,2
105132,2
105133,2
105134,2
105135,2
105136,2
105137,2
105138,3
105139,2
105140,2
105141,3
105142,3
105143,3
105144,3
105145,3
105146,2
105147,3
105148,2
105149,2
105150,3
105151,3
105152,3
105153,3
105154,3
105155,3
105156,3
105157,3
105158,3
105159,3
105160,3
105161,0
105162,3
105163,3
105164,3
105165,2
105166,3
105167,2
105168,2
105169,3
105170,3
105171,3
105172,2
105173,2
105174,3
105175,3
105176,2
105177,3
105178,3
105179,3
105180,3
105181,2
105182,2
105183,3
105184,3
105185,3
105186,3
105187,3
105188,3
105189,3
105190,3
105191,3
105192,2
105193,3
105194,3
105195,3
105196,3
105197,3
105198,3
105199,3
105200,3
105201,3
105202,3
105203,3
105204,3
105205,3
105206,3
105207,3
105208,3
105209,3
105210,3
105211,2
105212,3
105213,3
105214,3
105215,3
105216,3
105217,3
105218,2
105219,3
105220,0
105221,2
105222,0
105223,0
105224,2
105225,2
105226,1
105227,1
105228,1
105229,1
105230,1
105231,1
105232,1
105233,1
105234,3
105235,3
105236,3
105237,3
105238,1
105239,1
105240,1
105241,1
105242,1
105243,1
105244,1
105245,1
105246,1
105247,2
105248,2
105249,1
105250,1
105251,3
105252,1
105253,3
105254,2
105255,1
105256,3
105257,1
105258,1
105259,1
105260,1
105261,1
105262,1
105263,1
105264,1
105265,1
105266,1
105267,1
105268,1
105269,1
105270,1
105271,1
105272,1
105273,1
105274,1
105275,1
105276,1
105277,1
105278,1
105279,1
105280,1
105281,1
105282,1
105283,1
105284,1
105285,1
105286,3
105287,1
105288,1
105289,1
105290,1
105291,1
105292,1
105293,1
105294,1
105295,1
105296,1
105297,3
105298,1
105299,1
105300,1
105301,1
105302,1
105303,3
105304,1
105305,1
105306,1
105307,1
105308,1
105309,1
105310,1
105311,1
105312,2
105313,1
105314,1
105315,1
105316,1
105317,1
105318,1
105319,1
105320,1
105321,1
105322,1
105323,1
105324,3
105325,3
105326,3
105327,3
105328,1
105329,3
105330,0
105331,3
105332,1
105333,3
105334,1
105335,3
105336,3
105337,1
105338,3
105339,1
105340,1
105341,1
105342,1
105343,1
105344,1
105345,1
105346,3
105347,3
105348,3
105349,1
105350,1
105351,1
105352,1
105353,1
105354,3
105355,1
105356,1
105357,1
105358,1
105359,1
105360,1
105361,1
105362,1
105363,1
105364,1
105365,3
105366,1
105367,1
105368,1
105369,1
105370,1
105371,1
105372,1
105373,1
105374,1
105375,1
105376,1
105377,1
105378,1
105379,1
105380,1
105381,1
105382,2
105383,1
105384,1
105385,1
105386,1
105387,1
105388,1
105389,1
105390,1
105391,1
105392,1
105393,1
105394,1
105395,1
105396,3
105397,1
105398,1
105399,1
105400,1
105401,1
105402,1
105403,1
105404,1
105405,1
105406,1
105407,1
105408,3
105409,3
105410,3
105411,3
105412,3
105413,3
105414,3
105415,3
105416,3
105417,3
105418,3
105419,3
105420,3
105421,3
105422,3
105423,3
105424,3
105425,3
105426,2
105427,2
105428,3
105429,2
105430,2
105431,2
105432,2
105433,2
105434,2
105435,2
105436,2
105437,2
105438,2
105439,2
105440,3
105441,3
105442,3
105443,2
105444,2
105445,2
105446,3
105447,3
105448,3
105449,2
105450,3
105451,3
105452,2
105453,3
105454,3
105455,3
105456,3
105457,3
105458,2
105459,3
105460,3
105461,2
105462,2
105463,2
105464,3
105465,3
105466,3
105467,3
105468,3
105469,3
105470,3
105471,3
105472,3
105473,3
105474,3
105475,3
105476,3
105477,3
105478,3
105479,3
105480,2
105481,2
105482,2
105483,2
105484,3
105485,3
105486,3
105487,3
105488,3
105489,3
105490,3
105491,3
105492,3
105493,2
105494,3
105495,3
105496,3
105497,2
105498,3
105499,3
105500,3
105501,2
105502,3
105503,2
105504,2
105505,3
105506,3
105507,3
105508,3
105509,3
105510,3
105511,2
105512,3
105513,3
105514,2
105515,2
105516,3
105517,3
105518,3
105519,2
105520,2
105521,2
105522,3
105523,2
105524,3
105525,3
105526,2
105527,0
105528,2
105529,2
105530,0
105531,2
105532,0
105533,2
105534,2
105535,2
105536,2
105537,0
105538,0
105539,0
105540,0
105541,0
105542,0
105543,0
105544,0
105545,0
105546,2
105547,2
105548,2
105549,0
105550,0
105551,0
105552,2
105553,2
105554,2
105555,3
105556,2
105557,2
105558,2
105559,2
105560,3
105561,3
105562,2
105563,2
105564,2
105565,0
105566,2
105567,2
105568,2
105569,2
105570,1
105571,1
105572,1
105573,2
105574,2
105575,2
105576,2
105577,2
105578,2
105579,3
105580,3
105581,3
105582,2
105583,2
105584,2
105585,2
105586,2
105587,2
105588,2
105589,2
105590,2
105591,2
105592,3
105593,2
105594,2
105595,2
105596,2
105597,2
105598,3
105599,2
105600,2
105601,2
105602,2
105603,3
105604,3
105605,3
105606,3
105607,3
105608,2
105609,2
105610,2
105611,2
105612,0
105613,2
105614,2
105615,2
105616,3
105617,3
105618,3
105619,3
105620,2
105621,1
105622,3
105623,3
105624,2
105625,2
105626,2
105627,2
105628,2
105629,2
105630,3
105631,2
105632,3
105633,1
105634,3
105635,3
105636,2
105637,2
105638,3
105639,2
105640,2
105641,2
105642,2
105643,1
105644,3
105645,2
105646,2
105647,3
105648,3
105649,3
105650,3
105651,0
105652,2
105653,2
105654,3
105655,3
105656,3
105657,3
105658,2
105659,2
105660,3
105661,3
105662,3
105663,3
105664,0
105665,3
105666,3
105667,3
105668,3
105669,3
105670,3
105671,2
105672,3
105673,2
105674,3
105675,3
105676,3
105677,3
105678,3
105679,3
105680,3
105681,3
105682,3
105683,3
105684,3
105685,3
105686,3
105687,3
105688,3
105689,3
105690,3
105691,3
105692,3
105693,3
105694,3
105695,1
105696,1
105697,1
105698,3
105699,3
105700,3
105701,1
105702,3
105703,1
105704,1
105705,1
105706,1
105707,1
105708,1
105709,3
105710,0
105711,1
105712,1
105713,1
105714,3
105715,3
105716,1
105717,1
105718,3
105719,3
105720,3
105721,3
105722,2
105723,3
105724,3
105725,3
105726,3
105727,3
105728,3
105729,3
105730,2
105731,3
105732,2
105733,0
105734,3
105735,3
105736,3
105737,3
105738,3
105739,3
105740,3
105741,3
105742,2
105743,2
105744,2
105745,3
105746,2
105747,2
105748,2
105749,1
105750,1
105751,1
105752,1
105753,1
105754,1
105755,3
105756,2
105757,0
105758,2
105759,3
105760,3
105761,2
105762,2
105763,2
105764,2
105765,2
105766,3
105767,2
105768,2
105769,2
105770,2
105771,3
105772,3
105773,2
105774,3
105775,3
105776,2
105777,3
105778,1
105779,1
105780,1
105781,1
105782,3
105783,2
105784,3
105785,3
105786,3
105787,3
105788,3
105789,2
105790,2
105791,2
105792,3
105793,3
105794,3
105795,3
105796,3
105797,3
105798,3
105799,3
105800,3
105801,3
105802,2
105803,3
105804,3
105805,3
105806,3
105807,0
105808,3
105809,3
105810,3
105811,3
105812,3
105813,3
105814,2
105815,2
105816,2
105817,2
105818,2
105819,2
105820,2
105821,2
105822,2
105823,2
105824,2
105825,3
105826,2
105827,2
105828,3
105829,2
105830,2
105831,2
105832,2
105833,2
105834,2
105835,2
105836,2
105837,2
105838,2
105839,0
105840,2
105841,2
105842,3
105843,1
105844,3
105845,1
105846,3
105847,2
105848,3
105849,2
105850,1
105851,1
105852,3
105853,1
105854,2
105855,3
105856,3
105857,2
105858,2
105859,3
105860,2
105861,3
105862,3
105863,1
105864,3
105865,3
105866,2
105867,2
105868,2
105869,2
105870,2
105871,3
105872,2
105873,3
105874,2
105875,2
105876,2
105877,2
105878,2
105879,2
105880,2
105881,3
105882,3
105883,3
105884,3
105885,3
105886,3
105887,2
105888,3
105889,0
105890,0
105891,0
105892,3
105893,3
105894,3
105895,3
105896,2
105897,0
105898,0
105899,3
105900,2
105901,0
105902,2
105903,2
105904,2
105905,2
105906,2
105907,0
105908,0
105909,0
105910,2
105911,2
105912,2
105913,3
105914,2
105915,2
105916,2
105917,2
105918,0
105919,2
105920,3
105921,2
105922,3
105923,2
105924,3
105925,1
105926,1
105927,1
105928,1
105929,1
105930,1
105931,3
105932,3
105933,1
105934,0
105935,2
105936,2
105937,3
105938,3
105939,3
105940,2
105941,1
105942,3
105943,1
105944,1
105945,2
105946,1
105947,2
105948,1
105949,3
105950,1
105951,1
105952,1
105953,3
105954,1
105955,1
105956,1
105957,1
105958,1
105959,1
105960,3
105961,1
105962,3
105963,1
105964,1
105965,1
105966,3
105967,1
105968,1
105969,1
105970,1
105971,3
105972,0
105973,3
105974,3
105975,3
105976,3
105977,1
105978,3
105979,1
105980,3
105981,3
105982,2
105983,1
105984,3
105985,1
105986,1
105987,3
105988,3
105989,3
105990,1
105991,3
105992,1
105993,3
105994,3
105995,1
105996,3
105997,1
105998,1
105999,1
106000,3
106001,0
106002,0
106003,2
106004,0
106005,0
106006,1
106007,0
106008,2
106009,3
106010,0
106011,0
106012,0
106013,0
106014,0
106015,0
106016,3
106017,3
106018,3
106019,3
106020,3
106021,3
106022,3
106023,3
106024,3
106025,1
106026,1
106027,3
106028,3
106029,3
106030,2
106031,3
106032,3
106033,3
106034,3
106035,3
106036,2
106037,0
106038,3
106039,3
106040,3
106041,3
106042,2
106043,3
106044,2
106045,2
106046,2
106047,2
106048,2
106049,2
106050,3
106051,2
106052,2
106053,2
106054,3
106055,2
106056,2
106057,3
106058,3
106059,3
106060,2
106061,2
106062,3
106063,3
106064,3
106065,3
106066,2
106067,2
106068,3
106069,2
106070,2
106071,2
106072,3
106073,2
106074,3
106075,3
106076,3
106077,3
106078,2
106079,2
106080,3
106081,3
106082,3
106083,3
106084,3
106085,2
106086,2
106087,1
106088,3
106089,3
106090,2
106091,3
106092,2
106093,2
106094,3
106095,3
106096,3
106097,3
106098,3
106099,3
106100,1
106101,2
106102,2
106103,2
106104,2
106105,2
106106,2
106107,2
106108,3
106109,3
106110,3
106111,3
106112,2
106113,2
106114,2
106115,3
106116,2
106117,3
106118,2
106119,2
106120,1
106121,3
106122,3
106123,3
106124,3
106125,2
106126,2
106127,2
106128,2
106129,2
106130,3
106131,2
106132,1
106133,2
106134,3
106135,2
106136,3
106137,3
106138,3
106139,3
106140,2
106141,3
106142,3
106143,2
106144,3
106145,3
106146,3
106147,2
106148,3
106149,0
106150,3
106151,3
106152,2
106153,3
106154,3
106155,3
106156,3
106157,0
106158,3
106159,1
106160,3
106161,2
106162,2
106163,3
106164,2
106165,2
106166,2
106167,3
106168,3
106169,3
106170,3
106171,2
106172,1
106173,3
106174,1
106175,3
106176,2
106177,2
106178,2
106179,2
106180,2
106181,2
106182,1
106183,2
106184,2
106185,2
106186,2
106187,3
106188,3
106189,3
106190,3
106191,2
106192,1
106193,3
106194,3
106195,3
106196,2
106197,3
106198,3
106199,3
106200,3
106201,3
106202,2
106203,2
106204,3
106205,2
106206,3
106207,2
106208,1
106209,1
106210,3
106211,2
106212,3
106213,3
106214,2
106215,3
106216,3
106217,3
106218,3
106219,3
106220,3
106221,3
106222,3
106223,3
106224,2
106225,3
106226,3
106227,3
106228,3
106229,3
106230,3
106231,2
106232,3
106233,3
106234,3
106235,3
106236,3
106237,3
106238,3
106239,3
106240,3
106241,3
106242,3
106243,2
106244,3
106245,3
106246,3
106247,3
106248,3
106249,3
106250,3
106251,3
106252,3
106253,0
106254,3
106255,3
106256,0
106257,3
106258,2
106259,2
106260,2
106261,2
106262,0
106263,0
106264,2
106265,3
106266,3
106267,3
106268,2
106269,3
106270,0
106271,2
106272,3
106273,3
106274,2
106275,2
106276,2
106277,3
106278,2
106279,2
106280,2
106281,0
106282,3
106283,3
106284,3
106285,3
106286,3
106287,2
106288,3
106289,2
106290,2
106291,2
106292,2
106293,2
106294,0
106295,3
106296,3
106297,3
106298,3
106299,2
106300,3
106301,3
106302,3
106303,2
106304,2
106305,2
106306,2
106307,2
106308,2
106309,2
106310,2
106311,2
106312,3
106313,3
106314,2
106315,2
106316,2
106317,2
106318,2
106319,3
106320,3
106321,2
106322,1
106323,3
106324,3
106325,0
106326,3
106327,2
106328,2
106329,3
106330,2
106331,2
106332,1
106333,2
106334,3
106335,2
106336,2
106337,2
106338,3
106339,3
106340,2
106341,2
106342,2
106343,3
106344,2
106345,2
106346,2
106347,2
106348,3
106349,0
106350,2
106351,3
106352,3
106353,0
106354,2
106355,2
106356,2
106357,3
106358,3
106359,3
106360,3
106361,3
106362,3
106363,3
106364,3
106365,2
106366,2
106367,3
106368,3
106369,3
106370,3
106371,3
106372,3
106373,3
106374,2
106375,2
106376,2
106377,2
106378,2
106379,2
106380,2
106381,2
106382,3
106383,3
106384,3
106385,0
106386,3
106387,0
106388,3
106389,0
106390,3
106391,2
106392,3
106393,3
106394,2
106395,2
106396,2
106397,2
106398,2
106399,2
106400,3
106401,2
106402,2
106403,2
106404,3
106405,2
106406,2
106407,2
106408,0
106409,3
106410,0
106411,0
106412,2
106413,2
106414,2
106415,2
106416,2
106417,2
106418,2
106419,2
106420,2
106421,3
106422,2
106423,2
106424,2
106425,2
106426,0
106427,3
106428,2
106429,2
106430,2
106431,2
106432,2
106433,3
106434,3
106435,2
106436,3
106437,3
106438,0
106439,0
106440,3
106441,2
106442,3
106443,2
106444,2
106445,2
106446,1
106447,3
106448,2
106449,3
106450,1
106451,3
106452,0
106453,3
106454,2
106455,3
106456,3
106457,3
106458,2
106459,3
106460,3
106461,2
106462,2
106463,2
106464,3
106465,2
106466,3
106467,2
106468,2
106469,2
106470,2
106471,0
106472,1
106473,2
106474,0
106475,0
106476,3
106477,1
106478,0
106479,0
106480,2
106481,3
106482,2
106483,0
106484,2
106485,3
106486,3
106487,0
106488,3
106489,3
106490,3
106491,3
106492,0
106493,0
106494,0
106495,0
106496,0
106497,0
106498,0
106499,3
106500,2
106501,1
106502,3
106503,3
106504,3
106505,3
106506,3
106507,3
106508,1
106509,3
106510,3
106511,3
106512,3
106513,3
106514,3
106515,2
106516,0
106517,3
106518,3
106519,2
106520,0
106521,2
106522,2
106523,2
106524,3
106525,2
106526,3
106527,1
106528,3
106529,2
106530,3
106531,2
106532,2
106533,3
106534,1
106535,2
106536,1
106537,3
106538,2
106539,2
106540,2
106541,2
106542,2
106543,1
106544,3
106545,3
106546,1
106547,3
106548,3
106549,3
106550,2
106551,3
106552,2
106553,2
106554,0
106555,2
106556,0
106557,3
106558,2
106559,3
106560,3
106561,3
106562,3
106563,2
106564,2
106565,2
106566,2
106567,1
106568,3
106569,2
106570,2
106571,2
106572,1
106573,1
106574,3
106575,3
106576,2
106577,2
106578,2
106579,2
106580,3
106581,0
106582,3
106583,3
106584,0
106585,3
106586,0
106587,0
106588,0
106589,3
106590,2
106591,2
106592,3
106593,3
106594,0
106595,3
106596,3
106597,3
106598,2
106599,3
106600,3
106601,2
106602,2
106603,2
106604,2
106605,2
106606,2
106607,2
106608,1
106609,0
106610,3
106611,2
106612,2
106613,3
106614,3
106615,0
106616,2
106617,3
106618,1
106619,1
106620,0
106621,2
106622,2
106623,3
106624,2
106625,2
106626,3
106627,3
106628,1
106629,3
106630,3
106631,3
106632,3
106633,3
106634,3
106635,2
106636,1
106637,2
106638,2
106639,3
106640,3
106641,3
106642,1
106643,2
106644,2
106645,2
106646,2
106647,1
106648,3
106649,1
106650,3
106651,3
106652,3
106653,3
106654,3
106655,0
106656,2
106657,2
106658,3
106659,1
106660,3
106661,2
106662,2
106663,2
106664,2
106665,2
106666,2
106667,2
106668,2
106669,2
106670,2
106671,2
106672,2
106673,0
106674,0
106675,1
106676,3
106677,1
106678,3
106679,3
106680,3
106681,3
106682,3
106683,3
106684,3
106685,1
106686,1
106687,1
106688,3
106689,3
106690,1
106691,3
106692,0
106693,3
106694,2
106695,1
106696,2
106697,3
106698,3
106699,3
106700,3
106701,3
106702,3
106703,3
106704,3
106705,3
106706,3
106707,3
106708,3
106709,3
106710,2
106711,2
106712,3
106713,2
106714,2
106715,2
106716,2
106717,2
106718,3
106719,3
106720,3
106721,3
106722,3
106723,3
106724,2
106725,3
106726,2
106727,2
106728,3
106729,1
106730,2
106731,1
106732,3
106733,3
106734,3
106735,1
106736,1
106737,1
106738,3
106739,1
106740,3
106741,3
106742,3
106743,3
106744,3
106745,3
106746,2
106747,2
106748,1
106749,1
106750,3
106751,3
106752,3
106753,3
106754,3
106755,3
106756,3
106757,2
106758,2
106759,3
106760,1
106761,2
106762,2
106763,3
106764,2
106765,2
106766,3
106767,3
106768,2
106769,2
106770,2
106771,2
106772,2
106773,2
106774,2
106775,3
106776,3
106777,0
106778,3
106779,3
106780,3
106781,2
106782,3
106783,2
106784,3
106785,3
106786,2
106787,3
106788,1
106789,1
106790,2
106791,2
106792,2
106793,0
106794,2
106795,2
106796,3
106797,2
106798,2
106799,2
106800,2
106801,3
106802,3
106803,1
106804,3
106805,0
106806,2
106807,3
106808,3
106809,3
106810,3
106811,3
106812,3
106813,3
106814,1
106815,0
106816,0
106817,2
106818,2
106819,2
106820,3
106821,2
106822,2
106823,0
106824,2
106825,2
106826,2
106827,2
106828,2
106829,2
106830,0
106831,2
106832,3
106833,3
106834,3
106835,1
106836,1
106837,3
106838,3
106839,3
106840,3
106841,0
106842,3
106843,0
106844,0
106845,3
106846,2
106847,2
106848,2
106849,2
106850,2
106851,2
106852,2
106853,2
106854,2
106855,2
106856,2
106857,2
106858,1
106859,1
106860,2
106861,2
106862,2
106863,2
106864,2
106865,3
106866,0
106867,2
106868,1
106869,3
106870,3
106871,3
106872,3
106873,3
106874,3
106875,3
106876,3
106877,3
106878,3
106879,2
106880,1
106881,2
106882,2
106883,2
106884,2
106885,2
106886,3
106887,2
106888,2
106889,2
106890,2
106891,2
106892,2
106893,2
106894,2
106895,2
106896,2
106897,2
106898,3
106899,3
106900,3
106901,3
106902,3
106903,2
106904,2
106905,2
106906,2
106907,2
106908,2
106909,2
106910,2
106911,2
106912,2
106913,2
106914,2
106915,2
106916,2
106917,2
106918,2
106919,2
106920,3
106921,2
106922,2
106923,2
106924,2
106925,2
106926,2
106927,2
106928,0
106929,3
106930,3
106931,2
106932,2
106933,2
106934,2
106935,2
106936,0
106937,2
106938,2
106939,2
106940,2
106941,0
106942,3
106943,2
106944,2
106945,0
106946,2
106947,2
106948,0
106949,2
106950,2
106951,2
106952,2
106953,2
106954,2
106955,2
106956,2
106957,1
106958,1
106959,3
106960,3
106961,1
106962,3
106963,3
106964,3
106965,3
106966,3
106967,3
106968,3
106969,2
106970,3
106971,3
106972,2
106973,3
106974,3
106975,3
106976,3
106977,1
106978,1
106979,3
106980,3
106981,2
106982,2
106983,2
106984,1
106985,1
106986,0
106987,2
106988,2
106989,2
106990,2
106991,0
106992,2
106993,2
106994,2
106995,2
106996,0
106997,3
106998,2
106999,3
107000,3
107001,2
107002,1
107003,1
107004,2
107005,2
107006,3
107007,1
107008,1
107009,1
107010,3
107011,3
107012,2
107013,2
107014,3
107015,3
107016,3
107017,3
107018,2
107019,3
107020,3
107021,3
107022,1
107023,1
107024,1
107025,2
107026,2
107027,2
107028,2
107029,2
107030,2
107031,2
107032,3
107033,2
107034,2
107035,2
107036,0
107037,3
107038,2
107039,2
107040,2
107041,2
107042,2
107043,2
107044,2
107045,2
107046,2
107047,3
107048,1
107049,1
107050,2
107051,3
107052,2
107053,1
107054,3
107055,2
107056,2
107057,2
107058,2
107059,3
107060,2
107061,3
107062,2
107063,1
107064,1
107065,2
107066,1
107067,1
107068,2
107069,2
107070,3
107071,3
107072,2
107073,0
107074,1
107075,3
107076,0
107077,2
107078,2
107079,3
107080,1
107081,1
107082,3
107083,2
107084,3
107085,3
107086,2
107087,0
107088,0
107089,3
107090,1
107091,1
107092,2
107093,1
107094,1
107095,2
107096,2
107097,2
107098,3
107099,2
107100,2
107101,2
107102,2
107103,2
107104,2
107105,2
107106,2
107107,2
107108,2
107109,2
107110,2
107111,0
107112,3
107113,2
107114,2
107115,2
107116,2
107117,2
107118,2
107119,2
107120,2
107121,2
107122,2
107123,2
107124,2
107125,2
107126,2
107127,2
107128,2
107129,2
107130,2
107131,2
107132,2
107133,2
107134,2
107135,2
107136,2
107137,2
107138,2
107139,2
107140,2
107141,2
107142,2
107143,2
107144,2
107145,2
107146,2
107147,2
107148,2
107149,2
107150,2
107151,2
107152,2
107153,2
107154,2
107155,2
107156,2
107157,2
107158,2
107159,2
107160,2
107161,2
107162,2
107163,2
107164,2
107165,2
107166,2
107167,2
107168,2
107169,2
107170,3
107171,3
107172,3
107173,2
107174,2
107175,3
107176,2
107177,2
107178,2
107179,3
107180,2
107181,2
107182,2
107183,2
107184,2
107185,2
107186,2
107187,2
107188,3
107189,3
107190,2
107191,2
107192,2
107193,3
107194,3
107195,2
107196,2
107197,2
107198,2
107199,2
107200,3
107201,2
107202,2
107203,2
107204,2
107205,2
107206,2
107207,2
107208,2
107209,2
107210,2
107211,2
107212,2
107213,2
107214,2
107215,2
107216,2
107217,2
107218,2
107219,2
107220,2
107221,2
107222,2
107223,2
107224,2
107225,3
107226,3
107227,3
107228,2
107229,2
107230,2
107231,3
107232,2
107233,3
107234,2
107235,2
107236,2
107237,2
107238,2
107239,2
107240,2
107241,2
107242,2
107243,3
107244,2
107245,2
107246,2
107247,2
107248,2
107249,2
107250,2
107251,2
107252,2
107253,2
107254,2
107255,2
107256,2
107257,2
107258,2
107259,2
107260,2
107261,2
107262,2
107263,2
107264,2
107265,2
107266,2
107267,2
107268,2
107269,2
107270,2
107271,2
107272,2
107273,2
107274,2
107275,2
107276,3
107277,2
107278,3
107279,2
107280,2
107281,2
107282,2
107283,2
107284,2
107285,2
107286,2
107287,2
107288,2
107289,2
107290,2
107291,2
107292,2
107293,2
107294,2
107295,2
107296,2
107297,3
107298,2
107299,2
107300,2
107301,2
107302,2
107303,2
107304,2
107305,2
107306,2
107307,2
107308,2
107309,2
107310,2
107311,2
107312,2
107313,2
107314,2
107315,2
107316,2
107317,2
107318,2
107319,2
107320,2
107321,2
107322,2
107323,2
107324,2
107325,2
107326,2
107327,2
107328,3
107329,2
107330,2
107331,2
107332,2
107333,2
107334,2
107335,2
107336,2
107337,3
107338,2
107339,3
107340,2
107341,2
107342,2
107343,2
107344,2
107345,2
107346,2
107347,2
107348,2
107349,2
107350,2
107351,2
107352,2
107353,2
107354,3
107355,2
107356,2
107357,3
107358,2
107359,2
107360,3
107361,2
107362,2
107363,2
107364,2
107365,2
107366,2
107367,2
107368,2
107369,2
107370,2
107371,3
107372,3
107373,2
107374,2
107375,2
107376,2
107377,2
107378,2
107379,2
107380,2
107381,2
107382,2
107383,2
107384,2
107385,2
107386,2
107387,2
107388,2
107389,2
107390,2
107391,3
107392,3
107393,3
107394,3
107395,2
107396,2
107397,2
107398,2
107399,3
107400,2
107401,2
107402,2
107403,2
107404,3
107405,3
107406,2
107407,2
107408,2
107409,2
107410,2
107411,2
107412,2
107413,3
107414,2
107415,3
107416,2
107417,2
107418,3
107419,2
107420,3
107421,3
107422,3
107423,2
107424,2
107425,2
107426,2
107427,2
107428,2
107429,2
107430,2
107431,2
107432,3
107433,3
107434,3
107435,2
107436,2
107437,2
107438,2
107439,3
107440,3
107441,2
107442,2
107443,3
107444,2
107445,3
107446,2
107447,2
107448,2
107449,3
107450,2
107451,2
107452,2
107453,3
107454,2
107455,2
107456,2
107457,2
107458,3
107459,2
107460,2
107461,3
107462,2
107463,2
107464,2
107465,2
107466,2
107467,2
107468,2
107469,2
107470,2
107471,3
107472,3
107473,2
107474,2
107475,3
107476,3
107477,2
107478,2
107479,3
107480,2
107481,3
107482,3
107483,3
107484,2
107485,2
107486,2
107487,3
107488,3
107489,3
107490,2
107491,3
107492,2
107493,2
107494,2
107495,2
107496,2
107497,2
107498,2
107499,2
107500,2
107501,2
107502,2
107503,2
107504,2
107505,2
107506,2
107507,2
107508,2
107509,2
107510,2
107511,2
107512,2
107513,2
107514,2
107515,2
107516,2
107517,2
107518,2
107519,2
107520,2
107521,3
107522,2
107523,2
107524,2
107525,2
107526,2
107527,2
107528,2
107529,2
107530,2
107531,2
107532,2
107533,2
107534,2
107535,2
107536,2
107537,2
107538,2
107539,2
107540,2
107541,2
107542,2
107543,2
107544,2
107545,2
107546,2
107547,3
107548,2
107549,3
107550,2
107551,2
107552,2
107553,3
107554,2
107555,2
107556,2
107557,2
107558,2
107559,2
107560,2
107561,2
107562,3
107563,2
107564,2
107565,2
107566,2
107567,3
107568,2
107569,2
107570,2
107571,2
107572,2
107573,2
107574,3
107575,2
107576,2
107577,2
107578,2
107579,2
107580,2
107581,3
107582,2
107583,2
107584,2
107585,2
107586,2
107587,2
107588,2
107589,2
107590,2
107591,2
107592,2
107593,2
107594,2
107595,2
107596,2
107597,2
107598,2
107599,2
107600,2
107601,2
107602,2
107603,2
107604,2
107605,2
107606,3
107607,2
107608,2
107609,2
107610,2
107611,2
107612,2
107613,2
107614,3
107615,3
107616,2
107617,2
107618,2
107619,3
107620,2
107621,2
107622,2
107623,2
107624,2
107625,2
107626,2
107627,2
107628,2
107629,2
107630,3
107631,2
107632,2
107633,2
107634,3
107635,3
107636,3
107637,3
107638,3
107639,3
107640,3
107641,3
107642,3
107643,2
107644,3
107645,3
107646,3
107647,3
107648,2
107649,3
107650,3
107651,3
107652,3
107653,3
107654,3
107655,2
107656,3
107657,3
107658,2
107659,2
107660,3
107661,3
107662,3
107663,3
107664,3
107665,3
107666,2
107667,3
107668,3
107669,1
107670,3
107671,3
107672,2
107673,2
107674,2
107675,1
107676,3
107677,2
107678,2
107679,3
107680,3
107681,3
107682,2
107683,3
107684,2
107685,2
107686,2
107687,3
107688,2
107689,2
107690,2
107691,2
107692,2
107693,2
107694,3
107695,3
107696,2
107697,2
107698,2
107699,2
107700,2
107701,2
107702,2
107703,2
107704,2
107705,2
107706,2
107707,2
107708,2
107709,2
107710,2
107711,2
107712,2
107713,2
107714,2
107715,2
107716,2
107717,2
107718,2
107719,2
107720,2
107721,2
107722,2
107723,2
107724,2
107725,2
107726,2
107727,2
107728,2
107729,2
107730,2
107731,2
107732,2
107733,2
107734,2
107735,2
107736,2
107737,2
107738,2
107739,2
107740,2
107741,2
107742,2
107743,2
107744,2
107745,2
107746,2
107747,2
107748,2
107749,2
107750,2
107751,2
107752,2
107753,2
107754,2
107755,2
107756,2
107757,2
107758,2
107759,2
107760,2
107761,2
107762,2
107763,2
107764,2
107765,2
107766,2
107767,2
107768,2
107769,2
107770,2
107771,2
107772,2
107773,2
107774,2
107775,2
107776,2
107777,2
107778,2
107779,2
107780,2
107781,2
107782,2
107783,2
107784,2
107785,2
107786,2
107787,2
107788,2
107789,2
107790,2
107791,2
107792,2
107793,2
107794,2
107795,2
107796,2
107797,2
107798,2
107799,3
107800,2
107801,2
107802,2
107803,2
107804,2
107805,2
107806,2
107807,2
107808,2
107809,2
107810,2
107811,2
107812,2
107813,2
107814,2
107815,2
107816,2
107817,2
107818,2
107819,2
107820,2
107821,2
107822,2
107823,2
107824,2
107825,2
107826,2
107827,2
107828,2
107829,2
107830,3
107831,2
107832,2
107833,2
107834,3
107835,2
107836,2
107837,2
107838,2
107839,2
107840,2
107841,2
107842,2
107843,2
107844,2
107845,2
107846,2
107847,2
107848,2
107849,2
107850,2
107851,2
107852,2
107853,2
107854,2
107855,2
107856,2
107857,2
107858,2
107859,2
107860,2
107861,3
107862,2
107863,2
107864,2
107865,2
107866,2
107867,2
107868,2
107869,2
107870,3
107871,2
107872,2
107873,2
107874,2
107875,2
107876,2
107877,2
107878,2
107879,2
107880,2
107881,2
107882,2
107883,3
107884,2
107885,2
107886,3
107887,2
107888,3
107889,3
107890,3
107891,3
107892,3
107893,3
107894,3
107895,2
107896,3
107897,3
107898,2
107899,3
107900,3
107901,3
107902,2
107903,2
107904,3
107905,3
107906,3
107907,3
107908,3
107909,3
107910,1
107911,1
107912,3
107913,3
107914,3
107915,3
107916,3
107917,3
107918,3
107919,3
107920,2
107921,2
107922,2
107923,2
107924,2
107925,2
107926,2
107927,2
107928,2
107929,2
107930,2
107931,2
107932,2
107933,2
107934,2
107935,2
107936,2
107937,2
107938,2
107939,3
107940,2
107941,2
107942,2
107943,2
107944,2
107945,2
107946,2
107947,2
107948,2
107949,2
107950,2
107951,2
107952,2
107953,2
107954,2
107955,2
107956,2
107957,2
107958,2
107959,2
107960,2
107961,2
107962,2
107963,2
107964,2
107965,2
107966,2
107967,2
107968,2
107969,2
107970,2
107971,2
107972,2
107973,2
107974,2
107975,2
107976,2
107977,2
107978,2
107979,3
107980,2
107981,2
107982,2
107983,2
107984,2
107985,2
107986,2
107987,2
107988,2
107989,2
107990,2
107991,2
107992,1
107993,3
107994,1
107995,2
107996,0
107997,2
107998,2
107999,0
108000,2
108001,2
108002,2
108003,2
108004,2
108005,2
108006,2
108007,2
108008,2
108009,2
108010,2
108011,2
108012,3
108013,2
108014,2
108015,2
108016,2
108017,2
108018,2
108019,2
108020,2
108021,2
108022,2
108023,2
108024,2
108025,2
108026,2
108027,2
108028,2
108029,2
108030,2
108031,2
108032,2
108033,2
108034,2
108035,2
108036,3
108037,2
108038,2
108039,2
108040,2
108041,2
108042,2
108043,2
108044,2
108045,2
108046,2
108047,2
108048,2
108049,2
108050,2
108051,2
108052,2
108053,2
108054,2
108055,2
108056,2
108057,2
108058,2
108059,2
108060,2
108061,2
108062,2
108063,2
108064,2
108065,2
108066,2
108067,3
108068,2
108069,2
108070,2
108071,2
108072,2
108073,2
108074,2
108075,2
108076,3
108077,2
108078,3
108079,2
108080,2
108081,2
108082,2
108083,0
108084,3
108085,2
108086,2
108087,2
108088,2
108089,2
108090,2
108091,2
108092,2
108093,2
108094,2
108095,2
108096,2
108097,2
108098,2
108099,2
108100,2
108101,2
108102,2
108103,3
108104,2
108105,2
108106,2
108107,2
108108,2
108109,2
108110,2
108111,2
108112,2
108113,2
108114,2
108115,2
108116,2
108117,2
108118,2
108119,2
108120,2
108121,2
108122,3
108123,2
108124,2
108125,3
108126,2
108127,2
108128,2
108129,2
108130,2
108131,2
108132,2
108133,2
108134,2
108135,2
108136,2
108137,2
108138,2
108139,2
108140,2
108141,2
108142,2
108143,2
108144,2
108145,2
108146,2
108147,2
108148,2
108149,2
108150,2
108151,2
108152,2
108153,2
108154,2
108155,2
108156,2
108157,2
108158,2
108159,2
108160,2
108161,2
108162,2
108163,2
108164,3
108165,2
108166,2
108167,2
108168,2
108169,3
108170,2
108171,2
108172,2
108173,2
108174,2
108175,2
108176,2
108177,2
108178,2
108179,2
108180,2
108181,2
108182,3
108183,2
108184,2
108185,2
108186,2
108187,2
108188,2
108189,2
108190,2
108191,2
108192,2
108193,2
108194,2
108195,2
108196,2
108197,2
108198,2
108199,2
108200,2
108201,2
108202,2
108203,2
108204,2
108205,2
108206,2
108207,2
108208,2
108209,2
108210,2
108211,2
108212,2
108213,2
108214,2
108215,2
108216,2
108217,2
108218,2
108219,2
108220,2
108221,2
108222,2
108223,2
108224,2
108225,2
108226,2
108227,2
108228,2
108229,2
108230,2
108231,2
108232,2
108233,2
108234,2
108235,2
108236,2
108237,2
108238,2
108239,2
108240,2
108241,2
108242,2
108243,2
108244,2
108245,2
108246,2
108247,2
108248,2
108249,2
108250,2
108251,2
108252,2
108253,2
108254,2
108255,2
108256,2
108257,2
108258,2
108259,2
108260,2
108261,2
108262,2
108263,3
108264,2
108265,2
108266,2
108267,2
108268,2
108269,2
108270,2
108271,2
108272,3
108273,3
108274,2
108275,2
108276,2
108277,2
108278,2
108279,2
108280,2
108281,2
108282,2
108283,2
108284,2
108285,2
108286,2
108287,2
108288,2
108289,2
108290,2
108291,2
108292,2
108293,2
108294,2
108295,2
108296,2
108297,2
108298,2
108299,2
108300,2
108301,2
108302,2
108303,2
108304,2
108305,2
108306,2
108307,3
108308,2
108309,2
108310,2
108311,2
108312,2
108313,2
108314,2
108315,2
108316,2
108317,2
108318,2
108319,2
108320,2
108321,2
108322,2
108323,2
108324,2
108325,2
108326,2
108327,2
108328,2
108329,2
108330,2
108331,2
108332,2
108333,2
108334,2
108335,2
108336,2
108337,3
108338,2
108339,2
108340,2
108341,2
108342,2
108343,2
108344,2
108345,2
108346,2
108347,2
108348,2
108349,2
108350,2
108351,2
108352,2
108353,2
108354,2
108355,2
108356,2
108357,2
108358,2
108359,2
108360,2
108361,2
108362,2
108363,2
108364,2
108365,2
108366,2
108367,2
108368,2
108369,2
108370,2
108371,2
108372,2
108373,2
108374,2
108375,2
108376,2
108377,2
108378,2
108379,2
108380,2
108381,2
108382,2
108383,2
108384,2
108385,2
108386,2
108387,2
108388,2
108389,2
108390,2
108391,2
108392,2
108393,2
108394,2
108395,2
108396,2
108397,2
108398,2
108399,2
108400,2
108401,2
108402,3
108403,2
108404,2
108405,2
108406,2
108407,2
108408,2
108409,2
108410,2
108411,2
108412,2
108413,2
108414,2
108415,2
108416,2
108417,2
108418,2
108419,2
108420,2
108421,2
108422,2
108423,2
108424,2
108425,2
108426,2
108427,2
108428,2
108429,2
108430,2
108431,2
108432,2
108433,2
108434,2
108435,2
108436,2
108437,2
108438,2
108439,2
108440,2
108441,2
108442,2
108443,2
108444,2
108445,2
108446,2
108447,2
108448,2
108449,2
108450,2
108451,2
108452,2
108453,2
108454,2
108455,2
108456,2
108457,2
108458,2
108459,2
108460,2
108461,2
108462,2
108463,2
108464,3
108465,2
108466,2
108467,2
108468,2
108469,2
108470,2
108471,2
108472,2
108473,2
108474,2
108475,2
108476,2
108477,2
108478,2
108479,2
108480,2
108481,2
108482,2
108483,2
108484,2
108485,2
108486,2
108487,2
108488,2
108489,2
108490,2
108491,2
108492,2
108493,2
108494,2
108495,2
108496,2
108497,2
108498,2
108499,2
108500,2
108501,2
108502,2
108503,2
108504,2
108505,2
108506,2
108507,2
108508,2
108509,2
108510,2
108511,2
108512,2
108513,2
108514,2
108515,2
108516,2
108517,2
108518,2
108519,2
108520,2
108521,2
108522,2
108523,2
108524,2
108525,2
108526,2
108527,2
108528,2
108529,2
108530,2
108531,2
108532,2
108533,2
108534,2
108535,2
108536,2
108537,2
108538,2
108539,2
108540,2
108541,2
108542,2
108543,2
108544,2
108545,2
108546,2
108547,2
108548,2
108549,2
108550,2
108551,2
108552,2
108553,2
108554,2
108555,2
108556,2
108557,2
108558,2
108559,2
108560,2
108561,2
108562,2
108563,2
108564,2
108565,2
108566,2
108567,2
108568,2
108569,2
108570,2
108571,2
108572,2
108573,2
108574,2
108575,2
108576,2
108577,2
108578,2
108579,2
108580,2
108581,2
108582,2
108583,2
108584,2
108585,2
108586,2
108587,2
108588,2
108589,2
108590,2
108591,2
108592,2
108593,2
108594,2
108595,2
108596,2
108597,2
108598,2
108599,2
108600,2
108601,2
108602,2
108603,2
108604,2
108605,2
108606,2
108607,2
108608,2
108609,2
108610,2
108611,2
108612,2
108613,2
108614,2
108615,0
108616,2
108617,2
108618,2
108619,2
108620,2
108621,2
108622,2
108623,2
108624,2
108625,2
108626,2
108627,2
108628,2
108629,2
108630,3
108631,1
108632,2
108633,2
108634,2
108635,2
108636,2
108637,2
108638,2
108639,2
108640,2
108641,2
108642,2
108643,2
108644,2
108645,2
108646,2
108647,2
108648,2
108649,2
108650,2
108651,2
108652,2
108653,3
108654,2
108655,2
108656,2
108657,2
108658,2
108659,2
108660,2
108661,2
108662,2
108663,2
108664,2
108665,2
108666,2
108667,2
108668,2
108669,2
108670,2
108671,1
108672,2
108673,2
108674,2
108675,2
108676,2
108677,2
108678,2
108679,2
108680,2
108681,2
108682,2
108683,2
108684,2
108685,2
108686,2
108687,2
108688,2
108689,2
108690,2
108691,2
108692,2
108693,3
108694,3
108695,3
108696,3
108697,3
108698,3
108699,3
108700,3
108701,3
108702,1
108703,0
108704,3
108705,3
108706,3
108707,3
108708,3
108709,3
108710,3
108711,3
108712,2
108713,2
108714,3
108715,3
108716,3
108717,3
108718,3
108719,3
108720,3
108721,3
108722,3
108723,1
108724,3
108725,2
108726,2
108727,3
108728,2
108729,3
108730,3
108731,3
108732,3
108733,2
108734,3
108735,2
108736,3
108737,3
108738,3
108739,3
108740,3
108741,3
108742,3
108743,3
108744,3
108745,3
108746,2
108747,3
108748,3
108749,3
108750,3
108751,3
108752,3
108753,3
108754,3
108755,3
108756,3
108757,3
108758,3
108759,3
108760,3
108761,3
108762,3
108763,3
108764,3
108765,3
108766,3
108767,3
108768,3
108769,3
108770,3
108771,3
108772,1
108773,3
108774,3
108775,3
108776,3
108777,3
108778,1
108779,3
108780,3
108781,3
108782,3
108783,3
108784,3
108785,3
108786,3
108787,3
108788,2
108789,1
108790,3
108791,3
108792,3
108793,3
108794,2
108795,3
108796,2
108797,2
108798,2
108799,3
108800,3
108801,3
108802,2
108803,3
108804,3
108805,3
108806,3
108807,3
108808,3
108809,2
108810,3
108811,3
108812,3
108813,3
108814,2
108815,3
108816,3
108817,3
108818,3
108819,3
108820,0
108821,0
108822,0
108823,0
108824,0
108825,0
108826,3
108827,0
108828,0
108829,0
108830,0
108831,0
108832,0
108833,0
108834,0
108835,0
108836,2
108837,0
108838,3
108839,0
108840,0
108841,3
108842,3
108843,3
108844,0
108845,0
108846,0
108847,0
108848,0
108849,0
108850,0
108851,3
108852,3
108853,0
108854,3
108855,0
108856,3
108857,0
108858,0
108859,3
108860,3
108861,3
108862,3
108863,2
108864,3
108865,3
108866,3
108867,3
108868,2
108869,3
108870,3
108871,3
108872,0
108873,0
108874,3
108875,3
108876,3
108877,3
108878,3
108879,3
108880,3
108881,3
108882,2
108883,3
108884,3
108885,3
108886,3
108887,3
108888,3
108889,3
108890,3
108891,3
108892,3
108893,3
108894,3
108895,3
108896,2
108897,3
108898,2
108899,3
108900,2
108901,1
108902,2
108903,3
108904,3
108905,2
108906,3
108907,3
108908,3
108909,3
108910,3
108911,3
108912,3
108913,3
108914,3
108915,3
108916,3
108917,3
108918,3
108919,3
108920,3
108921,3
108922,3
108923,3
108924,3
108925,3
108926,3
108927,3
108928,2
108929,3
108930,3
108931,3
108932,3
108933,3
108934,3
108935,3
108936,3
108937,3
108938,2
108939,2
108940,3
108941,1
108942,3
108943,3
108944,3
108945,3
108946,3
108947,3
108948,3
108949,3
108950,3
108951,2
108952,0
108953,0
108954,0
108955,0
108956,0
108957,0
108958,0
108959,0
108960,0
108961,0
108962,0
108963,0
108964,3
108965,0
108966,2
108967,3
108968,3
108969,3
108970,0
108971,3
108972,3
108973,3
108974,0
108975,0
108976,3
108977,0
108978,0
108979,0
108980,0
108981,0
108982,0
108983,0
108984,3
108985,0
108986,0
108987,3
108988,3
108989,1
108990,3
108991,2
108992,2
108993,3
108994,3
108995,3
108996,3
108997,3
108998,2
108999,1
109000,1
109001,3
109002,3
109003,3
109004,3
109005,3
109006,3
109007,1
109008,1
109009,1
109010,1
109011,1
109012,3
109013,1
109014,3
109015,3
109016,3
109017,3
109018,3
109019,3
109020,3
109021,1
109022,2
109023,2
109024,3
109025,0
109026,1
109027,3
109028,3
109029,3
109030,3
109031,1
109032,3
109033,1
109034,3
109035,1
109036,1
109037,3
109038,3
109039,2
109040,3
109041,3
109042,2
109043,2
109044,2
109045,3
109046,1
109047,1
109048,1
109049,1
109050,1
109051,1
109052,1
109053,1
109054,1
109055,1
109056,1
109057,1
109058,1
109059,1
109060,1
109061,1
109062,3
109063,1
109064,1
109065,1
109066,1
109067,1
109068,1
109069,3
109070,3
109071,3
109072,3
109073,3
109074,1
109075,3
109076,3
109077,0
109078,1
109079,1
109080,3
109081,3
109082,2
109083,2
109084,2
109085,3
109086,3
109087,3
109088,2
109089,3
109090,3
109091,3
109092,2
109093,2
109094,3
109095,2
109096,3
109097,3
109098,2
109099,3
109100,2
109101,2
109102,2
109103,3
109104,3
109105,3
109106,3
109107,3
109108,3
109109,3
109110,3
109111,3
109112,3
109113,3
109114,3
109115,3
109116,3
109117,2
109118,1
109119,3
109120,3
109121,2
109122,3
109123,3
109124,3
109125,3
109126,3
109127,3
109128,3
109129,3
109130,3
109131,3
109132,3
109133,3
109134,3
109135,3
109136,3
109137,3
109138,3
109139,3
109140,0
109141,0
109142,3
109143,3
109144,3
109145,3
109146,0
109147,3
109148,3
109149,2
109150,1
109151,3
109152,1
109153,3
109154,3
109155,3
109156,2
109157,2
109158,2
109159,3
109160,3
109161,3
109162,2
109163,1
109164,3
109165,3
109166,0
109167,3
109168,2
109169,0
109170,3
109171,3
109172,3
109173,3
109174,1
109175,0
109176,0
109177,0
109178,2
109179,2
109180,2
109181,0
109182,0
109183,2
109184,3
109185,3
109186,2
109187,3
109188,0
109189,2
109190,3
109191,0
109192,1
109193,1
109194,1
109195,1
109196,1
109197,1
109198,1
109199,1
109200,1
109201,1
109202,2
109203,3
109204,3
109205,3
109206,3
109207,2
109208,2
109209,3
109210,2
109211,3
109212,3
109213,3
109214,3
109215,3
109216,2
109217,0
109218,3
109219,2
109220,3
109221,3
109222,3
109223,3
109224,2
109225,2
109226,0
109227,3
109228,3
109229,2
109230,3
109231,3
109232,1
109233,2
109234,1
109235,3
109236,2
109237,0
109238,3
109239,3
109240,3
109241,2
109242,3
109243,3
109244,3
109245,3
109246,3
109247,1
109248,3
109249,3
109250,3
109251,3
109252,3
109253,3
109254,2
109255,3
109256,2
109257,3
109258,3
109259,3
109260,3
109261,3
109262,3
109263,3
109264,3
109265,3
109266,3
109267,3
109268,3
109269,3
109270,3
109271,3
109272,3
109273,3
109274,3
109275,3
109276,3
109277,3
109278,3
109279,3
109280,3
109281,3
109282,3
109283,3
109284,2
109285,3
109286,3
109287,3
109288,3
109289,3
109290,3
109291,3
109292,3
109293,3
109294,3
109295,3
109296,3
109297,3
109298,3
109299,3
109300,3
109301,3
109302,3
109303,3
109304,2
109305,3
109306,3
109307,2
109308,3
109309,3
109310,3
109311,3
109312,3
109313,3
109314,3
109315,2
109316,3
109317,3
109318,3
109319,3
109320,1
109321,3
109322,3
109323,3
109324,3
109325,3
109326,3
109327,3
109328,3
109329,3
109330,3
109331,3
109332,3
109333,3
109334,3
109335,3
109336,3
109337,3
109338,3
109339,3
109340,1
109341,3
109342,3
109343,3
109344,2
109345,2
109346,3
109347,3
109348,3
109349,1
109350,3
109351,3
109352,3
109353,3
109354,3
109355,3
109356,3
109357,3
109358,3
109359,3
109360,3
109361,3
109362,3
109363,0
109364,3
109365,0
109366,3
109367,3
109368,3
109369,3
109370,3
109371,3
109372,3
109373,3
109374,3
109375,3
109376,3
109377,3
109378,3
109379,3
109380,3
109381,3
109382,3
109383,3
109384,3
109385,3
109386,3
109387,2
109388,3
109389,3
109390,3
109391,3
109392,3
109393,3
109394,3
109395,3
109396,3
109397,3
109398,3
109399,3
109400,3
109401,3
109402,3
109403,3
109404,3
109405,3
109406,3
109407,3
109408,3
109409,3
109410,3
109411,3
109412,3
109413,3
109414,3
109415,3
109416,3
109417,3
109418,3
109419,3
109420,3
109421,3
109422,3
109423,3
109424,3
109425,1
109426,3
109427,3
109428,3
109429,3
109430,3
109431,1
109432,3
109433,3
109434,3
109435,2
109436,3
109437,3
109438,3
109439,3
109440,3
109441,3
109442,2
109443,3
109444,3
109445,3
109446,2
109447,3
109448,3
109449,3
109450,3
109451,3
109452,3
109453,2
109454,3
109455,3
109456,3
109457,3
109458,3
109459,3
109460,2
109461,2
109462,2
109463,3
109464,3
109465,3
109466,3
109467,3
109468,3
109469,2
109470,3
109471,3
109472,3
109473,3
109474,3
109475,3
109476,3
109477,3
109478,3
109479,3
109480,3
109481,3
109482,3
109483,3
109484,3
109485,3
109486,3
109487,3
109488,3
109489,3
109490,3
109491,3
109492,3
109493,3
109494,3
109495,2
109496,3
109497,3
109498,2
109499,3
109500,3
109501,2
109502,3
109503,2
109504,3
109505,3
109506,2
109507,3
109508,3
109509,3
109510,3
109511,3
109512,2
109513,3
109514,3
109515,3
109516,3
109517,3
109518,3
109519,2
109520,3
109521,3
109522,2
109523,3
109524,3
109525,3
109526,3
109527,3
109528,3
109529,3
109530,3
109531,3
109532,3
109533,3
109534,3
109535,3
109536,3
109537,2
109538,1
109539,3
109540,1
109541,1
109542,1
109543,1
109544,1
109545,1
109546,1
109547,1
109548,1
109549,1
109550,3
109551,1
109552,1
109553,1
109554,1
109555,1
109556,1
109557,1
109558,1
109559,1
109560,1
109561,1
109562,1
109563,1
109564,1
109565,1
109566,3
109567,3
109568,3
109569,3
109570,1
109571,1
109572,1
109573,1
109574,1
109575,0
109576,3
109577,3
109578,3
109579,3
109580,2
109581,3
109582,3
109583,1
109584,3
109585,0
109586,2
109587,2
109588,2
109589,2
109590,3
109591,3
109592,3
109593,2
109594,0
109595,3
109596,3
109597,3
109598,3
109599,3
109600,3
109601,3
109602,3
109603,2
109604,3
109605,3
109606,3
109607,3
109608,3
109609,2
109610,3
109611,3
109612,3
109613,3
109614,3
109615,3
109616,3
109617,2
109618,2
109619,2
109620,2
109621,2
109622,2
109623,2
109624,3
109625,2
109626,2
109627,3
109628,2
109629,2
109630,2
109631,2
109632,2
109633,2
109634,3
109635,3
109636,3
109637,2
109638,3
109639,3
109640,2
109641,2
109642,2
109643,2
109644,2
109645,2
109646,2
109647,2
109648,2
109649,2
109650,2
109651,3
109652,3
109653,2
109654,2
109655,2
109656,2
109657,2
109658,3
109659,2
109660,2
109661,2
109662,2
109663,2
109664,2
109665,2
109666,3
109667,2
109668,2
109669,3
109670,2
109671,2
109672,2
109673,2
109674,2
109675,2
109676,2
109677,2
109678,3
109679,2
109680,3
109681,3
109682,2
109683,2
109684,2
109685,2
109686,2
109687,2
109688,2
109689,2
109690,2
109691,2
109692,2
109693,2
109694,2
109695,2
109696,2
109697,2
109698,2
109699,2
109700,2
109701,2
109702,2
109703,2
109704,2
109705,2
109706,2
109707,2
109708,2
109709,2
109710,2
109711,2
109712,2
109713,2
109714,2
109715,2
109716,2
109717,2
109718,2
109719,2
109720,2
109721,2
109722,2
109723,2
109724,3
109725,2
109726,2
109727,2
109728,2
109729,2
109730,2
109731,2
109732,2
109733,2
109734,2
109735,2
109736,2
109737,3
109738,2
109739,2
109740,2
109741,2
109742,2
109743,2
109744,2
109745,2
109746,2
109747,2
109748,2
109749,2
109750,2
109751,2
109752,2
109753,2
109754,2
109755,2
109756,2
109757,2
109758,2
109759,2
109760,2
109761,2
109762,2
109763,2
109764,2
109765,2
109766,2
109767,2
109768,2
109769,2
109770,2
109771,2
109772,3
109773,2
109774,2
109775,2
109776,2
109777,2
109778,2
109779,2
109780,2
109781,2
109782,2
109783,2
109784,2
109785,2
109786,2
109787,2
109788,2
109789,2
109790,2
109791,3
109792,2
109793,2
109794,2
109795,2
109796,2
109797,2
109798,2
109799,2
109800,2
109801,2
109802,2
109803,2
109804,2
109805,2
109806,2
109807,2
109808,2
109809,3
109810,2
109811,2
109812,2
109813,2
109814,2
109815,2
109816,2
109817,2
109818,2
109819,2
109820,2
109821,2
109822,2
109823,2
109824,2
109825,2
109826,2
109827,2
109828,2
109829,2
109830,2
109831,2
109832,2
109833,2
109834,2
109835,2
109836,3
109837,2
109838,2
109839,2
109840,2
109841,2
109842,2
109843,2
109844,2
109845,2
109846,2
109847,2
109848,2
109849,2
109850,2
109851,2
109852,2
109853,2
109854,3
109855,2
109856,2
109857,2
109858,2
109859,2
109860,2
109861,3
109862,2
109863,2
109864,2
109865,2
109866,2
109867,3
109868,2
109869,2
109870,2
109871,2
109872,2
109873,2
109874,2
109875,2
109876,2
109877,2
109878,2
109879,2
109880,2
109881,2
109882,2
109883,2
109884,2
109885,2
109886,2
109887,2
109888,2
109889,2
109890,2
109891,2
109892,2
109893,2
109894,2
109895,2
109896,2
109897,2
109898,2
109899,2
109900,3
109901,2
109902,2
109903,2
109904,2
109905,2
109906,3
109907,3
109908,2
109909,2
109910,2
109911,2
109912,2
109913,2
109914,2
109915,2
109916,2
109917,2
109918,2
109919,2
109920,2
109921,2
109922,2
109923,2
109924,2
109925,2
109926,2
109927,2
109928,2
109929,2
109930,3
109931,3
109932,2
109933,1
109934,2
109935,2
109936,2
109937,2
109938,2
109939,2
109940,3
109941,3
109942,2
109943,1
109944,3
109945,3
109946,2
109947,2
109948,3
109949,3
109950,3
109951,3
109952,2
109953,3
109954,2
109955,2
109956,2
109957,3
109958,3
109959,2
109960,2
109961,2
109962,3
109963,0
109964,3
109965,3
109966,3
109967,1
109968,3
109969,3
109970,3
109971,3
109972,3
109973,3
109974,3
109975,3
109976,3
109977,3
109978,3
109979,3
109980,2
109981,3
109982,3
109983,3
109984,3
109985,3
109986,3
109987,3
109988,2
109989,2
109990,3
109991,3
109992,2
109993,2
109994,2
109995,3
109996,2
109997,2
109998,2
109999,2
110000,2
110001,3
110002,3
110003,3
110004,2
110005,2
110006,3
110007,3
110008,3
110009,3
110010,2
110011,2
110012,3
110013,3
110014,3
110015,3
110016,3
110017,3
110018,3
110019,3
110020,3
110021,3
110022,3
110023,3
110024,3
110025,3
110026,3
110027,2
110028,2
110029,3
110030,3
110031,3
110032,3
110033,3
110034,3
110035,2
110036,3
110037,3
110038,3
110039,3
110040,0
110041,3
110042,3
110043,2
110044,3
110045,2
110046,3
110047,3
110048,3
110049,3
110050,3
110051,2
110052,3
110053,2
110054,2
110055,2
110056,2
110057,3
110058,2
110059,3
110060,2
110061,2
110062,2
110063,2
110064,2
110065,2
110066,2
110067,3
110068,2
110069,3
110070,2
110071,3
110072,3
110073,3
110074,3
110075,3
110076,3
110077,3
110078,3
110079,3
110080,3
110081,3
110082,3
110083,3
110084,3
110085,3
110086,2
110087,2
110088,2
110089,2
110090,2
110091,2
110092,3
110093,3
110094,2
110095,2
110096,2
110097,2
110098,2
110099,2
110100,2
110101,2
110102,2
110103,2
110104,2
110105,2
110106,2
110107,2
110108,2
110109,2
110110,2
110111,2
110112,2
110113,2
110114,2
110115,2
110116,2
110117,2
110118,2
110119,2
110120,2
110121,2
110122,2
110123,2
110124,2
110125,2
110126,2
110127,2
110128,2
110129,2
110130,2
110131,2
110132,2
110133,2
110134,3
110135,2
110136,2
110137,2
110138,2
110139,0
110140,2
110141,2
110142,2
110143,2
110144,3
110145,2
110146,2
110147,3
110148,2
110149,2
110150,2
110151,2
110152,2
110153,2
110154,3
110155,3
110156,3
110157,3
110158,3
110159,3
110160,3
110161,3
110162,3
110163,3
110164,3
110165,3
110166,3
110167,3
110168,3
110169,2
110170,3
110171,3
110172,3
110173,3
110174,3
110175,3
110176,3
110177,3
110178,2
110179,2
110180,0
110181,2
110182,2
110183,0
110184,0
110185,0
110186,0
110187,0
110188,2
110189,2
110190,0
110191,0
110192,0
110193,0
110194,2
110195,2
110196,0
110197,2
110198,0
110199,0
110200,0
110201,0
110202,0
110203,2
110204,0
110205,2
110206,2
110207,2
110208,2
110209,2
110210,2
110211,0
110212,0
110213,2
110214,2
110215,2
110216,3
110217,3
110218,2
110219,2
110220,2
110221,2
110222,2
110223,2
110224,2
110225,2
110226,2
110227,2
110228,1
110229,1
110230,1
110231,1
110232,1
110233,3
110234,1
110235,3
110236,1
110237,1
110238,1
110239,3
110240,2
110241,2
110242,1
110243,3
110244,3
110245,3
110246,1
110247,1
110248,3
110249,1
110250,3
110251,3
110252,3
110253,3
110254,3
110255,3
110256,3
110257,1
110258,1
110259,1
110260,1
110261,1
110262,1
110263,3
110264,1
110265,1
110266,3
110267,2
110268,1
110269,1
110270,1
110271,1
110272,1
110273,1
110274,1
110275,1
110276,1
110277,1
110278,1
110279,1
110280,1
110281,1
110282,2
110283,1
110284,1
110285,1
110286,1
110287,1
110288,1
110289,1
110290,1
110291,1
110292,1
110293,3
110294,3
110295,1
110296,1
110297,1
110298,1
110299,1
110300,1
110301,1
110302,1
110303,1
110304,1
110305,1
110306,1
110307,3
110308,3
110309,1
110310,1
110311,1
110312,1
110313,1
110314,1
110315,1
110316,1
110317,1
110318,1
110319,1
110320,1
110321,3
110322,2
110323,2
110324,2
110325,2
110326,2
110327,3
110328,1
110329,1
110330,0
110331,2
110332,2
110333,2
110334,2
110335,2
110336,2
110337,2
110338,2
110339,2
110340,2
110341,2
110342,2
110343,2
110344,2
110345,2
110346,2
110347,2
110348,2
110349,3
110350,3
110351,3
110352,3
110353,2
110354,3
110355,3
110356,2
110357,2
110358,3
110359,3
110360,3
110361,3
110362,3
110363,3
110364,3
110365,2
110366,2
110367,2
110368,3
110369,3
110370,3
110371,3
110372,3
110373,2
110374,2
110375,2
110376,2
110377,2
110378,2
110379,2
110380,3
110381,3
110382,3
110383,3
110384,2
110385,2
110386,3
110387,3
110388,3
110389,3
110390,2
110391,2
110392,2
110393,3
110394,3
110395,3
110396,2
110397,2
110398,2
110399,3
110400,3
110401,3
110402,1
110403,3
110404,3
110405,1
110406,3
110407,1
110408,3
110409,3
110410,3
110411,3
110412,3
110413,3
110414,3
110415,2
110416,1
110417,3
110418,3
110419,3
110420,3
110421,2
110422,3
110423,1
110424,3
110425,3
110426,3
110427,1
110428,1
110429,3
110430,3
110431,1
110432,1
110433,3
110434,2
110435,2
110436,2
110437,2
110438,2
110439,2
110440,2
110441,2
110442,2
110443,2
110444,2
110445,2
110446,2
110447,2
110448,2
110449,2
110450,2
110451,2
110452,2
110453,2
110454,2
110455,2
110456,2
110457,2
110458,2
110459,2
110460,2
110461,2
110462,2
110463,2
110464,2
110465,2
110466,2
110467,2
110468,2
110469,2
110470,2
110471,3
110472,2
110473,2
110474,2
110475,2
110476,2
110477,2
110478,2
110479,2
110480,2
110481,2
110482,2
110483,2
110484,2
110485,2
110486,2
110487,2
110488,2
110489,2
110490,2
110491,2
110492,2
110493,2
110494,2
110495,2
110496,2
110497,2
110498,2
110499,2
110500,2
110501,2
110502,2
110503,2
110504,2
110505,2
110506,2
110507,3
110508,2
110509,2
110510,2
110511,2
110512,2
110513,2
110514,2
110515,0
110516,2
110517,3
110518,2
110519,2
110520,2
110521,2
110522,2
110523,2
110524,0
110525,2
110526,2
110527,2
110528,2
110529,2
110530,2
110531,2
110532,2
110533,2
110534,2
110535,2
110536,2
110537,3
110538,2
110539,2
110540,2
110541,2
110542,2
110543,2
110544,2
110545,2
110546,2
110547,2
110548,2
110549,2
110550,2
110551,2
110552,2
110553,2
110554,2
110555,2
110556,2
110557,2
110558,2
110559,2
110560,2
110561,2
110562,2
110563,2
110564,2
110565,2
110566,2
110567,2
110568,2
110569,2
110570,2
110571,2
110572,2
110573,2
110574,2
110575,0
110576,2
110577,2
110578,2
110579,2
110580,2
110581,2
110582,2
110583,2
110584,2
110585,2
110586,2
110587,2
110588,3
110589,2
110590,2
110591,2
110592,2
110593,2
110594,1
110595,2
110596,2
110597,3
110598,2
110599,3
110600,3
110601,3
110602,2
110603,2
110604,2
110605,3
110606,3
110607,3
110608,2
110609,2
110610,2
110611,3
110612,2
110613,2
110614,3
110615,2
110616,2
110617,2
110618,2
110619,2
110620,2
110621,2
110622,2
110623,2
110624,2
110625,2
110626,2
110627,2
110628,2
110629,2
110630,2
110631,2
110632,2
110633,3
110634,2
110635,2
110636,3
110637,2
110638,2
110639,3
110640,3
110641,3
110642,2
110643,2
110644,2
110645,2
110646,3
110647,3
110648,2
110649,3
110650,3
110651,3
110652,2
110653,3
110654,2
110655,2
110656,2
110657,3
110658,2
110659,1
110660,3
110661,2
110662,3
110663,3
110664,2
110665,2
110666,1
110667,2
110668,3
110669,2
110670,2
110671,2
110672,2
110673,3
110674,3
110675,3
110676,0
110677,0
110678,2
110679,0
110680,0
110681,0
110682,3
110683,0
110684,0
110685,2
110686,2
110687,0
110688,0
110689,2
110690,2
110691,0
110692,2
110693,2
110694,2
110695,2
110696,0
110697,3
110698,2
110699,2
110700,2
110701,2
110702,2
110703,3
110704,3
110705,3
110706,3
110707,3
110708,3
110709,3
110710,3
110711,3
110712,2
110713,2
110714,2
110715,2
110716,2
110717,2
110718,2
110719,2
110720,2
110721,2
110722,2
110723,3
110724,2
110725,2
110726,2
110727,2
110728,3
110729,3
110730,3
110731,2
110732,3
110733,2
110734,3
110735,3
110736,3
110737,3
110738,3
110739,2
110740,3
110741,3
110742,3
110743,3
110744,3
110745,3
110746,3
110747,3
110748,3
110749,2
110750,3
110751,3
110752,3
110753,3
110754,0
110755,3
110756,0
110757,3
110758,2
110759,2
110760,2
110761,0
110762,0
110763,0
110764,3
110765,3
110766,2
110767,3
110768,3
110769,0
110770,3
110771,3
110772,0
110773,0
110774,0
110775,2
110776,3
110777,2
110778,3
110779,1
110780,2
110781,3
110782,3
110783,2
110784,0
110785,0
110786,0
110787,0
110788,2
110789,0
110790,0
110791,2
110792,0
110793,2
110794,0
110795,2
110796,2
110797,3
110798,3
110799,3
110800,3
110801,2
110802,3
110803,3
110804,3
110805,0
110806,2
110807,2
110808,2
110809,3
110810,2
110811,3
110812,3
110813,2
110814,2
110815,3
110816,3
110817,3
110818,3
110819,3
110820,3
110821,2
110822,3
110823,3
110824,3
110825,3
110826,3
110827,3
110828,3
110829,3
110830,2
110831,3
110832,2
110833,3
110834,3
110835,3
110836,3
110837,3
110838,3
110839,3
110840,3
110841,3
110842,2
110843,2
110844,2
110845,2
110846,2
110847,2
110848,3
110849,2
110850,2
110851,2
110852,2
110853,2
110854,2
110855,2
110856,2
110857,2
110858,2
110859,2
110860,2
110861,2
110862,2
110863,2
110864,2
110865,2
110866,2
110867,2
110868,2
110869,2
110870,2
110871,2
110872,3
110873,2
110874,2
110875,2
110876,2
110877,2
110878,2
110879,2
110880,2
110881,2
110882,2
110883,2
110884,2
110885,2
110886,2
110887,2
110888,2
110889,2
110890,2
110891,2
110892,2
110893,2
110894,2
110895,3
110896,3
110897,2
110898,2
110899,3
110900,3
110901,2
110902,2
110903,2
110904,2
110905,2
110906,2
110907,2
110908,2
110909,2
110910,2
110911,2
110912,2
110913,2
110914,2
110915,2
110916,2
110917,3
110918,2
110919,2
110920,2
110921,2
110922,3
110923,2
110924,0
110925,2
110926,2
110927,3
110928,2
110929,2
110930,2
110931,2
110932,2
110933,2
110934,2
110935,2
110936,2
110937,2
110938,2
110939,2
110940,2
110941,2
110942,2
110943,2
110944,2
110945,2
110946,2
110947,2
110948,2
110949,2
110950,2
110951,2
110952,2
110953,2
110954,2
110955,2
110956,2
110957,2
110958,2
110959,2
110960,2
110961,2
110962,2
110963,2
110964,2
110965,2
110966,2
110967,2
110968,2
110969,2
110970,3
110971,2
110972,3
110973,3
110974,3
110975,3
110976,3
110977,3
110978,3
110979,3
110980,3
110981,3
110982,3
110983,3
110984,3
110985,3
110986,3
110987,2
110988,2
110989,2
110990,3
110991,2
110992,3
110993,2
110994,2
110995,2
110996,2
110997,2
110998,2
110999,3
111000,3
111001,2
111002,3
111003,2
111004,2
111005,1
111006,2
111007,2
111008,3
111009,3
111010,1
111011,2
111012,2
111013,2
111014,2
111015,2
111016,3
111017,3
111018,0
111019,0
111020,0
111021,0
111022,0
111023,0
111024,0
111025,0
111026,0
111027,3
111028,0
111029,2
111030,2
111031,0
111032,2
111033,1
111034,3
111035,3
111036,3
111037,3
111038,3
111039,2
111040,2
111041,1
111042,0
111043,0
111044,2
111045,2
111046,3
111047,2
111048,3
111049,2
111050,2
111051,0
111052,0
111053,0
111054,0
111055,3
111056,3
111057,3
111058,2
111059,2
111060,2
111061,2
111062,2
111063,3
111064,3
111065,3
111066,3
111067,3
111068,3
111069,3
111070,3
111071,3
111072,3
111073,3
111074,3
111075,3
111076,3
111077,3
111078,3
111079,2
111080,3
111081,3
111082,2
111083,3
111084,2
111085,3
111086,2
111087,3
111088,3
111089,3
111090,3
111091,3
111092,3
111093,3
111094,3
111095,3
111096,2
111097,2
111098,2
111099,3
111100,2
111101,2
111102,2
111103,2
111104,2
111105,3
111106,2
111107,3
111108,3
111109,3
111110,3
111111,3
111112,3
111113,3
111114,3
111115,3
111116,3
111117,3
111118,3
111119,2
111120,2
111121,2
111122,2
111123,0
111124,0
111125,2
111126,2
111127,3
111128,2
111129,3
111130,2
111131,2
111132,2
111133,2
111134,2
111135,3
111136,2
111137,0
111138,0
111139,3
111140,0
111141,2
111142,2
111143,2
111144,2
111145,0
111146,2
111147,2
111148,2
111149,2
111150,0
111151,2
111152,2
111153,2
111154,2
111155,2
111156,2
111157,2
111158,2
111159,2
111160,2
111161,2
111162,2
111163,2
111164,2
111165,2
111166,2
111167,2
111168,2
111169,2
111170,2
111171,3
111172,2
111173,3
111174,2
111175,2
111176,0
111177,2
111178,2
111179,2
111180,2
111181,3
111182,2
111183,3
111184,2
111185,3
111186,2
111187,0
111188,0
111189,3
111190,2
111191,2
111192,2
111193,2
111194,3
111195,2
111196,0
111197,3
111198,0
111199,2
111200,3
111201,2
111202,2
111203,2
111204,3
111205,1
111206,2
111207,0
111208,2
111209,0
111210,0
111211,0
111212,0
111213,2
111214,0
111215,2
111216,2
111217,2
111218,3
111219,1
111220,2
111221,2
111222,2
111223,2
111224,2
111225,3
111226,3
111227,3
111228,2
111229,3
111230,3
111231,2
111232,3
111233,3
111234,3
111235,3
111236,1
111237,1
111238,3
111239,3
111240,3
111241,1
111242,3
111243,1
111244,3
111245,3
111246,3
111247,3
111248,2
111249,3
111250,3
111251,3
111252,3
111253,3
111254,3
111255,3
111256,0
111257,0
111258,0
111259,0
111260,0
111261,0
111262,0
111263,0
111264,0
111265,0
111266,0
111267,0
111268,1
111269,1
111270,1
111271,1
111272,1
111273,3
111274,2
111275,2
111276,2
111277,2
111278,2
111279,2
111280,2
111281,2
111282,2
111283,2
111284,2
111285,2
111286,2
111287,2
111288,2
111289,1
111290,3
111291,3
111292,3
111293,3
111294,3
111295,3
111296,2
111297,3
111298,3
111299,3
111300,0
111301,2
111302,2
111303,0
111304,3
111305,3
111306,3
111307,0
111308,0
111309,3
111310,0
111311,3
111312,1
111313,1
111314,3
111315,3
111316,0
111317,3
111318,3
111319,3
111320,3
111321,2
111322,0
111323,0
111324,0
111325,0
111326,0
111327,0
111328,0
111329,0
111330,0
111331,0
111332,0
111333,0
111334,0
111335,0
111336,0
111337,3
111338,0
111339,3
111340,3
111341,3
111342,0
111343,3
111344,3
111345,3
111346,3
111347,3
111348,1
111349,1
111350,3
111351,3
111352,3
111353,1
111354,0
111355,3
111356,3
111357,3
111358,3
111359,3
111360,3
111361,3
111362,0
111363,0
111364,3
111365,3
111366,3
111367,1
111368,1
111369,1
111370,3
111371,0
111372,3
111373,3
111374,3
111375,3
111376,3
111377,3
111378,3
111379,3
111380,0
111381,3
111382,0
111383,3
111384,0
111385,0
111386,1
111387,3
111388,0
111389,3
111390,0
111391,0
111392,0
111393,1
111394,0
111395,3
111396,3
111397,3
111398,3
111399,2
111400,3
111401,3
111402,3
111403,1
111404,0
111405,0
111406,1
111407,1
111408,1
111409,3
111410,2
111411,1
111412,1
111413,1
111414,0
111415,1
111416,1
111417,0
111418,3
111419,0
111420,0
111421,3
111422,3
111423,0
111424,1
111425,1
111426,1
111427,3
111428,3
111429,3
111430,3
111431,3
111432,3
111433,3
111434,2
111435,2
111436,3
111437,3
111438,3
111439,3
111440,2
111441,2
111442,3
111443,3
111444,0
111445,0
111446,0
111447,2
111448,2
111449,2
111450,2
111451,2
111452,2
111453,3
111454,3
111455,2
111456,2
111457,2
111458,2
111459,2
111460,2
111461,2
111462,2
111463,2
111464,2
111465,2
111466,2
111467,2
111468,2
111469,2
111470,2
111471,2
111472,2
111473,2
111474,2
111475,2
111476,2
111477,2
111478,2
111479,2
111480,2
111481,2
111482,2
111483,2
111484,2
111485,2
111486,2
111487,2
111488,2
111489,2
111490,2
111491,2
111492,2
111493,2
111494,2
111495,2
111496,2
111497,2
111498,2
111499,2
111500,2
111501,2
111502,2
111503,2
111504,2
111505,2
111506,2
111507,2
111508,2
111509,2
111510,2
111511,2
111512,2
111513,2
111514,2
111515,2
111516,2
111517,2
111518,2
111519,2
111520,2
111521,2
111522,2
111523,2
111524,2
111525,2
111526,2
111527,2
111528,2
111529,2
111530,2
111531,2
111532,2
111533,2
111534,2
111535,2
111536,2
111537,2
111538,2
111539,2
111540,2
111541,2
111542,2
111543,2
111544,2
111545,2
111546,2
111547,2
111548,2
111549,2
111550,2
111551,2
111552,2
111553,2
111554,2
111555,2
111556,2
111557,2
111558,2
111559,0
111560,2
111561,2
111562,2
111563,2
111564,2
111565,2
111566,2
111567,2
111568,2
111569,2
111570,2
111571,2
111572,2
111573,2
111574,2
111575,2
111576,2
111577,2
111578,2
111579,2
111580,2
111581,2
111582,2
111583,2
111584,2
111585,2
111586,2
111587,2
111588,2
111589,2
111590,2
111591,2
111592,2
111593,2
111594,2
111595,2
111596,2
111597,2
111598,2
111599,2
111600,2
111601,2
111602,2
111603,2
111604,2
111605,2
111606,2
111607,2
111608,2
111609,2
111610,2
111611,2
111612,2
111613,2
111614,2
111615,2
111616,2
111617,2
111618,2
111619,2
111620,2
111621,2
111622,2
111623,2
111624,2
111625,2
111626,2
111627,2
111628,2
111629,2
111630,2
111631,2
111632,2
111633,2
111634,2
111635,2
111636,2
111637,2
111638,2
111639,2
111640,2
111641,2
111642,2
111643,2
111644,2
111645,3
111646,2
111647,2
111648,2
111649,2
111650,2
111651,2
111652,2
111653,2
111654,2
111655,2
111656,2
111657,2
111658,2
111659,2
111660,2
111661,2
111662,2
111663,2
111664,2
111665,2
111666,2
111667,2
111668,2
111669,2
111670,2
111671,2
111672,2
111673,2
111674,2
111675,2
111676,2
111677,2
111678,2
111679,2
111680,3
111681,2
111682,2
111683,2
111684,2
111685,2
111686,2
111687,2
111688,2
111689,2
111690,2
111691,2
111692,2
111693,2
111694,2
111695,2
111696,2
111697,2
111698,2
111699,2
111700,2
111701,2
111702,2
111703,2
111704,2
111705,2
111706,2
111707,2
111708,2
111709,2
111710,2
111711,2
111712,2
111713,2
111714,2
111715,2
111716,2
111717,2
111718,2
111719,2
111720,2
111721,2
111722,2
111723,2
111724,2
111725,2
111726,2
111727,2
111728,2
111729,2
111730,2
111731,2
111732,2
111733,2
111734,2
111735,2
111736,2
111737,2
111738,2
111739,2
111740,2
111741,2
111742,2
111743,2
111744,2
111745,2
111746,2
111747,2
111748,2
111749,2
111750,2
111751,2
111752,2
111753,2
111754,2
111755,2
111756,2
111757,2
111758,2
111759,2
111760,2
111761,2
111762,2
111763,2
111764,2
111765,2
111766,2
111767,2
111768,2
111769,2
111770,2
111771,2
111772,2
111773,2
111774,2
111775,2
111776,2
111777,2
111778,2
111779,2
111780,2
111781,2
111782,2
111783,2
111784,2
111785,2
111786,2
111787,2
111788,2
111789,2
111790,2
111791,2
111792,2
111793,2
111794,2
111795,2
111796,2
111797,2
111798,2
111799,2
111800,2
111801,2
111802,2
111803,2
111804,2
111805,2
111806,2
111807,2
111808,2
111809,2
111810,2
111811,2
111812,2
111813,2
111814,2
111815,2
111816,2
111817,2
111818,2
111819,2
111820,2
111821,2
111822,2
111823,2
111824,2
111825,2
111826,2
111827,2
111828,2
111829,2
111830,2
111831,2
111832,2
111833,2
111834,2
111835,2
111836,2
111837,2
111838,2
111839,2
111840,2
111841,2
111842,2
111843,2
111844,2
111845,2
111846,2
111847,2
111848,2
111849,2
111850,2
111851,2
111852,2
111853,2
111854,2
111855,2
111856,2
111857,2
111858,2
111859,2
111860,2
111861,2
111862,2
111863,2
111864,2
111865,2
111866,2
111867,2
111868,2
111869,2
111870,2
111871,2
111872,2
111873,2
111874,2
111875,2
111876,2
111877,2
111878,2
111879,2
111880,2
111881,2
111882,2
111883,2
111884,2
111885,2
111886,2
111887,2
111888,2
111889,2
111890,2
111891,2
111892,2
111893,2
111894,2
111895,2
111896,2
111897,2
111898,2
111899,2
111900,2
111901,2
111902,2
111903,2
111904,2
111905,2
111906,2
111907,2
111908,2
111909,2
111910,2
111911,2
111912,2
111913,2
111914,2
111915,2
111916,2
111917,2
111918,2
111919,2
111920,2
111921,2
111922,2
111923,2
111924,2
111925,2
111926,2
111927,2
111928,2
111929,2
111930,2
111931,2
111932,2
111933,2
111934,2
111935,2
111936,2
111937,2
111938,2
111939,2
111940,2
111941,2
111942,2
111943,2
111944,2
111945,2
111946,2
111947,2
111948,2
111949,2
111950,2
111951,2
111952,2
111953,2
111954,2
111955,2
111956,2
111957,2
111958,2
111959,2
111960,2
111961,2
111962,2
111963,2
111964,2
111965,2
111966,2
111967,2
111968,2
111969,2
111970,2
111971,2
111972,2
111973,2
111974,2
111975,2
111976,2
111977,2
111978,2
111979,2
111980,2
111981,2
111982,2
111983,2
111984,2
111985,2
111986,2
111987,2
111988,3
111989,2
111990,2
111991,2
111992,2
111993,2
111994,2
111995,2
111996,2
111997,2
111998,2
111999,2
112000,2
112001,3
112002,2
112003,2
112004,2
112005,2
112006,2
112007,2
112008,2
112009,2
112010,2
112011,2
112012,2
112013,2
112014,2
112015,2
112016,2
112017,2
112018,2
112019,2
112020,2
112021,2
112022,2
112023,2
112024,2
112025,2
112026,2
112027,2
112028,2
112029,2
112030,2
112031,2
112032,2
112033,2
112034,2
112035,2
112036,2
112037,2
112038,2
112039,2
112040,2
112041,2
112042,2
112043,2
112044,2
112045,2
112046,2
112047,2
112048,2
112049,2
112050,2
112051,2
112052,2
112053,2
112054,2
112055,2
112056,2
112057,2
112058,2
112059,2
112060,2
112061,2
112062,2
112063,2
112064,2
112065,2
112066,2
112067,2
112068,2
112069,2
112070,2
112071,2
112072,2
112073,2
112074,2
112075,2
112076,2
112077,3
112078,2
112079,2
112080,2
112081,2
112082,2
112083,2
112084,2
112085,2
112086,3
112087,2
112088,2
112089,2
112090,2
112091,2
112092,2
112093,2
112094,2
112095,2
112096,2
112097,2
112098,2
112099,2
112100,2
112101,2
112102,2
112103,2
112104,2
112105,2
112106,2
112107,2
112108,2
112109,2
112110,2
112111,2
112112,2
112113,2
112114,2
112115,2
112116,2
112117,2
112118,2
112119,2
112120,2
112121,2
112122,2
112123,2
112124,2
112125,2
112126,2
112127,2
112128,2
112129,2
112130,2
112131,2
112132,2
112133,2
112134,2
112135,2
112136,2
112137,2
112138,2
112139,2
112140,2
112141,2
112142,2
112143,2
112144,2
112145,2
112146,2
112147,2
112148,2
112149,2
112150,2
112151,2
112152,3
112153,2
112154,2
112155,2
112156,2
112157,2
112158,2
112159,1
112160,2
112161,2
112162,2
112163,2
112164,2
112165,2
112166,2
112167,2
112168,2
112169,2
112170,2
112171,2
112172,2
112173,2
112174,2
112175,2
112176,2
112177,2
112178,2
112179,2
112180,2
112181,3
112182,2
112183,2
112184,2
112185,2
112186,2
112187,2
112188,2
112189,2
112190,2
112191,2
112192,2
112193,2
112194,2
112195,2
112196,2
112197,2
112198,2
112199,2
112200,2
112201,2
112202,2
112203,2
112204,2
112205,2
112206,2
112207,2
112208,2
112209,2
112210,2
112211,2
112212,2
112213,2
112214,2
112215,2
112216,2
112217,2
112218,2
112219,2
112220,2
112221,2
112222,2
112223,2
112224,2
112225,2
112226,2
112227,2
112228,2
112229,2
112230,2
112231,2
112232,2
112233,2
112234,2
112235,2
112236,2
112237,2
112238,2
112239,2
112240,2
112241,2
112242,2
112243,2
112244,2
112245,2
112246,2
112247,2
112248,2
112249,2
112250,2
112251,2
112252,2
112253,2
112254,2
112255,2
112256,2
112257,2
112258,2
112259,2
112260,2
112261,2
112262,2
112263,2
112264,2
112265,2
112266,2
112267,2
112268,2
112269,2
112270,2
112271,2
112272,2
112273,2
112274,2
112275,2
112276,2
112277,2
112278,2
112279,2
112280,2
112281,2
112282,2
112283,2
112284,2
112285,2
112286,2
112287,2
112288,2
112289,2
112290,2
112291,2
112292,3
112293,3
112294,2
112295,2
112296,2
112297,2
112298,2
112299,3
112300,2
112301,2
112302,2
112303,3
112304,2
112305,2
112306,2
112307,2
112308,3
112309,2
112310,2
112311,2
112312,2
112313,2
112314,2
112315,2
112316,2
112317,2
112318,2
112319,2
112320,2
112321,2
112322,2
112323,2
112324,2
112325,2
112326,2
112327,2
112328,2
112329,1
112330,2
112331,2
112332,2
112333,2
112334,2
112335,2
112336,2
112337,2
112338,2
112339,2
112340,2
112341,2
112342,2
112343,2
112344,2
112345,2
112346,2
112347,2
112348,2
112349,2
112350,2
112351,2
112352,2
112353,1
112354,1
112355,1
112356,3
112357,2
112358,2
112359,2
112360,2
112361,2
112362,2
112363,2
112364,2
112365,2
112366,2
112367,2
112368,2
112369,2
112370,1
112371,1
112372,2
112373,2
112374,2
112375,2
112376,2
112377,2
112378,3
112379,2
112380,2
112381,2
112382,2
112383,2
112384,2
112385,2
112386,2
112387,2
112388,2
112389,2
112390,2
112391,1
112392,2
112393,2
112394,2
112395,2
112396,2
112397,2
112398,2
112399,2
112400,2
112401,2
112402,2
112403,2
112404,2
112405,2
112406,2
112407,3
112408,2
112409,2
112410,2
112411,2
112412,2
112413,2
112414,2
112415,2
112416,3
112417,2
112418,2
112419,2
112420,2
112421,2
112422,2
112423,2
112424,2
112425,2
112426,2
112427,2
112428,1
112429,3
112430,2
112431,2
112432,2
112433,2
112434,2
112435,3
112436,2
112437,2
112438,2
112439,2
112440,2
112441,2
112442,2
112443,2
112444,2
112445,2
112446,2
112447,2
112448,2
112449,2
112450,2
112451,2
112452,2
112453,2
112454,2
112455,2
112456,2
112457,2
112458,2
112459,2
112460,2
112461,2
112462,2
112463,2
112464,2
112465,2
112466,2
112467,2
112468,2
112469,2
112470,2
112471,2
112472,2
112473,2
112474,1
112475,2
112476,2
112477,2
112478,2
112479,2
112480,2
112481,2
112482,2
112483,2
112484,2
112485,2
112486,2
112487,2
112488,2
112489,2
112490,2
112491,2
112492,2
112493,2
112494,2
112495,2
112496,2
112497,2
112498,2
112499,2
112500,2
112501,2
112502,2
112503,2
112504,2
112505,2
112506,2
112507,2
112508,2
112509,2
112510,2
112511,2
112512,2
112513,2
112514,2
112515,2
112516,2
112517,2
112518,2
112519,2
112520,2
112521,2
112522,2
112523,2
112524,2
112525,2
112526,2
112527,2
112528,2
112529,2
112530,2
112531,2
112532,2
112533,2
112534,2
112535,2
112536,2
112537,2
112538,2
112539,2
112540,2
112541,2
112542,2
112543,2
112544,2
112545,2
112546,2
112547,2
112548,2
112549,2
112550,2
112551,2
112552,2
112553,2
112554,2
112555,2
112556,2
112557,2
112558,2
112559,2
112560,2
112561,2
112562,2
112563,2
112564,2
112565,2
112566,2
112567,2
112568,2
112569,2
112570,2
112571,2
112572,2
112573,2
112574,2
112575,2
112576,2
112577,2
112578,2
112579,2
112580,2
112581,2
112582,2
112583,3
112584,1
112585,2
112586,2
112587,2
112588,2
112589,2
112590,2
112591,2
112592,2
112593,2
112594,2
112595,2
112596,2
112597,2
112598,2
112599,2
112600,2
112601,2
112602,2
112603,2
112604,2
112605,2
112606,2
112607,2
112608,2
112609,2
112610,2
112611,3
112612,2
112613,2
112614,2
112615,2
112616,2
112617,2
112618,2
112619,2
112620,2
112621,2
112622,2
112623,2
112624,2
112625,2
112626,2
112627,2
112628,2
112629,2
112630,2
112631,2
112632,2
112633,2
112634,2
112635,2
112636,2
112637,2
112638,2
112639,2
112640,2
112641,2
112642,2
112643,2
112644,2
112645,2
112646,2
112647,2
112648,2
112649,2
112650,2
112651,2
112652,2
112653,2
112654,2
112655,2
112656,2
112657,2
112658,2
112659,2
112660,2
112661,2
112662,2
112663,2
112664,2
112665,2
112666,2
112667,2
112668,2
112669,2
112670,2
112671,2
112672,2
112673,1
112674,2
112675,2
112676,2
112677,2
112678,2
112679,2
112680,2
112681,2
112682,2
112683,2
112684,2
112685,2
112686,2
112687,2
112688,2
112689,2
112690,2
112691,2
112692,2
112693,2
112694,2
112695,2
112696,2
112697,2
112698,2
112699,2
112700,2
112701,2
112702,2
112703,2
112704,2
112705,2
112706,2
112707,1
112708,2
112709,2
112710,2
112711,2
112712,2
112713,2
112714,2
112715,2
112716,2
112717,2
112718,2
112719,2
112720,2
112721,2
112722,2
112723,2
112724,2
112725,2
112726,2
112727,2
112728,2
112729,2
112730,2
112731,2
112732,2
112733,2
112734,2
112735,2
112736,2
112737,2
112738,2
112739,2
112740,2
112741,2
112742,2
112743,2
112744,2
112745,2
112746,2
112747,2
112748,2
112749,3
112750,2
112751,2
112752,2
112753,2
112754,2
112755,2
112756,2
112757,2
112758,3
112759,2
112760,2
112761,2
112762,2
112763,2
112764,3
112765,2
112766,1
112767,2
112768,2
112769,2
112770,2
112771,2
112772,2
112773,2
112774,2
112775,2
112776,2
112777,2
112778,2
112779,2
112780,2
112781,2
112782,2
112783,2
112784,2
112785,2
112786,2
112787,2
112788,2
112789,2
112790,2
112791,2
112792,2
112793,2
112794,2
112795,2
112796,2
112797,2
112798,2
112799,2
112800,2
112801,2
112802,2
112803,2
112804,2
112805,2
112806,2
112807,2
112808,2
112809,2
112810,2
112811,3
112812,2
112813,2
112814,2
112815,2
112816,2
112817,2
112818,2
112819,2
112820,2
112821,2
112822,2
112823,2
112824,2
112825,2
112826,2
112827,3
112828,2
112829,2
112830,2
112831,2
112832,2
112833,2
112834,2
112835,2
112836,2
112837,2
112838,2
112839,2
112840,2
112841,2
112842,2
112843,2
112844,2
112845,2
112846,2
112847,2
112848,2
112849,2
112850,2
112851,2
112852,2
112853,2
112854,2
112855,2
112856,2
112857,2
112858,2
112859,2
112860,2
112861,2
112862,2
112863,2
112864,2
112865,2
112866,2
112867,2
112868,2
112869,2
112870,2
112871,2
112872,2
112873,2
112874,2
112875,2
112876,2
112877,2
112878,2
112879,2
112880,2
112881,2
112882,2
112883,2
112884,2
112885,2
112886,2
112887,2
112888,2
112889,2
112890,2
112891,2
112892,2
112893,2
112894,2
112895,2
112896,2
112897,2
112898,2
112899,2
112900,2
112901,2
112902,2
112903,2
112904,2
112905,2
112906,2
112907,2
112908,2
112909,2
112910,2
112911,2
112912,2
112913,2
112914,2
112915,2
112916,2
112917,2
112918,2
112919,2
112920,2
112921,2
112922,2
112923,2
112924,2
112925,2
112926,2
112927,2
112928,2
112929,2
112930,2
112931,2
112932,2
112933,2
112934,2
112935,2
112936,2
112937,2
112938,2
112939,2
112940,2
112941,2
112942,2
112943,2
112944,2
112945,2
112946,2
112947,2
112948,2
112949,2
112950,2
112951,2
112952,2
112953,2
112954,2
112955,2
112956,2
112957,2
112958,2
112959,2
112960,2
112961,2
112962,2
112963,2
112964,2
112965,2
112966,2
112967,2
112968,2
112969,2
112970,2
112971,2
112972,2
112973,2
112974,2
112975,2
112976,2
112977,2
112978,2
112979,2
112980,2
112981,2
112982,2
112983,2
112984,2
112985,2
112986,2
112987,2
112988,2
112989,2
112990,2
112991,2
112992,2
112993,2
112994,2
112995,2
112996,2
112997,2
112998,2
112999,2
113000,2
113001,2
113002,2
113003,2
113004,2
113005,2
113006,2
113007,2
113008,2
113009,2
113010,2
113011,2
113012,2
113013,2
113014,2
113015,2
113016,2
113017,2
113018,2
113019,2
113020,2
113021,2
113022,2
113023,2
113024,2
113025,2
113026,2
113027,2
113028,2
113029,2
113030,2
113031,2
113032,2
113033,2
113034,2
113035,2
113036,2
113037,2
113038,2
113039,2
113040,2
113041,2
113042,2
113043,2
113044,2
113045,2
113046,2
113047,2
113048,2
113049,2
113050,2
113051,2
113052,2
113053,2
113054,2
113055,2
113056,2
113057,2
113058,2
113059,2
113060,2
113061,2
113062,2
113063,2
113064,2
113065,2
113066,2
113067,2
113068,2
113069,2
113070,2
113071,2
113072,2
113073,2
113074,2
113075,2
113076,2
113077,2
113078,2
113079,2
113080,2
113081,2
113082,2
113083,2
113084,2
113085,2
113086,2
113087,2
113088,2
113089,2
113090,2
113091,2
113092,2
113093,2
113094,2
113095,2
113096,2
113097,2
113098,2
113099,2
113100,2
113101,2
113102,2
113103,2
113104,2
113105,2
113106,2
113107,2
113108,2
113109,2
113110,2
113111,2
113112,2
113113,2
113114,2
113115,2
113116,2
113117,2
113118,2
113119,2
113120,2
113121,2
113122,2
113123,2
113124,2
113125,2
113126,2
113127,2
113128,2
113129,2
113130,2
113131,2
113132,2
113133,2
113134,2
113135,2
113136,2
113137,2
113138,2
113139,2
113140,2
113141,2
113142,2
113143,2
113144,2
113145,2
113146,2
113147,2
113148,2
113149,2
113150,2
113151,2
113152,2
113153,2
113154,2
113155,2
113156,2
113157,2
113158,2
113159,2
113160,2
113161,2
113162,2
113163,2
113164,2
113165,2
113166,2
113167,2
113168,2
113169,2
113170,2
113171,2
113172,2
113173,2
113174,2
113175,2
113176,2
113177,2
113178,2
113179,2
113180,2
113181,2
113182,2
113183,2
113184,2
113185,2
113186,2
113187,2
113188,2
113189,2
113190,2
113191,2
113192,2
113193,2
113194,2
113195,2
113196,2
113197,2
113198,2
113199,2
113200,2
113201,2
113202,2
113203,2
113204,2
113205,2
113206,2
113207,2
113208,2
113209,2
113210,2
113211,2
113212,2
113213,2
113214,2
113215,2
113216,2
113217,2
113218,2
113219,2
113220,2
113221,2
113222,2
113223,2
113224,2
113225,2
113226,2
113227,2
113228,2
113229,2
113230,2
113231,2
113232,2
113233,2
113234,2
113235,2
113236,2
113237,2
113238,2
113239,2
113240,2
113241,2
113242,2
113243,2
113244,2
113245,2
113246,2
113247,2
113248,2
113249,2
113250,2
113251,2
113252,2
113253,2
113254,2
113255,2
113256,2
113257,2
113258,2
113259,2
113260,2
113261,2
113262,2
113263,2
113264,2
113265,2
113266,2
113267,2
113268,2
113269,2
113270,2
113271,2
113272,2
113273,2
113274,2
113275,2
113276,2
113277,2
113278,2
113279,2
113280,2
113281,2
113282,2
113283,2
113284,1
113285,1
113286,3
113287,3
113288,3
113289,1
113290,3
113291,2
113292,2
113293,3
113294,2
113295,2
113296,2
113297,3
113298,3
113299,2
113300,2
113301,2
113302,3
113303,3
113304,2
113305,2
113306,3
113307,1
113308,3
113309,0
113310,2
113311,3
113312,2
113313,3
113314,1
113315,3
113316,3
113317,3
113318,3
113319,3
113320,3
113321,1
113322,2
113323,0
113324,3
113325,2
113326,2
113327,3
113328,1
113329,3
113330,3
113331,3
113332,3
113333,3
113334,3
113335,3
113336,3
113337,3
113338,3
113339,3
113340,3
113341,3
113342,3
113343,3
113344,3
113345,3
113346,3
113347,2
113348,2
113349,2
113350,1
113351,2
113352,2
113353,2
113354,2
113355,2
113356,2
113357,3
113358,1
113359,3
113360,3
113361,3
113362,1
113363,3
113364,3
113365,3
113366,3
113367,3
113368,3
113369,3
113370,3
113371,3
113372,3
113373,2
113374,2
113375,3
113376,3
113377,3
113378,1
113379,1
113380,0
113381,3
113382,3
113383,3
113384,3
113385,3
113386,3
113387,3
113388,3
113389,3
113390,3
113391,3
113392,3
113393,3
113394,3
113395,3
113396,3
113397,3
113398,3
113399,3
113400,3
113401,3
113402,3
113403,3
113404,3
113405,2
113406,3
113407,2
113408,3
113409,3
113410,3
113411,3
113412,1
113413,1
113414,3
113415,3
113416,3
113417,3
113418,3
113419,3
113420,3
113421,3
113422,3
113423,3
113424,3
113425,3
113426,3
113427,3
113428,3
113429,3
113430,3
113431,3
113432,1
113433,3
113434,3
113435,1
113436,3
113437,3
113438,3
113439,3
113440,3
113441,3
113442,3
113443,1
113444,3
113445,3
113446,3
113447,2
113448,2
113449,2
113450,2
113451,2
113452,3
113453,3
113454,2
113455,2
113456,2
113457,2
113458,2
113459,2
113460,3
113461,3
113462,2
113463,3
113464,3
113465,3
113466,1
113467,3
113468,3
113469,3
113470,1
113471,1
113472,1
113473,3
113474,3
113475,3
113476,3
113477,3
113478,3
113479,3
113480,3
113481,2
113482,3
113483,0
113484,3
113485,3
113486,3
113487,2
113488,2
113489,2
113490,3
113491,0
113492,3
113493,3
113494,0
113495,0
113496,0
113497,3
113498,3
113499,3
113500,0
113501,3
113502,2
113503,3
113504,1
113505,1
113506,2
113507,2
113508,2
113509,2
113510,2
113511,2
113512,3
113513,0
113514,0
113515,0
113516,0
113517,0
113518,0
113519,0
113520,0
113521,0
113522,0
113523,0
113524,0
113525,0
113526,0
113527,0
113528,0
113529,0
113530,2
113531,2
113532,0
113533,0
113534,3
113535,3
113536,3
113537,3
113538,2
113539,2
113540,1
113541,1
113542,0
113543,1
113544,1
113545,1
113546,1
113547,2
113548,3
113549,3
113550,2
113551,3
113552,3
113553,2
113554,0
113555,3
113556,0
113557,0
113558,3
113559,3
113560,3
113561,3
113562,3
113563,3
113564,2
113565,3
113566,0
113567,1
113568,3
113569,0
113570,2
113571,1
113572,3
113573,3
113574,3
113575,3
113576,3
113577,3
113578,2
113579,2
113580,2
113581,3
113582,3
113583,2
113584,2
113585,3
113586,3
113587,2
113588,2
113589,3
113590,1
113591,3
113592,2
113593,0
113594,3
113595,3
113596,2
113597,2
113598,2
113599,2
113600,2
113601,2
113602,2
113603,2
113604,2
113605,2
113606,2
113607,2
113608,2
113609,2
113610,3
113611,2
113612,2
113613,2
113614,3
113615,3
113616,3
113617,3
113618,2
113619,1
113620,1
113621,1
113622,1
113623,1
113624,2
113625,2
113626,3
113627,2
113628,3
113629,1
113630,1
113631,1
113632,0
113633,0
113634,0
113635,0
113636,0
113637,0
113638,0
113639,0
113640,0
113641,0
113642,0
113643,0
113644,0
113645,0
113646,0
113647,0
113648,0
113649,0
113650,0
113651,0
113652,0
113653,0
113654,0
113655,0
113656,0
113657,0
113658,0
113659,0
113660,0
113661,0
113662,0
113663,0
113664,0
113665,0
113666,3
113667,3
113668,3
113669,3
113670,3
113671,1
113672,1
113673,3
113674,3
113675,3
113676,2
113677,3
113678,3
113679,3
113680,3
113681,3
113682,3
113683,3
113684,1
113685,2
113686,3
113687,3
113688,3
113689,3
113690,3
113691,1
113692,1
113693,1
113694,1
113695,1
113696,1
113697,1
113698,1
113699,1
113700,1
113701,1
113702,1
113703,1
113704,3
113705,1
113706,2
113707,1
113708,2
113709,2
113710,3
113711,2
113712,1
113713,1
113714,1
113715,1
113716,1
113717,1
113718,1
113719,1
113720,1
113721,1
113722,3
113723,1
113724,1
113725,1
113726,1
113727,2
113728,0
113729,3
113730,1
113731,2
113732,0
113733,3
113734,2
113735,2
113736,2
113737,1
113738,1
113739,1
113740,3
113741,3
113742,3
113743,3
113744,3
113745,3
113746,3
113747,3
113748,3
113749,3
113750,3
113751,3
113752,3
113753,3
113754,1
113755,3
113756,3
113757,3
113758,3
113759,3
113760,0
113761,3
113762,3
113763,1
113764,2
113765,3
113766,2
113767,3
113768,1
113769,3
113770,2
113771,3
113772,3
113773,3
113774,3
113775,2
113776,3
113777,3
113778,1
113779,1
113780,3
113781,2
113782,3
113783,3
113784,2
113785,1
113786,1
113787,1
113788,0
113789,1
113790,1
113791,3
113792,1
113793,3
113794,3
113795,3
113796,0
113797,2
113798,3
113799,0
113800,3
113801,0
113802,2
113803,0
113804,3
113805,3
113806,3
113807,2
113808,1
113809,1
113810,0
113811,1
113812,2
113813,2
113814,2
113815,0
113816,0
113817,2
113818,1
113819,2
113820,2
113821,2
113822,2
113823,2
113824,2
113825,2
113826,1
113827,2
113828,3
113829,1
113830,2
113831,3
113832,2
113833,2
113834,2
113835,1
113836,0
113837,1
113838,0
113839,1
113840,0
113841,3
113842,3
113843,3
113844,3
113845,3
113846,3
113847,3
113848,1
113849,1
113850,3
113851,3
113852,3
113853,3
113854,3
113855,3
113856,3
113857,3
113858,3
113859,2
113860,2
113861,2
113862,3
113863,1
113864,1
113865,1
113866,1
113867,1
113868,3
113869,3
113870,3
113871,2
113872,3
113873,1
113874,1
113875,1
113876,1
113877,3
113878,3
113879,3
113880,3
113881,2
113882,3
113883,3
113884,3
113885,3
113886,1
113887,1
113888,1
113889,1
113890,1
113891,1
113892,1
113893,3
113894,1
113895,1
113896,2
113897,3
113898,1
113899,3
113900,1
113901,1
113902,1
113903,1
113904,3
113905,0
113906,0
113907,3
113908,0
113909,0
113910,0
113911,1
113912,0
113913,3
113914,0
113915,3
113916,2
113917,0
113918,0
113919,0
113920,1
113921,3
113922,3
113923,3
113924,1
113925,1
113926,1
113927,0
113928,0
113929,0
113930,0
113931,0
113932,0
113933,0
113934,0
113935,0
113936,0
113937,3
113938,2
113939,2
113940,2
113941,2
113942,2
113943,3
113944,2
113945,3
113946,2
113947,1
113948,2
113949,3
113950,3
113951,2
113952,2
113953,3
113954,1
113955,3
113956,1
113957,3
113958,3
113959,3
113960,3
113961,3
113962,3
113963,3
113964,3
113965,3
113966,3
113967,3
113968,3
113969,3
113970,3
113971,3
113972,3
113973,3
113974,3
113975,3
113976,3
113977,3
113978,3
113979,1
113980,3
113981,2
113982,2
113983,3
113984,2
113985,3
113986,2
113987,2
113988,1
113989,3
113990,2
113991,3
113992,3
113993,2
113994,3
113995,3
113996,3
113997,2
113998,2
113999,2
114000,3
114001,3
114002,2
114003,2
114004,2
114005,2
114006,2
114007,2
114008,2
114009,2
114010,3
114011,3
114012,3
114013,2
114014,2
114015,2
114016,3
114017,2
114018,2
114019,2
114020,2
114021,3
114022,3
114023,2
114024,2
114025,2
114026,2
114027,2
114028,2
114029,2
114030,3
114031,2
114032,2
114033,2
114034,2
114035,2
114036,2
114037,2
114038,2
114039,2
114040,2
114041,2
114042,2
114043,3
114044,2
114045,2
114046,2
114047,3
114048,2
114049,2
114050,0
114051,2
114052,2
114053,2
114054,2
114055,2
114056,2
114057,2
114058,2
114059,2
114060,3
114061,2
114062,2
114063,2
114064,2
114065,2
114066,2
114067,0
114068,2
114069,2
114070,2
114071,2
114072,2
114073,2
114074,2
114075,2
114076,2
114077,3
114078,3
114079,2
114080,2
114081,2
114082,2
114083,2
114084,3
114085,2
114086,2
114087,2
114088,2
114089,2
114090,2
114091,3
114092,2
114093,3
114094,2
114095,2
114096,2
114097,2
114098,2
114099,2
114100,2
114101,3
114102,2
114103,2
114104,2
114105,2
114106,2
114107,3
114108,1
114109,3
114110,3
114111,3
114112,2
114113,2
114114,2
114115,3
114116,3
114117,3
114118,3
114119,3
114120,3
114121,3
114122,3
114123,3
114124,3
114125,3
114126,3
114127,2
114128,3
114129,2
114130,3
114131,2
114132,3
114133,3
114134,2
114135,2
114136,3
114137,3
114138,3
114139,3
114140,2
114141,3
114142,2
114143,3
114144,3
114145,0
114146,3
114147,2
114148,3
114149,3
114150,0
114151,3
114152,3
114153,3
114154,3
114155,3
114156,3
114157,3
114158,3
114159,3
114160,3
114161,3
114162,3
114163,3
114164,2
114165,3
114166,2
114167,3
114168,2
114169,3
114170,3
114171,3
114172,2
114173,2
114174,2
114175,2
114176,2
114177,3
114178,2
114179,3
114180,3
114181,2
114182,3
114183,2
114184,3
114185,3
114186,3
114187,3
114188,2
114189,2
114190,3
114191,2
114192,2
114193,3
114194,3
114195,3
114196,3
114197,1
114198,3
114199,3
114200,3
114201,3
114202,2
114203,2
114204,3
114205,1
114206,2
114207,2
114208,1
114209,1
114210,2
114211,1
114212,1
114213,2
114214,0
114215,3
114216,2
114217,2
114218,3
114219,0
114220,2
114221,2
114222,2
114223,2
114224,2
114225,2
114226,0
114227,0
114228,2
114229,0
114230,2
114231,3
114232,2
114233,2
114234,1
114235,3
114236,3
114237,2
114238,3
114239,3
114240,3
114241,2
114242,3
114243,2
114244,2
114245,2
114246,2
114247,2
114248,3
114249,2
114250,3
114251,2
114252,2
114253,3
114254,2
114255,3
114256,2
114257,2
114258,2
114259,2
114260,2
114261,2
114262,2
114263,3
114264,2
114265,3
114266,2
114267,2
114268,3
114269,3
114270,2
114271,2
114272,3
114273,2
114274,2
114275,2
114276,2
114277,2
114278,2
114279,3
114280,2
114281,2
114282,2
114283,3
114284,3
114285,2
114286,2
114287,2
114288,3
114289,2
114290,3
114291,3
114292,2
114293,3
114294,2
114295,2
114296,2
114297,2
114298,2
114299,2
114300,2
114301,3
114302,1
114303,3
114304,3
114305,2
114306,0
114307,2
114308,2
114309,2
114310,2
114311,2
114312,3
114313,2
114314,2
114315,2
114316,2
114317,2
114318,2
114319,2
114320,3
114321,3
114322,2
114323,3
114324,2
114325,2
114326,2
114327,2
114328,2
114329,2
114330,2
114331,2
114332,2
114333,2
114334,2
114335,2
114336,3
114337,3
114338,3
114339,2
114340,2
114341,2
114342,3
114343,3
114344,3
114345,3
114346,3
114347,2
114348,3
114349,3
114350,2
114351,2
114352,3
114353,3
114354,3
114355,0
114356,3
114357,3
114358,3
114359,3
114360,2
114361,2
114362,2
114363,2
114364,2
114365,2
114366,3
114367,2
114368,2
114369,2
114370,2
114371,2
114372,3
114373,3
114374,3
114375,3
114376,2
114377,3
114378,2
114379,2
114380,2
114381,2
114382,2
114383,2
114384,2
114385,0
114386,2
114387,2
114388,2
114389,2
114390,2
114391,2
114392,2
114393,2
114394,1
114395,3
114396,3
114397,3
114398,3
114399,3
114400,2
114401,2
114402,3
114403,2
114404,2
114405,2
114406,3
114407,1
114408,2
114409,2
114410,3
114411,2
114412,2
114413,2
114414,2
114415,2
114416,3
114417,2
114418,3
114419,3
114420,3
114421,2
114422,2
114423,2
114424,3
114425,2
114426,2
114427,2
114428,3
114429,3
114430,2
114431,3
114432,2
114433,2
114434,2
114435,2
114436,2
114437,2
114438,3
114439,2
114440,3
114441,2
114442,2
114443,2
114444,2
114445,3
114446,3
114447,3
114448,3
114449,0
114450,2
114451,3
114452,1
114453,2
114454,3
114455,3
114456,2
114457,3
114458,3
114459,2
114460,2
114461,3
114462,2
114463,3
114464,3
114465,2
114466,2
114467,3
114468,3
114469,3
114470,2
114471,3
114472,3
114473,2
114474,2
114475,3
114476,2
114477,3
114478,3
114479,2
114480,3
114481,3
114482,2
114483,3
114484,2
114485,3
114486,3
114487,3
114488,3
114489,3
114490,3
114491,3
114492,3
114493,3
114494,3
114495,3
114496,3
114497,0
114498,3
114499,3
114500,3
114501,3
114502,3
114503,3
114504,3
114505,3
114506,3
114507,3
114508,3
114509,3
114510,3
114511,3
114512,3
114513,3
114514,2
114515,1
114516,1
114517,1
114518,3
114519,1
114520,1
114521,1
114522,1
114523,1
114524,1
114525,1
114526,1
114527,3
114528,3
114529,1
114530,3
114531,3
114532,3
114533,3
114534,1
114535,3
114536,1
114537,1
114538,1
114539,1
114540,3
114541,3
114542,1
114543,2
114544,2
114545,2
114546,2
114547,2
114548,3
114549,3
114550,3
114551,3
114552,1
114553,3
114554,3
114555,1
114556,3
114557,3
114558,3
114559,3
114560,1
114561,1
114562,3
114563,3
114564,1
114565,1
114566,1
114567,1
114568,3
114569,3
114570,3
114571,1
114572,2
114573,1
114574,1
114575,1
114576,1
114577,1
114578,1
114579,1
114580,1
114581,1
114582,1
114583,3
114584,2
114585,3
114586,1
114587,1
114588,3
114589,1
114590,1
114591,3
114592,3
114593,2
114594,3
114595,3
114596,3
114597,3
114598,1
114599,1
114600,3
114601,3
114602,3
114603,3
114604,1
114605,1
114606,1
114607,2
114608,2
114609,2
114610,3
114611,3
114612,3
114613,3
114614,2
114615,3
114616,3
114617,2
114618,2
114619,2
114620,3
114621,3
114622,2
114623,2
114624,3
114625,2
114626,3
114627,2
114628,2
114629,2
114630,2
114631,2
114632,2
114633,3
114634,3
114635,2
114636,0
114637,2
114638,2
114639,0
114640,2
114641,2
114642,2
114643,0
114644,2
114645,2
114646,2
114647,2
114648,0
114649,2
114650,2
114651,2
114652,2
114653,2
114654,2
114655,2
114656,2
114657,2
114658,2
114659,2
114660,2
114661,2
114662,2
114663,2
114664,2
114665,2
114666,2
114667,2
114668,2
114669,3
114670,2
114671,2
114672,2
114673,2
114674,2
114675,3
114676,1
114677,3
114678,2
114679,2
114680,2
114681,2
114682,2
114683,2
114684,2
114685,2
114686,2
114687,2
114688,2
114689,2
114690,2
114691,2
114692,2
114693,2
114694,2
114695,2
114696,2
114697,2
114698,2
114699,3
114700,3
114701,3
114702,1
114703,3
114704,2
114705,2
114706,2
114707,2
114708,2
114709,2
114710,2
114711,2
114712,2
114713,2
114714,2
114715,3
114716,3
114717,3
114718,2
114719,2
114720,2
114721,2
114722,2
114723,2
114724,2
114725,2
114726,2
114727,2
114728,2
114729,2
114730,2
114731,2
114732,3
114733,3
114734,3
114735,3
114736,3
114737,3
114738,3
114739,3
114740,2
114741,2
114742,2
114743,2
114744,3
114745,2
114746,2
114747,2
114748,3
114749,3
114750,2
114751,3
114752,2
114753,1
114754,2
114755,2
114756,2
114757,3
114758,2
114759,2
114760,3
114761,2
114762,1
114763,2
114764,1
114765,1
114766,2
114767,2
114768,2
114769,2
114770,2
114771,2
114772,2
114773,2
114774,2
114775,2
114776,2
114777,2
114778,2
114779,2
114780,2
114781,2
114782,2
114783,2
114784,2
114785,2
114786,2
114787,2
114788,2
114789,2
114790,2
114791,2
114792,2
114793,2
114794,3
114795,2
114796,3
114797,3
114798,3
114799,2
114800,3
114801,3
114802,2
114803,3
114804,2
114805,2
114806,2
114807,1
114808,3
114809,2
114810,2
114811,2
114812,2
114813,2
114814,2
114815,2
114816,3
114817,3
114818,2
114819,2
114820,3
114821,3
114822,2
114823,2
114824,2
114825,2
114826,2
114827,2
114828,2
114829,2
114830,2
114831,2
114832,2
114833,2
114834,2
114835,2
114836,3
114837,2
114838,2
114839,2
114840,3
114841,3
114842,3
114843,3
114844,3
114845,3
114846,3
114847,3
114848,2
114849,3
114850,3
114851,3
114852,2
114853,1
114854,2
114855,2
114856,2
114857,2
114858,2
114859,2
114860,2
114861,2
114862,3
114863,2
114864,3
114865,2
114866,1
114867,3
114868,2
114869,2
114870,2
114871,2
114872,3
114873,3
114874,3
114875,3
114876,3
114877,3
114878,3
114879,2
114880,3
114881,3
114882,2
114883,3
114884,2
114885,2
114886,1
114887,3
114888,2
114889,2
114890,3
114891,2
114892,2
114893,3
114894,2
114895,2
114896,2
114897,3
114898,3
114899,2
114900,3
114901,3
114902,3
114903,3
114904,3
114905,3
114906,2
114907,2
114908,3
114909,3
114910,3
114911,2
114912,3
114913,2
114914,2
114915,1
114916,3
114917,3
114918,3
114919,2
114920,3
114921,3
114922,3
114923,2
114924,2
114925,3
114926,2
114927,2
114928,2
114929,2
114930,2
114931,2
114932,2
114933,2
114934,2
114935,2
114936,2
114937,2
114938,2
114939,2
114940,2
114941,2
114942,2
114943,2
114944,2
114945,2
114946,2
114947,2
114948,2
114949,2
114950,2
114951,2
114952,2
114953,2
114954,2
114955,2
114956,2
114957,2
114958,2
114959,2
114960,2
114961,2
114962,2
114963,2
114964,2
114965,2
114966,2
114967,2
114968,2
114969,2
114970,2
114971,2
114972,2
114973,2
114974,2
114975,2
114976,2
114977,2
114978,2
114979,2
114980,2
114981,2
114982,2
114983,2
114984,2
114985,2
114986,2
114987,2
114988,2
114989,2
114990,2
114991,2
114992,2
114993,2
114994,2
114995,2
114996,2
114997,2
114998,2
114999,3
115000,2
115001,2
115002,3
115003,3
115004,2
115005,2
115006,2
115007,2
115008,2
115009,2
115010,2
115011,2
115012,2
115013,3
115014,3
115015,2
115016,2
115017,2
115018,2
115019,2
115020,2
115021,2
115022,2
115023,2
115024,3
115025,2
115026,2
115027,2
115028,2
115029,2
115030,2
115031,2
115032,2
115033,2
115034,2
115035,2
115036,2
115037,2
115038,2
115039,2
115040,2
115041,2
115042,2
115043,2
115044,2
115045,2
115046,2
115047,2
115048,2
115049,2
115050,2
115051,2
115052,2
115053,2
115054,2
115055,2
115056,2
115057,2
115058,2
115059,2
115060,2
115061,2
115062,2
115063,3
115064,3
115065,3
115066,3
115067,2
115068,2
115069,3
115070,2
115071,3
115072,3
115073,2
115074,3
115075,3
115076,3
115077,1
115078,3
115079,0
115080,2
115081,2
115082,3
115083,3
115084,2
115085,2
115086,2
115087,2
115088,3
115089,2
115090,2
115091,2
115092,2
115093,2
115094,2
115095,2
115096,3
115097,2
115098,2
115099,2
115100,2
115101,2
115102,2
115103,3
115104,2
115105,2
115106,2
115107,3
115108,3
115109,3
115110,2
115111,2
115112,3
115113,3
115114,3
115115,3
115116,2
115117,3
115118,3
115119,3
115120,3
115121,3
115122,3
115123,2
115124,2
115125,3
115126,3
115127,3
115128,3
115129,2
115130,3
115131,3
115132,3
115133,2
115134,2
115135,3
115136,3
115137,3
115138,1
115139,1
115140,1
115141,1
115142,2
115143,3
115144,3
115145,3
115146,2
115147,3
115148,2
115149,2
115150,2
115151,3
115152,2
115153,3
115154,3
115155,2
115156,3
115157,2
115158,2
115159,2
115160,1
115161,2
115162,3
115163,2
115164,2
115165,2
115166,2
115167,2
115168,2
115169,2
115170,2
115171,2
115172,2
115173,2
115174,2
115175,2
115176,3
115177,3
115178,3
115179,2
115180,2
115181,3
115182,2
115183,2
115184,2
115185,2
115186,2
115187,2
115188,2
115189,2
115190,2
115191,2
115192,2
115193,3
115194,2
115195,2
115196,2
115197,2
115198,2
115199,2
115200,2
115201,2
115202,2
115203,2
115204,2
115205,2
115206,2
115207,2
115208,2
115209,2
115210,2
115211,2
115212,2
115213,2
115214,2
115215,2
115216,2
115217,2
115218,2
115219,2
115220,2
115221,2
115222,2
115223,2
115224,2
115225,2
115226,2
115227,2
115228,2
115229,2
115230,2
115231,2
115232,0
115233,2
115234,3
115235,3
115236,3
115237,3
115238,3
115239,3
115240,3
115241,3
115242,3
115243,3
115244,3
115245,3
115246,3
115247,3
115248,2
115249,3
115250,2
115251,3
115252,3
115253,3
115254,2
115255,2
115256,2
115257,3
115258,3
115259,3
115260,2
115261,2
115262,2
115263,2
115264,2
115265,2
115266,3
115267,2
115268,2
115269,2
115270,2
115271,2
115272,2
115273,2
115274,2
115275,2
115276,2
115277,2
115278,3
115279,2
115280,2
115281,2
115282,3
115283,2
115284,2
115285,2
115286,3
115287,3
115288,3
115289,3
115290,3
115291,3
115292,2
115293,3
115294,3
115295,3
115296,3
115297,3
115298,3
115299,2
115300,2
115301,2
115302,2
115303,2
115304,3
115305,3
115306,3
115307,2
115308,2
115309,3
115310,3
115311,3
115312,2
115313,3
115314,2
115315,2
115316,3
115317,3
115318,3
115319,3
115320,3
115321,3
115322,3
115323,3
115324,3
115325,3
115326,3
115327,3
115328,3
115329,3
115330,3
115331,3
115332,3
115333,3
115334,3
115335,3
115336,3
115337,3
115338,3
115339,2
115340,3
115341,3
115342,3
115343,3
115344,3
115345,3
115346,3
115347,3
115348,3
115349,3
115350,3
115351,3
115352,3
115353,3
115354,2
115355,3
115356,2
115357,2
115358,3
115359,2
115360,2
115361,2
115362,3
115363,3
115364,3
115365,2
115366,3
115367,3
115368,3
115369,3
115370,3
115371,3
115372,2
115373,2
115374,3
115375,3
115376,3
115377,2
115378,3
115379,3
115380,2
115381,2
115382,3
115383,3
115384,3
115385,3
115386,3
115387,2
115388,2
115389,2
115390,2
115391,2
115392,2
115393,2
115394,2
115395,2
115396,2
115397,2
115398,2
115399,2
115400,2
115401,3
115402,2
115403,3
115404,1
115405,3
115406,2
115407,2
115408,3
115409,2
115410,2
115411,3
115412,2
115413,2
115414,3
115415,3
115416,3
115417,3
115418,2
115419,3
115420,2
115421,3
115422,2
115423,2
115424,2
115425,2
115426,2
115427,2
115428,2
115429,2
115430,3
115431,2
115432,2
115433,3
115434,3
115435,2
115436,2
115437,2
115438,2
115439,3
115440,2
115441,3
115442,2
115443,2
115444,2
115445,2
115446,2
115447,3
115448,2
115449,2
115450,3
115451,3
115452,2
115453,3
115454,3
115455,2
115456,3
115457,3
115458,2
115459,2
115460,2
115461,2
115462,2
115463,2
115464,3
115465,3
115466,3
115467,2
115468,3
115469,2
115470,2
115471,2
115472,2
115473,2
115474,2
115475,3
115476,2
115477,3
115478,3
115479,3
115480,3
115481,3
115482,3
115483,3
115484,3
115485,3
115486,2
115487,3
115488,3
115489,3
115490,3
115491,3
115492,3
115493,3
115494,3
115495,2
115496,2
115497,2
115498,2
115499,3
115500,3
115501,3
115502,2
115503,3
115504,2
115505,2
115506,3
115507,3
115508,3
115509,3
115510,3
115511,3
115512,3
115513,2
115514,2
115515,3
115516,2
115517,3
115518,3
115519,2
115520,3
115521,3
115522,3
115523,3
115524,3
115525,3
115526,2
115527,2
115528,2
115529,3
115530,2
115531,2
115532,3
115533,2
115534,3
115535,0
115536,3
115537,3
115538,3
115539,3
115540,3
115541,2
115542,3
115543,3
115544,3
115545,3
115546,3
115547,2
115548,3
115549,3
115550,3
115551,2
115552,3
115553,3
115554,2
115555,3
115556,2
115557,3
115558,3
115559,3
115560,3
115561,3
115562,3
115563,3
115564,3
115565,3
115566,2
115567,2
115568,3
115569,2
115570,2
115571,3
115572,3
115573,2
115574,3
115575,3
115576,2
115577,2
115578,3
115579,3
115580,3
115581,2
115582,2
115583,2
115584,2
115585,3
115586,2
115587,3
115588,3
115589,2
115590,3
115591,2
115592,2
115593,3
115594,3
115595,2
115596,1
115597,3
115598,3
115599,1
115600,3
115601,3
115602,3
115603,3
115604,1
115605,3
115606,3
115607,3
115608,3
115609,3
115610,2
115611,2
115612,3
115613,3
115614,2
115615,3
115616,2
115617,2
115618,2
115619,3
115620,3
115621,3
115622,3
115623,3
115624,3
115625,3
115626,3
115627,3
115628,3
115629,2
115630,2
115631,3
115632,2
115633,3
115634,2
115635,2
115636,2
115637,3
115638,3
115639,2
115640,2
115641,2
115642,3
115643,3
115644,1
115645,2
115646,2
115647,2
115648,2
115649,2
115650,3
115651,2
115652,2
115653,0
115654,2
115655,2
115656,2
115657,2
115658,2
115659,1
115660,3
115661,1
115662,1
115663,3
115664,2
115665,3
115666,3
115667,1
115668,2
115669,3
115670,3
115671,3
115672,3
115673,3
115674,3
115675,2
115676,2
115677,2
115678,2
115679,2
115680,2
115681,3
115682,3
115683,2
115684,3
115685,2
115686,2
115687,2
115688,2
115689,2
115690,2
115691,2
115692,2
115693,3
115694,2
115695,2
115696,2
115697,2
115698,2
115699,2
115700,2
115701,2
115702,2
115703,2
115704,2
115705,2
115706,2
115707,2
115708,3
115709,2
115710,2
115711,2
115712,2
115713,2
115714,2
115715,2
115716,2
115717,2
115718,2
115719,2
115720,2
115721,2
115722,2
115723,2
115724,2
115725,2
115726,2
115727,2
115728,2
115729,2
115730,2
115731,3
115732,2
115733,3
115734,2
115735,3
115736,2
115737,2
115738,2
115739,3
115740,3
115741,3
115742,2
115743,2
115744,2
115745,2
115746,2
115747,2
115748,2
115749,2
115750,2
115751,2
115752,2
115753,2
115754,3
115755,2
115756,2
115757,2
115758,2
115759,2
115760,2
115761,2
115762,2
115763,2
115764,2
115765,2
115766,2
115767,2
115768,2
115769,2
115770,2
115771,2
115772,2
115773,2
115774,2
115775,2
115776,2
115777,2
115778,2
115779,2
115780,2
115781,2
115782,2
115783,2
115784,2
115785,2
115786,2
115787,2
115788,2
115789,2
115790,2
115791,2
115792,2
115793,2
115794,2
115795,2
115796,2
115797,2
115798,2
115799,2
115800,3
115801,2
115802,2
115803,2
115804,2
115805,2
115806,2
115807,2
115808,2
115809,2
115810,2
115811,2
115812,2
115813,2
115814,2
115815,2
115816,2
115817,2
115818,2
115819,2
115820,2
115821,2
115822,2
115823,2
115824,2
115825,2
115826,2
115827,2
115828,3
115829,3
115830,1
115831,3
115832,2
115833,2
115834,2
115835,3
115836,2
115837,3
115838,3
115839,2
115840,3
115841,2
115842,2
115843,2
115844,2
115845,3
115846,3
115847,2
115848,2
115849,2
115850,3
115851,3
115852,2
115853,3
115854,3
115855,2
115856,3
115857,3
115858,3
115859,2
115860,3
115861,3
115862,3
115863,3
115864,1
115865,3
115866,2
115867,3
115868,2
115869,2
115870,2
115871,2
115872,3
115873,3
115874,3
115875,1
115876,1
115877,2
115878,2
115879,2
115880,2
115881,2
115882,2
115883,2
115884,3
115885,3
115886,3
115887,3
115888,3
115889,3
115890,2
115891,2
115892,2
115893,2
115894,2
115895,2
115896,2
115897,2
115898,2
115899,2
115900,2
115901,2
115902,2
115903,2
115904,2
115905,2
115906,2
115907,2
115908,2
115909,2
115910,2
115911,2
115912,2
115913,2
115914,2
115915,2
115916,2
115917,2
115918,2
115919,2
115920,2
115921,2
115922,3
115923,2
115924,2
115925,3
115926,2
115927,2
115928,2
115929,2
115930,2
115931,2
115932,2
115933,2
115934,2
115935,2
115936,2
115937,2
115938,2
115939,2
115940,2
115941,2
115942,2
115943,2
115944,2
115945,3
115946,2
115947,2
115948,2
115949,2
115950,2
115951,2
115952,3
115953,2
115954,2
115955,2
115956,2
115957,2
115958,2
115959,2
115960,3
115961,2
115962,2
115963,2
115964,2
115965,2
115966,2
115967,2
115968,2
115969,2
115970,2
115971,2
115972,2
115973,2
115974,2
115975,2
115976,3
115977,2
115978,3
115979,2
115980,2
115981,2
115982,2
115983,3
115984,2
115985,2
115986,2
115987,2
115988,2
115989,3
115990,3
115991,2
115992,3
115993,2
115994,2
115995,2
115996,2
115997,3
115998,2
115999,2
116000,2
116001,2
116002,2
116003,2
116004,2
116005,2
116006,2
116007,2
116008,2
116009,2
116010,2
116011,2
116012,2
116013,2
116014,2
116015,2
116016,2
116017,2
116018,2
116019,2
116020,2
116021,2
116022,2
116023,2
116024,2
116025,3
116026,2
116027,1
116028,2
116029,2
116030,3
116031,3
116032,3
116033,3
116034,1
116035,3
116036,2
116037,2
116038,2
116039,2
116040,2
116041,2
116042,2
116043,2
116044,2
116045,2
116046,3
116047,2
116048,2
116049,2
116050,2
116051,2
116052,2
116053,2
116054,2
116055,2
116056,2
116057,2
116058,3
116059,2
116060,2
116061,2
116062,2
116063,2
116064,2
116065,2
116066,2
116067,3
116068,3
116069,2
116070,2
116071,2
116072,2
116073,2
116074,2
116075,2
116076,3
116077,2
116078,2
116079,2
116080,2
116081,2
116082,2
116083,2
116084,3
116085,2
116086,2
116087,2
116088,2
116089,2
116090,2
116091,3
116092,2
116093,2
116094,2
116095,2
116096,2
116097,3
116098,3
116099,2
116100,1
116101,3
116102,2
116103,2
116104,2
116105,2
116106,2
116107,2
116108,2
116109,2
116110,2
116111,2
116112,2
116113,2
116114,3
116115,2
116116,2
116117,2
116118,2
116119,2
116120,2
116121,2
116122,2
116123,2
116124,2
116125,2
116126,2
116127,2
116128,2
116129,2
116130,2
116131,2
116132,2
116133,2
116134,2
116135,2
116136,2
116137,2
116138,2
116139,2
116140,2
116141,2
116142,2
116143,2
116144,2
116145,2
116146,2
116147,2
116148,2
116149,2
116150,2
116151,2
116152,2
116153,2
116154,2
116155,2
116156,2
116157,2
116158,2
116159,2
116160,2
116161,2
116162,2
116163,2
116164,2
116165,2
116166,2
116167,2
116168,2
116169,2
116170,2
116171,2
116172,3
116173,3
116174,2
116175,3
116176,2
116177,2
116178,2
116179,2
116180,2
116181,3
116182,2
116183,2
116184,2
116185,3
116186,3
116187,3
116188,2
116189,3
116190,2
116191,3
116192,3
116193,3
116194,2
116195,2
116196,2
116197,2
116198,3
116199,2
116200,2
116201,2
116202,2
116203,2
116204,2
116205,2
116206,2
116207,2
116208,3
116209,2
116210,2
116211,3
116212,2
116213,2
116214,2
116215,2
116216,3
116217,2
116218,2
116219,2
116220,2
116221,2
116222,2
116223,2
116224,2
116225,2
116226,2
116227,2
116228,2
116229,2
116230,2
116231,2
116232,3
116233,3
116234,2
116235,2
116236,2
116237,2
116238,2
116239,2
116240,2
116241,2
116242,2
116243,2
116244,2
116245,2
116246,2
116247,2
116248,2
116249,2
116250,2
116251,2
116252,2
116253,2
116254,2
116255,2
116256,2
116257,2
116258,2
116259,2
116260,2
116261,2
116262,2
116263,2
116264,2
116265,2
116266,3
116267,2
116268,2
116269,2
116270,2
116271,2
116272,2
116273,2
116274,2
116275,2
116276,2
116277,2
116278,2
116279,2
116280,3
116281,2
116282,2
116283,2
116284,3
116285,3
116286,2
116287,2
116288,2
116289,2
116290,2
116291,3
116292,2
116293,2
116294,2
116295,2
116296,2
116297,2
116298,2
116299,2
116300,2
116301,2
116302,2
116303,2
116304,2
116305,2
116306,2
116307,2
116308,2
116309,2
116310,2
116311,2
116312,2
116313,2
116314,2
116315,2
116316,2
116317,2
116318,2
116319,2
116320,2
116321,2
116322,2
116323,2
116324,2
116325,2
116326,2
116327,2
116328,2
116329,2
116330,2
116331,2
116332,2
116333,2
116334,2
116335,2
116336,2
116337,2
116338,2
116339,2
116340,2
116341,2
116342,2
116343,3
116344,2
116345,2
116346,2
116347,2
116348,3
116349,2
116350,2
116351,2
116352,2
116353,2
116354,2
116355,2
116356,2
116357,3
116358,2
116359,3
116360,2
116361,2
116362,2
116363,2
116364,2
116365,2
116366,2
116367,2
116368,2
116369,2
116370,2
116371,2
116372,2
116373,0
116374,2
116375,2
116376,2
116377,2
116378,2
116379,2
116380,2
116381,2
116382,2
116383,2
116384,2
116385,2
116386,2
116387,2
116388,2
116389,2
116390,2
116391,2
116392,3
116393,2
116394,2
116395,2
116396,3
116397,2
116398,2
116399,2
116400,2
116401,2
116402,2
116403,2
116404,2
116405,2
116406,2
116407,2
116408,2
116409,2
116410,2
116411,2
116412,3
116413,2
116414,2
116415,2
116416,2
116417,2
116418,2
116419,2
116420,2
116421,2
116422,2
116423,2
116424,2
116425,2
116426,2
116427,2
116428,2
116429,2
116430,2
116431,2
116432,2
116433,2
116434,2
116435,2
116436,2
116437,2
116438,2
116439,2
116440,2
116441,2
116442,2
116443,2
116444,2
116445,2
116446,2
116447,2
116448,2
116449,2
116450,2
116451,2
116452,2
116453,2
116454,2
116455,2
116456,2
116457,2
116458,2
116459,2
116460,2
116461,2
116462,2
116463,2
116464,2
116465,2
116466,2
116467,2
116468,2
116469,2
116470,3
116471,2
116472,2
116473,2
116474,2
116475,2
116476,2
116477,2
116478,2
116479,2
116480,2
116481,2
116482,2
116483,2
116484,3
116485,2
116486,2
116487,2
116488,2
116489,3
116490,2
116491,2
116492,2
116493,2
116494,2
116495,2
116496,2
116497,2
116498,2
116499,2
116500,2
116501,2
116502,2
116503,2
116504,2
116505,2
116506,2
116507,2
116508,2
116509,2
116510,2
116511,2
116512,2
116513,2
116514,3
116515,2
116516,2
116517,2
116518,2
116519,2
116520,2
116521,2
116522,2
116523,2
116524,2
116525,2
116526,2
116527,2
116528,2
116529,2
116530,2
116531,2
116532,2
116533,2
116534,2
116535,2
116536,2
116537,2
116538,2
116539,2
116540,2
116541,2
116542,2
116543,2
116544,2
116545,2
116546,2
116547,2
116548,3
116549,2
116550,3
116551,2
116552,2
116553,2
116554,2
116555,2
116556,2
116557,2
116558,2
116559,2
116560,2
116561,2
116562,2
116563,2
116564,2
116565,2
116566,2
116567,2
116568,2
116569,2
116570,3
116571,2
116572,2
116573,2
116574,2
116575,2
116576,2
116577,2
116578,2
116579,2
116580,2
116581,2
116582,2
116583,3
116584,2
116585,2
116586,2
116587,2
116588,2
116589,2
116590,2
116591,2
116592,2
116593,2
116594,2
116595,2
116596,2
116597,2
116598,2
116599,2
116600,2
116601,2
116602,2
116603,2
116604,2
116605,2
116606,2
116607,2
116608,2
116609,2
116610,2
116611,2
116612,2
116613,3
116614,3
116615,3
116616,3
116617,3
116618,3
116619,2
116620,2
116621,2
116622,3
116623,2
116624,3
116625,2
116626,2
116627,2
116628,2
116629,1
116630,3
116631,3
116632,3
116633,2
116634,2
116635,3
116636,3
116637,2
116638,3
116639,3
116640,3
116641,3
116642,3
116643,3
116644,2
116645,2
116646,2
116647,3
116648,3
116649,2
116650,3
116651,0
116652,2
116653,3
116654,2
116655,2
116656,3
116657,2
116658,2
116659,2
116660,3
116661,3
116662,3
116663,3
116664,3
116665,3
116666,3
116667,3
116668,3
116669,3
116670,3
116671,3
116672,3
116673,3
116674,3
116675,3
116676,3
116677,3
116678,3
116679,3
116680,3
116681,3
116682,3
116683,3
116684,3
116685,3
116686,3
116687,3
116688,3
116689,3
116690,3
116691,3
116692,3
116693,3
116694,3
116695,3
116696,3
116697,3
116698,3
116699,3
116700,3
116701,3
116702,3
116703,3
116704,3
116705,3
116706,3
116707,3
116708,3
116709,3
116710,3
116711,3
116712,3
116713,3
116714,3
116715,3
116716,3
116717,3
116718,3
116719,3
116720,3
116721,3
116722,3
116723,3
116724,3
116725,3
116726,3
116727,3
116728,3
116729,3
116730,3
116731,3
116732,3
116733,3
116734,3
116735,3
116736,3
116737,3
116738,3
116739,3
116740,3
116741,3
116742,3
116743,3
116744,3
116745,3
116746,3
116747,3
116748,3
116749,3
116750,3
116751,3
116752,3
116753,3
116754,3
116755,3
116756,3
116757,3
116758,3
116759,3
116760,3
116761,3
116762,3
116763,3
116764,3
116765,3
116766,3
116767,3
116768,3
116769,3
116770,3
116771,3
116772,3
116773,3
116774,3
116775,3
116776,2
116777,3
116778,3
116779,3
116780,3
116781,3
116782,3
116783,3
116784,3
116785,3
116786,3
116787,3
116788,3
116789,3
116790,3
116791,3
116792,3
116793,3
116794,3
116795,3
116796,3
116797,3
116798,3
116799,3
116800,3
116801,3
116802,3
116803,3
116804,3
116805,3
116806,3
116807,3
116808,3
116809,3
116810,3
116811,3
116812,3
116813,3
116814,3
116815,3
116816,3
116817,3
116818,3
116819,1
116820,1
116821,1
116822,1
116823,3
116824,3
116825,3
116826,3
116827,3
116828,3
116829,3
116830,3
116831,3
116832,3
116833,3
116834,3
116835,3
116836,3
116837,3
116838,3
116839,3
116840,3
116841,3
116842,3
116843,3
116844,3
116845,2
116846,2
116847,3
116848,3
116849,3
116850,2
116851,3
116852,2
116853,2
116854,2
116855,2
116856,3
116857,3
116858,3
116859,3
116860,3
116861,3
116862,3
116863,3
116864,3
116865,3
116866,3
116867,3
116868,3
116869,3
116870,3
116871,3
116872,3
116873,3
116874,2
116875,3
116876,3
116877,3
116878,2
116879,3
116880,2
116881,2
116882,2
116883,2
116884,3
116885,3
116886,3
116887,2
116888,2
116889,3
116890,3
116891,3
116892,3
116893,3
116894,3
116895,3
116896,3
116897,3
116898,3
116899,2
116900,2
116901,2
116902,2
116903,2
116904,2
116905,3
116906,3
116907,3
116908,3
116909,3
116910,3
116911,3
116912,3
116913,3
116914,3
116915,3
116916,3
116917,3
116918,3
116919,3
116920,3
116921,3
116922,3
116923,3
116924,2
116925,2
116926,2
116927,3
116928,2
116929,2
116930,3
116931,3
116932,2
116933,2
116934,2
116935,2
116936,2
116937,2
116938,2
116939,2
116940,2
116941,2
116942,3
116943,2
116944,2
116945,3
116946,3
116947,3
116948,3
116949,2
116950,2
116951,2
116952,3
116953,2
116954,3
116955,3
116956,3
116957,2
116958,3
116959,3
116960,3
116961,3
116962,3
116963,3
116964,3
116965,3
116966,3
116967,3
116968,3
116969,3
116970,3
116971,2
116972,2
116973,3
116974,3
116975,2
116976,3
116977,3
116978,1
116979,3
116980,2
116981,3
116982,2
116983,0
116984,2
116985,2
116986,2
116987,2
116988,2
116989,3
116990,3
116991,2
116992,3
116993,3
116994,3
116995,2
116996,3
116997,3
116998,2
116999,3
117000,2
117001,2
117002,2
117003,2
117004,3
117005,3
117006,3
117007,3
117008,3
117009,3
117010,3
117011,3
117012,3
117013,3
117014,3
117015,3
117016,3
117017,3
117018,3
117019,2
117020,2
117021,3
117022,3
117023,3
117024,3
117025,3
117026,3
117027,2
117028,3
117029,3
117030,3
117031,3
117032,3
117033,3
117034,3
117035,2
117036,3
117037,2
117038,2
117039,2
117040,2
117041,2
117042,2
117043,2
117044,2
117045,2
117046,2
117047,2
117048,2
117049,2
117050,2
117051,2
117052,2
117053,2
117054,0
117055,0
117056,0
117057,0
117058,0
117059,0
117060,0
117061,0
117062,1
117063,1
117064,0
117065,2
117066,2
117067,2
117068,2
117069,2
117070,2
117071,3
117072,2
117073,3
117074,3
117075,2
117076,3
117077,0
117078,2
117079,3
117080,0
117081,1
117082,2
117083,2
117084,3
117085,3
117086,3
117087,3
117088,3
117089,3
117090,2
117091,1
117092,3
117093,3
117094,3
117095,3
117096,3
117097,3
117098,3
117099,2
117100,3
117101,3
117102,1
117103,1
117104,1
117105,2
117106,2
117107,3
117108,1
117109,2
117110,3
117111,3
117112,1
117113,3
117114,2
117115,1
117116,2
117117,3
117118,3
117119,3
117120,1
117121,1
117122,2
117123,3
117124,2
117125,2
117126,3
117127,2
117128,3
117129,1
117130,1
117131,3
117132,1
117133,3
117134,3
117135,3
117136,2
117137,2
117138,1
117139,3
117140,2
117141,1
117142,1
117143,3
117144,2
117145,3
117146,2
117147,1
117148,1
117149,1
117150,1
117151,1
117152,1
117153,1
117154,1
117155,1
117156,1
117157,1
117158,1
117159,1
117160,2
117161,1
117162,1
117163,1
117164,3
117165,3
117166,3
117167,3
117168,3
117169,3
117170,1
117171,3
117172,3
117173,2
117174,3
117175,3
117176,2
117177,2
117178,3
117179,1
117180,1
117181,1
117182,1
117183,1
117184,1
117185,3
117186,1
117187,1
117188,1
117189,2
117190,2
117191,3
117192,3
117193,2
117194,2
117195,0
117196,0
117197,0
117198,0
117199,2
117200,2
117201,3
117202,0
117203,3
117204,0
117205,1
117206,2
117207,1
117208,3
117209,0
117210,2
117211,0
117212,0
117213,0
117214,0
117215,0
117216,0
117217,0
117218,0
117219,0
117220,0
117221,3
117222,1
117223,0
117224,3
117225,2
117226,2
117227,3
117228,0
117229,1
117230,1
117231,1
117232,1
117233,1
117234,1
117235,1
117236,3
117237,3
117238,0
117239,0
117240,3
117241,2
117242,0
117243,0
117244,0
117245,1
117246,1
117247,1
117248,2
117249,1
117250,2
117251,2
117252,2
117253,2
117254,2
117255,1
117256,0
117257,2
117258,2
117259,2
117260,2
117261,2
117262,0
117263,0
117264,0
117265,0
117266,2
117267,2
117268,3
117269,2
117270,3
117271,2
117272,1
117273,1
117274,1
117275,1
117276,1
117277,1
117278,3
117279,3
117280,2
117281,0
117282,3
117283,3
117284,1
117285,2
117286,1
117287,3
117288,3
117289,3
117290,3
117291,3
117292,0
117293,0
117294,3
117295,0
117296,3
117297,0
117298,2
117299,0
117300,0
117301,0
117302,0
117303,0
117304,0
117305,0
117306,3
117307,0
117308,0
117309,0
117310,2
117311,3
117312,2
117313,0
117314,2
117315,2
117316,2
117317,2
117318,2
117319,2
117320,2
117321,2
117322,2
117323,2
117324,2
117325,2
117326,2
117327,3
117328,2
117329,0
117330,2
117331,2
117332,2
117333,2
117334,2
117335,2
117336,3
117337,3
117338,2
117339,1
117340,2
117341,3
117342,3
117343,2
117344,0
117345,0
117346,0
117347,3
117348,0
117349,0
117350,3
117351,3
117352,3
117353,3
117354,2
117355,3
117356,3
117357,3
117358,3
117359,3
117360,3
117361,3
117362,3
117363,3
117364,3
117365,3
117366,3
117367,1
117368,1
117369,1
117370,1
117371,1
117372,1
117373,2
117374,1
117375,1
117376,1
117377,3
117378,3
117379,2
117380,1
117381,2
117382,3
117383,3
117384,3
117385,1
117386,2
117387,2
117388,2
117389,2
117390,2
117391,2
117392,2
117393,3
117394,2
117395,3
117396,3
117397,3
117398,3
117399,2
117400,3
117401,0
117402,0
117403,0
117404,2
117405,0
117406,0
117407,2
117408,0
117409,2
117410,2
117411,0
117412,2
117413,0
117414,2
117415,1
117416,2
117417,3
117418,3
117419,2
117420,2
117421,3
117422,2
117423,3
117424,2
117425,2
117426,2
117427,2
117428,2
117429,3
117430,2
117431,3
117432,3
117433,3
117434,3
117435,2
117436,3
117437,3
117438,3
117439,3
117440,3
117441,2
117442,3
117443,3
117444,2
117445,2
117446,2
117447,3
117448,2
117449,3
117450,2
117451,3
117452,3
117453,2
117454,3
117455,3
117456,2
117457,1
117458,2
117459,2
117460,2
117461,2
117462,2
117463,3
117464,3
117465,2
117466,2
117467,3
117468,2
117469,2
117470,3
117471,2
117472,1
117473,1
117474,3
117475,3
117476,3
117477,1
117478,3
117479,3
117480,3
117481,3
117482,3
117483,1
117484,3
117485,1
117486,3
117487,1
117488,2
117489,1
117490,1
117491,1
117492,2
117493,2
117494,2
117495,2
117496,2
117497,3
117498,2
117499,3
117500,3
117501,2
117502,3
117503,3
117504,2
117505,2
117506,3
117507,1
117508,2
117509,1
117510,1
117511,3
117512,2
117513,1
117514,3
117515,1
117516,3
117517,3
117518,0
117519,3
117520,2
117521,1
117522,1
117523,3
117524,3
117525,3
117526,2
117527,2
117528,2
117529,3
117530,3
117531,3
117532,2
117533,2
117534,2
117535,1
117536,1
117537,2
117538,2
117539,2
117540,2
117541,0
117542,3
117543,2
117544,2
117545,2
117546,2
117547,2
117548,2
117549,2
117550,2
117551,2
117552,3
117553,2
117554,2
117555,3
117556,3
117557,3
117558,0
117559,2
117560,3
117561,2
117562,2
117563,3
117564,2
117565,2
117566,2
117567,2
117568,2
117569,2
117570,2
117571,2
117572,3
117573,2
117574,2
117575,2
117576,2
117577,2
117578,2
117579,2
117580,2
117581,2
117582,2
117583,2
117584,2
117585,2
117586,2
117587,2
117588,2
117589,2
117590,3
117591,2
117592,2
117593,3
117594,3
117595,3
117596,3
117597,3
117598,3
117599,3
117600,3
117601,3
117602,3
117603,3
117604,3
117605,3
117606,3
117607,3
117608,3
117609,2
117610,1
117611,3
117612,1
117613,1
117614,3
117615,3
117616,3
117617,3
117618,3
117619,3
117620,2
117621,3
117622,3
117623,3
117624,2
117625,3
117626,3
117627,2
117628,3
117629,3
117630,3
117631,2
117632,3
117633,0
117634,2
117635,3
117636,3
117637,2
117638,3
117639,2
117640,3
117641,3
117642,1
117643,3
117644,3
117645,3
117646,3
117647,3
117648,2
117649,3
117650,3
117651,3
117652,2
117653,3
117654,3
117655,2
117656,3
117657,3
117658,2
117659,2
117660,0
117661,3
117662,0
117663,0
117664,2
117665,2
117666,2
117667,2
117668,3
117669,3
117670,3
117671,2
117672,2
117673,2
117674,2
117675,2
117676,2
117677,2
117678,2
117679,2
117680,2
117681,2
117682,2
117683,2
117684,2
117685,2
117686,2
117687,2
117688,2
117689,2
117690,2
117691,2
117692,2
117693,2
117694,2
117695,2
117696,2
117697,2
117698,2
117699,2
117700,2
117701,2
117702,2
117703,2
117704,3
117705,2
117706,2
117707,2
117708,3
117709,2
117710,2
117711,3
117712,3
117713,2
117714,3
117715,2
117716,2
117717,2
117718,3
117719,3
117720,2
117721,2
117722,2
117723,3
117724,3
117725,3
117726,3
117727,3
117728,3
117729,2
117730,2
117731,3
117732,3
117733,3
117734,3
117735,2
117736,2
117737,2
117738,2
117739,2
117740,3
117741,3
117742,3
117743,1
117744,3
117745,0
117746,0
117747,0
117748,2
117749,1
117750,2
117751,1
117752,1
117753,1
117754,1
117755,1
117756,3
117757,2
117758,3
117759,3
117760,3
117761,3
117762,2
117763,2
117764,3
117765,2
117766,1
117767,1
117768,1
117769,2
117770,2
117771,2
117772,2
117773,2
117774,2
117775,3
117776,3
117777,2
117778,2
117779,2
117780,2
117781,2
117782,2
117783,3
117784,2
117785,2
117786,2
117787,2
117788,2
117789,3
117790,1
117791,2
117792,2
117793,2
117794,2
117795,2
117796,2
117797,2
117798,2
117799,2
117800,2
117801,2
117802,2
117803,2
117804,2
117805,2
117806,2
117807,2
117808,2
117809,2
117810,2
117811,2
117812,2
117813,2
117814,3
117815,3
117816,2
117817,3
117818,3
117819,3
117820,3
117821,2
117822,3
117823,3
117824,3
117825,3
117826,3
117827,3
117828,1
117829,1
117830,2
117831,3
117832,2
117833,2
117834,2
117835,2
117836,2
117837,2
117838,2
117839,2
117840,2
117841,2
117842,2
117843,2
117844,2
117845,2
117846,2
117847,2
117848,2
117849,2
117850,2
117851,2
117852,2
117853,2
117854,2
117855,3
117856,2
117857,1
117858,2
117859,3
117860,3
117861,2
117862,2
117863,3
117864,3
117865,2
117866,2
117867,2
117868,2
117869,2
117870,2
117871,2
117872,2
117873,2
117874,2
117875,2
117876,2
117877,2
117878,2
117879,2
117880,2
117881,2
117882,2
117883,2
117884,2
117885,2
117886,2
117887,2
117888,2
117889,2
117890,2
117891,2
117892,2
117893,2
117894,2
117895,2
117896,2
117897,2
117898,3
117899,3
117900,2
117901,3
117902,2
117903,2
117904,2
117905,2
117906,2
117907,2
117908,2
117909,2
117910,2
117911,2
117912,2
117913,2
117914,2
117915,2
117916,2
117917,2
117918,2
117919,2
117920,2
117921,2
117922,3
117923,3
117924,3
117925,2
117926,2
117927,2
117928,2
117929,2
117930,2
117931,2
117932,2
117933,2
117934,1
117935,1
117936,2
117937,2
117938,1
117939,1
117940,1
117941,1
117942,2
117943,2
117944,2
117945,2
117946,2
117947,2
117948,2
117949,2
117950,2
117951,2
117952,2
117953,2
117954,2
117955,2
117956,2
117957,2
117958,2
117959,2
117960,2
117961,2
117962,2
117963,2
117964,2
117965,2
117966,2
117967,2
117968,2
117969,2
117970,2
117971,2
117972,3
117973,2
117974,2
117975,3
117976,3
117977,2
117978,2
117979,2
117980,2
117981,3
117982,2
117983,2
117984,2
117985,2
117986,2
117987,2
117988,2
117989,2
117990,2
117991,2
117992,2
117993,2
117994,2
117995,2
117996,2
117997,2
117998,2
117999,2
118000,3
118001,2
118002,2
118003,2
118004,2
118005,2
118006,1
118007,2
118008,2
118009,1
118010,2
118011,2
118012,2
118013,2
118014,2
118015,2
118016,2
118017,2
118018,3
118019,2
118020,2
118021,2
118022,3
118023,3
118024,3
118025,3
118026,2
118027,2
118028,2
118029,3
118030,3
118031,2
118032,3
118033,3
118034,3
118035,3
118036,3
118037,3
118038,3
118039,2
118040,2
118041,3
118042,3
118043,3
118044,3
118045,3
118046,3
118047,3
118048,3
118049,2
118050,2
118051,3
118052,2
118053,2
118054,2
118055,3
118056,3
118057,2
118058,2
118059,2
118060,3
118061,2
118062,2
118063,2
118064,2
118065,2
118066,2
118067,2
118068,2
118069,2
118070,2
118071,2
118072,2
118073,2
118074,2
118075,2
118076,2
118077,2
118078,2
118079,2
118080,1
118081,2
118082,2
118083,2
118084,2
118085,2
118086,3
118087,3
118088,2
118089,0
118090,0
118091,0
118092,0
118093,2
118094,0
118095,0
118096,2
118097,0
118098,0
118099,0
118100,0
118101,3
118102,0
118103,2
118104,2
118105,3
118106,0
118107,3
118108,0
118109,0
118110,0
118111,0
118112,3
118113,0
118114,3
118115,2
118116,2
118117,2
118118,2
118119,1
118120,2
118121,2
118122,2
118123,2
118124,2
118125,3
118126,2
118127,2
118128,3
118129,3
118130,3
118131,2
118132,2
118133,2
118134,2
118135,2
118136,2
118137,2
118138,2
118139,2
118140,2
118141,2
118142,2
118143,2
118144,2
118145,2
118146,2
118147,2
118148,3
118149,2
118150,2
118151,2
118152,2
118153,2
118154,2
118155,2
118156,2
118157,2
118158,2
118159,2
118160,2
118161,2
118162,3
118163,3
118164,2
118165,3
118166,2
118167,2
118168,2
118169,2
118170,2
118171,2
118172,2
118173,2
118174,2
118175,2
118176,2
118177,2
118178,2
118179,2
118180,2
118181,3
118182,2
118183,2
118184,2
118185,2
118186,2
118187,3
118188,2
118189,2
118190,2
118191,2
118192,2
118193,2
118194,2
118195,2
118196,2
118197,3
118198,2
118199,2
118200,2
118201,2
118202,2
118203,0
118204,2
118205,3
118206,0
118207,0
118208,2
118209,0
118210,3
118211,3
118212,3
118213,2
118214,0
118215,0
118216,0
118217,3
118218,3
118219,0
118220,0
118221,3
118222,0
118223,2
118224,3
118225,0
118226,0
118227,0
118228,3
118229,3
118230,3
118231,3
118232,3
118233,2
118234,3
118235,3
118236,2
118237,3
118238,3
118239,2
118240,3
118241,3
118242,3
118243,0
118244,3
118245,0
118246,0
118247,0
118248,0
118249,0
118250,0
118251,0
118252,0
118253,0
118254,0
118255,2
118256,0
118257,0
118258,0
118259,0
118260,0
118261,0
118262,0
118263,2
118264,2
118265,2
118266,2
118267,2
118268,2
118269,2
118270,2
118271,2
118272,2
118273,2
118274,2
118275,2
118276,2
118277,2
118278,2
118279,2
118280,2
118281,2
118282,2
118283,2
118284,2
118285,2
118286,2
118287,2
118288,2
118289,2
118290,2
118291,2
118292,2
118293,2
118294,2
118295,2
118296,2
118297,2
118298,2
118299,2
118300,2
118301,2
118302,2
118303,2
118304,2
118305,3
118306,2
118307,2
118308,2
118309,2
118310,2
118311,3
118312,2
118313,2
118314,0
118315,3
118316,0
118317,3
118318,2
118319,3
118320,2
118321,1
118322,2
118323,3
118324,3
118325,2
118326,2
118327,2
118328,2
118329,2
118330,2
118331,2
118332,2
118333,2
118334,2
118335,3
118336,3
118337,2
118338,3
118339,2
118340,3
118341,2
118342,2
118343,2
118344,2
118345,2
118346,3
118347,2
118348,2
118349,2
118350,2
118351,2
118352,2
118353,2
118354,2
118355,2
118356,2
118357,2
118358,3
118359,3
118360,2
118361,2
118362,3
118363,2
118364,2
118365,3
118366,2
118367,2
118368,1
118369,3
118370,3
118371,3
118372,3
118373,3
118374,3
118375,3
118376,3
118377,3
118378,3
118379,3
118380,3
118381,3
118382,3
118383,3
118384,2
118385,3
118386,3
118387,3
118388,3
118389,3
118390,3
118391,3
118392,3
118393,3
118394,3
118395,2
118396,3
118397,3
118398,3
118399,3
118400,3
118401,2
118402,2
118403,2
118404,1
118405,2
118406,2
118407,2
118408,2
118409,2
118410,3
118411,2
118412,2
118413,2
118414,3
118415,2
118416,2
118417,2
118418,3
118419,3
118420,2
118421,2
118422,2
118423,2
118424,3
118425,3
118426,3
118427,2
118428,2
118429,3
118430,2
118431,2
118432,2
118433,2
118434,3
118435,2
118436,2
118437,2
118438,2
118439,2
118440,3
118441,3
118442,2
118443,2
118444,2
118445,2
118446,3
118447,2
118448,3
118449,2
118450,2
118451,2
118452,3
118453,3
118454,3
118455,3
118456,3
118457,0
118458,3
118459,2
118460,2
118461,2
118462,2
118463,2
118464,2
118465,3
118466,3
118467,0
118468,3
118469,3
118470,3
118471,1
118472,3
118473,1
118474,1
118475,1
118476,1
118477,1
118478,1
118479,1
118480,1
118481,1
118482,1
118483,1
118484,1
118485,1
118486,2
118487,1
118488,1
118489,1
118490,1
118491,1
118492,1
118493,1
118494,1
118495,1
118496,1
118497,1
118498,1
118499,1
118500,1
118501,1
118502,1
118503,1
118504,1
118505,1
118506,1
118507,1
118508,1
118509,2
118510,1
118511,1
118512,1
118513,1
118514,3
118515,2
118516,2
118517,3
118518,3
118519,2
118520,3
118521,2
118522,2
118523,2
118524,2
118525,3
118526,2
118527,2
118528,2
118529,2
118530,2
118531,3
118532,2
118533,2
118534,2
118535,1
118536,1
118537,1
118538,1
118539,1
118540,1
118541,1
118542,1
118543,1
118544,1
118545,2
118546,1
118547,1
118548,2
118549,2
118550,3
118551,3
118552,2
118553,2
118554,2
118555,2
118556,0
118557,0
118558,0
118559,0
118560,2
118561,3
118562,0
118563,2
118564,3
118565,3
118566,2
118567,2
118568,2
118569,2
118570,2
118571,2
118572,2
118573,2
118574,2
118575,2
118576,2
118577,2
118578,2
118579,2
118580,0
118581,2
118582,3
118583,2
118584,2
118585,2
118586,3
118587,2
118588,2
118589,3
118590,2
118591,2
118592,2
118593,2
118594,0
118595,2
118596,3
118597,0
118598,2
118599,0
118600,2
118601,3
118602,2
118603,3
118604,2
118605,3
118606,3
118607,2
118608,2
118609,0
118610,3
118611,2
118612,3
118613,2
118614,3
118615,3
118616,3
118617,3
118618,3
118619,2
118620,2
118621,2
118622,3
118623,3
118624,3
118625,2
118626,2
118627,2
118628,3
118629,2
118630,2
118631,1
118632,3
118633,1
118634,2
118635,3
118636,2
118637,3
118638,3
118639,3
118640,2
118641,3
118642,3
118643,1
118644,1
118645,1
118646,1
118647,1
118648,1
118649,1
118650,1
118651,1
118652,1
118653,1
118654,1
118655,3
118656,3
118657,3
118658,3
118659,3
118660,1
118661,1
118662,1
118663,3
118664,3
118665,2
118666,3
118667,3
118668,3
118669,3
118670,3
118671,1
118672,3
118673,3
118674,3
118675,1
118676,1
118677,2
118678,2
118679,1
118680,3
118681,1
118682,1
118683,1
118684,1
118685,1
118686,2
118687,1
118688,3
118689,3
118690,3
118691,3
118692,3
118693,1
118694,1
118695,3
118696,2
118697,3
118698,3
118699,3
118700,2
118701,2
118702,2
118703,2
118704,2
118705,3
118706,2
118707,2
118708,3
118709,3
118710,3
118711,2
118712,3
118713,2
118714,2
118715,2
118716,3
118717,3
118718,2
118719,3
118720,3
118721,3
118722,2
118723,3
118724,2
118725,3
118726,3
118727,3
118728,2
118729,2
118730,2
118731,2
118732,3
118733,2
118734,2
118735,3
118736,2
118737,2
118738,3
118739,2
118740,2
118741,2
118742,3
118743,2
118744,2
118745,3
118746,2
118747,2
118748,2
118749,2
118750,2
118751,2
118752,3
118753,3
118754,3
118755,2
118756,2
118757,2
118758,2
118759,3
118760,3
118761,3
118762,3
118763,3
118764,3
118765,0
118766,2
118767,0
118768,3
118769,3
118770,3
118771,3
118772,3
118773,3
118774,2
118775,2
118776,3
118777,2
118778,3
118779,2
118780,2
118781,3
118782,3
118783,3
118784,2
118785,2
118786,2
118787,2
118788,2
118789,2
118790,3
118791,3
118792,3
118793,3
118794,3
118795,2
118796,2
118797,2
118798,3
118799,3
118800,3
118801,2
118802,3
118803,2
118804,2
118805,2
118806,3
118807,2
118808,2
118809,3
118810,2
118811,3
118812,2
118813,2
118814,3
118815,3
118816,2
118817,3
118818,2
118819,2
118820,1
118821,3
118822,3
118823,3
118824,3
118825,3
118826,3
118827,3
118828,3
118829,3
118830,3
118831,3
118832,3
118833,3
118834,3
118835,3
118836,3
118837,3
118838,3
118839,3
118840,3
118841,1
118842,1
118843,0
118844,3
118845,3
118846,3
118847,3
118848,3
118849,3
118850,3
118851,2
118852,3
118853,3
118854,3
118855,3
118856,1
118857,3
118858,3
118859,3
118860,3
118861,3
118862,3
118863,1
118864,3
118865,1
118866,1
118867,3
118868,3
118869,3
118870,3
118871,1
118872,2
118873,0
118874,3
118875,3
118876,3
118877,3
118878,1
118879,1
118880,1
118881,2
118882,3
118883,3
118884,3
118885,3
118886,3
118887,2
118888,3
118889,3
118890,3
118891,3
118892,2
118893,2
118894,2
118895,3
118896,3
118897,3
118898,3
118899,3
118900,3
118901,1
118902,2
118903,3
118904,3
118905,3
118906,3
118907,3
118908,1
118909,2
118910,3
118911,1
118912,1
118913,2
118914,3
118915,3
118916,3
118917,3
118918,1
118919,1
118920,1
118921,1
118922,3
118923,3
118924,3
118925,1
118926,3
118927,3
118928,3
118929,3
118930,1
118931,3
118932,3
118933,3
118934,3
118935,3
118936,1
118937,2
118938,2
118939,3
118940,3
118941,2
118942,3
118943,3
118944,3
118945,3
118946,3
118947,3
118948,3
118949,3
118950,3
118951,3
118952,3
118953,3
118954,2
118955,3
118956,3
118957,3
118958,3
118959,2
118960,2
118961,3
118962,2
118963,3
118964,3
118965,3
118966,3
118967,2
118968,2
118969,3
118970,1
118971,1
118972,1
118973,3
118974,1
118975,1
118976,2
118977,2
118978,2
118979,2
118980,2
118981,1
118982,3
118983,3
118984,2
118985,3
118986,1
118987,3
118988,2
118989,2
118990,3
118991,3
118992,3
118993,2
118994,3
118995,2
118996,2
118997,2
118998,2
118999,2
119000,3
119001,1
119002,1
119003,3
119004,3
119005,3
119006,2
119007,3
119008,1
119009,3
119010,1
119011,3
119012,3
119013,2
119014,3
119015,3
119016,2
119017,3
119018,3
119019,3
119020,3
119021,2
119022,3
119023,3
119024,0
119025,1
119026,1
119027,3
119028,3
119029,1
119030,1
119031,3
119032,1
119033,1
119034,2
119035,3
119036,3
119037,3
119038,3
119039,3
119040,3
119041,1
119042,0
119043,0
119044,1
119045,1
119046,1
119047,1
119048,1
119049,1
119050,1
119051,1
119052,2
119053,3
119054,2
119055,1
119056,1
119057,0
119058,2
119059,1
119060,1
119061,1
119062,2
119063,0
119064,0
119065,2
119066,0
119067,1
119068,0
119069,3
119070,2
119071,1
119072,3
119073,3
119074,3
119075,3
119076,3
119077,3
119078,3
119079,3
119080,3
119081,3
119082,3
119083,3
119084,1
119085,2
119086,3
119087,1
119088,2
119089,3
119090,2
119091,2
119092,3
119093,3
119094,3
119095,2
119096,1
119097,0
119098,2
119099,1
119100,2
119101,3
119102,2
119103,2
119104,2
119105,2
119106,2
119107,3
119108,2
119109,3
119110,2
119111,3
119112,2
119113,2
119114,3
119115,2
119116,2
119117,3
119118,3
119119,2
119120,2
119121,3
119122,1
119123,3
119124,2
119125,3
119126,2
119127,1
119128,1
119129,3
119130,3
119131,3
119132,1
119133,3
119134,2
119135,3
119136,3
119137,0
119138,0
119139,0
119140,0
119141,0
119142,0
119143,3
119144,1
119145,2
119146,2
119147,3
119148,2
119149,2
119150,2
119151,2
119152,2
119153,2
119154,0
119155,0
119156,2
119157,3
119158,2
119159,3
119160,0
119161,3
119162,1
119163,2
119164,2
119165,2
119166,1
119167,3
119168,1
119169,2
119170,3
119171,0
119172,1
119173,2
119174,2
119175,2
119176,3
119177,3
119178,3
119179,2
119180,2
119181,2
119182,2
119183,3
119184,3
119185,3
119186,3
119187,2
119188,3
119189,3
119190,3
119191,3
119192,3
119193,3
119194,2
119195,2
119196,2
119197,2
119198,3
119199,3
119200,3
119201,3
119202,3
119203,1
119204,3
119205,1
119206,3
119207,3
119208,3
119209,2
119210,2
119211,2
119212,2
119213,2
119214,2
119215,3
119216,2
119217,2
119218,2
119219,2
119220,2
119221,2
119222,3
119223,3
119224,1
119225,3
119226,3
119227,3
119228,2
119229,2
119230,3
119231,3
119232,2
119233,2
119234,2
119235,3
119236,3
119237,2
119238,2
119239,1
119240,3
119241,3
119242,3
119243,2
119244,3
119245,2
119246,2
119247,3
119248,3
119249,2
119250,3
119251,2
119252,3
119253,3
119254,3
119255,3
119256,2
119257,1
119258,3
119259,1
119260,1
119261,2
119262,1
119263,1
119264,3
119265,1
119266,1
119267,3
119268,3
119269,0
119270,3
119271,3
119272,3
119273,3
119274,3
119275,2
119276,1
119277,1
119278,2
119279,2
119280,2
119281,2
119282,3
119283,3
119284,1
119285,2
119286,2
119287,2
119288,3
119289,2
119290,2
119291,2
119292,2
119293,3
119294,2
119295,2
119296,2
119297,2
119298,2
119299,3
119300,2
119301,2
119302,1
119303,3
119304,3
119305,3
119306,2
119307,3
119308,3
119309,1
119310,3
119311,3
119312,3
119313,3
119314,3
119315,2
119316,1
119317,3
119318,3
119319,3
119320,2
119321,3
119322,1
119323,1
119324,3
119325,3
119326,3
119327,2
119328,3
119329,3
119330,3
119331,0
119332,2
119333,3
119334,3
119335,3
119336,3
119337,3
119338,2
119339,2
119340,3
119341,2
119342,2
119343,2
119344,2
119345,2
119346,2
119347,2
119348,2
119349,2
119350,3
119351,2
119352,2
119353,2
119354,2
119355,2
119356,2
119357,2
119358,2
119359,2
119360,2
119361,2
119362,2
119363,2
119364,2
119365,2
119366,3
119367,3
119368,2
119369,3
119370,1
119371,1
119372,2
119373,1
119374,2
119375,2
119376,2
119377,2
119378,2
119379,2
119380,2
119381,2
119382,2
119383,2
119384,2
119385,2
119386,2
119387,2
119388,2
119389,2
119390,2
119391,3
119392,2
119393,2
119394,2
119395,3
119396,2
119397,2
119398,3
119399,2
119400,2
119401,2
119402,2
119403,2
119404,3
119405,2
119406,2
119407,2
119408,2
119409,2
119410,3
119411,2
119412,2
119413,3
119414,3
119415,3
119416,3
119417,3
119418,2
119419,3
119420,3
119421,2
119422,1
119423,3
119424,1
119425,1
119426,1
119427,1
119428,3
119429,3
119430,3
119431,3
119432,2
119433,2
119434,2
119435,3
119436,1
119437,3
119438,3
119439,3
119440,3
119441,3
119442,3
119443,3
119444,3
119445,3
119446,3
119447,3
119448,3
119449,3
119450,3
119451,3
119452,3
119453,3
119454,3
119455,3
119456,3
119457,3
119458,3
119459,3
119460,3
119461,3
119462,3
119463,2
119464,0
119465,3
119466,3
119467,3
119468,3
119469,3
119470,3
119471,3
119472,2
119473,3
119474,1
119475,1
119476,3
119477,1
119478,3
119479,2
119480,0
119481,3
119482,0
119483,0
119484,3
119485,3
119486,3
119487,2
119488,3
119489,3
119490,3
119491,3
119492,3
119493,3
119494,3
119495,3
119496,3
119497,3
119498,3
119499,3
119500,3
119501,3
119502,3
119503,3
119504,3
119505,3
119506,1
119507,1
119508,3
119509,3
119510,3
119511,3
119512,3
119513,3
119514,1
119515,2
119516,2
119517,2
119518,3
119519,2
119520,3
119521,3
119522,3
119523,3
119524,2
119525,3
119526,3
119527,3
119528,3
119529,3
119530,3
119531,3
119532,3
119533,2
119534,3
119535,3
119536,3
119537,3
119538,3
119539,3
119540,3
119541,3
119542,3
119543,3
119544,3
119545,3
119546,3
119547,3
119548,3
119549,3
119550,3
119551,2
119552,2
119553,2
119554,2
119555,2
119556,3
119557,3
119558,3
119559,3
119560,3
119561,2
119562,2
119563,3
119564,3
119565,3
119566,3
119567,3
119568,3
119569,3
119570,3
119571,3
119572,3
119573,3
119574,3
119575,3
119576,3
119577,3
119578,2
119579,3
119580,3
119581,3
119582,3
119583,3
119584,3
119585,3
119586,3
119587,3
119588,3
119589,2
119590,3
119591,3
119592,3
119593,3
119594,3
119595,3
119596,3
119597,3
119598,3
119599,3
119600,3
119601,3
119602,0
119603,0
119604,3
119605,3
119606,3
119607,3
119608,3
119609,3
119610,3
119611,3
119612,3
119613,3
119614,3
119615,3
119616,3
119617,3
119618,0
119619,0
119620,0
119621,3
119622,3
119623,3
119624,3
119625,3
119626,3
119627,3
119628,3
119629,3
119630,3
119631,3
119632,3
119633,3
119634,3
119635,3
119636,3
119637,3
119638,3
119639,3
119640,3
119641,2
119642,3
119643,3
119644,3
119645,3
119646,3
119647,3
119648,3
119649,3
119650,3
119651,3
119652,3
119653,3
119654,3
119655,3
119656,3
119657,3
119658,0
119659,0
119660,3
119661,3
119662,3
119663,3
119664,0
119665,3
119666,3
119667,3
119668,3
119669,3
119670,3
119671,3
119672,3
119673,3
119674,3
119675,3
119676,0
119677,3
119678,0
119679,3
119680,0
119681,3
119682,3
119683,3
119684,3
119685,3
119686,3
119687,3
119688,3
119689,3
119690,3
119691,3
119692,2
119693,2
119694,3
119695,3
119696,3
119697,3
119698,0
119699,0
119700,0
119701,0
119702,0
119703,0
119704,3
119705,3
119706,3
119707,2
119708,3
119709,2
119710,0
119711,0
119712,0
119713,0
119714,0
119715,0
119716,0
119717,2
119718,2
119719,0
119720,0
119721,0
119722,2
119723,0
119724,0
119725,0
119726,0
119727,0
119728,0
119729,0
119730,0
119731,0
119732,0
119733,0
119734,0
119735,0
119736,0
119737,0
119738,0
119739,2
119740,3
119741,2
119742,0
119743,0
119744,2
119745,2
119746,2
119747,0
119748,0
119749,2
119750,3
119751,3
119752,3
119753,2
119754,0
119755,0
119756,0
119757,0
119758,2
119759,0
119760,0
119761,0
119762,0
119763,0
119764,0
119765,1
119766,3
119767,0
119768,1
119769,3
119770,2
119771,3
119772,3
119773,3
119774,3
119775,3
119776,3
119777,2
119778,3
119779,0
119780,1
119781,3
119782,3
119783,3
119784,3
119785,3
119786,2
119787,3
119788,2
119789,3
119790,3
119791,3
119792,2
119793,2
119794,3
119795,3
119796,0
119797,3
119798,2
119799,3
119800,3
119801,1
119802,3
119803,3
119804,1
119805,3
119806,3
119807,3
119808,3
119809,3
119810,3
119811,3
119812,3
119813,3
119814,3
119815,0
119816,3
119817,3
119818,3
119819,3
119820,3
119821,3
119822,3
119823,1
119824,3
119825,3
119826,3
119827,3
119828,3
119829,3
119830,3
119831,3
119832,3
119833,3
119834,3
119835,3
119836,3
119837,3
119838,3
119839,3
119840,3
119841,3
119842,3
119843,3
119844,3
119845,3
119846,3
119847,3
119848,3
119849,1
119850,3
119851,3
119852,3
119853,2
119854,2
119855,2
119856,3
119857,2
119858,3
119859,3
119860,2
119861,3
119862,3
119863,3
119864,2
119865,3
119866,3
119867,2
119868,3
119869,3
119870,2
119871,3
119872,2
119873,3
119874,3
119875,3
119876,3
119877,3
119878,3
119879,3
119880,3
119881,3
119882,3
119883,3
119884,3
119885,3
119886,3
119887,3
119888,3
119889,3
119890,3
119891,3
119892,3
119893,3
119894,3
119895,3
119896,3
119897,3
119898,3
119899,3
119900,3
119901,3
119902,3
119903,3
119904,3
119905,1
119906,3
119907,3
119908,3
119909,3
119910,3
119911,3
119912,3
119913,3
119914,3
119915,3
119916,0
119917,0
119918,3
119919,3
119920,3
119921,3
119922,3
119923,3
119924,3
119925,3
119926,3
119927,3
119928,3
119929,3
119930,3
119931,3
119932,3
119933,3
119934,3
119935,2
119936,3
119937,3
119938,3
119939,3
119940,2
119941,3
119942,3
119943,3
119944,3
119945,3
119946,3
119947,3
119948,3
119949,3
119950,3
119951,3
119952,3
119953,3
119954,3
119955,3
119956,3
119957,3
119958,3
119959,3
119960,3
119961,3
119962,3
119963,3
119964,0
119965,0
119966,3
119967,3
119968,3
119969,2
119970,2
119971,2
119972,3
119973,3
119974,3
119975,0
119976,3
119977,3
119978,0
119979,3
119980,3
119981,0
119982,0
119983,0
119984,0
119985,0
119986,0
119987,0
119988,0
119989,0
119990,0
119991,0
119992,0
119993,0
119994,0
119995,3
119996,0
119997,0
119998,0
119999,0
120000,0
120001,2
120002,3
120003,3
120004,3
120005,3
120006,3
120007,3
120008,3
120009,3
120010,3
120011,3
120012,3
120013,2
120014,3
120015,3
120016,2
120017,3
120018,3
120019,3
120020,3
120021,0
120022,3
120023,3
120024,3
120025,3
120026,3
120027,3
120028,3
120029,3
120030,3
120031,3
120032,3
120033,3
120034,3
120035,3
120036,3
120037,2
120038,3
120039,3
120040,3
120041,2
120042,3
120043,2
120044,3
120045,2
120046,3
120047,3
120048,3
120049,3
120050,3
120051,3
120052,3
120053,3
120054,3
120055,3
120056,3
120057,3
120058,3
120059,3
120060,3
120061,3
120062,3
120063,3
120064,2
120065,3
120066,2
120067,3
120068,3
120069,3
120070,3
120071,3
120072,3
120073,2
120074,2
120075,2
120076,2
120077,3
120078,3
120079,3
120080,3
120081,3
120082,3
120083,3
120084,2
120085,3
120086,2
120087,3
120088,2
120089,3
120090,3
120091,3
120092,3
120093,3
120094,3
120095,3
120096,3
120097,2
120098,1
120099,3
120100,3
120101,3
120102,2
120103,2
120104,3
120105,2
120106,3
120107,0
120108,0
120109,2
120110,0
120111,0
120112,0
120113,0
120114,0
120115,0
120116,0
120117,0
120118,0
120119,0
120120,0
120121,0
120122,0
120123,2
120124,0
120125,2
120126,2
120127,0
120128,0
120129,2
120130,0
120131,2
120132,0
120133,2
120134,2
120135,2
120136,2
120137,2
120138,0
120139,0
120140,2
120141,0
120142,2
120143,2
120144,2
120145,3
120146,3
120147,0
120148,0
120149,0
120150,0
120151,0
120152,0
120153,0
120154,0
120155,0
120156,0
120157,0
120158,0
120159,2
120160,2
120161,2
120162,0
120163,0
120164,0
120165,3
120166,2
120167,2
120168,2
120169,3
120170,0
120171,3
120172,2
120173,0
120174,0
120175,0
120176,0
120177,0
120178,0
120179,0
120180,3
120181,3
120182,0
120183,0
120184,0
120185,0
120186,3
120187,3
120188,3
120189,3
120190,3
120191,3
120192,0
120193,2
120194,0
120195,2
120196,2
120197,0
120198,0
120199,0
120200,0
120201,0
120202,0
120203,2
120204,0
120205,2
120206,0
120207,3
120208,3
120209,2
120210,1
120211,3
120212,2
120213,0
120214,2
120215,2
120216,0
120217,3
120218,0
120219,2
120220,3
120221,0
120222,0
120223,0
120224,2
120225,2
120226,0
120227,2
120228,3
120229,3
120230,0
120231,3
120232,0
120233,0
120234,0
120235,3
120236,3
120237,0
120238,0
120239,0
120240,0
120241,0
120242,2
120243,0
120244,0
120245,0
120246,0
120247,0
120248,2
120249,2
120250,0
120251,0
120252,0
120253,0
120254,0
120255,0
120256,3
120257,2
120258,0
120259,2
120260,2
120261,3
120262,2
120263,2
120264,2
120265,0
120266,0
120267,0
120268,3
120269,2
120270,0
120271,0
120272,3
120273,3
120274,0
120275,2
120276,3
120277,0
120278,0
120279,3
120280,0
120281,2
120282,3
120283,2
120284,2
120285,2
120286,3
120287,3
120288,0
120289,2
120290,2
120291,3
120292,0
120293,3
120294,3
120295,0
120296,2
120297,3
120298,3
120299,3
120300,0
120301,3
120302,0
120303,2
120304,2
120305,0
120306,2
120307,2
120308,2
120309,2
120310,2
120311,0
120312,0
120313,2
120314,2
120315,0
120316,3
120317,0
120318,3
120319,2
120320,2
120321,2
120322,2
120323,0
120324,0
120325,0
120326,0
120327,3
120328,2
120329,0
120330,2
120331,2
120332,2
120333,2
120334,2
120335,2
120336,2
120337,3
120338,3
120339,0
120340,3
120341,0
120342,0
120343,0
120344,2
120345,2
120346,2
120347,2
120348,2
120349,0
120350,0
120351,0
120352,3
120353,3
120354,2
120355,0
120356,0
120357,0
120358,0
120359,3
120360,0
120361,2
120362,2
120363,2
120364,2
120365,2
120366,2
120367,2
120368,2
120369,2
120370,2
120371,2
120372,2
120373,2
120374,0
120375,0
120376,0
120377,2
120378,2
120379,2
120380,0
120381,2
120382,0
120383,2
120384,0
120385,0
120386,2
120387,0
120388,2
120389,0
120390,2
120391,2
120392,0
120393,2
120394,0
120395,0
120396,0
120397,0
120398,2
120399,2
120400,2
120401,0
120402,2
120403,2
120404,2
120405,0
120406,2
120407,2
120408,2
120409,2
120410,2
120411,2
120412,0
120413,0
120414,0
120415,0
120416,0
120417,0
120418,0
120419,0
120420,2
120421,0
120422,0
120423,0
120424,0
120425,0
120426,2
120427,2
120428,2
120429,0
120430,2
120431,2
120432,0
120433,2
120434,2
120435,0
120436,0
120437,2
120438,0
120439,2
120440,3
120441,0
120442,0
120443,2
120444,2
120445,0
120446,3
120447,0
120448,2
120449,2
120450,2
120451,0
120452,0
120453,0
120454,3
120455,0
120456,3
120457,0
120458,0
120459,0
120460,0
120461,0
120462,0
120463,0
120464,3
120465,0
120466,0
120467,0
120468,0
120469,0
120470,0
120471,0
120472,0
120473,0
120474,0
120475,0
120476,0
120477,0
120478,0
120479,3
120480,0
120481,0
120482,0
120483,0
120484,3
120485,3
120486,3
120487,0
120488,3
120489,0
120490,3
120491,0
120492,0
120493,3
120494,0
120495,3
120496,3
120497,3
120498,0
120499,0
120500,3
120501,0
120502,0
120503,0
120504,0
120505,0
120506,0
120507,0
120508,0
120509,0
120510,0
120511,3
120512,0
120513,2
120514,0
120515,0
120516,0
120517,0
120518,0
120519,0
120520,3
120521,1
120522,0
120523,3
120524,2
120525,2
