Id,change_type
0,3
1,2
2,2
3,3
4,0
5,2
6,2
7,2
8,2
9,2
10,2
11,2
12,2
13,2
14,0
15,3
16,3
17,2
18,3
19,2
20,3
21,2
22,3
23,3
24,2
25,3
26,3
27,3
28,3
29,3
30,2
31,3
32,2
33,2
34,2
35,3
36,1
37,3
38,1
39,3
40,2
41,3
42,2
43,3
44,3
45,3
46,3
47,3
48,3
49,3
50,3
51,3
52,3
53,3
54,3
55,3
56,3
57,3
58,3
59,3
60,3
61,3
62,3
63,3
64,1
65,3
66,1
67,3
68,1
69,3
70,3
71,3
72,3
73,3
74,3
75,2
76,2
77,3
78,3
79,1
80,1
81,3
82,3
83,3
84,1
85,0
86,3
87,0
88,3
89,3
90,3
91,3
92,3
93,3
94,3
95,0
96,3
97,3
98,3
99,3
100,3
101,3
102,1
103,2
104,2
105,3
106,0
107,0
108,3
109,3
110,3
111,3
112,2
113,0
114,0
115,0
116,3
117,3
118,3
119,3
120,3
121,0
122,3
123,3
124,3
125,3
126,3
127,0
128,3
129,3
130,0
131,0
132,2
133,0
134,0
135,0
136,0
137,0
138,3
139,2
140,0
141,2
142,0
143,0
144,0
145,0
146,0
147,0
148,0
149,0
150,3
151,2
152,3
153,0
154,0
155,0
156,0
157,0
158,3
159,0
160,0
161,0
162,0
163,0
164,2
165,0
166,3
167,3
168,1
169,0
170,0
171,0
172,0
173,0
174,0
175,0
176,0
177,0
178,0
179,0
180,1
181,0
182,3
183,0
184,0
185,3
186,1
187,3
188,0
189,2
190,2
191,2
192,0
193,0
194,0
195,3
196,0
197,3
198,1
199,1
200,0
201,3
202,3
203,3
204,2
205,3
206,2
207,0
208,3
209,3
210,3
211,1
212,3
213,3
214,3
215,3
216,3
217,3
218,3
219,2
220,1
221,2
222,3
223,3
224,3
225,1
226,0
227,0
228,3
229,3
230,3
231,1
232,3
233,3
234,2
235,3
236,3
237,3
238,3
239,2
240,3
241,3
242,2
243,3
244,3
245,0
246,0
247,3
248,3
249,3
250,2
251,3
252,3
253,1
254,0
255,3
256,3
257,3
258,3
259,3
260,3
261,3
262,3
263,3
264,3
265,3
266,3
267,3
268,3
269,3
270,3
271,3
272,3
273,3
274,3
275,3
276,0
277,3
278,0
279,0
280,0
281,0
282,0
283,0
284,0
285,0
286,0
287,0
288,0
289,0
290,0
291,0
292,0
293,0
294,0
295,3
296,0
297,0
298,3
299,3
300,3
301,3
302,3
303,3
304,3
305,3
306,3
307,3
308,3
309,3
310,3
311,3
312,3
313,3
314,3
315,3
316,3
317,3
318,3
319,3
320,0
321,3
322,3
323,2
324,2
325,2
326,0
327,0
328,0
329,2
330,2
331,2
332,2
333,2
334,2
335,1
336,2
337,2
338,2
339,2
340,2
341,2
342,2
343,2
344,2
345,2
346,2
347,2
348,2
349,2
350,2
351,3
352,3
353,3
354,3
355,3
356,3
357,3
358,3
359,3
360,0
361,0
362,0
363,0
364,0
365,0
366,0
367,0
368,0
369,3
370,3
371,0
372,0
373,0
374,3
375,0
376,0
377,0
378,0
379,0
380,0
381,0
382,0
383,0
384,0
385,0
386,0
387,0
388,0
389,0
390,0
391,0
392,0
393,0
394,0
395,0
396,0
397,0
398,0
399,0
400,0
401,0
402,0
403,2
404,0
405,0
406,0
407,0
408,0
409,0
410,0
411,0
412,0
413,0
414,0
415,0
416,0
417,1
418,3
419,3
420,3
421,3
422,1
423,3
424,3
425,3
426,3
427,3
428,3
429,3
430,3
431,3
432,3
433,3
434,3
435,3
436,3
437,3
438,3
439,3
440,0
441,0
442,3
443,0
444,0
445,1
446,3
447,3
448,3
449,0
450,3
451,0
452,0
453,3
454,0
455,0
456,0
457,3
458,1
459,1
460,3
461,3
462,0
463,0
464,0
465,0
466,0
467,0
468,0
469,0
470,0
471,0
472,0
473,0
474,0
475,0
476,0
477,0
478,0
479,0
480,0
481,0
482,0
483,0
484,0
485,0
486,0
487,0
488,0
489,0
490,0
491,0
492,0
493,3
494,0
495,3
496,1
497,3
498,3
499,3
500,3
501,3
502,3
503,3
504,3
505,3
506,2
507,2
508,2
509,2
510,2
511,2
512,2
513,2
514,2
515,2
516,2
517,1
518,2
519,2
520,2
521,2
522,2
523,0
524,1
525,3
526,2
527,2
528,2
529,1
530,1
531,2
532,3
533,1
534,3
535,3
536,3
537,3
538,2
539,3
540,3
541,3
542,3
543,2
544,0
545,2
546,3
547,0
548,3
549,3
550,3
551,1
552,3
553,3
554,3
555,3
556,3
557,3
558,3
559,3
560,3
561,1
562,3
563,3
564,3
565,3
566,3
567,3
568,3
569,3
570,3
571,3
572,3
573,2
574,3
575,0
576,2
577,1
578,1
579,0
580,3
581,3
582,1
583,3
584,3
585,3
586,3
587,1
588,3
589,3
590,3
591,3
592,3
593,3
594,2
595,3
596,3
597,3
598,3
599,3
600,0
601,3
602,3
603,3
604,3
605,3
606,3
607,3
608,3
609,3
610,3
611,3
612,3
613,3
614,3
615,1
616,1
617,1
618,3
619,1
620,1
621,3
622,3
623,1
624,2
625,3
626,2
627,3
628,3
629,3
630,3
631,3
632,3
633,3
634,2
635,2
636,3
637,3
638,3
639,3
640,3
641,3
642,3
643,1
644,3
645,1
646,3
647,3
648,3
649,2
650,3
651,3
652,3
653,1
654,1
655,1
656,0
657,1
658,3
659,3
660,3
661,3
662,3
663,3
664,0
665,3
666,3
667,3
668,0
669,1
670,3
671,3
672,1
673,3
674,3
675,3
676,3
677,3
678,3
679,3
680,3
681,3
682,3
683,3
684,3
685,0
686,3
687,3
688,3
689,3
690,3
691,3
692,3
693,3
694,3
695,3
696,3
697,3
698,3
699,3
700,3
701,3
702,3
703,3
704,1
705,2
706,2
707,3
708,3
709,1
710,1
711,3
712,3
713,3
714,3
715,3
716,3
717,3
718,0
719,1
720,2
721,0
722,2
723,1
724,0
725,0
726,0
727,0
728,2
729,2
730,3
731,2
732,2
733,2
734,2
735,2
736,2
737,1
738,3
739,0
740,0
741,0
742,3
743,3
744,3
745,3
746,3
747,3
748,3
749,2
750,2
751,3
752,2
753,3
754,2
755,2
756,0
757,2
758,3
759,3
760,3
761,2
762,3
763,2
764,3
765,2
766,1
767,1
768,3
769,3
770,3
771,2
772,3
773,1
774,3
775,3
776,3
777,0
778,3
779,4
780,3
781,3
782,3
783,2
784,3
785,3
786,3
787,3
788,2
789,3
790,3
791,3
792,3
793,3
794,3
795,3
796,0
797,3
798,2
799,2
800,1
801,1
802,0
803,0
804,1
805,1
806,3
807,0
808,1
809,1
810,1
811,1
812,1
813,1
814,3
815,3
816,1
817,1
818,1
819,1
820,1
821,1
822,1
823,1
824,1
825,1
826,1
827,1
828,1
829,2
830,2
831,3
832,1
833,1
834,3
835,3
836,3
837,3
838,3
839,3
840,1
841,2
842,3
843,3
844,3
845,3
846,3
847,3
848,3
849,4
850,3
851,3
852,3
853,3
854,3
855,3
856,3
857,3
858,3
859,3
860,3
861,3
862,1
863,1
864,1
865,1
866,1
867,1
868,3
869,3
870,3
871,3
872,3
873,3
874,3
875,1
876,1
877,3
878,3
879,3
880,1
881,1
882,1
883,3
884,3
885,3
886,1
887,1
888,3
889,1
890,1
891,1
892,3
893,3
894,3
895,3
896,3
897,3
898,3
899,3
900,3
901,3
902,3
903,3
904,3
905,3
906,3
907,3
908,3
909,3
910,3
911,3
912,3
913,3
914,1
915,1
916,1
917,1
918,3
919,3
920,1
921,1
922,3
923,3
924,3
925,3
926,3
927,3
928,1
929,1
930,3
931,3
932,4
933,3
934,3
935,3
936,3
937,3
938,3
939,3
940,3
941,1
942,1
943,1
944,1
945,3
946,3
947,3
948,3
949,3
950,2
951,1
952,3
953,1
954,3
955,3
956,3
957,3
958,1
959,3
960,3
961,3
962,3
963,1
964,3
965,1
966,1
967,3
968,3
969,3
970,3
971,3
972,3
973,1
974,3
975,1
976,3
977,3
978,3
979,3
980,3
981,3
982,3
983,3
984,3
985,3
986,3
987,3
988,3
989,3
990,3
991,3
992,3
993,3
994,3
995,3
996,3
997,3
998,3
999,3
1000,3
1001,3
1002,3
1003,0
1004,1
1005,3
1006,3
1007,3
1008,3
1009,3
1010,3
1011,3
1012,3
1013,1
1014,1
1015,1
1016,2
1017,3
1018,3
1019,3
1020,1
1021,1
1022,3
1023,3
1024,3
1025,3
1026,3
1027,3
1028,3
1029,3
1030,3
1031,3
1032,3
1033,3
1034,3
1035,3
1036,3
1037,3
1038,3
1039,3
1040,3
1041,3
1042,3
1043,3
1044,3
1045,3
1046,3
1047,3
1048,3
1049,3
1050,3
1051,3
1052,3
1053,3
1054,3
1055,3
1056,3
1057,3
1058,1
1059,3
1060,3
1061,3
1062,1
1063,3
1064,3
1065,3
1066,1
1067,1
1068,3
1069,3
1070,3
1071,3
1072,3
1073,3
1074,3
1075,3
1076,3
1077,3
1078,3
1079,3
1080,3
1081,3
1082,3
1083,3
1084,3
1085,3
1086,3
1087,3
1088,3
1089,3
1090,3
1091,1
1092,1
1093,3
1094,1
1095,1
1096,3
1097,3
1098,3
1099,3
1100,3
1101,3
1102,3
1103,3
1104,1
1105,1
1106,1
1107,1
1108,1
1109,1
1110,3
1111,1
1112,1
1113,3
1114,3
1115,3
1116,3
1117,3
1118,1
1119,1
1120,1
1121,1
1122,1
1123,1
1124,2
1125,3
1126,3
1127,3
1128,3
1129,1
1130,1
1131,1
1132,1
1133,1
1134,3
1135,3
1136,3
1137,2
1138,3
1139,1
1140,1
1141,1
1142,3
1143,1
1144,1
1145,1
1146,1
1147,3
1148,3
1149,3
1150,3
1151,3
1152,3
1153,3
1154,3
1155,3
1156,3
1157,3
1158,3
1159,1
1160,3
1161,3
1162,3
1163,3
1164,3
1165,3
1166,3
1167,3
1168,3
1169,3
1170,3
1171,3
1172,3
1173,3
1174,3
1175,3
1176,3
1177,3
1178,1
1179,1
1180,1
1181,1
1182,1
1183,1
1184,3
1185,3
1186,3
1187,3
1188,3
1189,3
1190,3
1191,3
1192,3
1193,3
1194,3
1195,1
1196,1
1197,1
1198,3
1199,3
1200,3
1201,3
1202,1
1203,1
1204,1
1205,1
1206,1
1207,1
1208,1
1209,1
1210,3
1211,1
1212,3
1213,3
1214,3
1215,1
1216,3
1217,3
1218,1
1219,3
1220,3
1221,1
1222,1
1223,3
1224,3
1225,3
1226,3
1227,3
1228,3
1229,3
1230,3
1231,3
1232,3
1233,3
1234,3
1235,3
1236,3
1237,1
1238,3
1239,1
1240,1
1241,3
1242,3
1243,3
1244,3
1245,3
1246,3
1247,3
1248,3
1249,2
1250,2
1251,2
1252,3
1253,3
1254,3
1255,3
1256,3
1257,3
1258,3
1259,3
1260,1
1261,3
1262,3
1263,3
1264,3
1265,3
1266,3
1267,1
1268,1
1269,3
1270,1
1271,3
1272,3
1273,3
1274,1
1275,1
1276,3
1277,3
1278,3
1279,3
1280,3
1281,3
1282,1
1283,1
1284,3
1285,3
1286,3
1287,3
1288,3
1289,3
1290,1
1291,3
1292,3
1293,1
1294,3
1295,1
1296,3
1297,3
1298,3
1299,3
1300,3
1301,3
1302,3
1303,1
1304,3
1305,3
1306,3
1307,3
1308,3
1309,3
1310,3
1311,3
1312,3
1313,3
1314,1
1315,1
1316,1
1317,3
1318,1
1319,1
1320,3
1321,2
1322,1
1323,1
1324,3
1325,3
1326,3
1327,3
1328,3
1329,3
1330,3
1331,1
1332,3
1333,3
1334,3
1335,3
1336,3
1337,3
1338,1
1339,1
1340,3
1341,3
1342,3
1343,3
1344,3
1345,3
1346,1
1347,3
1348,3
1349,3
1350,3
1351,3
1352,3
1353,3
1354,3
1355,3
1356,3
1357,3
1358,3
1359,3
1360,1
1361,1
1362,3
1363,1
1364,1
1365,3
1366,3
1367,1
1368,1
1369,3
1370,3
1371,3
1372,3
1373,3
1374,3
1375,1
1376,3
1377,3
1378,3
1379,3
1380,3
1381,3
1382,1
1383,1
1384,2
1385,3
1386,3
1387,3
1388,3
1389,3
1390,3
1391,3
1392,3
1393,3
1394,3
1395,3
1396,3
1397,3
1398,3
1399,1
1400,1
1401,3
1402,3
1403,3
1404,3
1405,3
1406,3
1407,3
1408,3
1409,3
1410,3
1411,2
1412,3
1413,3
1414,2
1415,3
1416,1
1417,1
1418,3
1419,1
1420,1
1421,3
1422,3
1423,3
1424,3
1425,3
1426,3
1427,3
1428,3
1429,3
1430,3
1431,3
1432,3
1433,3
1434,3
1435,3
1436,1
1437,1
1438,3
1439,3
1440,1
1441,1
1442,1
1443,3
1444,1
1445,1
1446,3
1447,3
1448,3
1449,3
1450,3
1451,3
1452,3
1453,3
1454,3
1455,3
1456,3
1457,3
1458,3
1459,3
1460,3
1461,3
1462,3
1463,3
1464,3
1465,3
1466,1
1467,1
1468,3
1469,1
1470,3
1471,3
1472,3
1473,1
1474,3
1475,3
1476,3
1477,3
1478,3
1479,1
1480,1
1481,1
1482,1
1483,3
1484,3
1485,3
1486,3
1487,1
1488,1
1489,1
1490,1
1491,3
1492,3
1493,1
1494,1
1495,1
1496,1
1497,3
1498,1
1499,1
1500,1
1501,3
1502,3
1503,3
1504,3
1505,3
1506,3
1507,3
1508,3
1509,3
1510,3
1511,3
1512,1
1513,3
1514,3
1515,3
1516,3
1517,3
1518,3
1519,3
1520,1
1521,3
1522,3
1523,3
1524,3
1525,3
1526,3
1527,3
1528,3
1529,3
1530,3
1531,3
1532,3
1533,3
1534,1
1535,1
1536,1
1537,3
1538,3
1539,3
1540,1
1541,3
1542,3
1543,3
1544,3
1545,3
1546,3
1547,1
1548,2
1549,2
1550,3
1551,3
1552,1
1553,3
1554,1
1555,3
1556,3
1557,1
1558,3
1559,3
1560,3
1561,3
1562,3
1563,1
1564,1
1565,3
1566,3
1567,3
1568,3
1569,3
1570,2
1571,3
1572,3
1573,3
1574,3
1575,3
1576,3
1577,3
1578,3
1579,3
1580,3
1581,3
1582,3
1583,3
1584,3
1585,3
1586,3
1587,3
1588,1
1589,3
1590,3
1591,3
1592,3
1593,3
1594,3
1595,3
1596,3
1597,3
1598,3
1599,3
1600,3
1601,2
1602,3
1603,3
1604,3
1605,3
1606,1
1607,1
1608,1
1609,1
1610,1
1611,1
1612,3
1613,1
1614,1
1615,3
1616,3
1617,3
1618,3
1619,3
1620,3
1621,3
1622,3
1623,3
1624,3
1625,3
1626,3
1627,3
1628,3
1629,3
1630,3
1631,3
1632,3
1633,1
1634,3
1635,3
1636,3
1637,3
1638,3
1639,3
1640,3
1641,3
1642,3
1643,3
1644,3
1645,3
1646,3
1647,3
1648,3
1649,3
1650,3
1651,3
1652,3
1653,3
1654,3
1655,3
1656,3
1657,3
1658,3
1659,1
1660,3
1661,0
1662,3
1663,3
1664,3
1665,1
1666,1
1667,1
1668,3
1669,0
1670,3
1671,0
1672,0
1673,0
1674,0
1675,0
1676,1
1677,1
1678,1
1679,3
1680,1
1681,3
1682,3
1683,3
1684,3
1685,3
1686,3
1687,2
1688,0
1689,3
1690,1
1691,0
1692,2
1693,0
1694,0
1695,0
1696,3
1697,0
1698,3
1699,0
1700,3
1701,0
1702,1
1703,0
1704,2
1705,3
1706,3
1707,3
1708,3
1709,3
1710,3
1711,3
1712,3
1713,3
1714,3
1715,1
1716,3
1717,3
1718,3
1719,3
1720,3
1721,3
1722,3
1723,0
1724,3
1725,2
1726,3
1727,0
1728,3
1729,3
1730,3
1731,3
1732,3
1733,3
1734,3
1735,2
1736,3
1737,3
1738,3
1739,3
1740,3
1741,3
1742,3
1743,3
1744,3
1745,3
1746,1
1747,1
1748,1
1749,3
1750,3
1751,1
1752,3
1753,3
1754,0
1755,0
1756,0
1757,0
1758,3
1759,3
1760,3
1761,3
1762,2
1763,3
1764,3
1765,3
1766,3
1767,3
1768,3
1769,3
1770,0
1771,0
1772,3
1773,3
1774,3
1775,0
1776,3
1777,3
1778,3
1779,2
1780,0
1781,0
1782,0
1783,0
1784,0
1785,0
1786,0
1787,1
1788,0
1789,0
1790,0
1791,0
1792,0
1793,0
1794,0
1795,0
1796,0
1797,0
1798,0
1799,0
1800,3
1801,0
1802,3
1803,3
1804,3
1805,3
1806,3
1807,3
1808,3
1809,3
1810,3
1811,3
1812,3
1813,3
1814,3
1815,3
1816,3
1817,3
1818,3
1819,3
1820,0
1821,0
1822,2
1823,2
1824,3
1825,3
1826,0
1827,0
1828,0
1829,3
1830,0
1831,3
1832,0
1833,2
1834,3
1835,2
1836,3
1837,0
1838,3
1839,3
1840,3
1841,1
1842,3
1843,3
1844,3
1845,3
1846,1
1847,3
1848,3
1849,0
1850,3
1851,3
1852,3
1853,3
1854,0
1855,3
1856,3
1857,3
1858,3
1859,3
1860,3
1861,3
1862,3
1863,3
1864,3
1865,3
1866,3
1867,3
1868,3
1869,3
1870,3
1871,2
1872,3
1873,3
1874,0
1875,0
1876,2
1877,3
1878,3
1879,3
1880,3
1881,2
1882,3
1883,3
1884,3
1885,3
1886,0
1887,2
1888,0
1889,3
1890,0
1891,3
1892,3
1893,2
1894,3
1895,3
1896,3
1897,3
1898,3
1899,3
1900,0
1901,2
1902,3
1903,3
1904,0
1905,3
1906,3
1907,3
1908,3
1909,0
1910,2
1911,3
1912,3
1913,3
1914,3
1915,2
1916,2
1917,3
1918,3
1919,2
1920,3
1921,3
1922,3
1923,3
1924,3
1925,0
1926,2
1927,0
1928,0
1929,0
1930,1
1931,3
1932,3
1933,2
1934,3
1935,3
1936,3
1937,1
1938,1
1939,0
1940,3
1941,3
1942,3
1943,3
1944,3
1945,0
1946,0
1947,3
1948,2
1949,3
1950,3
1951,3
1952,3
1953,0
1954,3
1955,0
1956,0
1957,0
1958,0
1959,0
1960,0
1961,0
1962,0
1963,0
1964,0
1965,0
1966,0
1967,3
1968,3
1969,3
1970,3
1971,0
1972,2
1973,2
1974,2
1975,3
1976,3
1977,0
1978,0
1979,3
1980,3
1981,3
1982,0
1983,0
1984,0
1985,0
1986,0
1987,0
1988,0
1989,1
1990,1
1991,0
1992,3
1993,3
1994,3
1995,3
1996,3
1997,1
1998,3
1999,3
2000,0
2001,3
2002,3
2003,0
2004,2
2005,3
2006,0
2007,3
2008,3
2009,0
2010,3
2011,0
2012,1
2013,1
2014,3
2015,3
2016,3
2017,3
2018,3
2019,0
2020,3
2021,3
2022,2
2023,3
2024,3
2025,0
2026,0
2027,3
2028,3
2029,3
2030,3
2031,3
2032,1
2033,3
2034,1
2035,3
2036,3
2037,3
2038,3
2039,3
2040,3
2041,1
2042,3
2043,3
2044,3
2045,3
2046,3
2047,3
2048,3
2049,3
2050,3
2051,3
2052,3
2053,3
2054,1
2055,3
2056,3
2057,0
2058,3
2059,1
2060,1
2061,1
2062,1
2063,1
2064,0
2065,0
2066,0
2067,0
2068,3
2069,3
2070,0
2071,0
2072,1
2073,1
2074,0
2075,0
2076,0
2077,0
2078,0
2079,0
2080,0
2081,0
2082,0
2083,0
2084,3
2085,3
2086,3
2087,3
2088,1
2089,3
2090,3
2091,3
2092,0
2093,3
2094,0
2095,3
2096,3
2097,3
2098,3
2099,3
2100,3
2101,3
2102,3
2103,3
2104,0
2105,0
2106,1
2107,0
2108,1
2109,1
2110,3
2111,0
2112,0
2113,0
2114,0
2115,0
2116,1
2117,3
2118,0
2119,3
2120,0
2121,2
2122,3
2123,3
2124,3
2125,1
2126,3
2127,3
2128,0
2129,2
2130,3
2131,3
2132,2
2133,3
2134,0
2135,3
2136,1
2137,3
2138,3
2139,3
2140,3
2141,1
2142,2
2143,3
2144,2
2145,3
2146,2
2147,2
2148,1
2149,3
2150,0
2151,3
2152,3
2153,3
2154,1
2155,1
2156,3
2157,3
2158,3
2159,3
2160,3
2161,0
2162,3
2163,0
2164,3
2165,3
2166,3
2167,3
2168,3
2169,3
2170,1
2171,3
2172,3
2173,3
2174,3
2175,3
2176,3
2177,1
2178,0
2179,3
2180,3
2181,2
2182,2
2183,1
2184,1
2185,1
2186,1
2187,3
2188,0
2189,0
2190,3
2191,0
2192,1
2193,3
2194,3
2195,3
2196,3
2197,3
2198,3
2199,3
2200,3
2201,3
2202,3
2203,3
2204,3
2205,3
2206,3
2207,3
2208,3
2209,0
2210,3
2211,3
2212,0
2213,0
2214,0
2215,0
2216,3
2217,3
2218,3
2219,3
2220,3
2221,3
2222,3
2223,3
2224,3
2225,0
2226,2
2227,0
2228,0
2229,3
2230,0
2231,2
2232,3
2233,3
2234,2
2235,0
2236,3
2237,3
2238,0
2239,2
2240,2
2241,0
2242,0
2243,3
2244,3
2245,3
2246,3
2247,2
2248,0
2249,0
2250,0
2251,0
2252,2
2253,3
2254,2
2255,0
2256,3
2257,3
2258,3
2259,2
2260,0
2261,0
2262,3
2263,2
2264,2
2265,3
2266,3
2267,0
2268,0
2269,2
2270,0
2271,0
2272,0
2273,0
2274,0
2275,0
2276,1
2277,3
2278,1
2279,3
2280,3
2281,0
2282,3
2283,0
2284,2
2285,3
2286,3
2287,3
2288,3
2289,3
2290,2
2291,2
2292,3
2293,3
2294,3
2295,1
2296,1
2297,0
2298,3
2299,3
2300,3
2301,0
2302,0
2303,1
2304,0
2305,3
2306,1
2307,0
2308,0
2309,0
2310,0
2311,3
2312,0
2313,0
2314,1
2315,0
2316,0
2317,0
2318,0
2319,0
2320,0
2321,0
2322,0
2323,0
2324,0
2325,3
2326,0
2327,3
2328,0
2329,0
2330,0
2331,0
2332,0
2333,0
2334,3
2335,1
2336,3
2337,3
2338,3
2339,3
2340,3
2341,1
2342,3
2343,1
2344,3
2345,3
2346,3
2347,1
2348,1
2349,2
2350,3
2351,3
2352,3
2353,3
2354,1
2355,1
2356,1
2357,0
2358,1
2359,1
2360,0
2361,0
2362,0
2363,0
2364,0
2365,0
2366,1
2367,3
2368,0
2369,0
2370,3
2371,2
2372,0
2373,0
2374,3
2375,2
2376,0
2377,2
2378,2
2379,2
2380,2
2381,2
2382,2
2383,3
2384,3
2385,2
2386,3
2387,3
2388,3
2389,2
2390,3
2391,2
2392,3
2393,0
2394,2
2395,0
2396,0
2397,0
2398,3
2399,0
2400,3
2401,0
2402,0
2403,3
2404,0
2405,0
2406,3
2407,2
2408,0
2409,3
2410,3
2411,0
2412,2
2413,2
2414,3
2415,3
2416,2
2417,2
2418,2
2419,0
2420,0
2421,3
2422,2
2423,0
2424,3
2425,3
2426,3
2427,0
2428,0
2429,3
2430,0
2431,0
2432,1
2433,0
2434,0
2435,1
2436,1
2437,0
2438,1
2439,0
2440,1
2441,0
2442,0
2443,0
2444,0
2445,0
2446,0
2447,0
2448,2
2449,1
2450,2
2451,3
2452,3
2453,3
2454,3
2455,3
2456,1
2457,3
2458,1
2459,3
2460,3
2461,3
2462,3
2463,3
2464,3
2465,3
2466,3
2467,3
2468,3
2469,1
2470,3
2471,1
2472,3
2473,2
2474,3
2475,0
2476,3
2477,2
2478,3
2479,2
2480,0
2481,3
2482,2
2483,0
2484,0
2485,0
2486,1
2487,3
2488,2
2489,3
2490,0
2491,3
2492,3
2493,3
2494,0
2495,0
2496,1
2497,0
2498,1
2499,1
2500,1
2501,3
2502,0
2503,2
2504,2
2505,3
2506,3
2507,2
2508,2
2509,2
2510,2
2511,0
2512,3
2513,3
2514,3
2515,2
2516,1
2517,3
2518,3
2519,3
2520,2
2521,3
2522,0
2523,3
2524,0
2525,0
2526,3
2527,3
2528,3
2529,3
2530,3
2531,3
2532,3
2533,3
2534,3
2535,3
2536,3
2537,1
2538,3
2539,3
2540,3
2541,3
2542,3
2543,3
2544,3
2545,3
2546,3
2547,3
2548,3
2549,3
2550,3
2551,3
2552,3
2553,3
2554,3
2555,0
2556,3
2557,2
2558,0
2559,3
2560,3
2561,3
2562,3
2563,2
2564,3
2565,2
2566,2
2567,3
2568,3
2569,3
2570,3
2571,3
2572,3
2573,1
2574,0
2575,1
2576,3
2577,0
2578,0
2579,3
2580,2
2581,2
2582,2
2583,2
2584,2
2585,0
2586,3
2587,1
2588,2
2589,3
2590,2
2591,2
2592,1
2593,2
2594,2
2595,2
2596,0
2597,0
2598,0
2599,3
2600,0
2601,1
2602,0
2603,2
2604,0
2605,2
2606,2
2607,2
2608,2
2609,2
2610,2
2611,2
2612,3
2613,3
2614,3
2615,0
2616,2
2617,3
2618,3
2619,0
2620,3
2621,3
2622,2
2623,2
2624,0
2625,3
2626,2
2627,2
2628,3
2629,2
2630,3
2631,3
2632,3
2633,2
2634,3
2635,0
2636,3
2637,0
2638,3
2639,2
2640,3
2641,2
2642,2
2643,2
2644,3
2645,2
2646,3
2647,1
2648,3
2649,3
2650,2
2651,3
2652,0
2653,3
2654,3
2655,0
2656,0
2657,2
2658,3
2659,3
2660,0
2661,3
2662,3
2663,3
2664,0
2665,3
2666,3
2667,3
2668,3
2669,3
2670,3
2671,3
2672,3
2673,2
2674,1
2675,0
2676,2
2677,3
2678,3
2679,0
2680,3
2681,3
2682,3
2683,3
2684,3
2685,3
2686,3
2687,3
2688,2
2689,3
2690,3
2691,3
2692,3
2693,3
2694,0
2695,2
2696,3
2697,3
2698,3
2699,1
2700,3
2701,3
2702,3
2703,3
2704,2
2705,2
2706,3
2707,3
2708,1
2709,0
2710,3
2711,3
2712,0
2713,3
2714,2
2715,0
2716,3
2717,2
2718,3
2719,3
2720,3
2721,2
2722,3
2723,3
2724,2
2725,1
2726,3
2727,2
2728,3
2729,3
2730,3
2731,0
2732,1
2733,3
2734,3
2735,3
2736,3
2737,3
2738,0
2739,3
2740,3
2741,3
2742,3
2743,3
2744,3
2745,3
2746,3
2747,0
2748,3
2749,3
2750,3
2751,2
2752,1
2753,3
2754,0
2755,1
2756,1
2757,1
2758,3
2759,0
2760,3
2761,3
2762,3
2763,0
2764,1
2765,0
2766,3
2767,3
2768,0
2769,0
2770,1
2771,2
2772,3
2773,3
2774,2
2775,3
2776,3
2777,1
2778,0
2779,1
2780,1
2781,1
2782,1
2783,3
2784,3
2785,3
2786,3
2787,3
2788,3
2789,0
2790,3
2791,3
2792,2
2793,0
2794,0
2795,3
2796,1
2797,3
2798,1
2799,3
2800,1
2801,3
2802,2
2803,3
2804,3
2805,3
2806,3
2807,3
2808,0
2809,3
2810,3
2811,3
2812,2
2813,3
2814,3
2815,3
2816,3
2817,3
2818,3
2819,3
2820,3
2821,2
2822,2
2823,3
2824,3
2825,3
2826,3
2827,3
2828,2
2829,2
2830,2
2831,2
2832,3
2833,1
2834,1
2835,0
2836,0
2837,0
2838,2
2839,0
2840,2
2841,3
2842,0
2843,3
2844,3
2845,3
2846,3
2847,2
2848,3
2849,2
2850,3
2851,3
2852,2
2853,3
2854,0
2855,3
2856,3
2857,3
2858,1
2859,3
2860,3
2861,0
2862,1
2863,3
2864,3
2865,0
2866,3
2867,3
2868,0
2869,3
2870,3
2871,3
2872,0
2873,0
2874,0
2875,0
2876,3
2877,3
2878,3
2879,3
2880,3
2881,1
2882,1
2883,3
2884,0
2885,3
2886,3
2887,3
2888,1
2889,1
2890,3
2891,3
2892,3
2893,1
2894,3
2895,3
2896,3
2897,1
2898,1
2899,3
2900,3
2901,3
2902,3
2903,3
2904,3
2905,0
2906,3
2907,3
2908,3
2909,3
2910,1
2911,3
2912,3
2913,3
2914,3
2915,3
2916,3
2917,3
2918,3
2919,3
2920,3
2921,3
2922,3
2923,1
2924,3
2925,0
2926,1
2927,0
2928,3
2929,3
2930,3
2931,3
2932,3
2933,3
2934,3
2935,3
2936,0
2937,3
2938,0
2939,0
2940,0
2941,3
2942,0
2943,0
2944,0
2945,0
2946,1
2947,3
2948,3
2949,3
2950,1
2951,3
2952,3
2953,3
2954,3
2955,3
2956,3
2957,3
2958,3
2959,3
2960,1
2961,3
2962,3
2963,3
2964,3
2965,3
2966,1
2967,3
2968,1
2969,0
2970,3
2971,3
2972,3
2973,3
2974,1
2975,3
2976,0
2977,3
2978,0
2979,3
2980,3
2981,0
2982,3
2983,1
2984,3
2985,0
2986,3
2987,3
2988,0
2989,2
2990,3
2991,3
2992,2
2993,3
2994,2
2995,0
2996,2
2997,0
2998,0
2999,0
3000,3
3001,0
3002,0
3003,3
3004,3
3005,0
3006,0
3007,0
3008,3
3009,0
3010,3
3011,0
3012,2
3013,3
3014,3
3015,3
3016,2
3017,3
3018,3
3019,2
3020,3
3021,2
3022,2
3023,3
3024,3
3025,3
3026,3
3027,3
3028,0
3029,1
3030,3
3031,3
3032,3
3033,3
3034,2
3035,3
3036,3
3037,3
3038,1
3039,1
3040,3
3041,0
3042,3
3043,3
3044,0
3045,3
3046,2
3047,3
3048,3
3049,3
3050,3
3051,3
3052,3
3053,3
3054,3
3055,3
3056,3
3057,0
3058,0
3059,3
3060,0
3061,3
3062,0
3063,3
3064,3
3065,3
3066,1
3067,3
3068,3
3069,3
3070,3
3071,3
3072,3
3073,3
3074,3
3075,3
3076,3
3077,3
3078,3
3079,3
3080,3
3081,3
3082,1
3083,3
3084,3
3085,3
3086,3
3087,3
3088,3
3089,3
3090,1
3091,3
3092,1
3093,3
3094,3
3095,3
3096,3
3097,3
3098,3
3099,0
3100,3
3101,3
3102,3
3103,3
3104,3
3105,1
3106,3
3107,3
3108,3
3109,3
3110,3
3111,3
3112,3
3113,3
3114,3
3115,3
3116,3
3117,3
3118,3
3119,1
3120,3
3121,3
3122,3
3123,3
3124,3
3125,3
3126,3
3127,1
3128,1
3129,3
3130,3
3131,3
3132,3
3133,3
3134,3
3135,3
3136,3
3137,3
3138,3
3139,3
3140,3
3141,3
3142,3
3143,3
3144,3
3145,3
3146,1
3147,1
3148,3
3149,3
3150,3
3151,3
3152,3
3153,3
3154,3
3155,3
3156,3
3157,3
3158,3
3159,3
3160,1
3161,3
3162,1
3163,3
3164,3
3165,3
3166,3
3167,1
3168,3
3169,3
3170,3
3171,3
3172,3
3173,1
3174,3
3175,3
3176,1
3177,1
3178,1
3179,0
3180,3
3181,3
3182,0
3183,3
3184,1
3185,3
3186,0
3187,2
3188,3
3189,3
3190,0
3191,3
3192,3
3193,0
3194,3
3195,2
3196,3
3197,3
3198,3
3199,2
3200,0
3201,1
3202,3
3203,2
3204,3
3205,0
3206,1
3207,3
3208,2
3209,2
3210,3
3211,0
3212,3
3213,3
3214,3
3215,2
3216,2
3217,2
3218,2
3219,1
3220,0
3221,3
3222,0
3223,1
3224,3
3225,1
3226,1
3227,1
3228,0
3229,1
3230,3
3231,0
3232,3
3233,0
3234,1
3235,3
3236,3
3237,3
3238,3
3239,3
3240,3
3241,0
3242,1
3243,3
3244,1
3245,3
3246,1
3247,1
3248,3
3249,3
3250,1
3251,3
3252,3
3253,1
3254,1
3255,3
3256,3
3257,1
3258,3
3259,3
3260,3
3261,3
3262,3
3263,3
3264,3
3265,3
3266,3
3267,3
3268,3
3269,3
3270,1
3271,3
3272,3
3273,3
3274,3
3275,3
3276,3
3277,3
3278,3
3279,1
3280,0
3281,3
3282,3
3283,3
3284,3
3285,3
3286,0
3287,3
3288,0
3289,0
3290,3
3291,3
3292,1
3293,1
3294,1
3295,1
3296,3
3297,1
3298,3
3299,1
3300,1
3301,1
3302,3
3303,1
3304,3
3305,3
3306,3
3307,1
3308,1
3309,3
3310,0
3311,3
3312,0
3313,0
3314,1
3315,1
3316,3
3317,3
3318,3
3319,2
3320,3
3321,3
3322,3
3323,3
3324,3
3325,3
3326,3
3327,3
3328,3
3329,3
3330,3
3331,3
3332,3
3333,3
3334,0
3335,3
3336,3
3337,3
3338,3
3339,3
3340,3
3341,3
3342,0
3343,3
3344,0
3345,3
3346,3
3347,3
3348,3
3349,3
3350,0
3351,3
3352,3
3353,3
3354,0
3355,3
3356,3
3357,0
3358,0
3359,0
3360,3
3361,3
3362,3
3363,3
3364,3
3365,3
3366,0
3367,0
3368,3
3369,3
3370,3
3371,3
3372,0
3373,0
3374,3
3375,3
3376,3
3377,3
3378,3
3379,3
3380,3
3381,3
3382,3
3383,3
3384,3
3385,2
3386,3
3387,0
3388,0
3389,3
3390,3
3391,3
3392,3
3393,3
3394,3
3395,1
3396,1
3397,1
3398,3
3399,3
3400,2
3401,0
3402,3
3403,3
3404,3
3405,3
3406,3
3407,3
3408,0
3409,3
3410,3
3411,3
3412,3
3413,1
3414,3
3415,3
3416,3
3417,0
3418,3
3419,1
3420,3
3421,0
3422,3
3423,3
3424,3
3425,3
3426,3
3427,0
3428,0
3429,3
3430,3
3431,2
3432,2
3433,3
3434,3
3435,3
3436,2
3437,3
3438,2
3439,2
3440,3
3441,3
3442,3
3443,3
3444,3
3445,3
3446,3
3447,3
3448,0
3449,0
3450,1
3451,1
3452,3
3453,3
3454,0
3455,3
3456,3
3457,0
3458,3
3459,0
3460,3
3461,3
3462,3
3463,3
3464,3
3465,3
3466,3
3467,3
3468,0
3469,3
3470,3
3471,3
3472,0
3473,3
3474,3
3475,1
3476,3
3477,0
3478,3
3479,1
3480,3
3481,0
3482,3
3483,3
3484,3
3485,3
3486,3
3487,3
3488,3
3489,3
3490,3
3491,3
3492,3
3493,3
3494,3
3495,1
3496,3
3497,3
3498,3
3499,3
3500,3
3501,3
3502,0
3503,3
3504,0
3505,3
3506,3
3507,3
3508,3
3509,3
3510,0
3511,3
3512,3
3513,3
3514,0
3515,3
3516,1
3517,3
3518,3
3519,3
3520,3
3521,3
3522,2
3523,3
3524,3
3525,3
3526,2
3527,1
3528,0
3529,3
3530,1
3531,3
3532,3
3533,3
3534,3
3535,3
3536,3
3537,3
3538,3
3539,3
3540,3
3541,1
3542,3
3543,3
3544,3
3545,0
3546,3
3547,3
3548,3
3549,3
3550,3
3551,0
3552,3
3553,2
3554,3
3555,3
3556,3
3557,2
3558,3
3559,3
3560,3
3561,0
3562,3
3563,3
3564,3
3565,3
3566,3
3567,3
3568,0
3569,3
3570,3
3571,3
3572,3
3573,3
3574,2
3575,3
3576,3
3577,2
3578,3
3579,1
3580,0
3581,1
3582,1
3583,1
3584,1
3585,0
3586,2
3587,2
3588,3
3589,3
3590,2
3591,2
3592,3
3593,3
3594,3
3595,3
3596,1
3597,0
3598,3
3599,3
3600,3
3601,3
3602,3
3603,1
3604,3
3605,3
3606,0
3607,3
3608,0
3609,3
3610,3
3611,0
3612,3
3613,3
3614,3
3615,3
3616,3
3617,3
3618,3
3619,3
3620,3
3621,3
3622,3
3623,3
3624,3
3625,3
3626,3
3627,3
3628,3
3629,3
3630,3
3631,3
3632,0
3633,3
3634,3
3635,3
3636,3
3637,1
3638,0
3639,0
3640,3
3641,3
3642,0
3643,0
3644,0
3645,3
3646,3
3647,3
3648,3
3649,0
3650,3
3651,3
3652,3
3653,3
3654,0
3655,3
3656,3
3657,3
3658,0
3659,3
3660,3
3661,3
3662,3
3663,1
3664,5
3665,3
3666,1
3667,3
3668,3
3669,3
3670,3
3671,3
3672,4
3673,3
3674,3
3675,3
3676,4
3677,1
3678,3
3679,3
3680,3
3681,3
3682,2
3683,3
3684,3
3685,3
3686,0
3687,3
3688,0
3689,3
3690,0
3691,3
3692,4
3693,0
3694,3
3695,3
3696,2
3697,0
3698,3
3699,3
3700,1
3701,3
3702,0
3703,3
3704,4
3705,3
3706,3
3707,3
3708,3
3709,3
3710,3
3711,3
3712,3
3713,3
3714,0
3715,3
3716,3
3717,3
3718,3
3719,4
3720,3
3721,0
3722,3
3723,3
3724,3
3725,3
3726,3
3727,3
3728,3
3729,3
3730,2
3731,3
3732,3
3733,3
3734,3
3735,3
3736,3
3737,3
3738,3
3739,3
3740,3
3741,2
3742,3
3743,3
3744,3
3745,3
3746,4
3747,4
3748,4
3749,3
3750,3
3751,4
3752,3
3753,3
3754,3
3755,0
3756,3
3757,3
3758,3
3759,3
3760,3
3761,0
3762,3
3763,3
3764,0
3765,3
3766,0
3767,0
3768,0
3769,0
3770,3
3771,3
3772,3
3773,3
3774,0
3775,1
3776,3
3777,3
3778,3
3779,3
3780,3
3781,3
3782,3
3783,3
3784,3
3785,3
3786,3
3787,3
3788,3
3789,3
3790,3
3791,3
3792,3
3793,3
3794,1
3795,3
3796,3
3797,3
3798,0
3799,3
3800,1
3801,0
3802,3
3803,3
3804,3
3805,0
3806,3
3807,3
3808,3
3809,3
3810,3
3811,3
3812,4
3813,4
3814,3
3815,3
3816,3
3817,4
3818,3
3819,3
3820,3
3821,3
3822,0
3823,3
3824,3
3825,3
3826,3
3827,3
3828,3
3829,3
3830,3
3831,3
3832,3
3833,3
3834,3
3835,3
3836,3
3837,3
3838,3
3839,3
3840,4
3841,4
3842,4
3843,4
3844,3
3845,4
3846,3
3847,3
3848,3
3849,3
3850,4
3851,3
3852,3
3853,3
3854,4
3855,3
3856,4
3857,3
3858,3
3859,3
3860,3
3861,3
3862,3
3863,2
3864,3
3865,4
3866,3
3867,3
3868,1
3869,4
3870,4
3871,4
3872,3
3873,3
3874,3
3875,4
3876,3
3877,3
3878,3
3879,3
3880,3
3881,3
3882,3
3883,3
3884,3
3885,3
3886,3
3887,3
3888,3
3889,3
3890,3
3891,3
3892,3
3893,3
3894,3
3895,3
3896,3
3897,3
3898,3
3899,3
3900,3
3901,0
3902,3
3903,3
3904,3
3905,4
3906,3
3907,3
3908,3
3909,3
3910,3
3911,3
3912,3
3913,3
3914,4
3915,4
3916,3
3917,3
3918,3
3919,3
3920,3
3921,4
3922,4
3923,4
3924,4
3925,4
3926,4
3927,3
3928,2
3929,3
3930,2
3931,3
3932,3
3933,4
3934,3
3935,2
3936,0
3937,3
3938,3
3939,3
3940,3
3941,3
3942,3
3943,3
3944,3
3945,3
3946,3
3947,3
3948,3
3949,3
3950,3
3951,3
3952,3
3953,3
3954,0
3955,3
3956,4
3957,3
3958,3
3959,2
3960,3
3961,3
3962,3
3963,4
3964,3
3965,4
3966,3
3967,3
3968,4
3969,4
3970,3
3971,3
3972,3
3973,4
3974,3
3975,3
3976,4
3977,4
3978,4
3979,3
3980,3
3981,3
3982,3
3983,3
3984,3
3985,3
3986,3
3987,3
3988,3
3989,3
3990,3
3991,3
3992,3
3993,4
3994,4
3995,4
3996,3
3997,3
3998,3
3999,3
4000,3
4001,3
4002,3
4003,3
4004,3
4005,4
4006,3
4007,0
4008,3
4009,3
4010,3
4011,3
4012,3
4013,3
4014,3
4015,3
4016,3
4017,3
4018,4
4019,3
4020,3
4021,3
4022,4
4023,3
4024,3
4025,3
4026,0
4027,3
4028,3
4029,3
4030,3
4031,3
4032,4
4033,4
4034,0
4035,0
4036,0
4037,3
4038,3
4039,0
4040,0
4041,3
4042,3
4043,3
4044,3
4045,3
4046,4
4047,3
4048,3
4049,2
4050,3
4051,0
4052,0
4053,3
4054,3
4055,3
4056,3
4057,3
4058,3
4059,3
4060,4
4061,3
4062,3
4063,3
4064,3
4065,1
4066,3
4067,4
4068,4
4069,4
4070,4
4071,4
4072,3
4073,3
4074,3
4075,4
4076,3
4077,3
4078,3
4079,4
4080,4
4081,3
4082,3
4083,3
4084,4
4085,4
4086,4
4087,4
4088,4
4089,3
4090,3
4091,4
4092,3
4093,3
4094,4
4095,3
4096,3
4097,4
4098,3
4099,4
4100,3
4101,4
4102,3
4103,3
4104,4
4105,4
4106,3
4107,4
4108,3
4109,4
4110,3
4111,4
4112,3
4113,4
4114,3
4115,4
4116,3
4117,4
4118,3
4119,3
4120,3
4121,4
4122,3
4123,4
4124,3
4125,4
4126,3
4127,3
4128,3
4129,3
4130,3
4131,3
4132,3
4133,3
4134,4
4135,3
4136,3
4137,4
4138,4
4139,4
4140,4
4141,0
4142,3
4143,3
4144,4
4145,3
4146,3
4147,3
4148,3
4149,4
4150,4
4151,3
4152,3
4153,3
4154,4
4155,3
4156,3
4157,3
4158,1
4159,3
4160,3
4161,3
4162,3
4163,3
4164,3
4165,3
4166,3
4167,3
4168,3
4169,4
4170,3
4171,3
4172,3
4173,0
4174,4
4175,3
4176,3
4177,3
4178,3
4179,3
4180,4
4181,4
4182,4
4183,4
4184,4
4185,4
4186,4
4187,3
4188,3
4189,3
4190,3
4191,3
4192,3
4193,3
4194,4
4195,3
4196,4
4197,3
4198,4
4199,3
4200,3
4201,3
4202,3
4203,4
4204,3
4205,3
4206,4
4207,4
4208,3
4209,4
4210,3
4211,3
4212,3
4213,3
4214,3
4215,4
4216,3
4217,3
4218,3
4219,3
4220,3
4221,3
4222,3
4223,3
4224,3
4225,3
4226,3
4227,3
4228,3
4229,3
4230,3
4231,3
4232,3
4233,3
4234,3
4235,3
4236,3
4237,3
4238,3
4239,3
4240,3
4241,3
4242,3
4243,3
4244,3
4245,3
4246,3
4247,3
4248,3
4249,3
4250,3
4251,3
4252,3
4253,3
4254,3
4255,3
4256,3
4257,4
4258,3
4259,3
4260,3
4261,3
4262,3
4263,3
4264,3
4265,3
4266,3
4267,3
4268,4
4269,3
4270,4
4271,3
4272,3
4273,3
4274,3
4275,4
4276,3
4277,3
4278,3
4279,3
4280,3
4281,3
4282,3
4283,3
4284,3
4285,3
4286,3
4287,3
4288,3
4289,3
4290,3
4291,3
4292,3
4293,4
4294,3
4295,3
4296,3
4297,4
4298,3
4299,3
4300,4
4301,3
4302,4
4303,4
4304,3
4305,3
4306,3
4307,3
4308,3
4309,3
4310,3
4311,3
4312,3
4313,3
4314,3
4315,3
4316,3
4317,3
4318,3
4319,3
4320,3
4321,3
4322,3
4323,3
4324,3
4325,3
4326,3
4327,3
4328,0
4329,3
4330,3
4331,3
4332,3
4333,3
4334,3
4335,3
4336,3
4337,3
4338,3
4339,3
4340,3
4341,3
4342,3
4343,3
4344,3
4345,4
4346,4
4347,3
4348,3
4349,3
4350,3
4351,3
4352,3
4353,3
4354,4
4355,3
4356,4
4357,3
4358,3
4359,3
4360,3
4361,3
4362,3
4363,3
4364,3
4365,3
4366,3
4367,4
4368,0
4369,3
4370,3
4371,3
4372,3
4373,3
4374,3
4375,3
4376,3
4377,3
4378,3
4379,3
4380,3
4381,3
4382,4
4383,3
4384,3
4385,3
4386,4
4387,3
4388,3
4389,3
4390,3
4391,3
4392,3
4393,3
4394,3
4395,3
4396,3
4397,3
4398,3
4399,3
4400,3
4401,3
4402,3
4403,4
4404,4
4405,4
4406,4
4407,4
4408,4
4409,3
4410,3
4411,3
4412,3
4413,4
4414,4
4415,4
4416,3
4417,3
4418,3
4419,3
4420,3
4421,0
4422,3
4423,3
4424,3
4425,3
4426,3
4427,3
4428,3
4429,3
4430,3
4431,3
4432,3
4433,4
4434,3
4435,4
4436,4
4437,4
4438,3
4439,3
4440,3
4441,3
4442,4
4443,3
4444,3
4445,3
4446,3
4447,3
4448,3
4449,3
4450,3
4451,3
4452,3
4453,3
4454,3
4455,4
4456,3
4457,3
4458,3
4459,3
4460,3
4461,3
4462,3
4463,3
4464,3
4465,3
4466,3
4467,3
4468,3
4469,3
4470,3
4471,4
4472,3
4473,3
4474,3
4475,3
4476,3
4477,3
4478,3
4479,3
4480,3
4481,3
4482,3
4483,4
4484,3
4485,3
4486,3
4487,3
4488,3
4489,3
4490,3
4491,3
4492,3
4493,4
4494,3
4495,3
4496,4
4497,4
4498,3
4499,3
4500,3
4501,3
4502,3
4503,3
4504,3
4505,3
4506,3
4507,4
4508,3
4509,3
4510,3
4511,3
4512,3
4513,4
4514,3
4515,3
4516,3
4517,3
4518,3
4519,3
4520,2
4521,3
4522,4
4523,3
4524,3
4525,3
4526,3
4527,3
4528,3
4529,3
4530,3
4531,3
4532,3
4533,3
4534,3
4535,3
4536,4
4537,3
4538,3
4539,3
4540,3
4541,3
4542,3
4543,3
4544,3
4545,3
4546,3
4547,3
4548,3
4549,3
4550,3
4551,3
4552,3
4553,3
4554,3
4555,4
4556,3
4557,3
4558,3
4559,3
4560,3
4561,3
4562,3
4563,3
4564,3
4565,4
4566,3
4567,3
4568,3
4569,4
4570,3
4571,3
4572,3
4573,3
4574,3
4575,3
4576,3
4577,3
4578,3
4579,3
4580,3
4581,4
4582,3
4583,3
4584,3
4585,3
4586,3
4587,3
4588,4
4589,3
4590,3
4591,3
4592,3
4593,3
4594,3
4595,3
4596,4
4597,4
4598,3
4599,3
4600,3
4601,3
4602,3
4603,3
4604,3
4605,3
4606,4
4607,3
4608,3
4609,3
4610,4
4611,3
4612,3
4613,3
4614,3
4615,3
4616,3
4617,3
4618,3
4619,3
4620,3
4621,3
4622,4
4623,3
4624,3
4625,3
4626,3
4627,3
4628,3
4629,3
4630,3
4631,3
4632,3
4633,3
4634,3
4635,3
4636,3
4637,3
4638,3
4639,4
4640,3
4641,3
4642,3
4643,3
4644,3
4645,3
4646,3
4647,3
4648,3
4649,3
4650,3
4651,3
4652,3
4653,3
4654,3
4655,4
4656,4
4657,3
4658,3
4659,3
4660,3
4661,3
4662,3
4663,3
4664,3
4665,3
4666,3
4667,3
4668,3
4669,4
4670,3
4671,4
4672,4
4673,3
4674,3
4675,4
4676,4
4677,3
4678,3
4679,3
4680,3
4681,3
4682,3
4683,3
4684,3
4685,3
4686,3
4687,3
4688,3
4689,3
4690,3
4691,3
4692,3
4693,3
4694,3
4695,3
4696,3
4697,3
4698,3
4699,4
4700,3
4701,3
4702,3
4703,3
4704,4
4705,3
4706,4
4707,3
4708,3
4709,3
4710,3
4711,4
4712,3
4713,3
4714,4
4715,3
4716,3
4717,3
4718,4
4719,3
4720,3
4721,4
4722,3
4723,3
4724,3
4725,3
4726,3
4727,3
4728,3
4729,4
4730,3
4731,3
4732,3
4733,3
4734,3
4735,3
4736,4
4737,4
4738,4
4739,4
4740,4
4741,4
4742,4
4743,4
4744,3
4745,4
4746,3
4747,3
4748,3
4749,4
4750,3
4751,3
4752,3
4753,3
4754,4
4755,3
4756,3
4757,3
4758,3
4759,0
4760,3
4761,3
4762,3
4763,3
4764,3
4765,3
4766,4
4767,3
4768,3
4769,3
4770,3
4771,3
4772,4
4773,4
4774,4
4775,3
4776,3
4777,3
4778,3
4779,3
4780,3
4781,3
4782,3
4783,3
4784,3
4785,3
4786,3
4787,3
4788,3
4789,3
4790,4
4791,4
4792,3
4793,3
4794,4
4795,3
4796,3
4797,3
4798,3
4799,4
4800,3
4801,3
4802,3
4803,3
4804,3
4805,3
4806,3
4807,3
4808,3
4809,3
4810,1
4811,3
4812,3
4813,3
4814,3
4815,3
4816,3
4817,0
4818,3
4819,3
4820,0
4821,3
4822,4
4823,4
4824,4
4825,4
4826,4
4827,3
4828,3
4829,4
4830,3
4831,4
4832,4
4833,4
4834,0
4835,4
4836,3
4837,3
4838,3
4839,3
4840,3
4841,3
4842,3
4843,3
4844,3
4845,3
4846,3
4847,3
4848,4
4849,4
4850,3
4851,3
4852,3
4853,3
4854,3
4855,3
4856,3
4857,3
4858,3
4859,3
4860,3
4861,3
4862,4
4863,4
4864,3
4865,3
4866,4
4867,4
4868,4
4869,3
4870,3
4871,3
4872,3
4873,4
4874,3
4875,3
4876,3
4877,3
4878,4
4879,2
4880,3
4881,3
4882,3
4883,3
4884,3
4885,3
4886,3
4887,4
4888,3
4889,3
4890,3
4891,3
4892,3
4893,3
4894,3
4895,3
4896,3
4897,4
4898,4
4899,4
4900,3
4901,3
4902,3
4903,3
4904,3
4905,3
4906,3
4907,3
4908,3
4909,3
4910,3
4911,3
4912,3
4913,3
4914,4
4915,3
4916,3
4917,3
4918,3
4919,3
4920,3
4921,3
4922,3
4923,3
4924,3
4925,3
4926,3
4927,4
4928,4
4929,3
4930,3
4931,3
4932,3
4933,3
4934,3
4935,3
4936,3
4937,3
4938,3
4939,3
4940,4
4941,3
4942,3
4943,3
4944,3
4945,3
4946,3
4947,3
4948,3
4949,3
4950,3
4951,3
4952,3
4953,4
4954,3
4955,3
4956,3
4957,4
4958,3
4959,4
4960,3
4961,3
4962,3
4963,3
4964,3
4965,3
4966,3
4967,3
4968,4
4969,3
4970,3
4971,3
4972,3
4973,3
4974,3
4975,3
4976,3
4977,3
4978,3
4979,3
4980,3
4981,3
4982,3
4983,3
4984,3
4985,4
4986,3
4987,3
4988,3
4989,3
4990,3
4991,4
4992,3
4993,4
4994,4
4995,3
4996,3
4997,3
4998,3
4999,3
5000,4
5001,3
5002,4
5003,3
5004,3
5005,3
5006,3
5007,3
5008,3
5009,3
5010,3
5011,3
5012,3
5013,3
5014,3
5015,3
5016,3
5017,3
5018,3
5019,3
5020,3
5021,3
5022,3
5023,3
5024,3
5025,3
5026,4
5027,3
5028,3
5029,3
5030,3
5031,3
5032,4
5033,3
5034,3
5035,3
5036,3
5037,3
5038,3
5039,3
5040,3
5041,3
5042,3
5043,4
5044,3
5045,3
5046,3
5047,3
5048,3
5049,3
5050,3
5051,3
5052,3
5053,3
5054,4
5055,3
5056,3
5057,3
5058,3
5059,3
5060,3
5061,3
5062,3
5063,4
5064,3
5065,4
5066,4
5067,4
5068,3
5069,3
5070,3
5071,3
5072,3
5073,3
5074,3
5075,3
5076,3
5077,3
5078,4
5079,3
5080,3
5081,3
5082,3
5083,4
5084,3
5085,3
5086,3
5087,3
5088,4
5089,3
5090,3
5091,3
5092,3
5093,3
5094,3
5095,3
5096,3
5097,3
5098,3
5099,3
5100,3
5101,4
5102,3
5103,3
5104,3
5105,3
5106,3
5107,3
5108,3
5109,3
5110,3
5111,3
5112,3
5113,3
5114,3
5115,3
5116,3
5117,3
5118,3
5119,3
5120,3
5121,3
5122,3
5123,3
5124,3
5125,3
5126,3
5127,3
5128,3
5129,3
5130,3
5131,3
5132,3
5133,4
5134,3
5135,3
5136,3
5137,3
5138,3
5139,3
5140,3
5141,0
5142,3
5143,3
5144,3
5145,3
5146,3
5147,3
5148,3
5149,3
5150,3
5151,3
5152,3
5153,3
5154,3
5155,3
5156,3
5157,4
5158,3
5159,3
5160,3
5161,3
5162,3
5163,3
5164,3
5165,3
5166,4
5167,3
5168,3
5169,4
5170,3
5171,3
5172,3
5173,4
5174,3
5175,3
5176,3
5177,3
5178,3
5179,3
5180,3
5181,3
5182,3
5183,3
5184,3
5185,3
5186,4
5187,3
5188,3
5189,4
5190,3
5191,3
5192,3
5193,3
5194,3
5195,3
5196,4
5197,3
5198,3
5199,3
5200,3
5201,3
5202,3
5203,3
5204,3
5205,3
5206,4
5207,3
5208,3
5209,3
5210,3
5211,3
5212,3
5213,3
5214,3
5215,3
5216,3
5217,3
5218,3
5219,3
5220,3
5221,3
5222,3
5223,3
5224,3
5225,3
5226,3
5227,3
5228,3
5229,4
5230,3
5231,3
5232,3
5233,3
5234,3
5235,3
5236,4
5237,3
5238,3
5239,3
5240,3
5241,3
5242,3
5243,3
5244,3
5245,3
5246,3
5247,4
5248,3
5249,3
5250,3
5251,3
5252,3
5253,3
5254,3
5255,3
5256,3
5257,3
5258,3
5259,3
5260,3
5261,3
5262,3
5263,3
5264,3
5265,3
5266,3
5267,3
5268,3
5269,3
5270,3
5271,3
5272,3
5273,4
5274,3
5275,3
5276,3
5277,3
5278,3
5279,4
5280,3
5281,3
5282,3
5283,4
5284,3
5285,3
5286,3
5287,3
5288,4
5289,3
5290,3
5291,4
5292,4
5293,3
5294,3
5295,3
5296,3
5297,3
5298,3
5299,4
5300,3
5301,3
5302,3
5303,3
5304,3
5305,3
5306,3
5307,3
5308,3
5309,3
5310,4
5311,4
5312,4
5313,4
5314,4
5315,3
5316,3
5317,3
5318,3
5319,4
5320,4
5321,3
5322,4
5323,4
5324,3
5325,3
5326,4
5327,3
5328,4
5329,3
5330,3
5331,3
5332,4
5333,4
5334,3
5335,3
5336,3
5337,3
5338,3
5339,3
5340,3
5341,3
5342,3
5343,4
5344,3
5345,3
5346,3
5347,3
5348,4
5349,4
5350,3
5351,3
5352,3
5353,3
5354,3
5355,4
5356,3
5357,0
5358,2
5359,0
5360,3
5361,3
5362,3
5363,4
5364,3
5365,3
5366,3
5367,3
5368,3
5369,3
5370,3
5371,3
5372,3
5373,3
5374,3
5375,3
5376,3
5377,3
5378,3
5379,3
5380,3
5381,3
5382,3
5383,3
5384,4
5385,3
5386,3
5387,3
5388,3
5389,3
5390,3
5391,3
5392,3
5393,3
5394,3
5395,3
5396,3
5397,3
5398,3
5399,3
5400,3
5401,3
5402,3
5403,4
5404,3
5405,3
5406,3
5407,3
5408,3
5409,3
5410,3
5411,3
5412,3
5413,3
5414,3
5415,3
5416,3
5417,3
5418,3
5419,3
5420,3
5421,3
5422,3
5423,3
5424,3
5425,3
5426,3
5427,3
5428,0
5429,3
5430,3
5431,3
5432,3
5433,3
5434,0
5435,3
5436,3
5437,3
5438,3
5439,3
5440,3
5441,3
5442,3
5443,4
5444,3
5445,4
5446,4
5447,4
5448,3
5449,3
5450,3
5451,3
5452,4
5453,4
5454,3
5455,3
5456,3
5457,3
5458,3
5459,3
5460,3
5461,3
5462,3
5463,3
5464,0
5465,3
5466,3
5467,3
5468,3
5469,0
5470,3
5471,3
5472,4
5473,3
5474,0
5475,3
5476,3
5477,3
5478,3
5479,3
5480,3
5481,3
5482,3
5483,3
5484,4
5485,4
5486,3
5487,3
5488,3
5489,3
5490,3
5491,3
5492,4
5493,3
5494,3
5495,3
5496,3
5497,4
5498,3
5499,4
5500,4
5501,3
5502,4
5503,4
5504,4
5505,4
5506,3
5507,4
5508,3
5509,3
5510,3
5511,3
5512,3
5513,3
5514,3
5515,3
5516,3
5517,3
5518,3
5519,3
5520,3
5521,3
5522,3
5523,3
5524,3
5525,3
5526,4
5527,3
5528,3
5529,4
5530,3
5531,3
5532,3
5533,3
5534,0
5535,3
5536,3
5537,3
5538,3
5539,3
5540,3
5541,3
5542,3
5543,3
5544,3
5545,3
5546,3
5547,3
5548,3
5549,3
5550,3
5551,3
5552,3
5553,3
5554,3
5555,3
5556,4
5557,3
5558,3
5559,3
5560,3
5561,3
5562,3
5563,4
5564,4
5565,3
5566,3
5567,3
5568,3
5569,3
5570,4
5571,3
5572,3
5573,3
5574,4
5575,4
5576,3
5577,4
5578,3
5579,3
5580,3
5581,3
5582,3
5583,3
5584,3
5585,3
5586,3
5587,3
5588,3
5589,3
5590,3
5591,4
5592,3
5593,3
5594,3
5595,3
5596,3
5597,3
5598,3
5599,3
5600,3
5601,3
5602,3
5603,3
5604,3
5605,3
5606,4
5607,4
5608,3
5609,3
5610,3
5611,3
5612,3
5613,3
5614,0
5615,3
5616,3
5617,3
5618,3
5619,3
5620,3
5621,2
5622,0
5623,3
5624,3
5625,4
5626,3
5627,3
5628,3
5629,3
5630,3
5631,3
5632,3
5633,3
5634,3
5635,3
5636,2
5637,3
5638,2
5639,3
5640,2
5641,4
5642,2
5643,3
5644,3
5645,3
5646,3
5647,3
5648,3
5649,3
5650,3
5651,3
5652,0
5653,3
5654,0
5655,0
5656,4
5657,4
5658,4
5659,4
5660,3
5661,4
5662,3
5663,3
5664,3
5665,3
5666,4
5667,3
5668,3
5669,0
5670,3
5671,3
5672,3
5673,3
5674,3
5675,3
5676,3
5677,2
5678,3
5679,3
5680,2
5681,3
5682,3
5683,3
5684,4
5685,3
5686,4
5687,0
5688,3
5689,3
5690,4
5691,3
5692,3
5693,4
5694,3
5695,3
5696,4
5697,3
5698,3
5699,4
5700,4
5701,4
5702,4
5703,4
5704,4
5705,3
5706,4
5707,4
5708,4
5709,4
5710,4
5711,4
5712,4
5713,4
5714,3
5715,3
5716,3
5717,3
5718,3
5719,3
5720,3
5721,3
5722,3
5723,3
5724,3
5725,3
5726,3
5727,3
5728,3
5729,4
5730,3
5731,3
5732,3
5733,4
5734,4
5735,4
5736,3
5737,4
5738,3
5739,3
5740,3
5741,4
5742,3
5743,3
5744,3
5745,3
5746,3
5747,3
5748,4
5749,3
5750,3
5751,3
5752,3
5753,3
5754,3
5755,0
5756,3
5757,4
5758,3
5759,3
5760,3
5761,3
5762,4
5763,4
5764,3
5765,3
5766,3
5767,3
5768,3
5769,3
5770,3
5771,3
5772,3
5773,4
5774,3
5775,3
5776,3
5777,3
5778,3
5779,3
5780,3
5781,3
5782,3
5783,3
5784,3
5785,3
5786,3
5787,3
5788,3
5789,3
5790,3
5791,3
5792,3
5793,3
5794,3
5795,3
5796,3
5797,3
5798,3
5799,3
5800,3
5801,4
5802,3
5803,3
5804,3
5805,3
5806,3
5807,0
5808,3
5809,3
5810,3
5811,3
5812,3
5813,4
5814,4
5815,3
5816,4
5817,3
5818,4
5819,3
5820,3
5821,3
5822,3
5823,3
5824,3
5825,3
5826,3
5827,3
5828,4
5829,3
5830,4
5831,3
5832,3
5833,3
5834,3
5835,3
5836,3
5837,3
5838,0
5839,0
5840,0
5841,3
5842,0
5843,3
5844,3
5845,3
5846,3
5847,3
5848,3
5849,3
5850,3
5851,3
5852,3
5853,3
5854,3
5855,3
5856,3
5857,3
5858,3
5859,3
5860,3
5861,3
5862,3
5863,3
5864,0
5865,3
5866,3
5867,3
5868,3
5869,3
5870,0
5871,0
5872,3
5873,0
5874,3
5875,3
5876,3
5877,3
5878,3
5879,3
5880,3
5881,3
5882,0
5883,3
5884,3
5885,3
5886,3
5887,3
5888,3
5889,3
5890,3
5891,3
5892,3
5893,3
5894,3
5895,3
5896,3
5897,3
5898,3
5899,3
5900,3
5901,3
5902,3
5903,3
5904,3
5905,3
5906,3
5907,4
5908,3
5909,4
5910,3
5911,4
5912,4
5913,3
5914,3
5915,3
5916,3
5917,3
5918,3
5919,3
5920,3
5921,3
5922,4
5923,3
5924,3
5925,3
5926,3
5927,3
5928,3
5929,3
5930,3
5931,0
5932,4
5933,3
5934,3
5935,3
5936,3
5937,3
5938,4
5939,4
5940,3
5941,3
5942,4
5943,4
5944,3
5945,3
5946,3
5947,3
5948,3
5949,3
5950,3
5951,3
5952,4
5953,4
5954,4
5955,4
5956,4
5957,3
5958,3
5959,3
5960,4
5961,4
5962,4
5963,4
5964,3
5965,3
5966,3
5967,4
5968,3
5969,3
5970,3
5971,3
5972,3
5973,3
5974,3
5975,4
5976,4
5977,3
5978,3
5979,3
5980,3
5981,3
5982,3
5983,3
5984,3
5985,3
5986,3
5987,3
5988,3
5989,3
5990,3
5991,3
5992,3
5993,4
5994,3
5995,3
5996,4
5997,3
5998,3
5999,3
6000,3
6001,3
6002,3
6003,3
6004,3
6005,3
6006,3
6007,3
6008,3
6009,3
6010,3
6011,3
6012,3
6013,3
6014,3
6015,3
6016,3
6017,3
6018,3
6019,3
6020,3
6021,3
6022,3
6023,3
6024,3
6025,3
6026,3
6027,3
6028,3
6029,3
6030,3
6031,3
6032,3
6033,3
6034,3
6035,3
6036,3
6037,3
6038,3
6039,3
6040,3
6041,3
6042,3
6043,3
6044,4
6045,3
6046,4
6047,3
6048,3
6049,3
6050,3
6051,3
6052,3
6053,3
6054,3
6055,3
6056,4
6057,3
6058,3
6059,3
6060,3
6061,3
6062,3
6063,3
6064,3
6065,3
6066,3
6067,4
6068,4
6069,3
6070,3
6071,3
6072,3
6073,4
6074,3
6075,3
6076,3
6077,4
6078,3
6079,4
6080,3
6081,3
6082,3
6083,3
6084,3
6085,3
6086,3
6087,3
6088,3
6089,3
6090,3
6091,3
6092,3
6093,3
6094,3
6095,3
6096,3
6097,3
6098,4
6099,4
6100,3
6101,3
6102,3
6103,3
6104,3
6105,3
6106,3
6107,3
6108,3
6109,3
6110,3
6111,3
6112,3
6113,3
6114,3
6115,3
6116,3
6117,3
6118,3
6119,3
6120,3
6121,3
6122,3
6123,4
6124,3
6125,3
6126,3
6127,3
6128,3
6129,3
6130,3
6131,3
6132,3
6133,3
6134,3
6135,4
6136,3
6137,3
6138,3
6139,3
6140,3
6141,3
6142,4
6143,3
6144,3
6145,3
6146,3
6147,3
6148,3
6149,3
6150,4
6151,3
6152,4
6153,3
6154,3
6155,3
6156,4
6157,3
6158,4
6159,4
6160,4
6161,3
6162,4
6163,4
6164,3
6165,3
6166,3
6167,3
6168,4
6169,3
6170,4
6171,3
6172,4
6173,3
6174,3
6175,3
6176,3
6177,3
6178,3
6179,3
6180,3
6181,3
6182,3
6183,3
6184,3
6185,3
6186,3
6187,3
6188,3
6189,3
6190,3
6191,3
6192,3
6193,3
6194,3
6195,3
6196,3
6197,3
6198,3
6199,3
6200,3
6201,3
6202,4
6203,3
6204,3
6205,4
6206,3
6207,3
6208,4
6209,3
6210,3
6211,3
6212,3
6213,3
6214,3
6215,3
6216,4
6217,3
6218,3
6219,4
6220,3
6221,4
6222,4
6223,3
6224,4
6225,3
6226,4
6227,4
6228,3
6229,3
6230,4
6231,4
6232,4
6233,3
6234,4
6235,3
6236,3
6237,3
6238,0
6239,3
6240,3
6241,3
6242,3
6243,3
6244,4
6245,3
6246,3
6247,3
6248,4
6249,3
6250,3
6251,3
6252,4
6253,3
6254,3
6255,3
6256,3
6257,3
6258,3
6259,4
6260,3
6261,0
6262,3
6263,3
6264,3
6265,4
6266,3
6267,3
6268,4
6269,4
6270,3
6271,3
6272,3
6273,3
6274,4
6275,3
6276,3
6277,3
6278,3
6279,3
6280,4
6281,4
6282,3
6283,3
6284,3
6285,3
6286,3
6287,3
6288,4
6289,3
6290,3
6291,3
6292,3
6293,3
6294,3
6295,3
6296,3
6297,3
6298,3
6299,3
6300,4
6301,3
6302,3
6303,3
6304,3
6305,3
6306,3
6307,4
6308,3
6309,3
6310,3
6311,3
6312,3
6313,3
6314,3
6315,3
6316,3
6317,3
6318,3
6319,3
6320,3
6321,3
6322,3
6323,3
6324,3
6325,3
6326,4
6327,3
6328,3
6329,4
6330,3
6331,3
6332,3
6333,4
6334,4
6335,3
6336,3
6337,3
6338,3
6339,3
6340,3
6341,3
6342,0
6343,3
6344,3
6345,3
6346,3
6347,3
6348,3
6349,3
6350,3
6351,3
6352,3
6353,3
6354,0
6355,4
6356,3
6357,3
6358,4
6359,3
6360,3
6361,3
6362,3
6363,3
6364,3
6365,3
6366,3
6367,3
6368,3
6369,3
6370,3
6371,3
6372,3
6373,3
6374,3
6375,3
6376,3
6377,3
6378,3
6379,3
6380,3
6381,3
6382,3
6383,3
6384,3
6385,3
6386,4
6387,4
6388,4
6389,3
6390,3
6391,4
6392,3
6393,3
6394,3
6395,3
6396,3
6397,3
6398,3
6399,3
6400,3
6401,3
6402,3
6403,3
6404,3
6405,3
6406,3
6407,3
6408,3
6409,3
6410,3
6411,3
6412,3
6413,3
6414,3
6415,3
6416,3
6417,3
6418,3
6419,3
6420,3
6421,3
6422,3
6423,3
6424,3
6425,3
6426,3
6427,3
6428,3
6429,3
6430,3
6431,3
6432,3
6433,3
6434,3
6435,3
6436,3
6437,3
6438,3
6439,3
6440,3
6441,3
6442,3
6443,3
6444,3
6445,4
6446,3
6447,3
6448,3
6449,3
6450,3
6451,3
6452,3
6453,3
6454,3
6455,3
6456,3
6457,4
6458,3
6459,4
6460,3
6461,3
6462,3
6463,3
6464,3
6465,4
6466,4
6467,3
6468,3
6469,3
6470,3
6471,3
6472,3
6473,4
6474,3
6475,3
6476,4
6477,3
6478,3
6479,3
6480,3
6481,3
6482,3
6483,3
6484,4
6485,3
6486,3
6487,3
6488,3
6489,3
6490,3
6491,3
6492,3
6493,4
6494,3
6495,4
6496,4
6497,3
6498,4
6499,3
6500,3
6501,3
6502,3
6503,3
6504,3
6505,0
6506,3
6507,3
6508,3
6509,3
6510,3
6511,3
6512,0
6513,0
6514,0
6515,3
6516,3
6517,3
6518,4
6519,3
6520,4
6521,3
6522,3
6523,3
6524,3
6525,3
6526,3
6527,3
6528,3
6529,3
6530,3
6531,3
6532,4
6533,3
6534,3
6535,4
6536,3
6537,4
6538,4
6539,3
6540,3
6541,3
6542,3
6543,3
6544,4
6545,4
6546,3
6547,3
6548,3
6549,3
6550,3
6551,4
6552,4
6553,3
6554,3
6555,3
6556,3
6557,4
6558,3
6559,4
6560,3
6561,3
6562,3
6563,4
6564,4
6565,3
6566,3
6567,3
6568,3
6569,3
6570,3
6571,3
6572,3
6573,3
6574,3
6575,3
6576,3
6577,3
6578,3
6579,3
6580,3
6581,3
6582,3
6583,3
6584,3
6585,3
6586,4
6587,4
6588,4
6589,3
6590,4
6591,3
6592,3
6593,4
6594,3
6595,3
6596,3
6597,3
6598,4
6599,4
6600,4
6601,3
6602,3
6603,3
6604,3
6605,3
6606,3
6607,3
6608,3
6609,3
6610,3
6611,3
6612,3
6613,3
6614,3
6615,3
6616,3
6617,3
6618,3
6619,3
6620,3
6621,3
6622,4
6623,3
6624,3
6625,3
6626,3
6627,3
6628,3
6629,3
6630,3
6631,3
6632,3
6633,3
6634,3
6635,3
6636,3
6637,3
6638,3
6639,3
6640,3
6641,3
6642,3
6643,3
6644,3
6645,3
6646,3
6647,3
6648,3
6649,3
6650,3
6651,3
6652,3
6653,3
6654,3
6655,3
6656,3
6657,3
6658,4
6659,3
6660,3
6661,3
6662,4
6663,4
6664,4
6665,3
6666,3
6667,3
6668,3
6669,3
6670,3
6671,3
6672,3
6673,3
6674,3
6675,3
6676,3
6677,3
6678,3
6679,3
6680,3
6681,3
6682,3
6683,3
6684,3
6685,3
6686,3
6687,3
6688,3
6689,3
6690,3
6691,3
6692,3
6693,3
6694,4
6695,3
6696,3
6697,3
6698,4
6699,0
6700,3
6701,4
6702,3
6703,3
6704,3
6705,3
6706,3
6707,3
6708,3
6709,3
6710,3
6711,3
6712,3
6713,3
6714,3
6715,3
6716,3
6717,3
6718,3
6719,3
6720,4
6721,3
6722,3
6723,3
6724,3
6725,3
6726,3
6727,3
6728,4
6729,3
6730,3
6731,3
6732,4
6733,3
6734,3
6735,3
6736,3
6737,3
6738,4
6739,3
6740,3
6741,3
6742,3
6743,3
6744,3
6745,3
6746,3
6747,3
6748,3
6749,3
6750,4
6751,3
6752,3
6753,3
6754,3
6755,4
6756,3
6757,3
6758,4
6759,3
6760,3
6761,3
6762,3
6763,3
6764,4
6765,3
6766,3
6767,4
6768,3
6769,3
6770,3
6771,3
6772,3
6773,3
6774,3
6775,3
6776,3
6777,3
6778,3
6779,4
6780,3
6781,4
6782,3
6783,3
6784,3
6785,3
6786,3
6787,4
6788,3
6789,3
6790,3
6791,3
6792,4
6793,3
6794,3
6795,3
6796,3
6797,3
6798,3
6799,3
6800,3
6801,3
6802,3
6803,3
6804,3
6805,3
6806,3
6807,3
6808,3
6809,4
6810,3
6811,3
6812,3
6813,3
6814,3
6815,4
6816,4
6817,3
6818,3
6819,3
6820,3
6821,3
6822,4
6823,3
6824,4
6825,3
6826,3
6827,3
6828,3
6829,3
6830,4
6831,3
6832,3
6833,3
6834,3
6835,3
6836,3
6837,3
6838,3
6839,3
6840,3
6841,3
6842,3
6843,3
6844,3
6845,3
6846,4
6847,3
6848,3
6849,3
6850,3
6851,3
6852,3
6853,3
6854,3
6855,3
6856,3
6857,3
6858,3
6859,3
6860,3
6861,3
6862,3
6863,4
6864,3
6865,3
6866,3
6867,3
6868,3
6869,3
6870,3
6871,3
6872,3
6873,3
6874,3
6875,3
6876,3
6877,3
6878,3
6879,3
6880,3
6881,3
6882,3
6883,3
6884,3
6885,3
6886,3
6887,3
6888,3
6889,3
6890,3
6891,3
6892,3
6893,4
6894,4
6895,4
6896,4
6897,0
6898,3
6899,4
6900,4
6901,3
6902,3
6903,3
6904,3
6905,3
6906,3
6907,3
6908,4
6909,3
6910,3
6911,3
6912,3
6913,4
6914,3
6915,3
6916,3
6917,3
6918,3
6919,3
6920,3
6921,3
6922,3
6923,3
6924,3
6925,3
6926,3
6927,3
6928,3
6929,3
6930,3
6931,3
6932,3
6933,3
6934,3
6935,3
6936,4
6937,3
6938,4
6939,3
6940,4
6941,3
6942,3
6943,3
6944,3
6945,3
6946,3
6947,3
6948,3
6949,3
6950,3
6951,3
6952,4
6953,3
6954,3
6955,3
6956,3
6957,3
6958,3
6959,3
6960,4
6961,3
6962,3
6963,3
6964,3
6965,3
6966,3
6967,3
6968,4
6969,3
6970,4
6971,3
6972,3
6973,3
6974,3
6975,3
6976,3
6977,3
6978,3
6979,4
6980,3
6981,3
6982,4
6983,4
6984,4
6985,3
6986,4
6987,3
6988,4
6989,3
6990,4
6991,4
6992,4
6993,3
6994,3
6995,4
6996,3
6997,4
6998,3
6999,4
7000,4
7001,4
7002,4
7003,4
7004,4
7005,3
7006,4
7007,4
7008,4
7009,4
7010,4
7011,3
7012,3
7013,3
7014,3
7015,3
7016,3
7017,3
7018,3
7019,3
7020,3
7021,3
7022,3
7023,3
7024,3
7025,3
7026,3
7027,3
7028,3
7029,4
7030,4
7031,3
7032,4
7033,4
7034,3
7035,3
7036,3
7037,4
7038,4
7039,4
7040,3
7041,4
7042,4
7043,4
7044,4
7045,4
7046,4
7047,0
7048,4
7049,4
7050,4
7051,3
7052,3
7053,4
7054,4
7055,3
7056,3
7057,3
7058,3
7059,4
7060,3
7061,3
7062,4
7063,3
7064,4
7065,4
7066,0
7067,3
7068,4
7069,3
7070,4
7071,3
7072,3
7073,4
7074,3
7075,4
7076,3
7077,3
7078,3
7079,4
7080,3
7081,3
7082,3
7083,4
7084,1
7085,3
7086,3
7087,3
7088,3
7089,3
7090,3
7091,4
7092,3
7093,3
7094,3
7095,4
7096,4
7097,4
7098,4
7099,4
7100,0
7101,3
7102,4
7103,3
7104,0
7105,3
7106,4
7107,3
7108,4
7109,3
7110,4
7111,4
7112,4
7113,3
7114,4
7115,3
7116,4
7117,3
7118,3
7119,4
7120,4
7121,4
7122,0
7123,3
7124,4
7125,3
7126,4
7127,3
7128,3
7129,3
7130,3
7131,3
7132,3
7133,3
7134,3
7135,3
7136,3
7137,3
7138,3
7139,4
7140,3
7141,4
7142,4
7143,4
7144,3
7145,3
7146,3
7147,3
7148,3
7149,3
7150,4
7151,3
7152,4
7153,4
7154,3
7155,0
7156,3
7157,3
7158,3
7159,3
7160,3
7161,3
7162,3
7163,4
7164,3
7165,4
7166,4
7167,3
7168,3
7169,4
7170,3
7171,3
7172,3
7173,3
7174,3
7175,3
7176,3
7177,4
7178,4
7179,4
7180,4
7181,4
7182,3
7183,3
7184,4
7185,3
7186,3
7187,3
7188,3
7189,4
7190,3
7191,4
7192,4
7193,4
7194,4
7195,4
7196,4
7197,4
7198,4
7199,4
7200,3
7201,3
7202,3
7203,3
7204,3
7205,3
7206,3
7207,3
7208,3
7209,3
7210,3
7211,3
7212,1
7213,3
7214,3
7215,3
7216,3
7217,4
7218,4
7219,3
7220,3
7221,3
7222,4
7223,3
7224,3
7225,3
7226,3
7227,3
7228,3
7229,3
7230,3
7231,3
7232,3
7233,3
7234,3
7235,3
7236,3
7237,3
7238,3
7239,3
7240,3
7241,3
7242,4
7243,3
7244,3
7245,3
7246,3
7247,3
7248,3
7249,3
7250,4
7251,3
7252,3
7253,4
7254,3
7255,3
7256,0
7257,0
7258,4
7259,3
7260,3
7261,3
7262,3
7263,3
7264,3
7265,3
7266,3
7267,3
7268,3
7269,3
7270,3
7271,3
7272,3
7273,3
7274,3
7275,3
7276,3
7277,3
7278,3
7279,3
7280,3
7281,3
7282,3
7283,3
7284,3
7285,3
7286,3
7287,3
7288,3
7289,3
7290,3
7291,3
7292,3
7293,3
7294,3
7295,3
7296,3
7297,3
7298,3
7299,3
7300,3
7301,3
7302,3
7303,3
7304,0
7305,0
7306,0
7307,3
7308,3
7309,3
7310,3
7311,3
7312,3
7313,3
7314,3
7315,3
7316,3
7317,3
7318,3
7319,1
7320,3
7321,1
7322,1
7323,3
7324,3
7325,1
7326,3
7327,3
7328,3
7329,3
7330,3
7331,3
7332,3
7333,1
7334,3
7335,1
7336,1
7337,1
7338,1
7339,0
7340,1
7341,0
7342,1
7343,1
7344,1
7345,1
7346,0
7347,0
7348,1
7349,1
7350,1
7351,1
7352,3
7353,3
7354,0
7355,1
7356,3
7357,1
7358,3
7359,2
7360,3
7361,3
7362,3
7363,1
7364,1
7365,3
7366,3
7367,2
7368,3
7369,3
7370,3
7371,3
7372,0
7373,1
7374,0
7375,1
7376,0
7377,1
7378,0
7379,0
7380,1
7381,3
7382,3
7383,1
7384,1
7385,1
7386,1
7387,1
7388,1
7389,3
7390,3
7391,1
7392,1
7393,3
7394,3
7395,3
7396,3
7397,0
7398,1
7399,2
7400,2
7401,2
7402,2
7403,0
7404,0
7405,2
7406,0
7407,0
7408,0
7409,3
7410,3
7411,3
7412,3
7413,3
7414,0
7415,3
7416,3
7417,0
7418,0
7419,3
7420,2
7421,1
7422,1
7423,0
7424,2
7425,2
7426,2
7427,2
7428,2
7429,2
7430,3
7431,2
7432,2
7433,2
7434,2
7435,2
7436,3
7437,1
7438,1
7439,1
7440,2
7441,2
7442,3
7443,3
7444,1
7445,1
7446,1
7447,1
7448,1
7449,1
7450,1
7451,1
7452,2
7453,2
7454,2
7455,2
7456,2
7457,2
7458,0
7459,3
7460,2
7461,3
7462,1
7463,2
7464,2
7465,2
7466,2
7467,1
7468,3
7469,2
7470,2
7471,2
7472,2
7473,3
7474,1
7475,1
7476,1
7477,1
7478,1
7479,1
7480,1
7481,1
7482,1
7483,1
7484,3
7485,3
7486,3
7487,2
7488,1
7489,3
7490,1
7491,1
7492,2
7493,3
7494,0
7495,3
7496,3
7497,2
7498,3
7499,3
7500,0
7501,3
7502,0
7503,3
7504,3
7505,2
7506,1
7507,1
7508,1
7509,1
7510,1
7511,1
7512,1
7513,1
7514,1
7515,1
7516,1
7517,1
7518,1
7519,1
7520,1
7521,1
7522,3
7523,3
7524,0
7525,3
7526,1
7527,1
7528,1
7529,1
7530,3
7531,1
7532,1
7533,3
7534,3
7535,1
7536,3
7537,2
7538,1
7539,1
7540,1
7541,2
7542,3
7543,3
7544,1
7545,1
7546,3
7547,2
7548,2
7549,2
7550,3
7551,2
7552,2
7553,2
7554,2
7555,2
7556,3
7557,3
7558,3
7559,3
7560,2
7561,3
7562,3
7563,3
7564,2
7565,3
7566,0
7567,2
7568,1
7569,2
7570,2
7571,2
7572,3
7573,2
7574,3
7575,2
7576,2
7577,2
7578,2
7579,2
7580,3
7581,0
7582,2
7583,2
7584,3
7585,2
7586,3
7587,3
7588,3
7589,2
7590,2
7591,2
7592,2
7593,2
7594,2
7595,2
7596,2
7597,0
7598,3
7599,2
7600,2
7601,1
7602,1
7603,1
7604,1
7605,1
7606,1
7607,1
7608,1
7609,1
7610,1
7611,1
7612,1
7613,0
7614,0
7615,2
7616,0
7617,0
7618,3
7619,1
7620,3
7621,3
7622,0
7623,2
7624,3
7625,2
7626,1
7627,2
7628,3
7629,1
7630,1
7631,0
7632,3
7633,0
7634,3
7635,3
7636,3
7637,2
7638,2
7639,0
7640,0
7641,3
7642,2
7643,1
7644,1
7645,2
7646,0
7647,3
7648,1
7649,1
7650,1
7651,1
7652,0
7653,1
7654,1
7655,1
7656,1
7657,1
7658,1
7659,1
7660,0
7661,1
7662,1
7663,1
7664,1
7665,1
7666,1
7667,1
7668,2
7669,1
7670,2
7671,2
7672,2
7673,2
7674,2
7675,2
7676,2
7677,2
7678,2
7679,2
7680,3
7681,3
7682,3
7683,3
7684,3
7685,2
7686,2
7687,0
7688,2
7689,2
7690,2
7691,0
7692,2
7693,2
7694,2
7695,2
7696,2
7697,2
7698,2
7699,2
7700,2
7701,2
7702,2
7703,2
7704,2
7705,2
7706,2
7707,2
7708,3
7709,2
7710,2
7711,2
7712,2
7713,2
7714,2
7715,2
7716,2
7717,2
7718,2
7719,2
7720,2
7721,2
7722,2
7723,2
7724,2
7725,2
7726,2
7727,3
7728,2
7729,2
7730,2
7731,2
7732,2
7733,2
7734,2
7735,2
7736,2
7737,2
7738,2
7739,2
7740,2
7741,2
7742,2
7743,2
7744,2
7745,3
7746,2
7747,3
7748,2
7749,2
7750,2
7751,0
7752,2
7753,2
7754,2
7755,3
7756,3
7757,3
7758,3
7759,3
7760,3
7761,3
7762,3
7763,2
7764,3
7765,3
7766,3
7767,2
7768,3
7769,3
7770,3
7771,3
7772,3
7773,3
7774,3
7775,3
7776,3
7777,2
7778,2
7779,2
7780,2
7781,2
7782,2
7783,2
7784,2
7785,2
7786,2
7787,3
7788,2
7789,2
7790,2
7791,2
7792,2
7793,2
7794,2
7795,2
7796,2
7797,2
7798,2
7799,2
7800,2
7801,2
7802,2
7803,2
7804,2
7805,2
7806,2
7807,2
7808,2
7809,2
7810,2
7811,2
7812,2
7813,3
7814,3
7815,2
7816,1
7817,1
7818,1
7819,1
7820,3
7821,2
7822,1
7823,1
7824,1
7825,1
7826,3
7827,2
7828,3
7829,3
7830,3
7831,1
7832,1
7833,1
7834,3
7835,3
7836,3
7837,2
7838,3
7839,3
7840,3
7841,2
7842,1
7843,3
7844,3
7845,1
7846,1
7847,1
7848,1
7849,1
7850,2
7851,2
7852,3
7853,2
7854,2
7855,0
7856,2
7857,2
7858,2
7859,2
7860,2
7861,2
7862,2
7863,2
7864,2
7865,2
7866,2
7867,3
7868,2
7869,3
7870,2
7871,2
7872,2
7873,2
7874,2
7875,2
7876,2
7877,3
7878,2
7879,2
7880,2
7881,3
7882,2
7883,2
7884,2
7885,2
7886,2
7887,2
7888,2
7889,2
7890,2
7891,2
7892,2
7893,2
7894,2
7895,2
7896,2
7897,2
7898,2
7899,2
7900,2
7901,2
7902,2
7903,2
7904,2
7905,2
7906,2
7907,2
7908,2
7909,2
7910,2
7911,2
7912,2
7913,2
7914,2
7915,2
7916,3
7917,3
7918,3
7919,3
7920,3
7921,2
7922,2
7923,3
7924,3
7925,2
7926,2
7927,3
7928,0
7929,3
7930,3
7931,2
7932,2
7933,3
7934,3
7935,2
7936,2
7937,3
7938,2
7939,2
7940,2
7941,2
7942,2
7943,2
7944,0
7945,2
7946,2
7947,2
7948,2
7949,3
7950,3
7951,3
7952,2
7953,2
7954,2
7955,2
7956,2
7957,2
7958,2
7959,2
7960,2
7961,2
7962,2
7963,2
7964,2
7965,2
7966,2
7967,2
7968,2
7969,2
7970,1
7971,1
7972,1
7973,1
7974,3
7975,1
7976,2
7977,2
7978,2
7979,2
7980,3
7981,3
7982,3
7983,2
7984,2
7985,3
7986,2
7987,3
7988,3
7989,3
7990,3
7991,2
7992,2
7993,1
7994,3
7995,3
7996,2
7997,3
7998,3
7999,3
8000,3
8001,3
8002,3
8003,3
8004,3
8005,1
8006,3
8007,2
8008,2
8009,2
8010,3
8011,3
8012,3
8013,3
8014,3
8015,2
8016,2
8017,2
8018,3
8019,2
8020,2
8021,3
8022,3
8023,3
8024,3
8025,3
8026,3
8027,3
8028,3
8029,3
8030,3
8031,3
8032,3
8033,3
8034,3
8035,3
8036,3
8037,3
8038,3
8039,3
8040,2
8041,1
8042,1
8043,1
8044,1
8045,1
8046,1
8047,1
8048,3
8049,3
8050,1
8051,3
8052,3
8053,1
8054,3
8055,3
8056,3
8057,3
8058,2
8059,3
8060,3
8061,3
8062,3
8063,2
8064,3
8065,2
8066,3
8067,3
8068,3
8069,3
8070,3
8071,3
8072,3
8073,3
8074,3
8075,1
8076,3
8077,3
8078,3
8079,3
8080,3
8081,3
8082,3
8083,3
8084,2
8085,3
8086,3
8087,3
8088,3
8089,3
8090,3
8091,1
8092,1
8093,1
8094,1
8095,1
8096,1
8097,1
8098,2
8099,3
8100,1
8101,2
8102,1
8103,1
8104,2
8105,2
8106,2
8107,2
8108,2
8109,2
8110,2
8111,3
8112,3
8113,3
8114,3
8115,2
8116,2
8117,3
8118,3
8119,3
8120,3
8121,3
8122,3
8123,3
8124,3
8125,3
8126,2
8127,1
8128,1
8129,1
8130,1
8131,2
8132,2
8133,2
8134,2
8135,2
8136,2
8137,2
8138,2
8139,2
8140,2
8141,2
8142,2
8143,2
8144,2
8145,2
8146,2
8147,2
8148,2
8149,2
8150,2
8151,2
8152,3
8153,3
8154,0
8155,0
8156,2
8157,2
8158,3
8159,3
8160,2
8161,3
8162,3
8163,2
8164,2
8165,2
8166,2
8167,2
8168,3
8169,3
8170,2
8171,2
8172,2
8173,2
8174,1
8175,1
8176,1
8177,1
8178,1
8179,1
8180,2
8181,2
8182,2
8183,2
8184,2
8185,2
8186,2
8187,2
8188,2
8189,1
8190,1
8191,1
8192,2
8193,2
8194,3
8195,3
8196,2
8197,2
8198,2
8199,2
8200,2
8201,2
8202,1
8203,2
8204,2
8205,2
8206,2
8207,3
8208,0
8209,2
8210,2
8211,2
8212,2
8213,2
8214,2
8215,2
8216,2
8217,2
8218,2
8219,3
8220,2
8221,2
8222,1
8223,2
8224,2
8225,1
8226,1
8227,1
8228,1
8229,2
8230,2
8231,2
8232,2
8233,1
8234,3
8235,1
8236,1
8237,1
8238,1
8239,1
8240,1
8241,4
8242,1
8243,4
8244,2
8245,4
8246,2
8247,2
8248,4
8249,2
8250,1
8251,1
8252,1
8253,1
8254,1
8255,1
8256,3
8257,3
8258,3
8259,3
8260,3
8261,3
8262,3
8263,2
8264,3
8265,3
8266,3
8267,3
8268,3
8269,2
8270,2
8271,3
8272,2
8273,1
8274,1
8275,1
8276,3
8277,3
8278,2
8279,3
8280,2
8281,3
8282,2
8283,0
8284,3
8285,1
8286,1
8287,2
8288,3
8289,3
8290,1
8291,2
8292,2
8293,2
8294,2
8295,2
8296,3
8297,2
8298,2
8299,2
8300,2
8301,2
8302,2
8303,2
8304,3
8305,3
8306,2
8307,3
8308,3
8309,3
8310,2
8311,2
8312,2
8313,2
8314,2
8315,2
8316,4
8317,2
8318,3
8319,2
8320,2
8321,3
8322,3
8323,3
8324,3
8325,3
8326,3
8327,3
8328,3
8329,2
8330,3
8331,2
8332,3
8333,2
8334,3
8335,3
8336,3
8337,3
8338,3
8339,3
8340,3
8341,3
8342,3
8343,2
8344,3
8345,3
8346,3
8347,3
8348,2
8349,2
8350,1
8351,3
8352,1
8353,3
8354,1
8355,1
8356,2
8357,3
8358,2
8359,2
8360,2
8361,2
8362,0
8363,2
8364,3
8365,2
8366,2
8367,2
8368,2
8369,2
8370,2
8371,2
8372,2
8373,2
8374,2
8375,2
8376,2
8377,2
8378,2
8379,2
8380,2
8381,2
8382,2
8383,3
8384,3
8385,2
8386,1
8387,2
8388,2
8389,2
8390,2
8391,2
8392,2
8393,2
8394,3
8395,2
8396,2
8397,2
8398,1
8399,1
8400,1
8401,1
8402,3
8403,2
8404,2
8405,2
8406,2
8407,1
8408,2
8409,2
8410,2
8411,3
8412,3
8413,3
8414,2
8415,2
8416,2
8417,1
8418,2
8419,0
8420,2
8421,2
8422,2
8423,4
8424,1
8425,3
8426,0
8427,3
8428,2
8429,3
8430,2
8431,2
8432,2
8433,3
8434,2
8435,2
8436,2
8437,2
8438,3
8439,2
8440,2
8441,2
8442,2
8443,2
8444,2
8445,1
8446,1
8447,1
8448,1
8449,2
8450,2
8451,3
8452,1
8453,1
8454,1
8455,1
8456,2
8457,1
8458,1
8459,1
8460,3
8461,1
8462,4
8463,4
8464,3
8465,1
8466,3
8467,3
8468,1
8469,1
8470,3
8471,3
8472,0
8473,3
8474,2
8475,3
8476,2
8477,0
8478,3
8479,3
8480,0
8481,3
8482,3
8483,3
8484,2
8485,3
8486,3
8487,1
8488,1
8489,2
8490,2
8491,2
8492,2
8493,2
8494,2
8495,2
8496,2
8497,3
8498,3
8499,2
8500,2
8501,2
8502,2
8503,3
8504,3
8505,3
8506,3
8507,3
8508,3
8509,3
8510,2
8511,2
8512,2
8513,2
8514,2
8515,3
8516,2
8517,2
8518,1
8519,1
8520,1
8521,1
8522,1
8523,3
8524,3
8525,3
8526,3
8527,3
8528,3
8529,2
8530,2
8531,3
8532,2
8533,2
8534,2
8535,1
8536,2
8537,2
8538,2
8539,2
8540,2
8541,2
8542,3
8543,2
8544,2
8545,2
8546,2
8547,3
8548,2
8549,2
8550,3
8551,2
8552,2
8553,2
8554,2
8555,2
8556,2
8557,3
8558,3
8559,2
8560,2
8561,2
8562,2
8563,2
8564,2
8565,3
8566,2
8567,2
8568,3
8569,2
8570,2
8571,2
8572,2
8573,2
8574,2
8575,2
8576,3
8577,2
8578,3
8579,3
8580,2
8581,2
8582,2
8583,2
8584,2
8585,2
8586,2
8587,3
8588,2
8589,2
8590,2
8591,2
8592,2
8593,2
8594,2
8595,2
8596,1
8597,0
8598,2
8599,2
8600,2
8601,3
8602,1
8603,1
8604,1
8605,1
8606,1
8607,1
8608,1
8609,1
8610,1
8611,1
8612,1
8613,1
8614,1
8615,1
8616,1
8617,2
8618,2
8619,2
8620,2
8621,1
8622,2
8623,1
8624,3
8625,3
8626,3
8627,3
8628,3
8629,3
8630,1
8631,2
8632,3
8633,3
8634,3
8635,3
8636,3
8637,3
8638,3
8639,3
8640,3
8641,3
8642,3
8643,0
8644,3
8645,3
8646,3
8647,2
8648,3
8649,3
8650,3
8651,3
8652,3
8653,3
8654,3
8655,3
8656,3
8657,3
8658,3
8659,3
8660,3
8661,2
8662,2
8663,2
8664,2
8665,2
8666,2
8667,3
8668,0
8669,2
8670,3
8671,3
8672,3
8673,3
8674,3
8675,3
8676,2
8677,3
8678,3
8679,2
8680,3
8681,2
8682,3
8683,3
8684,3
8685,3
8686,3
8687,4
8688,4
8689,2
8690,3
8691,3
8692,3
8693,3
8694,3
8695,3
8696,3
8697,3
8698,3
8699,3
8700,3
8701,3
8702,3
8703,3
8704,3
8705,3
8706,3
8707,3
8708,3
8709,3
8710,3
8711,4
8712,3
8713,3
8714,3
8715,2
8716,1
8717,1
8718,3
8719,3
8720,3
8721,3
8722,3
8723,3
8724,3
8725,3
8726,3
8727,3
8728,3
8729,3
8730,3
8731,3
8732,3
8733,3
8734,3
8735,3
8736,3
8737,3
8738,3
8739,2
8740,1
8741,3
8742,3
8743,3
8744,2
8745,1
8746,1
8747,1
8748,2
8749,1
8750,2
8751,3
8752,3
8753,3
8754,3
8755,2
8756,3
8757,3
8758,1
8759,1
8760,1
8761,1
8762,3
8763,2
8764,2
8765,2
8766,2
8767,4
8768,2
8769,1
8770,1
8771,1
8772,1
8773,1
8774,2
8775,2
8776,2
8777,3
8778,3
8779,2
8780,2
8781,2
8782,2
8783,0
8784,1
8785,1
8786,1
8787,4
8788,3
8789,3
8790,2
8791,2
8792,3
8793,3
8794,2
8795,4
8796,2
8797,3
8798,2
8799,2
8800,3
8801,2
8802,0
8803,1
8804,0
8805,3
8806,2
8807,1
8808,3
8809,1
8810,2
8811,2
8812,2
8813,2
8814,2
8815,3
8816,2
8817,3
8818,3
8819,2
8820,2
8821,2
8822,3
8823,3
8824,0
8825,3
8826,3
8827,0
8828,3
8829,3
8830,3
8831,2
8832,3
8833,3
8834,1
8835,3
8836,3
8837,0
8838,2
8839,3
8840,2
8841,2
8842,2
8843,2
8844,2
8845,2
8846,3
8847,2
8848,3
8849,2
8850,2
8851,2
8852,2
8853,2
8854,2
8855,2
8856,2
8857,2
8858,2
8859,2
8860,2
8861,2
8862,2
8863,2
8864,2
8865,2
8866,2
8867,2
8868,2
8869,2
8870,4
8871,2
8872,2
8873,3
8874,2
8875,1
8876,3
8877,3
8878,2
8879,2
8880,2
8881,2
8882,2
8883,0
8884,2
8885,2
8886,2
8887,2
8888,2
8889,2
8890,1
8891,1
8892,1
8893,2
8894,3
8895,2
8896,2
8897,1
8898,0
8899,3
8900,2
8901,2
8902,2
8903,2
8904,2
8905,3
8906,1
8907,3
8908,1
8909,3
8910,1
8911,1
8912,1
8913,1
8914,1
8915,1
8916,1
8917,3
8918,1
8919,1
8920,3
8921,1
8922,1
8923,1
8924,1
8925,1
8926,3
8927,1
8928,1
8929,1
8930,1
8931,1
8932,3
8933,3
8934,1
8935,3
8936,3
8937,3
8938,2
8939,1
8940,1
8941,1
8942,2
8943,2
8944,2
8945,2
8946,2
8947,2
8948,3
8949,2
8950,2
8951,2
8952,2
8953,2
8954,3
8955,2
8956,2
8957,2
8958,2
8959,3
8960,2
8961,2
8962,2
8963,2
8964,2
8965,2
8966,2
8967,3
8968,3
8969,2
8970,2
8971,3
8972,1
8973,2
8974,2
8975,2
8976,2
8977,2
8978,2
8979,2
8980,2
8981,2
8982,2
8983,2
8984,0
8985,3
8986,0
8987,0
8988,2
8989,0
8990,3
8991,3
8992,0
8993,2
8994,3
8995,2
8996,2
8997,2
8998,2
8999,2
9000,2
9001,2
9002,2
9003,2
9004,0
9005,2
9006,2
9007,2
9008,3
9009,3
9010,2
9011,2
9012,2
9013,2
9014,2
9015,2
9016,2
9017,1
9018,2
9019,3
9020,1
9021,3
9022,2
9023,2
9024,3
9025,2
9026,0
9027,0
9028,3
9029,2
9030,2
9031,2
9032,2
9033,3
9034,3
9035,2
9036,3
9037,1
9038,3
9039,1
9040,1
9041,1
9042,2
9043,3
9044,3
9045,3
9046,3
9047,3
9048,2
9049,1
9050,1
9051,1
9052,3
9053,1
9054,1
9055,3
9056,1
9057,1
9058,4
9059,1
9060,1
9061,1
9062,1
9063,1
9064,1
9065,1
9066,1
9067,1
9068,3
9069,3
9070,1
9071,1
9072,1
9073,1
9074,1
9075,2
9076,2
9077,2
9078,2
9079,2
9080,2
9081,2
9082,2
9083,3
9084,2
9085,2
9086,2
9087,2
9088,2
9089,2
9090,2
9091,2
9092,2
9093,2
9094,2
9095,0
9096,2
9097,2
9098,2
9099,2
9100,2
9101,3
9102,2
9103,2
9104,2
9105,0
9106,2
9107,2
9108,3
9109,2
9110,0
9111,2
9112,2
9113,2
9114,2
9115,1
9116,1
9117,1
9118,3
9119,1
9120,1
9121,1
9122,1
9123,1
9124,1
9125,3
9126,1
9127,1
9128,1
9129,2
9130,2
9131,1
9132,1
9133,1
9134,1
9135,2
9136,3
9137,1
9138,2
9139,2
9140,3
9141,2
9142,2
9143,2
9144,3
9145,1
9146,1
9147,1
9148,3
9149,2
9150,2
9151,2
9152,2
9153,3
9154,2
9155,2
9156,2
9157,2
9158,2
9159,2
9160,2
9161,2
9162,2
9163,0
9164,2
9165,2
9166,3
9167,2
9168,2
9169,2
9170,2
9171,2
9172,2
9173,2
9174,2
9175,2
9176,0
9177,2
9178,2
9179,2
9180,2
9181,3
9182,2
9183,2
9184,2
9185,2
9186,0
9187,2
9188,0
9189,2
9190,2
9191,4
9192,2
9193,2
9194,2
9195,2
9196,2
9197,2
9198,2
9199,2
9200,1
9201,1
9202,2
9203,2
9204,2
9205,2
9206,2
9207,2
9208,2
9209,1
9210,2
9211,2
9212,2
9213,2
9214,2
9215,2
9216,2
9217,2
9218,2
9219,2
9220,2
9221,2
9222,2
9223,2
9224,2
9225,2
9226,2
9227,2
9228,0
9229,3
9230,2
9231,0
9232,2
9233,3
9234,2
9235,2
9236,2
9237,2
9238,2
9239,2
9240,3
9241,3
9242,4
9243,0
9244,2
9245,2
9246,2
9247,2
9248,2
9249,2
9250,1
9251,2
9252,2
9253,3
9254,2
9255,2
9256,2
9257,2
9258,2
9259,2
9260,2
9261,1
9262,0
9263,0
9264,1
9265,2
9266,3
9267,2
9268,0
9269,2
9270,3
9271,3
9272,1
9273,1
9274,3
9275,1
9276,1
9277,1
9278,4
9279,4
9280,4
9281,2
9282,2
9283,4
9284,1
9285,1
9286,4
9287,4
9288,3
9289,4
9290,1
9291,4
9292,4
9293,1
9294,4
9295,2
9296,3
9297,3
9298,3
9299,3
9300,4
9301,3
9302,3
9303,3
9304,1
9305,1
9306,1
9307,3
9308,4
9309,4
9310,3
9311,3
9312,3
9313,3
9314,3
9315,1
9316,3
9317,2
9318,4
9319,3
9320,3
9321,3
9322,3
9323,3
9324,1
9325,3
9326,3
9327,3
9328,3
9329,3
9330,1
9331,1
9332,1
9333,1
9334,2
9335,3
9336,1
9337,4
9338,3
9339,2
9340,2
9341,1
9342,1
9343,3
9344,1
9345,1
9346,1
9347,1
9348,3
9349,3
9350,2
9351,1
9352,1
9353,1
9354,2
9355,3
9356,4
9357,2
9358,2
9359,1
9360,3
9361,1
9362,3
9363,1
9364,3
9365,3
9366,1
9367,3
9368,3
9369,1
9370,3
9371,3
9372,3
9373,3
9374,2
9375,3
9376,2
9377,2
9378,0
9379,3
9380,1
9381,2
9382,1
9383,2
9384,1
9385,1
9386,1
9387,3
9388,2
9389,3
9390,3
9391,3
9392,2
9393,2
9394,2
9395,3
9396,2
9397,3
9398,2
9399,2
9400,2
9401,2
9402,2
9403,2
9404,2
9405,2
9406,2
9407,2
9408,2
9409,2
9410,3
9411,3
9412,2
9413,3
9414,2
9415,2
9416,1
9417,3
9418,1
9419,1
9420,1
9421,0
9422,2
9423,3
9424,2
9425,2
9426,2
9427,2
9428,2
9429,2
9430,2
9431,2
9432,2
9433,2
9434,2
9435,2
9436,2
9437,2
9438,0
9439,2
9440,2
9441,2
9442,2
9443,2
9444,2
9445,2
9446,2
9447,2
9448,2
9449,2
9450,2
9451,2
9452,2
9453,2
9454,2
9455,2
9456,2
9457,3
9458,2
9459,2
9460,2
9461,2
9462,2
9463,2
9464,2
9465,2
9466,1
9467,2
9468,2
9469,0
9470,2
9471,2
9472,2
9473,2
9474,2
9475,2
9476,2
9477,2
9478,2
9479,2
9480,2
9481,2
9482,2
9483,2
9484,2
9485,2
9486,2
9487,2
9488,2
9489,2
9490,2
9491,3
9492,2
9493,2
9494,2
9495,2
9496,2
9497,2
9498,3
9499,2
9500,2
9501,2
9502,2
9503,2
9504,1
9505,2
9506,2
9507,2
9508,2
9509,2
9510,2
9511,2
9512,2
9513,2
9514,2
9515,2
9516,2
9517,2
9518,2
9519,2
9520,2
9521,0
9522,2
9523,2
9524,2
9525,2
9526,2
9527,2
9528,2
9529,2
9530,2
9531,3
9532,2
9533,2
9534,2
9535,3
9536,3
9537,2
9538,2
9539,2
9540,2
9541,2
9542,2
9543,2
9544,2
9545,2
9546,2
9547,2
9548,2
9549,2
9550,2
9551,2
9552,2
9553,2
9554,2
9555,2
9556,3
9557,2
9558,2
9559,2
9560,2
9561,2
9562,2
9563,2
9564,2
9565,2
9566,2
9567,3
9568,3
9569,2
9570,2
9571,3
9572,2
9573,2
9574,2
9575,3
9576,2
9577,2
9578,2
9579,2
9580,2
9581,2
9582,2
9583,2
9584,2
9585,2
9586,2
9587,2
9588,2
9589,2
9590,0
9591,2
9592,2
9593,2
9594,2
9595,2
9596,2
9597,2
9598,2
9599,2
9600,2
9601,2
9602,1
9603,1
9604,1
9605,1
9606,1
9607,1
9608,3
9609,2
9610,2
9611,2
9612,2
9613,2
9614,2
9615,2
9616,2
9617,3
9618,2
9619,2
9620,2
9621,2
9622,1
9623,2
9624,2
9625,2
9626,2
9627,2
9628,4
9629,2
9630,2
9631,2
9632,2
9633,2
9634,2
9635,2
9636,2
9637,3
9638,2
9639,2
9640,2
9641,2
9642,2
9643,2
9644,2
9645,2
9646,2
9647,2
9648,3
9649,2
9650,2
9651,2
9652,2
9653,2
9654,2
9655,2
9656,2
9657,2
9658,2
9659,2
9660,2
9661,2
9662,2
9663,2
9664,2
9665,2
9666,2
9667,3
9668,2
9669,2
9670,2
9671,2
9672,2
9673,2
9674,2
9675,2
9676,2
9677,2
9678,2
9679,2
9680,2
9681,2
9682,2
9683,2
9684,2
9685,2
9686,2
9687,2
9688,2
9689,2
9690,2
9691,2
9692,2
9693,2
9694,2
9695,2
9696,2
9697,2
9698,2
9699,2
9700,1
9701,2
9702,2
9703,2
9704,2
9705,2
9706,2
9707,2
9708,2
9709,2
9710,2
9711,1
9712,1
9713,1
9714,1
9715,1
9716,1
9717,1
9718,2
9719,2
9720,2
9721,2
9722,2
9723,2
9724,2
9725,2
9726,3
9727,2
9728,2
9729,3
9730,2
9731,2
9732,2
9733,2
9734,2
9735,2
9736,2
9737,1
9738,1
9739,2
9740,2
9741,3
9742,0
9743,0
9744,2
9745,2
9746,1
9747,3
9748,2
9749,2
9750,2
9751,2
9752,2
9753,2
9754,2
9755,2
9756,3
9757,3
9758,2
9759,2
9760,2
9761,2
9762,2
9763,2
9764,3
9765,0
9766,1
9767,1
9768,3
9769,2
9770,1
9771,1
9772,3
9773,3
9774,0
9775,3
9776,0
9777,1
9778,3
9779,1
9780,2
9781,2
9782,4
9783,3
9784,2
9785,2
9786,3
9787,2
9788,3
9789,2
9790,4
9791,0
9792,3
9793,4
9794,3
9795,2
9796,3
9797,2
9798,2
9799,3
9800,3
9801,3
9802,2
9803,2
9804,2
9805,3
9806,3
9807,2
9808,3
9809,3
9810,4
9811,3
9812,2
9813,3
9814,2
9815,2
9816,2
9817,3
9818,3
9819,3
9820,3
9821,3
9822,3
9823,2
9824,2
9825,2
9826,1
9827,0
9828,2
9829,3
9830,3
9831,3
9832,2
9833,2
9834,3
9835,1
9836,3
9837,3
9838,3
9839,3
9840,3
9841,3
9842,1
9843,1
9844,1
9845,1
9846,1
9847,2
9848,2
9849,3
9850,3
9851,2
9852,2
9853,2
9854,3
9855,2
9856,2
9857,2
9858,2
9859,2
9860,2
9861,2
9862,2
9863,1
9864,2
9865,2
9866,1
9867,1
9868,2
9869,2
9870,2
9871,2
9872,2
9873,3
9874,2
9875,2
9876,2
9877,2
9878,2
9879,2
9880,2
9881,2
9882,2
9883,2
9884,2
9885,2
9886,2
9887,2
9888,2
9889,2
9890,2
9891,2
9892,2
9893,2
9894,2
9895,2
9896,2
9897,2
9898,2
9899,2
9900,2
9901,2
9902,2
9903,2
9904,3
9905,2
9906,2
9907,2
9908,2
9909,2
9910,2
9911,2
9912,2
9913,2
9914,1
9915,2
9916,3
9917,2
9918,2
9919,2
9920,1
9921,3
9922,3
9923,3
9924,3
9925,3
9926,2
9927,2
9928,3
9929,3
9930,3
9931,3
9932,3
9933,2
9934,1
9935,2
9936,2
9937,2
9938,2
9939,2
9940,2
9941,2
9942,2
9943,2
9944,2
9945,2
9946,2
9947,2
9948,2
9949,2
9950,2
9951,2
9952,2
9953,2
9954,2
9955,2
9956,2
9957,2
9958,2
9959,3
9960,2
9961,2
9962,2
9963,2
9964,2
9965,2
9966,2
9967,2
9968,2
9969,2
9970,2
9971,2
9972,2
9973,2
9974,2
9975,2
9976,2
9977,2
9978,2
9979,2
9980,2
9981,2
9982,2
9983,2
9984,2
9985,2
9986,2
9987,2
9988,2
9989,2
9990,3
9991,0
9992,2
9993,3
9994,2
9995,2
9996,2
9997,2
9998,2
9999,2
10000,2
10001,2
10002,2
10003,2
10004,2
10005,2
10006,2
10007,2
10008,2
10009,2
10010,2
10011,2
10012,2
10013,2
10014,2
10015,2
10016,2
10017,0
10018,2
10019,2
10020,2
10021,2
10022,2
10023,2
10024,2
10025,2
10026,2
10027,2
10028,2
10029,2
10030,2
10031,2
10032,2
10033,2
10034,2
10035,2
10036,2
10037,2
10038,2
10039,2
10040,2
10041,2
10042,2
10043,2
10044,2
10045,2
10046,2
10047,2
10048,2
10049,2
10050,2
10051,2
10052,2
10053,2
10054,2
10055,2
10056,2
10057,2
10058,2
10059,2
10060,2
10061,2
10062,2
10063,2
10064,2
10065,2
10066,2
10067,2
10068,3
10069,2
10070,2
10071,2
10072,2
10073,2
10074,2
10075,2
10076,2
10077,2
10078,2
10079,3
10080,2
10081,2
10082,2
10083,3
10084,3
10085,2
10086,3
10087,3
10088,3
10089,3
10090,3
10091,3
10092,3
10093,3
10094,2
10095,3
10096,3
10097,3
10098,3
10099,4
10100,3
10101,2
10102,4
10103,3
10104,3
10105,3
10106,3
10107,3
10108,1
10109,3
10110,2
10111,2
10112,3
10113,4
10114,3
10115,2
10116,3
10117,3
10118,4
10119,3
10120,3
10121,3
10122,2
10123,3
10124,3
10125,3
10126,3
10127,3
10128,3
10129,3
10130,3
10131,3
10132,3
10133,3
10134,3
10135,4
10136,3
10137,3
10138,3
10139,3
10140,3
10141,3
10142,3
10143,4
10144,3
10145,3
10146,3
10147,3
10148,3
10149,4
10150,3
10151,3
10152,3
10153,3
10154,3
10155,2
10156,2
10157,2
10158,2
10159,2
10160,2
10161,2
10162,2
10163,2
10164,2
10165,2
10166,2
10167,2
10168,2
10169,3
10170,2
10171,2
10172,2
10173,2
10174,2
10175,2
10176,2
10177,2
10178,2
10179,2
10180,2
10181,2
10182,2
10183,2
10184,2
10185,2
10186,2
10187,2
10188,2
10189,2
10190,2
10191,2
10192,2
10193,2
10194,2
10195,2
10196,2
10197,2
10198,2
10199,2
10200,2
10201,2
10202,2
10203,2
10204,2
10205,2
10206,2
10207,2
10208,2
10209,2
10210,2
10211,2
10212,2
10213,2
10214,2
10215,2
10216,2
10217,2
10218,2
10219,2
10220,2
10221,3
10222,3
10223,3
10224,3
10225,3
10226,2
10227,3
10228,3
10229,2
10230,2
10231,2
10232,2
10233,2
10234,2
10235,2
10236,2
10237,2
10238,2
10239,2
10240,2
10241,2
10242,2
10243,2
10244,2
10245,2
10246,2
10247,2
10248,2
10249,2
10250,2
10251,2
10252,2
10253,2
10254,2
10255,2
10256,2
10257,2
10258,2
10259,2
10260,2
10261,2
10262,2
10263,2
10264,2
10265,2
10266,2
10267,2
10268,2
10269,2
10270,2
10271,2
10272,2
10273,2
10274,2
10275,2
10276,2
10277,2
10278,2
10279,2
10280,2
10281,2
10282,2
10283,2
10284,2
10285,2
10286,2
10287,2
10288,2
10289,2
10290,2
10291,2
10292,2
10293,2
10294,2
10295,2
10296,2
10297,2
10298,2
10299,2
10300,1
10301,1
10302,2
10303,2
10304,2
10305,0
10306,2
10307,2
10308,2
10309,2
10310,2
10311,2
10312,2
10313,2
10314,2
10315,2
10316,2
10317,2
10318,2
10319,2
10320,2
10321,2
10322,2
10323,2
10324,2
10325,2
10326,2
10327,2
10328,2
10329,2
10330,4
10331,1
10332,1
10333,1
10334,1
10335,2
10336,3
10337,2
10338,2
10339,2
10340,2
10341,3
10342,2
10343,3
10344,3
10345,3
10346,2
10347,3
10348,2
10349,0
10350,1
10351,1
10352,2
10353,2
10354,2
10355,2
10356,2
10357,2
10358,2
10359,2
10360,2
10361,2
10362,2
10363,2
10364,2
10365,2
10366,3
10367,2
10368,2
10369,3
10370,0
10371,3
10372,3
10373,2
10374,2
10375,2
10376,2
10377,2
10378,2
10379,2
10380,2
10381,2
10382,2
10383,2
10384,2
10385,2
10386,2
10387,2
10388,3
10389,2
10390,0
10391,2
10392,2
10393,2
10394,2
10395,2
10396,2
10397,2
10398,2
10399,2
10400,2
10401,2
10402,2
10403,2
10404,2
10405,2
10406,2
10407,2
10408,2
10409,3
10410,2
10411,2
10412,2
10413,2
10414,2
10415,2
10416,2
10417,1
10418,2
10419,2
10420,2
10421,2
10422,2
10423,2
10424,2
10425,2
10426,2
10427,2
10428,2
10429,2
10430,2
10431,2
10432,2
10433,2
10434,2
10435,2
10436,2
10437,2
10438,2
10439,2
10440,2
10441,2
10442,2
10443,2
10444,2
10445,2
10446,2
10447,2
10448,2
10449,2
10450,2
10451,2
10452,2
10453,2
10454,2
10455,2
10456,2
10457,2
10458,2
10459,2
10460,2
10461,2
10462,2
10463,2
10464,2
10465,2
10466,2
10467,2
10468,2
10469,2
10470,2
10471,2
10472,2
10473,2
10474,2
10475,2
10476,2
10477,2
10478,2
10479,2
10480,2
10481,2
10482,2
10483,2
10484,2
10485,2
10486,2
10487,2
10488,2
10489,2
10490,1
10491,2
10492,2
10493,2
10494,2
10495,2
10496,2
10497,2
10498,2
10499,2
10500,2
10501,2
10502,2
10503,2
10504,2
10505,2
10506,2
10507,2
10508,2
10509,2
10510,1
10511,1
10512,2
10513,2
10514,2
10515,2
10516,2
10517,2
10518,2
10519,2
10520,2
10521,2
10522,2
10523,2
10524,2
10525,2
10526,2
10527,2
10528,2
10529,2
10530,2
10531,2
10532,2
10533,2
10534,2
10535,2
10536,3
10537,2
10538,2
10539,2
10540,2
10541,2
10542,2
10543,3
10544,2
10545,3
10546,2
10547,2
10548,3
10549,2
10550,3
10551,3
10552,2
10553,2
10554,2
10555,2
10556,4
10557,2
10558,2
10559,2
10560,2
10561,3
10562,2
10563,2
10564,2
10565,2
10566,2
10567,2
10568,0
10569,1
10570,3
10571,3
10572,1
10573,2
10574,2
10575,2
10576,1
10577,2
10578,2
10579,3
10580,4
10581,4
10582,3
10583,0
10584,3
10585,4
10586,2
10587,2
10588,2
10589,2
10590,2
10591,2
10592,2
10593,2
10594,2
10595,2
10596,2
10597,2
10598,2
10599,2
10600,2
10601,2
10602,2
10603,2
10604,2
10605,2
10606,2
10607,2
10608,2
10609,2
10610,2
10611,2
10612,2
10613,2
10614,2
10615,2
10616,2
10617,2
10618,2
10619,2
10620,2
10621,2
10622,2
10623,2
10624,2
10625,2
10626,2
10627,2
10628,2
10629,2
10630,2
10631,2
10632,2
10633,2
10634,2
10635,2
10636,2
10637,2
10638,2
10639,2
10640,2
10641,2
10642,2
10643,2
10644,2
10645,2
10646,2
10647,2
10648,2
10649,1
10650,1
10651,2
10652,3
10653,2
10654,2
10655,2
10656,2
10657,2
10658,2
10659,2
10660,2
10661,2
10662,2
10663,2
10664,2
10665,1
10666,1
10667,1
10668,1
10669,2
10670,2
10671,2
10672,2
10673,2
10674,2
10675,2
10676,2
10677,2
10678,2
10679,2
10680,2
10681,2
10682,2
10683,2
10684,2
10685,2
10686,2
10687,2
10688,2
10689,2
10690,2
10691,2
10692,2
10693,2
10694,2
10695,2
10696,2
10697,2
10698,2
10699,2
10700,2
10701,2
10702,2
10703,2
10704,2
10705,2
10706,2
10707,2
10708,2
10709,2
10710,2
10711,2
10712,2
10713,2
10714,2
10715,2
10716,2
10717,2
10718,2
10719,2
10720,2
10721,2
10722,2
10723,2
10724,2
10725,2
10726,2
10727,2
10728,2
10729,2
10730,2
10731,2
10732,2
10733,2
10734,2
10735,2
10736,2
10737,2
10738,2
10739,2
10740,2
10741,2
10742,2
10743,2
10744,2
10745,2
10746,2
10747,2
10748,2
10749,2
10750,2
10751,2
10752,1
10753,2
10754,2
10755,2
10756,2
10757,2
10758,2
10759,2
10760,2
10761,2
10762,2
10763,2
10764,2
10765,2
10766,2
10767,2
10768,2
10769,2
10770,2
10771,2
10772,2
10773,2
10774,2
10775,2
10776,2
10777,2
10778,2
10779,2
10780,2
10781,2
10782,2
10783,2
10784,2
10785,2
10786,2
10787,2
10788,2
10789,2
10790,2
10791,2
10792,2
10793,2
10794,2
10795,2
10796,2
10797,2
10798,2
10799,2
10800,2
10801,2
10802,2
10803,2
10804,2
10805,2
10806,2
10807,2
10808,2
10809,2
10810,0
10811,1
10812,2
10813,2
10814,2
10815,2
10816,2
10817,3
10818,3
10819,3
10820,3
10821,2
10822,2
10823,2
10824,2
10825,2
10826,2
10827,2
10828,2
10829,2
10830,2
10831,2
10832,2
10833,2
10834,2
10835,2
10836,2
10837,2
10838,2
10839,2
10840,2
10841,2
10842,2
10843,2
10844,2
10845,2
10846,2
10847,2
10848,2
10849,2
10850,2
10851,2
10852,2
10853,3
10854,2
10855,2
10856,2
10857,2
10858,2
10859,2
10860,3
10861,2
10862,2
10863,2
10864,2
10865,2
10866,2
10867,2
10868,2
10869,2
10870,2
10871,2
10872,2
10873,2
10874,2
10875,2
10876,2
10877,2
10878,2
10879,2
10880,2
10881,2
10882,2
10883,2
10884,2
10885,2
10886,2
10887,2
10888,2
10889,2
10890,2
10891,2
10892,2
10893,2
10894,2
10895,2
10896,2
10897,2
10898,3
10899,1
10900,2
10901,2
10902,2
10903,2
10904,2
10905,3
10906,2
10907,2
10908,2
10909,1
10910,2
10911,2
10912,2
10913,2
10914,2
10915,2
10916,2
10917,2
10918,2
10919,2
10920,3
10921,2
10922,2
10923,2
10924,2
10925,2
10926,2
10927,2
10928,2
10929,2
10930,2
10931,2
10932,2
10933,2
10934,2
10935,2
10936,2
10937,2
10938,2
10939,0
10940,2
10941,2
10942,2
10943,2
10944,2
10945,2
10946,2
10947,2
10948,2
10949,3
10950,2
10951,2
10952,2
10953,2
10954,2
10955,2
10956,3
10957,2
10958,2
10959,2
10960,0
10961,2
10962,1
10963,2
10964,0
10965,0
10966,0
10967,2
10968,2
10969,2
10970,2
10971,2
10972,2
10973,2
10974,2
10975,2
10976,2
10977,2
10978,2
10979,2
10980,2
10981,2
10982,2
10983,2
10984,2
10985,2
10986,2
10987,2
10988,2
10989,2
10990,2
10991,2
10992,2
10993,2
10994,2
10995,2
10996,2
10997,2
10998,2
10999,2
11000,2
11001,2
11002,2
11003,2
11004,2
11005,2
11006,2
11007,2
11008,2
11009,2
11010,2
11011,2
11012,2
11013,2
11014,2
11015,2
11016,1
11017,3
11018,2
11019,2
11020,2
11021,2
11022,2
11023,2
11024,2
11025,2
11026,2
11027,2
11028,2
11029,2
11030,2
11031,2
11032,2
11033,2
11034,2
11035,2
11036,2
11037,2
11038,2
11039,2
11040,2
11041,2
11042,2
11043,2
11044,2
11045,2
11046,2
11047,2
11048,2
11049,2
11050,2
11051,2
11052,2
11053,2
11054,2
11055,2
11056,2
11057,2
11058,2
11059,2
11060,2
11061,2
11062,2
11063,2
11064,2
11065,2
11066,2
11067,3
11068,2
11069,2
11070,2
11071,2
11072,4
11073,2
11074,2
11075,3
11076,0
11077,0
11078,2
11079,3
11080,2
11081,2
11082,2
11083,3
11084,2
11085,2
11086,3
11087,2
11088,2
11089,2
11090,0
11091,2
11092,3
11093,2
11094,2
11095,2
11096,2
11097,2
11098,2
11099,2
11100,2
11101,2
11102,2
11103,2
11104,2
11105,2
11106,3
11107,3
11108,4
11109,3
11110,3
11111,3
11112,3
11113,4
11114,3
11115,3
11116,3
11117,3
11118,3
11119,2
11120,2
11121,2
11122,2
11123,2
11124,2
11125,3
11126,1
11127,3
11128,2
11129,2
11130,2
11131,2
11132,2
11133,1
11134,4
11135,3
11136,3
11137,2
11138,2
11139,1
11140,0
11141,0
11142,3
11143,2
11144,2
11145,4
11146,2
11147,4
11148,3
11149,4
11150,4
11151,4
11152,4
11153,4
11154,2
11155,3
11156,1
11157,2
11158,2
11159,1
11160,2
11161,2
11162,2
11163,2
11164,2
11165,2
11166,2
11167,2
11168,2
11169,2
11170,2
11171,2
11172,2
11173,2
11174,2
11175,2
11176,2
11177,2
11178,2
11179,2
11180,2
11181,2
11182,2
11183,2
11184,2
11185,2
11186,2
11187,2
11188,2
11189,2
11190,2
11191,2
11192,2
11193,2
11194,2
11195,2
11196,2
11197,2
11198,2
11199,2
11200,2
11201,2
11202,2
11203,2
11204,2
11205,2
11206,2
11207,2
11208,2
11209,2
11210,2
11211,2
11212,2
11213,2
11214,2
11215,2
11216,2
11217,2
11218,2
11219,2
11220,2
11221,2
11222,2
11223,2
11224,0
11225,2
11226,2
11227,2
11228,2
11229,2
11230,2
11231,2
11232,2
11233,2
11234,2
11235,2
11236,2
11237,2
11238,2
11239,2
11240,2
11241,0
11242,3
11243,2
11244,0
11245,2
11246,2
11247,3
11248,2
11249,3
11250,2
11251,2
11252,2
11253,0
11254,2
11255,2
11256,0
11257,3
11258,2
11259,2
11260,2
11261,2
11262,2
11263,1
11264,3
11265,0
11266,1
11267,2
11268,3
11269,3
11270,4
11271,4
11272,3
11273,3
11274,2
11275,3
11276,2
11277,2
11278,4
11279,1
11280,2
11281,3
11282,2
11283,0
11284,2
11285,2
11286,2
11287,4
11288,4
11289,4
11290,2
11291,2
11292,4
11293,2
11294,2
11295,2
11296,2
11297,2
11298,3
11299,1
11300,1
11301,1
11302,2
11303,2
11304,1
11305,1
11306,2
11307,2
11308,2
11309,2
11310,2
11311,2
11312,0
11313,2
11314,0
11315,3
11316,2
11317,2
11318,2
11319,0
11320,2
11321,2
11322,0
11323,2
11324,2
11325,2
11326,2
11327,2
11328,1
11329,2
11330,2
11331,1
11332,2
11333,2
11334,2
11335,2
11336,3
11337,2
11338,2
11339,2
11340,2
11341,2
11342,2
11343,2
11344,2
11345,2
11346,2
11347,2
11348,2
11349,2
11350,2
11351,3
11352,1
11353,1
11354,2
11355,2
11356,2
11357,2
11358,1
11359,2
11360,0
11361,2
11362,2
11363,0
11364,2
11365,2
11366,2
11367,2
11368,3
11369,2
11370,2
11371,2
11372,3
11373,2
11374,2
11375,2
11376,2
11377,3
11378,2
11379,2
11380,2
11381,2
11382,2
11383,1
11384,2
11385,2
11386,0
11387,1
11388,2
11389,2
11390,2
11391,2
11392,2
11393,3
11394,2
11395,2
11396,1
11397,1
11398,2
11399,1
11400,3
11401,3
11402,1
11403,2
11404,1
11405,1
11406,2
11407,3
11408,1
11409,1
11410,2
11411,2
11412,0
11413,2
11414,2
11415,3
11416,2
11417,2
11418,2
11419,2
11420,2
11421,2
11422,2
11423,2
11424,2
11425,2
11426,2
11427,0
11428,0
11429,2
11430,0
11431,2
11432,3
11433,0
11434,2
11435,2
11436,2
11437,3
11438,1
11439,3
11440,3
11441,2
11442,2
11443,3
11444,2
11445,2
11446,4
11447,1
11448,2
11449,1
11450,2
11451,2
11452,2
11453,2
11454,2
11455,2
11456,2
11457,2
11458,2
11459,2
11460,2
11461,2
11462,2
11463,2
11464,2
11465,2
11466,2
11467,2
11468,2
11469,2
11470,2
11471,2
11472,2
11473,2
11474,2
11475,2
11476,2
11477,2
11478,2
11479,2
11480,2
11481,2
11482,2
11483,2
11484,2
11485,2
11486,0
11487,3
11488,2
11489,3
11490,2
11491,2
11492,3
11493,2
11494,3
11495,0
11496,0
11497,3
11498,1
11499,2
11500,2
11501,1
11502,3
11503,2
11504,2
11505,3
11506,2
11507,0
11508,3
11509,2
11510,2
11511,2
11512,2
11513,3
11514,2
11515,3
11516,2
11517,3
11518,2
11519,2
11520,3
11521,3
11522,3
11523,2
11524,2
11525,2
11526,2
11527,2
11528,2
11529,2
11530,1
11531,1
11532,2
11533,1
11534,2
11535,3
11536,2
11537,1
11538,2
11539,1
11540,1
11541,1
11542,2
11543,2
11544,2
11545,2
11546,3
11547,2
11548,2
11549,2
11550,3
11551,2
11552,3
11553,2
11554,2
11555,2
11556,2
11557,2
11558,3
11559,0
11560,2
11561,2
11562,2
11563,2
11564,3
11565,2
11566,2
11567,2
11568,2
11569,2
11570,2
11571,2
11572,2
11573,2
11574,2
11575,2
11576,2
11577,2
11578,2
11579,2
11580,2
11581,2
11582,2
11583,2
11584,2
11585,2
11586,2
11587,2
11588,2
11589,2
11590,2
11591,2
11592,2
11593,2
11594,2
11595,2
11596,2
11597,2
11598,2
11599,2
11600,2
11601,2
11602,2
11603,3
11604,2
11605,2
11606,2
11607,2
11608,2
11609,2
11610,2
11611,2
11612,2
11613,1
11614,2
11615,0
11616,2
11617,2
11618,3
11619,2
11620,0
11621,2
11622,3
11623,3
11624,3
11625,3
11626,3
11627,2
11628,3
11629,2
11630,2
11631,0
11632,3
11633,3
11634,3
11635,0
11636,2
11637,2
11638,2
11639,3
11640,2
11641,2
11642,0
11643,0
11644,0
11645,0
11646,2
11647,2
11648,2
11649,2
11650,1
11651,2
11652,2
11653,2
11654,2
11655,2
11656,2
11657,2
11658,2
11659,2
11660,2
11661,2
11662,2
11663,2
11664,2
11665,2
11666,1
11667,2
11668,2
11669,2
11670,2
11671,2
11672,2
11673,2
11674,2
11675,2
11676,2
11677,2
11678,2
11679,2
11680,2
11681,2
11682,2
11683,2
11684,2
11685,2
11686,2
11687,2
11688,2
11689,2
11690,2
11691,2
11692,0
11693,2
11694,3
11695,2
11696,2
11697,2
11698,2
11699,2
11700,2
11701,2
11702,2
11703,2
11704,2
11705,2
11706,2
11707,2
11708,2
11709,2
11710,2
11711,2
11712,2
11713,2
11714,2
11715,2
11716,2
11717,2
11718,2
11719,2
11720,2
11721,2
11722,2
11723,3
11724,3
11725,2
11726,2
11727,2
11728,2
11729,2
11730,2
11731,3
11732,2
11733,3
11734,2
11735,3
11736,3
11737,1
11738,3
11739,3
11740,2
11741,3
11742,0
11743,0
11744,4
11745,0
11746,2
11747,3
11748,3
11749,2
11750,3
11751,2
11752,2
11753,2
11754,2
11755,2
11756,3
11757,1
11758,2
11759,2
11760,2
11761,2
11762,1
11763,2
11764,2
11765,3
11766,2
11767,2
11768,3
11769,1
11770,2
11771,1
11772,2
11773,2
11774,2
11775,2
11776,2
11777,2
11778,2
11779,2
11780,2
11781,2
11782,2
11783,1
11784,0
11785,1
11786,1
11787,1
11788,0
11789,1
11790,1
11791,1
11792,2
11793,2
11794,2
11795,3
11796,2
11797,2
11798,2
11799,2
11800,2
11801,2
11802,2
11803,3
11804,3
11805,3
11806,1
11807,3
11808,2
11809,2
11810,2
11811,2
11812,2
11813,0
11814,0
11815,0
11816,2
11817,2
11818,2
11819,2
11820,0
11821,0
11822,0
11823,0
11824,3
11825,3
11826,2
11827,3
11828,3
11829,0
11830,0
11831,3
11832,0
11833,3
11834,3
11835,3
11836,3
11837,2
11838,3
11839,3
11840,2
11841,2
11842,3
11843,2
11844,0
11845,2
11846,2
11847,3
11848,3
11849,2
11850,1
11851,0
11852,3
11853,3
11854,3
11855,3
11856,1
11857,3
11858,3
11859,3
11860,3
11861,2
11862,2
11863,3
11864,1
11865,1
11866,1
11867,1
11868,3
11869,1
11870,2
11871,2
11872,3
11873,2
11874,2
11875,2
11876,3
11877,2
11878,2
11879,3
11880,2
11881,3
11882,3
11883,0
11884,2
11885,3
11886,3
11887,2
11888,2
11889,2
11890,2
11891,2
11892,2
11893,2
11894,0
11895,0
11896,0
11897,2
11898,3
11899,2
11900,2
11901,2
11902,2
11903,3
11904,3
11905,3
11906,0
11907,2
11908,0
11909,0
11910,0
11911,1
11912,0
11913,0
11914,2
11915,0
11916,0
11917,0
11918,2
11919,0
11920,2
11921,0
11922,1
11923,3
11924,1
11925,1
11926,1
11927,1
11928,1
11929,3
11930,1
11931,1
11932,1
11933,1
11934,2
11935,2
11936,1
11937,1
11938,1
11939,3
11940,3
11941,3
11942,2
11943,2
11944,3
11945,2
11946,2
11947,3
11948,1
11949,3
11950,0
11951,1
11952,1
11953,1
11954,2
11955,2
11956,2
11957,2
11958,2
11959,2
11960,2
11961,2
11962,3
11963,2
11964,2
11965,2
11966,3
11967,2
11968,2
11969,2
11970,2
11971,2
11972,2
11973,2
11974,2
11975,3
11976,3
11977,2
11978,1
11979,3
11980,0
11981,0
11982,3
11983,3
11984,2
11985,2
11986,2
11987,2
11988,2
11989,2
11990,2
11991,2
11992,2
11993,2
11994,2
11995,2
11996,2
11997,2
11998,2
11999,2
12000,2
12001,2
12002,2
12003,1
12004,2
12005,3
12006,3
12007,3
12008,2
12009,0
12010,2
12011,3
12012,3
12013,2
12014,2
12015,2
12016,3
12017,3
12018,1
12019,3
12020,3
12021,1
12022,3
12023,1
12024,2
12025,3
12026,2
12027,2
12028,1
12029,1
12030,1
12031,1
12032,1
12033,1
12034,1
12035,1
12036,1
12037,1
12038,3
12039,3
12040,3
12041,3
12042,2
12043,0
12044,2
12045,1
12046,1
12047,1
12048,1
12049,3
12050,3
12051,3
12052,3
12053,3
12054,3
12055,3
12056,3
12057,1
12058,1
12059,1
12060,0
12061,3
12062,0
12063,3
12064,0
12065,1
12066,3
12067,0
12068,0
12069,3
12070,3
12071,0
12072,0
12073,3
12074,0
12075,2
12076,3
12077,0
12078,0
12079,2
12080,0
12081,3
12082,0
12083,3
12084,3
12085,2
12086,3
12087,3
12088,0
12089,1
12090,0
12091,0
12092,0
12093,0
12094,0
12095,1
12096,1
12097,0
12098,0
12099,3
12100,3
12101,3
12102,0
12103,0
12104,1
12105,0
12106,0
12107,1
12108,1
12109,3
12110,3
12111,2
12112,4
12113,3
12114,0
12115,1
12116,1
12117,1
12118,3
12119,3
12120,2
12121,3
12122,2
12123,0
12124,0
12125,1
12126,2
12127,2
12128,1
12129,2
12130,2
12131,2
12132,2
12133,2
12134,2
12135,2
12136,2
12137,2
12138,2
12139,2
12140,2
12141,2
12142,2
12143,2
12144,1
12145,1
12146,3
12147,3
12148,2
12149,2
12150,1
12151,2
12152,2
12153,3
12154,2
12155,0
12156,1
12157,1
12158,3
12159,2
12160,0
12161,3
12162,3
12163,3
12164,3
12165,3
12166,3
12167,3
12168,2
12169,1
12170,0
12171,3
12172,2
12173,3
12174,3
12175,2
12176,2
12177,2
12178,2
12179,3
12180,2
12181,2
12182,2
12183,2
12184,2
12185,2
12186,2
12187,3
12188,1
12189,1
12190,2
12191,3
12192,1
12193,1
12194,3
12195,2
12196,3
12197,2
12198,2
12199,3
12200,3
12201,2
12202,3
12203,3
12204,1
12205,2
12206,3
12207,2
12208,3
12209,2
12210,2
12211,0
12212,3
12213,2
12214,3
12215,3
12216,3
12217,3
12218,3
12219,3
12220,3
12221,3
12222,3
12223,2
12224,3
12225,3
12226,2
12227,2
12228,2
12229,3
12230,2
12231,2
12232,3
12233,1
12234,1
12235,1
12236,1
12237,1
12238,1
12239,0
12240,0
12241,0
12242,0
12243,0
12244,1
12245,0
12246,0
12247,0
12248,3
12249,3
12250,1
12251,3
12252,1
12253,3
12254,3
12255,2
12256,2
12257,2
12258,2
12259,3
12260,0
12261,0
12262,0
12263,0
12264,0
12265,3
12266,3
12267,3
12268,3
12269,3
12270,0
12271,0
12272,2
12273,0
12274,2
12275,2
12276,2
12277,0
12278,3
12279,0
12280,2
12281,0
12282,0
12283,3
12284,2
12285,2
12286,0
12287,0
12288,2
12289,0
12290,0
12291,0
12292,3
12293,3
12294,0
12295,0
12296,1
12297,0
12298,1
12299,0
12300,1
12301,1
12302,1
12303,3
12304,0
12305,0
12306,0
12307,3
12308,0
12309,1
12310,1
12311,0
12312,2
12313,2
12314,0
12315,2
12316,2
12317,0
12318,2
12319,3
12320,2
12321,2
12322,0
12323,0
12324,0
12325,0
12326,0
12327,1
12328,1
12329,0
12330,1
12331,1
12332,1
12333,1
12334,3
12335,3
12336,3
12337,3
12338,1
12339,2
12340,3
12341,1
12342,1
12343,1
12344,1
12345,1
12346,3
12347,3
12348,0
12349,1
12350,2
12351,3
12352,3
12353,3
12354,3
12355,1
12356,3
12357,0
12358,1
12359,3
12360,3
12361,3
12362,1
12363,1
12364,1
12365,1
12366,1
12367,1
12368,1
12369,0
12370,0
12371,1
12372,1
12373,0
12374,3
12375,0
12376,1
12377,3
12378,1
12379,0
12380,0
12381,3
12382,0
12383,1
12384,1
12385,0
12386,0
12387,3
12388,2
12389,5
12390,3
12391,3
12392,3
12393,0
12394,0
12395,0
12396,0
12397,3
12398,0
12399,0
12400,0
12401,0
12402,3
12403,3
12404,3
12405,3
12406,3
12407,3
12408,3
12409,0
12410,2
12411,3
12412,0
12413,3
12414,1
12415,3
12416,1
12417,0
12418,3
12419,0
12420,0
12421,3
12422,0
12423,0
12424,0
12425,2
12426,0
12427,0
12428,0
12429,0
12430,0
12431,0
12432,0
12433,0
12434,3
12435,0
12436,0
12437,0
12438,0
12439,0
12440,0
12441,3
12442,2
12443,0
12444,0
12445,0
12446,0
12447,0
12448,0
12449,0
12450,3
12451,0
12452,0
12453,0
12454,0
12455,0
12456,3
12457,3
12458,3
12459,2
12460,3
12461,0
12462,3
12463,3
12464,0
12465,2
12466,3
12467,0
12468,0
12469,0
12470,0
12471,0
12472,0
12473,0
12474,0
12475,0
12476,0
12477,3
12478,3
12479,1
12480,0
12481,0
12482,0
12483,2
12484,0
12485,2
12486,2
12487,2
12488,2
12489,0
12490,0
12491,2
12492,2
12493,0
12494,0
12495,3
12496,0
12497,3
12498,0
12499,3
12500,0
12501,3
12502,0
12503,0
12504,2
12505,0
12506,3
12507,0
12508,0
12509,3
12510,3
12511,3
12512,1
12513,1
12514,2
12515,3
12516,1
12517,3
12518,3
12519,3
12520,2
12521,3
12522,2
12523,2
12524,3
12525,2
12526,2
12527,2
12528,2
12529,2
12530,2
12531,2
12532,3
12533,0
12534,3
12535,2
12536,2
12537,1
12538,3
12539,3
12540,3
12541,3
12542,3
12543,3
12544,2
12545,2
12546,3
12547,2
12548,2
12549,3
12550,3
12551,2
12552,2
12553,3
12554,2
12555,3
12556,3
12557,3
12558,3
12559,3
12560,3
12561,2
12562,2
12563,3
12564,2
12565,3
12566,2
12567,2
12568,2
12569,3
12570,2
12571,2
12572,0
12573,2
12574,2
12575,2
12576,0
12577,0
12578,2
12579,0
12580,2
12581,2
12582,2
12583,2
12584,1
12585,2
12586,2
12587,2
12588,1
12589,1
12590,2
12591,2
12592,3
12593,2
12594,1
12595,2
12596,2
12597,2
12598,2
12599,3
12600,3
12601,3
12602,3
12603,2
12604,0
12605,1
12606,2
12607,3
12608,0
12609,2
12610,2
12611,2
12612,2
12613,2
12614,2
12615,2
12616,2
12617,2
12618,2
12619,2
12620,3
12621,2
12622,2
12623,0
12624,2
12625,2
12626,3
12627,2
12628,2
12629,2
12630,2
12631,2
12632,3
12633,0
12634,3
12635,0
12636,3
12637,0
12638,2
12639,0
12640,0
12641,2
12642,3
12643,2
12644,2
12645,3
12646,3
12647,2
12648,0
12649,2
12650,2
12651,2
12652,2
12653,2
12654,2
12655,2
12656,2
12657,2
12658,2
12659,2
12660,2
12661,2
12662,2
12663,2
12664,2
12665,2
12666,2
12667,2
12668,2
12669,2
12670,2
12671,2
12672,2
12673,2
12674,2
12675,2
12676,2
12677,2
12678,2
12679,2
12680,2
12681,2
12682,3
12683,3
12684,0
12685,2
12686,0
12687,2
12688,2
12689,2
12690,1
12691,3
12692,2
12693,2
12694,2
12695,2
12696,2
12697,2
12698,2
12699,3
12700,2
12701,2
12702,2
12703,2
12704,2
12705,2
12706,2
12707,2
12708,2
12709,2
12710,3
12711,2
12712,2
12713,2
12714,3
12715,2
12716,2
12717,2
12718,3
12719,2
12720,2
12721,2
12722,2
12723,2
12724,2
12725,2
12726,2
12727,2
12728,2
12729,2
12730,2
12731,2
12732,2
12733,2
12734,2
12735,2
12736,2
12737,2
12738,2
12739,2
12740,2
12741,2
12742,2
12743,2
12744,2
12745,2
12746,2
12747,2
12748,2
12749,2
12750,2
12751,3
12752,2
12753,2
12754,2
12755,2
12756,2
12757,2
12758,2
12759,2
12760,2
12761,2
12762,2
12763,1
12764,3
12765,1
12766,2
12767,2
12768,2
12769,2
12770,2
12771,2
12772,2
12773,2
12774,2
12775,2
12776,2
12777,2
12778,2
12779,2
12780,2
12781,2
12782,2
12783,2
12784,2
12785,2
12786,2
12787,2
12788,2
12789,2
12790,2
12791,2
12792,2
12793,2
12794,2
12795,2
12796,2
12797,2
12798,2
12799,2
12800,2
12801,2
12802,2
12803,2
12804,2
12805,2
12806,3
12807,2
12808,2
12809,2
12810,2
12811,2
12812,2
12813,3
12814,3
12815,3
12816,0
12817,3
12818,2
12819,2
12820,2
12821,2
12822,2
12823,3
12824,2
12825,3
12826,3
12827,3
12828,3
12829,2
12830,2
12831,2
12832,2
12833,2
12834,2
12835,2
12836,2
12837,2
12838,2
12839,2
12840,2
12841,2
12842,2
12843,2
12844,2
12845,2
12846,0
12847,2
12848,2
12849,2
12850,0
12851,2
12852,2
12853,2
12854,2
12855,2
12856,2
12857,2
12858,2
12859,2
12860,2
12861,2
12862,2
12863,2
12864,2
12865,2
12866,2
12867,2
12868,2
12869,2
12870,2
12871,2
12872,2
12873,2
12874,2
12875,2
12876,2
12877,2
12878,2
12879,2
12880,2
12881,2
12882,2
12883,2
12884,2
12885,2
12886,2
12887,3
12888,2
12889,2
12890,2
12891,2
12892,2
12893,2
12894,3
12895,2
12896,2
12897,3
12898,2
12899,2
12900,2
12901,2
12902,2
12903,2
12904,2
12905,2
12906,2
12907,2
12908,2
12909,3
12910,2
12911,2
12912,2
12913,2
12914,2
12915,2
12916,2
12917,2
12918,3
12919,2
12920,2
12921,2
12922,3
12923,2
12924,2
12925,2
12926,3
12927,2
12928,2
12929,3
12930,2
12931,2
12932,2
12933,0
12934,2
12935,2
12936,0
12937,3
12938,2
12939,2
12940,2
12941,0
12942,2
12943,2
12944,2
12945,2
12946,2
12947,2
12948,2
12949,2
12950,2
12951,2
12952,2
12953,2
12954,2
12955,0
12956,2
12957,2
12958,0
12959,2
12960,2
12961,2
12962,2
12963,2
12964,2
12965,2
12966,2
12967,1
12968,2
12969,2
12970,2
12971,2
12972,2
12973,2
12974,2
12975,2
12976,2
12977,1
12978,2
12979,2
12980,2
12981,2
12982,2
12983,2
12984,2
12985,2
12986,3
12987,3
12988,3
12989,2
12990,2
12991,2
12992,2
12993,2
12994,2
12995,3
12996,2
12997,2
12998,2
12999,2
13000,2
13001,3
13002,3
13003,3
13004,3
13005,2
13006,2
13007,1
13008,2
13009,2
13010,0
13011,2
13012,2
13013,2
13014,2
13015,2
13016,2
13017,2
13018,2
13019,0
13020,2
13021,2
13022,0
13023,0
13024,2
13025,2
13026,2
13027,2
13028,2
13029,2
13030,2
13031,2
13032,2
13033,2
13034,2
13035,2
13036,2
13037,2
13038,2
13039,2
13040,2
13041,2
13042,2
13043,2
13044,2
13045,2
13046,2
13047,2
13048,2
13049,3
13050,2
13051,2
13052,2
13053,2
13054,2
13055,2
13056,2
13057,2
13058,2
13059,2
13060,2
13061,2
13062,0
13063,0
13064,0
13065,2
13066,2
13067,0
13068,2
13069,3
13070,0
13071,0
13072,3
13073,0
13074,0
13075,0
13076,2
13077,3
13078,3
13079,0
13080,2
13081,2
13082,2
13083,2
13084,2
13085,0
13086,2
13087,2
13088,2
13089,2
13090,2
13091,2
13092,2
13093,2
13094,2
13095,2
13096,2
13097,2
13098,2
13099,2
13100,2
13101,0
13102,2
13103,2
13104,2
13105,2
13106,2
13107,2
13108,2
13109,2
13110,2
13111,2
13112,2
13113,2
13114,2
13115,2
13116,2
13117,2
13118,2
13119,2
13120,2
13121,0
13122,2
13123,2
13124,2
13125,2
13126,2
13127,2
13128,2
13129,2
13130,2
13131,2
13132,2
13133,3
13134,2
13135,2
13136,2
13137,2
13138,2
13139,2
13140,2
13141,0
13142,2
13143,2
13144,3
13145,2
13146,2
13147,2
13148,2
13149,2
13150,2
13151,2
13152,2
13153,2
13154,2
13155,2
13156,2
13157,2
13158,2
13159,2
13160,2
13161,2
13162,2
13163,2
13164,2
13165,2
13166,2
13167,2
13168,2
13169,2
13170,2
13171,2
13172,2
13173,2
13174,2
13175,2
13176,2
13177,2
13178,2
13179,2
13180,2
13181,2
13182,2
13183,3
13184,2
13185,2
13186,2
13187,2
13188,2
13189,2
13190,2
13191,2
13192,2
13193,2
13194,2
13195,2
13196,2
13197,2
13198,2
13199,2
13200,2
13201,3
13202,2
13203,2
13204,2
13205,2
13206,2
13207,2
13208,2
13209,2
13210,0
13211,1
13212,1
13213,3
13214,2
13215,2
13216,2
13217,3
13218,3
13219,3
13220,3
13221,0
13222,2
13223,3
13224,3
13225,2
13226,2
13227,2
13228,2
13229,2
13230,2
13231,2
13232,2
13233,2
13234,2
13235,2
13236,2
13237,2
13238,2
13239,2
13240,2
13241,2
13242,2
13243,2
13244,2
13245,3
13246,2
13247,2
13248,2
13249,3
13250,2
13251,2
13252,2
13253,2
13254,3
13255,3
13256,1
13257,0
13258,1
13259,3
13260,2
13261,2
13262,2
13263,3
13264,2
13265,2
13266,3
13267,2
13268,3
13269,2
13270,3
13271,1
13272,2
13273,3
13274,3
13275,3
13276,3
13277,0
13278,2
13279,3
13280,2
13281,3
13282,3
13283,3
13284,1
13285,1
13286,3
13287,3
13288,1
13289,3
13290,1
13291,1
13292,3
13293,0
13294,1
13295,3
13296,3
13297,1
13298,3
13299,3
13300,3
13301,2
13302,3
13303,1
13304,2
13305,2
13306,2
13307,2
13308,2
13309,2
13310,2
13311,2
13312,2
13313,2
13314,2
13315,2
13316,2
13317,2
13318,2
13319,2
13320,2
13321,2
13322,2
13323,2
13324,2
13325,2
13326,2
13327,2
13328,2
13329,2
13330,2
13331,2
13332,2
13333,2
13334,2
13335,2
13336,2
13337,2
13338,2
13339,2
13340,2
13341,2
13342,2
13343,2
13344,2
13345,2
13346,2
13347,2
13348,2
13349,2
13350,2
13351,2
13352,2
13353,2
13354,2
13355,2
13356,2
13357,2
13358,2
13359,2
13360,2
13361,2
13362,2
13363,2
13364,2
13365,2
13366,2
13367,2
13368,2
13369,2
13370,2
13371,2
13372,2
13373,3
13374,3
13375,3
13376,0
13377,2
13378,3
13379,3
13380,3
13381,1
13382,3
13383,3
13384,0
13385,3
13386,3
13387,3
13388,3
13389,3
13390,0
13391,2
13392,2
13393,2
13394,2
13395,2
13396,2
13397,2
13398,2
13399,2
13400,2
13401,2
13402,2
13403,2
13404,2
13405,2
13406,2
13407,2
13408,2
13409,2
13410,2
13411,2
13412,2
13413,0
13414,3
13415,2
13416,2
13417,2
13418,2
13419,2
13420,2
13421,2
13422,2
13423,2
13424,2
13425,2
13426,2
13427,2
13428,2
13429,2
13430,2
13431,2
13432,2
13433,2
13434,2
13435,2
13436,2
13437,2
13438,2
13439,2
13440,2
13441,2
13442,2
13443,2
13444,2
13445,2
13446,2
13447,2
13448,2
13449,2
13450,2
13451,2
13452,2
13453,2
13454,2
13455,2
13456,2
13457,2
13458,2
13459,2
13460,2
13461,2
13462,2
13463,3
13464,2
13465,2
13466,2
13467,2
13468,2
13469,2
13470,0
13471,2
13472,2
13473,3
13474,2
13475,2
13476,2
13477,2
13478,2
13479,3
13480,2
13481,2
13482,2
13483,2
13484,2
13485,2
13486,2
13487,1
13488,2
13489,2
13490,2
13491,2
13492,2
13493,2
13494,2
13495,2
13496,2
13497,2
13498,2
13499,2
13500,2
13501,2
13502,2
13503,2
13504,2
13505,2
13506,3
13507,2
13508,2
13509,2
13510,2
13511,2
13512,2
13513,3
13514,2
13515,2
13516,2
13517,3
13518,2
13519,2
13520,2
13521,2
13522,2
13523,2
13524,0
13525,2
13526,2
13527,2
13528,2
13529,2
13530,2
13531,2
13532,0
13533,0
13534,0
13535,2
13536,2
13537,2
13538,2
13539,2
13540,2
13541,2
13542,2
13543,2
13544,2
13545,2
13546,2
13547,2
13548,2
13549,0
13550,0
13551,2
13552,0
13553,2
13554,2
13555,2
13556,2
13557,3
13558,3
13559,3
13560,3
13561,3
13562,3
13563,3
13564,2
13565,2
13566,3
13567,2
13568,2
13569,2
13570,2
13571,2
13572,2
13573,2
13574,2
13575,0
13576,2
13577,2
13578,2
13579,2
13580,2
13581,2
13582,2
13583,2
13584,2
13585,2
13586,2
13587,2
13588,2
13589,2
13590,2
13591,2
13592,2
13593,2
13594,2
13595,2
13596,2
13597,2
13598,2
13599,2
13600,2
13601,2
13602,2
13603,2
13604,2
13605,2
13606,2
13607,1
13608,3
13609,3
13610,3
13611,3
13612,2
13613,0
13614,3
13615,2
13616,3
13617,3
13618,1
13619,3
13620,4
13621,0
13622,1
13623,3
13624,3
13625,3
13626,0
13627,0
13628,2
13629,2
13630,0
13631,2
13632,0
13633,2
13634,0
13635,0
13636,0
13637,0
13638,0
13639,2
13640,2
13641,3
13642,2
13643,0
13644,0
13645,0
13646,2
13647,0
13648,0
13649,2
13650,0
13651,0
13652,0
13653,2
13654,2
13655,2
13656,2
13657,0
13658,3
13659,1
13660,1
13661,3
13662,1
13663,3
13664,1
13665,1
13666,1
13667,3
13668,3
13669,1
13670,2
13671,3
13672,3
13673,3
13674,3
13675,3
13676,3
13677,3
13678,3
13679,3
13680,3
13681,2
13682,3
13683,2
13684,3
13685,3
13686,3
13687,3
13688,3
13689,3
13690,3
13691,3
13692,2
13693,2
13694,2
13695,2
13696,3
13697,3
13698,3
13699,3
13700,3
13701,3
13702,3
13703,3
13704,3
13705,3
13706,3
13707,3
13708,3
13709,3
13710,3
13711,3
13712,3
13713,3
13714,4
13715,3
13716,3
13717,3
13718,3
13719,3
13720,3
13721,3
13722,3
13723,1
13724,1
13725,3
13726,3
13727,2
13728,3
13729,3
13730,0
13731,0
13732,2
13733,0
13734,3
13735,2
13736,2
13737,3
13738,3
13739,2
13740,0
13741,2
13742,0
13743,4
13744,3
13745,3
13746,3
13747,0
13748,2
13749,3
13750,3
13751,2
13752,3
13753,3
13754,3
13755,3
13756,3
13757,2
13758,2
13759,3
13760,2
13761,2
13762,3
13763,3
13764,3
13765,3
13766,4
13767,3
13768,1
13769,3
13770,2
13771,3
13772,2
13773,2
13774,2
13775,3
13776,2
13777,3
13778,3
13779,3
13780,3
13781,1
13782,3
13783,3
13784,1
13785,1
13786,1
13787,3
13788,3
13789,3
13790,2
13791,3
13792,1
13793,3
13794,3
13795,3
13796,1
13797,1
13798,1
13799,3
13800,3
13801,3
13802,3
13803,2
13804,2
13805,1
13806,3
13807,3
13808,1
13809,2
13810,2
13811,3
13812,3
13813,0
13814,3
13815,3
13816,2
13817,0
13818,3
13819,2
13820,2
13821,3
13822,3
13823,2
13824,3
13825,2
13826,3
13827,3
13828,0
13829,0
13830,2
13831,3
13832,3
13833,3
13834,0
13835,0
13836,3
13837,0
13838,0
13839,3
13840,3
13841,3
13842,3
13843,2
13844,3
13845,3
13846,3
13847,3
13848,3
13849,2
13850,3
13851,3
13852,3
13853,3
13854,3
13855,2
13856,0
13857,3
13858,3
13859,1
13860,0
13861,1
13862,1
13863,3
13864,0
13865,3
13866,2
13867,2
13868,2
13869,0
13870,2
13871,2
13872,1
13873,1
13874,3
13875,3
13876,2
13877,2
13878,2
13879,2
13880,2
13881,2
13882,2
13883,3
13884,2
13885,2
13886,3
13887,2
13888,2
13889,3
13890,2
13891,2
13892,2
13893,2
13894,2
13895,2
13896,3
13897,1
13898,2
13899,2
13900,2
13901,2
13902,3
13903,3
13904,2
13905,2
13906,2
13907,2
13908,2
13909,2
13910,2
13911,2
13912,2
13913,3
13914,2
13915,2
13916,2
13917,2
13918,2
13919,2
13920,2
13921,2
13922,2
13923,2
13924,2
13925,2
13926,3
13927,3
13928,3
13929,2
13930,3
13931,2
13932,2
13933,2
13934,2
13935,2
13936,2
13937,2
13938,2
13939,2
13940,3
13941,2
13942,3
13943,0
13944,2
13945,2
13946,0
13947,2
13948,2
13949,2
13950,2
13951,2
13952,2
13953,2
13954,2
13955,2
13956,2
13957,2
13958,2
13959,2
13960,2
13961,2
13962,2
13963,2
13964,2
13965,2
13966,2
13967,2
13968,3
13969,2
13970,2
13971,2
13972,2
13973,2
13974,2
13975,2
13976,3
13977,2
13978,2
13979,2
13980,2
13981,2
13982,2
13983,2
13984,2
13985,2
13986,2
13987,3
13988,2
13989,3
13990,2
13991,2
13992,2
13993,2
13994,2
13995,2
13996,2
13997,2
13998,2
13999,2
14000,2
14001,3
14002,2
14003,0
14004,2
14005,2
14006,3
14007,2
14008,0
14009,2
14010,3
14011,2
14012,0
14013,0
14014,0
14015,0
14016,2
14017,3
14018,0
14019,0
14020,0
14021,2
14022,2
14023,2
14024,2
14025,2
14026,2
14027,2
14028,2
14029,3
14030,2
14031,2
14032,2
14033,3
14034,2
14035,2
14036,2
14037,2
14038,2
14039,2
14040,3
14041,0
14042,2
14043,2
14044,2
14045,0
14046,2
14047,2
14048,3
14049,3
14050,2
14051,3
14052,0
14053,0
14054,3
14055,3
14056,2
14057,2
14058,3
14059,2
14060,0
14061,1
14062,3
14063,2
14064,3
14065,2
14066,2
14067,3
14068,0
14069,2
14070,2
14071,2
14072,2
14073,2
14074,3
14075,1
14076,3
14077,3
14078,3
14079,3
14080,2
14081,3
14082,3
14083,3
14084,0
14085,2
14086,2
14087,2
14088,2
14089,0
14090,3
14091,3
14092,1
14093,3
14094,3
14095,2
14096,3
14097,2
14098,2
14099,1
14100,0
14101,3
14102,3
14103,0
14104,1
14105,3
14106,1
14107,1
14108,0
14109,3
14110,1
14111,3
14112,1
14113,2
14114,2
14115,3
14116,1
14117,3
14118,3
14119,2
14120,3
14121,2
14122,3
14123,3
14124,3
14125,2
14126,2
14127,3
14128,2
14129,3
14130,3
14131,3
14132,3
14133,3
14134,2
14135,3
14136,3
14137,3
14138,2
14139,3
14140,2
14141,3
14142,2
14143,3
14144,2
14145,3
14146,3
14147,3
14148,0
14149,1
14150,3
14151,4
14152,3
14153,3
14154,4
14155,4
14156,1
14157,1
14158,1
14159,2
14160,2
14161,2
14162,0
14163,2
14164,2
14165,2
14166,2
14167,2
14168,2
14169,3
14170,4
14171,3
14172,3
14173,3
14174,2
14175,3
14176,3
14177,3
14178,2
14179,2
14180,0
14181,0
14182,2
14183,2
14184,2
14185,2
14186,2
14187,2
14188,2
14189,2
14190,0
14191,0
14192,2
14193,2
14194,2
14195,2
14196,0
14197,0
14198,0
14199,2
14200,2
14201,0
14202,0
14203,2
14204,0
14205,2
14206,3
14207,2
14208,3
14209,2
14210,0
14211,2
14212,2
14213,2
14214,2
14215,2
14216,2
14217,2
14218,2
14219,2
14220,2
14221,2
14222,0
14223,2
14224,2
14225,2
14226,0
14227,0
14228,0
14229,2
14230,0
14231,0
14232,0
14233,0
14234,2
14235,2
14236,0
14237,0
14238,0
14239,0
14240,2
14241,2
14242,2
14243,0
14244,2
14245,2
14246,2
14247,2
14248,2
14249,2
14250,2
14251,2
14252,2
14253,2
14254,2
14255,2
14256,2
14257,2
14258,2
14259,2
14260,2
14261,2
14262,2
14263,2
14264,2
14265,2
14266,2
14267,2
14268,2
14269,2
14270,2
14271,2
14272,2
14273,2
14274,2
14275,2
14276,2
14277,2
14278,2
14279,2
14280,0
14281,0
14282,2
14283,2
14284,0
14285,2
14286,0
14287,0
14288,3
14289,0
14290,0
14291,2
14292,0
14293,0
14294,1
14295,2
14296,2
14297,2
14298,2
14299,2
14300,2
14301,2
14302,2
14303,2
14304,1
14305,1
14306,0
14307,2
14308,0
14309,2
14310,2
14311,2
14312,2
14313,2
14314,2
14315,2
14316,2
14317,2
14318,2
14319,2
14320,2
14321,2
14322,2
14323,2
14324,2
14325,2
14326,2
14327,2
14328,2
14329,2
14330,2
14331,2
14332,2
14333,2
14334,2
14335,2
14336,2
14337,2
14338,2
14339,2
14340,2
14341,2
14342,2
14343,0
14344,3
14345,2
14346,2
14347,2
14348,0
14349,2
14350,2
14351,0
14352,1
14353,0
14354,0
14355,0
14356,0
14357,2
14358,2
14359,2
14360,0
14361,0
14362,1
14363,1
14364,0
14365,0
14366,0
14367,1
14368,0
14369,0
14370,1
14371,2
14372,2
14373,2
14374,2
14375,2
14376,2
14377,0
14378,2
14379,2
14380,3
14381,0
14382,2
14383,2
14384,2
14385,2
14386,2
14387,2
14388,2
14389,2
14390,0
14391,2
14392,2
14393,2
14394,2
14395,2
14396,2
14397,0
14398,2
14399,0
14400,2
14401,0
14402,2
14403,0
14404,2
14405,2
14406,2
14407,2
14408,2
14409,0
14410,0
14411,2
14412,0
14413,2
14414,2
14415,2
14416,2
14417,2
14418,2
14419,3
14420,0
14421,0
14422,2
14423,2
14424,2
14425,3
14426,3
14427,2
14428,2
14429,2
14430,2
14431,2
14432,2
14433,0
14434,0
14435,0
14436,0
14437,0
14438,0
14439,0
14440,2
14441,2
14442,2
14443,0
14444,2
14445,2
14446,2
14447,2
14448,2
14449,1
14450,0
14451,3
14452,0
14453,3
14454,0
14455,0
14456,0
14457,2
14458,0
14459,0
14460,0
14461,2
14462,2
14463,0
14464,2
14465,2
14466,2
14467,2
14468,0
14469,0
14470,2
14471,2
14472,2
14473,2
14474,2
14475,0
14476,2
14477,2
14478,2
14479,2
14480,2
14481,2
14482,0
14483,0
14484,0
14485,2
14486,2
14487,2
14488,2
14489,2
14490,2
14491,2
14492,2
14493,0
14494,0
14495,2
14496,2
14497,2
14498,2
14499,0
14500,2
14501,2
14502,2
14503,2
14504,2
14505,2
14506,0
14507,2
14508,2
14509,0
14510,0
14511,0
14512,0
14513,0
14514,2
14515,2
14516,0
14517,0
14518,0
14519,2
14520,0
14521,3
14522,0
14523,0
14524,0
14525,2
14526,0
14527,0
14528,1
14529,0
14530,0
14531,0
14532,2
14533,1
14534,0
14535,3
14536,0
14537,0
14538,2
14539,0
14540,2
14541,0
14542,2
14543,3
14544,0
14545,0
14546,2
14547,2
14548,0
14549,2
14550,0
14551,2
14552,2
14553,2
14554,0
14555,2
14556,0
14557,0
14558,0
14559,3
14560,0
14561,2
14562,0
14563,3
14564,2
14565,3
14566,3
14567,0
14568,1
14569,1
14570,3
14571,2
14572,2
14573,0
14574,2
14575,1
14576,1
14577,3
14578,2
14579,2
14580,2
14581,2
14582,2
14583,2
14584,2
14585,2
14586,2
14587,2
14588,0
14589,2
14590,3
14591,2
14592,2
14593,2
14594,2
14595,2
14596,2
14597,2
14598,0
14599,0
14600,0
14601,2
14602,2
14603,2
14604,2
14605,2
14606,2
14607,2
14608,2
14609,2
14610,1
14611,0
14612,2
14613,2
14614,0
14615,3
14616,0
14617,2
14618,2
14619,2
14620,2
14621,2
14622,2
14623,2
14624,2
14625,0
14626,2
14627,2
14628,2
14629,0
14630,2
14631,2
14632,2
14633,2
14634,2
14635,1
14636,0
14637,1
14638,1
14639,1
14640,0
14641,2
14642,1
14643,1
14644,1
14645,0
14646,0
14647,2
14648,2
14649,0
14650,0
14651,3
14652,3
14653,3
14654,1
14655,3
14656,0
14657,0
14658,2
14659,2
14660,1
14661,2
14662,1
14663,3
14664,3
14665,3
14666,1
14667,2
14668,1
14669,3
14670,3
14671,0
14672,3
14673,0
14674,3
14675,1
14676,0
14677,3
14678,3
14679,1
14680,2
14681,0
14682,2
14683,2
14684,2
14685,0
14686,0
14687,2
14688,2
14689,0
14690,0
14691,0
14692,0
14693,0
14694,1
14695,3
14696,0
14697,0
14698,2
14699,2
14700,2
14701,0
14702,0
14703,3
14704,0
14705,2
14706,2
14707,2
14708,0
14709,2
14710,2
14711,2
14712,0
14713,2
14714,2
14715,0
14716,0
14717,2
14718,2
14719,2
14720,2
14721,2
14722,0
14723,0
14724,0
14725,2
14726,2
14727,2
14728,0
14729,2
14730,0
14731,2
14732,0
14733,0
14734,2
14735,2
14736,0
14737,2
14738,2
14739,0
14740,0
14741,1
14742,0
14743,2
14744,2
14745,2
14746,2
14747,2
14748,0
14749,0
14750,2
14751,0
14752,2
14753,2
14754,0
14755,0
14756,2
14757,2
14758,2
14759,3
14760,3
14761,2
14762,2
14763,2
14764,0
14765,3
14766,0
14767,2
14768,0
14769,0
14770,2
14771,2
14772,3
14773,0
14774,0
14775,2
14776,0
14777,2
14778,2
14779,0
14780,0
14781,0
14782,2
14783,2
14784,2
14785,2
14786,2
14787,0
14788,3
14789,0
14790,1
14791,1
14792,0
14793,1
14794,1
14795,1
14796,0
14797,1
14798,1
14799,1
14800,1
14801,1
14802,1
14803,2
14804,1
14805,1
14806,3
14807,3
14808,1
14809,0
14810,2
14811,2
14812,3
14813,0
14814,0
14815,0
14816,0
14817,0
14818,0
14819,2
14820,1
14821,1
14822,0
14823,0
14824,1
14825,1
14826,1
14827,1
14828,0
14829,2
14830,2
14831,2
14832,2
14833,0
14834,2
14835,2
14836,0
14837,2
14838,2
14839,2
14840,2
14841,0
14842,0
14843,2
14844,2
14845,0
14846,0
14847,0
14848,0
14849,0
14850,2
14851,2
14852,2
14853,2
14854,2
14855,2
14856,2
14857,2
14858,2
14859,2
14860,2
14861,2
14862,0
14863,0
14864,2
14865,3
14866,2
14867,0
14868,2
14869,2
14870,2
14871,0
14872,0
14873,3
14874,2
14875,0
14876,2
14877,3
14878,2
14879,2
14880,2
14881,2
14882,2
14883,0
14884,0
14885,2
14886,0
14887,2
14888,2
14889,0
14890,0
14891,2
14892,0
14893,2
14894,2
14895,2
14896,2
14897,2
14898,0
14899,0
14900,3
14901,0
14902,0
14903,0
14904,2
14905,0
14906,0
14907,2
14908,0
14909,2
14910,3
14911,2
14912,0
14913,0
14914,3
14915,0
14916,1
14917,2
14918,0
14919,2
14920,0
14921,0
14922,0
14923,2
14924,0
14925,2
14926,0
14927,0
14928,2
14929,0
14930,0
14931,2
14932,0
14933,2
14934,2
14935,0
14936,2
14937,2
14938,1
14939,2
14940,2
14941,2
14942,2
14943,2
14944,2
14945,2
14946,0
14947,0
14948,0
14949,0
14950,2
14951,0
14952,2
14953,2
14954,0
14955,2
14956,2
14957,2
14958,2
14959,2
14960,2
14961,2
14962,2
14963,2
14964,2
14965,2
14966,2
14967,2
14968,2
14969,2
14970,2
14971,2
14972,2
14973,2
14974,2
14975,0
14976,2
14977,2
14978,2
14979,2
14980,2
14981,2
14982,2
14983,2
14984,2
14985,2
14986,0
14987,2
14988,0
14989,2
14990,2
14991,0
14992,2
14993,2
14994,2
14995,2
14996,3
14997,2
14998,2
14999,2
15000,2
15001,2
15002,2
15003,2
15004,2
15005,2
15006,2
15007,2
15008,2
15009,2
15010,2
15011,2
15012,2
15013,0
15014,2
15015,3
15016,2
15017,2
15018,2
15019,2
15020,2
15021,2
15022,2
15023,2
15024,0
15025,0
15026,2
15027,2
15028,2
15029,2
15030,0
15031,2
15032,2
15033,2
15034,2
15035,2
15036,0
15037,0
15038,0
15039,0
15040,2
15041,0
15042,0
15043,3
15044,0
15045,0
15046,3
15047,2
15048,0
15049,2
15050,2
15051,2
15052,2
15053,1
15054,0
15055,3
15056,2
15057,2
15058,0
15059,2
15060,2
15061,2
15062,2
15063,2
15064,2
15065,2
15066,2
15067,2
15068,2
15069,2
15070,0
15071,2
15072,0
15073,0
15074,2
15075,3
15076,2
15077,2
15078,2
15079,0
15080,2
15081,3
15082,0
15083,3
15084,2
15085,3
15086,0
15087,0
15088,1
15089,2
15090,0
15091,0
15092,1
15093,0
15094,3
15095,3
15096,1
15097,0
15098,0
15099,2
15100,2
15101,0
15102,2
15103,2
15104,3
15105,2
15106,0
15107,2
15108,2
15109,2
15110,2
15111,0
15112,0
15113,0
15114,2
15115,2
15116,2
15117,3
15118,0
15119,0
15120,3
15121,2
15122,0
15123,0
15124,3
15125,3
15126,0
15127,0
15128,1
15129,3
15130,1
15131,3
15132,2
15133,2
15134,2
15135,2
15136,2
15137,2
15138,2
15139,2
15140,2
15141,2
15142,2
15143,0
15144,2
15145,2
15146,3
15147,2
15148,2
15149,3
15150,2
15151,2
15152,2
15153,2
15154,2
15155,2
15156,2
15157,2
15158,0
15159,2
15160,2
15161,0
15162,0
15163,0
15164,2
15165,0
15166,2
15167,2
15168,2
15169,2
15170,2
15171,2
15172,2
15173,2
15174,2
15175,2
15176,2
15177,2
15178,2
15179,0
15180,2
15181,2
15182,0
15183,2
15184,2
15185,0
15186,0
15187,0
15188,0
15189,2
15190,2
15191,2
15192,0
15193,2
15194,2
15195,2
15196,2
15197,0
15198,2
15199,2
15200,0
15201,2
15202,0
15203,2
15204,0
15205,0
15206,2
15207,2
15208,2
15209,2
15210,0
15211,3
15212,2
15213,2
15214,2
15215,2
15216,2
15217,0
15218,0
15219,2
15220,0
15221,2
15222,0
15223,0
15224,2
15225,0
15226,0
15227,0
15228,2
15229,2
15230,2
15231,2
15232,2
15233,2
15234,0
15235,3
15236,2
15237,2
15238,2
15239,2
15240,0
15241,2
15242,2
15243,2
15244,2
15245,2
15246,2
15247,3
15248,2
15249,2
15250,0
15251,2
15252,2
15253,2
15254,2
15255,0
15256,2
15257,0
15258,2
15259,2
15260,0
15261,2
15262,0
15263,2
15264,0
15265,0
15266,0
15267,0
15268,2
15269,2
15270,2
15271,0
15272,0
15273,0
15274,2
15275,3
15276,2
15277,2
15278,2
15279,2
15280,2
15281,0
15282,2
15283,0
15284,2
15285,2
15286,0
15287,2
15288,0
15289,0
15290,0
15291,2
15292,2
15293,2
15294,2
15295,1
15296,2
15297,0
15298,2
15299,3
15300,1
15301,1
15302,0
15303,0
15304,2
15305,2
15306,0
15307,2
15308,3
15309,3
15310,0
15311,0
15312,0
15313,2
15314,2
15315,0
15316,0
15317,2
15318,2
15319,0
15320,1
15321,0
15322,1
15323,1
15324,1
15325,3
15326,1
15327,1
15328,3
15329,0
15330,0
15331,1
15332,0
15333,1
15334,0
15335,2
15336,1
15337,1
15338,1
15339,2
15340,1
15341,2
15342,2
15343,2
15344,1
15345,1
15346,1
15347,1
15348,0
15349,3
15350,1
15351,1
15352,0
15353,2
15354,0
15355,0
15356,3
15357,3
15358,0
15359,2
15360,2
15361,2
15362,2
15363,2
15364,2
15365,2
15366,2
15367,2
15368,2
15369,2
15370,2
15371,2
15372,2
15373,2
15374,2
15375,2
15376,2
15377,2
15378,2
15379,2
15380,2
15381,2
15382,2
15383,2
15384,2
15385,2
15386,2
15387,2
15388,2
15389,2
15390,2
15391,3
15392,2
15393,2
15394,3
15395,3
15396,2
15397,2
15398,2
15399,0
15400,2
15401,2
15402,2
15403,2
15404,2
15405,2
15406,2
15407,3
15408,2
15409,2
15410,1
15411,1
15412,2
15413,2
15414,2
15415,2
15416,2
15417,2
15418,2
15419,2
15420,2
15421,2
15422,2
15423,2
15424,2
15425,2
15426,2
15427,2
15428,2
15429,2
15430,1
15431,2
15432,3
15433,0
15434,1
15435,3
15436,2
15437,3
15438,3
15439,2
15440,2
15441,0
15442,2
15443,2
15444,2
15445,0
15446,2
15447,2
15448,3
15449,2
15450,0
15451,2
15452,2
15453,0
15454,0
15455,2
15456,0
15457,3
15458,2
15459,2
15460,0
15461,0
15462,3
15463,0
15464,0
15465,0
15466,0
15467,2
15468,1
15469,2
15470,2
15471,2
15472,3
15473,3
15474,2
15475,2
15476,2
15477,2
15478,2
15479,2
15480,2
15481,1
15482,0
15483,2
15484,2
15485,2
15486,2
15487,2
15488,2
15489,2
15490,0
15491,2
15492,2
15493,2
15494,2
15495,2
15496,2
15497,2
15498,2
15499,2
15500,2
15501,3
15502,3
15503,2
15504,0
15505,2
15506,2
15507,2
15508,2
15509,0
15510,0
15511,0
15512,0
15513,0
15514,2
15515,0
15516,2
15517,3
15518,0
15519,3
15520,3
15521,0
15522,2
15523,2
15524,2
15525,0
15526,0
15527,0
15528,3
15529,3
15530,3
15531,3
15532,3
15533,3
15534,1
15535,0
15536,3
15537,0
15538,0
15539,0
15540,2
15541,0
15542,3
15543,3
15544,2
15545,3
15546,0
15547,1
15548,3
15549,3
15550,3
15551,3
15552,0
15553,3
15554,2
15555,3
15556,3
15557,1
15558,2
15559,3
15560,3
15561,2
15562,2
15563,1
15564,2
15565,2
15566,2
15567,2
15568,1
15569,2
15570,2
15571,2
15572,2
15573,3
15574,2
15575,2
15576,2
15577,3
15578,1
15579,3
15580,3
15581,2
15582,0
15583,0
15584,0
15585,2
15586,3
15587,3
15588,0
15589,0
15590,0
15591,0
15592,2
15593,2
15594,0
15595,2
15596,3
15597,4
15598,2
15599,3
15600,3
15601,0
15602,0
15603,0
15604,0
15605,3
15606,3
15607,0
15608,0
15609,3
15610,0
15611,2
15612,2
15613,2
15614,4
15615,2
15616,2
15617,2
15618,0
15619,0
15620,2
15621,2
15622,2
15623,0
15624,2
15625,2
15626,2
15627,2
15628,3
15629,2
15630,2
15631,0
15632,0
15633,0
15634,0
15635,0
15636,0
15637,0
15638,0
15639,3
15640,3
15641,2
15642,2
15643,2
15644,2
15645,2
15646,2
15647,2
15648,2
15649,2
15650,2
15651,3
15652,0
15653,0
15654,0
15655,1
15656,3
15657,3
15658,3
15659,2
15660,0
15661,1
15662,0
15663,3
15664,2
15665,0
15666,1
15667,0
15668,2
15669,0
15670,2
15671,2
15672,1
15673,3
15674,0
15675,1
15676,1
15677,1
15678,3
15679,2
15680,0
15681,3
15682,0
15683,0
15684,0
15685,0
15686,0
15687,2
15688,0
15689,2
15690,0
15691,0
15692,0
15693,0
15694,0
15695,0
15696,0
15697,0
15698,0
15699,0
15700,0
15701,3
15702,0
15703,0
15704,3
15705,1
15706,0
15707,2
15708,2
15709,3
15710,3
15711,0
15712,1
15713,0
15714,3
15715,0
15716,2
15717,3
15718,2
15719,2
15720,1
15721,2
15722,3
15723,0
15724,2
15725,2
15726,2
15727,3
15728,0
15729,0
15730,0
15731,0
15732,0
15733,2
15734,3
15735,3
15736,3
15737,1
15738,0
15739,0
15740,3
15741,0
15742,0
15743,1
15744,1
15745,3
15746,0
15747,1
15748,0
15749,2
15750,0
15751,0
15752,0
15753,2
15754,0
15755,2
15756,3
15757,3
15758,0
15759,3
15760,0
15761,3
15762,3
15763,3
15764,0
15765,2
15766,2
15767,1
15768,3
15769,2
15770,3
15771,2
15772,0
15773,2
15774,3
15775,2
15776,0
15777,1
15778,0
15779,1
15780,2
15781,2
15782,3
15783,2
15784,3
15785,2
15786,2
15787,2
15788,2
15789,2
15790,2
15791,3
15792,2
15793,2
15794,2
15795,0
15796,0
15797,0
15798,2
15799,2
15800,3
15801,0
15802,2
15803,2
15804,3
15805,3
15806,2
15807,3
15808,3
15809,3
15810,2
15811,2
15812,2
15813,2
15814,2
15815,2
15816,2
15817,0
15818,2
15819,2
15820,2
15821,3
15822,0
15823,2
15824,0
15825,2
15826,2
15827,2
15828,2
15829,2
15830,2
15831,2
15832,2
15833,2
15834,2
15835,2
15836,2
15837,2
15838,0
15839,3
15840,3
15841,3
15842,3
15843,3
15844,3
15845,3
15846,3
15847,3
15848,3
15849,3
15850,2
15851,3
15852,2
15853,2
15854,2
15855,2
15856,0
15857,0
15858,3
15859,3
15860,2
15861,2
15862,2
15863,3
15864,2
15865,2
15866,0
15867,2
15868,0
15869,1
15870,2
15871,2
15872,0
15873,2
15874,0
15875,0
15876,0
15877,0
15878,0
15879,3
15880,0
15881,0
15882,0
15883,0
15884,0
15885,0
15886,0
15887,2
15888,0
15889,0
15890,0
15891,0
15892,0
15893,0
15894,0
15895,0
15896,0
15897,2
15898,2
15899,2
15900,2
15901,2
15902,2
15903,2
15904,2
15905,2
15906,2
15907,2
15908,2
15909,2
15910,2
15911,1
15912,2
15913,1
15914,2
15915,2
15916,2
15917,2
15918,2
15919,2
15920,0
15921,2
15922,2
15923,2
15924,2
15925,2
15926,2
15927,0
15928,3
15929,2
15930,0
15931,2
15932,2
15933,2
15934,2
15935,0
15936,2
15937,2
15938,2
15939,2
15940,2
15941,2
15942,2
15943,2
15944,2
15945,2
15946,2
15947,2
15948,2
15949,0
15950,2
15951,2
15952,2
15953,2
15954,2
15955,2
15956,2
15957,2
15958,2
15959,2
15960,2
15961,2
15962,0
15963,2
15964,2
15965,0
15966,2
15967,2
15968,2
15969,2
15970,2
15971,5
15972,2
15973,2
15974,2
15975,2
15976,2
15977,2
15978,2
15979,2
15980,2
15981,2
15982,2
15983,2
15984,2
15985,2
15986,2
15987,2
15988,2
15989,0
15990,2
15991,2
15992,2
15993,2
15994,2
15995,2
15996,2
15997,2
15998,2
15999,2
16000,0
16001,1
16002,1
16003,2
16004,2
16005,2
16006,2
16007,2
16008,2
16009,2
16010,2
16011,2
16012,2
16013,2
16014,2
16015,2
16016,2
16017,2
16018,2
16019,2
16020,2
16021,2
16022,2
16023,2
16024,1
16025,2
16026,2
16027,2
16028,2
16029,2
16030,2
16031,2
16032,2
16033,2
16034,2
16035,2
16036,2
16037,2
16038,2
16039,2
16040,2
16041,2
16042,2
16043,2
16044,2
16045,2
16046,2
16047,2
16048,2
16049,2
16050,2
16051,2
16052,2
16053,2
16054,2
16055,2
16056,2
16057,2
16058,2
16059,2
16060,2
16061,2
16062,2
16063,2
16064,2
16065,2
16066,2
16067,2
16068,2
16069,2
16070,2
16071,2
16072,2
16073,2
16074,2
16075,2
16076,2
16077,2
16078,2
16079,2
16080,2
16081,2
16082,2
16083,2
16084,2
16085,2
16086,2
16087,2
16088,2
16089,2
16090,2
16091,2
16092,2
16093,2
16094,2
16095,2
16096,2
16097,2
16098,2
16099,2
16100,2
16101,2
16102,2
16103,2
16104,2
16105,2
16106,2
16107,2
16108,2
16109,2
16110,2
16111,2
16112,2
16113,2
16114,2
16115,2
16116,2
16117,2
16118,2
16119,2
16120,2
16121,2
16122,2
16123,2
16124,2
16125,2
16126,2
16127,2
16128,2
16129,2
16130,2
16131,2
16132,2
16133,2
16134,2
16135,2
16136,2
16137,2
16138,2
16139,2
16140,2
16141,2
16142,2
16143,2
16144,2
16145,2
16146,2
16147,2
16148,2
16149,2
16150,2
16151,2
16152,2
16153,2
16154,2
16155,2
16156,2
16157,2
16158,2
16159,2
16160,2
16161,2
16162,2
16163,2
16164,2
16165,2
16166,2
16167,2
16168,2
16169,2
16170,2
16171,2
16172,2
16173,2
16174,2
16175,2
16176,2
16177,2
16178,2
16179,2
16180,2
16181,2
16182,2
16183,2
16184,2
16185,2
16186,2
16187,2
16188,2
16189,2
16190,2
16191,2
16192,2
16193,2
16194,2
16195,2
16196,2
16197,2
16198,2
16199,2
16200,2
16201,2
16202,2
16203,2
16204,2
16205,2
16206,2
16207,2
16208,2
16209,2
16210,2
16211,2
16212,2
16213,2
16214,2
16215,2
16216,2
16217,2
16218,2
16219,2
16220,2
16221,2
16222,2
16223,2
16224,2
16225,2
16226,2
16227,2
16228,2
16229,2
16230,2
16231,2
16232,2
16233,2
16234,2
16235,2
16236,2
16237,2
16238,2
16239,2
16240,2
16241,2
16242,2
16243,2
16244,2
16245,0
16246,2
16247,0
16248,2
16249,2
16250,2
16251,2
16252,2
16253,2
16254,2
16255,2
16256,2
16257,2
16258,2
16259,2
16260,2
16261,2
16262,2
16263,2
16264,2
16265,2
16266,0
16267,2
16268,2
16269,2
16270,2
16271,2
16272,2
16273,2
16274,2
16275,2
16276,2
16277,2
16278,2
16279,2
16280,2
16281,2
16282,2
16283,2
16284,2
16285,2
16286,2
16287,2
16288,2
16289,2
16290,2
16291,2
16292,2
16293,2
16294,0
16295,2
16296,2
16297,0
16298,2
16299,2
16300,2
16301,2
16302,2
16303,2
16304,2
16305,2
16306,0
16307,2
16308,2
16309,2
16310,2
16311,2
16312,2
16313,2
16314,2
16315,2
16316,2
16317,0
16318,2
16319,2
16320,2
16321,2
16322,2
16323,2
16324,2
16325,2
16326,0
16327,2
16328,2
16329,0
16330,0
16331,2
16332,2
16333,0
16334,2
16335,0
16336,0
16337,3
16338,2
16339,2
16340,2
16341,2
16342,2
16343,2
16344,2
16345,2
16346,2
16347,0
16348,2
16349,2
16350,2
16351,2
16352,2
16353,2
16354,0
16355,2
16356,2
16357,2
16358,2
16359,2
16360,0
16361,3
16362,2
16363,2
16364,0
16365,3
16366,0
16367,0
16368,1
16369,3
16370,0
16371,0
16372,0
16373,3
16374,0
16375,0
16376,1
16377,0
16378,0
16379,2
16380,0
16381,0
16382,2
16383,0
16384,2
16385,2
16386,0
16387,1
16388,2
16389,0
16390,3
16391,0
16392,0
16393,0
16394,0
16395,2
16396,2
16397,2
16398,0
16399,2
16400,0
16401,2
16402,0
16403,2
16404,0
16405,0
16406,2
16407,0
16408,2
16409,2
16410,2
16411,1
16412,0
16413,0
16414,1
16415,2
16416,1
16417,0
16418,2
16419,2
16420,1
16421,2
16422,0
16423,0
16424,0
16425,3
16426,3
16427,0
16428,2
16429,2
16430,0
16431,3
16432,0
16433,2
16434,2
16435,0
16436,0
16437,0
16438,0
16439,3
16440,2
16441,2
16442,2
16443,2
16444,2
16445,0
16446,3
16447,2
16448,2
16449,2
16450,2
16451,2
16452,0
16453,0
16454,0
16455,1
16456,0
16457,0
16458,2
16459,2
16460,0
16461,0
16462,3
16463,0
16464,2
16465,2
16466,0
16467,2
16468,0
16469,0
16470,0
16471,0
16472,0
16473,1
16474,0
16475,0
16476,0
16477,0
16478,2
16479,3
16480,3
16481,3
16482,2
16483,2
16484,2
16485,0
16486,0
16487,3
16488,2
16489,0
16490,2
16491,0
16492,2
16493,2
16494,2
16495,2
16496,2
16497,2
16498,2
16499,2
16500,2
16501,2
16502,2
16503,2
16504,2
16505,2
16506,2
16507,2
16508,2
16509,2
16510,2
16511,3
16512,2
16513,2
16514,2
16515,2
16516,2
16517,2
16518,2
16519,2
16520,2
16521,2
16522,2
16523,2
16524,2
16525,2
16526,2
16527,2
16528,2
16529,2
16530,2
16531,2
16532,2
16533,2
16534,2
16535,2
16536,2
16537,0
16538,2
16539,2
16540,2
16541,2
16542,2
16543,2
16544,2
16545,2
16546,2
16547,2
16548,2
16549,2
16550,2
16551,2
16552,2
16553,2
16554,2
16555,2
16556,2
16557,2
16558,2
16559,2
16560,2
16561,2
16562,2
16563,2
16564,0
16565,2
16566,0
16567,0
16568,2
16569,2
16570,2
16571,2
16572,2
16573,2
16574,2
16575,2
16576,2
16577,2
16578,2
16579,2
16580,2
16581,0
16582,2
16583,2
16584,2
16585,2
16586,0
16587,2
16588,2
16589,2
16590,0
16591,2
16592,2
16593,2
16594,0
16595,0
16596,1
16597,2
16598,0
16599,0
16600,0
16601,0
16602,0
16603,0
16604,2
16605,0
16606,0
16607,2
16608,2
16609,2
16610,2
16611,2
16612,2
16613,2
16614,2
16615,2
16616,2
16617,2
16618,0
16619,2
16620,2
16621,2
16622,2
16623,2
16624,2
16625,2
16626,2
16627,2
16628,2
16629,2
16630,2
16631,2
16632,2
16633,2
16634,2
16635,2
16636,2
16637,2
16638,2
16639,2
16640,2
16641,2
16642,2
16643,2
16644,2
16645,2
16646,2
16647,2
16648,2
16649,2
16650,2
16651,2
16652,2
16653,2
16654,2
16655,2
16656,2
16657,2
16658,2
16659,2
16660,0
16661,2
16662,2
16663,2
16664,2
16665,2
16666,2
16667,2
16668,2
16669,2
16670,2
16671,2
16672,2
16673,2
16674,2
16675,2
16676,2
16677,2
16678,2
16679,2
16680,2
16681,2
16682,2
16683,2
16684,2
16685,2
16686,2
16687,2
16688,2
16689,2
16690,2
16691,2
16692,2
16693,2
16694,2
16695,2
16696,2
16697,2
16698,2
16699,2
16700,2
16701,2
16702,2
16703,2
16704,2
16705,2
16706,2
16707,2
16708,2
16709,2
16710,2
16711,2
16712,2
16713,2
16714,2
16715,2
16716,2
16717,2
16718,2
16719,2
16720,2
16721,2
16722,2
16723,2
16724,2
16725,2
16726,2
16727,2
16728,2
16729,2
16730,2
16731,2
16732,3
16733,2
16734,2
16735,2
16736,0
16737,2
16738,2
16739,2
16740,2
16741,0
16742,2
16743,2
16744,2
16745,0
16746,2
16747,2
16748,2
16749,2
16750,2
16751,2
16752,2
16753,2
16754,2
16755,2
16756,2
16757,2
16758,2
16759,0
16760,2
16761,2
16762,2
16763,3
16764,2
16765,2
16766,2
16767,2
16768,2
16769,2
16770,2
16771,2
16772,2
16773,0
16774,0
16775,2
16776,0
16777,2
16778,2
16779,2
16780,2
16781,3
16782,0
16783,3
16784,0
16785,3
16786,3
16787,3
16788,3
16789,2
16790,3
16791,2
16792,2
16793,2
16794,0
16795,2
16796,0
16797,0
16798,3
16799,0
16800,0
16801,0
16802,0
16803,2
16804,2
16805,2
16806,2
16807,2
16808,2
16809,2
16810,3
16811,2
16812,3
16813,2
16814,3
16815,0
16816,0
16817,0
16818,2
16819,0
16820,0
16821,0
16822,0
16823,0
16824,2
16825,0
16826,2
16827,2
16828,0
16829,2
16830,2
16831,2
16832,2
16833,2
16834,2
16835,3
16836,2
16837,0
16838,2
16839,3
16840,2
16841,0
16842,3
16843,3
16844,2
16845,2
16846,2
16847,2
16848,2
16849,2
16850,2
16851,2
16852,2
16853,2
16854,2
16855,0
16856,0
16857,3
16858,0
16859,2
16860,1
16861,0
16862,2
16863,2
16864,2
16865,3
16866,0
16867,0
16868,2
16869,3
16870,2
16871,2
16872,0
16873,0
16874,2
16875,3
16876,2
16877,2
16878,0
16879,3
16880,2
16881,0
16882,0
16883,2
16884,2
16885,2
16886,0
16887,0
16888,0
16889,2
16890,3
16891,2
16892,0
16893,0
16894,0
16895,0
16896,0
16897,0
16898,2
16899,3
16900,2
16901,2
16902,0
16903,0
16904,3
16905,2
16906,0
16907,2
16908,3
16909,3
16910,3
16911,2
16912,2
16913,0
16914,2
16915,2
16916,2
16917,0
16918,2
16919,2
16920,2
16921,2
16922,2
16923,2
16924,2
16925,2
16926,2
16927,2
16928,2
16929,0
16930,0
16931,0
16932,0
16933,1
16934,0
16935,2
16936,2
16937,3
16938,0
16939,0
16940,0
16941,2
16942,0
16943,0
16944,0
16945,0
16946,0
16947,0
16948,2
16949,2
16950,0
16951,2
16952,2
16953,2
16954,0
16955,2
16956,2
16957,2
16958,2
16959,3
16960,2
16961,2
16962,0
16963,2
16964,2
16965,0
16966,2
16967,1
16968,0
16969,0
16970,0
16971,3
16972,2
16973,0
16974,3
16975,0
16976,0
16977,0
16978,0
16979,0
16980,0
16981,2
16982,0
16983,0
16984,0
16985,2
16986,0
16987,2
16988,0
16989,2
16990,2
16991,2
16992,2
16993,3
16994,0
16995,2
16996,2
16997,2
16998,2
16999,0
17000,2
17001,0
17002,2
17003,0
17004,0
17005,0
17006,2
17007,0
17008,2
17009,2
17010,0
17011,2
17012,2
17013,2
17014,2
17015,2
17016,2
17017,2
17018,2
17019,2
17020,2
17021,2
17022,2
17023,2
17024,2
17025,2
17026,2
17027,2
17028,2
17029,2
17030,2
17031,2
17032,2
17033,2
17034,2
17035,2
17036,2
17037,2
17038,2
17039,2
17040,2
17041,2
17042,2
17043,2
17044,2
17045,2
17046,2
17047,2
17048,2
17049,2
17050,2
17051,2
17052,2
17053,2
17054,2
17055,2
17056,2
17057,2
17058,2
17059,2
17060,2
17061,2
17062,0
17063,2
17064,2
17065,0
17066,2
17067,2
17068,0
17069,2
17070,0
17071,2
17072,2
17073,2
17074,2
17075,1
17076,0
17077,2
17078,0
17079,0
17080,2
17081,2
17082,0
17083,0
17084,0
17085,2
17086,2
17087,2
17088,0
17089,2
17090,1
17091,1
17092,2
17093,3
17094,3
17095,2
17096,0
17097,1
17098,1
17099,3
17100,3
17101,3
17102,3
17103,1
17104,3
17105,0
17106,3
17107,1
17108,0
17109,1
17110,0
17111,2
17112,0
17113,2
17114,0
17115,3
17116,3
17117,1
17118,3
17119,0
17120,3
17121,3
17122,3
17123,3
17124,3
17125,2
17126,0
17127,1
17128,2
17129,2
17130,2
17131,1
17132,3
17133,3
17134,3
17135,3
17136,2
17137,3
17138,2
17139,0
17140,3
17141,3
17142,3
17143,1
17144,3
17145,3
17146,3
17147,3
17148,3
17149,0
17150,0
17151,1
17152,1
17153,0
17154,1
17155,3
17156,3
17157,3
17158,0
17159,0
17160,0
17161,0
17162,3
17163,0
17164,3
17165,0
17166,2
17167,3
17168,0
17169,0
17170,0
17171,0
17172,3
17173,0
17174,2
17175,3
17176,2
17177,2
17178,2
17179,0
17180,0
17181,2
17182,0
17183,3
17184,2
17185,0
17186,0
17187,2
17188,0
17189,2
17190,3
17191,3
17192,2
17193,2
17194,2
17195,2
17196,2
17197,2
17198,2
17199,2
17200,2
17201,2
17202,2
17203,2
17204,2
17205,2
17206,2
17207,2
17208,0
17209,2
17210,1
17211,0
17212,2
17213,3
17214,2
17215,2
17216,0
17217,2
17218,2
17219,2
17220,2
17221,2
17222,2
17223,2
17224,2
17225,0
17226,0
17227,0
17228,2
17229,0
17230,0
17231,0
17232,0
17233,2
17234,0
17235,2
17236,2
17237,2
17238,2
17239,2
17240,2
17241,3
17242,2
17243,2
17244,0
17245,2
17246,2
17247,2
17248,2
17249,2
17250,2
17251,2
17252,2
17253,0
17254,2
17255,2
17256,0
17257,2
17258,2
17259,2
17260,2
17261,2
17262,2
17263,2
17264,2
17265,0
17266,2
17267,2
17268,2
17269,2
17270,2
17271,2
17272,0
17273,0
17274,2
17275,2
17276,2
17277,2
17278,2
17279,2
17280,2
17281,2
17282,2
17283,2
17284,2
17285,2
17286,2
17287,0
17288,2
17289,2
17290,2
17291,2
17292,0
17293,2
17294,0
17295,2
17296,0
17297,2
17298,0
17299,2
17300,2
17301,0
17302,2
17303,2
17304,0
17305,0
17306,2
17307,2
17308,2
17309,0
17310,2
17311,2
17312,2
17313,2
17314,2
17315,0
17316,2
17317,2
17318,0
17319,2
17320,3
17321,3
17322,3
17323,0
17324,0
17325,1
17326,1
17327,0
17328,0
17329,3
17330,0
17331,2
17332,0
17333,2
17334,0
17335,0
17336,0
17337,0
17338,0
17339,2
17340,0
17341,2
17342,0
17343,2
17344,0
17345,3
17346,2
17347,3
17348,0
17349,0
17350,3
17351,3
17352,2
17353,0
17354,3
17355,3
17356,0
17357,0
17358,2
17359,3
17360,0
17361,3
17362,3
17363,3
17364,3
17365,1
17366,3
17367,1
17368,1
17369,3
17370,3
17371,3
17372,1
17373,3
17374,1
17375,1
17376,3
17377,0
17378,2
17379,3
17380,3
17381,2
17382,2
17383,2
17384,2
17385,2
17386,0
17387,0
17388,2
17389,2
17390,2
17391,2
17392,0
17393,0
17394,3
17395,3
17396,3
17397,1
17398,3
17399,0
17400,3
17401,0
17402,0
17403,3
17404,3
17405,0
17406,0
17407,1
17408,3
17409,3
17410,3
17411,3
17412,0
17413,0
17414,0
17415,0
17416,0
17417,3
17418,2
17419,0
17420,2
17421,0
17422,3
17423,3
17424,2
17425,2
17426,2
17427,3
17428,0
17429,0
17430,2
17431,2
17432,3
17433,3
17434,3
17435,0
17436,0
17437,0
17438,3
17439,2
17440,4
17441,0
17442,2
17443,0
17444,3
17445,1
17446,0
17447,2
17448,3
17449,2
17450,2
17451,2
17452,2
17453,2
17454,2
17455,2
17456,2
17457,2
17458,2
17459,2
17460,3
17461,2
17462,0
17463,2
17464,2
17465,2
17466,2
17467,2
17468,3
17469,3
17470,3
17471,3
17472,3
17473,0
17474,2
17475,3
17476,0
17477,3
17478,0
17479,3
17480,3
17481,0
17482,0
17483,0
17484,2
17485,0
17486,0
17487,2
17488,2
17489,2
17490,2
17491,2
17492,2
17493,2
17494,2
17495,2
17496,2
17497,2
17498,2
17499,2
17500,2
17501,2
17502,2
17503,2
17504,2
17505,2
17506,2
17507,2
17508,2
17509,2
17510,2
17511,2
17512,2
17513,2
17514,2
17515,2
17516,2
17517,2
17518,3
17519,0
17520,2
17521,3
17522,3
17523,1
17524,0
17525,3
17526,1
17527,3
17528,1
17529,0
17530,3
17531,0
17532,3
17533,0
17534,0
17535,0
17536,0
17537,0
17538,0
17539,0
17540,0
17541,3
17542,0
17543,2
17544,2
17545,2
17546,2
17547,2
17548,2
17549,2
17550,2
17551,0
17552,2
17553,3
17554,3
17555,3
17556,3
17557,3
17558,0
17559,2
17560,3
17561,3
17562,3
17563,4
17564,0
17565,3
17566,3
17567,2
17568,3
17569,0
17570,0
17571,0
17572,0
17573,3
17574,0
17575,0
17576,0
17577,0
17578,0
17579,3
17580,0
17581,2
17582,0
17583,3
17584,2
17585,3
17586,3
17587,2
17588,3
17589,3
17590,3
17591,3
17592,3
17593,3
17594,3
17595,3
17596,2
17597,3
17598,3
17599,3
17600,3
17601,3
17602,3
17603,3
17604,3
17605,3
17606,3
17607,3
17608,3
17609,3
17610,3
17611,3
17612,3
17613,3
17614,3
17615,3
17616,3
17617,3
17618,3
17619,3
17620,3
17621,3
17622,3
17623,3
17624,3
17625,1
17626,3
17627,3
17628,3
17629,3
17630,3
17631,3
17632,3
17633,3
17634,3
17635,3
17636,3
17637,3
17638,3
17639,1
17640,3
17641,3
17642,3
17643,3
17644,3
17645,3
17646,3
17647,3
17648,0
17649,0
17650,3
17651,3
17652,3
17653,3
17654,3
17655,4
17656,3
17657,3
17658,3
17659,3
17660,3
17661,3
17662,3
17663,3
17664,3
17665,3
17666,3
17667,3
17668,3
17669,3
17670,3
17671,3
17672,3
17673,3
17674,3
17675,3
17676,3
17677,3
17678,3
17679,3
17680,3
17681,3
17682,4
17683,3
17684,3
17685,3
17686,3
17687,3
17688,3
17689,3
17690,3
17691,3
17692,3
17693,3
17694,3
17695,0
17696,3
17697,3
17698,3
17699,3
17700,3
17701,3
17702,3
17703,3
17704,3
17705,4
17706,3
17707,3
17708,3
17709,3
17710,3
17711,3
17712,3
17713,3
17714,3
17715,3
17716,3
17717,3
17718,3
17719,3
17720,3
17721,3
17722,3
17723,3
17724,3
17725,3
17726,3
17727,3
17728,3
17729,3
17730,3
17731,3
17732,3
17733,2
17734,3
17735,3
17736,3
17737,2
17738,3
17739,3
17740,3
17741,3
17742,3
17743,3
17744,3
17745,3
17746,3
17747,3
17748,3
17749,3
17750,3
17751,2
17752,3
17753,3
17754,3
17755,3
17756,3
17757,3
17758,3
17759,3
17760,3
17761,3
17762,3
17763,3
17764,3
17765,3
17766,2
17767,3
17768,3
17769,3
17770,3
17771,3
17772,3
17773,3
17774,3
17775,3
17776,3
17777,3
17778,2
17779,2
17780,2
17781,3
17782,3
17783,3
17784,3
17785,3
17786,3
17787,3
17788,3
17789,3
17790,2
17791,2
17792,3
17793,3
17794,3
17795,4
17796,3
17797,3
17798,3
17799,2
17800,2
17801,0
17802,3
17803,3
17804,3
17805,2
17806,0
17807,3
17808,3
17809,3
17810,3
17811,3
17812,3
17813,3
17814,3
17815,3
17816,3
17817,3
17818,3
17819,3
17820,0
17821,0
17822,0
17823,0
17824,0
17825,3
17826,3
17827,2
17828,3
17829,3
17830,0
17831,0
17832,2
17833,0
17834,0
17835,0
17836,3
17837,3
17838,3
17839,3
17840,3
17841,3
17842,3
17843,2
17844,3
17845,3
17846,2
17847,3
17848,3
17849,3
17850,3
17851,3
17852,3
17853,3
17854,3
17855,2
17856,3
17857,2
17858,2
17859,0
17860,3
17861,3
17862,2
17863,2
17864,0
17865,2
17866,3
17867,3
17868,3
17869,0
17870,2
17871,2
17872,2
17873,2
17874,3
17875,2
17876,2
17877,2
17878,2
17879,2
17880,1
17881,2
17882,3
17883,2
17884,2
17885,2
17886,0
17887,2
17888,2
17889,2
17890,2
17891,3
17892,3
17893,2
17894,2
17895,2
17896,2
17897,2
17898,0
17899,2
17900,2
17901,3
17902,2
17903,2
17904,2
17905,2
17906,2
17907,2
17908,2
17909,2
17910,2
17911,2
17912,2
17913,2
17914,2
17915,2
17916,2
17917,2
17918,2
17919,2
17920,2
17921,2
17922,2
17923,2
17924,2
17925,2
17926,2
17927,2
17928,0
17929,2
17930,2
17931,2
17932,2
17933,2
17934,2
17935,2
17936,3
17937,2
17938,0
17939,3
17940,3
17941,2
17942,2
17943,2
17944,2
17945,2
17946,2
17947,2
17948,2
17949,0
17950,2
17951,2
17952,2
17953,2
17954,2
17955,0
17956,2
17957,2
17958,2
17959,2
17960,2
17961,2
17962,2
17963,2
17964,2
17965,2
17966,1
17967,3
17968,2
17969,2
17970,2
17971,2
17972,2
17973,3
17974,2
17975,2
17976,2
17977,2
17978,2
17979,2
17980,2
17981,2
17982,2
17983,2
17984,3
17985,2
17986,2
17987,2
17988,2
17989,2
17990,2
17991,2
17992,2
17993,2
17994,2
17995,2
17996,2
17997,2
17998,2
17999,2
18000,2
18001,2
18002,2
18003,2
18004,2
18005,2
18006,2
18007,2
18008,2
18009,2
18010,2
18011,2
18012,2
18013,2
18014,2
18015,2
18016,2
18017,2
18018,2
18019,2
18020,2
18021,2
18022,2
18023,2
18024,3
18025,3
18026,2
18027,2
18028,2
18029,2
18030,2
18031,2
18032,2
18033,2
18034,2
18035,2
18036,0
18037,2
18038,2
18039,2
18040,2
18041,2
18042,3
18043,0
18044,3
18045,2
18046,3
18047,2
18048,2
18049,2
18050,2
18051,2
18052,2
18053,2
18054,2
18055,2
18056,2
18057,2
18058,2
18059,2
18060,2
18061,2
18062,2
18063,2
18064,3
18065,2
18066,2
18067,2
18068,2
18069,2
18070,2
18071,2
18072,2
18073,2
18074,2
18075,3
18076,2
18077,2
18078,2
18079,2
18080,2
18081,3
18082,3
18083,3
18084,0
18085,0
18086,3
18087,3
18088,2
18089,3
18090,2
18091,2
18092,2
18093,2
18094,2
18095,2
18096,3
18097,3
18098,3
18099,3
18100,3
18101,3
18102,1
18103,2
18104,3
18105,1
18106,0
18107,2
18108,2
18109,2
18110,2
18111,2
18112,2
18113,2
18114,2
18115,2
18116,2
18117,2
18118,2
18119,2
18120,3
18121,2
18122,0
18123,3
18124,2
18125,2
18126,2
18127,2
18128,2
18129,2
18130,2
18131,2
18132,3
18133,2
18134,2
18135,2
18136,2
18137,2
18138,2
18139,2
18140,2
18141,2
18142,3
18143,2
18144,2
18145,2
18146,2
18147,2
18148,2
18149,2
18150,2
18151,2
18152,3
18153,2
18154,2
18155,3
18156,3
18157,3
18158,3
18159,3
18160,3
18161,0
18162,3
18163,3
18164,3
18165,3
18166,2
18167,3
18168,2
18169,3
18170,3
18171,2
18172,3
18173,3
18174,3
18175,3
18176,3
18177,3
18178,2
18179,3
18180,0
18181,2
18182,3
18183,2
18184,2
18185,3
18186,3
18187,3
18188,2
18189,3
18190,0
18191,0
18192,2
18193,2
18194,3
18195,2
18196,2
18197,2
18198,2
18199,2
18200,0
18201,2
18202,2
18203,2
18204,2
18205,3
18206,2
18207,2
18208,3
18209,3
18210,2
18211,2
18212,2
18213,2
18214,2
18215,2
18216,2
18217,2
18218,2
18219,2
18220,3
18221,2
18222,2
18223,0
18224,2
18225,2
18226,2
18227,2
18228,2
18229,2
18230,2
18231,2
18232,2
18233,2
18234,2
18235,2
18236,2
18237,2
18238,2
18239,2
18240,2
18241,2
18242,2
18243,2
18244,2
18245,2
18246,2
18247,2
18248,2
18249,2
18250,3
18251,2
18252,2
18253,2
18254,2
18255,2
18256,2
18257,2
18258,2
18259,2
18260,2
18261,2
18262,2
18263,2
18264,2
18265,2
18266,2
18267,2
18268,2
18269,2
18270,2
18271,2
18272,2
18273,2
18274,2
18275,2
18276,2
18277,2
18278,2
18279,2
18280,2
18281,2
18282,2
18283,2
18284,2
18285,2
18286,2
18287,2
18288,2
18289,2
18290,2
18291,2
18292,2
18293,2
18294,2
18295,2
18296,2
18297,2
18298,2
18299,2
18300,2
18301,2
18302,2
18303,2
18304,2
18305,2
18306,2
18307,2
18308,2
18309,2
18310,2
18311,2
18312,2
18313,2
18314,2
18315,2
18316,2
18317,2
18318,2
18319,2
18320,2
18321,2
18322,4
18323,2
18324,2
18325,2
18326,2
18327,2
18328,2
18329,2
18330,2
18331,2
18332,2
18333,2
18334,2
18335,2
18336,2
18337,2
18338,2
18339,2
18340,2
18341,2
18342,2
18343,2
18344,2
18345,2
18346,2
18347,2
18348,2
18349,2
18350,2
18351,2
18352,2
18353,2
18354,2
18355,2
18356,2
18357,2
18358,2
18359,2
18360,2
18361,2
18362,2
18363,2
18364,2
18365,2
18366,2
18367,2
18368,2
18369,2
18370,2
18371,2
18372,2
18373,2
18374,2
18375,2
18376,2
18377,2
18378,2
18379,2
18380,2
18381,2
18382,2
18383,2
18384,2
18385,2
18386,2
18387,2
18388,2
18389,2
18390,2
18391,2
18392,2
18393,2
18394,2
18395,2
18396,2
18397,2
18398,2
18399,2
18400,2
18401,2
18402,2
18403,2
18404,2
18405,2
18406,2
18407,2
18408,2
18409,2
18410,2
18411,2
18412,2
18413,2
18414,2
18415,2
18416,2
18417,2
18418,2
18419,2
18420,4
18421,2
18422,2
18423,2
18424,2
18425,2
18426,2
18427,2
18428,2
18429,2
18430,2
18431,2
18432,2
18433,2
18434,2
18435,2
18436,2
18437,2
18438,2
18439,2
18440,2
18441,2
18442,2
18443,2
18444,2
18445,2
18446,2
18447,2
18448,2
18449,2
18450,2
18451,2
18452,2
18453,2
18454,2
18455,2
18456,2
18457,2
18458,2
18459,2
18460,2
18461,2
18462,3
18463,2
18464,2
18465,2
18466,2
18467,2
18468,2
18469,2
18470,2
18471,2
18472,2
18473,2
18474,2
18475,2
18476,2
18477,2
18478,2
18479,2
18480,2
18481,2
18482,2
18483,2
18484,2
18485,2
18486,2
18487,2
18488,2
18489,2
18490,2
18491,2
18492,2
18493,2
18494,2
18495,2
18496,2
18497,2
18498,2
18499,2
18500,2
18501,2
18502,2
18503,3
18504,2
18505,2
18506,2
18507,2
18508,2
18509,2
18510,2
18511,2
18512,2
18513,2
18514,2
18515,2
18516,2
18517,2
18518,2
18519,2
18520,2
18521,2
18522,2
18523,2
18524,2
18525,2
18526,2
18527,2
18528,0
18529,2
18530,2
18531,2
18532,2
18533,2
18534,2
18535,2
18536,2
18537,2
18538,2
18539,2
18540,2
18541,2
18542,2
18543,2
18544,2
18545,2
18546,2
18547,2
18548,2
18549,2
18550,2
18551,2
18552,2
18553,2
18554,2
18555,2
18556,2
18557,2
18558,2
18559,2
18560,2
18561,2
18562,2
18563,2
18564,2
18565,2
18566,2
18567,2
18568,2
18569,2
18570,2
18571,2
18572,2
18573,2
18574,2
18575,2
18576,2
18577,2
18578,2
18579,2
18580,2
18581,2
18582,2
18583,2
18584,2
18585,2
18586,2
18587,2
18588,2
18589,2
18590,2
18591,2
18592,2
18593,2
18594,2
18595,2
18596,2
18597,2
18598,2
18599,2
18600,2
18601,2
18602,2
18603,2
18604,2
18605,2
18606,2
18607,2
18608,2
18609,2
18610,2
18611,2
18612,2
18613,2
18614,3
18615,2
18616,3
18617,2
18618,3
18619,2
18620,3
18621,2
18622,2
18623,2
18624,2
18625,2
18626,2
18627,2
18628,2
18629,2
18630,2
18631,2
18632,2
18633,2
18634,2
18635,2
18636,2
18637,2
18638,2
18639,2
18640,2
18641,2
18642,2
18643,2
18644,2
18645,2
18646,2
18647,2
18648,2
18649,3
18650,2
18651,2
18652,3
18653,2
18654,2
18655,3
18656,2
18657,2
18658,2
18659,2
18660,2
18661,2
18662,2
18663,2
18664,2
18665,2
18666,2
18667,3
18668,2
18669,2
18670,2
18671,2
18672,2
18673,2
18674,3
18675,2
18676,2
18677,2
18678,2
18679,2
18680,2
18681,2
18682,2
18683,2
18684,2
18685,2
18686,2
18687,2
18688,2
18689,3
18690,2
18691,2
18692,2
18693,2
18694,2
18695,2
18696,2
18697,2
18698,2
18699,2
18700,2
18701,2
18702,2
18703,2
18704,2
18705,2
18706,2
18707,2
18708,3
18709,2
18710,3
18711,3
18712,2
18713,3
18714,2
18715,3
18716,2
18717,2
18718,2
18719,2
18720,2
18721,2
18722,2
18723,2
18724,3
18725,3
18726,3
18727,3
18728,3
18729,3
18730,3
18731,3
18732,3
18733,2
18734,3
18735,3
18736,0
18737,2
18738,3
18739,3
18740,3
18741,3
18742,3
18743,2
18744,0
18745,3
18746,3
18747,3
18748,2
18749,3
18750,2
18751,0
18752,0
18753,2
18754,2
18755,2
18756,2
18757,3
18758,3
18759,2
18760,3
18761,2
18762,3
18763,2
18764,3
18765,2
18766,2
18767,2
18768,3
18769,0
18770,2
18771,2
18772,3
18773,2
18774,3
18775,2
18776,2
18777,2
18778,2
18779,2
18780,2
18781,2
18782,2
18783,2
18784,2
18785,2
18786,2
18787,2
18788,2
18789,2
18790,2
18791,2
18792,2
18793,2
18794,2
18795,2
18796,2
18797,2
18798,2
18799,2
18800,2
18801,2
18802,2
18803,0
18804,3
18805,2
18806,2
18807,3
18808,2
18809,2
18810,1
18811,2
18812,0
18813,2
18814,2
18815,2
18816,2
18817,2
18818,2
18819,3
18820,2
18821,2
18822,2
18823,2
18824,2
18825,2
18826,2
18827,2
18828,0
18829,2
18830,2
18831,2
18832,2
18833,2
18834,2
18835,2
18836,2
18837,2
18838,2
18839,2
18840,2
18841,2
18842,2
18843,2
18844,2
18845,2
18846,2
18847,2
18848,2
18849,2
18850,2
18851,2
18852,2
18853,2
18854,3
18855,3
18856,2
18857,2
18858,2
18859,2
18860,2
18861,2
18862,2
18863,2
18864,2
18865,2
18866,2
18867,2
18868,2
18869,2
18870,2
18871,0
18872,2
18873,2
18874,3
18875,2
18876,2
18877,2
18878,2
18879,2
18880,2
18881,2
18882,2
18883,2
18884,2
18885,2
18886,2
18887,2
18888,2
18889,2
18890,0
18891,3
18892,2
18893,2
18894,2
18895,2
18896,2
18897,2
18898,2
18899,2
18900,2
18901,2
18902,2
18903,2
18904,2
18905,2
18906,3
18907,2
18908,2
18909,2
18910,2
18911,2
18912,2
18913,2
18914,2
18915,2
18916,2
18917,2
18918,2
18919,2
18920,2
18921,2
18922,2
18923,2
18924,2
18925,3
18926,1
18927,3
18928,2
18929,2
18930,2
18931,2
18932,2
18933,2
18934,2
18935,3
18936,2
18937,2
18938,2
18939,2
18940,2
18941,2
18942,2
18943,2
18944,2
18945,1
18946,2
18947,2
18948,2
18949,2
18950,2
18951,2
18952,2
18953,3
18954,2
18955,2
18956,2
18957,2
18958,2
18959,2
18960,2
18961,2
18962,2
18963,2
18964,3
18965,2
18966,2
18967,2
18968,2
18969,2
18970,2
18971,2
18972,2
18973,2
18974,2
18975,2
18976,2
18977,2
18978,2
18979,2
18980,2
18981,2
18982,2
18983,2
18984,2
18985,2
18986,2
18987,2
18988,2
18989,2
18990,2
18991,2
18992,2
18993,2
18994,2
18995,2
18996,2
18997,2
18998,2
18999,2
19000,2
19001,2
19002,2
19003,2
19004,2
19005,2
19006,2
19007,2
19008,2
19009,2
19010,2
19011,2
19012,2
19013,0
19014,2
19015,2
19016,3
19017,2
19018,2
19019,2
19020,2
19021,2
19022,2
19023,0
19024,2
19025,2
19026,2
19027,2
19028,2
19029,2
19030,2
19031,2
19032,2
19033,2
19034,2
19035,2
19036,3
19037,2
19038,2
19039,2
19040,2
19041,2
19042,2
19043,2
19044,2
19045,2
19046,2
19047,1
19048,0
19049,2
19050,0
19051,2
19052,2
19053,2
19054,2
19055,2
19056,2
19057,3
19058,2
19059,2
19060,0
19061,2
19062,2
19063,2
19064,2
19065,2
19066,2
19067,2
19068,2
19069,2
19070,2
19071,2
19072,2
19073,2
19074,2
19075,2
19076,2
19077,2
19078,2
19079,2
19080,2
19081,2
19082,3
19083,0
19084,3
19085,0
19086,3
19087,3
19088,3
19089,2
19090,0
19091,0
19092,2
19093,2
19094,2
19095,2
19096,2
19097,2
19098,2
19099,2
19100,2
19101,2
19102,2
19103,2
19104,2
19105,2
19106,2
19107,2
19108,2
19109,2
19110,2
19111,2
19112,2
19113,2
19114,2
19115,2
19116,2
19117,2
19118,2
19119,2
19120,2
19121,2
19122,2
19123,2
19124,2
19125,2
19126,2
19127,2
19128,2
19129,2
19130,2
19131,2
19132,2
19133,2
19134,2
19135,0
19136,2
19137,2
19138,2
19139,2
19140,2
19141,2
19142,2
19143,2
19144,2
19145,2
19146,2
19147,2
19148,2
19149,2
19150,2
19151,2
19152,2
19153,3
19154,2
19155,2
19156,2
19157,0
19158,2
19159,2
19160,2
19161,2
19162,2
19163,2
19164,2
19165,2
19166,2
19167,2
19168,2
19169,2
19170,3
19171,3
19172,2
19173,2
19174,2
19175,2
19176,3
19177,2
19178,2
19179,2
19180,2
19181,2
19182,2
19183,2
19184,2
19185,3
19186,2
19187,3
19188,2
19189,2
19190,2
19191,2
19192,2
19193,2
19194,2
19195,2
19196,2
19197,2
19198,2
19199,2
19200,3
19201,2
19202,2
19203,2
19204,2
19205,2
19206,3
19207,2
19208,2
19209,2
19210,0
19211,2
19212,2
19213,2
19214,2
19215,2
19216,0
19217,2
19218,0
19219,0
19220,2
19221,2
19222,2
19223,2
19224,2
19225,2
19226,2
19227,2
19228,0
19229,2
19230,2
19231,2
19232,2
19233,2
19234,3
19235,2
19236,2
19237,2
19238,2
19239,2
19240,2
19241,2
19242,2
19243,2
19244,2
19245,2
19246,2
19247,2
19248,2
19249,2
19250,2
19251,2
19252,2
19253,2
19254,2
19255,2
19256,2
19257,2
19258,2
19259,2
19260,0
19261,2
19262,2
19263,0
19264,2
19265,2
19266,2
19267,2
19268,2
19269,2
19270,2
19271,2
19272,2
19273,2
19274,2
19275,0
19276,2
19277,3
19278,2
19279,2
19280,2
19281,2
19282,2
19283,2
19284,2
19285,2
19286,2
19287,2
19288,2
19289,2
19290,3
19291,2
19292,2
19293,2
19294,3
19295,2
19296,2
19297,2
19298,2
19299,1
19300,2
19301,2
19302,2
19303,2
19304,0
19305,2
19306,3
19307,3
19308,3
19309,2
19310,2
19311,2
19312,2
19313,2
19314,2
19315,2
19316,2
19317,2
19318,2
19319,2
19320,2
19321,2
19322,2
19323,2
19324,2
19325,2
19326,2
19327,2
19328,3
19329,2
19330,2
19331,2
19332,2
19333,2
19334,2
19335,2
19336,2
19337,2
19338,2
19339,2
19340,3
19341,2
19342,2
19343,2
19344,2
19345,2
19346,0
19347,2
19348,2
19349,2
19350,2
19351,0
19352,2
19353,2
19354,2
19355,2
19356,2
19357,2
19358,2
19359,3
19360,3
19361,2
19362,2
19363,2
19364,2
19365,2
19366,3
19367,2
19368,3
19369,2
19370,2
19371,2
19372,2
19373,0
19374,2
19375,3
19376,2
19377,2
19378,2
19379,3
19380,2
19381,2
19382,2
19383,2
19384,2
19385,2
19386,2
19387,2
19388,2
19389,2
19390,2
19391,2
19392,2
19393,3
19394,2
19395,2
19396,2
19397,2
19398,3
19399,2
19400,2
19401,2
19402,2
19403,3
19404,2
19405,2
19406,2
19407,2
19408,2
19409,2
19410,2
19411,2
19412,2
19413,2
19414,2
19415,2
19416,2
19417,2
19418,3
19419,2
19420,2
19421,2
19422,2
19423,2
19424,2
19425,2
19426,2
19427,2
19428,2
19429,2
19430,2
19431,2
19432,2
19433,2
19434,2
19435,2
19436,2
19437,2
19438,2
19439,2
19440,2
19441,2
19442,2
19443,2
19444,2
19445,2
19446,2
19447,2
19448,2
19449,2
19450,2
19451,2
19452,2
19453,2
19454,2
19455,2
19456,2
19457,2
19458,3
19459,3
19460,3
19461,3
19462,2
19463,2
19464,0
19465,2
19466,2
19467,2
19468,3
19469,2
19470,2
19471,2
19472,0
19473,2
19474,2
19475,3
19476,2
19477,2
19478,2
19479,2
19480,2
19481,2
19482,2
19483,2
19484,3
19485,2
19486,2
19487,2
19488,2
19489,1
19490,2
19491,2
19492,2
19493,2
19494,2
19495,2
19496,2
19497,2
19498,2
19499,2
19500,2
19501,2
19502,2
19503,2
19504,2
19505,2
19506,2
19507,2
19508,2
19509,2
19510,2
19511,2
19512,2
19513,2
19514,3
19515,3
19516,3
19517,3
19518,3
19519,3
19520,0
19521,2
19522,3
19523,0
19524,4
19525,2
19526,2
19527,0
19528,0
19529,2
19530,2
19531,2
19532,2
19533,2
19534,2
19535,2
19536,2
19537,2
19538,0
19539,2
19540,3
19541,0
19542,3
19543,0
19544,3
19545,2
19546,2
19547,3
19548,3
19549,2
19550,2
19551,2
19552,2
19553,3
19554,2
19555,2
19556,2
19557,2
19558,2
19559,0
19560,3
19561,2
19562,3
19563,0
19564,1
19565,0
19566,0
19567,3
19568,0
19569,2
19570,0
19571,0
19572,3
19573,2
19574,0
19575,0
19576,0
19577,0
19578,3
19579,0
19580,0
19581,3
19582,0
19583,0
19584,0
19585,3
19586,3
19587,3
19588,0
19589,3
19590,3
19591,3
19592,3
19593,3
19594,3
19595,3
19596,3
19597,3
19598,0
19599,3
19600,3
19601,3
19602,3
19603,0
19604,2
19605,0
19606,0
19607,3
19608,0
19609,3
19610,3
19611,3
19612,3
19613,3
19614,3
19615,2
19616,3
19617,3
19618,0
19619,0
19620,3
19621,2
19622,2
19623,2
19624,2
19625,2
19626,2
19627,2
19628,2
19629,0
19630,0
19631,2
19632,2
19633,2
19634,3
19635,2
19636,2
19637,3
19638,2
19639,3
19640,3
19641,3
19642,0
19643,0
19644,3
19645,3
19646,3
19647,3
19648,2
19649,3
19650,3
19651,3
19652,3
19653,3
19654,3
19655,3
19656,3
19657,0
19658,0
19659,3
19660,0
19661,0
19662,3
19663,3
19664,0
19665,0
19666,0
19667,0
19668,0
19669,0
19670,3
19671,3
19672,0
19673,3
19674,2
19675,0
19676,0
19677,2
19678,2
19679,0
19680,0
19681,2
19682,2
19683,2
19684,2
19685,0
19686,3
19687,0
19688,2
19689,0
19690,2
19691,3
19692,2
19693,2
19694,2
19695,0
19696,0
19697,0
19698,3
19699,3
19700,0
19701,3
19702,0
19703,3
19704,0
19705,0
19706,0
19707,0
19708,0
19709,0
19710,3
19711,0
19712,3
19713,2
19714,3
19715,3
19716,3
19717,1
19718,3
19719,3
19720,0
19721,3
19722,3
19723,3
19724,3
19725,3
19726,3
19727,3
19728,3
19729,3
19730,3
19731,1
19732,1
19733,1
19734,3
19735,3
19736,3
19737,3
19738,3
19739,0
19740,0
19741,1
19742,0
19743,0
19744,0
19745,3
19746,0
19747,0
19748,0
19749,0
19750,0
19751,0
19752,0
19753,3
19754,3
19755,3
19756,0
19757,2
19758,0
19759,0
19760,0
19761,0
19762,0
19763,3
19764,0
19765,3
19766,2
19767,3
19768,3
19769,3
19770,3
19771,2
19772,2
19773,2
19774,2
19775,2
19776,0
19777,0
19778,0
19779,3
19780,0
19781,0
19782,3
19783,2
19784,2
19785,3
19786,3
19787,3
19788,3
19789,0
19790,1
19791,1
19792,2
19793,0
19794,0
19795,0
19796,2
19797,0
19798,0
19799,0
19800,0
19801,0
19802,0
19803,0
19804,0
19805,0
19806,0
19807,1
19808,0
19809,0
19810,3
19811,3
19812,0
19813,3
19814,2
19815,3
19816,0
19817,0
19818,3
19819,2
19820,2
19821,0
19822,0
19823,0
19824,2
19825,3
19826,0
19827,0
19828,3
19829,3
19830,0
19831,2
19832,3
19833,0
19834,0
19835,2
19836,0
19837,0
19838,0
19839,0
19840,0
19841,0
19842,0
19843,0
19844,0
19845,0
19846,2
19847,3
19848,0
19849,0
19850,3
19851,3
19852,0
19853,2
19854,0
19855,2
19856,0
19857,2
19858,0
19859,0
19860,0
19861,3
19862,1
19863,1
19864,1
19865,3
19866,0
19867,2
19868,2
19869,3
19870,0
19871,0
19872,3
19873,2
19874,2
19875,3
19876,3
19877,3
19878,3
19879,2
19880,0
19881,0
19882,0
19883,0
19884,0
19885,3
19886,2
19887,2
19888,3
19889,3
19890,3
19891,2
19892,0
19893,2
19894,2
19895,3
19896,3
19897,2
19898,2
19899,2
19900,2
19901,0
19902,0
19903,2
19904,2
19905,2
19906,2
19907,2
19908,3
19909,3
19910,2
19911,2
19912,2
19913,3
19914,2
19915,3
19916,3
19917,3
19918,2
19919,3
19920,3
19921,2
19922,2
19923,2
19924,2
19925,2
19926,3
19927,2
19928,2
19929,2
19930,3
19931,2
19932,2
19933,2
19934,3
19935,2
19936,0
19937,0
19938,3
19939,3
19940,2
19941,0
19942,0
19943,2
19944,1
19945,1
19946,1
19947,1
19948,1
19949,1
19950,1
19951,1
19952,3
19953,2
19954,3
19955,0
19956,1
19957,1
19958,3
19959,1
19960,2
19961,2
19962,3
19963,0
19964,2
19965,0
19966,0
19967,0
19968,0
19969,0
19970,0
19971,0
19972,3
19973,3
19974,2
19975,2
19976,2
19977,3
19978,2
19979,2
19980,3
19981,3
19982,3
19983,2
19984,1
19985,2
19986,3
19987,2
19988,3
19989,2
19990,2
19991,3
19992,3
19993,3
19994,3
19995,3
19996,3
19997,3
19998,1
19999,3
20000,3
20001,2
20002,2
20003,3
20004,1
20005,2
20006,2
20007,2
20008,2
20009,2
20010,3
20011,2
20012,3
20013,2
20014,3
20015,3
20016,2
20017,2
20018,2
20019,2
20020,2
20021,2
20022,2
20023,1
20024,2
20025,2
20026,2
20027,2
20028,2
20029,3
20030,2
20031,2
20032,2
20033,2
20034,2
20035,2
20036,2
20037,2
20038,3
20039,3
20040,3
20041,2
20042,3
20043,2
20044,2
20045,2
20046,2
20047,2
20048,3
20049,3
20050,3
20051,2
20052,3
20053,2
20054,3
20055,2
20056,3
20057,3
20058,3
20059,3
20060,2
20061,2
20062,3
20063,3
20064,3
20065,2
20066,2
20067,2
20068,3
20069,3
20070,3
20071,3
20072,3
20073,3
20074,3
20075,3
20076,3
20077,3
20078,2
20079,3
20080,3
20081,3
20082,2
20083,2
20084,2
20085,3
20086,3
20087,3
20088,3
20089,2
20090,3
20091,3
20092,2
20093,3
20094,1
20095,3
20096,3
20097,3
20098,2
20099,3
20100,3
20101,3
20102,3
20103,3
20104,3
20105,3
20106,3
20107,3
20108,3
20109,3
20110,3
20111,3
20112,2
20113,2
20114,3
20115,3
20116,3
20117,2
20118,3
20119,2
20120,3
20121,2
20122,3
20123,0
20124,3
20125,2
20126,2
20127,3
20128,3
20129,3
20130,3
20131,0
20132,3
20133,3
20134,3
20135,3
20136,3
20137,2
20138,3
20139,3
20140,3
20141,3
20142,3
20143,3
20144,3
20145,3
20146,3
20147,3
20148,2
20149,3
20150,3
20151,3
20152,2
20153,3
20154,2
20155,3
20156,3
20157,3
20158,3
20159,2
20160,0
20161,3
20162,3
20163,3
20164,0
20165,3
20166,3
20167,3
20168,3
20169,3
20170,3
20171,3
20172,3
20173,3
20174,3
20175,3
20176,3
20177,3
20178,3
20179,3
20180,3
20181,3
20182,3
20183,3
20184,3
20185,3
20186,2
20187,3
20188,3
20189,3
20190,3
20191,3
20192,3
20193,3
20194,3
20195,3
20196,3
20197,3
20198,2
20199,3
20200,2
20201,3
20202,3
20203,2
20204,2
20205,2
20206,3
20207,3
20208,0
20209,0
20210,3
20211,3
20212,3
20213,3
20214,3
20215,3
20216,3
20217,3
20218,2
20219,3
20220,3
20221,3
20222,2
20223,3
20224,3
20225,3
20226,2
20227,3
20228,3
20229,3
20230,1
20231,3
20232,3
20233,3
20234,3
20235,3
20236,3
20237,3
20238,3
20239,0
20240,3
20241,2
20242,3
20243,3
20244,3
20245,2
20246,0
20247,3
20248,3
20249,3
20250,3
20251,3
20252,3
20253,3
20254,1
20255,3
20256,3
20257,3
20258,3
20259,3
20260,2
20261,2
20262,3
20263,3
20264,2
20265,3
20266,3
20267,3
20268,3
20269,3
20270,3
20271,3
20272,3
20273,3
20274,3
20275,2
20276,3
20277,3
20278,3
20279,3
20280,2
20281,3
20282,3
20283,2
20284,3
20285,3
20286,0
20287,2
20288,3
20289,3
20290,2
20291,3
20292,2
20293,3
20294,3
20295,3
20296,3
20297,3
20298,3
20299,3
20300,1
20301,3
20302,3
20303,3
20304,3
20305,3
20306,2
20307,1
20308,3
20309,3
20310,3
20311,0
20312,3
20313,0
20314,3
20315,3
20316,3
20317,3
20318,2
20319,2
20320,3
20321,3
20322,3
20323,3
20324,2
20325,2
20326,2
20327,3
20328,1
20329,3
20330,3
20331,3
20332,3
20333,3
20334,3
20335,3
20336,3
20337,3
20338,3
20339,2
20340,3
20341,3
20342,3
20343,3
20344,1
20345,3
20346,3
20347,2
20348,3
20349,2
20350,3
20351,3
20352,2
20353,1
20354,3
20355,0
20356,3
20357,3
20358,3
20359,3
20360,3
20361,3
20362,2
20363,3
20364,2
20365,3
20366,3
20367,2
20368,2
20369,3
20370,2
20371,2
20372,2
20373,2
20374,3
20375,3
20376,3
20377,2
20378,2
20379,3
20380,3
20381,3
20382,3
20383,3
20384,3
20385,2
20386,3
20387,2
20388,2
20389,3
20390,3
20391,3
20392,3
20393,2
20394,2
20395,3
20396,2
20397,3
20398,3
20399,3
20400,3
20401,3
20402,3
20403,3
20404,3
20405,3
20406,3
20407,3
20408,2
20409,3
20410,3
20411,2
20412,3
20413,2
20414,3
20415,3
20416,2
20417,2
20418,2
20419,2
20420,3
20421,3
20422,3
20423,3
20424,3
20425,3
20426,2
20427,2
20428,3
20429,3
20430,2
20431,3
20432,3
20433,3
20434,2
20435,2
20436,2
20437,2
20438,3
20439,3
20440,3
20441,3
20442,2
20443,3
20444,2
20445,3
20446,2
20447,3
20448,2
20449,3
20450,3
20451,3
20452,3
20453,3
20454,3
20455,3
20456,2
20457,2
20458,3
20459,3
20460,3
20461,3
20462,3
20463,3
20464,3
20465,3
20466,3
20467,3
20468,2
20469,2
20470,2
20471,2
20472,3
20473,2
20474,2
20475,3
20476,3
20477,3
20478,3
20479,3
20480,3
20481,3
20482,3
20483,3
20484,3
20485,3
20486,3
20487,3
20488,3
20489,3
20490,3
20491,3
20492,3
20493,0
20494,0
20495,0
20496,0
20497,1
20498,0
20499,0
20500,0
20501,0
20502,0
20503,0
20504,0
20505,0
20506,0
20507,0
20508,0
20509,0
20510,0
20511,0
20512,0
20513,0
20514,0
20515,0
20516,0
20517,0
20518,0
20519,0
20520,0
20521,0
20522,0
20523,0
20524,0
20525,0
20526,0
20527,0
20528,0
20529,0
20530,3
20531,3
20532,2
20533,2
20534,2
20535,3
20536,2
20537,2
20538,2
20539,2
20540,2
20541,2
20542,2
20543,2
20544,2
20545,2
20546,2
20547,2
20548,2
20549,3
20550,2
20551,3
20552,2
20553,2
20554,2
20555,3
20556,3
20557,1
20558,3
20559,3
20560,3
20561,0
20562,3
20563,2
20564,3
20565,2
20566,2
20567,3
20568,3
20569,2
20570,2
20571,2
20572,2
20573,2
20574,3
20575,2
20576,2
20577,2
20578,3
20579,0
20580,0
20581,0
20582,0
20583,0
20584,0
20585,0
20586,0
20587,0
20588,0
20589,0
20590,2
20591,2
20592,2
20593,2
20594,2
20595,3
20596,2
20597,2
20598,2
20599,2
20600,2
20601,2
20602,2
20603,2
20604,2
20605,2
20606,2
20607,2
20608,2
20609,3
20610,3
20611,2
20612,2
20613,3
20614,3
20615,3
20616,3
20617,3
20618,3
20619,3
20620,3
20621,3
20622,3
20623,3
20624,3
20625,3
20626,1
20627,1
20628,2
20629,1
20630,1
20631,1
20632,1
20633,1
20634,0
20635,0
20636,0
20637,0
20638,0
20639,3
20640,0
20641,0
20642,0
20643,0
20644,0
20645,0
20646,0
20647,3
20648,0
20649,0
20650,3
20651,1
20652,3
20653,3
20654,0
20655,2
20656,3
20657,0
20658,3
20659,3
20660,3
20661,0
20662,3
20663,2
20664,0
20665,3
20666,0
20667,0
20668,0
20669,0
20670,0
20671,0
20672,0
20673,0
20674,0
20675,0
20676,0
20677,2
20678,0
20679,2
20680,0
20681,0
20682,2
20683,2
20684,0
20685,0
20686,0
20687,3
20688,0
20689,0
20690,2
20691,1
20692,2
20693,3
20694,0
20695,0
20696,0
20697,0
20698,1
20699,1
20700,1
20701,1
20702,1
20703,3
20704,3
20705,3
20706,2
20707,3
20708,3
20709,1
20710,1
20711,3
20712,2
20713,3
20714,3
20715,3
20716,3
20717,0
20718,0
20719,0
20720,0
20721,0
20722,3
20723,3
20724,3
20725,3
20726,3
20727,3
20728,2
20729,2
20730,2
20731,2
20732,2
20733,2
20734,2
20735,2
20736,2
20737,2
20738,3
20739,2
20740,2
20741,2
20742,2
20743,2
20744,2
20745,2
20746,2
20747,2
20748,2
20749,2
20750,2
20751,2
20752,2
20753,2
20754,2
20755,2
20756,2
20757,2
20758,2
20759,2
20760,2
20761,2
20762,2
20763,2
20764,2
20765,2
20766,2
20767,2
20768,2
20769,2
20770,2
20771,2
20772,2
20773,2
20774,2
20775,2
20776,2
20777,2
20778,2
20779,2
20780,2
20781,2
20782,2
20783,2
20784,2
20785,2
20786,2
20787,2
20788,2
20789,2
20790,2
20791,2
20792,2
20793,2
20794,2
20795,2
20796,2
20797,2
20798,2
20799,2
20800,2
20801,2
20802,2
20803,2
20804,2
20805,2
20806,2
20807,2
20808,2
20809,2
20810,2
20811,2
20812,2
20813,2
20814,1
20815,1
20816,2
20817,2
20818,2
20819,2
20820,2
20821,2
20822,2
20823,2
20824,2
20825,2
20826,2
20827,2
20828,2
20829,2
20830,2
20831,2
20832,2
20833,2
20834,2
20835,2
20836,2
20837,2
20838,2
20839,2
20840,2
20841,2
20842,2
20843,2
20844,2
20845,2
20846,2
20847,2
20848,2
20849,3
20850,3
20851,2
20852,2
20853,0
20854,2
20855,0
20856,0
20857,0
20858,0
20859,0
20860,0
20861,2
20862,2
20863,2
20864,2
20865,0
20866,2
20867,1
20868,1
20869,1
20870,0
20871,1
20872,1
20873,0
20874,0
20875,3
20876,3
20877,3
20878,3
20879,3
20880,3
20881,3
20882,3
20883,3
20884,2
20885,2
20886,2
20887,2
20888,2
20889,0
20890,2
20891,2
20892,2
20893,3
20894,3
20895,3
20896,1
20897,2
20898,2
20899,0
20900,2
20901,3
20902,3
20903,2
20904,2
20905,3
20906,0
20907,2
20908,3
20909,3
20910,3
20911,3
20912,3
20913,3
20914,3
20915,3
20916,3
20917,2
20918,3
20919,3
20920,3
20921,3
20922,3
20923,3
20924,3
20925,3
20926,1
20927,3
20928,1
20929,3
20930,3
20931,3
20932,3
20933,0
20934,2
20935,2
20936,2
20937,0
20938,1
20939,1
20940,3
20941,0
20942,2
20943,2
20944,2
20945,2
20946,3
20947,0
20948,3
20949,0
20950,0
20951,3
20952,3
20953,3
20954,0
20955,0
20956,0
20957,3
20958,0
20959,0
20960,0
20961,2
20962,3
20963,3
20964,3
20965,2
20966,3
20967,3
20968,3
20969,2
20970,2
20971,3
20972,0
20973,0
20974,3
20975,3
20976,2
20977,2
20978,3
20979,3
20980,3
20981,2
20982,3
20983,2
20984,3
20985,3
20986,3
20987,3
20988,3
20989,3
20990,3
20991,3
20992,3
20993,3
20994,3
20995,3
20996,3
20997,3
20998,3
20999,3
21000,3
21001,3
21002,1
21003,3
21004,3
21005,3
21006,3
21007,1
21008,3
21009,1
21010,1
21011,1
21012,1
21013,1
21014,3
21015,3
21016,3
21017,3
21018,3
21019,1
21020,3
21021,1
21022,1
21023,1
21024,3
21025,2
21026,1
21027,3
21028,3
21029,1
21030,1
21031,1
21032,3
21033,1
21034,3
21035,3
21036,3
21037,1
21038,1
21039,1
21040,1
21041,1
21042,1
21043,3
21044,2
21045,3
21046,1
21047,1
21048,1
21049,3
21050,1
21051,3
21052,3
21053,3
21054,2
21055,2
21056,2
21057,3
21058,1
21059,3
21060,1
21061,3
21062,0
21063,0
21064,3
21065,3
21066,3
21067,2
21068,2
21069,0
21070,3
21071,2
21072,3
21073,0
21074,3
21075,3
21076,3
21077,3
21078,3
21079,3
21080,3
21081,3
21082,3
21083,0
21084,3
21085,3
21086,3
21087,3
21088,3
21089,0
21090,3
21091,1
21092,3
21093,3
21094,3
21095,0
21096,3
21097,3
21098,3
21099,3
21100,3
21101,3
21102,3
21103,3
21104,3
21105,1
21106,1
21107,3
21108,1
21109,1
21110,1
21111,0
21112,1
21113,3
21114,1
21115,1
21116,3
21117,1
21118,1
21119,1
21120,2
21121,3
21122,0
21123,2
21124,1
21125,3
21126,0
21127,3
21128,3
21129,1
21130,3
21131,3
21132,3
21133,3
21134,3
21135,0
21136,1
21137,1
21138,1
21139,1
21140,1
21141,1
21142,3
21143,1
21144,1
21145,1
21146,1
21147,1
21148,1
21149,1
21150,2
21151,1
21152,1
21153,1
21154,3
21155,3
21156,3
21157,3
21158,3
21159,3
21160,3
21161,3
21162,3
21163,3
21164,3
21165,3
21166,3
21167,3
21168,0
21169,3
21170,1
21171,3
21172,3
21173,3
21174,3
21175,3
21176,2
21177,2
21178,3
21179,3
21180,3
21181,3
21182,3
21183,2
21184,2
21185,0
21186,1
21187,1
21188,0
21189,0
21190,3
21191,1
21192,0
21193,3
21194,3
21195,3
21196,3
21197,1
21198,0
21199,3
21200,3
21201,2
21202,1
21203,3
21204,3
21205,3
21206,3
21207,2
21208,3
21209,3
21210,3
21211,3
21212,3
21213,0
21214,3
21215,1
21216,3
21217,0
21218,2
21219,2
21220,2
21221,2
21222,2
21223,2
21224,2
21225,2
21226,2
21227,2
21228,2
21229,2
21230,2
21231,2
21232,2
21233,2
21234,2
21235,2
21236,2
21237,2
21238,2
21239,2
21240,2
21241,2
21242,2
21243,2
21244,2
21245,2
21246,3
21247,0
21248,2
21249,3
21250,2
21251,2
21252,2
21253,2
21254,2
21255,2
21256,2
21257,2
21258,2
21259,2
21260,2
21261,2
21262,3
21263,2
21264,3
21265,2
21266,3
21267,0
21268,3
21269,3
21270,3
21271,3
21272,3
21273,3
21274,2
21275,3
21276,3
21277,3
21278,3
21279,3
21280,3
21281,3
21282,3
21283,3
21284,2
21285,2
21286,0
21287,3
21288,3
21289,3
21290,0
21291,3
21292,0
21293,3
21294,2
21295,2
21296,2
21297,3
21298,3
21299,2
21300,3
21301,2
21302,2
21303,2
21304,3
21305,2
21306,2
21307,2
21308,3
21309,0
21310,0
21311,2
21312,3
21313,3
21314,3
21315,0
21316,3
21317,0
21318,2
21319,3
21320,2
21321,3
21322,3
21323,3
21324,2
21325,2
21326,2
21327,2
21328,3
21329,3
21330,2
21331,2
21332,2
21333,0
21334,2
21335,3
21336,0
21337,2
21338,2
21339,3
21340,0
21341,3
21342,0
21343,2
21344,2
21345,3
21346,2
21347,2
21348,0
21349,2
21350,2
21351,0
21352,2
21353,2
21354,2
21355,2
21356,2
21357,2
21358,2
21359,3
21360,2
21361,2
21362,2
21363,2
21364,2
21365,2
21366,2
21367,2
21368,0
21369,2
21370,2
21371,2
21372,2
21373,2
21374,2
21375,2
21376,3
21377,2
21378,3
21379,2
21380,3
21381,2
21382,2
21383,2
21384,2
21385,3
21386,2
21387,2
21388,2
21389,2
21390,2
21391,2
21392,2
21393,2
21394,2
21395,0
21396,2
21397,2
21398,2
21399,0
21400,2
21401,2
21402,0
21403,2
21404,2
21405,3
21406,2
21407,2
21408,2
21409,2
21410,2
21411,2
21412,2
21413,0
21414,2
21415,2
21416,2
21417,2
21418,3
21419,0
21420,2
21421,2
21422,2
21423,3
21424,2
21425,0
21426,2
21427,3
21428,3
21429,2
21430,2
21431,2
21432,2
21433,2
21434,3
21435,3
21436,3
21437,3
21438,3
21439,3
21440,3
21441,3
21442,3
21443,2
21444,3
21445,2
21446,3
21447,3
21448,3
21449,3
21450,3
21451,3
21452,0
21453,0
21454,0
21455,0
21456,2
21457,3
21458,3
21459,3
21460,3
21461,3
21462,3
21463,3
21464,2
21465,2
21466,2
21467,2
21468,3
21469,3
21470,3
21471,2
21472,2
21473,2
21474,2
21475,3
21476,2
21477,2
21478,2
21479,2
21480,2
21481,2
21482,3
21483,2
21484,2
21485,2
21486,2
21487,2
21488,0
21489,2
21490,2
21491,3
21492,2
21493,2
21494,0
21495,2
21496,2
21497,2
21498,2
21499,2
21500,3
21501,2
21502,2
21503,3
21504,2
21505,2
21506,2
21507,2
21508,3
21509,3
21510,3
21511,3
21512,0
21513,3
21514,0
21515,3
21516,2
21517,2
21518,2
21519,2
21520,2
21521,2
21522,2
21523,3
21524,3
21525,3
21526,2
21527,2
21528,3
21529,3
21530,2
21531,2
21532,2
21533,0
21534,3
21535,2
21536,2
21537,2
21538,2
21539,2
21540,2
21541,2
21542,2
21543,2
21544,2
21545,2
21546,2
21547,2
21548,2
21549,2
21550,2
21551,2
21552,2
21553,2
21554,2
21555,2
21556,2
21557,2
21558,2
21559,2
21560,2
21561,2
21562,2
21563,3
21564,1
21565,3
21566,3
21567,3
21568,2
21569,3
21570,3
21571,3
21572,1
21573,3
21574,3
21575,3
21576,3
21577,3
21578,3
21579,3
21580,3
21581,2
21582,2
21583,2
21584,2
21585,2
21586,3
21587,3
21588,0
21589,0
21590,0
21591,2
21592,0
21593,2
21594,3
21595,3
21596,2
21597,2
21598,2
21599,3
21600,2
21601,2
21602,2
21603,3
21604,3
21605,3
21606,0
21607,2
21608,2
21609,3
21610,3
21611,3
21612,3
21613,2
21614,0
21615,2
21616,2
21617,2
21618,2
21619,2
21620,2
21621,3
21622,2
21623,2
21624,2
21625,2
21626,2
21627,2
21628,2
21629,2
21630,2
21631,2
21632,2
21633,2
21634,2
21635,2
21636,2
21637,2
21638,2
21639,2
21640,2
21641,2
21642,2
21643,2
21644,3
21645,2
21646,2
21647,2
21648,0
21649,3
21650,2
21651,2
21652,2
21653,2
21654,2
21655,2
21656,2
21657,2
21658,0
21659,2
21660,2
21661,2
21662,2
21663,3
21664,3
21665,3
21666,2
21667,2
21668,2
21669,2
21670,2
21671,2
21672,2
21673,2
21674,2
21675,2
21676,0
21677,2
21678,2
21679,2
21680,2
21681,2
21682,2
21683,0
21684,3
21685,3
21686,2
21687,2
21688,2
21689,0
21690,0
21691,2
21692,2
21693,2
21694,2
21695,2
21696,2
21697,2
21698,2
21699,2
21700,2
21701,0
21702,2
21703,2
21704,2
21705,2
21706,2
21707,2
21708,2
21709,0
21710,2
21711,2
21712,2
21713,2
21714,2
21715,2
21716,2
21717,0
21718,2
21719,2
21720,2
21721,2
21722,2
21723,2
21724,2
21725,3
21726,2
21727,2
21728,2
21729,2
21730,2
21731,2
21732,2
21733,2
21734,2
21735,3
21736,2
21737,0
21738,2
21739,2
21740,0
21741,0
21742,2
21743,3
21744,0
21745,2
21746,2
21747,2
21748,3
21749,2
21750,2
21751,2
21752,3
21753,0
21754,2
21755,2
21756,0
21757,2
21758,2
21759,3
21760,2
21761,3
21762,3
21763,3
21764,1
21765,3
21766,2
21767,2
21768,2
21769,2
21770,2
21771,2
21772,2
21773,2
21774,2
21775,2
21776,0
21777,0
21778,2
21779,2
21780,2
21781,2
21782,0
21783,2
21784,0
21785,2
21786,2
21787,2
21788,2
21789,2
21790,2
21791,2
21792,2
21793,2
21794,2
21795,2
21796,2
21797,2
21798,2
21799,2
21800,2
21801,2
21802,2
21803,2
21804,2
21805,2
21806,2
21807,2
21808,2
21809,2
21810,0
21811,2
21812,2
21813,2
21814,0
21815,3
21816,2
21817,0
21818,2
21819,2
21820,2
21821,2
21822,2
21823,2
21824,2
21825,2
21826,2
21827,2
21828,2
21829,2
21830,2
21831,2
21832,2
21833,1
21834,3
21835,3
21836,0
21837,2
21838,2
21839,2
21840,3
21841,3
21842,2
21843,2
21844,2
21845,0
21846,0
21847,2
21848,3
21849,2
21850,0
21851,3
21852,2
21853,2
21854,0
21855,2
21856,0
21857,2
21858,2
21859,2
21860,2
21861,2
21862,3
21863,2
21864,2
21865,2
21866,0
21867,2
21868,2
21869,2
21870,2
21871,3
21872,3
21873,2
21874,2
21875,2
21876,2
21877,3
21878,2
21879,2
21880,2
21881,2
21882,2
21883,2
21884,0
21885,2
21886,2
21887,2
21888,2
21889,2
21890,2
21891,0
21892,2
21893,2
21894,2
21895,2
21896,2
21897,2
21898,2
21899,2
21900,2
21901,0
21902,0
21903,2
21904,2
21905,2
21906,2
21907,2
21908,2
21909,2
21910,2
21911,3
21912,2
21913,3
21914,2
21915,3
21916,2
21917,2
21918,2
21919,2
21920,3
21921,3
21922,3
21923,3
21924,3
21925,3
21926,2
21927,2
21928,2
21929,2
21930,3
21931,2
21932,2
21933,2
21934,2
21935,3
21936,2
21937,2
21938,2
21939,2
21940,0
21941,2
21942,2
21943,2
21944,2
21945,2
21946,2
21947,2
21948,2
21949,2
21950,2
21951,2
21952,2
21953,2
21954,2
21955,2
21956,2
21957,2
21958,2
21959,2
21960,2
21961,2
21962,2
21963,3
21964,3
21965,3
21966,2
21967,0
21968,2
21969,3
21970,3
21971,2
21972,3
21973,3
21974,3
21975,2
21976,3
21977,1
21978,1
21979,3
21980,3
21981,2
21982,2
21983,3
21984,3
21985,3
21986,3
21987,3
21988,2
21989,3
21990,2
21991,2
21992,2
21993,0
21994,0
21995,0
21996,2
21997,2
21998,2
21999,2
22000,2
22001,3
22002,2
22003,3
22004,2
22005,3
22006,2
22007,0
22008,3
22009,3
22010,0
22011,3
22012,2
22013,0
22014,2
22015,2
22016,1
22017,1
22018,2
22019,2
22020,0
22021,0
22022,2
22023,0
22024,2
22025,2
22026,3
22027,2
22028,2
22029,2
22030,0
22031,3
22032,3
22033,2
22034,3
22035,3
22036,0
22037,3
22038,2
22039,3
22040,0
22041,0
22042,2
22043,0
22044,3
22045,3
22046,3
22047,2
22048,2
22049,0
22050,2
22051,2
22052,2
22053,2
22054,0
22055,0
22056,0
22057,2
22058,3
22059,3
22060,2
22061,2
22062,2
22063,2
22064,2
22065,2
22066,0
22067,3
22068,2
22069,2
22070,2
22071,2
22072,2
22073,2
22074,2
22075,2
22076,0
22077,0
22078,2
22079,0
22080,2
22081,0
22082,2
22083,2
22084,0
22085,2
22086,2
22087,2
22088,2
22089,2
22090,2
22091,2
22092,2
22093,2
22094,2
22095,0
22096,2
22097,2
22098,2
22099,2
22100,2
22101,2
22102,2
22103,2
22104,2
22105,2
22106,2
22107,2
22108,2
22109,2
22110,2
22111,2
22112,2
22113,2
22114,2
22115,2
22116,2
22117,2
22118,3
22119,2
22120,0
22121,3
22122,2
22123,2
22124,2
22125,2
22126,2
22127,2
22128,2
22129,2
22130,2
22131,2
22132,2
22133,2
22134,2
22135,2
22136,2
22137,2
22138,2
22139,2
22140,2
22141,2
22142,2
22143,2
22144,2
22145,2
22146,2
22147,2
22148,2
22149,2
22150,2
22151,2
22152,2
22153,2
22154,2
22155,2
22156,2
22157,2
22158,2
22159,2
22160,2
22161,2
22162,2
22163,2
22164,2
22165,2
22166,2
22167,2
22168,2
22169,2
22170,2
22171,2
22172,2
22173,2
22174,2
22175,2
22176,2
22177,2
22178,2
22179,2
22180,2
22181,2
22182,2
22183,2
22184,2
22185,2
22186,2
22187,2
22188,0
22189,2
22190,0
22191,2
22192,2
22193,2
22194,2
22195,3
22196,2
22197,2
22198,2
22199,2
22200,2
22201,2
22202,2
22203,0
22204,2
22205,2
22206,2
22207,2
22208,2
22209,2
22210,2
22211,2
22212,2
22213,2
22214,2
22215,2
22216,2
22217,2
22218,2
22219,2
22220,2
22221,2
22222,2
22223,2
22224,2
22225,2
22226,2
22227,2
22228,2
22229,2
22230,2
22231,2
22232,2
22233,2
22234,2
22235,2
22236,2
22237,2
22238,2
22239,3
22240,2
22241,2
22242,2
22243,2
22244,2
22245,2
22246,2
22247,2
22248,2
22249,3
22250,2
22251,3
22252,3
22253,2
22254,2
22255,2
22256,2
22257,3
22258,2
22259,2
22260,2
22261,2
22262,2
22263,2
22264,3
22265,3
22266,2
22267,2
22268,2
22269,2
22270,2
22271,0
22272,0
22273,0
22274,2
22275,2
22276,2
22277,2
22278,2
22279,2
22280,2
22281,2
22282,2
22283,2
22284,2
22285,2
22286,2
22287,2
22288,2
22289,2
22290,2
22291,2
22292,2
22293,2
22294,2
22295,2
22296,2
22297,2
22298,2
22299,2
22300,2
22301,2
22302,2
22303,2
22304,2
22305,2
22306,2
22307,2
22308,2
22309,2
22310,2
22311,2
22312,2
22313,2
22314,2
22315,2
22316,2
22317,2
22318,2
22319,2
22320,2
22321,2
22322,2
22323,2
22324,2
22325,0
22326,3
22327,3
22328,2
22329,2
22330,0
22331,2
22332,2
22333,2
22334,2
22335,2
22336,2
22337,2
22338,2
22339,2
22340,2
22341,2
22342,3
22343,2
22344,2
22345,2
22346,2
22347,2
22348,3
22349,0
22350,2
22351,2
22352,2
22353,2
22354,2
22355,2
22356,2
22357,2
22358,0
22359,2
22360,2
22361,2
22362,2
22363,2
22364,2
22365,2
22366,2
22367,2
22368,2
22369,2
22370,2
22371,2
22372,3
22373,2
22374,3
22375,1
22376,1
22377,1
22378,3
22379,3
22380,2
22381,0
22382,2
22383,3
22384,3
22385,0
22386,3
22387,2
22388,2
22389,0
22390,0
22391,3
22392,3
22393,2
22394,2
22395,3
22396,3
22397,3
22398,3
22399,2
22400,3
22401,2
22402,2
22403,2
22404,2
22405,0
22406,2
22407,2
22408,2
22409,0
22410,2
22411,3
22412,2
22413,3
22414,3
22415,2
22416,3
22417,3
22418,0
22419,0
22420,3
22421,0
22422,0
22423,2
22424,0
22425,0
22426,2
22427,2
22428,2
22429,0
22430,0
22431,0
22432,2
22433,2
22434,2
22435,2
22436,2
22437,2
22438,2
22439,2
22440,2
22441,2
22442,2
22443,2
22444,2
22445,2
22446,3
22447,2
22448,0
22449,2
22450,0
22451,2
22452,3
22453,3
22454,0
22455,3
22456,2
22457,2
22458,2
22459,2
22460,2
22461,0
22462,2
22463,2
22464,2
22465,2
22466,2
22467,2
22468,2
22469,2
22470,2
22471,2
22472,2
22473,2
22474,2
22475,2
22476,2
22477,2
22478,2
22479,2
22480,2
22481,2
22482,2
22483,2
22484,3
22485,0
22486,2
22487,2
22488,2
22489,3
22490,3
22491,3
22492,0
22493,0
22494,0
22495,1
22496,3
22497,0
22498,3
22499,3
22500,3
22501,3
22502,2
22503,2
22504,0
22505,3
22506,2
22507,2
22508,2
22509,3
22510,3
22511,3
22512,0
22513,3
22514,0
22515,3
22516,0
22517,0
22518,1
22519,0
22520,3
22521,3
22522,3
22523,3
22524,3
22525,3
22526,3
22527,3
22528,3
22529,3
22530,3
22531,1
22532,3
22533,3
22534,0
22535,0
22536,0
22537,0
22538,0
22539,0
22540,1
22541,0
22542,0
22543,3
22544,0
22545,0
22546,0
22547,0
22548,3
22549,3
22550,2
22551,2
22552,2
22553,2
22554,2
22555,2
22556,2
22557,2
22558,2
22559,2
22560,2
22561,3
22562,3
22563,3
22564,3
22565,3
22566,3
22567,3
22568,3
22569,3
22570,2
22571,3
22572,2
22573,2
22574,3
22575,3
22576,3
22577,3
22578,2
22579,1
22580,3
22581,3
22582,1
22583,3
22584,0
22585,2
22586,0
22587,3
22588,3
22589,1
22590,1
22591,1
22592,3
22593,3
22594,3
22595,3
22596,3
22597,2
22598,2
22599,2
22600,3
22601,3
22602,3
22603,3
22604,3
22605,3
22606,1
22607,3
22608,3
22609,0
22610,2
22611,2
22612,2
22613,2
22614,2
22615,2
22616,2
22617,2
22618,2
22619,2
22620,2
22621,2
22622,2
22623,2
22624,3
22625,2
22626,3
22627,0
22628,3
22629,3
22630,2
22631,1
22632,1
22633,2
22634,3
22635,3
22636,2
22637,2
22638,1
22639,1
22640,0
22641,1
22642,3
22643,3
22644,1
22645,1
22646,2
22647,2
22648,3
22649,3
22650,3
22651,3
22652,0
22653,0
22654,3
22655,3
22656,3
22657,2
22658,0
22659,3
22660,3
22661,2
22662,0
22663,3
22664,1
22665,2
22666,3
22667,3
22668,1
22669,3
22670,1
22671,2
22672,3
22673,1
22674,1
22675,2
22676,3
22677,3
22678,3
22679,1
22680,1
22681,3
22682,2
22683,3
22684,3
22685,2
22686,3
22687,3
22688,1
22689,3
22690,3
22691,1
22692,3
22693,3
22694,2
22695,3
22696,3
22697,2
22698,0
22699,3
22700,3
22701,3
22702,3
22703,3
22704,2
22705,2
22706,1
22707,3
22708,3
22709,3
22710,3
22711,1
22712,1
22713,0
22714,3
22715,0
22716,1
22717,0
22718,3
22719,2
22720,1
22721,3
22722,3
22723,2
22724,1
22725,3
22726,3
22727,3
22728,3
22729,0
22730,0
22731,3
22732,3
22733,3
22734,3
22735,3
22736,1
22737,3
22738,3
22739,0
22740,3
22741,3
22742,2
22743,2
22744,3
22745,3
22746,2
22747,2
22748,2
22749,2
22750,3
22751,2
22752,3
22753,3
22754,1
22755,3
22756,0
22757,2
22758,3
22759,3
22760,0
22761,0
22762,1
22763,3
22764,0
22765,0
22766,0
22767,0
22768,3
22769,3
22770,2
22771,0
22772,3
22773,2
22774,0
22775,2
22776,3
22777,3
22778,1
22779,1
22780,1
22781,2
22782,3
22783,3
22784,3
22785,3
22786,3
22787,3
22788,3
22789,1
22790,3
22791,1
22792,1
22793,0
22794,3
22795,3
22796,3
22797,3
22798,3
22799,3
22800,3
22801,1
22802,3
22803,3
22804,1
22805,3
22806,3
22807,3
22808,0
22809,0
22810,0
22811,0
22812,0
22813,1
22814,3
22815,3
22816,3
22817,3
22818,3
22819,0
22820,0
22821,0
22822,1
22823,1
22824,1
22825,0
22826,1
22827,0
22828,1
22829,3
22830,3
22831,3
22832,3
22833,3
22834,3
22835,3
22836,3
22837,0
22838,0
22839,0
22840,0
22841,3
22842,0
22843,3
22844,3
22845,3
22846,3
22847,3
22848,0
22849,2
22850,2
22851,2
22852,3
22853,3
22854,3
22855,3
22856,1
22857,0
22858,2
22859,3
22860,3
22861,3
22862,3
22863,3
22864,3
22865,3
22866,3
22867,3
22868,3
22869,2
22870,1
22871,2
22872,1
22873,3
22874,3
22875,1
22876,3
22877,1
22878,3
22879,2
22880,0
22881,3
22882,1
22883,1
22884,3
22885,3
22886,3
22887,3
22888,3
22889,3
22890,3
22891,0
22892,3
22893,3
22894,3
22895,3
22896,3
22897,3
22898,1
22899,0
22900,3
22901,3
22902,3
22903,3
22904,3
22905,0
22906,3
22907,3
22908,3
22909,1
22910,3
22911,3
22912,3
22913,3
22914,3
22915,3
22916,3
22917,3
22918,3
22919,3
22920,2
22921,3
22922,3
22923,2
22924,3
22925,3
22926,3
22927,3
22928,2
22929,3
22930,3
22931,3
22932,3
22933,3
22934,3
22935,3
22936,3
22937,1
22938,3
22939,0
22940,3
22941,3
22942,3
22943,3
22944,2
22945,3
22946,3
22947,3
22948,3
22949,3
22950,3
22951,3
22952,3
22953,3
22954,3
22955,3
22956,2
22957,3
22958,1
22959,3
22960,3
22961,3
22962,2
22963,3
22964,0
22965,0
22966,0
22967,2
22968,3
22969,2
22970,3
22971,3
22972,3
22973,3
22974,3
22975,2
22976,3
22977,1
22978,1
22979,3
22980,3
22981,2
22982,3
22983,3
22984,2
22985,0
22986,2
22987,0
22988,3
22989,3
22990,3
22991,0
22992,0
22993,0
22994,0
22995,0
22996,0
22997,0
22998,0
22999,3
23000,0
23001,0
23002,1
23003,1
23004,3
23005,3
23006,3
23007,1
23008,1
23009,1
23010,3
23011,3
23012,3
23013,3
23014,3
23015,3
23016,1
23017,2
23018,1
23019,0
23020,0
23021,0
23022,1
23023,3
23024,1
23025,3
23026,3
23027,3
23028,3
23029,3
23030,3
23031,3
23032,3
23033,3
23034,3
23035,0
23036,3
23037,3
23038,3
23039,3
23040,3
23041,3
23042,3
23043,3
23044,3
23045,3
23046,3
23047,3
23048,1
23049,0
23050,0
23051,0
23052,3
23053,3
23054,0
23055,3
23056,3
23057,3
23058,3
23059,3
23060,3
23061,3
23062,1
23063,3
23064,3
23065,3
23066,3
23067,3
23068,3
23069,3
23070,3
23071,1
23072,3
23073,3
23074,3
23075,3
23076,3
23077,3
23078,3
23079,3
23080,3
23081,1
23082,1
23083,3
23084,1
23085,0
23086,3
23087,0
23088,1
23089,0
23090,0
23091,3
23092,1
23093,0
23094,3
23095,2
23096,3
23097,3
23098,3
23099,3
23100,1
23101,3
23102,3
23103,3
23104,3
23105,3
23106,3
23107,3
23108,3
23109,3
23110,3
23111,3
23112,3
23113,3
23114,0
23115,2
23116,3
23117,1
23118,0
23119,3
23120,3
23121,3
23122,3
23123,3
23124,3
23125,1
23126,3
23127,1
23128,1
23129,1
23130,1
23131,1
23132,0
23133,1
23134,0
23135,0
23136,0
23137,0
23138,3
23139,3
23140,3
23141,3
23142,1
23143,3
23144,3
23145,3
23146,1
23147,1
23148,3
23149,3
23150,3
23151,3
23152,3
23153,1
23154,3
23155,3
23156,0
23157,0
23158,0
23159,1
23160,3
23161,3
23162,3
23163,0
23164,3
23165,1
23166,1
23167,3
23168,3
23169,0
23170,2
23171,3
23172,3
23173,3
23174,3
23175,3
23176,1
23177,3
23178,3
23179,0
23180,0
23181,1
23182,0
23183,1
23184,1
23185,3
23186,1
23187,3
23188,3
23189,1
23190,1
23191,1
23192,1
23193,1
23194,1
23195,1
23196,1
23197,1
23198,3
23199,1
23200,3
23201,1
23202,3
23203,1
23204,3
23205,1
23206,2
23207,2
23208,0
23209,2
23210,2
23211,3
23212,3
23213,2
23214,1
23215,2
23216,1
23217,1
23218,2
23219,1
23220,1
23221,2
23222,3
23223,3
23224,3
23225,2
23226,3
23227,3
23228,3
23229,3
23230,1
23231,3
23232,2
23233,3
23234,0
23235,0
23236,1
23237,3
23238,2
23239,3
23240,0
23241,3
23242,2
23243,3
23244,3
23245,2
23246,3
23247,1
23248,0
23249,1
23250,0
23251,1
23252,2
23253,2
23254,2
23255,2
23256,2
23257,1
23258,2
23259,3
23260,3
23261,2
23262,3
23263,3
23264,2
23265,2
23266,3
23267,1
23268,3
23269,1
23270,2
23271,2
23272,3
23273,3
23274,2
23275,3
23276,3
23277,1
23278,2
23279,1
23280,1
23281,1
23282,1
23283,3
23284,2
23285,3
23286,3
23287,3
23288,3
23289,3
23290,2
23291,3
23292,3
23293,3
23294,3
23295,3
23296,2
23297,3
23298,3
23299,1
23300,3
23301,3
23302,2
23303,3
23304,2
23305,2
23306,3
23307,2
23308,2
23309,2
23310,3
23311,1
23312,3
23313,3
23314,0
23315,3
23316,0
23317,0
23318,0
23319,0
23320,2
23321,1
23322,1
23323,1
23324,3
23325,3
23326,3
23327,3
23328,3
23329,2
23330,3
23331,3
23332,3
23333,3
23334,3
23335,3
23336,3
23337,3
23338,1
23339,3
23340,2
23341,3
23342,3
23343,3
23344,3
23345,3
23346,3
23347,3
23348,2
23349,3
23350,3
23351,3
23352,2
23353,3
23354,2
23355,0
23356,3
23357,2
23358,0
23359,3
23360,3
23361,0
23362,0
23363,2
23364,2
23365,0
23366,0
23367,2
23368,0
23369,2
23370,2
23371,0
23372,0
23373,0
23374,3
23375,3
23376,1
23377,2
23378,2
23379,1
23380,2
23381,2
23382,1
23383,3
23384,1
23385,1
23386,2
23387,1
23388,2
23389,3
23390,3
23391,3
23392,1
23393,2
23394,0
23395,3
23396,0
23397,3
23398,2
23399,1
23400,3
23401,3
23402,3
23403,3
23404,2
23405,2
23406,3
23407,1
23408,1
23409,2
23410,3
23411,2
23412,2
23413,1
23414,3
23415,2
23416,3
23417,1
23418,3
23419,3
23420,3
23421,2
23422,2
23423,1
23424,3
23425,2
23426,3
23427,3
23428,3
23429,1
23430,2
23431,3
23432,3
23433,3
23434,3
23435,3
23436,1
23437,3
23438,3
23439,1
23440,1
23441,1
23442,1
23443,2
23444,2
23445,0
23446,0
23447,0
23448,0
23449,0
23450,0
23451,0
23452,0
23453,3
23454,3
23455,0
23456,2
23457,2
23458,3
23459,2
23460,3
23461,1
23462,0
23463,3
23464,2
23465,0
23466,3
23467,3
23468,2
23469,3
23470,0
23471,0
23472,3
23473,2
23474,3
23475,2
23476,3
23477,0
23478,2
23479,3
23480,3
23481,0
23482,2
23483,0
23484,1
23485,2
23486,3
23487,3
23488,3
23489,1
23490,2
23491,3
23492,1
23493,3
23494,3
23495,3
23496,2
23497,2
23498,3
23499,1
23500,3
23501,2
23502,3
23503,2
23504,3
23505,3
23506,3
23507,2
23508,3
23509,3
23510,0
23511,0
23512,1
23513,0
23514,0
23515,0
23516,0
23517,0
23518,0
23519,2
23520,0
23521,0
23522,3
23523,1
23524,3
23525,3
23526,3
23527,1
23528,0
23529,0
23530,0
23531,0
23532,3
23533,3
23534,3
23535,2
23536,3
23537,3
23538,1
23539,3
23540,2
23541,0
23542,1
23543,0
23544,3
23545,0
23546,3
23547,3
23548,1
23549,1
23550,0
23551,1
23552,1
23553,1
23554,3
23555,1
23556,2
23557,1
23558,3
23559,0
23560,3
23561,3
23562,0
23563,3
23564,3
23565,1
23566,3
23567,1
23568,1
23569,1
23570,0
23571,1
23572,0
23573,2
23574,0
23575,0
23576,0
23577,0
23578,0
23579,0
23580,0
23581,3
23582,3
23583,3
23584,3
23585,1
23586,3
23587,3
23588,1
23589,0
23590,0
23591,0
23592,2
23593,2
23594,3
23595,0
23596,0
23597,0
23598,3
23599,1
23600,1
23601,3
23602,2
23603,1
23604,1
23605,3
23606,0
23607,0
23608,2
23609,1
23610,1
23611,3
23612,1
23613,0
23614,1
23615,1
23616,1
23617,1
23618,1
23619,3
23620,1
23621,3
23622,2
23623,1
23624,0
23625,2
23626,2
23627,0
23628,2
23629,0
23630,0
23631,0
23632,1
23633,3
23634,2
23635,2
23636,3
23637,1
23638,2
23639,3
23640,3
23641,3
23642,3
23643,1
23644,1
23645,3
23646,3
23647,2
23648,2
23649,0
23650,3
23651,1
23652,2
23653,3
23654,2
23655,3
23656,1
23657,0
23658,1
23659,1
23660,1
23661,1
23662,1
23663,1
23664,1
23665,2
23666,0
23667,1
23668,2
23669,2
23670,1
23671,1
23672,1
23673,1
23674,1
23675,1
23676,1
23677,1
23678,1
23679,1
23680,1
23681,1
23682,2
23683,1
23684,1
23685,1
23686,1
23687,1
23688,1
23689,1
23690,1
23691,1
23692,1
23693,1
23694,1
23695,2
23696,1
23697,1
23698,1
23699,1
23700,2
23701,1
23702,2
23703,0
23704,2
23705,0
23706,0
23707,2
23708,3
23709,3
23710,3
23711,2
23712,3
23713,3
23714,3
23715,3
23716,3
23717,2
23718,0
23719,2
23720,3
23721,3
23722,3
23723,0
23724,0
23725,3
23726,3
23727,2
23728,0
23729,3
23730,3
23731,2
23732,2
23733,2
23734,2
23735,2
23736,2
23737,3
23738,2
23739,1
23740,2
23741,2
23742,2
23743,2
23744,2
23745,2
23746,2
23747,2
23748,2
23749,3
23750,2
23751,2
23752,2
23753,2
23754,2
23755,0
23756,2
23757,0
23758,2
23759,2
23760,0
23761,3
23762,2
23763,2
23764,2
23765,1
23766,1
23767,1
23768,1
23769,2
23770,1
23771,0
23772,0
23773,0
23774,2
23775,0
23776,1
23777,2
23778,1
23779,1
23780,3
23781,0
23782,1
23783,3
23784,3
23785,1
23786,1
23787,0
23788,0
23789,0
23790,2
23791,2
23792,1
23793,0
23794,0
23795,0
23796,0
23797,0
23798,0
23799,0
23800,0
23801,0
23802,3
23803,1
23804,3
23805,0
23806,0
23807,0
23808,0
23809,0
23810,0
23811,2
23812,0
23813,0
23814,0
23815,0
23816,3
23817,1
23818,1
23819,0
23820,0
23821,0
23822,0
23823,2
23824,1
23825,0
23826,0
23827,0
23828,0
23829,2
23830,0
23831,2
23832,1
23833,1
23834,0
23835,0
23836,0
23837,0
23838,0
23839,0
23840,0
23841,2
23842,2
23843,2
23844,3
23845,3
23846,2
23847,2
23848,0
23849,2
23850,2
23851,2
23852,2
23853,2
23854,0
23855,2
23856,2
23857,2
23858,2
23859,2
23860,2
23861,1
23862,2
23863,0
23864,2
23865,2
23866,2
23867,0
23868,2
23869,0
23870,2
23871,2
23872,0
23873,2
23874,2
23875,2
23876,2
23877,2
23878,2
23879,2
23880,2
23881,0
23882,2
23883,2
23884,2
23885,2
23886,0
23887,1
23888,0
23889,0
23890,0
23891,0
23892,0
23893,2
23894,0
23895,0
23896,0
23897,0
23898,0
23899,0
23900,0
23901,0
23902,2
23903,0
23904,2
23905,0
23906,0
23907,2
23908,0
23909,3
23910,3
23911,0
23912,0
23913,2
23914,0
23915,2
23916,2
23917,2
23918,2
23919,3
23920,3
23921,3
23922,2
23923,0
23924,2
23925,2
23926,3
23927,3
23928,3
23929,2
23930,3
23931,3
23932,1
23933,2
23934,0
23935,3
23936,3
23937,2
23938,2
23939,1
23940,0
23941,3
23942,3
23943,2
23944,3
23945,0
23946,2
23947,2
23948,0
23949,0
23950,1
23951,1
23952,0
23953,2
23954,2
23955,2
23956,2
23957,2
23958,2
23959,1
23960,1
23961,1
23962,0
23963,1
23964,2
23965,2
23966,3
23967,1
23968,0
23969,2
23970,1
23971,1
23972,1
23973,1
23974,1
23975,1
23976,1
23977,1
23978,1
23979,2
23980,1
23981,2
23982,2
23983,2
23984,3
23985,0
23986,2
23987,0
23988,0
23989,0
23990,0
23991,0
23992,0
23993,2
23994,2
23995,0
23996,1
23997,1
23998,1
23999,1
24000,0
24001,3
24002,1
24003,2
24004,2
24005,0
24006,3
24007,0
24008,0
24009,2
24010,2
24011,3
24012,3
24013,3
24014,3
24015,3
24016,3
24017,3
24018,3
24019,0
24020,3
24021,3
24022,3
24023,3
24024,3
24025,3
24026,3
24027,3
24028,3
24029,0
24030,1
24031,2
24032,0
24033,2
24034,3
24035,2
24036,0
24037,0
24038,0
24039,0
24040,0
24041,0
24042,0
24043,0
24044,0
24045,0
24046,0
24047,2
24048,1
24049,0
24050,2
24051,0
24052,3
24053,1
24054,1
24055,0
24056,2
24057,2
24058,0
24059,2
24060,3
24061,2
24062,3
24063,0
24064,2
24065,2
24066,0
24067,0
24068,2
24069,2
24070,2
24071,2
24072,1
24073,0
24074,2
24075,0
24076,2
24077,0
24078,1
24079,1
24080,2
24081,0
24082,2
24083,2
24084,0
24085,2
24086,1
24087,1
24088,0
24089,2
24090,0
24091,2
24092,2
24093,1
24094,1
24095,1
24096,3
24097,0
24098,3
24099,0
24100,3
24101,0
24102,3
24103,0
24104,1
24105,1
24106,1
24107,1
24108,3
24109,0
24110,0
24111,0
24112,2
24113,2
24114,0
24115,2
24116,3
24117,1
24118,1
24119,1
24120,0
24121,0
24122,2
24123,0
24124,1
24125,3
24126,0
24127,0
24128,0
24129,2
24130,0
24131,2
24132,2
24133,3
24134,2
24135,2
24136,3
24137,0
24138,0
24139,0
24140,3
24141,2
24142,1
24143,0
24144,2
24145,0
24146,0
24147,0
24148,0
24149,0
24150,0
24151,0
24152,0
24153,0
24154,0
24155,0
24156,0
24157,0
24158,0
24159,2
24160,2
24161,0
24162,2
24163,0
24164,0
24165,0
24166,0
24167,2
24168,0
24169,0
24170,2
24171,2
24172,2
24173,3
24174,0
24175,3
24176,2
24177,3
24178,3
24179,2
24180,2
24181,2
24182,3
24183,0
24184,2
24185,0
24186,2
24187,0
24188,1
24189,1
24190,1
24191,3
24192,3
24193,1
24194,1
24195,1
24196,0
24197,2
24198,2
24199,3
24200,1
24201,2
24202,2
24203,0
24204,2
24205,3
24206,2
24207,0
24208,0
24209,2
24210,2
24211,2
24212,2
24213,2
24214,2
24215,2
24216,1
24217,2
24218,2
24219,0
24220,2
24221,2
24222,2
24223,2
24224,1
24225,1
24226,1
24227,4
24228,1
24229,1
24230,1
24231,1
24232,2
24233,3
24234,3
24235,3
24236,3
24237,0
24238,0
24239,0
24240,3
24241,1
24242,1
24243,1
24244,3
24245,1
24246,0
24247,0
24248,2
24249,3
24250,2
24251,0
24252,3
24253,2
24254,0
24255,2
24256,3
24257,3
24258,3
24259,3
24260,3
24261,0
24262,2
24263,3
24264,2
24265,0
24266,2
24267,2
24268,2
24269,2
24270,2
24271,0
24272,2
24273,0
24274,2
24275,3
24276,3
24277,2
24278,1
24279,0
24280,3
24281,0
24282,0
24283,3
24284,3
24285,3
24286,0
24287,3
24288,4
24289,2
24290,3
24291,2
24292,2
24293,2
24294,3
24295,2
24296,0
24297,2
24298,2
24299,2
24300,3
24301,1
24302,0
24303,0
24304,3
24305,0
24306,1
24307,1
24308,1
24309,1
24310,1
24311,1
24312,1
24313,1
24314,2
24315,0
24316,0
24317,0
24318,0
24319,0
24320,0
24321,0
24322,3
24323,0
24324,0
24325,2
24326,3
24327,3
24328,0
24329,1
24330,1
24331,1
24332,2
24333,2
24334,0
24335,1
24336,0
24337,0
24338,1
24339,2
24340,1
24341,0
24342,2
24343,2
24344,2
24345,1
24346,1
24347,1
24348,1
24349,1
24350,1
24351,1
24352,1
24353,1
24354,1
24355,0
24356,0
24357,0
24358,0
24359,0
24360,0
24361,0
24362,0
24363,0
24364,0
24365,0
24366,1
24367,1
24368,1
24369,1
24370,3
24371,1
24372,1
24373,3
24374,3
24375,3
24376,3
24377,2
24378,2
24379,3
24380,3
24381,3
24382,3
24383,0
24384,1
24385,2
24386,2
24387,0
24388,0
24389,0
24390,2
24391,0
24392,0
24393,0
24394,0
24395,0
24396,2
24397,0
24398,0
24399,0
24400,0
24401,0
24402,0
24403,0
24404,0
24405,0
24406,2
24407,0
24408,0
24409,0
24410,0
24411,0
24412,0
24413,0
24414,0
24415,0
24416,0
24417,2
24418,2
24419,0
24420,2
24421,1
24422,1
24423,0
24424,0
24425,0
24426,0
24427,0
24428,0
24429,0
24430,1
24431,0
24432,0
24433,0
24434,0
24435,0
24436,0
24437,0
24438,0
24439,0
24440,0
24441,0
24442,1
24443,1
24444,1
24445,1
24446,1
24447,1
24448,3
24449,0
24450,3
24451,3
24452,0
24453,0
24454,0
24455,0
24456,0
24457,0
24458,0
24459,2
24460,0
24461,0
24462,0
24463,1
24464,1
24465,3
24466,1
24467,3
24468,2
24469,0
24470,3
24471,2
24472,2
24473,0
24474,1
24475,3
24476,2
24477,3
24478,2
24479,2
24480,3
24481,2
24482,3
24483,3
24484,3
24485,3
24486,1
24487,3
24488,2
24489,2
24490,3
24491,1
24492,2
24493,3
24494,1
24495,1
24496,2
24497,3
24498,0
24499,1
24500,3
24501,3
24502,2
24503,3
24504,1
24505,3
24506,3
24507,3
24508,2
24509,3
24510,0
24511,3
24512,0
24513,3
24514,1
24515,3
24516,1
24517,1
24518,3
24519,2
24520,3
24521,3
24522,2
24523,1
24524,3
24525,1
24526,1
24527,3
24528,1
24529,2
24530,3
24531,2
24532,0
24533,3
24534,0
24535,0
24536,1
24537,1
24538,3
24539,2
24540,2
24541,0
24542,2
24543,3
24544,1
24545,3
24546,3
24547,3
24548,0
24549,1
24550,2
24551,1
24552,1
24553,0
24554,2
24555,3
24556,3
24557,3
24558,3
24559,3
24560,2
24561,0
24562,0
24563,2
24564,3
24565,2
24566,2
24567,0
24568,2
24569,2
24570,3
24571,2
24572,2
24573,2
24574,2
24575,0
24576,2
24577,3
24578,2
24579,3
24580,1
24581,3
24582,3
24583,3
24584,0
24585,0
24586,1
24587,3
24588,1
24589,1
24590,2
24591,3
24592,0
24593,0
24594,1
24595,3
24596,0
24597,3
24598,3
24599,2
24600,3
24601,3
24602,2
24603,3
24604,3
24605,3
24606,3
24607,2
24608,1
24609,1
24610,4
24611,0
24612,2
24613,2
24614,2
24615,2
24616,3
24617,0
24618,0
24619,3
24620,0
24621,3
24622,3
24623,2
24624,2
24625,1
24626,1
24627,1
24628,1
24629,1
24630,4
24631,2
24632,3
24633,2
24634,2
24635,2
24636,1
24637,1
24638,1
24639,1
24640,1
24641,1
24642,2
24643,2
24644,3
24645,2
24646,2
24647,2
24648,2
24649,0
24650,2
24651,3
24652,0
24653,0
24654,3
24655,3
24656,3
24657,2
24658,2
24659,2
24660,2
24661,3
24662,3
24663,3
24664,3
24665,3
24666,3
24667,3
24668,3
24669,2
24670,3
24671,3
24672,3
24673,3
24674,3
24675,2
24676,3
24677,2
24678,2
24679,2
24680,0
24681,0
24682,2
24683,1
24684,3
24685,3
24686,2
24687,2
24688,4
24689,3
24690,3
24691,3
24692,2
24693,2
24694,3
24695,3
24696,3
24697,3
24698,2
24699,2
24700,2
24701,2
24702,2
24703,2
24704,2
24705,3
24706,3
24707,3
24708,3
24709,3
24710,2
24711,2
24712,2
24713,2
24714,2
24715,1
24716,0
24717,0
24718,3
24719,3
24720,3
24721,0
24722,0
24723,2
24724,1
24725,1
24726,1
24727,1
24728,3
24729,0
24730,2
24731,0
24732,2
24733,2
24734,2
24735,2
24736,2
24737,3
24738,3
24739,2
24740,2
24741,2
24742,2
24743,2
24744,2
24745,2
24746,2
24747,2
24748,2
24749,0
24750,2
24751,2
24752,2
24753,2
24754,2
24755,2
24756,2
24757,2
24758,2
24759,2
24760,2
24761,2
24762,2
24763,2
24764,2
24765,2
24766,2
24767,2
24768,2
24769,2
24770,2
24771,2
24772,2
24773,2
24774,2
24775,2
24776,2
24777,2
24778,2
24779,2
24780,2
24781,2
24782,2
24783,2
24784,2
24785,2
24786,2
24787,0
24788,0
24789,2
24790,2
24791,2
24792,2
24793,2
24794,2
24795,2
24796,2
24797,2
24798,2
24799,2
24800,2
24801,2
24802,2
24803,2
24804,2
24805,2
24806,2
24807,2
24808,2
24809,2
24810,2
24811,2
24812,2
24813,2
24814,2
24815,2
24816,2
24817,2
24818,2
24819,0
24820,0
24821,0
24822,0
24823,0
24824,0
24825,0
24826,0
24827,0
24828,3
24829,0
24830,0
24831,2
24832,3
24833,3
24834,1
24835,3
24836,3
24837,3
24838,2
24839,2
24840,0
24841,3
24842,3
24843,2
24844,0
24845,3
24846,2
24847,1
24848,1
24849,0
24850,1
24851,1
24852,3
24853,0
24854,3
24855,0
24856,3
24857,2
24858,1
24859,3
24860,0
24861,2
24862,2
24863,2
24864,0
24865,0
24866,0
24867,0
24868,0
24869,0
24870,0
24871,0
24872,0
24873,3
24874,3
24875,0
24876,3
24877,3
24878,2
24879,2
24880,2
24881,3
24882,2
24883,2
24884,2
24885,0
24886,2
24887,0
24888,3
24889,3
24890,1
24891,3
24892,2
24893,2
24894,0
24895,0
24896,1
24897,2
24898,2
24899,2
24900,2
24901,2
24902,3
24903,2
24904,0
24905,0
24906,0
24907,0
24908,0
24909,2
24910,2
24911,2
24912,2
24913,2
24914,2
24915,2
24916,3
24917,2
24918,2
24919,2
24920,0
24921,3
24922,3
24923,3
24924,0
24925,3
24926,2
24927,0
24928,0
24929,0
24930,0
24931,3
24932,2
24933,1
24934,1
24935,1
24936,3
24937,3
24938,3
24939,3
24940,0
24941,3
24942,2
24943,3
24944,0
24945,3
24946,3
24947,3
24948,2
24949,0
24950,2
24951,2
24952,2
24953,0
24954,3
24955,3
24956,2
24957,2
24958,3
24959,3
24960,3
24961,3
24962,0
24963,0
24964,0
24965,1
24966,3
24967,3
24968,1
24969,0
24970,0
24971,0
24972,3
24973,3
24974,3
24975,3
24976,0
24977,3
24978,0
24979,1
24980,0
24981,3
24982,3
24983,3
24984,2
24985,2
24986,0
24987,2
24988,2
24989,2
24990,2
24991,0
24992,2
24993,2
24994,2
24995,2
24996,2
24997,3
24998,2
24999,0
25000,2
25001,1
25002,3
25003,0
25004,2
25005,2
25006,0
25007,0
25008,3
25009,3
25010,0
25011,2
25012,3
25013,0
25014,3
25015,2
25016,2
25017,2
25018,0
25019,2
25020,2
25021,2
25022,0
25023,2
25024,2
25025,3
25026,2
25027,2
25028,0
25029,2
25030,0
25031,0
25032,0
25033,2
25034,0
25035,2
25036,2
25037,3
25038,2
25039,3
25040,3
25041,2
25042,2
25043,0
25044,2
25045,0
25046,1
25047,2
25048,0
25049,1
25050,3
25051,0
25052,3
25053,3
25054,2
25055,2
25056,3
25057,2
25058,1
25059,0
25060,3
25061,2
25062,0
25063,2
25064,0
25065,2
25066,3
25067,3
25068,0
25069,0
25070,0
25071,3
25072,3
25073,3
25074,3
25075,0
25076,1
25077,1
25078,1
25079,0
25080,0
25081,2
25082,3
25083,0
25084,0
25085,0
25086,0
25087,3
25088,3
25089,2
25090,3
25091,0
25092,3
25093,3
25094,0
25095,0
25096,0
25097,0
25098,0
25099,0
25100,2
25101,0
25102,0
25103,2
25104,0
25105,0
25106,0
25107,0
25108,2
25109,0
25110,3
25111,0
25112,3
25113,3
25114,0
25115,0
25116,0
25117,0
25118,0
25119,0
25120,3
25121,3
25122,0
25123,3
25124,3
25125,3
25126,3
25127,0
25128,3
25129,3
25130,0
25131,3
25132,3
25133,3
25134,2
25135,3
25136,3
25137,0
25138,0
25139,0
25140,0
25141,0
25142,0
25143,0
25144,2
25145,2
25146,3
25147,3
25148,3
25149,3
25150,3
25151,3
25152,3
25153,3
25154,0
25155,0
25156,0
25157,0
25158,0
25159,0
25160,0
25161,0
25162,0
25163,2
25164,0
25165,0
25166,2
25167,0
25168,0
25169,0
25170,0
25171,0
25172,2
25173,1
25174,2
25175,3
25176,2
25177,2
25178,3
25179,2
25180,2
25181,2
25182,3
25183,2
25184,3
25185,2
25186,3
25187,3
25188,3
25189,1
25190,3
25191,3
25192,3
25193,3
25194,3
25195,2
25196,0
25197,0
25198,3
25199,0
25200,0
25201,0
25202,0
25203,0
25204,0
25205,2
25206,0
25207,3
25208,2
25209,0
25210,0
25211,0
25212,0
25213,0
25214,0
25215,3
25216,3
25217,3
25218,3
25219,3
25220,1
25221,0
25222,0
25223,2
25224,3
25225,3
25226,3
25227,3
25228,1
25229,3
25230,3
25231,0
25232,0
25233,1
25234,3
25235,3
25236,3
25237,3
25238,3
25239,3
25240,3
25241,3
25242,3
25243,0
25244,1
25245,0
25246,0
25247,0
25248,1
25249,1
25250,0
25251,1
25252,0
25253,1
25254,0
25255,0
25256,3
25257,0
25258,3
25259,2
25260,2
25261,2
25262,2
25263,0
25264,3
25265,3
25266,3
25267,3
25268,0
25269,3
25270,3
25271,3
25272,3
25273,1
25274,3
25275,2
25276,0
25277,3
25278,0
25279,0
25280,0
25281,0
25282,3
25283,3
25284,3
25285,1
25286,1
25287,0
25288,0
25289,0
25290,0
25291,2
25292,2
25293,0
25294,0
25295,0
25296,3
25297,3
25298,3
25299,0
25300,0
25301,1
25302,3
25303,3
25304,1
25305,3
25306,3
25307,3
25308,3
25309,3
25310,3
25311,3
25312,3
25313,3
25314,3
25315,3
25316,3
25317,3
25318,0
25319,3
25320,3
25321,2
25322,3
25323,3
25324,1
25325,0
25326,0
25327,3
25328,3
25329,3
25330,3
25331,2
25332,0
25333,0
25334,0
25335,3
25336,3
25337,3
25338,3
25339,0
25340,0
25341,0
25342,3
25343,3
25344,3
25345,3
25346,3
25347,1
25348,3
25349,3
25350,0
25351,2
25352,0
25353,2
25354,3
25355,3
25356,3
25357,3
25358,3
25359,3
25360,3
25361,2
25362,3
25363,3
25364,3
25365,3
25366,0
25367,1
25368,2
25369,2
25370,3
25371,0
25372,3
25373,3
25374,1
25375,3
25376,3
25377,3
25378,1
25379,1
25380,3
25381,3
25382,3
25383,3
25384,3
25385,3
25386,1
25387,3
25388,3
25389,0
25390,3
25391,0
25392,3
25393,3
25394,3
25395,0
25396,3
25397,3
25398,3
25399,2
25400,3
25401,1
25402,2
25403,3
25404,3
25405,3
25406,0
25407,3
25408,0
25409,1
25410,0
25411,0
25412,3
25413,3
25414,3
25415,3
25416,0
25417,1
25418,3
25419,3
25420,0
25421,3
25422,0
25423,3
25424,2
25425,1
25426,3
25427,3
25428,3
25429,3
25430,3
25431,0
25432,0
25433,0
25434,0
25435,3
25436,3
25437,3
25438,3
25439,3
25440,3
25441,0
25442,3
25443,1
25444,3
25445,3
25446,3
25447,3
25448,3
25449,3
25450,3
25451,3
25452,1
25453,1
25454,3
25455,3
25456,2
25457,3
25458,2
25459,3
25460,3
25461,3
25462,3
25463,3
25464,3
25465,3
25466,3
25467,3
25468,3
25469,3
25470,1
25471,3
25472,0
25473,1
25474,3
25475,2
25476,2
25477,3
25478,3
25479,3
25480,0
25481,1
25482,2
25483,3
25484,2
25485,2
25486,3
25487,3
25488,0
25489,0
25490,2
25491,3
25492,1
25493,3
25494,0
25495,0
25496,3
25497,0
25498,3
25499,0
25500,2
25501,0
25502,0
25503,3
25504,2
25505,0
25506,0
25507,0
25508,2
25509,2
25510,3
25511,0
25512,0
25513,2
25514,3
25515,3
25516,3
25517,3
25518,3
25519,3
25520,3
25521,3
25522,2
25523,3
25524,0
25525,3
25526,3
25527,3
25528,3
25529,0
25530,3
25531,3
25532,3
25533,0
25534,0
25535,3
25536,0
25537,0
25538,3
25539,3
25540,3
25541,0
25542,1
25543,0
25544,3
25545,3
25546,3
25547,3
25548,3
25549,3
25550,3
25551,3
25552,1
25553,3
25554,0
25555,0
25556,0
25557,0
25558,3
25559,3
25560,3
25561,2
25562,3
25563,3
25564,2
25565,3
25566,3
25567,3
25568,2
25569,0
25570,3
25571,3
25572,3
25573,3
25574,3
25575,3
25576,3
25577,3
25578,3
25579,3
25580,0
25581,0
25582,0
25583,0
25584,0
25585,0
25586,0
25587,0
25588,3
25589,0
25590,3
25591,3
25592,0
25593,0
25594,3
25595,0
25596,0
25597,0
25598,0
25599,0
25600,0
25601,0
25602,0
25603,0
25604,0
25605,0
25606,0
25607,2
25608,1
25609,1
25610,1
25611,3
25612,0
25613,0
25614,0
25615,2
25616,2
25617,2
25618,2
25619,2
25620,2
25621,2
25622,2
25623,2
25624,2
25625,2
25626,2
25627,2
25628,2
25629,2
25630,2
25631,2
25632,2
25633,2
25634,2
25635,2
25636,2
25637,2
25638,2
25639,2
25640,2
25641,2
25642,2
25643,2
25644,2
25645,2
25646,2
25647,2
25648,2
25649,2
25650,2
25651,0
25652,2
25653,2
25654,2
25655,2
25656,2
25657,2
25658,2
25659,2
25660,2
25661,2
25662,2
25663,2
25664,2
25665,2
25666,2
25667,2
25668,2
25669,2
25670,2
25671,2
25672,2
25673,0
25674,2
25675,2
25676,2
25677,2
25678,0
25679,2
25680,2
25681,2
25682,2
25683,2
25684,2
25685,2
25686,2
25687,2
25688,2
25689,2
25690,2
25691,2
25692,2
25693,2
25694,2
25695,2
25696,2
25697,2
25698,2
25699,2
25700,2
25701,2
25702,3
25703,2
25704,2
25705,2
25706,2
25707,2
25708,2
25709,2
25710,2
25711,2
25712,2
25713,2
25714,2
25715,2
25716,2
25717,2
25718,2
25719,2
25720,2
25721,2
25722,2
25723,2
25724,2
25725,2
25726,2
25727,2
25728,2
25729,2
25730,2
25731,2
25732,2
25733,2
25734,2
25735,2
25736,2
25737,0
25738,3
25739,2
25740,2
25741,3
25742,2
25743,3
25744,3
25745,2
25746,2
25747,2
25748,3
25749,2
25750,2
25751,2
25752,2
25753,2
25754,2
25755,2
25756,2
25757,2
25758,2
25759,2
25760,2
25761,2
25762,2
25763,2
25764,2
25765,2
25766,2
25767,2
25768,2
25769,2
25770,2
25771,2
25772,2
25773,2
25774,2
25775,2
25776,2
25777,2
25778,2
25779,2
25780,2
25781,2
25782,2
25783,2
25784,2
25785,2
25786,2
25787,2
25788,2
25789,2
25790,2
25791,2
25792,2
25793,2
25794,2
25795,2
25796,2
25797,2
25798,2
25799,2
25800,2
25801,2
25802,2
25803,2
25804,2
25805,0
25806,0
25807,3
25808,3
25809,3
25810,3
25811,3
25812,1
25813,3
25814,3
25815,3
25816,3
25817,3
25818,0
25819,3
25820,3
25821,3
25822,3
25823,3
25824,3
25825,0
25826,0
25827,3
25828,3
25829,3
25830,3
25831,3
25832,0
25833,3
25834,3
25835,0
25836,0
25837,3
25838,3
25839,0
25840,3
25841,0
25842,3
25843,3
25844,3
25845,0
25846,3
25847,3
25848,1
25849,2
25850,0
25851,0
25852,3
25853,3
25854,3
25855,3
25856,0
25857,0
25858,0
25859,3
25860,0
25861,0
25862,3
25863,3
25864,0
25865,3
25866,3
25867,2
25868,0
25869,3
25870,3
25871,3
25872,0
25873,1
25874,1
25875,3
25876,3
25877,3
25878,3
25879,0
25880,3
25881,3
25882,3
25883,3
25884,3
25885,0
25886,0
25887,0
25888,0
25889,2
25890,0
25891,0
25892,0
25893,0
25894,0
25895,0
25896,0
25897,0
25898,0
25899,0
25900,0
25901,0
25902,0
25903,2
25904,0
25905,3
25906,2
25907,0
25908,3
25909,2
25910,2
25911,2
25912,2
25913,3
25914,3
25915,0
25916,0
25917,2
25918,3
25919,3
25920,2
25921,0
25922,0
25923,0
25924,3
25925,3
25926,3
25927,3
25928,3
25929,3
25930,3
25931,3
25932,3
25933,2
25934,2
25935,3
25936,3
25937,2
25938,0
25939,3
25940,3
25941,3
25942,3
25943,0
25944,3
25945,3
25946,3
25947,3
25948,3
25949,3
25950,2
25951,3
25952,2
25953,2
25954,3
25955,3
25956,3
25957,3
25958,3
25959,3
25960,0
25961,3
25962,3
25963,3
25964,3
25965,3
25966,3
25967,1
25968,3
25969,3
25970,3
25971,3
25972,3
25973,3
25974,3
25975,0
25976,3
25977,2
25978,3
25979,0
25980,3
25981,3
25982,3
25983,3
25984,0
25985,2
25986,0
25987,0
25988,0
25989,0
25990,3
25991,3
25992,3
25993,3
25994,3
25995,3
25996,3
25997,3
25998,3
25999,0
26000,0
26001,3
26002,1
26003,3
26004,3
26005,3
26006,3
26007,3
26008,3
26009,3
26010,3
26011,0
26012,0
26013,3
26014,3
26015,1
26016,0
26017,3
26018,0
26019,0
26020,2
26021,3
26022,0
26023,3
26024,0
26025,0
26026,0
26027,3
26028,2
26029,0
26030,2
26031,2
26032,0
26033,3
26034,3
26035,3
26036,3
26037,3
26038,2
26039,0
26040,2
26041,3
26042,3
26043,4
26044,2
26045,2
26046,0
26047,3
26048,4
26049,2
26050,2
26051,3
26052,3
26053,3
26054,3
26055,3
26056,3
26057,3
26058,3
26059,0
26060,2
26061,3
26062,0
26063,1
26064,2
26065,3
26066,3
26067,3
26068,3
26069,0
26070,0
26071,2
26072,2
26073,2
26074,2
26075,0
26076,2
26077,3
26078,3
26079,2
26080,0
26081,2
26082,0
26083,3
26084,3
26085,0
26086,0
26087,2
26088,0
26089,3
26090,0
26091,0
26092,0
26093,0
26094,0
26095,4
26096,2
26097,2
26098,0
26099,0
26100,2
26101,0
26102,0
26103,0
26104,0
26105,3
26106,0
26107,0
26108,0
26109,3
26110,2
26111,0
26112,0
26113,2
26114,3
26115,0
26116,1
26117,0
26118,0
26119,0
26120,3
26121,1
26122,0
26123,1
26124,1
26125,0
26126,2
26127,3
26128,2
26129,3
26130,3
26131,2
26132,2
26133,3
26134,0
26135,0
26136,3
26137,1
26138,0
26139,0
26140,3
26141,2
26142,0
26143,2
26144,3
26145,3
26146,2
26147,2
26148,2
26149,2
26150,2
26151,3
26152,2
26153,2
26154,3
26155,2
26156,2
26157,2
26158,2
26159,2
26160,2
26161,2
26162,2
26163,2
26164,2
26165,2
26166,2
26167,2
26168,2
26169,2
26170,2
26171,3
26172,3
26173,3
26174,3
26175,3
26176,3
26177,3
26178,3
26179,3
26180,3
26181,3
26182,1
26183,3
26184,3
26185,3
26186,3
26187,3
26188,3
26189,3
26190,3
26191,3
26192,3
26193,3
26194,2
26195,3
26196,2
26197,3
26198,3
26199,2
26200,3
26201,3
26202,3
26203,3
26204,3
26205,3
26206,3
26207,3
26208,3
26209,3
26210,3
26211,3
26212,3
26213,3
26214,3
26215,3
26216,3
26217,3
26218,3
26219,3
26220,3
26221,3
26222,3
26223,3
26224,3
26225,3
26226,3
26227,3
26228,3
26229,3
26230,3
26231,0
26232,1
26233,3
26234,0
26235,3
26236,0
26237,0
26238,3
26239,3
26240,3
26241,3
26242,3
26243,3
26244,3
26245,3
26246,3
26247,3
26248,3
26249,3
26250,3
26251,3
26252,3
26253,3
26254,3
26255,3
26256,3
26257,3
26258,3
26259,3
26260,3
26261,3
26262,0
26263,3
26264,3
26265,0
26266,2
26267,2
26268,2
26269,2
26270,2
26271,2
26272,3
26273,3
26274,3
26275,2
26276,2
26277,2
26278,0
26279,2
26280,2
26281,0
26282,2
26283,2
26284,2
26285,2
26286,0
26287,3
26288,2
26289,3
26290,2
26291,0
26292,3
26293,2
26294,0
26295,3
26296,3
26297,3
26298,3
26299,0
26300,3
26301,3
26302,3
26303,3
26304,3
26305,3
26306,3
26307,3
26308,3
26309,3
26310,3
26311,3
26312,3
26313,3
26314,3
26315,2
26316,3
26317,3
26318,3
26319,3
26320,3
26321,3
26322,3
26323,0
26324,3
26325,3
26326,3
26327,3
26328,3
26329,3
26330,3
26331,0
26332,0
26333,3
26334,0
26335,0
26336,0
26337,0
26338,4
26339,3
26340,2
26341,3
26342,3
26343,2
26344,3
26345,3
26346,3
26347,3
26348,0
26349,3
26350,3
26351,0
26352,3
26353,3
26354,3
26355,3
26356,3
26357,3
26358,3
26359,3
26360,3
26361,3
26362,3
26363,3
26364,0
26365,0
26366,0
26367,0
26368,0
26369,2
26370,0
26371,0
26372,0
26373,3
26374,3
26375,1
26376,3
26377,3
26378,3
26379,0
26380,3
26381,3
26382,3
26383,3
26384,0
26385,3
26386,0
26387,0
26388,3
26389,3
26390,3
26391,3
26392,2
26393,1
26394,3
26395,3
26396,3
26397,2
26398,3
26399,3
26400,3
26401,3
26402,0
26403,0
26404,3
26405,0
26406,3
26407,3
26408,3
26409,2
26410,3
26411,3
26412,3
26413,3
26414,3
26415,3
26416,3
26417,3
26418,3
26419,3
26420,3
26421,2
26422,0
26423,2
26424,2
26425,3
26426,0
26427,0
26428,2
26429,2
26430,2
26431,2
26432,2
26433,2
26434,2
26435,2
26436,2
26437,0
26438,0
26439,3
26440,2
26441,2
26442,2
26443,0
26444,0
26445,2
26446,3
26447,0
26448,3
26449,3
26450,3
26451,3
26452,3
26453,0
26454,3
26455,3
26456,3
26457,3
26458,3
26459,3
26460,3
26461,2
26462,2
26463,2
26464,2
26465,3
26466,3
26467,3
26468,2
26469,2
26470,2
26471,2
26472,3
26473,3
26474,3
26475,3
26476,3
26477,3
26478,3
26479,3
26480,3
26481,3
26482,3
26483,3
26484,3
26485,3
26486,0
26487,3
26488,3
26489,2
26490,0
26491,0
26492,0
26493,2
26494,2
26495,2
26496,2
26497,2
26498,2
26499,3
26500,3
26501,3
26502,3
26503,3
26504,3
26505,2
26506,2
26507,2
26508,3
26509,3
26510,3
26511,3
26512,3
26513,3
26514,3
26515,3
26516,3
26517,2
26518,2
26519,2
26520,2
26521,2
26522,2
26523,2
26524,2
26525,2
26526,2
26527,2
26528,2
26529,2
26530,3
26531,2
26532,2
26533,2
26534,3
26535,0
26536,0
26537,0
26538,2
26539,2
26540,2
26541,3
26542,0
26543,3
26544,2
26545,2
26546,3
26547,3
26548,3
26549,2
26550,2
26551,3
26552,2
26553,2
26554,2
26555,2
26556,2
26557,2
26558,2
26559,2
26560,2
26561,2
26562,2
26563,2
26564,2
26565,0
26566,3
26567,3
26568,0
26569,2
26570,3
26571,3
26572,3
26573,3
26574,3
26575,3
26576,3
26577,3
26578,2
26579,2
26580,2
26581,2
26582,3
26583,3
26584,2
26585,2
26586,2
26587,2
26588,2
26589,2
26590,2
26591,2
26592,4
26593,2
26594,2
26595,2
26596,2
26597,3
26598,2
26599,2
26600,2
26601,2
26602,2
26603,2
26604,0
26605,2
26606,2
26607,0
26608,3
26609,3
26610,3
26611,3
26612,0
26613,3
26614,3
26615,1
26616,0
26617,3
26618,1
26619,1
26620,1
26621,1
26622,3
26623,3
26624,3
26625,3
26626,2
26627,3
26628,3
26629,0
26630,2
26631,2
26632,2
26633,3
26634,0
26635,2
26636,3
26637,3
26638,2
26639,2
26640,2
26641,2
26642,2
26643,2
26644,3
26645,2
26646,2
26647,2
26648,3
26649,2
26650,3
26651,3
26652,3
26653,3
26654,3
26655,3
26656,3
26657,3
26658,3
26659,3
26660,2
26661,3
26662,3
26663,3
26664,2
26665,2
26666,2
26667,3
26668,2
26669,2
26670,3
26671,2
26672,2
26673,2
26674,2
26675,2
26676,3
26677,2
26678,2
26679,3
26680,3
26681,3
26682,2
26683,2
26684,1
26685,3
26686,3
26687,3
26688,3
26689,1
26690,2
26691,0
26692,0
26693,3
26694,1
26695,2
26696,2
26697,3
26698,3
26699,3
26700,3
26701,3
26702,0
26703,0
26704,0
26705,0
26706,0
26707,2
26708,3
26709,2
26710,0
26711,3
26712,2
26713,0
26714,0
26715,3
26716,3
26717,2
26718,1
26719,1
26720,1
26721,3
26722,0
26723,3
26724,0
26725,0
26726,0
26727,0
26728,3
26729,3
26730,3
26731,0
26732,3
26733,3
26734,1
26735,3
26736,3
26737,3
26738,3
26739,3
26740,3
26741,3
26742,3
26743,3
26744,3
26745,3
26746,2
26747,2
26748,0
26749,3
26750,2
26751,2
26752,3
26753,2
26754,3
26755,1
26756,2
26757,2
26758,2
26759,2
26760,2
26761,2
26762,2
26763,2
26764,2
26765,2
26766,2
26767,0
26768,2
26769,2
26770,2
26771,2
26772,2
26773,2
26774,2
26775,2
26776,2
26777,2
26778,2
26779,2
26780,2
26781,2
26782,2
26783,2
26784,2
26785,2
26786,2
26787,2
26788,2
26789,2
26790,3
26791,1
26792,1
26793,3
26794,2
26795,0
26796,2
26797,3
26798,2
26799,2
26800,2
26801,2
26802,2
26803,3
26804,3
26805,3
26806,1
26807,1
26808,2
26809,3
26810,3
26811,3
26812,2
26813,1
26814,1
26815,3
26816,2
26817,3
26818,3
26819,3
26820,2
26821,3
26822,3
26823,2
26824,2
26825,2
26826,3
26827,3
26828,2
26829,3
26830,3
26831,0
26832,3
26833,1
26834,3
26835,3
26836,3
26837,3
26838,3
26839,3
26840,0
26841,3
26842,0
26843,1
26844,3
26845,1
26846,3
26847,3
26848,2
26849,3
26850,3
26851,3
26852,3
26853,3
26854,2
26855,2
26856,2
26857,2
26858,3
26859,3
26860,1
26861,1
26862,3
26863,3
26864,3
26865,3
26866,3
26867,3
26868,3
26869,3
26870,1
26871,3
26872,1
26873,2
26874,1
26875,1
26876,3
26877,1
26878,1
26879,1
26880,1
26881,2
26882,2
26883,0
26884,1
26885,3
26886,3
26887,1
26888,1
26889,1
26890,1
26891,3
26892,1
26893,3
26894,1
26895,1
26896,1
26897,1
26898,1
26899,1
26900,1
26901,1
26902,3
26903,1
26904,3
26905,2
26906,2
26907,3
26908,2
26909,2
26910,2
26911,3
26912,0
26913,2
26914,3
26915,3
26916,3
26917,2
26918,2
26919,3
26920,3
26921,3
26922,3
26923,0
26924,3
26925,3
26926,3
26927,3
26928,3
26929,3
26930,3
26931,3
26932,3
26933,3
26934,3
26935,3
26936,2
26937,3
26938,3
26939,3
26940,0
26941,3
26942,3
26943,3
26944,3
26945,3
26946,3
26947,3
26948,3
26949,3
26950,3
26951,3
26952,3
26953,3
26954,3
26955,3
26956,3
26957,1
26958,3
26959,3
26960,3
26961,3
26962,1
26963,3
26964,3
26965,3
26966,3
26967,3
26968,3
26969,3
26970,3
26971,3
26972,3
26973,3
26974,2
26975,1
26976,2
26977,3
26978,3
26979,3
26980,3
26981,3
26982,3
26983,0
26984,3
26985,3
26986,3
26987,3
26988,3
26989,3
26990,3
26991,3
26992,3
26993,3
26994,1
26995,1
26996,1
26997,3
26998,3
26999,3
27000,3
27001,3
27002,3
27003,3
27004,1
27005,3
27006,3
27007,0
27008,2
27009,2
27010,3
27011,2
27012,2
27013,2
27014,3
27015,1
27016,3
27017,3
27018,3
27019,3
27020,3
27021,3
27022,3
27023,0
27024,3
27025,3
27026,3
27027,3
27028,2
27029,3
27030,3
27031,3
27032,3
27033,1
27034,1
27035,1
27036,1
27037,3
27038,3
27039,3
27040,3
27041,2
27042,2
27043,2
27044,2
27045,3
27046,3
27047,3
27048,3
27049,0
27050,2
27051,2
27052,0
27053,2
27054,3
27055,0
27056,2
27057,2
27058,2
27059,0
27060,3
27061,1
27062,2
27063,2
27064,2
27065,2
27066,2
27067,2
27068,2
27069,2
27070,3
27071,2
27072,2
27073,2
27074,2
27075,3
27076,3
27077,2
27078,0
27079,3
27080,2
27081,3
27082,2
27083,2
27084,3
27085,0
27086,0
27087,2
27088,3
27089,3
27090,0
27091,2
27092,1
27093,3
27094,2
27095,2
27096,2
27097,2
27098,3
27099,2
27100,2
27101,2
27102,0
27103,2
27104,2
27105,3
27106,2
27107,0
27108,0
27109,2
27110,1
27111,1
27112,2
27113,2
27114,1
27115,1
27116,3
27117,2
27118,2
27119,2
27120,2
27121,2
27122,3
27123,3
27124,3
27125,2
27126,2
27127,2
27128,3
27129,3
27130,3
27131,3
27132,2
27133,0
27134,3
27135,3
27136,3
27137,2
27138,2
27139,2
27140,2
27141,2
27142,3
27143,2
27144,2
27145,2
27146,2
27147,3
27148,2
27149,2
27150,2
27151,2
27152,3
27153,2
27154,2
27155,2
27156,0
27157,2
27158,2
27159,2
27160,2
27161,2
27162,2
27163,2
27164,2
27165,2
27166,2
27167,2
27168,2
27169,2
27170,3
27171,2
27172,2
27173,3
27174,2
27175,3
27176,2
27177,2
27178,2
27179,2
27180,3
27181,3
27182,2
27183,1
27184,3
27185,2
27186,2
27187,2
27188,2
27189,2
27190,2
27191,2
27192,2
27193,2
27194,2
27195,2
27196,2
27197,2
27198,2
27199,2
27200,2
27201,2
27202,3
27203,3
27204,3
27205,2
27206,2
27207,3
27208,3
27209,2
27210,2
27211,2
27212,2
27213,2
27214,2
27215,2
27216,2
27217,2
27218,2
27219,2
27220,2
27221,2
27222,2
27223,2
27224,2
27225,0
27226,2
27227,2
27228,2
27229,2
27230,2
27231,2
27232,3
27233,2
27234,3
27235,0
27236,2
27237,3
27238,3
27239,3
27240,3
27241,2
27242,3
27243,3
27244,2
27245,2
27246,0
27247,0
27248,2
27249,3
27250,3
27251,3
27252,3
27253,2
27254,2
27255,2
27256,3
27257,2
27258,2
27259,2
27260,3
27261,2
27262,2
27263,2
27264,2
27265,2
27266,2
27267,2
27268,2
27269,2
27270,2
27271,3
27272,2
27273,3
27274,3
27275,2
27276,2
27277,2
27278,2
27279,2
27280,2
27281,3
27282,2
27283,2
27284,3
27285,2
27286,2
27287,2
27288,2
27289,3
27290,3
27291,2
27292,2
27293,3
27294,2
27295,3
27296,2
27297,3
27298,3
27299,3
27300,2
27301,3
27302,2
27303,0
27304,3
27305,0
27306,0
27307,2
27308,3
27309,3
27310,2
27311,2
27312,2
27313,3
27314,3
27315,3
27316,3
27317,2
27318,2
27319,3
27320,3
27321,0
27322,2
27323,0
27324,2
27325,3
27326,2
27327,2
27328,3
27329,3
27330,0
27331,0
27332,0
27333,2
27334,2
27335,3
27336,2
27337,3
27338,3
27339,3
27340,2
27341,3
27342,3
27343,2
27344,2
27345,2
27346,3
27347,3
27348,3
27349,3
27350,0
27351,3
27352,3
27353,0
27354,0
27355,3
27356,2
27357,2
27358,3
27359,2
27360,2
27361,2
27362,3
27363,3
27364,3
27365,0
27366,0
27367,3
27368,3
27369,0
27370,2
27371,3
27372,3
27373,3
27374,3
27375,2
27376,3
27377,2
27378,2
27379,0
27380,3
27381,3
27382,2
27383,2
27384,2
27385,3
27386,2
27387,3
27388,3
27389,2
27390,3
27391,3
27392,2
27393,2
27394,3
27395,2
27396,3
27397,3
27398,2
27399,2
27400,3
27401,3
27402,2
27403,0
27404,3
27405,3
27406,0
27407,2
27408,3
27409,3
27410,3
27411,2
27412,3
27413,3
27414,3
27415,3
27416,2
27417,3
27418,2
27419,3
27420,3
27421,3
27422,0
27423,2
27424,3
27425,2
27426,3
27427,3
27428,0
27429,2
27430,3
27431,3
27432,3
27433,3
27434,3
27435,3
27436,2
27437,3
27438,3
27439,0
27440,3
27441,2
27442,3
27443,2
27444,3
27445,3
27446,3
27447,3
27448,3
27449,0
27450,2
27451,2
27452,2
27453,2
27454,0
27455,3
27456,3
27457,3
27458,3
27459,3
27460,2
27461,2
27462,2
27463,2
27464,2
27465,2
27466,2
27467,2
27468,2
27469,2
27470,2
27471,2
27472,3
27473,2
27474,3
27475,2
27476,2
27477,2
27478,2
27479,2
27480,2
27481,2
27482,3
27483,3
27484,2
27485,0
27486,2
27487,3
27488,3
27489,0
27490,2
27491,2
27492,2
27493,2
27494,2
27495,2
27496,3
27497,2
27498,2
27499,3
27500,3
27501,3
27502,2
27503,2
27504,2
27505,2
27506,2
27507,2
27508,2
27509,2
27510,2
27511,3
27512,3
27513,3
27514,3
27515,2
27516,2
27517,2
27518,2
27519,3
27520,2
27521,3
27522,2
27523,0
27524,3
27525,2
27526,2
27527,2
27528,2
27529,2
27530,2
27531,2
27532,0
27533,2
27534,2
27535,2
27536,2
27537,2
27538,2
27539,2
27540,2
27541,2
27542,3
27543,2
27544,3
27545,3
27546,2
27547,2
27548,2
27549,0
27550,3
27551,3
27552,3
27553,3
27554,3
27555,3
27556,3
27557,3
27558,2
27559,2
27560,2
27561,2
27562,3
27563,2
27564,2
27565,2
27566,2
27567,2
27568,3
27569,2
27570,3
27571,3
27572,2
27573,3
27574,2
27575,2
27576,2
27577,3
27578,2
27579,2
27580,2
27581,3
27582,3
27583,0
27584,3
27585,0
27586,2
27587,3
27588,2
27589,2
27590,2
27591,0
27592,3
27593,2
27594,2
27595,2
27596,3
27597,3
27598,0
27599,0
27600,3
27601,0
27602,3
27603,2
27604,0
27605,0
27606,0
27607,3
27608,3
27609,0
27610,3
27611,3
27612,2
27613,3
27614,3
27615,3
27616,3
27617,3
27618,3
27619,3
27620,3
27621,3
27622,3
27623,3
27624,2
27625,2
27626,2
27627,3
27628,3
27629,2
27630,2
27631,2
27632,0
27633,2
27634,2
27635,2
27636,2
27637,0
27638,3
27639,2
27640,2
27641,0
27642,3
27643,3
27644,0
27645,3
27646,2
27647,2
27648,2
27649,2
27650,0
27651,2
27652,2
27653,2
27654,3
27655,3
27656,2
27657,2
27658,2
27659,2
27660,3
27661,2
27662,4
27663,2
27664,2
27665,2
27666,2
27667,0
27668,2
27669,2
27670,3
27671,3
27672,2
27673,2
27674,3
27675,2
27676,2
27677,0
27678,3
27679,3
27680,2
27681,2
27682,2
27683,2
27684,2
27685,2
27686,3
27687,2
27688,2
27689,2
27690,2
27691,2
27692,2
27693,2
27694,2
27695,2
27696,2
27697,2
27698,2
27699,2
27700,0
27701,2
27702,2
27703,1
27704,2
27705,2
27706,3
27707,3
27708,3
27709,0
27710,3
27711,2
27712,2
27713,3
27714,3
27715,3
27716,3
27717,2
27718,2
27719,2
27720,2
27721,2
27722,2
27723,3
27724,0
27725,2
27726,3
27727,2
27728,1
27729,3
27730,3
27731,3
27732,2
27733,3
27734,3
27735,3
27736,3
27737,2
27738,0
27739,2
27740,3
27741,3
27742,3
27743,3
27744,3
27745,3
27746,3
27747,4
27748,3
27749,3
27750,3
27751,3
27752,3
27753,3
27754,3
27755,2
27756,2
27757,2
27758,2
27759,3
27760,2
27761,2
27762,2
27763,2
27764,3
27765,2
27766,3
27767,3
27768,3
27769,2
27770,2
27771,2
27772,2
27773,2
27774,3
27775,3
27776,3
27777,3
27778,2
27779,3
27780,3
27781,2
27782,2
27783,2
27784,3
27785,0
27786,3
27787,3
27788,2
27789,2
27790,2
27791,3
27792,2
27793,2
27794,2
27795,2
27796,2
27797,2
27798,2
27799,2
27800,2
27801,2
27802,2
27803,0
27804,3
27805,2
27806,2
27807,2
27808,0
27809,2
27810,0
27811,3
27812,3
27813,3
27814,2
27815,0
27816,3
27817,2
27818,2
27819,2
27820,2
27821,2
27822,2
27823,2
27824,2
27825,2
27826,2
27827,2
27828,2
27829,2
27830,2
27831,2
27832,2
27833,2
27834,2
27835,2
27836,2
27837,2
27838,2
27839,2
27840,2
27841,2
27842,2
27843,2
27844,2
27845,2
27846,2
27847,2
27848,0
27849,2
27850,2
27851,2
27852,3
27853,0
27854,3
27855,3
27856,2
27857,3
27858,3
27859,3
27860,3
27861,3
27862,3
27863,2
27864,3
27865,2
27866,2
27867,2
27868,2
27869,2
27870,2
27871,2
27872,2
27873,2
27874,3
27875,3
27876,2
27877,3
27878,3
27879,3
27880,2
27881,2
27882,2
27883,2
27884,2
27885,2
27886,2
27887,3
27888,3
27889,3
27890,2
27891,3
27892,3
27893,2
27894,0
27895,3
27896,3
27897,2
27898,2
27899,2
27900,2
27901,2
27902,2
27903,2
27904,2
27905,2
27906,3
27907,2
27908,2
27909,2
27910,2
27911,2
27912,3
27913,2
27914,2
27915,2
27916,2
27917,2
27918,2
27919,2
27920,2
27921,2
27922,3
27923,3
27924,0
27925,2
27926,3
27927,3
27928,2
27929,2
27930,3
27931,2
27932,2
27933,2
27934,2
27935,3
27936,2
27937,2
27938,2
27939,2
27940,2
27941,2
27942,3
27943,2
27944,2
27945,2
27946,3
27947,3
27948,3
27949,2
27950,2
27951,2
27952,2
27953,3
27954,2
27955,2
27956,2
27957,2
27958,3
27959,2
27960,2
27961,2
27962,2
27963,2
27964,2
27965,2
27966,2
27967,2
27968,2
27969,3
27970,2
27971,2
27972,2
27973,2
27974,3
27975,2
27976,2
27977,2
27978,1
27979,2
27980,2
27981,3
27982,3
27983,2
27984,3
27985,2
27986,2
27987,3
27988,3
27989,2
27990,2
27991,3
27992,2
27993,2
27994,3
27995,3
27996,3
27997,2
27998,2
27999,3
28000,2
28001,2
28002,2
28003,2
28004,2
28005,2
28006,2
28007,2
28008,2
28009,2
28010,2
28011,3
28012,2
28013,2
28014,3
28015,3
28016,3
28017,2
28018,2
28019,2
28020,2
28021,2
28022,0
28023,0
28024,2
28025,2
28026,2
28027,2
28028,2
28029,2
28030,2
28031,2
28032,2
28033,2
28034,2
28035,2
28036,2
28037,2
28038,2
28039,2
28040,2
28041,2
28042,2
28043,2
28044,2
28045,3
28046,2
28047,3
28048,2
28049,2
28050,2
28051,2
28052,2
28053,2
28054,2
28055,2
28056,2
28057,2
28058,2
28059,2
28060,3
28061,2
28062,2
28063,2
28064,3
28065,3
28066,3
28067,3
28068,2
28069,2
28070,2
28071,2
28072,2
28073,2
28074,3
28075,3
28076,0
28077,2
28078,0
28079,0
28080,3
28081,2
28082,2
28083,2
28084,2
28085,3
28086,2
28087,2
28088,2
28089,2
28090,2
28091,2
28092,2
28093,2
28094,3
28095,2
28096,2
28097,2
28098,2
28099,2
28100,3
28101,2
28102,2
28103,2
28104,2
28105,2
28106,3
28107,3
28108,3
28109,3
28110,0
28111,3
28112,2
28113,3
28114,3
28115,2
28116,2
28117,2
28118,2
28119,3
28120,0
28121,2
28122,2
28123,2
28124,2
28125,2
28126,2
28127,3
28128,2
28129,2
28130,2
28131,2
28132,3
28133,2
28134,2
28135,2
28136,2
28137,2
28138,2
28139,2
28140,2
28141,2
28142,2
28143,2
28144,2
28145,2
28146,2
28147,2
28148,2
28149,2
28150,2
28151,2
28152,2
28153,2
28154,3
28155,2
28156,3
28157,1
28158,0
28159,2
28160,3
28161,2
28162,0
28163,0
28164,0
28165,0
28166,0
28167,2
28168,2
28169,3
28170,2
28171,0
28172,3
28173,3
28174,3
28175,3
28176,2
28177,0
28178,1
28179,3
28180,3
28181,3
28182,3
28183,2
28184,3
28185,2
28186,2
28187,3
28188,2
28189,2
28190,3
28191,3
28192,2
28193,2
28194,3
28195,2
28196,2
28197,2
28198,2
28199,2
28200,2
28201,2
28202,2
28203,3
28204,3
28205,0
28206,0
28207,3
28208,2
28209,2
28210,2
28211,3
28212,2
28213,2
28214,2
28215,2
28216,0
28217,3
28218,3
28219,2
28220,2
28221,2
28222,2
28223,1
28224,2
28225,2
28226,2
28227,0
28228,0
28229,3
28230,0
28231,2
28232,2
28233,3
28234,2
28235,0
28236,3
28237,2
28238,0
28239,3
28240,0
28241,2
28242,2
28243,1
28244,0
28245,0
28246,2
28247,2
28248,2
28249,2
28250,2
28251,2
28252,2
28253,0
28254,3
28255,0
28256,0
28257,2
28258,0
28259,0
28260,0
28261,0
28262,0
28263,3
28264,0
28265,3
28266,3
28267,3
28268,3
28269,3
28270,2
28271,2
28272,2
28273,0
28274,0
28275,2
28276,1
28277,3
28278,3
28279,3
28280,3
28281,0
28282,0
28283,3
28284,3
28285,2
28286,2
28287,2
28288,2
28289,3
28290,0
28291,2
28292,2
28293,3
28294,2
28295,2
28296,3
28297,3
28298,3
28299,2
28300,2
28301,3
28302,2
28303,3
28304,3
28305,3
28306,2
28307,2
28308,2
28309,2
28310,2
28311,2
28312,2
28313,2
28314,3
28315,2
28316,2
28317,2
28318,2
28319,2
28320,2
28321,2
28322,2
28323,3
28324,2
28325,0
28326,2
28327,2
28328,3
28329,2
28330,2
28331,2
28332,2
28333,3
28334,3
28335,2
28336,2
28337,0
28338,2
28339,3
28340,3
28341,3
28342,3
28343,2
28344,3
28345,2
28346,2
28347,2
28348,2
28349,3
28350,0
28351,2
28352,2
28353,2
28354,2
28355,2
28356,2
28357,2
28358,2
28359,2
28360,2
28361,0
28362,3
28363,3
28364,2
28365,0
28366,0
28367,2
28368,3
28369,3
28370,2
28371,3
28372,2
28373,2
28374,2
28375,2
28376,2
28377,2
28378,2
28379,2
28380,2
28381,2
28382,1
28383,0
28384,3
28385,2
28386,2
28387,0
28388,3
28389,3
28390,2
28391,3
28392,2
28393,2
28394,3
28395,3
28396,2
28397,0
28398,2
28399,2
28400,2
28401,0
28402,3
28403,0
28404,3
28405,3
28406,2
28407,3
28408,3
28409,3
28410,2
28411,2
28412,2
28413,2
28414,3
28415,3
28416,1
28417,2
28418,0
28419,2
28420,2
28421,2
28422,2
28423,2
28424,2
28425,3
28426,2
28427,0
28428,2
28429,2
28430,3
28431,3
28432,3
28433,2
28434,3
28435,0
28436,0
28437,2
28438,1
28439,3
28440,0
28441,2
28442,3
28443,3
28444,0
28445,2
28446,2
28447,0
28448,2
28449,3
28450,0
28451,3
28452,0
28453,3
28454,0
28455,0
28456,2
28457,3
28458,0
28459,0
28460,0
28461,2
28462,0
28463,2
28464,2
28465,0
28466,3
28467,3
28468,3
28469,3
28470,3
28471,2
28472,2
28473,3
28474,3
28475,2
28476,3
28477,3
28478,2
28479,2
28480,2
28481,2
28482,3
28483,3
28484,3
28485,2
28486,3
28487,2
28488,2
28489,2
28490,3
28491,2
28492,3
28493,3
28494,3
28495,2
28496,3
28497,3
28498,2
28499,3
28500,3
28501,2
28502,3
28503,3
28504,3
28505,2
28506,2
28507,2
28508,2
28509,0
28510,2
28511,3
28512,2
28513,2
28514,2
28515,2
28516,2
28517,0
28518,2
28519,2
28520,2
28521,0
28522,3
28523,2
28524,2
28525,2
28526,2
28527,2
28528,3
28529,2
28530,2
28531,0
28532,2
28533,3
28534,2
28535,2
28536,2
28537,2
28538,2
28539,2
28540,3
28541,3
28542,3
28543,3
28544,3
28545,2
28546,3
28547,0
28548,3
28549,3
28550,3
28551,2
28552,3
28553,2
28554,3
28555,0
28556,2
28557,2
28558,3
28559,3
28560,3
28561,3
28562,3
28563,2
28564,2
28565,3
28566,3
28567,3
28568,3
28569,3
28570,3
28571,0
28572,3
28573,3
28574,3
28575,3
28576,3
28577,3
28578,3
28579,2
28580,3
28581,3
28582,2
28583,2
28584,2
28585,0
28586,2
28587,2
28588,2
28589,2
28590,3
28591,3
28592,3
28593,2
28594,3
28595,3
28596,2
28597,0
28598,3
28599,2
28600,3
28601,0
28602,3
28603,3
28604,3
28605,3
28606,2
28607,0
28608,3
28609,3
28610,2
28611,3
28612,2
28613,2
28614,2
28615,3
28616,3
28617,2
28618,3
28619,3
28620,2
28621,2
28622,3
28623,3
28624,3
28625,3
28626,2
28627,3
28628,3
28629,3
28630,3
28631,3
28632,3
28633,2
28634,3
28635,0
28636,0
28637,3
28638,3
28639,3
28640,0
28641,1
28642,1
28643,2
28644,3
28645,2
28646,2
28647,1
28648,2
28649,0
28650,2
28651,2
28652,2
28653,3
28654,2
28655,3
28656,2
28657,2
28658,2
28659,2
28660,2
28661,0
28662,0
28663,2
28664,2
28665,2
28666,3
28667,3
28668,3
28669,3
28670,3
28671,3
28672,3
28673,3
28674,3
28675,2
28676,0
28677,3
28678,3
28679,3
28680,3
28681,3
28682,2
28683,2
28684,3
28685,2
28686,1
28687,3
28688,2
28689,3
28690,2
28691,4
28692,3
28693,2
28694,3
28695,3
28696,3
28697,3
28698,3
28699,3
28700,3
28701,3
28702,2
28703,2
28704,2
28705,0
28706,2
28707,3
28708,3
28709,2
28710,0
28711,2
28712,2
28713,2
28714,3
28715,2
28716,0
28717,3
28718,2
28719,2
28720,3
28721,0
28722,0
28723,0
28724,3
28725,3
28726,3
28727,3
28728,3
28729,3
28730,3
28731,3
28732,2
28733,2
28734,2
28735,2
28736,3
28737,3
28738,2
28739,2
28740,0
28741,3
28742,3
28743,3
28744,0
28745,3
28746,3
28747,0
28748,3
28749,0
28750,0
28751,3
28752,0
28753,2
28754,0
28755,3
28756,2
28757,3
28758,2
28759,0
28760,3
28761,2
28762,0
28763,3
28764,0
28765,2
28766,2
28767,0
28768,3
28769,2
28770,0
28771,2
28772,2
28773,3
28774,3
28775,3
28776,0
28777,3
28778,3
28779,3
28780,0
28781,0
28782,2
28783,2
28784,2
28785,2
28786,2
28787,2
28788,3
28789,2
28790,2
28791,2
28792,3
28793,3
28794,3
28795,3
28796,3
28797,2
28798,2
28799,2
28800,2
28801,2
28802,2
28803,2
28804,2
28805,2
28806,2
28807,2
28808,2
28809,2
28810,2
28811,2
28812,2
28813,2
28814,2
28815,2
28816,0
28817,3
28818,2
28819,2
28820,2
28821,2
28822,2
28823,3
28824,3
28825,2
28826,2
28827,2
28828,2
28829,2
28830,2
28831,2
28832,2
28833,2
28834,2
28835,2
28836,2
28837,0
28838,3
28839,0
28840,0
28841,0
28842,0
28843,2
28844,3
28845,2
28846,2
28847,2
28848,0
28849,2
28850,2
28851,2
28852,2
28853,2
28854,3
28855,2
28856,2
28857,3
28858,0
28859,0
28860,0
28861,3
28862,2
28863,2
28864,2
28865,2
28866,0
28867,3
28868,3
28869,2
28870,3
28871,2
28872,2
28873,2
28874,2
28875,2
28876,2
28877,3
28878,2
28879,3
28880,3
28881,2
28882,2
28883,0
28884,2
28885,0
28886,2
28887,3
28888,2
28889,2
28890,2
28891,0
28892,1
28893,0
28894,2
28895,2
28896,0
28897,2
28898,2
28899,2
28900,3
28901,3
28902,0
28903,2
28904,2
28905,2
28906,2
28907,2
28908,3
28909,3
28910,2
28911,2
28912,2
28913,2
28914,0
28915,0
28916,2
28917,2
28918,2
28919,2
28920,2
28921,3
28922,2
28923,2
28924,2
28925,2
28926,2
28927,2
28928,2
28929,0
28930,2
28931,2
28932,2
28933,2
28934,2
28935,3
28936,0
28937,4
28938,3
28939,2
28940,2
28941,2
28942,2
28943,2
28944,3
28945,0
28946,2
28947,3
28948,3
28949,3
28950,3
28951,3
28952,3
28953,3
28954,2
28955,3
28956,3
28957,3
28958,3
28959,2
28960,2
28961,2
28962,2
28963,2
28964,2
28965,2
28966,2
28967,2
28968,2
28969,2
28970,3
28971,3
28972,2
28973,2
28974,3
28975,2
28976,2
28977,2
28978,3
28979,2
28980,2
28981,2
28982,2
28983,2
28984,2
28985,2
28986,3
28987,2
28988,3
28989,2
28990,3
28991,2
28992,2
28993,2
28994,2
28995,2
28996,2
28997,2
28998,2
28999,2
29000,1
29001,3
29002,0
29003,2
29004,0
29005,2
29006,2
29007,2
29008,3
29009,2
29010,2
29011,2
29012,2
29013,2
29014,2
29015,0
29016,2
29017,2
29018,3
29019,3
29020,2
29021,1
29022,2
29023,0
29024,2
29025,3
29026,0
29027,2
29028,2
29029,3
29030,3
29031,2
29032,1
29033,2
29034,2
29035,2
29036,1
29037,3
29038,2
29039,3
29040,3
29041,2
29042,3
29043,2
29044,2
29045,2
29046,3
29047,2
29048,3
29049,2
29050,2
29051,2
29052,2
29053,0
29054,2
29055,2
29056,2
29057,2
29058,0
29059,2
29060,2
29061,2
29062,2
29063,2
29064,2
29065,2
29066,2
29067,2
29068,2
29069,3
29070,2
29071,2
29072,3
29073,1
29074,2
29075,2
29076,2
29077,2
29078,0
29079,2
29080,2
29081,3
29082,2
29083,2
29084,2
29085,3
29086,3
29087,3
29088,3
29089,3
29090,2
29091,2
29092,2
29093,3
29094,2
29095,3
29096,2
29097,3
29098,0
29099,3
29100,3
29101,0
29102,3
29103,3
29104,3
29105,0
29106,2
29107,3
29108,3
29109,3
29110,3
29111,3
29112,0
29113,0
29114,1
29115,3
29116,3
29117,0
29118,0
29119,3
29120,3
29121,3
29122,3
29123,3
29124,2
29125,2
29126,3
29127,3
29128,3
29129,3
29130,3
29131,3
29132,3
29133,4
29134,4
29135,0
29136,3
29137,3
29138,0
29139,3
29140,2
29141,3
29142,3
29143,3
29144,3
29145,3
29146,2
29147,2
29148,3
29149,2
29150,2
29151,2
29152,3
29153,2
29154,2
29155,2
29156,2
29157,2
29158,3
29159,2
29160,2
29161,2
29162,2
29163,2
29164,2
29165,2
29166,3
29167,2
29168,2
29169,2
29170,2
29171,2
29172,3
29173,2
29174,2
29175,3
29176,3
29177,2
29178,2
29179,2
29180,2
29181,2
29182,2
29183,2
29184,2
29185,2
29186,2
29187,2
29188,2
29189,3
29190,2
29191,3
29192,3
29193,3
29194,3
29195,3
29196,2
29197,2
29198,3
29199,2
29200,2
29201,3
29202,2
29203,2
29204,2
29205,2
29206,2
29207,2
29208,3
29209,2
29210,3
29211,2
29212,3
29213,2
29214,2
29215,2
29216,2
29217,2
29218,2
29219,2
29220,3
29221,2
29222,0
29223,2
29224,3
29225,2
29226,2
29227,1
29228,3
29229,3
29230,2
29231,2
29232,3
29233,3
29234,2
29235,3
29236,3
29237,3
29238,3
29239,3
29240,3
29241,1
29242,1
29243,1
29244,1
29245,1
29246,1
29247,1
29248,3
29249,3
29250,3
29251,3
29252,3
29253,3
29254,3
29255,0
29256,3
29257,3
29258,3
29259,3
29260,3
29261,3
29262,3
29263,2
29264,3
29265,3
29266,3
29267,3
29268,3
29269,0
29270,3
29271,3
29272,0
29273,3
29274,3
29275,3
29276,3
29277,3
29278,0
29279,3
29280,3
29281,3
29282,3
29283,2
29284,3
29285,0
29286,2
29287,2
29288,0
29289,2
29290,3
29291,0
29292,0
29293,2
29294,2
29295,3
29296,3
29297,2
29298,1
29299,1
29300,2
29301,3
29302,3
29303,2
29304,2
29305,2
29306,2
29307,2
29308,2
29309,3
29310,2
29311,0
29312,2
29313,2
29314,2
29315,0
29316,2
29317,0
29318,1
29319,2
29320,2
29321,2
29322,2
29323,2
29324,3
29325,2
29326,3
29327,3
29328,2
29329,2
29330,2
29331,3
29332,1
29333,3
29334,3
29335,3
29336,3
29337,2
29338,0
29339,3
29340,0
29341,0
29342,3
29343,0
29344,2
29345,3
29346,0
29347,2
29348,2
29349,0
29350,3
29351,2
29352,3
29353,0
29354,3
29355,2
29356,3
29357,3
29358,3
29359,1
29360,3
29361,2
29362,2
29363,3
29364,0
29365,2
29366,2
29367,3
29368,3
29369,3
29370,2
29371,2
29372,2
29373,2
29374,3
29375,2
29376,2
29377,3
29378,2
29379,2
29380,0
29381,2
29382,0
29383,2
29384,3
29385,3
29386,3
29387,2
29388,2
29389,3
29390,2
29391,2
29392,2
29393,3
29394,3
29395,2
29396,2
29397,3
29398,3
29399,2
29400,2
29401,2
29402,2
29403,2
29404,2
29405,2
29406,0
29407,2
29408,2
29409,2
29410,2
29411,0
29412,2
29413,2
29414,2
29415,2
29416,2
29417,2
29418,2
29419,3
29420,2
29421,3
29422,2
29423,3
29424,3
29425,2
29426,2
29427,2
29428,2
29429,2
29430,3
29431,2
29432,3
29433,3
29434,2
29435,3
29436,0
29437,2
29438,2
29439,3
29440,3
29441,3
29442,1
29443,3
29444,1
29445,2
29446,3
29447,1
29448,1
29449,3
29450,1
29451,1
29452,1
29453,1
29454,1
29455,0
29456,3
29457,3
29458,1
29459,3
29460,3
29461,0
29462,3
29463,3
29464,0
29465,2
29466,0
29467,3
29468,0
29469,3
29470,2
29471,0
29472,1
29473,0
29474,2
29475,0
29476,0
29477,3
29478,3
29479,3
29480,3
29481,2
29482,3
29483,3
29484,2
29485,3
29486,2
29487,2
29488,3
29489,2
29490,2
29491,1
29492,1
29493,2
29494,2
29495,1
29496,3
29497,3
29498,3
29499,2
29500,3
29501,3
29502,3
29503,2
29504,2
29505,3
29506,2
29507,3
29508,3
29509,0
29510,2
29511,2
29512,3
29513,2
29514,2
29515,2
29516,2
29517,2
29518,2
29519,2
29520,2
29521,3
29522,3
29523,3
29524,2
29525,2
29526,2
29527,2
29528,2
29529,2
29530,0
29531,2
29532,2
29533,3
29534,3
29535,2
29536,0
29537,2
29538,2
29539,3
29540,3
29541,2
29542,2
29543,2
29544,2
29545,2
29546,2
29547,1
29548,2
29549,2
29550,3
29551,3
29552,2
29553,3
29554,3
29555,2
29556,3
29557,2
29558,2
29559,2
29560,2
29561,2
29562,2
29563,2
29564,3
29565,2
29566,2
29567,2
29568,3
29569,2
29570,3
29571,3
29572,2
29573,3
29574,3
29575,2
29576,2
29577,3
29578,0
29579,2
29580,0
29581,1
29582,0
29583,3
29584,3
29585,3
29586,3
29587,3
29588,3
29589,2
29590,0
29591,3
29592,0
29593,2
29594,0
29595,2
29596,3
29597,2
29598,3
29599,2
29600,0
29601,2
29602,0
29603,0
29604,0
29605,0
29606,0
29607,0
29608,2
29609,3
29610,3
29611,3
29612,2
29613,2
29614,1
29615,2
29616,3
29617,3
29618,2
29619,2
29620,3
29621,3
29622,0
29623,3
29624,2
29625,2
29626,2
29627,2
29628,3
29629,2
29630,3
29631,3
29632,2
29633,3
29634,2
29635,3
29636,2
29637,2
29638,0
29639,2
29640,2
29641,2
29642,3
29643,2
29644,3
29645,3
29646,3
29647,1
29648,3
29649,0
29650,0
29651,1
29652,3
29653,2
29654,3
29655,3
29656,3
29657,3
29658,2
29659,2
29660,2
29661,2
29662,3
29663,3
29664,3
29665,3
29666,2
29667,2
29668,2
29669,2
29670,2
29671,3
29672,3
29673,2
29674,2
29675,2
29676,2
29677,3
29678,1
29679,1
29680,1
29681,1
29682,1
29683,2
29684,1
29685,0
29686,0
29687,2
29688,2
29689,3
29690,2
29691,3
29692,2
29693,2
29694,0
29695,3
29696,0
29697,2
29698,2
29699,2
29700,2
29701,3
29702,3
29703,3
29704,3
29705,2
29706,2
29707,2
29708,3
29709,3
29710,3
29711,3
29712,3
29713,3
29714,0
29715,2
29716,3
29717,2
29718,2
29719,3
29720,0
29721,0
29722,2
29723,3
29724,2
29725,2
29726,2
29727,2
29728,2
29729,2
29730,0
29731,0
29732,0
29733,0
29734,0
29735,0
29736,0
29737,0
29738,2
29739,2
29740,1
29741,3
29742,2
29743,0
29744,2
29745,2
29746,2
29747,2
29748,3
29749,4
29750,1
29751,0
29752,2
29753,3
29754,2
29755,3
29756,3
29757,3
29758,2
29759,2
29760,2
29761,3
29762,2
29763,2
29764,2
29765,2
29766,2
29767,2
29768,2
29769,2
29770,2
29771,2
29772,3
29773,2
29774,3
29775,3
29776,2
29777,2
29778,2
29779,3
29780,2
29781,2
29782,2
29783,0
29784,2
29785,2
29786,3
29787,3
29788,0
29789,2
29790,0
29791,2
29792,2
29793,2
29794,2
29795,2
29796,2
29797,2
29798,2
29799,3
29800,2
29801,3
29802,2
29803,0
29804,3
29805,3
29806,3
29807,2
29808,3
29809,3
29810,2
29811,3
29812,0
29813,2
29814,2
29815,2
29816,2
29817,2
29818,2
29819,3
29820,2
29821,3
29822,3
29823,0
29824,2
29825,2
29826,2
29827,3
29828,3
29829,3
29830,3
29831,2
29832,2
29833,2
29834,2
29835,2
29836,2
29837,2
29838,1
29839,2
29840,2
29841,3
29842,3
29843,2
29844,3
29845,2
29846,1
29847,1
29848,1
29849,1
29850,2
29851,2
29852,2
29853,2
29854,2
29855,2
29856,3
29857,2
29858,1
29859,3
29860,3
29861,3
29862,2
29863,3
29864,2
29865,2
29866,2
29867,2
29868,2
29869,2
29870,2
29871,3
29872,3
29873,2
29874,3
29875,3
29876,3
29877,3
29878,2
29879,2
29880,3
29881,2
29882,3
29883,2
29884,0
29885,2
29886,2
29887,2
29888,0
29889,3
29890,2
29891,2
29892,2
29893,3
29894,2
29895,2
29896,0
29897,3
29898,2
29899,2
29900,2
29901,2
29902,2
29903,3
29904,2
29905,2
29906,2
29907,3
29908,3
29909,3
29910,3
29911,2
29912,2
29913,3
29914,2
29915,2
29916,2
29917,2
29918,2
29919,3
29920,3
29921,3
29922,3
29923,3
29924,3
29925,3
29926,2
29927,3
29928,3
29929,3
29930,2
29931,3
29932,2
29933,3
29934,3
29935,0
29936,3
29937,0
29938,3
29939,3
29940,3
29941,3
29942,2
29943,2
29944,2
29945,2
29946,2
29947,2
29948,2
29949,2
29950,2
29951,2
29952,2
29953,2
29954,3
29955,2
29956,3
29957,0
29958,3
29959,3
29960,2
29961,2
29962,2
29963,2
29964,0
29965,0
29966,3
29967,3
29968,2
29969,3
29970,0
29971,0
29972,0
29973,3
29974,3
29975,2
29976,0
29977,0
29978,0
29979,0
29980,0
29981,3
29982,3
29983,3
29984,2
29985,0
29986,0
29987,3
29988,2
29989,0
29990,3
29991,2
29992,2
29993,2
29994,2
29995,2
29996,3
29997,2
29998,2
29999,3
30000,3
30001,2
30002,2
30003,3
30004,2
30005,2
30006,2
30007,2
30008,2
30009,2
30010,2
30011,2
30012,2
30013,3
30014,2
30015,2
30016,2
30017,2
30018,3
30019,3
30020,0
30021,3
30022,2
30023,0
30024,2
30025,2
30026,3
30027,0
30028,2
30029,2
30030,3
30031,0
30032,3
30033,3
30034,2
30035,2
30036,3
30037,3
30038,2
30039,2
30040,0
30041,2
30042,2
30043,2
30044,2
30045,3
30046,2
30047,3
30048,2
30049,2
30050,3
30051,2
30052,2
30053,2
30054,2
30055,2
30056,2
30057,2
30058,2
30059,2
30060,3
30061,2
30062,2
30063,3
30064,3
30065,3
30066,3
30067,3
30068,3
30069,3
30070,2
30071,2
30072,2
30073,3
30074,3
30075,3
30076,2
30077,3
30078,3
30079,3
30080,2
30081,3
30082,3
30083,3
30084,3
30085,3
30086,0
30087,3
30088,3
30089,3
30090,2
30091,3
30092,3
30093,2
30094,2
30095,2
30096,2
30097,3
30098,0
30099,2
30100,0
30101,0
30102,3
30103,3
30104,3
30105,2
30106,2
30107,3
30108,0
30109,2
30110,3
30111,2
30112,2
30113,2
30114,3
30115,2
30116,3
30117,2
30118,0
30119,3
30120,2
30121,3
30122,3
30123,2
30124,2
30125,2
30126,2
30127,0
30128,3
30129,2
30130,3
30131,2
30132,2
30133,2
30134,2
30135,2
30136,3
30137,3
30138,2
30139,2
30140,2
30141,0
30142,2
30143,2
30144,2
30145,2
30146,0
30147,0
30148,3
30149,0
30150,3
30151,0
30152,2
30153,3
30154,2
30155,2
30156,2
30157,0
30158,2
30159,2
30160,2
30161,2
30162,2
30163,2
30164,2
30165,3
30166,3
30167,3
30168,2
30169,0
30170,2
30171,2
30172,3
30173,3
30174,3
30175,4
30176,4
30177,4
30178,3
30179,0
30180,2
30181,3
30182,2
30183,2
30184,3
30185,3
30186,3
30187,3
30188,3
30189,2
30190,2
30191,2
30192,3
30193,2
30194,2
30195,2
30196,3
30197,3
30198,3
30199,2
30200,3
30201,1
30202,3
30203,1
30204,3
30205,2
30206,2
30207,3
30208,3
30209,3
30210,2
30211,3
30212,0
30213,3
30214,2
30215,3
30216,2
30217,2
30218,0
30219,3
30220,2
30221,0
30222,0
30223,2
30224,0
30225,3
30226,2
30227,2
30228,3
30229,2
30230,2
30231,2
30232,2
30233,2
30234,2
30235,2
30236,3
30237,3
30238,3
30239,0
30240,0
30241,2
30242,2
30243,2
30244,3
30245,3
30246,3
30247,3
30248,3
30249,3
30250,2
30251,0
30252,2
30253,3
30254,3
30255,3
30256,3
30257,2
30258,3
30259,3
30260,3
30261,2
30262,2
30263,3
30264,3
30265,3
30266,2
30267,2
30268,0
30269,3
30270,3
30271,2
30272,2
30273,1
30274,3
30275,2
30276,2
30277,3
30278,3
30279,3
30280,3
30281,3
30282,2
30283,0
30284,0
30285,0
30286,3
30287,3
30288,3
30289,3
30290,2
30291,2
30292,2
30293,2
30294,2
30295,2
30296,3
30297,2
30298,3
30299,3
30300,3
30301,0
30302,1
30303,2
30304,2
30305,2
30306,2
30307,3
30308,2
30309,3
30310,3
30311,3
30312,2
30313,1
30314,1
30315,0
30316,3
30317,2
30318,2
30319,3
30320,1
30321,3
30322,3
30323,1
30324,3
30325,2
30326,3
30327,3
30328,2
30329,2
30330,3
30331,2
30332,3
30333,2
30334,2
30335,3
30336,2
30337,3
30338,3
30339,0
30340,3
30341,3
30342,0
30343,1
30344,3
30345,3
30346,0
30347,2
30348,2
30349,2
30350,3
30351,3
30352,0
30353,3
30354,3
30355,3
30356,3
30357,0
30358,3
30359,3
30360,3
30361,3
30362,2
30363,3
30364,3
30365,3
30366,0
30367,3
30368,3
30369,3
30370,0
30371,3
30372,3
30373,2
30374,0
30375,1
30376,3
30377,0
30378,2
30379,0
30380,2
30381,2
30382,3
30383,2
30384,0
30385,0
30386,0
30387,2
30388,0
30389,2
30390,3
30391,3
30392,3
30393,3
30394,3
30395,3
30396,3
30397,3
30398,3
30399,3
30400,3
30401,3
30402,3
30403,3
30404,3
30405,3
30406,3
30407,3
30408,3
30409,3
30410,3
30411,3
30412,3
30413,3
30414,3
30415,3
30416,3
30417,3
30418,3
30419,3
30420,3
30421,3
30422,3
30423,3
30424,3
30425,3
30426,3
30427,1
30428,3
30429,3
30430,3
30431,3
30432,3
30433,3
30434,3
30435,3
30436,1
30437,3
30438,1
30439,3
30440,3
30441,1
30442,3
30443,3
30444,3
30445,3
30446,3
30447,3
30448,3
30449,3
30450,3
30451,3
30452,3
30453,3
30454,3
30455,3
30456,1
30457,3
30458,1
30459,3
30460,3
30461,3
30462,3
30463,3
30464,3
30465,3
30466,3
30467,3
30468,3
30469,3
30470,3
30471,3
30472,3
30473,3
30474,3
30475,3
30476,3
30477,3
30478,3
30479,3
30480,3
30481,3
30482,3
30483,3
30484,3
30485,3
30486,3
30487,3
30488,3
30489,3
30490,3
30491,3
30492,3
30493,3
30494,3
30495,3
30496,3
30497,3
30498,3
30499,3
30500,3
30501,3
30502,3
30503,3
30504,3
30505,3
30506,3
30507,3
30508,3
30509,3
30510,3
30511,3
30512,3
30513,3
30514,3
30515,3
30516,3
30517,3
30518,3
30519,3
30520,3
30521,3
30522,3
30523,3
30524,3
30525,3
30526,3
30527,3
30528,3
30529,3
30530,3
30531,3
30532,3
30533,3
30534,3
30535,3
30536,3
30537,3
30538,3
30539,3
30540,3
30541,3
30542,3
30543,3
30544,3
30545,3
30546,3
30547,3
30548,3
30549,3
30550,3
30551,3
30552,3
30553,2
30554,3
30555,3
30556,3
30557,3
30558,3
30559,3
30560,3
30561,3
30562,3
30563,3
30564,3
30565,3
30566,3
30567,3
30568,3
30569,3
30570,3
30571,3
30572,3
30573,3
30574,3
30575,3
30576,3
30577,3
30578,3
30579,3
30580,3
30581,3
30582,3
30583,3
30584,3
30585,3
30586,3
30587,3
30588,3
30589,3
30590,3
30591,2
30592,2
30593,2
30594,2
30595,2
30596,2
30597,3
30598,2
30599,3
30600,2
30601,2
30602,3
30603,3
30604,3
30605,1
30606,3
30607,3
30608,0
30609,3
30610,0
30611,3
30612,3
30613,3
30614,3
30615,3
30616,3
30617,3
30618,3
30619,3
30620,3
30621,3
30622,3
30623,3
30624,3
30625,3
30626,3
30627,3
30628,3
30629,3
30630,3
30631,3
30632,3
30633,3
30634,3
30635,3
30636,3
30637,3
30638,3
30639,3
30640,3
30641,3
30642,3
30643,3
30644,3
30645,3
30646,1
30647,1
30648,3
30649,3
30650,1
30651,1
30652,3
30653,3
30654,3
30655,3
30656,3
30657,3
30658,3
30659,3
30660,3
30661,3
30662,3
30663,3
30664,3
30665,3
30666,3
30667,3
30668,3
30669,3
30670,3
30671,3
30672,1
30673,3
30674,3
30675,3
30676,3
30677,3
30678,3
30679,3
30680,3
30681,3
30682,3
30683,3
30684,3
30685,3
30686,3
30687,3
30688,3
30689,3
30690,3
30691,1
30692,3
30693,3
30694,1
30695,1
30696,3
30697,1
30698,3
30699,3
30700,3
30701,1
30702,1
30703,1
30704,3
30705,1
30706,1
30707,1
30708,1
30709,1
30710,3
30711,1
30712,1
30713,1
30714,1
30715,3
30716,1
30717,1
30718,1
30719,1
30720,1
30721,1
30722,1
30723,1
30724,1
30725,1
30726,1
30727,1
30728,1
30729,1
30730,1
30731,1
30732,1
30733,1
30734,1
30735,1
30736,1
30737,1
30738,1
30739,1
30740,1
30741,1
30742,1
30743,1
30744,1
30745,1
30746,1
30747,1
30748,1
30749,1
30750,1
30751,1
30752,1
30753,1
30754,1
30755,1
30756,1
30757,1
30758,1
30759,1
30760,1
30761,1
30762,1
30763,1
30764,1
30765,1
30766,1
30767,1
30768,1
30769,1
30770,1
30771,1
30772,3
30773,3
30774,3
30775,2
30776,2
30777,3
30778,3
30779,3
30780,3
30781,3
30782,3
30783,3
30784,3
30785,3
30786,3
30787,3
30788,3
30789,3
30790,3
30791,3
30792,3
30793,3
30794,3
30795,3
30796,3
30797,3
30798,3
30799,3
30800,3
30801,3
30802,3
30803,3
30804,3
30805,3
30806,3
30807,3
30808,3
30809,3
30810,3
30811,3
30812,3
30813,3
30814,3
30815,3
30816,1
30817,3
30818,2
30819,2
30820,2
30821,3
30822,3
30823,3
30824,3
30825,3
30826,3
30827,0
30828,0
30829,0
30830,3
30831,3
30832,0
30833,0
30834,1
30835,0
30836,0
30837,0
30838,0
30839,0
30840,0
30841,0
30842,0
30843,0
30844,0
30845,0
30846,0
30847,0
30848,0
30849,0
30850,0
30851,0
30852,0
30853,0
30854,0
30855,0
30856,0
30857,0
30858,0
30859,0
30860,0
30861,0
30862,0
30863,3
30864,3
30865,3
30866,3
30867,3
30868,3
30869,3
30870,3
30871,3
30872,3
30873,3
30874,3
30875,3
30876,3
30877,3
30878,0
30879,3
30880,3
30881,3
30882,3
30883,3
30884,3
30885,3
30886,3
30887,3
30888,3
30889,3
30890,3
30891,3
30892,3
30893,3
30894,3
30895,3
30896,3
30897,3
30898,3
30899,3
30900,3
30901,3
30902,3
30903,3
30904,3
30905,3
30906,3
30907,3
30908,3
30909,3
30910,3
30911,3
30912,3
30913,3
30914,3
30915,3
30916,3
30917,3
30918,3
30919,3
30920,3
30921,3
30922,3
30923,3
30924,3
30925,3
30926,3
30927,3
30928,3
30929,3
30930,3
30931,3
30932,3
30933,3
30934,3
30935,3
30936,3
30937,3
30938,3
30939,3
30940,3
30941,3
30942,3
30943,3
30944,3
30945,3
30946,3
30947,3
30948,3
30949,3
30950,3
30951,3
30952,3
30953,3
30954,3
30955,3
30956,3
30957,3
30958,3
30959,3
30960,3
30961,3
30962,3
30963,3
30964,3
30965,3
30966,3
30967,3
30968,3
30969,3
30970,3
30971,3
30972,3
30973,3
30974,3
30975,3
30976,3
30977,2
30978,3
30979,3
30980,3
30981,3
30982,3
30983,3
30984,3
30985,3
30986,3
30987,3
30988,3
30989,0
30990,0
30991,3
30992,3
30993,3
30994,3
30995,3
30996,3
30997,4
30998,3
30999,3
31000,0
31001,3
31002,0
31003,0
31004,1
31005,3
31006,3
31007,3
31008,1
31009,1
31010,1
31011,1
31012,3
31013,1
31014,1
31015,1
31016,1
31017,3
31018,3
31019,3
31020,1
31021,3
31022,3
31023,3
31024,0
31025,0
31026,0
31027,0
31028,0
31029,0
31030,0
31031,3
31032,3
31033,3
31034,3
31035,3
31036,3
31037,3
31038,3
31039,3
31040,3
31041,1
31042,3
31043,3
31044,3
31045,3
31046,3
31047,3
31048,1
31049,3
31050,3
31051,3
31052,3
31053,3
31054,3
31055,0
31056,1
31057,0
31058,3
31059,2
31060,3
31061,3
31062,3
31063,3
31064,3
31065,0
31066,3
31067,3
31068,3
31069,3
31070,3
31071,3
31072,3
31073,3
31074,3
31075,3
31076,3
31077,3
31078,3
31079,3
31080,3
31081,3
31082,3
31083,3
31084,3
31085,3
31086,1
31087,3
31088,3
31089,3
31090,3
31091,3
31092,3
31093,3
31094,3
31095,3
31096,3
31097,3
31098,0
31099,0
31100,0
31101,3
31102,3
31103,2
31104,1
31105,1
31106,3
31107,3
31108,2
31109,0
31110,3
31111,2
31112,3
31113,3
31114,3
31115,3
31116,3
31117,3
31118,2
31119,3
31120,3
31121,3
31122,0
31123,3
31124,2
31125,0
31126,2
31127,2
31128,2
31129,2
31130,2
31131,3
31132,0
31133,2
31134,0
31135,0
31136,0
31137,0
31138,1
31139,0
31140,0
31141,0
31142,0
31143,0
31144,0
31145,0
31146,0
31147,3
31148,3
31149,0
31150,0
31151,0
31152,0
31153,0
31154,0
31155,0
31156,0
31157,0
31158,0
31159,3
31160,3
31161,0
31162,0
31163,0
31164,0
31165,0
31166,0
31167,0
31168,0
31169,0
31170,0
31171,0
31172,0
31173,0
31174,0
31175,0
31176,0
31177,0
31178,0
31179,0
31180,0
31181,0
31182,0
31183,0
31184,0
31185,3
31186,3
31187,3
31188,3
31189,3
31190,3
31191,3
31192,3
31193,3
31194,3
31195,3
31196,3
31197,3
31198,3
31199,3
31200,3
31201,0
31202,3
31203,3
31204,3
31205,3
31206,3
31207,3
31208,3
31209,3
31210,3
31211,3
31212,1
31213,1
31214,1
31215,1
31216,1
31217,1
31218,3
31219,3
31220,0
31221,0
31222,1
31223,1
31224,0
31225,0
31226,0
31227,0
31228,3
31229,0
31230,3
31231,3
31232,3
31233,3
31234,2
31235,3
31236,2
31237,3
31238,0
31239,2
31240,2
31241,0
31242,0
31243,3
31244,3
31245,0
31246,2
31247,3
31248,3
31249,3
31250,2
31251,0
31252,2
31253,0
31254,0
31255,0
31256,0
31257,0
31258,0
31259,0
31260,0
31261,0
31262,0
31263,0
31264,0
31265,0
31266,3
31267,3
31268,3
31269,3
31270,3
31271,3
31272,3
31273,3
31274,3
31275,3
31276,3
31277,3
31278,2
31279,2
31280,2
31281,2
31282,2
31283,3
31284,3
31285,3
31286,3
31287,3
31288,3
31289,3
31290,2
31291,2
31292,2
31293,2
31294,2
31295,2
31296,2
31297,2
31298,2
31299,2
31300,2
31301,2
31302,2
31303,2
31304,2
31305,2
31306,2
31307,2
31308,2
31309,2
31310,2
31311,2
31312,2
31313,2
31314,2
31315,1
31316,1
31317,1
31318,3
31319,2
31320,2
31321,2
31322,2
31323,2
31324,2
31325,2
31326,2
31327,2
31328,2
31329,3
31330,3
31331,3
31332,2
31333,2
31334,2
31335,2
31336,2
31337,2
31338,2
31339,2
31340,2
31341,0
31342,0
31343,0
31344,0
31345,2
31346,2
31347,3
31348,0
31349,3
31350,2
31351,0
31352,2
31353,3
31354,2
31355,0
31356,0
31357,3
31358,2
31359,2
31360,2
31361,2
31362,2
31363,2
31364,2
31365,2
31366,2
31367,2
31368,2
31369,2
31370,2
31371,2
31372,2
31373,2
31374,2
31375,2
31376,3
31377,3
31378,3
31379,2
31380,3
31381,2
31382,2
31383,2
31384,2
31385,2
31386,2
31387,2
31388,2
31389,2
31390,2
31391,2
31392,2
31393,2
31394,2
31395,2
31396,3
31397,3
31398,3
31399,3
31400,2
31401,2
31402,2
31403,2
31404,2
31405,2
31406,3
31407,2
31408,2
31409,3
31410,2
31411,2
31412,2
31413,2
31414,2
31415,2
31416,2
31417,2
31418,0
31419,2
31420,2
31421,2
31422,2
31423,2
31424,2
31425,2
31426,2
31427,2
31428,2
31429,2
31430,2
31431,2
31432,2
31433,2
31434,2
31435,2
31436,2
31437,2
31438,2
31439,2
31440,2
31441,2
31442,3
31443,2
31444,3
31445,2
31446,3
31447,3
31448,3
31449,2
31450,2
31451,2
31452,2
31453,2
31454,1
31455,1
31456,1
31457,1
31458,1
31459,1
31460,1
31461,1
31462,1
31463,1
31464,1
31465,2
31466,2
31467,2
31468,2
31469,3
31470,3
31471,2
31472,2
31473,2
31474,2
31475,2
31476,2
31477,2
31478,2
31479,2
31480,2
31481,3
31482,2
31483,2
31484,2
31485,1
31486,1
31487,1
31488,2
31489,2
31490,2
31491,2
31492,2
31493,3
31494,1
31495,1
31496,1
31497,1
31498,1
31499,1
31500,3
31501,2
31502,2
31503,2
31504,2
31505,3
31506,3
31507,0
31508,2
31509,2
31510,2
31511,0
31512,2
31513,2
31514,2
31515,2
31516,2
31517,2
31518,2
31519,0
31520,0
31521,3
31522,0
31523,3
31524,3
31525,2
31526,3
31527,2
31528,2
31529,2
31530,2
31531,3
31532,2
31533,2
31534,2
31535,2
31536,2
31537,2
31538,1
31539,1
31540,1
31541,1
31542,1
31543,1
31544,2
31545,2
31546,2
31547,2
31548,2
31549,2
31550,2
31551,2
31552,0
31553,2
31554,3
31555,2
31556,2
31557,2
31558,2
31559,3
31560,3
31561,2
31562,3
31563,3
31564,3
31565,2
31566,3
31567,2
31568,3
31569,2
31570,2
31571,2
31572,2
31573,2
31574,0
31575,0
31576,0
31577,0
31578,3
31579,3
31580,3
31581,3
31582,3
31583,3
31584,3
31585,3
31586,2
31587,3
31588,0
31589,2
31590,3
31591,2
31592,2
31593,2
31594,2
31595,2
31596,2
31597,2
31598,2
31599,3
31600,3
31601,3
31602,2
31603,2
31604,2
31605,2
31606,2
31607,2
31608,2
31609,2
31610,2
31611,2
31612,2
31613,2
31614,2
31615,2
31616,2
31617,2
31618,2
31619,2
31620,2
31621,2
31622,2
31623,2
31624,2
31625,2
31626,2
31627,2
31628,2
31629,3
31630,2
31631,2
31632,2
31633,2
31634,2
31635,2
31636,2
31637,2
31638,2
31639,3
31640,2
31641,2
31642,2
31643,2
31644,2
31645,2
31646,2
31647,2
31648,2
31649,2
31650,2
31651,2
31652,2
31653,3
31654,2
31655,2
31656,3
31657,1
31658,1
31659,1
31660,1
31661,1
31662,1
31663,1
31664,1
31665,1
31666,1
31667,1
31668,2
31669,2
31670,2
31671,2
31672,2
31673,2
31674,2
31675,2
31676,2
31677,2
31678,2
31679,2
31680,2
31681,2
31682,2
31683,2
31684,2
31685,2
31686,3
31687,2
31688,2
31689,2
31690,2
31691,3
31692,2
31693,2
31694,2
31695,2
31696,2
31697,2
31698,2
31699,1
31700,1
31701,3
31702,2
31703,2
31704,2
31705,2
31706,2
31707,2
31708,2
31709,2
31710,2
31711,2
31712,2
31713,2
31714,2
31715,2
31716,2
31717,2
31718,2
31719,3
31720,2
31721,2
31722,1
31723,1
31724,2
31725,2
31726,2
31727,2
31728,2
31729,1
31730,2
31731,2
31732,2
31733,1
31734,1
31735,3
31736,2
31737,1
31738,0
31739,0
31740,2
31741,1
31742,1
31743,2
31744,2
31745,2
31746,2
31747,2
31748,2
31749,2
31750,2
31751,2
31752,3
31753,3
31754,2
31755,2
31756,3
31757,2
31758,1
31759,1
31760,2
31761,3
31762,2
31763,2
31764,2
31765,2
31766,2
31767,2
31768,0
31769,3
31770,0
31771,3
31772,2
31773,3
31774,3
31775,3
31776,1
31777,1
31778,1
31779,1
31780,3
31781,3
31782,2
31783,3
31784,3
31785,3
31786,3
31787,3
31788,3
31789,3
31790,2
31791,2
31792,2
31793,2
31794,3
31795,1
31796,3
31797,3
31798,2
31799,2
31800,2
31801,3
31802,1
31803,1
31804,1
31805,1
31806,3
31807,1
31808,1
31809,1
31810,1
31811,1
31812,1
31813,2
31814,2
31815,2
31816,3
31817,1
31818,1
31819,1
31820,2
31821,2
31822,2
31823,2
31824,2
31825,3
31826,2
31827,2
31828,2
31829,2
31830,2
31831,3
31832,0
31833,2
31834,2
31835,2
31836,0
31837,2
31838,2
31839,2
31840,0
31841,0
31842,3
31843,2
31844,2
31845,2
31846,2
31847,1
31848,2
31849,2
31850,2
31851,2
31852,2
31853,2
31854,2
31855,2
31856,2
31857,2
31858,2
31859,2
31860,1
31861,1
31862,1
31863,1
31864,3
31865,3
31866,2
31867,2
31868,2
31869,2
31870,2
31871,2
31872,2
31873,2
31874,2
31875,2
31876,2
31877,2
31878,2
31879,2
31880,2
31881,2
31882,2
31883,2
31884,2
31885,1
31886,1
31887,2
31888,2
31889,2
31890,2
31891,2
31892,2
31893,2
31894,2
31895,2
31896,2
31897,2
31898,2
31899,2
31900,2
31901,2
31902,2
31903,2
31904,2
31905,2
31906,1
31907,0
31908,2
31909,1
31910,0
31911,2
31912,0
31913,0
31914,2
31915,2
31916,2
31917,3
31918,0
31919,2
31920,2
31921,3
31922,2
31923,2
31924,2
31925,0
31926,2
31927,3
31928,3
31929,2
31930,0
31931,0
31932,0
31933,3
31934,2
31935,2
31936,0
31937,2
31938,0
31939,3
31940,2
31941,2
31942,2
31943,3
31944,2
31945,3
31946,2
31947,3
31948,2
31949,3
31950,2
31951,2
31952,3
31953,3
31954,0
31955,3
31956,3
31957,3
31958,3
31959,2
31960,3
31961,2
31962,3
31963,3
31964,3
31965,2
31966,2
31967,2
31968,3
31969,3
31970,2
31971,2
31972,3
31973,3
31974,2
31975,5
31976,3
31977,3
31978,2
31979,3
31980,3
31981,3
31982,0
31983,0
31984,0
31985,0
31986,0
31987,0
31988,0
31989,0
31990,0
31991,0
31992,2
31993,0
31994,0
31995,2
31996,2
31997,2
31998,0
31999,2
32000,2
32001,2
32002,2
32003,2
32004,2
32005,2
32006,3
32007,2
32008,0
32009,0
32010,0
32011,0
32012,0
32013,0
32014,0
32015,0
32016,0
32017,0
32018,2
32019,2
32020,2
32021,2
32022,2
32023,2
32024,3
32025,1
32026,1
32027,2
32028,2
32029,0
32030,0
32031,2
32032,5
32033,2
32034,2
32035,3
32036,0
32037,2
32038,2
32039,1
32040,3
32041,2
32042,2
32043,2
32044,3
32045,3
32046,2
32047,3
32048,3
32049,2
32050,0
32051,3
32052,3
32053,2
32054,2
32055,2
32056,2
32057,2
32058,2
32059,2
32060,2
32061,4
32062,2
32063,2
32064,2
32065,2
32066,2
32067,2
32068,2
32069,2
32070,2
32071,2
32072,2
32073,2
32074,2
32075,2
32076,2
32077,2
32078,2
32079,2
32080,2
32081,2
32082,2
32083,2
32084,2
32085,2
32086,2
32087,2
32088,2
32089,2
32090,2
32091,2
32092,2
32093,2
32094,2
32095,2
32096,0
32097,2
32098,2
32099,2
32100,2
32101,2
32102,2
32103,2
32104,2
32105,2
32106,2
32107,2
32108,2
32109,2
32110,2
32111,1
32112,2
32113,2
32114,2
32115,2
32116,0
32117,2
32118,1
32119,2
32120,0
32121,2
32122,2
32123,2
32124,2
32125,2
32126,2
32127,3
32128,2
32129,3
32130,0
32131,2
32132,1
32133,2
32134,2
32135,0
32136,2
32137,2
32138,2
32139,2
32140,2
32141,0
32142,2
32143,2
32144,2
32145,2
32146,2
32147,3
32148,2
32149,3
32150,2
32151,2
32152,3
32153,3
32154,2
32155,2
32156,2
32157,2
32158,1
32159,2
32160,2
32161,2
32162,2
32163,0
32164,0
32165,2
32166,0
32167,2
32168,0
32169,3
32170,1
32171,3
32172,2
32173,2
32174,2
32175,2
32176,2
32177,2
32178,2
32179,2
32180,2
32181,2
32182,0
32183,3
32184,2
32185,2
32186,2
32187,2
32188,2
32189,2
32190,3
32191,3
32192,2
32193,3
32194,3
32195,2
32196,3
32197,3
32198,3
32199,2
32200,2
32201,2
32202,2
32203,0
32204,2
32205,2
32206,3
32207,2
32208,2
32209,3
32210,3
32211,2
32212,2
32213,2
32214,0
32215,0
32216,2
32217,2
32218,2
32219,2
32220,2
32221,2
32222,2
32223,2
32224,3
32225,3
32226,2
32227,0
32228,0
32229,2
32230,0
32231,2
32232,0
32233,0
32234,0
32235,0
32236,0
32237,2
32238,0
32239,0
32240,0
32241,0
32242,0
32243,0
32244,1
32245,0
32246,2
32247,3
32248,2
32249,2
32250,2
32251,2
32252,3
32253,2
32254,2
32255,2
32256,1
32257,3
32258,3
32259,2
32260,3
32261,2
32262,2
32263,0
32264,2
32265,2
32266,3
32267,0
32268,2
32269,2
32270,3
32271,2
32272,3
32273,0
32274,2
32275,0
32276,3
32277,0
32278,3
32279,3
32280,2
32281,2
32282,2
32283,2
32284,0
32285,2
32286,2
32287,3
32288,3
32289,3
32290,2
32291,2
32292,2
32293,2
32294,2
32295,2
32296,2
32297,2
32298,5
32299,2
32300,2
32301,2
32302,0
32303,0
32304,0
32305,2
32306,0
32307,2
32308,2
32309,3
32310,2
32311,2
32312,2
32313,2
32314,2
32315,0
32316,2
32317,2
32318,2
32319,2
32320,2
32321,2
32322,2
32323,2
32324,2
32325,2
32326,2
32327,2
32328,2
32329,2
32330,2
32331,2
32332,2
32333,2
32334,2
32335,2
32336,0
32337,2
32338,2
32339,2
32340,2
32341,2
32342,0
32343,2
32344,0
32345,2
32346,2
32347,2
32348,2
32349,2
32350,2
32351,0
32352,2
32353,2
32354,2
32355,2
32356,2
32357,2
32358,2
32359,2
32360,0
32361,2
32362,2
32363,2
32364,2
32365,2
32366,2
32367,2
32368,0
32369,2
32370,2
32371,2
32372,0
32373,2
32374,2
32375,2
32376,2
32377,2
32378,2
32379,2
32380,2
32381,2
32382,2
32383,2
32384,2
32385,2
32386,2
32387,2
32388,2
32389,2
32390,2
32391,2
32392,2
32393,2
32394,2
32395,2
32396,2
32397,2
32398,2
32399,2
32400,2
32401,2
32402,2
32403,2
32404,2
32405,2
32406,2
32407,2
32408,2
32409,2
32410,2
32411,2
32412,2
32413,2
32414,2
32415,2
32416,2
32417,2
32418,2
32419,2
32420,2
32421,3
32422,3
32423,3
32424,3
32425,3
32426,3
32427,3
32428,3
32429,2
32430,0
32431,2
32432,3
32433,1
32434,1
32435,1
32436,1
32437,3
32438,3
32439,3
32440,2
32441,3
32442,2
32443,3
32444,3
32445,2
32446,2
32447,2
32448,2
32449,2
32450,0
32451,0
32452,2
32453,2
32454,2
32455,2
32456,2
32457,2
32458,2
32459,0
32460,2
32461,3
32462,2
32463,2
32464,2
32465,2
32466,2
32467,2
32468,2
32469,2
32470,2
32471,0
32472,0
32473,2
32474,0
32475,2
32476,2
32477,2
32478,2
32479,0
32480,2
32481,0
32482,2
32483,2
32484,0
32485,2
32486,2
32487,2
32488,2
32489,3
32490,2
32491,2
32492,2
32493,2
32494,2
32495,2
32496,2
32497,2
32498,2
32499,2
32500,2
32501,2
32502,2
32503,2
32504,2
32505,2
32506,2
32507,2
32508,3
32509,2
32510,2
32511,2
32512,2
32513,2
32514,3
32515,3
32516,2
32517,2
32518,2
32519,2
32520,1
32521,2
32522,2
32523,2
32524,3
32525,2
32526,2
32527,2
32528,2
32529,2
32530,2
32531,2
32532,2
32533,2
32534,2
32535,2
32536,0
32537,3
32538,2
32539,2
32540,2
32541,2
32542,2
32543,2
32544,2
32545,1
32546,3
32547,0
32548,3
32549,3
32550,3
32551,3
32552,3
32553,3
32554,2
32555,2
32556,1
32557,1
32558,2
32559,3
32560,1
32561,0
32562,3
32563,3
32564,0
32565,0
32566,0
32567,0
32568,3
32569,0
32570,3
32571,1
32572,1
32573,3
32574,0
32575,3
32576,3
32577,1
32578,1
32579,0
32580,3
32581,0
32582,0
32583,3
32584,3
32585,3
32586,1
32587,3
32588,3
32589,0
32590,3
32591,3
32592,3
32593,0
32594,3
32595,1
32596,0
32597,0
32598,0
32599,0
32600,0
32601,1
32602,1
32603,0
32604,0
32605,1
32606,3
32607,2
32608,1
32609,1
32610,0
32611,0
32612,0
32613,0
32614,0
32615,3
32616,0
32617,2
32618,1
32619,0
32620,0
32621,2
32622,1
32623,0
32624,0
32625,0
32626,1
32627,0
32628,0
32629,0
32630,0
32631,0
32632,0
32633,0
32634,0
32635,0
32636,0
32637,0
32638,0
32639,0
32640,3
32641,3
32642,3
32643,3
32644,0
32645,3
32646,0
32647,0
32648,3
32649,3
32650,3
32651,3
32652,0
32653,3
32654,0
32655,0
32656,0
32657,3
32658,0
32659,0
32660,2
32661,3
32662,0
32663,3
32664,3
32665,3
32666,3
32667,0
32668,3
32669,3
32670,3
32671,3
32672,3
32673,1
32674,3
32675,3
32676,3
32677,3
32678,3
32679,3
32680,3
32681,3
32682,3
32683,3
32684,3
32685,3
32686,3
32687,3
32688,3
32689,3
32690,3
32691,3
32692,3
32693,3
32694,3
32695,3
32696,0
32697,3
32698,3
32699,0
32700,3
32701,1
32702,3
32703,3
32704,0
32705,3
32706,3
32707,3
32708,3
32709,3
32710,3
32711,3
32712,3
32713,1
32714,3
32715,3
32716,3
32717,3
32718,3
32719,3
32720,3
32721,1
32722,3
32723,3
32724,3
32725,3
32726,0
32727,0
32728,3
32729,3
32730,2
32731,0
32732,0
32733,0
32734,0
32735,0
32736,0
32737,0
32738,2
32739,2
32740,0
32741,0
32742,3
32743,3
32744,0
32745,3
32746,0
32747,3
32748,0
32749,0
32750,0
32751,3
32752,3
32753,3
32754,3
32755,3
32756,3
32757,0
32758,0
32759,0
32760,0
32761,0
32762,0
32763,0
32764,0
32765,0
32766,0
32767,0
32768,0
32769,0
32770,0
32771,0
32772,0
32773,0
32774,0
32775,0
32776,0
32777,3
32778,0
32779,0
32780,0
32781,3
32782,3
32783,3
32784,3
32785,2
32786,3
32787,3
32788,3
32789,3
32790,3
32791,2
32792,3
32793,3
32794,2
32795,3
32796,3
32797,3
32798,3
32799,3
32800,1
32801,3
32802,3
32803,3
32804,3
32805,3
32806,3
32807,3
32808,3
32809,3
32810,3
32811,3
32812,3
32813,3
32814,3
32815,3
32816,1
32817,3
32818,0
32819,3
32820,0
32821,3
32822,3
32823,3
32824,3
32825,3
32826,3
32827,3
32828,3
32829,3
32830,0
32831,1
32832,3
32833,3
32834,3
32835,0
32836,3
32837,0
32838,3
32839,3
32840,3
32841,3
32842,3
32843,3
32844,3
32845,3
32846,3
32847,3
32848,3
32849,1
32850,0
32851,0
32852,0
32853,0
32854,0
32855,0
32856,0
32857,0
32858,3
32859,3
32860,3
32861,3
32862,4
32863,3
32864,3
32865,3
32866,3
32867,3
32868,3
32869,3
32870,3
32871,3
32872,0
32873,3
32874,3
32875,0
32876,0
32877,0
32878,3
32879,3
32880,0
32881,0
32882,0
32883,0
32884,3
32885,3
32886,3
32887,3
32888,3
32889,1
32890,0
32891,3
32892,1
32893,3
32894,3
32895,3
32896,3
32897,3
32898,3
32899,3
32900,3
32901,0
32902,3
32903,3
32904,0
32905,0
32906,3
32907,0
32908,0
32909,3
32910,3
32911,1
32912,3
32913,1
32914,3
32915,3
32916,3
32917,3
32918,3
32919,3
32920,3
32921,3
32922,3
32923,3
32924,0
32925,0
32926,0
32927,0
32928,0
32929,3
32930,3
32931,3
32932,3
32933,3
32934,3
32935,0
32936,0
32937,0
32938,0
32939,0
32940,0
32941,3
32942,3
32943,3
32944,3
32945,3
32946,3
32947,3
32948,0
32949,1
32950,0
32951,1
32952,1
32953,0
32954,3
32955,0
32956,3
32957,0
32958,0
32959,0
32960,0
32961,0
32962,0
32963,0
32964,0
32965,0
32966,0
32967,0
32968,0
32969,0
32970,0
32971,0
32972,3
32973,3
32974,0
32975,0
32976,0
32977,0
32978,0
32979,0
32980,0
32981,0
32982,0
32983,0
32984,3
32985,0
32986,3
32987,0
32988,0
32989,0
32990,0
32991,0
32992,0
32993,0
32994,0
32995,0
32996,0
32997,0
32998,0
32999,0
33000,0
33001,0
33002,0
33003,0
33004,0
33005,0
33006,0
33007,0
33008,0
33009,0
33010,0
33011,0
33012,0
33013,0
33014,0
33015,0
33016,0
33017,0
33018,0
33019,0
33020,0
33021,3
33022,0
33023,1
33024,1
33025,1
33026,3
33027,3
33028,0
33029,3
33030,3
33031,3
33032,3
33033,1
33034,1
33035,0
33036,0
33037,0
33038,0
33039,0
33040,0
33041,0
33042,0
33043,0
33044,0
33045,0
33046,0
33047,0
33048,0
33049,0
33050,0
33051,0
33052,0
33053,0
33054,0
33055,0
33056,0
33057,0
33058,0
33059,0
33060,0
33061,0
33062,0
33063,3
33064,3
33065,3
33066,1
33067,1
33068,0
33069,0
33070,1
33071,3
33072,3
33073,3
33074,3
33075,3
33076,0
33077,0
33078,2
33079,0
33080,1
33081,1
33082,1
33083,3
33084,0
33085,1
33086,1
33087,0
33088,1
33089,0
33090,0
33091,0
33092,0
33093,0
33094,0
33095,0
33096,0
33097,0
33098,0
33099,0
33100,0
33101,0
33102,0
33103,0
33104,0
33105,0
33106,0
33107,0
33108,1
33109,0
33110,0
33111,0
33112,3
33113,0
33114,0
33115,0
33116,3
33117,0
33118,0
33119,1
33120,1
33121,1
33122,0
33123,0
33124,0
33125,0
33126,0
33127,0
33128,0
33129,2
33130,2
33131,0
33132,0
33133,1
33134,0
33135,0
33136,0
33137,3
33138,2
33139,0
33140,2
33141,0
33142,3
33143,1
33144,1
33145,1
33146,1
33147,2
33148,2
33149,2
33150,0
33151,1
33152,1
33153,1
33154,0
33155,1
33156,0
33157,0
33158,3
33159,3
33160,0
33161,0
33162,0
33163,3
33164,0
33165,2
33166,0
33167,0
33168,2
33169,2
33170,2
33171,0
33172,0
33173,2
33174,2
33175,2
33176,0
33177,2
33178,0
33179,0
33180,3
33181,2
33182,0
33183,2
33184,2
33185,2
33186,2
33187,2
33188,2
33189,2
33190,2
33191,0
33192,0
33193,2
33194,2
33195,2
33196,2
33197,2
33198,0
33199,0
33200,0
33201,2
33202,2
33203,2
33204,2
33205,2
33206,2
33207,2
33208,0
33209,0
33210,0
33211,3
33212,0
33213,2
33214,0
33215,0
33216,0
33217,0
33218,0
33219,0
33220,0
33221,3
33222,0
33223,0
33224,0
33225,0
33226,0
33227,0
33228,0
33229,0
33230,0
33231,0
33232,0
33233,0
33234,0
33235,0
33236,0
33237,0
33238,0
33239,2
33240,2
33241,1
33242,0
33243,0
33244,0
33245,0
33246,0
33247,0
33248,3
33249,0
33250,3
33251,3
33252,2
33253,2
33254,2
33255,2
33256,3
33257,2
33258,2
33259,2
33260,0
33261,2
33262,3
33263,1
33264,2
33265,2
33266,1
33267,3
33268,3
33269,0
33270,0
33271,3
33272,3
33273,3
33274,3
33275,3
33276,3
33277,3
33278,1
33279,3
33280,1
33281,3
33282,3
33283,3
33284,1
33285,3
33286,3
33287,0
33288,0
33289,0
33290,2
33291,3
33292,3
33293,3
33294,0
33295,2
33296,2
33297,2
33298,2
33299,1
33300,3
33301,0
33302,2
33303,3
33304,3
33305,1
33306,3
33307,2
33308,2
33309,1
33310,3
33311,0
33312,3
33313,0
33314,3
33315,2
33316,2
33317,2
33318,3
33319,2
33320,0
33321,2
33322,2
33323,3
33324,2
33325,2
33326,2
33327,1
33328,1
33329,1
33330,2
33331,0
33332,0
33333,2
33334,2
33335,0
33336,0
33337,2
33338,2
33339,3
33340,2
33341,2
33342,2
33343,2
33344,2
33345,2
33346,2
33347,2
33348,2
33349,2
33350,2
33351,2
33352,2
33353,0
33354,2
33355,2
33356,2
33357,2
33358,2
33359,2
33360,2
33361,2
33362,2
33363,2
33364,3
33365,0
33366,0
33367,2
33368,2
33369,3
33370,2
33371,3
33372,2
33373,2
33374,1
33375,0
33376,0
33377,0
33378,2
33379,2
33380,2
33381,0
33382,3
33383,3
33384,3
33385,0
33386,2
33387,3
33388,2
33389,0
33390,3
33391,3
33392,3
33393,0
33394,2
33395,3
33396,1
33397,1
33398,3
33399,2
33400,0
33401,2
33402,3
33403,3
33404,3
33405,2
33406,2
33407,0
33408,3
33409,0
33410,1
33411,2
33412,2
33413,0
33414,2
33415,2
33416,1
33417,0
33418,0
33419,0
33420,0
33421,0
33422,2
33423,2
33424,2
33425,2
33426,2
33427,2
33428,2
33429,0
33430,2
33431,2
33432,2
33433,2
33434,2
33435,2
33436,2
33437,2
33438,2
33439,2
33440,2
33441,2
33442,2
33443,2
33444,1
33445,1
33446,2
33447,2
33448,2
33449,2
33450,2
33451,2
33452,0
33453,3
33454,2
33455,2
33456,2
33457,0
33458,2
33459,1
33460,2
33461,2
33462,2
33463,1
33464,2
33465,2
33466,2
33467,2
33468,2
33469,1
33470,2
33471,2
33472,2
33473,1
33474,2
33475,2
33476,2
33477,1
33478,2
33479,2
33480,2
33481,2
33482,2
33483,2
33484,2
33485,2
33486,2
33487,2
33488,2
33489,2
33490,2
33491,2
33492,2
33493,3
33494,2
33495,2
33496,2
33497,2
33498,3
33499,3
33500,2
33501,1
33502,2
33503,2
33504,1
33505,2
33506,3
33507,3
33508,3
33509,3
33510,1
33511,2
33512,1
33513,3
33514,3
33515,2
33516,3
33517,2
33518,0
33519,2
33520,2
33521,1
33522,3
33523,3
33524,3
33525,3
33526,3
33527,0
33528,1
33529,1
33530,3
33531,3
33532,3
33533,1
33534,0
33535,1
33536,1
33537,3
33538,1
33539,3
33540,2
33541,0
33542,0
33543,3
33544,3
33545,0
33546,1
33547,0
33548,3
33549,0
33550,1
33551,1
33552,3
33553,3
33554,3
33555,3
33556,3
33557,3
33558,3
33559,3
33560,3
33561,3
33562,3
33563,3
33564,3
33565,3
33566,3
33567,3
33568,3
33569,1
33570,1
33571,2
33572,2
33573,2
33574,2
33575,2
33576,2
33577,3
33578,2
33579,2
33580,2
33581,2
33582,2
33583,0
33584,3
33585,0
33586,1
33587,3
33588,1
33589,1
33590,3
33591,1
33592,1
33593,0
33594,1
33595,1
33596,1
33597,3
33598,3
33599,2
33600,3
33601,3
33602,1
33603,1
33604,3
33605,3
33606,3
33607,0
33608,2
33609,3
33610,3
33611,3
33612,2
33613,2
33614,2
33615,3
33616,2
33617,0
33618,3
33619,1
33620,2
33621,2
33622,3
33623,2
33624,2
33625,2
33626,2
33627,2
33628,2
33629,2
33630,2
33631,2
33632,2
33633,2
33634,0
33635,2
33636,0
33637,2
33638,2
33639,2
33640,2
33641,0
33642,3
33643,2
33644,0
33645,2
33646,3
33647,2
33648,0
33649,2
33650,2
33651,2
33652,2
33653,2
33654,2
33655,0
33656,2
33657,2
33658,2
33659,2
33660,2
33661,2
33662,2
33663,2
33664,3
33665,2
33666,2
33667,0
33668,1
33669,0
33670,2
33671,3
33672,2
33673,2
33674,2
33675,2
33676,2
33677,2
33678,0
33679,2
33680,2
33681,2
33682,2
33683,2
33684,2
33685,2
33686,2
33687,0
33688,0
33689,2
33690,3
33691,0
33692,0
33693,0
33694,2
33695,2
33696,2
33697,2
33698,2
33699,2
33700,2
33701,2
33702,2
33703,2
33704,2
33705,2
33706,2
33707,2
33708,3
33709,1
33710,2
33711,3
33712,2
33713,2
33714,2
33715,2
33716,3
33717,2
33718,2
33719,3
33720,3
33721,2
33722,1
33723,3
33724,2
33725,3
33726,3
33727,1
33728,3
33729,3
33730,3
33731,2
33732,3
33733,3
33734,3
33735,3
33736,2
33737,1
33738,2
33739,2
33740,0
33741,2
33742,2
33743,1
33744,1
33745,3
33746,3
33747,3
33748,2
33749,2
33750,2
33751,0
33752,2
33753,2
33754,2
33755,1
33756,3
33757,3
33758,2
33759,3
33760,2
33761,0
33762,2
33763,2
33764,3
33765,0
33766,2
33767,0
33768,3
33769,3
33770,2
33771,2
33772,2
33773,1
33774,3
33775,3
33776,0
33777,1
33778,2
33779,0
33780,1
33781,1
33782,1
33783,3
33784,2
33785,3
33786,3
33787,3
33788,2
33789,3
33790,3
33791,3
33792,2
33793,2
33794,0
33795,3
33796,3
33797,3
33798,1
33799,3
33800,3
33801,3
33802,3
33803,1
33804,1
33805,0
33806,3
33807,3
33808,1
33809,3
33810,0
33811,2
33812,0
33813,2
33814,2
33815,3
33816,3
33817,3
33818,3
33819,3
33820,1
33821,3
33822,3
33823,3
33824,3
33825,0
33826,3
33827,3
33828,3
33829,3
33830,3
33831,3
33832,2
33833,3
33834,1
33835,3
33836,3
33837,2
33838,3
33839,3
33840,3
33841,3
33842,3
33843,3
33844,3
33845,3
33846,3
33847,3
33848,2
33849,3
33850,3
33851,3
33852,2
33853,0
33854,2
33855,2
33856,3
33857,3
33858,3
33859,3
33860,3
33861,2
33862,0
33863,0
33864,3
33865,3
33866,3
33867,0
33868,0
33869,0
33870,1
33871,2
33872,2
33873,0
33874,3
33875,0
33876,0
33877,3
33878,3
33879,2
33880,3
33881,3
33882,2
33883,2
33884,2
33885,2
33886,0
33887,2
33888,0
33889,2
33890,0
33891,2
33892,0
33893,2
33894,2
33895,3
33896,3
33897,2
33898,2
33899,3
33900,3
33901,2
33902,0
33903,2
33904,2
33905,2
33906,2
33907,2
33908,3
33909,3
33910,3
33911,3
33912,3
33913,2
33914,2
33915,3
33916,3
33917,2
33918,2
33919,2
33920,0
33921,3
33922,2
33923,3
33924,2
33925,2
33926,2
33927,2
33928,2
33929,2
33930,2
33931,3
33932,2
33933,2
33934,2
33935,0
33936,3
33937,3
33938,3
33939,3
33940,2
33941,3
33942,3
33943,2
33944,3
33945,3
33946,2
33947,3
33948,2
33949,0
33950,3
33951,2
33952,0
33953,0
33954,0
33955,2
33956,3
33957,3
33958,3
33959,2
33960,2
33961,2
33962,2
33963,3
33964,2
33965,0
33966,0
33967,2
33968,2
33969,2
33970,3
33971,2
33972,2
33973,2
33974,0
33975,3
33976,0
33977,2
33978,2
33979,0
33980,2
33981,2
33982,0
33983,2
33984,2
33985,0
33986,3
33987,3
33988,2
33989,2
33990,3
33991,3
33992,3
33993,2
33994,2
33995,3
33996,0
33997,2
33998,0
33999,3
34000,2
34001,0
34002,2
34003,0
34004,2
34005,3
34006,0
34007,2
34008,3
34009,3
34010,2
34011,2
34012,3
34013,3
34014,2
34015,2
34016,2
34017,3
34018,3
34019,2
34020,2
34021,2
34022,3
34023,3
34024,3
34025,2
34026,2
34027,2
34028,3
34029,2
34030,2
34031,2
34032,0
34033,2
34034,0
34035,0
34036,2
34037,3
34038,0
34039,0
34040,2
34041,2
34042,3
34043,2
34044,2
34045,2
34046,2
34047,2
34048,2
34049,2
34050,0
34051,2
34052,2
34053,2
34054,2
34055,3
34056,3
34057,2
34058,0
34059,2
34060,2
34061,2
34062,3
34063,3
34064,2
34065,2
34066,2
34067,0
34068,2
34069,2
34070,2
34071,2
34072,2
34073,2
34074,3
34075,2
34076,2
34077,2
34078,3
34079,2
34080,2
34081,2
34082,3
34083,2
34084,2
34085,2
34086,2
34087,2
34088,3
34089,2
34090,3
34091,2
34092,2
34093,2
34094,2
34095,3
34096,2
34097,2
34098,2
34099,2
34100,2
34101,2
34102,2
34103,2
34104,2
34105,2
34106,2
34107,2
34108,2
34109,2
34110,3
34111,2
34112,2
34113,2
34114,2
34115,2
34116,2
34117,3
34118,2
34119,2
34120,2
34121,3
34122,3
34123,2
34124,2
34125,3
34126,2
34127,3
34128,2
34129,2
34130,2
34131,3
34132,3
34133,2
34134,3
34135,3
34136,3
34137,2
34138,0
34139,0
34140,1
34141,2
34142,2
34143,2
34144,2
34145,2
34146,3
34147,3
34148,2
34149,2
34150,2
34151,1
34152,2
34153,2
34154,2
34155,2
34156,3
34157,0
34158,2
34159,0
34160,2
34161,2
34162,2
34163,2
34164,0
34165,2
34166,2
34167,2
34168,2
34169,2
34170,0
34171,0
34172,2
34173,2
34174,1
34175,2
34176,2
34177,2
34178,2
34179,1
34180,2
34181,2
34182,3
34183,1
34184,2
34185,1
34186,2
34187,0
34188,3
34189,2
34190,0
34191,3
34192,3
34193,3
34194,2
34195,2
34196,2
34197,3
34198,2
34199,1
34200,1
34201,3
34202,0
34203,1
34204,1
34205,1
34206,0
34207,3
34208,3
34209,0
34210,0
34211,1
34212,3
34213,0
34214,3
34215,3
34216,3
34217,1
34218,0
34219,2
34220,2
34221,0
34222,0
34223,0
34224,3
34225,1
34226,3
34227,3
34228,3
34229,3
34230,1
34231,1
34232,1
34233,3
34234,3
34235,3
34236,3
34237,3
34238,3
34239,3
34240,2
34241,1
34242,3
34243,0
34244,0
34245,1
34246,3
34247,3
34248,3
34249,3
34250,3
34251,2
34252,2
34253,2
34254,3
34255,2
34256,2
34257,2
34258,2
34259,2
34260,2
34261,2
34262,2
34263,3
34264,3
34265,2
34266,3
34267,2
34268,3
34269,2
34270,2
34271,0
34272,3
34273,1
34274,1
34275,2
34276,3
34277,2
34278,1
34279,3
34280,3
34281,3
34282,0
34283,3
34284,3
34285,2
34286,0
34287,2
34288,3
34289,1
34290,3
34291,2
34292,2
34293,0
34294,2
34295,3
34296,2
34297,2
34298,0
34299,2
34300,2
34301,1
34302,0
34303,2
34304,2
34305,0
34306,3
34307,2
34308,3
34309,1
34310,1
34311,1
34312,0
34313,0
34314,0
34315,0
34316,0
34317,2
34318,0
34319,3
34320,3
34321,3
34322,3
34323,2
34324,2
34325,2
34326,2
34327,3
34328,3
34329,0
34330,0
34331,3
34332,2
34333,3
34334,3
34335,3
34336,3
34337,2
34338,3
34339,0
34340,0
34341,3
34342,3
34343,2
34344,0
34345,0
34346,3
34347,2
34348,3
34349,2
34350,2
34351,2
34352,3
34353,0
34354,3
34355,3
34356,2
34357,2
34358,3
34359,3
34360,0
34361,2
34362,2
34363,2
34364,2
34365,3
34366,2
34367,2
34368,3
34369,2
34370,2
34371,3
34372,2
34373,2
34374,2
34375,3
34376,3
34377,3
34378,3
34379,3
34380,3
34381,3
34382,3
34383,3
34384,2
34385,3
34386,2
34387,3
34388,1
34389,2
34390,3
34391,3
34392,3
34393,0
34394,2
34395,2
34396,3
34397,2
34398,3
34399,1
34400,3
34401,3
34402,3
34403,3
34404,3
34405,3
34406,3
34407,3
34408,3
34409,3
34410,2
34411,3
34412,2
34413,2
34414,3
34415,3
34416,3
34417,1
34418,0
34419,0
34420,3
34421,0
34422,1
34423,0
34424,3
34425,0
34426,3
34427,0
34428,0
34429,0
34430,3
34431,1
34432,1
34433,1
34434,1
34435,1
34436,0
34437,3
34438,2
34439,2
34440,2
34441,2
34442,2
34443,2
34444,2
34445,2
34446,2
34447,2
34448,2
34449,0
34450,3
34451,2
34452,3
34453,3
34454,2
34455,2
34456,2
34457,2
34458,2
34459,2
34460,2
34461,2
34462,2
34463,2
34464,3
34465,2
34466,2
34467,2
34468,2
34469,3
34470,2
34471,2
34472,2
34473,3
34474,3
34475,2
34476,3
34477,0
34478,3
34479,3
34480,3
34481,2
34482,2
34483,2
34484,3
34485,2
34486,2
34487,2
34488,2
34489,3
34490,3
34491,3
34492,2
34493,2
34494,2
34495,2
34496,3
34497,2
34498,2
34499,2
34500,3
34501,0
34502,0
34503,3
34504,2
34505,3
34506,2
34507,2
34508,3
34509,3
34510,3
34511,1
34512,1
34513,2
34514,0
34515,1
34516,1
34517,3
34518,1
34519,3
34520,3
34521,3
34522,3
34523,3
34524,0
34525,1
34526,3
34527,1
34528,1
34529,1
34530,1
34531,0
34532,1
34533,3
34534,3
34535,1
34536,3
34537,3
34538,3
34539,0
34540,3
34541,1
34542,3
34543,0
34544,3
34545,3
34546,3
34547,1
34548,3
34549,1
34550,3
34551,1
34552,3
34553,3
34554,3
34555,1
34556,3
34557,3
34558,1
34559,3
34560,1
34561,1
34562,3
34563,2
34564,3
34565,2
34566,3
34567,1
34568,3
34569,3
34570,0
34571,3
34572,2
34573,2
34574,0
34575,3
34576,0
34577,3
34578,2
34579,3
34580,3
34581,3
34582,3
34583,3
34584,3
34585,3
34586,3
34587,3
34588,3
34589,2
34590,3
34591,3
34592,3
34593,3
34594,3
34595,2
34596,3
34597,3
34598,2
34599,3
34600,3
34601,3
34602,2
34603,3
34604,3
34605,2
34606,3
34607,3
34608,2
34609,2
34610,3
34611,0
34612,2
34613,0
34614,2
34615,2
34616,3
34617,2
34618,2
34619,3
34620,3
34621,2
34622,2
34623,2
34624,3
34625,3
34626,3
34627,3
34628,0
34629,2
34630,3
34631,3
34632,2
34633,2
34634,3
34635,3
34636,3
34637,2
34638,2
34639,3
34640,3
34641,0
34642,1
34643,1
34644,1
34645,3
34646,3
34647,1
34648,3
34649,2
34650,3
34651,3
34652,0
34653,3
34654,3
34655,2
34656,3
34657,1
34658,3
34659,2
34660,2
34661,2
34662,2
34663,2
34664,2
34665,3
34666,3
34667,2
34668,2
34669,2
34670,2
34671,3
34672,3
34673,3
34674,3
34675,3
34676,2
34677,3
34678,2
34679,3
34680,2
34681,2
34682,2
34683,2
34684,2
34685,0
34686,0
34687,2
34688,2
34689,2
34690,3
34691,3
34692,2
34693,3
34694,2
34695,2
34696,2
34697,2
34698,3
34699,2
34700,2
34701,2
34702,2
34703,2
34704,3
34705,2
34706,3
34707,2
34708,2
34709,2
34710,2
34711,3
34712,3
34713,3
34714,3
34715,3
34716,3
34717,1
34718,3
34719,3
34720,2
34721,3
34722,2
34723,3
34724,2
34725,1
34726,3
34727,3
34728,2
34729,2
34730,3
34731,2
34732,3
34733,2
34734,3
34735,2
34736,3
34737,3
34738,3
34739,3
34740,3
34741,2
34742,3
34743,2
34744,2
34745,2
34746,3
34747,3
34748,3
34749,3
34750,2
34751,3
34752,2
34753,3
34754,2
34755,2
34756,2
34757,3
34758,2
34759,2
34760,2
34761,2
34762,2
34763,2
34764,0
34765,0
34766,0
34767,2
34768,3
34769,3
34770,2
34771,0
34772,3
34773,0
34774,3
34775,3
34776,2
34777,2
34778,1
34779,3
34780,3
34781,3
34782,3
34783,2
34784,1
34785,1
34786,1
34787,3
34788,3
34789,3
34790,3
34791,3
34792,3
34793,1
34794,3
34795,3
34796,1
34797,3
34798,3
34799,3
34800,3
34801,1
34802,1
34803,3
34804,1
34805,1
34806,3
34807,1
34808,1
34809,3
34810,1
34811,1
34812,3
34813,1
34814,3
34815,1
34816,1
34817,3
34818,3
34819,3
34820,3
34821,1
34822,1
34823,1
34824,3
34825,1
34826,3
34827,3
34828,3
34829,1
34830,3
34831,2
34832,3
34833,3
34834,3
34835,3
34836,3
34837,2
34838,2
34839,2
34840,3
34841,3
34842,3
34843,3
34844,2
34845,2
34846,1
34847,3
34848,0
34849,1
34850,0
34851,0
34852,0
34853,3
34854,1
34855,3
34856,1
34857,1
34858,3
34859,3
34860,3
34861,0
34862,1
34863,0
34864,0
34865,3
34866,0
34867,2
34868,2
34869,2
34870,2
34871,2
34872,2
34873,3
34874,3
34875,3
34876,2
34877,3
34878,3
34879,0
34880,1
34881,2
34882,3
34883,2
34884,0
34885,3
34886,2
34887,3
34888,0
34889,0
34890,2
34891,2
34892,2
34893,2
34894,2
34895,0
34896,3
34897,3
34898,1
34899,3
34900,3
34901,3
34902,3
34903,3
34904,3
34905,3
34906,3
34907,3
34908,3
34909,3
34910,1
34911,3
34912,3
34913,3
34914,3
34915,3
34916,3
34917,3
34918,3
34919,3
34920,3
34921,3
34922,3
34923,3
34924,3
34925,3
34926,3
34927,2
34928,1
34929,2
34930,2
34931,2
34932,2
34933,2
34934,2
34935,2
34936,2
34937,2
34938,2
34939,2
34940,3
34941,1
34942,3
34943,3
34944,2
34945,3
34946,2
34947,3
34948,3
34949,1
34950,3
34951,3
34952,3
34953,2
34954,3
34955,2
34956,3
34957,3
34958,3
34959,3
34960,2
34961,2
34962,3
34963,2
34964,2
34965,3
34966,1
34967,3
34968,3
34969,1
34970,0
34971,0
34972,2
34973,3
34974,0
34975,3
34976,2
34977,2
34978,2
34979,2
34980,3
34981,3
34982,0
34983,0
34984,2
34985,2
34986,2
34987,2
34988,2
34989,2
34990,2
34991,2
34992,3
34993,0
34994,0
34995,3
34996,3
34997,2
34998,0
34999,3
35000,2
35001,3
35002,3
35003,3
35004,0
35005,2
35006,2
35007,0
35008,0
35009,2
35010,3
35011,2
35012,0
35013,2
35014,2
35015,0
35016,2
35017,2
35018,2
35019,2
35020,2
35021,2
35022,2
35023,2
35024,0
35025,0
35026,0
35027,0
35028,0
35029,0
35030,0
35031,0
35032,2
35033,2
35034,2
35035,3
35036,2
35037,2
35038,3
35039,3
35040,2
35041,2
35042,3
35043,3
35044,2
35045,2
35046,3
35047,2
35048,2
35049,2
35050,3
35051,2
35052,2
35053,1
35054,3
35055,3
35056,3
35057,2
35058,1
35059,3
35060,1
35061,3
35062,3
35063,2
35064,2
35065,2
35066,2
35067,2
35068,3
35069,2
35070,2
35071,2
35072,2
35073,2
35074,2
35075,2
35076,3
35077,2
35078,2
35079,2
35080,2
35081,2
35082,2
35083,2
35084,2
35085,2
35086,2
35087,2
35088,2
35089,2
35090,2
35091,2
35092,2
35093,2
35094,2
35095,2
35096,2
35097,2
35098,2
35099,2
35100,2
35101,2
35102,2
35103,2
35104,2
35105,0
35106,2
35107,2
35108,2
35109,2
35110,2
35111,2
35112,2
35113,2
35114,2
35115,2
35116,2
35117,2
35118,2
35119,2
35120,2
35121,2
35122,2
35123,2
35124,2
35125,2
35126,2
35127,2
35128,2
35129,2
35130,2
35131,2
35132,2
35133,2
35134,3
35135,2
35136,2
35137,2
35138,2
35139,2
35140,2
35141,2
35142,2
35143,2
35144,2
35145,2
35146,2
35147,2
35148,2
35149,2
35150,2
35151,2
35152,3
35153,3
35154,2
35155,2
35156,2
35157,2
35158,2
35159,2
35160,2
35161,2
35162,2
35163,2
35164,2
35165,2
35166,2
35167,2
35168,2
35169,2
35170,2
35171,2
35172,2
35173,2
35174,2
35175,2
35176,2
35177,2
35178,2
35179,2
35180,2
35181,2
35182,2
35183,2
35184,2
35185,2
35186,2
35187,2
35188,2
35189,2
35190,2
35191,2
35192,2
35193,2
35194,2
35195,2
35196,2
35197,2
35198,2
35199,2
35200,2
35201,2
35202,2
35203,2
35204,2
35205,2
35206,2
35207,2
35208,2
35209,2
35210,2
35211,2
35212,2
35213,2
35214,2
35215,2
35216,2
35217,2
35218,2
35219,2
35220,2
35221,2
35222,2
35223,2
35224,2
35225,2
35226,2
35227,2
35228,2
35229,2
35230,2
35231,2
35232,2
35233,2
35234,2
35235,2
35236,2
35237,2
35238,2
35239,2
35240,2
35241,2
35242,2
35243,2
35244,2
35245,2
35246,2
35247,3
35248,2
35249,2
35250,2
35251,3
35252,2
35253,3
35254,2
35255,2
35256,2
35257,2
35258,2
35259,2
35260,2
35261,2
35262,2
35263,2
35264,2
35265,2
35266,2
35267,2
35268,2
35269,2
35270,2
35271,2
35272,2
35273,2
35274,3
35275,3
35276,2
35277,2
35278,2
35279,2
35280,2
35281,2
35282,2
35283,2
35284,2
35285,2
35286,2
35287,2
35288,2
35289,2
35290,2
35291,2
35292,2
35293,2
35294,2
35295,2
35296,2
35297,2
35298,2
35299,2
35300,2
35301,2
35302,2
35303,2
35304,2
35305,2
35306,2
35307,2
35308,2
35309,2
35310,2
35311,2
35312,2
35313,2
35314,2
35315,2
35316,2
35317,2
35318,2
35319,2
35320,2
35321,2
35322,2
35323,2
35324,2
35325,2
35326,2
35327,2
35328,2
35329,2
35330,2
35331,2
35332,2
35333,2
35334,2
35335,2
35336,2
35337,2
35338,2
35339,2
35340,2
35341,2
35342,2
35343,2
35344,2
35345,2
35346,2
35347,2
35348,2
35349,2
35350,2
35351,3
35352,3
35353,2
35354,2
35355,2
35356,2
35357,2
35358,2
35359,2
35360,2
35361,2
35362,2
35363,2
35364,2
35365,2
35366,2
35367,2
35368,2
35369,2
35370,2
35371,3
35372,2
35373,2
35374,2
35375,2
35376,2
35377,2
35378,3
35379,2
35380,2
35381,2
35382,2
35383,2
35384,2
35385,2
35386,2
35387,2
35388,2
35389,2
35390,2
35391,2
35392,2
35393,2
35394,2
35395,2
35396,2
35397,2
35398,2
35399,2
35400,2
35401,2
35402,2
35403,2
35404,2
35405,2
35406,2
35407,2
35408,2
35409,2
35410,2
35411,2
35412,2
35413,2
35414,2
35415,2
35416,2
35417,2
35418,2
35419,2
35420,2
35421,2
35422,2
35423,2
35424,2
35425,2
35426,2
35427,2
35428,2
35429,2
35430,2
35431,2
35432,2
35433,2
35434,2
35435,2
35436,2
35437,2
35438,2
35439,2
35440,2
35441,3
35442,2
35443,2
35444,2
35445,2
35446,2
35447,2
35448,2
35449,2
35450,3
35451,2
35452,2
35453,2
35454,2
35455,2
35456,2
35457,2
35458,2
35459,2
35460,2
35461,2
35462,2
35463,2
35464,2
35465,2
35466,2
35467,2
35468,2
35469,2
35470,2
35471,2
35472,2
35473,2
35474,2
35475,2
35476,2
35477,2
35478,2
35479,2
35480,2
35481,2
35482,2
35483,2
35484,2
35485,2
35486,2
35487,2
35488,2
35489,2
35490,2
35491,2
35492,2
35493,2
35494,2
35495,3
35496,2
35497,3
35498,2
35499,2
35500,3
35501,2
35502,2
35503,2
35504,2
35505,2
35506,2
35507,2
35508,2
35509,2
35510,2
35511,2
35512,2
35513,2
35514,2
35515,3
35516,3
35517,2
35518,2
35519,2
35520,3
35521,2
35522,2
35523,2
35524,2
35525,2
35526,2
35527,2
35528,3
35529,2
35530,2
35531,2
35532,2
35533,2
35534,2
35535,2
35536,2
35537,2
35538,2
35539,2
35540,2
35541,2
35542,2
35543,2
35544,2
35545,2
35546,2
35547,2
35548,2
35549,2
35550,2
35551,2
35552,2
35553,2
35554,2
35555,2
35556,2
35557,2
35558,2
35559,2
35560,2
35561,2
35562,2
35563,2
35564,2
35565,2
35566,2
35567,2
35568,2
35569,2
35570,2
35571,2
35572,2
35573,2
35574,2
35575,2
35576,2
35577,2
35578,2
35579,2
35580,2
35581,2
35582,2
35583,2
35584,2
35585,2
35586,2
35587,2
35588,2
35589,2
35590,2
35591,2
35592,2
35593,2
35594,2
35595,2
35596,2
35597,2
35598,2
35599,2
35600,2
35601,2
35602,2
35603,2
35604,2
35605,2
35606,2
35607,2
35608,2
35609,2
35610,2
35611,2
35612,2
35613,2
35614,2
35615,2
35616,2
35617,2
35618,2
35619,2
35620,2
35621,2
35622,2
35623,2
35624,2
35625,2
35626,0
35627,2
35628,2
35629,2
35630,2
35631,2
35632,2
35633,2
35634,2
35635,2
35636,2
35637,2
35638,2
35639,2
35640,2
35641,2
35642,2
35643,2
35644,2
35645,2
35646,2
35647,2
35648,2
35649,2
35650,2
35651,2
35652,2
35653,2
35654,2
35655,2
35656,2
35657,2
35658,2
35659,2
35660,2
35661,2
35662,2
35663,2
35664,2
35665,2
35666,2
35667,2
35668,2
35669,2
35670,2
35671,2
35672,2
35673,2
35674,2
35675,2
35676,2
35677,3
35678,2
35679,2
35680,2
35681,2
35682,2
35683,2
35684,2
35685,2
35686,2
35687,2
35688,2
35689,2
35690,2
35691,2
35692,2
35693,2
35694,2
35695,2
35696,2
35697,2
35698,2
35699,2
35700,2
35701,2
35702,2
35703,2
35704,2
35705,2
35706,2
35707,2
35708,2
35709,2
35710,2
35711,2
35712,2
35713,2
35714,2
35715,2
35716,2
35717,2
35718,2
35719,2
35720,2
35721,2
35722,2
35723,2
35724,2
35725,2
35726,2
35727,2
35728,2
35729,2
35730,2
35731,2
35732,2
35733,2
35734,2
35735,2
35736,2
35737,2
35738,2
35739,2
35740,2
35741,2
35742,2
35743,2
35744,2
35745,2
35746,2
35747,0
35748,2
35749,2
35750,0
35751,2
35752,2
35753,2
35754,2
35755,2
35756,2
35757,0
35758,2
35759,2
35760,2
35761,2
35762,2
35763,2
35764,2
35765,2
35766,2
35767,2
35768,2
35769,3
35770,2
35771,2
35772,2
35773,2
35774,2
35775,2
35776,2
35777,2
35778,2
35779,2
35780,2
35781,2
35782,2
35783,2
35784,2
35785,2
35786,3
35787,3
35788,3
35789,3
35790,3
35791,3
35792,3
35793,0
35794,0
35795,3
35796,2
35797,2
35798,2
35799,3
35800,0
35801,3
35802,2
35803,2
35804,2
35805,2
35806,2
35807,2
35808,2
35809,2
35810,2
35811,2
35812,2
35813,2
35814,2
35815,2
35816,2
35817,2
35818,0
35819,2
35820,2
35821,2
35822,2
35823,2
35824,2
35825,2
35826,2
35827,2
35828,2
35829,2
35830,2
35831,2
35832,2
35833,2
35834,2
35835,2
35836,2
35837,2
35838,2
35839,2
35840,2
35841,2
35842,0
35843,2
35844,2
35845,2
35846,2
35847,2
35848,2
35849,2
35850,2
35851,2
35852,2
35853,2
35854,2
35855,2
35856,2
35857,2
35858,2
35859,2
35860,2
35861,2
35862,2
35863,2
35864,2
35865,2
35866,2
35867,2
35868,2
35869,2
35870,2
35871,2
35872,2
35873,2
35874,3
35875,2
35876,2
35877,2
35878,2
35879,2
35880,2
35881,2
35882,2
35883,2
35884,2
35885,2
35886,2
35887,2
35888,2
35889,2
35890,2
35891,2
35892,2
35893,2
35894,2
35895,3
35896,2
35897,2
35898,2
35899,2
35900,2
35901,2
35902,2
35903,2
35904,3
35905,3
35906,2
35907,2
35908,2
35909,2
35910,2
35911,2
35912,2
35913,2
35914,2
35915,2
35916,2
35917,2
35918,2
35919,2
35920,2
35921,2
35922,2
35923,2
35924,2
35925,2
35926,2
35927,2
35928,2
35929,2
35930,2
35931,2
35932,2
35933,2
35934,2
35935,2
35936,2
35937,2
35938,2
35939,2
35940,2
35941,2
35942,2
35943,2
35944,2
35945,2
35946,2
35947,2
35948,2
35949,2
35950,2
35951,2
35952,2
35953,2
35954,2
35955,2
35956,2
35957,2
35958,2
35959,2
35960,2
35961,2
35962,2
35963,2
35964,2
35965,2
35966,2
35967,2
35968,2
35969,2
35970,2
35971,2
35972,2
35973,2
35974,2
35975,2
35976,2
35977,2
35978,2
35979,0
35980,2
35981,2
35982,2
35983,2
35984,2
35985,2
35986,2
35987,2
35988,2
35989,2
35990,2
35991,2
35992,2
35993,2
35994,2
35995,2
35996,2
35997,2
35998,2
35999,2
36000,2
36001,2
36002,2
36003,2
36004,2
36005,0
36006,2
36007,2
36008,2
36009,2
36010,2
36011,2
36012,2
36013,2
36014,2
36015,2
36016,2
36017,3
36018,2
36019,2
36020,2
36021,2
36022,2
36023,2
36024,3
36025,2
36026,3
36027,2
36028,2
36029,2
36030,2
36031,2
36032,2
36033,3
36034,0
36035,3
36036,2
36037,2
36038,2
36039,2
36040,2
36041,2
36042,2
36043,2
36044,2
36045,2
36046,2
36047,2
36048,2
36049,2
36050,2
36051,2
36052,2
36053,2
36054,2
36055,2
36056,2
36057,2
36058,2
36059,2
36060,2
36061,2
36062,2
36063,2
36064,2
36065,3
36066,2
36067,2
36068,2
36069,2
36070,2
36071,2
36072,2
36073,2
36074,3
36075,2
36076,2
36077,2
36078,2
36079,2
36080,2
36081,2
36082,2
36083,2
36084,2
36085,2
36086,2
36087,2
36088,2
36089,2
36090,2
36091,3
36092,0
36093,2
36094,2
36095,2
36096,2
36097,2
36098,2
36099,2
36100,2
36101,2
36102,2
36103,2
36104,2
36105,2
36106,2
36107,2
36108,2
36109,2
36110,2
36111,2
36112,2
36113,2
36114,2
36115,2
36116,2
36117,2
36118,2
36119,2
36120,2
36121,2
36122,2
36123,2
36124,2
36125,0
36126,2
36127,2
36128,2
36129,2
36130,2
36131,2
36132,3
36133,2
36134,2
36135,2
36136,2
36137,2
36138,2
36139,2
36140,2
36141,2
36142,2
36143,2
36144,2
36145,2
36146,2
36147,2
36148,2
36149,2
36150,2
36151,2
36152,2
36153,2
36154,2
36155,2
36156,2
36157,2
36158,2
36159,2
36160,2
36161,2
36162,2
36163,2
36164,2
36165,2
36166,2
36167,2
36168,2
36169,3
36170,2
36171,2
36172,2
36173,2
36174,3
36175,2
36176,2
36177,2
36178,3
36179,2
36180,2
36181,2
36182,2
36183,0
36184,2
36185,2
36186,2
36187,0
36188,0
36189,2
36190,2
36191,2
36192,2
36193,2
36194,2
36195,2
36196,2
36197,2
36198,2
36199,2
36200,2
36201,2
36202,2
36203,2
36204,2
36205,2
36206,2
36207,0
36208,2
36209,2
36210,2
36211,2
36212,2
36213,2
36214,2
36215,2
36216,2
36217,0
36218,2
36219,3
36220,2
36221,2
36222,2
36223,2
36224,2
36225,2
36226,2
36227,2
36228,2
36229,2
36230,2
36231,2
36232,2
36233,2
36234,2
36235,2
36236,2
36237,2
36238,2
36239,2
36240,2
36241,2
36242,2
36243,2
36244,2
36245,2
36246,2
36247,2
36248,2
36249,2
36250,2
36251,2
36252,2
36253,2
36254,2
36255,2
36256,2
36257,2
36258,2
36259,2
36260,2
36261,2
36262,2
36263,2
36264,2
36265,2
36266,2
36267,2
36268,2
36269,2
36270,2
36271,2
36272,2
36273,2
36274,2
36275,2
36276,2
36277,2
36278,2
36279,2
36280,2
36281,0
36282,2
36283,2
36284,2
36285,2
36286,2
36287,2
36288,2
36289,2
36290,2
36291,2
36292,2
36293,2
36294,2
36295,2
36296,2
36297,2
36298,2
36299,2
36300,2
36301,2
36302,3
36303,2
36304,0
36305,2
36306,2
36307,2
36308,2
36309,2
36310,2
36311,2
36312,2
36313,2
36314,2
36315,2
36316,2
36317,2
36318,2
36319,2
36320,2
36321,2
36322,2
36323,2
36324,2
36325,2
36326,2
36327,2
36328,2
36329,2
36330,2
36331,3
36332,2
36333,2
36334,2
36335,2
36336,0
36337,2
36338,2
36339,2
36340,2
36341,2
36342,2
36343,2
36344,2
36345,2
36346,2
36347,2
36348,2
36349,2
36350,2
36351,2
36352,2
36353,2
36354,2
36355,2
36356,2
36357,2
36358,2
36359,2
36360,2
36361,2
36362,2
36363,2
36364,2
36365,2
36366,2
36367,2
36368,2
36369,2
36370,2
36371,2
36372,2
36373,2
36374,2
36375,2
36376,2
36377,2
36378,2
36379,3
36380,2
36381,2
36382,2
36383,2
36384,2
36385,2
36386,2
36387,3
36388,2
36389,2
36390,2
36391,2
36392,2
36393,2
36394,2
36395,2
36396,2
36397,2
36398,2
36399,3
36400,2
36401,2
36402,2
36403,2
36404,2
36405,2
36406,2
36407,0
36408,2
36409,2
36410,2
36411,2
36412,2
36413,2
36414,2
36415,2
36416,2
36417,2
36418,2
36419,2
36420,2
36421,2
36422,2
36423,2
36424,2
36425,2
36426,2
36427,2
36428,2
36429,2
36430,2
36431,2
36432,2
36433,2
36434,2
36435,2
36436,2
36437,2
36438,2
36439,2
36440,2
36441,2
36442,3
36443,2
36444,2
36445,2
36446,2
36447,3
36448,2
36449,2
36450,2
36451,2
36452,2
36453,2
36454,2
36455,2
36456,2
36457,2
36458,0
36459,2
36460,2
36461,2
36462,3
36463,2
36464,2
36465,2
36466,2
36467,2
36468,2
36469,3
36470,3
36471,2
36472,2
36473,2
36474,2
36475,2
36476,2
36477,2
36478,2
36479,2
36480,2
36481,2
36482,2
36483,2
36484,2
36485,2
36486,2
36487,2
36488,2
36489,2
36490,2
36491,2
36492,2
36493,2
36494,2
36495,2
36496,2
36497,2
36498,2
36499,2
36500,2
36501,2
36502,2
36503,2
36504,2
36505,2
36506,2
36507,2
36508,2
36509,2
36510,2
36511,2
36512,2
36513,2
36514,2
36515,2
36516,2
36517,2
36518,2
36519,2
36520,2
36521,2
36522,2
36523,2
36524,2
36525,2
36526,2
36527,2
36528,2
36529,2
36530,2
36531,2
36532,2
36533,2
36534,2
36535,2
36536,2
36537,2
36538,2
36539,2
36540,2
36541,2
36542,2
36543,2
36544,2
36545,2
36546,2
36547,2
36548,2
36549,2
36550,2
36551,2
36552,2
36553,2
36554,2
36555,2
36556,2
36557,2
36558,2
36559,2
36560,2
36561,2
36562,2
36563,2
36564,2
36565,2
36566,2
36567,2
36568,2
36569,2
36570,2
36571,2
36572,2
36573,2
36574,2
36575,2
36576,2
36577,2
36578,2
36579,2
36580,2
36581,2
36582,2
36583,2
36584,2
36585,2
36586,2
36587,0
36588,2
36589,2
36590,2
36591,2
36592,2
36593,2
36594,2
36595,2
36596,2
36597,2
36598,2
36599,2
36600,2
36601,2
36602,2
36603,2
36604,2
36605,2
36606,2
36607,2
36608,2
36609,2
36610,2
36611,2
36612,2
36613,2
36614,2
36615,2
36616,2
36617,2
36618,2
36619,0
36620,2
36621,2
36622,2
36623,2
36624,2
36625,2
36626,2
36627,2
36628,2
36629,2
36630,0
36631,2
36632,2
36633,2
36634,2
36635,2
36636,2
36637,2
36638,2
36639,3
36640,0
36641,2
36642,2
36643,2
36644,2
36645,2
36646,2
36647,2
36648,2
36649,2
36650,2
36651,3
36652,2
36653,3
36654,2
36655,2
36656,2
36657,2
36658,2
36659,2
36660,2
36661,2
36662,2
36663,2
36664,2
36665,2
36666,2
36667,2
36668,2
36669,2
36670,2
36671,3
36672,2
36673,2
36674,2
36675,2
36676,2
36677,2
36678,2
36679,2
36680,2
36681,2
36682,2
36683,2
36684,2
36685,2
36686,2
36687,2
36688,2
36689,2
36690,2
36691,2
36692,2
36693,2
36694,2
36695,2
36696,2
36697,3
36698,2
36699,2
36700,2
36701,2
36702,2
36703,2
36704,3
36705,2
36706,2
36707,2
36708,2
36709,2
36710,2
36711,2
36712,2
36713,3
36714,3
36715,2
36716,2
36717,2
36718,2
36719,2
36720,2
36721,2
36722,2
36723,2
36724,2
36725,2
36726,2
36727,3
36728,3
36729,2
36730,2
36731,2
36732,2
36733,2
36734,2
36735,2
36736,2
36737,2
36738,2
36739,2
36740,2
36741,2
36742,2
36743,2
36744,2
36745,2
36746,2
36747,2
36748,2
36749,2
36750,2
36751,2
36752,2
36753,2
36754,2
36755,2
36756,2
36757,2
36758,2
36759,2
36760,2
36761,2
36762,2
36763,2
36764,2
36765,2
36766,2
36767,2
36768,2
36769,2
36770,2
36771,2
36772,2
36773,2
36774,0
36775,2
36776,2
36777,0
36778,0
36779,2
36780,2
36781,2
36782,2
36783,2
36784,2
36785,2
36786,2
36787,2
36788,2
36789,2
36790,2
36791,2
36792,2
36793,2
36794,2
36795,2
36796,2
36797,2
36798,2
36799,2
36800,2
36801,2
36802,2
36803,2
36804,2
36805,2
36806,2
36807,2
36808,2
36809,2
36810,2
36811,2
36812,2
36813,2
36814,2
36815,2
36816,2
36817,2
36818,2
36819,2
36820,2
36821,2
36822,2
36823,2
36824,2
36825,2
36826,2
36827,2
36828,2
36829,2
36830,2
36831,2
36832,2
36833,2
36834,2
36835,2
36836,2
36837,2
36838,2
36839,2
36840,2
36841,2
36842,2
36843,2
36844,3
36845,3
36846,2
36847,2
36848,2
36849,2
36850,3
36851,2
36852,2
36853,2
36854,2
36855,2
36856,2
36857,2
36858,2
36859,2
36860,2
36861,2
36862,2
36863,2
36864,2
36865,2
36866,2
36867,2
36868,2
36869,3
36870,2
36871,2
36872,2
36873,2
36874,2
36875,2
36876,2
36877,2
36878,3
36879,2
36880,2
36881,2
36882,2
36883,2
36884,2
36885,2
36886,2
36887,2
36888,2
36889,2
36890,2
36891,2
36892,2
36893,2
36894,2
36895,2
36896,2
36897,2
36898,2
36899,2
36900,2
36901,2
36902,2
36903,2
36904,2
36905,2
36906,2
36907,2
36908,2
36909,2
36910,2
36911,2
36912,2
36913,2
36914,2
36915,2
36916,2
36917,2
36918,2
36919,2
36920,2
36921,2
36922,2
36923,2
36924,2
36925,2
36926,2
36927,2
36928,2
36929,2
36930,2
36931,2
36932,2
36933,2
36934,2
36935,2
36936,2
36937,2
36938,2
36939,2
36940,2
36941,0
36942,1
36943,2
36944,2
36945,0
36946,2
36947,2
36948,2
36949,2
36950,2
36951,2
36952,2
36953,2
36954,2
36955,2
36956,2
36957,0
36958,2
36959,2
36960,2
36961,2
36962,2
36963,2
36964,2
36965,2
36966,2
36967,2
36968,2
36969,2
36970,2
36971,2
36972,2
36973,2
36974,2
36975,2
36976,2
36977,2
36978,2
36979,2
36980,2
36981,2
36982,2
36983,2
36984,2
36985,2
36986,2
36987,2
36988,2
36989,2
36990,2
36991,2
36992,2
36993,2
36994,2
36995,2
36996,2
36997,2
36998,2
36999,2
37000,2
37001,2
37002,2
37003,2
37004,2
37005,2
37006,2
37007,2
37008,2
37009,2
37010,2
37011,2
37012,2
37013,2
37014,2
37015,2
37016,2
37017,3
37018,2
37019,2
37020,2
37021,2
37022,2
37023,2
37024,2
37025,2
37026,0
37027,2
37028,2
37029,2
37030,2
37031,2
37032,2
37033,2
37034,2
37035,2
37036,2
37037,2
37038,2
37039,2
37040,2
37041,2
37042,2
37043,2
37044,2
37045,2
37046,2
37047,2
37048,2
37049,2
37050,2
37051,2
37052,2
37053,2
37054,2
37055,2
37056,2
37057,2
37058,2
37059,2
37060,2
37061,2
37062,2
37063,2
37064,2
37065,2
37066,2
37067,2
37068,2
37069,2
37070,0
37071,2
37072,2
37073,2
37074,2
37075,2
37076,2
37077,2
37078,2
37079,2
37080,2
37081,2
37082,2
37083,2
37084,2
37085,2
37086,2
37087,2
37088,2
37089,2
37090,2
37091,2
37092,2
37093,2
37094,2
37095,2
37096,2
37097,2
37098,2
37099,2
37100,2
37101,2
37102,2
37103,2
37104,2
37105,2
37106,2
37107,2
37108,2
37109,2
37110,2
37111,2
37112,2
37113,2
37114,2
37115,2
37116,2
37117,2
37118,2
37119,2
37120,2
37121,2
37122,2
37123,2
37124,2
37125,2
37126,2
37127,2
37128,2
37129,2
37130,2
37131,2
37132,2
37133,2
37134,2
37135,2
37136,2
37137,2
37138,2
37139,2
37140,2
37141,2
37142,2
37143,2
37144,2
37145,2
37146,2
37147,2
37148,2
37149,2
37150,2
37151,2
37152,2
37153,2
37154,2
37155,2
37156,3
37157,2
37158,2
37159,2
37160,2
37161,2
37162,2
37163,2
37164,2
37165,2
37166,2
37167,2
37168,2
37169,2
37170,3
37171,2
37172,2
37173,2
37174,2
37175,2
37176,2
37177,2
37178,2
37179,2
37180,2
37181,2
37182,2
37183,2
37184,2
37185,2
37186,2
37187,2
37188,2
37189,2
37190,2
37191,2
37192,2
37193,2
37194,2
37195,2
37196,2
37197,2
37198,0
37199,2
37200,2
37201,2
37202,2
37203,2
37204,2
37205,2
37206,2
37207,2
37208,2
37209,2
37210,2
37211,2
37212,2
37213,2
37214,2
37215,2
37216,2
37217,2
37218,2
37219,2
37220,2
37221,2
37222,2
37223,2
37224,2
37225,2
37226,2
37227,2
37228,2
37229,2
37230,2
37231,2
37232,2
37233,2
37234,2
37235,2
37236,2
37237,2
37238,2
37239,2
37240,2
37241,2
37242,2
37243,2
37244,2
37245,2
37246,2
37247,2
37248,2
37249,2
37250,2
37251,2
37252,2
37253,2
37254,2
37255,2
37256,2
37257,2
37258,2
37259,2
37260,2
37261,2
37262,2
37263,2
37264,2
37265,2
37266,2
37267,2
37268,2
37269,2
37270,2
37271,2
37272,2
37273,2
37274,2
37275,2
37276,2
37277,2
37278,2
37279,2
37280,2
37281,2
37282,2
37283,2
37284,2
37285,2
37286,2
37287,2
37288,2
37289,2
37290,2
37291,2
37292,2
37293,2
37294,2
37295,2
37296,2
37297,2
37298,2
37299,2
37300,2
37301,2
37302,2
37303,2
37304,2
37305,2
37306,2
37307,2
37308,2
37309,3
37310,2
37311,2
37312,2
37313,2
37314,2
37315,2
37316,2
37317,2
37318,2
37319,0
37320,2
37321,2
37322,2
37323,2
37324,2
37325,2
37326,2
37327,2
37328,2
37329,2
37330,2
37331,2
37332,2
37333,2
37334,2
37335,2
37336,2
37337,2
37338,2
37339,2
37340,2
37341,2
37342,2
37343,2
37344,2
37345,2
37346,2
37347,2
37348,2
37349,2
37350,2
37351,2
37352,2
37353,2
37354,2
37355,2
37356,0
37357,2
37358,2
37359,2
37360,2
37361,2
37362,2
37363,2
37364,2
37365,2
37366,2
37367,2
37368,2
37369,2
37370,2
37371,2
37372,2
37373,2
37374,2
37375,2
37376,2
37377,2
37378,2
37379,2
37380,2
37381,2
37382,2
37383,2
37384,2
37385,2
37386,2
37387,2
37388,2
37389,2
37390,2
37391,4
37392,2
37393,2
37394,2
37395,2
37396,2
37397,2
37398,2
37399,2
37400,2
37401,2
37402,2
37403,2
37404,2
37405,2
37406,2
37407,2
37408,2
37409,2
37410,2
37411,2
37412,2
37413,2
37414,2
37415,2
37416,2
37417,2
37418,2
37419,2
37420,2
37421,2
37422,2
37423,2
37424,2
37425,2
37426,2
37427,2
37428,2
37429,2
37430,2
37431,2
37432,2
37433,2
37434,2
37435,2
37436,2
37437,2
37438,2
37439,2
37440,2
37441,2
37442,2
37443,2
37444,2
37445,2
37446,2
37447,2
37448,2
37449,2
37450,2
37451,2
37452,2
37453,2
37454,2
37455,2
37456,2
37457,2
37458,2
37459,2
37460,2
37461,2
37462,2
37463,2
37464,2
37465,2
37466,2
37467,2
37468,2
37469,2
37470,2
37471,2
37472,2
37473,2
37474,2
37475,2
37476,2
37477,2
37478,2
37479,2
37480,2
37481,2
37482,2
37483,2
37484,2
37485,2
37486,2
37487,2
37488,2
37489,2
37490,2
37491,2
37492,2
37493,2
37494,2
37495,2
37496,2
37497,2
37498,2
37499,2
37500,2
37501,2
37502,2
37503,2
37504,2
37505,2
37506,2
37507,2
37508,2
37509,2
37510,2
37511,2
37512,2
37513,2
37514,2
37515,2
37516,2
37517,2
37518,2
37519,2
37520,2
37521,2
37522,3
37523,2
37524,2
37525,2
37526,2
37527,2
37528,2
37529,2
37530,2
37531,2
37532,2
37533,2
37534,2
37535,2
37536,2
37537,2
37538,2
37539,2
37540,2
37541,2
37542,2
37543,2
37544,2
37545,2
37546,2
37547,2
37548,2
37549,2
37550,2
37551,2
37552,2
37553,2
37554,2
37555,2
37556,2
37557,2
37558,2
37559,2
37560,2
37561,2
37562,2
37563,2
37564,2
37565,2
37566,2
37567,2
37568,2
37569,2
37570,2
37571,2
37572,2
37573,2
37574,2
37575,2
37576,2
37577,2
37578,2
37579,2
37580,2
37581,2
37582,2
37583,2
37584,2
37585,2
37586,2
37587,2
37588,2
37589,2
37590,2
37591,2
37592,2
37593,2
37594,2
37595,2
37596,2
37597,2
37598,2
37599,2
37600,2
37601,2
37602,2
37603,2
37604,2
37605,2
37606,2
37607,2
37608,2
37609,2
37610,2
37611,2
37612,2
37613,2
37614,2
37615,2
37616,2
37617,2
37618,2
37619,2
37620,2
37621,2
37622,2
37623,2
37624,2
37625,2
37626,2
37627,2
37628,2
37629,2
37630,3
37631,2
37632,2
37633,2
37634,2
37635,3
37636,2
37637,2
37638,3
37639,2
37640,2
37641,2
37642,2
37643,2
37644,3
37645,2
37646,2
37647,2
37648,2
37649,2
37650,2
37651,2
37652,2
37653,2
37654,2
37655,2
37656,2
37657,2
37658,2
37659,2
37660,2
37661,2
37662,2
37663,2
37664,2
37665,2
37666,2
37667,2
37668,2
37669,2
37670,2
37671,2
37672,2
37673,2
37674,2
37675,2
37676,2
37677,3
37678,2
37679,2
37680,3
37681,2
37682,2
37683,2
37684,2
37685,2
37686,2
37687,2
37688,2
37689,2
37690,2
37691,2
37692,2
37693,2
37694,2
37695,2
37696,2
37697,2
37698,2
37699,3
37700,2
37701,2
37702,2
37703,2
37704,2
37705,2
37706,2
37707,2
37708,2
37709,2
37710,2
37711,2
37712,2
37713,2
37714,2
37715,2
37716,2
37717,2
37718,2
37719,2
37720,2
37721,2
37722,2
37723,2
37724,2
37725,2
37726,2
37727,2
37728,2
37729,2
37730,2
37731,2
37732,2
37733,2
37734,2
37735,2
37736,2
37737,2
37738,2
37739,2
37740,2
37741,2
37742,2
37743,2
37744,2
37745,2
37746,2
37747,2
37748,2
37749,2
37750,2
37751,2
37752,2
37753,2
37754,2
37755,2
37756,2
37757,2
37758,2
37759,2
37760,2
37761,2
37762,2
37763,2
37764,2
37765,2
37766,2
37767,2
37768,2
37769,2
37770,2
37771,2
37772,2
37773,2
37774,2
37775,2
37776,2
37777,2
37778,2
37779,2
37780,2
37781,2
37782,2
37783,2
37784,2
37785,2
37786,2
37787,2
37788,2
37789,2
37790,2
37791,2
37792,2
37793,2
37794,2
37795,2
37796,2
37797,2
37798,2
37799,2
37800,2
37801,2
37802,2
37803,2
37804,2
37805,2
37806,2
37807,2
37808,2
37809,2
37810,2
37811,2
37812,2
37813,2
37814,2
37815,2
37816,2
37817,2
37818,2
37819,2
37820,2
37821,2
37822,2
37823,2
37824,2
37825,2
37826,2
37827,2
37828,2
37829,2
37830,2
37831,2
37832,2
37833,2
37834,2
37835,2
37836,2
37837,2
37838,2
37839,2
37840,2
37841,2
37842,2
37843,3
37844,2
37845,2
37846,2
37847,2
37848,2
37849,2
37850,2
37851,2
37852,2
37853,2
37854,2
37855,2
37856,2
37857,2
37858,2
37859,2
37860,2
37861,3
37862,2
37863,2
37864,2
37865,3
37866,2
37867,2
37868,2
37869,2
37870,2
37871,2
37872,2
37873,2
37874,2
37875,2
37876,2
37877,2
37878,2
37879,2
37880,2
37881,2
37882,2
37883,2
37884,2
37885,2
37886,2
37887,2
37888,2
37889,2
37890,2
37891,2
37892,2
37893,2
37894,2
37895,2
37896,2
37897,0
37898,2
37899,2
37900,2
37901,2
37902,2
37903,2
37904,2
37905,2
37906,2
37907,2
37908,2
37909,2
37910,2
37911,2
37912,2
37913,2
37914,2
37915,2
37916,2
37917,2
37918,2
37919,2
37920,2
37921,2
37922,2
37923,2
37924,2
37925,2
37926,2
37927,2
37928,2
37929,2
37930,2
37931,2
37932,2
37933,2
37934,2
37935,2
37936,2
37937,2
37938,2
37939,2
37940,2
37941,2
37942,2
37943,2
37944,2
37945,2
37946,2
37947,2
37948,2
37949,2
37950,2
37951,2
37952,2
37953,2
37954,2
37955,2
37956,2
37957,2
37958,2
37959,2
37960,2
37961,2
37962,2
37963,2
37964,2
37965,2
37966,3
37967,2
37968,2
37969,2
37970,3
37971,2
37972,2
37973,2
37974,2
37975,2
37976,2
37977,2
37978,2
37979,2
37980,2
37981,3
37982,2
37983,2
37984,2
37985,2
37986,2
37987,2
37988,2
37989,2
37990,2
37991,2
37992,2
37993,2
37994,2
37995,2
37996,2
37997,2
37998,2
37999,2
38000,2
38001,2
38002,2
38003,2
38004,2
38005,2
38006,2
38007,2
38008,2
38009,2
38010,2
38011,2
38012,2
38013,2
38014,2
38015,2
38016,2
38017,2
38018,2
38019,2
38020,2
38021,3
38022,2
38023,2
38024,2
38025,2
38026,2
38027,2
38028,2
38029,2
38030,2
38031,2
38032,2
38033,2
38034,2
38035,2
38036,2
38037,2
38038,2
38039,2
38040,2
38041,2
38042,2
38043,2
38044,2
38045,2
38046,2
38047,2
38048,2
38049,2
38050,0
38051,2
38052,2
38053,2
38054,2
38055,2
38056,2
38057,2
38058,2
38059,2
38060,2
38061,2
38062,2
38063,2
38064,2
38065,2
38066,3
38067,0
38068,2
38069,2
38070,2
38071,2
38072,2
38073,0
38074,2
38075,2
38076,2
38077,2
38078,2
38079,2
38080,2
38081,2
38082,2
38083,2
38084,2
38085,2
38086,2
38087,3
38088,2
38089,2
38090,2
38091,2
38092,2
38093,2
38094,2
38095,2
38096,2
38097,2
38098,2
38099,2
38100,2
38101,2
38102,2
38103,2
38104,2
38105,2
38106,2
38107,2
38108,0
38109,2
38110,2
38111,2
38112,2
38113,2
38114,2
38115,2
38116,2
38117,2
38118,2
38119,2
38120,2
38121,2
38122,2
38123,2
38124,2
38125,2
38126,2
38127,2
38128,2
38129,2
38130,2
38131,2
38132,2
38133,2
38134,2
38135,2
38136,2
38137,2
38138,2
38139,2
38140,2
38141,2
38142,2
38143,2
38144,2
38145,2
38146,2
38147,2
38148,2
38149,2
38150,2
38151,2
38152,2
38153,2
38154,2
38155,2
38156,2
38157,2
38158,2
38159,2
38160,2
38161,2
38162,2
38163,3
38164,3
38165,2
38166,2
38167,2
38168,2
38169,2
38170,2
38171,2
38172,2
38173,2
38174,2
38175,2
38176,2
38177,2
38178,2
38179,2
38180,2
38181,2
38182,3
38183,2
38184,2
38185,2
38186,2
38187,2
38188,2
38189,2
38190,2
38191,2
38192,2
38193,2
38194,2
38195,2
38196,2
38197,2
38198,2
38199,2
38200,2
38201,2
38202,2
38203,2
38204,2
38205,2
38206,2
38207,2
38208,2
38209,2
38210,2
38211,2
38212,2
38213,2
38214,2
38215,2
38216,2
38217,2
38218,2
38219,2
38220,2
38221,2
38222,2
38223,2
38224,2
38225,2
38226,2
38227,2
38228,2
38229,2
38230,2
38231,2
38232,2
38233,2
38234,2
38235,2
38236,2
38237,2
38238,2
38239,2
38240,2
38241,2
38242,2
38243,2
38244,2
38245,3
38246,2
38247,2
38248,2
38249,2
38250,2
38251,2
38252,2
38253,2
38254,2
38255,2
38256,2
38257,2
38258,2
38259,2
38260,2
38261,0
38262,2
38263,2
38264,2
38265,2
38266,3
38267,2
38268,2
38269,2
38270,2
38271,2
38272,2
38273,2
38274,2
38275,2
38276,2
38277,2
38278,2
38279,2
38280,2
38281,2
38282,2
38283,2
38284,2
38285,2
38286,2
38287,2
38288,2
38289,2
38290,2
38291,2
38292,2
38293,2
38294,2
38295,2
38296,2
38297,2
38298,2
38299,2
38300,2
38301,2
38302,2
38303,2
38304,2
38305,2
38306,2
38307,2
38308,2
38309,2
38310,2
38311,2
38312,2
38313,2
38314,2
38315,2
38316,2
38317,2
38318,2
38319,2
38320,2
38321,2
38322,2
38323,2
38324,2
38325,2
38326,2
38327,2
38328,2
38329,2
38330,2
38331,2
38332,2
38333,2
38334,2
38335,2
38336,2
38337,2
38338,2
38339,2
38340,2
38341,2
38342,2
38343,2
38344,2
38345,2
38346,2
38347,2
38348,2
38349,2
38350,2
38351,2
38352,2
38353,2
38354,2
38355,2
38356,2
38357,2
38358,2
38359,2
38360,2
38361,2
38362,2
38363,2
38364,2
38365,2
38366,2
38367,2
38368,2
38369,0
38370,2
38371,2
38372,0
38373,2
38374,2
38375,3
38376,2
38377,2
38378,2
38379,2
38380,2
38381,2
38382,2
38383,2
38384,2
38385,2
38386,2
38387,2
38388,2
38389,2
38390,2
38391,2
38392,2
38393,2
38394,2
38395,2
38396,2
38397,2
38398,2
38399,2
38400,2
38401,2
38402,2
38403,2
38404,2
38405,2
38406,2
38407,2
38408,2
38409,2
38410,2
38411,2
38412,2
38413,2
38414,2
38415,2
38416,2
38417,2
38418,2
38419,2
38420,2
38421,2
38422,2
38423,2
38424,2
38425,2
38426,2
38427,2
38428,2
38429,2
38430,2
38431,2
38432,2
38433,2
38434,2
38435,2
38436,2
38437,2
38438,2
38439,2
38440,2
38441,2
38442,2
38443,2
38444,2
38445,2
38446,2
38447,2
38448,2
38449,2
38450,2
38451,2
38452,2
38453,2
38454,2
38455,2
38456,2
38457,2
38458,2
38459,2
38460,2
38461,2
38462,2
38463,2
38464,2
38465,2
38466,2
38467,2
38468,2
38469,2
38470,2
38471,2
38472,2
38473,2
38474,2
38475,2
38476,2
38477,2
38478,2
38479,2
38480,2
38481,2
38482,2
38483,2
38484,2
38485,2
38486,2
38487,2
38488,2
38489,2
38490,0
38491,2
38492,2
38493,2
38494,2
38495,2
38496,2
38497,2
38498,2
38499,2
38500,2
38501,2
38502,2
38503,2
38504,2
38505,2
38506,2
38507,2
38508,2
38509,2
38510,2
38511,2
38512,2
38513,2
38514,2
38515,2
38516,2
38517,2
38518,2
38519,2
38520,2
38521,2
38522,2
38523,2
38524,0
38525,2
38526,2
38527,2
38528,2
38529,2
38530,2
38531,2
38532,2
38533,2
38534,2
38535,2
38536,2
38537,2
38538,2
38539,2
38540,2
38541,2
38542,2
38543,2
38544,2
38545,2
38546,2
38547,2
38548,2
38549,2
38550,2
38551,2
38552,2
38553,2
38554,2
38555,2
38556,2
38557,2
38558,2
38559,2
38560,2
38561,2
38562,2
38563,2
38564,2
38565,2
38566,2
38567,2
38568,2
38569,2
38570,2
38571,2
38572,2
38573,3
38574,3
38575,2
38576,2
38577,2
38578,2
38579,2
38580,2
38581,2
38582,2
38583,2
38584,2
38585,2
38586,3
38587,2
38588,2
38589,2
38590,2
38591,2
38592,2
38593,2
38594,2
38595,2
38596,2
38597,2
38598,2
38599,2
38600,2
38601,2
38602,2
38603,2
38604,2
38605,2
38606,2
38607,2
38608,2
38609,2
38610,2
38611,2
38612,2
38613,2
38614,2
38615,2
38616,2
38617,2
38618,2
38619,2
38620,2
38621,2
38622,2
38623,2
38624,2
38625,2
38626,2
38627,3
38628,2
38629,2
38630,2
38631,2
38632,2
38633,2
38634,2
38635,2
38636,2
38637,2
38638,2
38639,2
38640,2
38641,2
38642,2
38643,2
38644,2
38645,2
38646,2
38647,2
38648,2
38649,2
38650,2
38651,2
38652,2
38653,2
38654,2
38655,2
38656,2
38657,2
38658,2
38659,2
38660,2
38661,2
38662,2
38663,2
38664,2
38665,2
38666,2
38667,2
38668,2
38669,2
38670,2
38671,2
38672,2
38673,2
38674,2
38675,2
38676,2
38677,2
38678,2
38679,2
38680,2
38681,2
38682,2
38683,2
38684,2
38685,2
38686,2
38687,2
38688,2
38689,2
38690,2
38691,2
38692,2
38693,2
38694,2
38695,2
38696,2
38697,2
38698,2
38699,2
38700,2
38701,2
38702,2
38703,2
38704,2
38705,2
38706,2
38707,2
38708,2
38709,2
38710,2
38711,2
38712,2
38713,2
38714,2
38715,2
38716,2
38717,2
38718,2
38719,2
38720,2
38721,2
38722,2
38723,2
38724,2
38725,2
38726,2
38727,2
38728,2
38729,2
38730,2
38731,2
38732,2
38733,2
38734,2
38735,2
38736,2
38737,2
38738,2
38739,2
38740,2
38741,2
38742,2
38743,2
38744,2
38745,2
38746,2
38747,2
38748,2
38749,2
38750,2
38751,2
38752,2
38753,2
38754,2
38755,2
38756,2
38757,2
38758,2
38759,2
38760,2
38761,2
38762,2
38763,2
38764,2
38765,2
38766,2
38767,2
38768,2
38769,2
38770,2
38771,2
38772,2
38773,2
38774,2
38775,2
38776,2
38777,2
38778,2
38779,2
38780,2
38781,2
38782,2
38783,2
38784,2
38785,2
38786,2
38787,2
38788,2
38789,2
38790,2
38791,2
38792,2
38793,2
38794,2
38795,2
38796,2
38797,2
38798,2
38799,2
38800,2
38801,2
38802,2
38803,2
38804,2
38805,2
38806,2
38807,2
38808,2
38809,2
38810,2
38811,2
38812,2
38813,2
38814,2
38815,2
38816,2
38817,0
38818,2
38819,0
38820,2
38821,2
38822,2
38823,2
38824,2
38825,2
38826,2
38827,2
38828,2
38829,2
38830,2
38831,2
38832,2
38833,2
38834,2
38835,2
38836,2
38837,2
38838,2
38839,2
38840,2
38841,2
38842,2
38843,2
38844,2
38845,2
38846,2
38847,2
38848,2
38849,2
38850,2
38851,2
38852,2
38853,2
38854,2
38855,2
38856,2
38857,2
38858,2
38859,2
38860,2
38861,2
38862,2
38863,2
38864,2
38865,2
38866,2
38867,2
38868,2
38869,2
38870,2
38871,2
38872,2
38873,2
38874,2
38875,3
38876,2
38877,2
38878,2
38879,2
38880,2
38881,2
38882,2
38883,2
38884,2
38885,2
38886,2
38887,2
38888,2
38889,2
38890,2
38891,2
38892,2
38893,2
38894,2
38895,2
38896,2
38897,2
38898,2
38899,2
38900,2
38901,2
38902,2
38903,2
38904,2
38905,2
38906,2
38907,2
38908,2
38909,2
38910,2
38911,2
38912,2
38913,2
38914,2
38915,2
38916,2
38917,2
38918,2
38919,2
38920,2
38921,2
38922,2
38923,2
38924,2
38925,2
38926,2
38927,2
38928,2
38929,2
38930,2
38931,2
38932,2
38933,2
38934,2
38935,2
38936,2
38937,2
38938,2
38939,2
38940,2
38941,2
38942,2
38943,2
38944,2
38945,2
38946,2
38947,2
38948,2
38949,2
38950,2
38951,2
38952,2
38953,2
38954,2
38955,2
38956,2
38957,2
38958,2
38959,2
38960,2
38961,2
38962,2
38963,2
38964,2
38965,2
38966,2
38967,2
38968,2
38969,2
38970,2
38971,2
38972,2
38973,2
38974,2
38975,2
38976,2
38977,2
38978,2
38979,2
38980,2
38981,2
38982,2
38983,2
38984,2
38985,2
38986,2
38987,2
38988,2
38989,2
38990,2
38991,2
38992,2
38993,2
38994,2
38995,2
38996,2
38997,2
38998,2
38999,2
39000,2
39001,2
39002,2
39003,2
39004,2
39005,2
39006,2
39007,2
39008,2
39009,2
39010,2
39011,2
39012,2
39013,2
39014,2
39015,2
39016,2
39017,2
39018,2
39019,2
39020,2
39021,2
39022,2
39023,2
39024,2
39025,2
39026,2
39027,2
39028,2
39029,2
39030,2
39031,2
39032,2
39033,2
39034,2
39035,2
39036,2
39037,2
39038,2
39039,2
39040,2
39041,2
39042,2
39043,2
39044,2
39045,2
39046,2
39047,2
39048,2
39049,2
39050,2
39051,2
39052,2
39053,2
39054,2
39055,2
39056,2
39057,2
39058,2
39059,2
39060,2
39061,2
39062,2
39063,2
39064,0
39065,3
39066,0
39067,2
39068,2
39069,2
39070,2
39071,2
39072,2
39073,2
39074,0
39075,2
39076,2
39077,2
39078,2
39079,2
39080,2
39081,2
39082,2
39083,2
39084,2
39085,2
39086,2
39087,2
39088,2
39089,2
39090,2
39091,2
39092,2
39093,0
39094,2
39095,2
39096,2
39097,2
39098,2
39099,2
39100,2
39101,2
39102,2
39103,2
39104,2
39105,2
39106,2
39107,2
39108,2
39109,2
39110,2
39111,2
39112,2
39113,2
39114,2
39115,2
39116,2
39117,2
39118,2
39119,2
39120,2
39121,2
39122,2
39123,2
39124,2
39125,2
39126,2
39127,2
39128,2
39129,2
39130,2
39131,2
39132,2
39133,2
39134,2
39135,2
39136,2
39137,2
39138,2
39139,2
39140,2
39141,2
39142,2
39143,2
39144,2
39145,2
39146,2
39147,2
39148,2
39149,2
39150,2
39151,2
39152,2
39153,2
39154,0
39155,2
39156,2
39157,2
39158,2
39159,2
39160,2
39161,2
39162,2
39163,2
39164,2
39165,2
39166,2
39167,2
39168,2
39169,2
39170,2
39171,2
39172,2
39173,2
39174,2
39175,2
39176,2
39177,2
39178,0
39179,2
39180,2
39181,2
39182,0
39183,2
39184,2
39185,2
39186,2
39187,2
39188,2
39189,2
39190,2
39191,2
39192,2
39193,2
39194,2
39195,2
39196,2
39197,2
39198,2
39199,2
39200,2
39201,2
39202,2
39203,2
39204,2
39205,2
39206,2
39207,2
39208,2
39209,3
39210,2
39211,2
39212,2
39213,2
39214,2
39215,2
39216,2
39217,2
39218,2
39219,2
39220,2
39221,2
39222,2
39223,2
39224,2
39225,2
39226,2
39227,2
39228,2
39229,2
39230,2
39231,2
39232,2
39233,2
39234,2
39235,2
39236,2
39237,2
39238,2
39239,2
39240,2
39241,2
39242,2
39243,2
39244,2
39245,2
39246,2
39247,2
39248,2
39249,2
39250,2
39251,2
39252,2
39253,2
39254,2
39255,2
39256,2
39257,2
39258,2
39259,2
39260,2
39261,2
39262,2
39263,2
39264,2
39265,2
39266,2
39267,2
39268,2
39269,2
39270,2
39271,2
39272,0
39273,2
39274,2
39275,2
39276,2
39277,2
39278,2
39279,2
39280,2
39281,2
39282,2
39283,2
39284,2
39285,2
39286,2
39287,2
39288,2
39289,2
39290,2
39291,2
39292,2
39293,2
39294,2
39295,2
39296,2
39297,2
39298,2
39299,2
39300,2
39301,2
39302,2
39303,2
39304,2
39305,2
39306,2
39307,2
39308,2
39309,2
39310,2
39311,0
39312,2
39313,2
39314,2
39315,2
39316,2
39317,2
39318,2
39319,2
39320,2
39321,2
39322,2
39323,2
39324,2
39325,2
39326,2
39327,2
39328,2
39329,2
39330,2
39331,2
39332,2
39333,2
39334,2
39335,2
39336,2
39337,2
39338,2
39339,2
39340,2
39341,2
39342,2
39343,2
39344,2
39345,2
39346,2
39347,2
39348,2
39349,2
39350,2
39351,2
39352,2
39353,3
39354,2
39355,2
39356,2
39357,2
39358,2
39359,2
39360,2
39361,2
39362,2
39363,2
39364,2
39365,2
39366,2
39367,2
39368,2
39369,2
39370,2
39371,2
39372,2
39373,2
39374,2
39375,2
39376,2
39377,2
39378,2
39379,2
39380,2
39381,2
39382,2
39383,2
39384,2
39385,2
39386,2
39387,2
39388,2
39389,2
39390,2
39391,2
39392,2
39393,2
39394,2
39395,2
39396,2
39397,2
39398,2
39399,2
39400,2
39401,2
39402,2
39403,2
39404,2
39405,2
39406,2
39407,2
39408,2
39409,2
39410,2
39411,2
39412,2
39413,2
39414,2
39415,2
39416,2
39417,2
39418,2
39419,2
39420,2
39421,2
39422,2
39423,2
39424,2
39425,2
39426,2
39427,2
39428,2
39429,2
39430,2
39431,2
39432,2
39433,2
39434,2
39435,2
39436,2
39437,2
39438,2
39439,2
39440,2
39441,2
39442,2
39443,2
39444,2
39445,2
39446,2
39447,2
39448,2
39449,2
39450,2
39451,2
39452,2
39453,2
39454,2
39455,2
39456,2
39457,2
39458,2
39459,2
39460,2
39461,2
39462,3
39463,2
39464,2
39465,2
39466,2
39467,3
39468,2
39469,2
39470,2
39471,2
39472,2
39473,2
39474,2
39475,2
39476,2
39477,2
39478,2
39479,2
39480,2
39481,2
39482,2
39483,2
39484,2
39485,2
39486,2
39487,2
39488,2
39489,2
39490,2
39491,2
39492,2
39493,2
39494,2
39495,2
39496,2
39497,2
39498,2
39499,2
39500,2
39501,2
39502,2
39503,2
39504,2
39505,2
39506,2
39507,2
39508,2
39509,2
39510,2
39511,2
39512,2
39513,2
39514,2
39515,2
39516,2
39517,2
39518,2
39519,2
39520,2
39521,2
39522,2
39523,2
39524,2
39525,2
39526,2
39527,2
39528,2
39529,2
39530,2
39531,2
39532,2
39533,2
39534,2
39535,2
39536,2
39537,2
39538,2
39539,2
39540,2
39541,2
39542,2
39543,2
39544,2
39545,3
39546,2
39547,2
39548,2
39549,2
39550,2
39551,2
39552,2
39553,2
39554,2
39555,2
39556,2
39557,2
39558,2
39559,2
39560,2
39561,2
39562,2
39563,2
39564,2
39565,2
39566,2
39567,2
39568,2
39569,2
39570,3
39571,3
39572,3
39573,2
39574,2
39575,2
39576,2
39577,3
39578,2
39579,2
39580,2
39581,0
39582,2
39583,2
39584,0
39585,2
39586,3
39587,0
39588,3
39589,4
39590,2
39591,2
39592,2
39593,2
39594,3
39595,2
39596,3
39597,2
39598,2
39599,2
39600,2
39601,2
39602,2
39603,2
39604,2
39605,2
39606,2
39607,2
39608,2
39609,2
39610,2
39611,2
39612,2
39613,2
39614,2
39615,2
39616,2
39617,2
39618,2
39619,2
39620,2
39621,2
39622,2
39623,2
39624,2
39625,2
39626,2
39627,2
39628,2
39629,2
39630,2
39631,0
39632,2
39633,2
39634,2
39635,2
39636,0
39637,2
39638,2
39639,2
39640,2
39641,3
39642,2
39643,0
39644,2
39645,2
39646,2
39647,2
39648,2
39649,2
39650,2
39651,2
39652,2
39653,2
39654,2
39655,2
39656,2
39657,2
39658,2
39659,2
39660,2
39661,2
39662,2
39663,3
39664,2
39665,2
39666,3
39667,2
39668,2
39669,2
39670,2
39671,2
39672,2
39673,2
39674,2
39675,2
39676,2
39677,2
39678,2
39679,2
39680,2
39681,2
39682,2
39683,2
39684,2
39685,2
39686,2
39687,0
39688,2
39689,1
39690,2
39691,3
39692,0
39693,3
39694,0
39695,3
39696,2
39697,2
39698,2
39699,2
39700,2
39701,2
39702,0
39703,2
39704,2
39705,2
39706,2
39707,2
39708,2
39709,2
39710,2
39711,2
39712,2
39713,1
39714,0
39715,0
39716,4
39717,2
39718,3
39719,3
39720,3
39721,0
39722,0
39723,0
39724,0
39725,0
39726,0
39727,0
39728,3
39729,0
39730,0
39731,0
39732,0
39733,0
39734,0
39735,0
39736,0
39737,0
39738,0
39739,2
39740,0
39741,0
39742,0
39743,3
39744,2
39745,2
39746,2
39747,2
39748,2
39749,2
39750,2
39751,2
39752,2
39753,3
39754,0
39755,0
39756,0
39757,2
39758,3
39759,0
39760,0
39761,0
39762,0
39763,0
39764,0
39765,2
39766,2
39767,3
39768,0
39769,0
39770,0
39771,0
39772,2
39773,0
39774,0
39775,2
39776,4
39777,1
39778,1
39779,1
39780,1
39781,1
39782,1
39783,2
39784,2
39785,0
39786,0
39787,0
39788,0
39789,0
39790,2
39791,2
39792,0
39793,0
39794,0
39795,0
39796,0
39797,1
39798,0
39799,0
39800,0
39801,0
39802,2
39803,3
39804,3
39805,3
39806,0
39807,3
39808,2
39809,2
39810,0
39811,2
39812,0
39813,0
39814,0
39815,0
39816,0
39817,2
39818,2
39819,0
39820,2
39821,2
39822,0
39823,0
39824,0
39825,0
39826,0
39827,0
39828,0
39829,2
39830,1
39831,2
39832,2
39833,2
39834,2
39835,2
39836,2
39837,3
39838,3
39839,0
39840,0
39841,2
39842,3
39843,3
39844,3
39845,3
39846,3
39847,3
39848,3
39849,2
39850,3
39851,3
39852,3
39853,3
39854,3
39855,2
39856,2
39857,1
39858,2
39859,2
39860,2
39861,2
39862,2
39863,0
39864,2
39865,2
39866,0
39867,2
39868,3
39869,0
39870,3
39871,3
39872,2
39873,0
39874,3
39875,2
39876,3
39877,0
39878,3
39879,2
39880,3
39881,3
39882,3
39883,2
39884,3
39885,3
39886,3
39887,3
39888,2
39889,3
39890,2
39891,2
39892,2
39893,2
39894,2
39895,2
39896,2
39897,2
39898,2
39899,2
39900,2
39901,2
39902,1
39903,1
39904,1
39905,0
39906,1
39907,1
39908,1
39909,1
39910,1
39911,1
39912,1
39913,1
39914,1
39915,1
39916,1
39917,1
39918,1
39919,1
39920,1
39921,1
39922,1
39923,1
39924,1
39925,1
39926,1
39927,1
39928,1
39929,1
39930,1
39931,1
39932,3
39933,3
39934,3
39935,3
39936,3
39937,3
39938,3
39939,3
39940,3
39941,2
39942,3
39943,2
39944,2
39945,3
39946,3
39947,2
39948,3
39949,3
39950,3
39951,0
39952,0
39953,3
39954,3
39955,0
39956,3
39957,1
39958,1
39959,1
39960,1
39961,1
39962,1
39963,1
39964,1
39965,1
39966,1
39967,1
39968,1
39969,1
39970,1
39971,3
39972,2
39973,2
39974,2
39975,0
39976,2
39977,0
39978,3
39979,2
39980,2
39981,3
39982,2
39983,2
39984,0
39985,2
39986,0
39987,2
39988,0
39989,2
39990,0
39991,0
39992,3
39993,2
39994,3
39995,0
39996,2
39997,2
39998,2
39999,2
40000,2
40001,2
40002,2
40003,3
40004,2
40005,3
40006,3
40007,3
40008,3
40009,3
40010,2
40011,3
40012,3
40013,2
40014,2
40015,0
40016,2
40017,2
40018,3
40019,0
40020,0
40021,0
40022,0
40023,0
40024,0
40025,2
40026,2
40027,2
40028,2
40029,3
40030,3
40031,0
40032,0
40033,0
40034,0
40035,0
40036,0
40037,0
40038,0
40039,0
40040,0
40041,0
40042,0
40043,3
40044,3
40045,1
40046,2
40047,0
40048,0
40049,0
40050,0
40051,0
40052,0
40053,0
40054,0
40055,0
40056,0
40057,0
40058,0
40059,2
40060,0
40061,0
40062,0
40063,0
40064,0
40065,0
40066,0
40067,0
40068,0
40069,0
40070,0
40071,0
40072,0
40073,0
40074,2
40075,0
40076,0
40077,0
40078,0
40079,0
40080,0
40081,0
40082,0
40083,0
40084,0
40085,0
40086,0
40087,3
40088,0
40089,0
40090,0
40091,3
40092,0
40093,2
40094,0
40095,0
40096,0
40097,0
40098,0
40099,0
40100,0
40101,0
40102,0
40103,0
40104,0
40105,0
40106,0
40107,0
40108,0
40109,0
40110,0
40111,0
40112,0
40113,0
40114,0
40115,0
40116,0
40117,0
40118,0
40119,0
40120,0
40121,3
40122,3
40123,0
40124,0
40125,0
40126,0
40127,0
40128,0
40129,0
40130,0
40131,0
40132,0
40133,0
40134,0
40135,0
40136,0
40137,0
40138,2
40139,2
40140,0
40141,0
40142,0
40143,0
40144,0
40145,0
40146,0
40147,1
40148,0
40149,0
40150,0
40151,0
40152,1
40153,0
40154,0
40155,0
40156,0
40157,0
40158,0
40159,1
40160,0
40161,1
40162,0
40163,3
40164,0
40165,0
40166,0
40167,0
40168,0
40169,0
40170,0
40171,0
40172,0
40173,0
40174,0
40175,0
40176,2
40177,0
40178,0
40179,0
40180,0
40181,0
40182,0
40183,0
40184,3
40185,2
40186,0
40187,0
40188,0
40189,3
40190,0
40191,0
40192,0
40193,0
40194,0
40195,0
40196,0
40197,0
40198,0
40199,0
40200,0
40201,0
40202,0
40203,0
40204,0
40205,0
40206,0
40207,0
40208,0
40209,0
40210,3
40211,0
40212,2
40213,0
40214,2
40215,2
40216,2
40217,0
40218,2
40219,2
40220,0
40221,2
40222,2
40223,2
40224,2
40225,2
40226,2
40227,0
40228,2
40229,2
40230,0
40231,1
40232,0
40233,0
40234,0
40235,2
40236,1
40237,0
40238,2
40239,2
40240,2
40241,2
40242,2
40243,2
40244,2
40245,2
40246,1
40247,2
40248,2
40249,0
40250,0
40251,0
40252,0
40253,0
40254,0
40255,0
40256,0
40257,0
40258,0
40259,2
40260,0
40261,2
40262,0
40263,2
40264,0
40265,2
40266,2
40267,0
40268,0
40269,0
40270,0
40271,2
40272,1
40273,0
40274,0
40275,2
40276,2
40277,2
40278,0
40279,1
40280,1
40281,1
40282,1
40283,1
40284,1
40285,1
40286,1
40287,1
40288,1
40289,1
40290,1
40291,1
40292,1
40293,3
40294,3
40295,3
40296,1
40297,3
40298,1
40299,1
40300,3
40301,3
40302,3
40303,3
40304,0
40305,3
40306,0
40307,3
40308,3
40309,2
40310,3
40311,2
40312,0
40313,2
40314,2
40315,2
40316,2
40317,2
40318,2
40319,2
40320,2
40321,2
40322,2
40323,3
40324,3
40325,0
40326,3
40327,2
40328,3
40329,3
40330,2
40331,0
40332,3
40333,3
40334,3
40335,3
40336,0
40337,2
40338,3
40339,3
40340,0
40341,3
40342,2
40343,3
40344,3
40345,3
40346,3
40347,3
40348,2
40349,0
40350,3
40351,3
40352,2
40353,2
40354,2
40355,3
40356,3
40357,2
40358,0
40359,3
40360,3
40361,0
40362,0
40363,3
40364,3
40365,2
40366,2
40367,2
40368,3
40369,0
40370,2
40371,3
40372,3
40373,3
40374,2
40375,2
40376,2
40377,2
40378,3
40379,3
40380,2
40381,1
40382,3
40383,3
40384,1
40385,2
40386,3
40387,3
40388,3
40389,3
40390,3
40391,3
40392,3
40393,3
40394,3
40395,2
40396,2
40397,1
40398,3
40399,3
40400,4
40401,1
40402,3
40403,3
40404,3
40405,3
40406,3
40407,3
40408,3
40409,3
40410,2
40411,2
40412,0
40413,0
40414,0
40415,0
40416,0
40417,0
40418,0
40419,0
40420,0
40421,0
40422,0
40423,0
40424,0
40425,0
40426,0
40427,0
40428,0
40429,2
40430,3
40431,0
40432,0
40433,0
40434,0
40435,0
40436,0
40437,0
40438,0
40439,0
40440,2
40441,0
40442,0
40443,3
40444,0
40445,3
40446,0
40447,2
40448,0
40449,3
40450,3
40451,1
40452,1
40453,0
40454,3
40455,3
40456,3
40457,3
40458,3
40459,3
40460,3
40461,3
40462,3
40463,3
40464,3
40465,3
40466,3
40467,3
40468,3
40469,3
40470,1
40471,3
40472,3
40473,3
40474,0
40475,2
40476,2
40477,2
40478,2
40479,2
40480,3
40481,1
40482,2
40483,2
40484,2
40485,3
40486,2
40487,0
40488,2
40489,3
40490,3
40491,2
40492,0
40493,1
40494,1
40495,1
40496,0
40497,0
40498,1
40499,1
40500,3
40501,3
40502,0
40503,3
40504,3
40505,3
40506,3
40507,3
40508,1
40509,1
40510,3
40511,1
40512,1
40513,1
40514,3
40515,3
40516,1
40517,1
40518,1
40519,1
40520,3
40521,3
40522,1
40523,1
40524,1
40525,1
40526,1
40527,1
40528,1
40529,1
40530,1
40531,1
40532,3
40533,0
40534,2
40535,2
40536,1
40537,1
40538,1
40539,1
40540,1
40541,1
40542,1
40543,1
40544,1
40545,1
40546,1
40547,1
40548,1
40549,1
40550,1
40551,1
40552,1
40553,1
40554,1
40555,1
40556,1
40557,1
40558,1
40559,1
40560,1
40561,1
40562,1
40563,1
40564,1
40565,1
40566,1
40567,1
40568,1
40569,1
40570,1
40571,1
40572,1
40573,1
40574,1
40575,1
40576,1
40577,3
40578,3
40579,3
40580,3
40581,2
40582,2
40583,2
40584,3
40585,3
40586,3
40587,2
40588,3
40589,0
40590,2
40591,0
40592,2
40593,2
40594,3
40595,2
40596,0
40597,2
40598,0
40599,0
40600,0
40601,0
40602,0
40603,0
40604,2
40605,3
40606,3
40607,3
40608,0
40609,0
40610,0
40611,0
40612,2
40613,2
40614,0
40615,0
40616,0
40617,0
40618,3
40619,2
40620,3
40621,3
40622,2
40623,3
40624,0
40625,4
40626,4
40627,3
40628,4
40629,2
40630,0
40631,0
40632,0
40633,0
40634,0
40635,0
40636,0
40637,0
40638,0
40639,0
40640,0
40641,0
40642,0
40643,0
40644,0
40645,0
40646,0
40647,0
40648,0
40649,0
40650,0
40651,0
40652,0
40653,0
40654,0
40655,0
40656,0
40657,0
40658,0
40659,0
40660,0
40661,0
40662,0
40663,0
40664,0
40665,0
40666,0
40667,0
40668,0
40669,0
40670,0
40671,3
40672,3
40673,1
40674,0
40675,0
40676,0
40677,0
40678,0
40679,0
40680,0
40681,3
40682,0
40683,1
40684,0
40685,0
40686,2
40687,0
40688,2
40689,0
40690,2
40691,2
40692,2
40693,2
40694,2
40695,2
40696,2
40697,0
40698,0
40699,0
40700,1
40701,1
40702,1
40703,0
40704,1
40705,2
40706,2
40707,1
40708,1
40709,1
40710,1
40711,1
40712,3
40713,1
40714,1
40715,1
40716,1
40717,1
40718,1
40719,1
40720,1
40721,1
40722,1
40723,1
40724,1
40725,1
40726,3
40727,3
40728,2
40729,2
40730,1
40731,3
40732,3
40733,3
40734,2
40735,3
40736,0
40737,3
40738,3
40739,0
40740,0
40741,0
40742,2
40743,3
40744,0
40745,0
40746,0
40747,0
40748,0
40749,0
40750,3
40751,3
40752,2
40753,2
40754,3
40755,3
40756,3
40757,3
40758,3
40759,2
40760,0
40761,0
40762,0
40763,3
40764,1
40765,3
40766,2
40767,3
40768,3
40769,2
40770,0
40771,3
40772,2
40773,2
40774,2
40775,2
40776,0
40777,1
40778,1
40779,1
40780,1
40781,1
40782,1
40783,1
40784,1
40785,1
40786,1
40787,1
40788,1
40789,3
40790,1
40791,1
40792,1
40793,1
40794,1
40795,1
40796,3
40797,1
40798,1
40799,1
40800,1
40801,0
40802,0
40803,3
40804,1
40805,1
40806,1
40807,1
40808,1
40809,1
40810,1
40811,1
40812,1
40813,1
40814,1
40815,1
40816,1
40817,1
40818,1
40819,1
40820,1
40821,1
40822,1
40823,1
40824,1
40825,1
40826,1
40827,1
40828,1
40829,1
40830,1
40831,1
40832,1
40833,1
40834,1
40835,1
40836,1
40837,1
40838,3
40839,1
40840,1
40841,3
40842,3
40843,3
40844,3
40845,3
40846,1
40847,2
40848,2
40849,3
40850,3
40851,2
40852,2
40853,2
40854,3
40855,2
40856,3
40857,2
40858,2
40859,2
40860,3
40861,3
40862,2
40863,3
40864,2
40865,3
40866,3
40867,3
40868,3
40869,3
40870,3
40871,2
40872,2
40873,3
40874,3
40875,1
40876,1
40877,1
40878,1
40879,0
40880,3
40881,2
40882,3
40883,3
40884,3
40885,3
40886,3
40887,3
40888,3
40889,3
40890,2
40891,3
40892,2
40893,3
40894,3
40895,3
40896,3
40897,3
40898,3
40899,3
40900,3
40901,3
40902,2
40903,3
40904,3
40905,3
40906,3
40907,2
40908,3
40909,3
40910,3
40911,3
40912,3
40913,3
40914,3
40915,0
40916,3
40917,3
40918,3
40919,3
40920,3
40921,2
40922,3
40923,3
40924,3
40925,3
40926,3
40927,2
40928,2
40929,0
40930,2
40931,0
40932,0
40933,3
40934,3
40935,2
40936,3
40937,3
40938,2
40939,3
40940,2
40941,3
40942,3
40943,2
40944,2
40945,3
40946,2
40947,3
40948,3
40949,3
40950,2
40951,3
40952,2
40953,2
40954,2
40955,2
40956,2
40957,2
40958,2
40959,2
40960,2
40961,3
40962,2
40963,0
40964,2
40965,3
40966,2
40967,2
40968,0
40969,2
40970,3
40971,3
40972,2
40973,3
40974,3
40975,3
40976,2
40977,3
40978,3
40979,0
40980,3
40981,3
40982,3
40983,1
40984,3
40985,3
40986,3
40987,3
40988,3
40989,3
40990,3
40991,2
40992,3
40993,3
40994,2
40995,2
40996,3
40997,3
40998,3
40999,2
41000,2
41001,2
41002,3
41003,3
41004,3
41005,3
41006,3
41007,3
41008,3
41009,3
41010,2
41011,3
41012,0
41013,3
41014,2
41015,2
41016,1
41017,1
41018,3
41019,3
41020,1
41021,3
41022,1
41023,2
41024,3
41025,3
41026,3
41027,0
41028,1
41029,1
41030,1
41031,0
41032,1
41033,3
41034,3
41035,1
41036,3
41037,1
41038,2
41039,3
41040,2
41041,2
41042,3
41043,3
41044,3
41045,3
41046,3
41047,2
41048,2
41049,3
41050,2
41051,2
41052,2
41053,2
41054,3
41055,2
41056,3
41057,2
41058,2
41059,0
41060,3
41061,3
41062,3
41063,3
41064,2
41065,2
41066,2
41067,3
41068,2
41069,0
41070,2
41071,0
41072,2
41073,2
41074,1
41075,1
41076,1
41077,1
41078,3
41079,0
41080,1
41081,2
41082,1
41083,3
41084,2
41085,3
41086,3
41087,3
41088,3
41089,3
41090,3
41091,2
41092,3
41093,3
41094,3
41095,3
41096,3
41097,3
41098,1
41099,2
41100,3
41101,3
41102,2
41103,2
41104,1
41105,1
41106,1
41107,3
41108,2
41109,3
41110,3
41111,2
41112,2
41113,0
41114,2
41115,2
41116,2
41117,2
41118,1
41119,1
41120,3
41121,0
41122,3
41123,3
41124,2
41125,3
41126,3
41127,1
41128,1
41129,1
41130,3
41131,1
41132,1
41133,3
41134,3
41135,1
41136,3
41137,0
41138,3
41139,1
41140,3
41141,2
41142,3
41143,3
41144,3
41145,2
41146,3
41147,2
41148,3
41149,3
41150,3
41151,3
41152,3
41153,3
41154,3
41155,3
41156,3
41157,3
41158,3
41159,3
41160,2
41161,1
41162,3
41163,3
41164,3
41165,1
41166,3
41167,3
41168,3
41169,3
41170,3
41171,3
41172,3
41173,3
41174,3
41175,3
41176,3
41177,3
41178,3
41179,3
41180,3
41181,3
41182,3
41183,3
41184,3
41185,1
41186,1
41187,3
41188,1
41189,3
41190,3
41191,3
41192,3
41193,1
41194,3
41195,3
41196,3
41197,3
41198,1
41199,3
41200,0
41201,3
41202,1
41203,3
41204,3
41205,1
41206,0
41207,1
41208,3
41209,1
41210,1
41211,1
41212,3
41213,3
41214,3
41215,3
41216,1
41217,1
41218,1
41219,1
41220,1
41221,3
41222,1
41223,2
41224,3
41225,3
41226,3
41227,3
41228,3
41229,3
41230,3
41231,3
41232,3
41233,3
41234,2
41235,2
41236,2
41237,2
41238,2
41239,2
41240,3
41241,2
41242,3
41243,3
41244,3
41245,2
41246,3
41247,3
41248,3
41249,2
41250,2
41251,2
41252,2
41253,2
41254,0
41255,2
41256,2
41257,2
41258,2
41259,3
41260,3
41261,3
41262,3
41263,3
41264,3
41265,1
41266,3
41267,3
41268,1
41269,1
41270,3
41271,3
41272,3
41273,2
41274,2
41275,1
41276,2
41277,2
41278,2
41279,2
41280,2
41281,3
41282,2
41283,2
41284,3
41285,2
41286,3
41287,2
41288,3
41289,2
41290,2
41291,3
41292,2
41293,3
41294,2
41295,3
41296,3
41297,2
41298,2
41299,2
41300,3
41301,3
41302,3
41303,3
41304,3
41305,3
41306,3
41307,3
41308,3
41309,1
41310,3
41311,3
41312,3
41313,3
41314,1
41315,3
41316,3
41317,3
41318,3
41319,3
41320,3
41321,1
41322,1
41323,3
41324,3
41325,3
41326,2
41327,3
41328,3
41329,3
41330,3
41331,3
41332,3
41333,3
41334,1
41335,3
41336,3
41337,3
41338,3
41339,3
41340,3
41341,3
41342,2
41343,3
41344,2
41345,3
41346,3
41347,3
41348,3
41349,3
41350,3
41351,3
41352,3
41353,3
41354,3
41355,2
41356,3
41357,3
41358,3
41359,3
41360,2
41361,2
41362,2
41363,2
41364,2
41365,2
41366,3
41367,0
41368,2
41369,2
41370,2
41371,2
41372,2
41373,2
41374,2
41375,3
41376,3
41377,1
41378,1
41379,3
41380,3
41381,3
41382,3
41383,3
41384,3
41385,2
41386,2
41387,2
41388,3
41389,3
41390,0
41391,2
41392,3
41393,2
41394,1
41395,0
41396,0
41397,0
41398,0
41399,0
41400,2
41401,3
41402,3
41403,1
41404,0
41405,1
41406,3
41407,1
41408,3
41409,2
41410,2
41411,2
41412,3
41413,2
41414,0
41415,2
41416,0
41417,0
41418,1
41419,0
41420,0
41421,0
41422,0
41423,2
41424,2
41425,2
41426,0
41427,0
41428,1
41429,2
41430,0
41431,3
41432,3
41433,0
41434,0
41435,2
41436,3
41437,3
41438,3
41439,1
41440,1
41441,1
41442,0
41443,0
41444,0
41445,1
41446,1
41447,1
41448,1
41449,0
41450,2
41451,0
41452,0
41453,0
41454,0
41455,0
41456,3
41457,0
41458,2
41459,3
41460,2
41461,2
41462,3
41463,3
41464,2
41465,2
41466,2
41467,2
41468,3
41469,3
41470,3
41471,3
41472,2
41473,3
41474,3
41475,3
41476,3
41477,3
41478,3
41479,1
41480,1
41481,3
41482,3
41483,1
41484,2
41485,1
41486,1
41487,3
41488,3
41489,2
41490,2
41491,3
41492,1
41493,2
41494,1
41495,1
41496,1
41497,1
41498,3
41499,1
41500,1
41501,1
41502,1
41503,1
41504,3
41505,3
41506,2
41507,2
41508,3
41509,3
41510,3
41511,3
41512,2
41513,0
41514,3
41515,1
41516,0
41517,1
41518,1
41519,1
41520,1
41521,1
41522,1
41523,3
41524,1
41525,3
41526,3
41527,2
41528,0
41529,0
41530,1
41531,3
41532,0
41533,3
41534,3
41535,1
41536,3
41537,1
41538,1
41539,1
41540,1
41541,3
41542,3
41543,1
41544,1
41545,1
41546,1
41547,1
41548,3
41549,3
41550,1
41551,1
41552,2
41553,2
41554,2
41555,3
41556,2
41557,2
41558,3
41559,2
41560,2
41561,1
41562,3
41563,3
41564,2
41565,2
41566,2
41567,2
41568,2
41569,3
41570,3
41571,2
41572,3
41573,3
41574,2
41575,2
41576,2
41577,2
41578,2
41579,0
41580,2
41581,2
41582,2
41583,0
41584,2
41585,0
41586,2
41587,2
41588,1
41589,3
41590,1
41591,1
41592,1
41593,2
41594,1
41595,3
41596,3
41597,3
41598,3
41599,1
41600,0
41601,2
41602,2
41603,2
41604,2
41605,2
41606,2
41607,3
41608,2
41609,2
41610,2
41611,3
41612,3
41613,3
41614,2
41615,2
41616,2
41617,2
41618,2
41619,3
41620,0
41621,3
41622,2
41623,2
41624,2
41625,2
41626,2
41627,3
41628,2
41629,0
41630,1
41631,1
41632,1
41633,1
41634,3
41635,3
41636,3
41637,1
41638,0
41639,0
41640,1
41641,3
41642,3
41643,1
41644,1
41645,3
41646,1
41647,1
41648,3
41649,0
41650,3
41651,1
41652,1
41653,1
41654,1
41655,3
41656,3
41657,3
41658,2
41659,1
41660,0
41661,1
41662,1
41663,3
41664,3
41665,1
41666,1
41667,1
41668,3
41669,3
41670,1
41671,1
41672,1
41673,3
41674,3
41675,3
41676,3
41677,3
41678,1
41679,3
41680,0
41681,3
41682,1
41683,0
41684,0
41685,3
41686,3
41687,0
41688,1
41689,0
41690,0
41691,0
41692,3
41693,3
41694,1
41695,3
41696,1
41697,1
41698,3
41699,3
41700,0
41701,0
41702,0
41703,3
41704,3
41705,3
41706,3
41707,3
41708,3
41709,3
41710,3
41711,3
41712,3
41713,1
41714,3
41715,3
41716,3
41717,3
41718,3
41719,3
41720,3
41721,3
41722,3
41723,3
41724,3
41725,3
41726,3
41727,3
41728,3
41729,3
41730,3
41731,3
41732,1
41733,3
41734,3
41735,3
41736,3
41737,3
41738,1
41739,3
41740,0
41741,1
41742,3
41743,1
41744,3
41745,3
41746,3
41747,3
41748,3
41749,1
41750,1
41751,1
41752,3
41753,3
41754,1
41755,1
41756,1
41757,3
41758,3
41759,3
41760,1
41761,3
41762,3
41763,3
41764,3
41765,1
41766,0
41767,1
41768,3
41769,3
41770,1
41771,1
41772,3
41773,3
41774,3
41775,3
41776,3
41777,1
41778,1
41779,0
41780,3
41781,1
41782,1
41783,1
41784,1
41785,1
41786,1
41787,0
41788,3
41789,3
41790,0
41791,0
41792,3
41793,3
41794,3
41795,3
41796,2
41797,3
41798,3
41799,3
41800,3
41801,2
41802,3
41803,3
41804,1
41805,1
41806,3
41807,0
41808,3
41809,2
41810,3
41811,3
41812,3
41813,3
41814,2
41815,1
41816,1
41817,3
41818,3
41819,0
41820,2
41821,0
41822,3
41823,3
41824,3
41825,2
41826,2
41827,3
41828,3
41829,2
41830,3
41831,3
41832,3
41833,3
41834,3
41835,3
41836,1
41837,3
41838,3
41839,3
41840,3
41841,3
41842,3
41843,0
41844,0
41845,0
41846,0
41847,2
41848,1
41849,3
41850,1
41851,1
41852,3
41853,3
41854,3
41855,3
41856,2
41857,3
41858,3
41859,3
41860,3
41861,3
41862,3
41863,3
41864,1
41865,0
41866,3
41867,3
41868,3
41869,3
41870,0
41871,1
41872,1
41873,3
41874,3
41875,3
41876,1
41877,1
41878,3
41879,3
41880,1
41881,3
41882,3
41883,1
41884,0
41885,3
41886,2
41887,0
41888,2
41889,2
41890,2
41891,2
41892,3
41893,0
41894,0
41895,3
41896,0
41897,1
41898,3
41899,1
41900,1
41901,3
41902,3
41903,0
41904,0
41905,3
41906,1
41907,1
41908,0
41909,0
41910,3
41911,3
41912,3
41913,1
41914,1
41915,3
41916,1
41917,1
41918,3
41919,1
41920,1
41921,3
41922,3
41923,3
41924,3
41925,2
41926,3
41927,2
41928,3
41929,3
41930,3
41931,3
41932,3
41933,3
41934,3
41935,2
41936,0
41937,0
41938,3
41939,2
41940,0
41941,3
41942,2
41943,0
41944,2
41945,3
41946,0
41947,3
41948,2
41949,1
41950,1
41951,3
41952,3
41953,1
41954,3
41955,1
41956,1
41957,1
41958,0
41959,0
41960,3
41961,0
41962,1
41963,2
41964,1
41965,1
41966,1
41967,1
41968,1
41969,0
41970,0
41971,0
41972,0
41973,3
41974,3
41975,0
41976,2
41977,0
41978,3
41979,0
41980,1
41981,1
41982,0
41983,1
41984,3
41985,0
41986,0
41987,0
41988,0
41989,3
41990,0
41991,1
41992,3
41993,3
41994,3
41995,3
41996,1
41997,1
41998,1
41999,1
42000,3
42001,1
42002,1
42003,0
42004,0
42005,3
42006,3
42007,3
42008,3
42009,3
42010,3
42011,3
42012,3
42013,3
42014,3
42015,3
42016,3
42017,2
42018,3
42019,2
42020,0
42021,3
42022,0
42023,0
42024,0
42025,1
42026,3
42027,3
42028,3
42029,3
42030,0
42031,1
42032,3
42033,3
42034,3
42035,3
42036,3
42037,1
42038,3
42039,1
42040,1
42041,0
42042,3
42043,1
42044,1
42045,0
42046,0
42047,0
42048,0
42049,0
42050,0
42051,2
42052,2
42053,3
42054,3
42055,1
42056,1
42057,1
42058,3
42059,0
42060,3
42061,0
42062,0
42063,0
42064,0
42065,0
42066,0
42067,0
42068,0
42069,1
42070,3
42071,3
42072,0
42073,0
42074,0
42075,0
42076,2
42077,2
42078,0
42079,2
42080,2
42081,2
42082,2
42083,2
42084,2
42085,2
42086,0
42087,2
42088,2
42089,2
42090,2
42091,2
42092,2
42093,2
42094,3
42095,2
42096,3
42097,3
42098,3
42099,2
42100,2
42101,2
42102,2
42103,3
42104,3
42105,2
42106,3
42107,2
42108,2
42109,2
42110,2
42111,2
42112,2
42113,2
42114,2
42115,2
42116,3
42117,3
42118,2
42119,3
42120,0
42121,3
42122,3
42123,1
42124,1
42125,1
42126,1
42127,0
42128,2
42129,0
42130,2
42131,0
42132,0
42133,0
42134,0
42135,0
42136,0
42137,3
42138,2
42139,2
42140,0
42141,2
42142,2
42143,3
42144,2
42145,0
42146,0
42147,2
42148,2
42149,0
42150,3
42151,2
42152,2
42153,2
42154,0
42155,3
42156,3
42157,1
42158,2
42159,0
42160,2
42161,0
42162,3
42163,3
42164,3
42165,1
42166,1
42167,3
42168,3
42169,3
42170,3
42171,2
42172,2
42173,2
42174,2
42175,2
42176,2
42177,2
42178,2
42179,3
42180,2
42181,2
42182,2
42183,3
42184,1
42185,3
42186,2
42187,2
42188,3
42189,0
42190,0
42191,3
42192,2
42193,3
42194,2
42195,2
42196,3
42197,1
42198,3
42199,3
42200,1
42201,3
42202,3
42203,3
42204,3
42205,1
42206,1
42207,1
42208,3
42209,2
42210,3
42211,3
42212,0
42213,0
42214,3
42215,2
42216,3
42217,3
42218,2
42219,0
42220,0
42221,1
42222,1
42223,1
42224,0
42225,0
42226,0
42227,2
42228,2
42229,2
42230,3
42231,3
42232,3
42233,1
42234,1
42235,1
42236,1
42237,3
42238,1
42239,1
42240,0
42241,3
42242,0
42243,3
42244,0
42245,3
42246,3
42247,0
42248,0
42249,3
42250,3
42251,3
42252,3
42253,3
42254,1
42255,3
42256,3
42257,3
42258,3
42259,3
42260,2
42261,3
42262,3
42263,3
42264,0
42265,3
42266,3
42267,3
42268,1
42269,3
42270,0
42271,0
42272,0
42273,3
42274,1
42275,0
42276,3
42277,1
42278,3
42279,3
42280,2
42281,3
42282,3
42283,0
42284,0
42285,0
42286,0
42287,2
42288,0
42289,1
42290,0
42291,0
42292,0
42293,0
42294,3
42295,3
42296,3
42297,0
42298,0
42299,3
42300,0
42301,0
42302,3
42303,0
42304,3
42305,3
42306,2
42307,3
42308,0
42309,1
42310,1
42311,3
42312,1
42313,1
42314,3
42315,0
42316,0
42317,3
42318,3
42319,2
42320,3
42321,2
42322,3
42323,2
42324,2
42325,2
42326,0
42327,0
42328,3
42329,0
42330,0
42331,0
42332,2
42333,0
42334,3
42335,0
42336,0
42337,0
42338,0
42339,0
42340,0
42341,0
42342,0
42343,0
42344,2
42345,3
42346,1
42347,3
42348,2
42349,0
42350,0
42351,1
42352,0
42353,0
42354,0
42355,0
42356,0
42357,0
42358,2
42359,0
42360,3
42361,0
42362,0
42363,0
42364,0
42365,0
42366,0
42367,0
42368,0
42369,0
42370,0
42371,0
42372,3
42373,3
42374,3
42375,1
42376,1
42377,1
42378,1
42379,1
42380,1
42381,1
42382,0
42383,0
42384,1
42385,0
42386,0
42387,0
42388,0
42389,0
42390,2
42391,0
42392,0
42393,2
42394,2
42395,0
42396,3
42397,0
42398,3
42399,0
42400,3
42401,0
42402,0
42403,0
42404,2
42405,3
42406,3
42407,1
42408,2
42409,1
42410,1
42411,1
42412,3
42413,2
42414,3
42415,2
42416,3
42417,2
42418,2
42419,2
42420,3
42421,3
42422,2
42423,1
42424,1
42425,1
42426,1
42427,2
42428,3
42429,2
42430,3
42431,3
42432,3
42433,1
42434,3
42435,3
42436,0
42437,0
42438,2
42439,0
42440,2
42441,2
42442,0
42443,0
42444,0
42445,0
42446,0
42447,0
42448,3
42449,2
42450,3
42451,3
42452,0
42453,0
42454,2
42455,2
42456,0
42457,0
42458,0
42459,0
42460,0
42461,3
42462,0
42463,2
42464,3
42465,3
42466,3
42467,3
42468,3
42469,3
42470,3
42471,3
42472,3
42473,3
42474,3
42475,3
42476,3
42477,3
42478,3
42479,3
42480,3
42481,2
42482,3
42483,2
42484,1
42485,3
42486,3
42487,3
42488,2
42489,2
42490,2
42491,2
42492,2
42493,0
42494,1
42495,3
42496,3
42497,3
42498,3
42499,0
42500,3
42501,3
42502,3
42503,3
42504,3
42505,3
42506,3
42507,3
42508,2
42509,3
42510,3
42511,1
42512,1
42513,1
42514,3
42515,2
42516,3
42517,3
42518,3
42519,3
42520,3
42521,3
42522,3
42523,3
42524,0
42525,2
42526,1
42527,0
42528,2
42529,0
42530,2
42531,3
42532,0
42533,3
42534,3
42535,1
42536,1
42537,3
42538,3
42539,3
42540,3
42541,3
42542,3
42543,3
42544,3
42545,3
42546,3
42547,3
42548,3
42549,3
42550,3
42551,3
42552,3
42553,3
42554,3
42555,3
42556,2
42557,3
42558,3
42559,1
42560,3
42561,3
42562,3
42563,3
42564,3
42565,3
42566,3
42567,3
42568,3
42569,3
42570,3
42571,2
42572,3
42573,3
42574,1
42575,1
42576,2
42577,3
42578,3
42579,3
42580,1
42581,0
42582,2
42583,2
42584,2
42585,0
42586,0
42587,3
42588,2
42589,1
42590,2
42591,3
42592,2
42593,2
42594,2
42595,2
42596,2
42597,2
42598,3
42599,2
42600,2
42601,3
42602,3
42603,2
42604,3
42605,2
42606,1
42607,3
42608,3
42609,2
42610,2
42611,2
42612,1
42613,2
42614,2
42615,2
42616,2
42617,2
42618,2
42619,2
42620,2
42621,3
42622,2
42623,2
42624,2
42625,3
42626,0
42627,0
42628,2
42629,2
42630,2
42631,0
42632,0
42633,0
42634,0
42635,2
42636,2
42637,0
42638,3
42639,3
42640,3
42641,3
42642,3
42643,0
42644,0
42645,0
42646,2
42647,0
42648,3
42649,2
42650,2
42651,2
42652,3
42653,2
42654,2
42655,2
42656,0
42657,0
42658,0
42659,3
42660,0
42661,3
42662,3
42663,3
42664,1
42665,0
42666,3
42667,0
42668,3
42669,0
42670,1
42671,0
42672,2
42673,0
42674,3
42675,3
42676,3
42677,0
42678,0
42679,3
42680,0
42681,3
42682,1
42683,1
42684,0
42685,0
42686,0
42687,3
42688,3
42689,3
42690,3
42691,3
42692,3
42693,3
42694,3
42695,3
42696,3
42697,3
42698,0
42699,3
42700,2
42701,2
42702,0
42703,0
42704,0
42705,0
42706,1
42707,1
42708,3
42709,0
42710,0
42711,3
42712,3
42713,1
42714,1
42715,0
42716,3
42717,2
42718,3
42719,3
42720,3
42721,3
42722,0
42723,0
42724,0
42725,2
42726,3
42727,2
42728,2
42729,2
42730,0
42731,3
42732,1
42733,1
42734,2
42735,3
42736,3
42737,3
42738,2
42739,3
42740,3
42741,2
42742,3
42743,3
42744,3
42745,2
42746,2
42747,3
42748,3
42749,3
42750,3
42751,2
42752,1
42753,3
42754,3
42755,3
42756,3
42757,3
42758,3
42759,3
42760,2
42761,2
42762,3
42763,0
42764,1
42765,0
42766,0
42767,3
42768,0
42769,0
42770,0
42771,0
42772,0
42773,2
42774,0
42775,3
42776,3
42777,1
42778,0
42779,0
42780,0
42781,3
42782,3
42783,0
42784,1
42785,0
42786,0
42787,0
42788,1
42789,3
42790,0
42791,0
42792,0
42793,2
42794,3
42795,0
42796,0
42797,3
42798,3
42799,1
42800,3
42801,0
42802,0
42803,0
42804,2
42805,0
42806,2
42807,2
42808,2
42809,3
42810,3
42811,2
42812,2
42813,2
42814,2
42815,2
42816,2
42817,2
42818,2
42819,3
42820,2
42821,3
42822,2
42823,2
42824,3
42825,2
42826,2
42827,2
42828,2
42829,2
42830,2
42831,2
42832,3
42833,1
42834,3
42835,3
42836,3
42837,2
42838,2
42839,2
42840,2
42841,3
42842,3
42843,3
42844,3
42845,2
42846,2
42847,3
42848,0
42849,0
42850,3
42851,2
42852,3
42853,0
42854,2
42855,0
42856,0
42857,0
42858,0
42859,0
42860,0
42861,0
42862,0
42863,0
42864,0
42865,0
42866,3
42867,2
42868,2
42869,2
42870,0
42871,0
42872,3
42873,0
42874,0
42875,2
42876,0
42877,0
42878,0
42879,2
42880,0
42881,0
42882,0
42883,0
42884,3
42885,3
42886,2
42887,0
42888,3
42889,2
42890,3
42891,3
42892,1
42893,0
42894,3
42895,2
42896,2
42897,0
42898,1
42899,2
42900,3
42901,3
42902,3
42903,3
42904,2
42905,2
42906,2
42907,3
42908,2
42909,2
42910,2
42911,2
42912,3
42913,2
42914,2
42915,2
42916,3
42917,3
42918,2
42919,2
42920,2
42921,2
42922,2
42923,3
42924,3
42925,3
42926,2
42927,1
42928,1
42929,3
42930,1
42931,3
42932,3
42933,2
42934,2
42935,2
42936,2
42937,2
42938,2
42939,3
42940,2
42941,2
42942,2
42943,1
42944,3
42945,2
42946,3
42947,2
42948,3
42949,3
42950,3
42951,3
42952,3
42953,2
42954,3
42955,3
42956,2
42957,1
42958,2
42959,2
42960,1
42961,2
42962,3
42963,1
42964,0
42965,2
42966,2
42967,3
42968,2
42969,3
42970,1
42971,2
42972,2
42973,3
42974,2
42975,3
42976,2
42977,0
42978,1
42979,2
42980,0
42981,3
42982,3
42983,2
42984,2
42985,3
42986,3
42987,3
42988,3
42989,2
42990,2
42991,3
42992,0
42993,2
42994,3
42995,3
42996,3
42997,3
42998,2
42999,3
43000,2
43001,2
43002,3
43003,3
43004,2
43005,2
43006,0
43007,1
43008,1
43009,3
43010,3
43011,3
43012,3
43013,3
43014,3
43015,3
43016,3
43017,3
43018,3
43019,3
43020,0
43021,0
43022,3
43023,2
43024,3
43025,1
43026,3
43027,2
43028,3
43029,2
43030,3
43031,3
43032,3
43033,0
43034,3
43035,1
43036,3
43037,2
43038,2
43039,3
43040,3
43041,3
43042,2
43043,3
43044,0
43045,0
43046,0
43047,1
43048,2
43049,2
43050,0
43051,2
43052,2
43053,3
43054,2
43055,2
43056,3
43057,2
43058,2
43059,3
43060,2
43061,2
43062,2
43063,2
43064,3
43065,3
43066,3
43067,1
43068,3
43069,2
43070,2
43071,2
43072,2
43073,2
43074,2
43075,2
43076,2
43077,2
43078,2
43079,2
43080,2
43081,2
43082,2
43083,2
43084,3
43085,2
43086,3
43087,2
43088,2
43089,2
43090,2
43091,3
43092,3
43093,3
43094,2
43095,1
43096,2
43097,3
43098,2
43099,2
43100,2
43101,2
43102,3
43103,3
43104,2
43105,0
43106,1
43107,1
43108,1
43109,2
43110,2
43111,2
43112,3
43113,2
43114,3
43115,2
43116,2
43117,3
43118,3
43119,1
43120,3
43121,3
43122,3
43123,1
43124,3
43125,2
43126,3
43127,0
43128,0
43129,2
43130,1
43131,1
43132,1
43133,3
43134,3
43135,3
43136,3
43137,3
43138,3
43139,3
43140,2
43141,2
43142,3
43143,3
43144,3
43145,2
43146,2
43147,3
43148,2
43149,2
43150,2
43151,3
43152,3
43153,1
43154,3
43155,2
43156,2
43157,1
43158,2
43159,2
43160,3
43161,2
43162,2
43163,2
43164,3
43165,2
43166,3
43167,3
43168,2
43169,2
43170,3
43171,2
43172,3
43173,3
43174,2
43175,3
43176,3
43177,3
43178,3
43179,3
43180,3
43181,3
43182,3
43183,1
43184,3
43185,2
43186,2
43187,3
43188,2
43189,3
43190,2
43191,3
43192,2
43193,2
43194,3
43195,0
43196,2
43197,0
43198,0
43199,3
43200,3
43201,1
43202,3
43203,2
43204,3
43205,3
43206,2
43207,3
43208,0
43209,3
43210,2
43211,2
43212,2
43213,3
43214,2
43215,3
43216,3
43217,2
43218,2
43219,1
43220,2
43221,3
43222,1
43223,2
43224,2
43225,3
43226,1
43227,1
43228,2
43229,2
43230,3
43231,3
43232,1
43233,3
43234,3
43235,3
43236,2
43237,3
43238,3
43239,3
43240,1
43241,1
43242,3
43243,3
43244,3
43245,3
43246,3
43247,2
43248,2
43249,3
43250,3
43251,3
43252,2
43253,2
43254,2
43255,3
43256,2
43257,2
43258,2
43259,3
43260,3
43261,3
43262,3
43263,3
43264,3
43265,3
43266,3
43267,3
43268,1
43269,3
43270,3
43271,1
43272,3
43273,3
43274,3
43275,3
43276,3
43277,3
43278,3
43279,1
43280,2
43281,3
43282,3
43283,3
43284,3
43285,2
43286,1
43287,3
43288,3
43289,3
43290,3
43291,3
43292,3
43293,3
43294,1
43295,3
43296,3
43297,3
43298,3
43299,2
43300,2
43301,2
43302,2
43303,3
43304,3
43305,3
43306,2
43307,3
43308,2
43309,3
43310,3
43311,3
43312,1
43313,0
43314,2
43315,3
43316,3
43317,3
43318,2
43319,2
43320,3
43321,2
43322,2
43323,2
43324,2
43325,2
43326,3
43327,1
43328,3
43329,1
43330,1
43331,3
43332,1
43333,3
43334,3
43335,3
43336,3
43337,3
43338,3
43339,3
43340,3
43341,3
43342,3
43343,3
43344,3
43345,1
43346,3
43347,0
43348,3
43349,3
43350,2
43351,2
43352,3
43353,2
43354,3
43355,3
43356,3
43357,3
43358,3
43359,3
43360,3
43361,3
43362,3
43363,3
43364,3
43365,2
43366,3
43367,2
43368,3
43369,1
43370,2
43371,3
43372,2
43373,2
43374,2
43375,3
43376,2
43377,2
43378,3
43379,3
43380,3
43381,3
43382,1
43383,3
43384,3
43385,3
43386,3
43387,3
43388,3
43389,3
43390,3
43391,3
43392,3
43393,2
43394,2
43395,2
43396,2
43397,2
43398,3
43399,3
43400,3
43401,3
43402,3
43403,1
43404,2
43405,3
43406,3
43407,2
43408,2
43409,3
43410,1
43411,1
43412,3
43413,3
43414,3
43415,3
43416,1
43417,1
43418,3
43419,3
43420,2
43421,3
43422,1
43423,3
43424,1
43425,2
43426,3
43427,1
43428,1
43429,3
43430,3
43431,3
43432,2
43433,1
43434,3
43435,1
43436,3
43437,0
43438,3
43439,3
43440,3
43441,3
43442,2
43443,2
43444,3
43445,0
43446,3
43447,2
43448,2
43449,2
43450,2
43451,3
43452,2
43453,1
43454,1
43455,1
43456,1
43457,3
43458,3
43459,3
43460,0
43461,3
43462,0
43463,3
43464,3
43465,3
43466,3
43467,3
43468,3
43469,3
43470,3
43471,3
43472,3
43473,3
43474,3
43475,2
43476,1
43477,0
43478,0
43479,0
43480,2
43481,1
43482,3
43483,1
43484,3
43485,2
43486,3
43487,3
43488,1
43489,2
43490,2
43491,1
43492,2
43493,2
43494,2
43495,3
43496,1
43497,3
43498,3
43499,3
43500,2
43501,2
43502,2
43503,2
43504,2
43505,2
43506,2
43507,2
43508,2
43509,2
43510,0
43511,3
43512,3
43513,3
43514,3
43515,1
43516,1
43517,3
43518,3
43519,3
43520,1
43521,2
43522,2
43523,2
43524,1
43525,3
43526,3
43527,3
43528,3
43529,2
43530,3
43531,1
43532,2
43533,2
43534,2
43535,2
43536,2
43537,1
43538,3
43539,0
43540,1
43541,3
43542,3
43543,3
43544,3
43545,3
43546,3
43547,3
43548,3
43549,3
43550,1
43551,3
43552,3
43553,3
43554,3
43555,0
43556,2
43557,3
43558,3
43559,3
43560,3
43561,2
43562,3
43563,2
43564,3
43565,3
43566,2
43567,2
43568,3
43569,3
43570,3
43571,1
43572,3
43573,3
43574,1
43575,2
43576,3
43577,3
43578,1
43579,2
43580,2
43581,3
43582,2
43583,2
43584,2
43585,2
43586,2
43587,3
43588,3
43589,1
43590,3
43591,2
43592,2
43593,1
43594,3
43595,1
43596,2
43597,1
43598,3
43599,1
43600,3
43601,3
43602,1
43603,2
43604,3
43605,2
43606,3
43607,3
43608,2
43609,3
43610,3
43611,4
43612,3
43613,2
43614,1
43615,2
43616,2
43617,2
43618,1
43619,0
43620,2
43621,3
43622,2
43623,2
43624,2
43625,2
43626,2
43627,2
43628,2
43629,2
43630,2
43631,2
43632,2
43633,3
43634,0
43635,3
43636,2
43637,3
43638,3
43639,3
43640,3
43641,3
43642,3
43643,3
43644,1
43645,1
43646,3
43647,2
43648,2
43649,2
43650,2
43651,2
43652,2
43653,3
43654,0
43655,3
43656,0
43657,0
43658,0
43659,0
43660,2
43661,3
43662,3
43663,3
43664,3
43665,1
43666,3
43667,3
43668,3
43669,0
43670,1
43671,3
43672,3
43673,3
43674,2
43675,3
43676,2
43677,2
43678,2
43679,2
43680,3
43681,2
43682,2
43683,2
43684,3
43685,2
43686,2
43687,3
43688,2
43689,2
43690,3
43691,1
43692,3
43693,3
43694,3
43695,3
43696,2
43697,2
43698,2
43699,2
43700,2
43701,2
43702,2
43703,2
43704,2
43705,2
43706,3
43707,3
43708,3
43709,3
43710,2
43711,3
43712,3
43713,3
43714,1
43715,3
43716,2
43717,1
43718,1
43719,3
43720,2
43721,2
43722,2
43723,2
43724,2
43725,2
43726,2
43727,2
43728,2
43729,2
43730,2
43731,2
43732,2
43733,1
43734,3
43735,3
43736,3
43737,3
43738,3
43739,3
43740,3
43741,0
43742,2
43743,3
43744,3
43745,3
43746,3
43747,3
43748,3
43749,3
43750,3
43751,3
43752,3
43753,3
43754,3
43755,3
43756,3
43757,0
43758,3
43759,3
43760,3
43761,2
43762,3
43763,3
43764,3
43765,3
43766,3
43767,3
43768,3
43769,3
43770,2
43771,3
43772,3
43773,3
43774,3
43775,3
43776,3
43777,3
43778,3
43779,2
43780,3
43781,3
43782,3
43783,3
43784,3
43785,3
43786,3
43787,3
43788,2
43789,3
43790,3
43791,3
43792,3
43793,3
43794,3
43795,3
43796,3
43797,3
43798,3
43799,3
43800,3
43801,3
43802,3
43803,3
43804,3
43805,3
43806,3
43807,2
43808,2
43809,2
43810,3
43811,2
43812,2
43813,2
43814,2
43815,2
43816,3
43817,2
43818,2
43819,3
43820,3
43821,3
43822,2
43823,3
43824,3
43825,3
43826,2
43827,3
43828,2
43829,3
43830,2
43831,2
43832,3
43833,2
43834,2
43835,3
43836,3
43837,3
43838,3
43839,3
43840,3
43841,3
43842,3
43843,3
43844,3
43845,3
43846,3
43847,3
43848,3
43849,3
43850,3
43851,3
43852,3
43853,3
43854,2
43855,3
43856,3
43857,3
43858,3
43859,2
43860,2
43861,2
43862,3
43863,2
43864,3
43865,3
43866,3
43867,3
43868,3
43869,3
43870,3
43871,3
43872,0
43873,2
43874,3
43875,2
43876,2
43877,2
43878,2
43879,2
43880,2
43881,2
43882,3
43883,3
43884,2
43885,3
43886,3
43887,3
43888,2
43889,3
43890,3
43891,2
43892,3
43893,3
43894,2
43895,2
43896,2
43897,2
43898,2
43899,2
43900,3
43901,2
43902,2
43903,2
43904,0
43905,3
43906,3
43907,3
43908,3
43909,2
43910,2
43911,2
43912,3
43913,2
43914,3
43915,3
43916,3
43917,3
43918,3
43919,3
43920,3
43921,3
43922,3
43923,3
43924,3
43925,3
43926,2
43927,3
43928,3
43929,3
43930,3
43931,3
43932,3
43933,3
43934,3
43935,3
43936,3
43937,3
43938,2
43939,3
43940,3
43941,3
43942,2
43943,2
43944,2
43945,0
43946,3
43947,2
43948,2
43949,3
43950,2
43951,3
43952,0
43953,0
43954,2
43955,2
43956,2
43957,2
43958,2
43959,2
43960,3
43961,3
43962,3
43963,2
43964,3
43965,3
43966,3
43967,3
43968,3
43969,3
43970,3
43971,3
43972,3
43973,2
43974,2
43975,3
43976,3
43977,2
43978,2
43979,3
43980,3
43981,3
43982,3
43983,3
43984,3
43985,3
43986,3
43987,3
43988,3
43989,3
43990,2
43991,3
43992,3
43993,2
43994,3
43995,2
43996,2
43997,3
43998,2
43999,3
44000,3
44001,3
44002,3
44003,3
44004,0
44005,2
44006,3
44007,3
44008,2
44009,3
44010,2
44011,0
44012,3
44013,0
44014,3
44015,3
44016,3
44017,2
44018,3
44019,0
44020,3
44021,2
44022,2
44023,2
44024,2
44025,2
44026,3
44027,2
44028,2
44029,2
44030,2
44031,2
44032,2
44033,2
44034,3
44035,2
44036,2
44037,2
44038,2
44039,2
44040,2
44041,3
44042,3
44043,2
44044,2
44045,2
44046,2
44047,2
44048,3
44049,0
44050,3
44051,3
44052,3
44053,3
44054,2
44055,2
44056,2
44057,2
44058,2
44059,3
44060,2
44061,2
44062,2
44063,2
44064,2
44065,2
44066,2
44067,2
44068,2
44069,2
44070,2
44071,2
44072,2
44073,2
44074,2
44075,2
44076,2
44077,2
44078,2
44079,2
44080,2
44081,3
44082,3
44083,2
44084,3
44085,0
44086,2
44087,2
44088,2
44089,2
44090,3
44091,3
44092,2
44093,2
44094,2
44095,2
44096,2
44097,3
44098,3
44099,3
44100,3
44101,3
44102,3
44103,1
44104,2
44105,3
44106,3
44107,3
44108,2
44109,3
44110,3
44111,3
44112,3
44113,3
44114,3
44115,3
44116,3
44117,3
44118,3
44119,2
44120,3
44121,2
44122,2
44123,2
44124,2
44125,2
44126,2
44127,2
44128,2
44129,3
44130,2
44131,2
44132,2
44133,2
44134,2
44135,3
44136,2
44137,2
44138,2
44139,2
44140,2
44141,3
44142,3
44143,2
44144,3
44145,2
44146,2
44147,2
44148,3
44149,3
44150,3
44151,3
44152,3
44153,2
44154,3
44155,3
44156,1
44157,2
44158,2
44159,2
44160,3
44161,2
44162,2
44163,2
44164,2
44165,2
44166,2
44167,3
44168,3
44169,3
44170,2
44171,2
44172,2
44173,3
44174,3
44175,3
44176,2
44177,2
44178,2
44179,2
44180,2
44181,2
44182,2
44183,3
44184,3
44185,3
44186,3
44187,2
44188,2
44189,2
44190,3
44191,3
44192,3
44193,2
44194,3
44195,3
44196,3
44197,3
44198,3
44199,3
44200,3
44201,3
44202,3
44203,3
44204,3
44205,3
44206,3
44207,3
44208,3
44209,0
44210,2
44211,2
44212,2
44213,2
44214,2
44215,2
44216,2
44217,2
44218,2
44219,2
44220,2
44221,3
44222,3
44223,2
44224,2
44225,3
44226,2
44227,2
44228,2
44229,2
44230,2
44231,2
44232,3
44233,3
44234,3
44235,3
44236,3
44237,2
44238,2
44239,2
44240,2
44241,2
44242,2
44243,2
44244,2
44245,2
44246,2
44247,2
44248,2
44249,2
44250,2
44251,2
44252,2
44253,2
44254,2
44255,3
44256,2
44257,3
44258,3
44259,3
44260,3
44261,3
44262,3
44263,3
44264,3
44265,3
44266,3
44267,2
44268,3
44269,3
44270,3
44271,2
44272,2
44273,2
44274,2
44275,3
44276,3
44277,3
44278,3
44279,2
44280,2
44281,3
44282,2
44283,2
44284,3
44285,3
44286,2
44287,2
44288,3
44289,2
44290,3
44291,2
44292,2
44293,2
44294,2
44295,2
44296,2
44297,2
44298,3
44299,2
44300,2
44301,2
44302,2
44303,3
44304,3
44305,3
44306,3
44307,3
44308,3
44309,3
44310,1
44311,3
44312,2
44313,3
44314,3
44315,2
44316,3
44317,3
44318,3
44319,3
44320,3
44321,1
44322,3
44323,2
44324,2
44325,2
44326,2
44327,2
44328,2
44329,2
44330,2
44331,2
44332,2
44333,2
44334,2
44335,2
44336,3
44337,2
44338,2
44339,3
44340,2
44341,3
44342,3
44343,3
44344,3
44345,3
44346,3
44347,2
44348,3
44349,3
44350,2
44351,3
44352,3
44353,2
44354,3
44355,3
44356,2
44357,2
44358,2
44359,2
44360,2
44361,2
44362,2
44363,2
44364,2
44365,2
44366,3
44367,2
44368,2
44369,2
44370,3
44371,3
44372,3
44373,3
44374,3
44375,3
44376,3
44377,3
44378,3
44379,3
44380,2
44381,2
44382,2
44383,3
44384,2
44385,3
44386,2
44387,3
44388,3
44389,2
44390,2
44391,2
44392,2
44393,2
44394,2
44395,3
44396,2
44397,3
44398,3
44399,2
44400,2
44401,2
44402,2
44403,2
44404,2
44405,3
44406,3
44407,2
44408,3
44409,2
44410,3
44411,2
44412,2
44413,2
44414,2
44415,3
44416,2
44417,3
44418,3
44419,3
44420,2
44421,3
44422,2
44423,3
44424,3
44425,3
44426,3
44427,3
44428,3
44429,3
44430,2
44431,3
44432,3
44433,3
44434,3
44435,2
44436,3
44437,2
44438,2
44439,3
44440,3
44441,2
44442,2
44443,3
44444,2
44445,2
44446,3
44447,3
44448,3
44449,3
44450,3
44451,3
44452,2
44453,2
44454,3
44455,3
44456,3
44457,3
44458,3
44459,2
44460,3
44461,3
44462,3
44463,3
44464,2
44465,2
44466,3
44467,3
44468,3
44469,3
44470,3
44471,3
44472,3
44473,3
44474,3
44475,2
44476,3
44477,1
44478,3
44479,2
44480,3
44481,3
44482,2
44483,3
44484,3
44485,3
44486,3
44487,3
44488,3
44489,3
44490,3
44491,3
44492,3
44493,3
44494,3
44495,3
44496,3
44497,3
44498,3
44499,3
44500,3
44501,2
44502,3
44503,3
44504,2
44505,3
44506,3
44507,3
44508,3
44509,2
44510,2
44511,3
44512,2
44513,2
44514,3
44515,2
44516,2
44517,3
44518,2
44519,2
44520,3
44521,3
44522,3
44523,2
44524,2
44525,3
44526,3
44527,1
44528,3
44529,2
44530,3
44531,3
44532,3
44533,3
44534,3
44535,3
44536,3
44537,3
44538,3
44539,3
44540,3
44541,2
44542,2
44543,2
44544,3
44545,2
44546,2
44547,2
44548,2
44549,3
44550,3
44551,3
44552,2
44553,3
44554,3
44555,3
44556,3
44557,3
44558,3
44559,3
44560,3
44561,3
44562,0
44563,3
44564,3
44565,3
44566,3
44567,3
44568,2
44569,3
44570,3
44571,2
44572,1
44573,3
44574,3
44575,3
44576,1
44577,3
44578,3
44579,2
44580,3
44581,3
44582,3
44583,3
44584,3
44585,3
44586,3
44587,2
44588,2
44589,3
44590,2
44591,3
44592,3
44593,3
44594,3
44595,3
44596,1
44597,2
44598,3
44599,2
44600,2
44601,3
44602,2
44603,2
44604,2
44605,2
44606,3
44607,3
44608,2
44609,2
44610,2
44611,2
44612,2
44613,2
44614,2
44615,2
44616,2
44617,2
44618,2
44619,2
44620,2
44621,2
44622,3
44623,2
44624,2
44625,2
44626,2
44627,2
44628,2
44629,2
44630,3
44631,2
44632,3
44633,2
44634,2
44635,2
44636,2
44637,2
44638,2
44639,2
44640,3
44641,3
44642,2
44643,2
44644,2
44645,2
44646,3
44647,2
44648,2
44649,2
44650,2
44651,2
44652,2
44653,2
44654,2
44655,3
44656,2
44657,2
44658,3
44659,3
44660,3
44661,3
44662,3
44663,2
44664,2
44665,2
44666,2
44667,2
44668,2
44669,2
44670,3
44671,3
44672,3
44673,3
44674,3
44675,3
44676,3
44677,3
44678,3
44679,3
44680,2
44681,2
44682,3
44683,3
44684,3
44685,3
44686,3
44687,3
44688,3
44689,3
44690,2
44691,2
44692,2
44693,2
44694,3
44695,2
44696,2
44697,0
44698,0
44699,2
44700,2
44701,3
44702,3
44703,3
44704,3
44705,2
44706,2
44707,3
44708,3
44709,3
44710,3
44711,0
44712,3
44713,3
44714,3
44715,3
44716,3
44717,3
44718,3
44719,3
44720,3
44721,3
44722,3
44723,3
44724,2
44725,3
44726,3
44727,3
44728,3
44729,3
44730,3
44731,3
44732,2
44733,2
44734,3
44735,3
44736,3
44737,3
44738,3
44739,2
44740,2
44741,2
44742,0
44743,3
44744,2
44745,2
44746,2
44747,2
44748,2
44749,3
44750,2
44751,2
44752,2
44753,2
44754,3
44755,3
44756,2
44757,2
44758,3
44759,3
44760,2
44761,2
44762,2
44763,2
44764,2
44765,2
44766,3
44767,3
44768,3
44769,2
44770,2
44771,2
44772,3
44773,2
44774,2
44775,3
44776,3
44777,3
44778,2
44779,2
44780,3
44781,3
44782,3
44783,3
44784,3
44785,3
44786,2
44787,3
44788,2
44789,3
44790,3
44791,2
44792,3
44793,0
44794,2
44795,3
44796,3
44797,3
44798,3
44799,3
44800,3
44801,2
44802,3
44803,2
44804,3
44805,3
44806,2
44807,3
44808,3
44809,2
44810,2
44811,3
44812,3
44813,3
44814,3
44815,3
44816,3
44817,3
44818,3
44819,3
44820,2
44821,2
44822,3
44823,3
44824,3
44825,2
44826,2
44827,3
44828,4
44829,3
44830,2
44831,2
44832,3
44833,2
44834,3
44835,3
44836,1
44837,1
44838,1
44839,1
44840,2
44841,2
44842,4
44843,2
44844,4
44845,3
44846,2
44847,2
44848,2
44849,3
44850,0
44851,2
44852,2
44853,1
44854,2
44855,3
44856,3
44857,2
44858,2
44859,3
44860,2
44861,2
44862,2
44863,2
44864,2
44865,3
44866,2
44867,3
44868,2
44869,2
44870,2
44871,3
44872,2
44873,2
44874,2
44875,2
44876,3
44877,2
44878,2
44879,3
44880,2
44881,3
44882,2
44883,2
44884,2
44885,3
44886,2
44887,3
44888,3
44889,3
44890,3
44891,3
44892,4
44893,3
44894,2
44895,3
44896,3
44897,2
44898,3
44899,3
44900,3
44901,2
44902,3
44903,2
44904,3
44905,3
44906,3
44907,4
44908,3
44909,3
44910,3
44911,4
44912,3
44913,3
44914,3
44915,3
44916,3
44917,3
44918,3
44919,3
44920,3
44921,4
44922,4
44923,1
44924,3
44925,3
44926,5
44927,3
44928,3
44929,1
44930,1
44931,2
44932,3
44933,5
44934,3
44935,4
44936,2
44937,4
44938,4
44939,4
44940,4
44941,4
44942,4
44943,4
44944,4
44945,4
44946,4
44947,4
44948,4
44949,4
44950,4
44951,3
44952,3
44953,3
44954,3
44955,3
44956,3
44957,3
44958,4
44959,3
44960,4
44961,3
44962,2
44963,2
44964,2
44965,2
44966,5
44967,2
44968,3
44969,3
44970,2
44971,2
44972,2
44973,2
44974,2
44975,2
44976,2
44977,2
44978,2
44979,2
44980,2
44981,2
44982,2
44983,2
44984,2
44985,3
44986,2
44987,2
44988,2
44989,2
44990,2
44991,2
44992,2
44993,3
44994,2
44995,2
44996,2
44997,2
44998,3
44999,2
45000,2
45001,2
45002,2
45003,2
45004,2
45005,2
45006,2
45007,2
45008,2
45009,2
45010,2
45011,2
45012,2
45013,2
45014,2
45015,2
45016,2
45017,2
45018,2
45019,2
45020,2
45021,2
45022,2
45023,2
45024,2
45025,2
45026,2
45027,2
45028,2
45029,2
45030,2
45031,2
45032,2
45033,2
45034,2
45035,2
45036,2
45037,2
45038,2
45039,2
45040,2
45041,2
45042,2
45043,2
45044,2
45045,2
45046,2
45047,2
45048,2
45049,2
45050,2
45051,2
45052,2
45053,2
45054,2
45055,2
45056,2
45057,2
45058,2
45059,2
45060,2
45061,2
45062,2
45063,2
45064,2
45065,2
45066,2
45067,2
45068,2
45069,4
45070,2
45071,2
45072,3
45073,3
45074,2
45075,3
45076,2
45077,2
45078,2
45079,2
45080,2
45081,2
45082,2
45083,2
45084,2
45085,2
45086,2
45087,2
45088,2
45089,2
45090,2
45091,2
45092,2
45093,2
45094,2
45095,2
45096,2
45097,2
45098,2
45099,2
45100,1
45101,2
45102,2
45103,3
45104,2
45105,2
45106,2
45107,2
45108,2
45109,2
45110,2
45111,2
45112,2
45113,2
45114,2
45115,2
45116,2
45117,2
45118,2
45119,2
45120,2
45121,2
45122,2
45123,2
45124,2
45125,2
45126,2
45127,2
45128,2
45129,2
45130,2
45131,2
45132,2
45133,2
45134,2
45135,4
45136,4
45137,2
45138,2
45139,2
45140,2
45141,2
45142,4
45143,2
45144,3
45145,4
45146,4
45147,3
45148,3
45149,2
45150,2
45151,4
45152,3
45153,2
45154,2
45155,4
45156,4
45157,1
45158,1
45159,3
45160,4
45161,2
45162,2
45163,2
45164,2
45165,2
45166,2
45167,2
45168,2
45169,2
45170,2
45171,2
45172,2
45173,2
45174,2
45175,2
45176,2
45177,2
45178,2
45179,2
45180,2
45181,2
45182,2
45183,2
45184,2
45185,2
45186,2
45187,2
45188,2
45189,2
45190,2
45191,2
45192,2
45193,2
45194,2
45195,3
45196,3
45197,3
45198,2
45199,3
45200,2
45201,2
45202,4
45203,4
45204,4
45205,2
45206,2
45207,2
45208,2
45209,2
45210,4
45211,2
45212,4
45213,2
45214,2
45215,2
45216,2
45217,4
45218,2
45219,3
45220,3
45221,2
45222,2
45223,2
45224,2
45225,4
45226,1
45227,4
45228,1
45229,4
45230,4
45231,4
45232,4
45233,2
45234,2
45235,2
45236,2
45237,3
45238,3
45239,3
45240,2
45241,2
45242,2
45243,3
45244,3
45245,2
45246,4
45247,2
45248,2
45249,2
45250,2
45251,2
45252,3
45253,3
45254,2
45255,3
45256,4
45257,4
45258,1
45259,2
45260,2
45261,2
45262,0
45263,2
45264,2
45265,2
45266,2
45267,2
45268,0
45269,2
45270,2
45271,2
45272,2
45273,2
45274,1
45275,2
45276,2
45277,2
45278,2
45279,2
45280,2
45281,2
45282,2
45283,2
45284,2
45285,2
45286,2
45287,2
45288,2
45289,2
45290,2
45291,2
45292,2
45293,2
45294,2
45295,2
45296,2
45297,2
45298,2
45299,2
45300,1
45301,2
45302,2
45303,2
45304,2
45305,2
45306,3
45307,2
45308,0
45309,0
45310,2
45311,2
45312,2
45313,2
45314,3
45315,3
45316,3
45317,3
45318,3
45319,3
45320,2
45321,3
45322,2
45323,2
45324,2
45325,3
45326,3
45327,3
45328,3
45329,2
45330,3
45331,4
45332,3
45333,2
45334,2
45335,2
45336,4
45337,4
45338,1
45339,3
45340,2
45341,3
45342,3
45343,1
45344,3
45345,4
45346,3
45347,2
45348,2
45349,2
45350,2
45351,2
45352,2
45353,2
45354,2
45355,2
45356,2
45357,2
45358,2
45359,2
45360,2
45361,2
45362,2
45363,2
45364,2
45365,2
45366,2
45367,2
45368,2
45369,2
45370,2
45371,2
45372,2
45373,2
45374,2
45375,2
45376,2
45377,2
45378,2
45379,2
45380,2
45381,2
45382,2
45383,2
45384,2
45385,2
45386,2
45387,2
45388,2
45389,2
45390,2
45391,2
45392,2
45393,2
45394,2
45395,2
45396,2
45397,2
45398,2
45399,2
45400,2
45401,2
45402,2
45403,2
45404,2
45405,2
45406,2
45407,2
45408,2
45409,2
45410,2
45411,2
45412,2
45413,2
45414,2
45415,2
45416,2
45417,2
45418,2
45419,2
45420,2
45421,2
45422,2
45423,2
45424,2
45425,2
45426,2
45427,2
45428,2
45429,2
45430,2
45431,2
45432,2
45433,2
45434,2
45435,2
45436,2
45437,2
45438,2
45439,2
45440,2
45441,2
45442,2
45443,2
45444,2
45445,2
45446,2
45447,2
45448,2
45449,2
45450,2
45451,2
45452,2
45453,2
45454,2
45455,2
45456,2
45457,2
45458,2
45459,2
45460,2
45461,2
45462,2
45463,2
45464,2
45465,2
45466,2
45467,2
45468,2
45469,2
45470,2
45471,2
45472,2
45473,2
45474,4
45475,2
45476,2
45477,4
45478,2
45479,2
45480,2
45481,2
45482,2
45483,2
45484,1
45485,1
45486,1
45487,1
45488,1
45489,1
45490,1
45491,1
45492,1
45493,1
45494,2
45495,2
45496,1
45497,2
45498,2
45499,2
45500,3
45501,2
45502,3
45503,3
45504,2
45505,3
45506,1
45507,0
45508,4
45509,3
45510,3
45511,4
45512,0
45513,2
45514,2
45515,2
45516,2
45517,2
45518,3
45519,2
45520,2
45521,2
45522,2
45523,2
45524,2
45525,2
45526,2
45527,2
45528,2
45529,2
45530,2
45531,2
45532,2
45533,2
45534,2
45535,2
45536,2
45537,2
45538,2
45539,2
45540,2
45541,2
45542,2
45543,2
45544,2
45545,2
45546,3
45547,2
45548,2
45549,2
45550,2
45551,2
45552,2
45553,2
45554,2
45555,2
45556,2
45557,2
45558,2
45559,2
45560,2
45561,2
45562,2
45563,2
45564,2
45565,2
45566,2
45567,2
45568,2
45569,2
45570,2
45571,2
45572,2
45573,2
45574,2
45575,2
45576,2
45577,2
45578,2
45579,2
45580,2
45581,2
45582,1
45583,2
45584,2
45585,2
45586,2
45587,2
45588,2
45589,2
45590,2
45591,2
45592,2
45593,2
45594,2
45595,2
45596,1
45597,2
45598,2
45599,2
45600,1
45601,2
45602,2
45603,2
45604,2
45605,2
45606,2
45607,2
45608,2
45609,2
45610,2
45611,2
45612,2
45613,2
45614,2
45615,2
45616,2
45617,2
45618,2
45619,2
45620,2
45621,2
45622,2
45623,2
45624,2
45625,2
45626,2
45627,2
45628,0
45629,2
45630,2
45631,2
45632,2
45633,2
45634,2
45635,2
45636,2
45637,2
45638,2
45639,2
45640,2
45641,2
45642,2
45643,2
45644,2
45645,2
45646,2
45647,2
45648,3
45649,2
45650,3
45651,3
45652,4
45653,2
45654,2
45655,2
45656,3
45657,2
45658,2
45659,2
45660,2
45661,0
45662,2
45663,2
45664,4
45665,3
45666,3
45667,4
45668,2
45669,2
45670,2
45671,3
45672,2
45673,3
45674,4
45675,3
45676,2
45677,3
45678,3
45679,2
45680,2
45681,2
45682,2
45683,0
45684,4
45685,0
45686,2
45687,2
45688,3
45689,2
45690,2
45691,2
45692,2
45693,2
45694,2
45695,2
45696,2
45697,4
45698,2
45699,2
45700,2
45701,2
45702,2
45703,2
45704,2
45705,2
45706,2
45707,2
45708,2
45709,2
45710,2
45711,2
45712,2
45713,2
45714,2
45715,2
45716,2
45717,2
45718,2
45719,2
45720,2
45721,2
45722,2
45723,2
45724,3
45725,2
45726,2
45727,2
45728,4
45729,3
45730,2
45731,2
45732,2
45733,3
45734,2
45735,2
45736,2
45737,2
45738,2
45739,2
45740,2
45741,2
45742,2
45743,2
45744,2
45745,2
45746,2
45747,3
45748,2
45749,2
45750,2
45751,2
45752,2
45753,2
45754,2
45755,2
45756,2
45757,2
45758,2
45759,2
45760,2
45761,2
45762,2
45763,2
45764,2
45765,2
45766,2
45767,2
45768,2
45769,2
45770,2
45771,2
45772,2
45773,2
45774,2
45775,2
45776,2
45777,2
45778,2
45779,2
45780,2
45781,2
45782,2
45783,2
45784,2
45785,2
45786,2
45787,2
45788,2
45789,2
45790,2
45791,3
45792,2
45793,2
45794,2
45795,1
45796,2
45797,2
45798,2
45799,2
45800,2
45801,2
45802,2
45803,2
45804,2
45805,2
45806,2
45807,2
45808,2
45809,2
45810,2
45811,2
45812,2
45813,2
45814,2
45815,2
45816,2
45817,2
45818,2
45819,2
45820,2
45821,2
45822,2
45823,2
45824,2
45825,2
45826,2
45827,2
45828,2
45829,2
45830,2
45831,2
45832,2
45833,2
45834,2
45835,2
45836,2
45837,2
45838,2
45839,2
45840,2
45841,2
45842,2
45843,2
45844,2
45845,2
45846,2
45847,2
45848,2
45849,2
45850,2
45851,2
45852,2
45853,2
45854,2
45855,2
45856,2
45857,2
45858,2
45859,2
45860,2
45861,2
45862,2
45863,2
45864,2
45865,2
45866,2
45867,2
45868,2
45869,2
45870,2
45871,2
45872,2
45873,2
45874,2
45875,2
45876,2
45877,2
45878,2
45879,2
45880,2
45881,2
45882,2
45883,2
45884,2
45885,2
45886,2
45887,2
45888,2
45889,2
45890,0
45891,2
45892,2
45893,2
45894,3
45895,2
45896,2
45897,1
45898,1
45899,2
45900,2
45901,2
45902,2
45903,2
45904,1
45905,1
45906,1
45907,1
45908,3
45909,3
45910,3
45911,3
45912,3
45913,3
45914,1
45915,3
45916,0
45917,1
45918,1
45919,3
45920,3
45921,3
45922,2
45923,2
45924,2
45925,2
45926,2
45927,2
45928,2
45929,2
45930,2
45931,2
45932,1
45933,1
45934,1
45935,2
45936,2
45937,2
45938,2
45939,2
45940,3
45941,1
45942,1
45943,3
45944,1
45945,3
45946,3
45947,1
45948,1
45949,1
45950,1
45951,1
45952,2
45953,2
45954,2
45955,3
45956,3
45957,3
45958,3
45959,3
45960,2
45961,3
45962,3
45963,2
45964,3
45965,3
45966,3
45967,0
45968,3
45969,3
45970,2
45971,2
45972,0
45973,3
45974,0
45975,3
45976,2
45977,1
45978,1
45979,3
45980,1
45981,3
45982,1
45983,3
45984,3
45985,0
45986,0
45987,0
45988,3
45989,3
45990,3
45991,3
45992,3
45993,2
45994,3
45995,1
45996,1
45997,0
45998,0
45999,2
46000,3
46001,1
46002,0
46003,1
46004,2
46005,0
46006,1
46007,1
46008,1
46009,1
46010,3
46011,3
46012,1
46013,1
46014,1
46015,3
46016,3
46017,1
46018,0
46019,0
46020,0
46021,0
46022,3
46023,3
46024,1
46025,0
46026,0
46027,1
46028,1
46029,1
46030,1
46031,0
46032,0
46033,0
46034,0
46035,1
46036,0
46037,0
46038,3
46039,3
46040,3
46041,3
46042,2
46043,3
46044,1
46045,1
46046,1
46047,1
46048,1
46049,1
46050,1
46051,1
46052,0
46053,3
46054,3
46055,3
46056,3
46057,3
46058,3
46059,3
46060,3
46061,3
46062,0
46063,3
46064,3
46065,3
46066,3
46067,3
46068,3
46069,3
46070,3
46071,3
46072,3
46073,3
46074,1
46075,3
46076,3
46077,0
46078,0
46079,0
46080,0
46081,0
46082,2
46083,0
46084,0
46085,1
46086,1
46087,1
46088,0
46089,0
46090,0
46091,0
46092,0
46093,0
46094,0
46095,0
46096,0
46097,0
46098,1
46099,1
46100,0
46101,0
46102,0
46103,1
46104,2
46105,3
46106,1
46107,0
46108,0
46109,2
46110,0
46111,0
46112,1
46113,1
46114,1
46115,0
46116,1
46117,1
46118,1
46119,1
46120,1
46121,0
46122,0
46123,3
46124,3
46125,1
46126,1
46127,1
46128,1
46129,0
46130,0
46131,0
46132,0
46133,0
46134,0
46135,0
46136,0
46137,0
46138,0
46139,0
46140,0
46141,0
46142,0
46143,0
46144,3
46145,3
46146,3
46147,1
46148,1
46149,3
46150,3
46151,1
46152,3
46153,3
46154,3
46155,3
46156,3
46157,3
46158,3
46159,3
46160,0
46161,0
46162,3
46163,0
46164,1
46165,3
46166,3
46167,3
46168,3
46169,3
46170,3
46171,1
46172,0
46173,3
46174,3
46175,0
46176,0
46177,0
46178,3
46179,3
46180,3
46181,1
46182,3
46183,3
46184,3
46185,3
46186,3
46187,3
46188,3
46189,3
46190,1
46191,3
46192,3
46193,3
46194,3
46195,3
46196,0
46197,0
46198,0
46199,3
46200,3
46201,3
46202,3
46203,0
46204,0
46205,0
46206,0
46207,1
46208,1
46209,0
46210,1
46211,0
46212,0
46213,0
46214,0
46215,0
46216,0
46217,0
46218,0
46219,0
46220,0
46221,0
46222,0
46223,1
46224,1
46225,1
46226,3
46227,2
46228,3
46229,3
46230,2
46231,2
46232,2
46233,2
46234,2
46235,2
46236,2
46237,2
46238,2
46239,0
46240,2
46241,2
46242,2
46243,2
46244,2
46245,1
46246,1
46247,1
46248,0
46249,0
46250,0
46251,0
46252,0
46253,0
46254,0
46255,0
46256,0
46257,0
46258,1
46259,1
46260,1
46261,1
46262,1
46263,0
46264,1
46265,0
46266,1
46267,0
46268,0
46269,0
46270,1
46271,0
46272,3
46273,3
46274,2
46275,2
46276,3
46277,3
46278,3
46279,0
46280,2
46281,1
46282,3
46283,3
46284,3
46285,3
46286,3
46287,2
46288,1
46289,1
46290,1
46291,1
46292,1
46293,1
46294,3
46295,1
46296,1
46297,1
46298,3
46299,3
46300,3
46301,3
46302,3
46303,3
46304,3
46305,1
46306,3
46307,3
46308,1
46309,1
46310,1
46311,3
46312,2
46313,3
46314,3
46315,1
46316,3
46317,0
46318,0
46319,1
46320,3
46321,3
46322,3
46323,3
46324,1
46325,1
46326,3
46327,2
46328,3
46329,2
46330,1
46331,3
46332,1
46333,3
46334,3
46335,3
46336,1
46337,3
46338,3
46339,3
46340,3
46341,3
46342,1
46343,3
46344,3
46345,1
46346,3
46347,1
46348,1
46349,3
46350,3
46351,3
46352,3
46353,3
46354,3
46355,3
46356,3
46357,3
46358,3
46359,1
46360,3
46361,3
46362,3
46363,3
46364,0
46365,0
46366,0
46367,0
46368,0
46369,1
46370,2
46371,1
46372,1
46373,3
46374,0
46375,0
46376,0
46377,0
46378,0
46379,0
46380,1
46381,1
46382,1
46383,3
46384,3
46385,1
46386,1
46387,1
46388,3
46389,3
46390,3
46391,3
46392,3
46393,0
46394,0
46395,0
46396,0
46397,0
46398,0
46399,0
46400,3
46401,0
46402,0
46403,0
46404,1
46405,1
46406,0
46407,1
46408,1
46409,1
46410,1
46411,2
46412,0
46413,0
46414,0
46415,1
46416,2
46417,3
46418,3
46419,0
46420,1
46421,0
46422,0
46423,0
46424,0
46425,1
46426,1
46427,3
46428,1
46429,1
46430,1
46431,1
46432,0
46433,1
46434,3
46435,1
46436,3
46437,3
46438,1
46439,1
46440,1
46441,1
46442,1
46443,1
46444,1
46445,1
46446,0
46447,0
46448,1
46449,0
46450,0
46451,1
46452,1
46453,1
46454,0
46455,0
46456,1
46457,3
46458,3
46459,0
46460,0
46461,0
46462,0
46463,1
46464,1
46465,1
46466,1
46467,0
46468,0
46469,1
46470,1
46471,3
46472,0
46473,3
46474,0
46475,2
46476,3
46477,1
46478,1
46479,1
46480,1
46481,3
46482,3
46483,1
46484,1
46485,0
46486,0
46487,1
46488,3
46489,3
46490,3
46491,3
46492,3
46493,3
46494,3
46495,1
46496,1
46497,4
46498,0
46499,0
46500,0
46501,3
46502,1
46503,1
46504,1
46505,1
46506,1
46507,1
46508,1
46509,1
46510,3
46511,1
46512,3
46513,1
46514,1
46515,3
46516,0
46517,3
46518,3
46519,1
46520,1
46521,0
46522,3
46523,1
46524,0
46525,3
46526,3
46527,3
46528,3
46529,3
46530,3
46531,1
46532,3
46533,3
46534,0
46535,0
46536,1
46537,3
46538,2
46539,2
46540,1
46541,3
46542,3
46543,1
46544,1
46545,1
46546,0
46547,1
46548,1
46549,0
46550,0
46551,0
46552,0
46553,0
46554,2
46555,1
46556,1
46557,1
46558,3
46559,1
46560,1
46561,1
46562,3
46563,1
46564,1
46565,1
46566,1
46567,1
46568,1
46569,1
46570,1
46571,3
46572,2
46573,2
46574,1
46575,3
46576,0
46577,3
46578,3
46579,3
46580,1
46581,2
46582,2
46583,0
46584,0
46585,2
46586,3
46587,0
46588,3
46589,2
46590,3
46591,2
46592,2
46593,2
46594,3
46595,0
46596,2
46597,2
46598,2
46599,0
46600,2
46601,3
46602,3
46603,2
46604,3
46605,3
46606,3
46607,2
46608,3
46609,3
46610,3
46611,1
46612,1
46613,3
46614,3
46615,2
46616,3
46617,2
46618,2
46619,3
46620,2
46621,2
46622,2
46623,3
46624,3
46625,3
46626,2
46627,2
46628,2
46629,3
46630,2
46631,2
46632,2
46633,3
46634,3
46635,3
46636,2
46637,3
46638,2
46639,2
46640,3
46641,3
46642,3
46643,3
46644,3
46645,0
46646,1
46647,3
46648,3
46649,2
46650,3
46651,2
46652,2
46653,3
46654,3
46655,1
46656,3
46657,3
46658,3
46659,2
46660,2
46661,2
46662,3
46663,3
46664,2
46665,2
46666,2
46667,2
46668,2
46669,2
46670,2
46671,2
46672,2
46673,3
46674,2
46675,2
46676,3
46677,3
46678,2
46679,2
46680,2
46681,2
46682,2
46683,2
46684,2
46685,2
46686,3
46687,1
46688,2
46689,2
46690,3
46691,3
46692,2
46693,2
46694,2
46695,2
46696,2
46697,2
46698,2
46699,2
46700,2
46701,2
46702,2
46703,2
46704,2
46705,2
46706,2
46707,3
46708,3
46709,3
46710,1
46711,3
46712,2
46713,2
46714,2
46715,3
46716,3
46717,3
46718,3
46719,3
46720,2
46721,2
46722,2
46723,2
46724,2
46725,3
46726,2
46727,2
46728,3
46729,3
46730,0
46731,3
46732,2
46733,2
46734,3
46735,2
46736,3
46737,2
46738,3
46739,3
46740,2
46741,2
46742,2
46743,2
46744,2
46745,3
46746,2
46747,2
46748,2
46749,2
46750,2
46751,2
46752,2
46753,0
46754,2
46755,3
46756,3
46757,2
46758,0
46759,3
46760,3
46761,3
46762,3
46763,3
46764,3
46765,3
46766,0
46767,3
46768,0
46769,0
46770,0
46771,2
46772,2
46773,2
46774,2
46775,2
46776,2
46777,2
46778,2
46779,2
46780,2
46781,3
46782,3
46783,3
46784,2
46785,2
46786,2
46787,2
46788,2
46789,3
46790,3
46791,3
46792,2
46793,2
46794,2
46795,3
46796,3
46797,3
46798,3
46799,2
46800,3
46801,3
46802,2
46803,2
46804,2
46805,2
46806,1
46807,1
46808,1
46809,2
46810,2
46811,2
46812,2
46813,2
46814,2
46815,2
46816,3
46817,2
46818,0
46819,2
46820,2
46821,2
46822,2
46823,3
46824,2
46825,2
46826,2
46827,2
46828,2
46829,2
46830,3
46831,3
46832,3
46833,3
46834,3
46835,2
46836,1
46837,1
46838,3
46839,3
46840,3
46841,3
46842,3
46843,2
46844,2
46845,3
46846,2
46847,3
46848,3
46849,3
46850,3
46851,2
46852,3
46853,2
46854,2
46855,2
46856,3
46857,2
46858,2
46859,2
46860,2
46861,2
46862,2
46863,3
46864,3
46865,3
46866,2
46867,2
46868,2
46869,3
46870,2
46871,3
46872,2
46873,3
46874,1
46875,1
46876,3
46877,2
46878,2
46879,2
46880,2
46881,3
46882,2
46883,2
46884,2
46885,2
46886,3
46887,3
46888,2
46889,3
46890,2
46891,2
46892,3
46893,3
46894,3
46895,3
46896,2
46897,3
46898,2
46899,2
46900,3
46901,3
46902,2
46903,2
46904,2
46905,2
46906,3
46907,2
46908,3
46909,2
46910,3
46911,2
46912,2
46913,2
46914,2
46915,2
46916,3
46917,3
46918,3
46919,2
46920,3
46921,3
46922,3
46923,3
46924,2
46925,2
46926,2
46927,3
46928,2
46929,3
46930,2
46931,2
46932,1
46933,3
46934,3
46935,3
46936,2
46937,3
46938,2
46939,2
46940,2
46941,2
46942,2
46943,2
46944,2
46945,3
46946,3
46947,2
46948,2
46949,3
46950,3
46951,2
46952,2
46953,3
46954,2
46955,2
46956,1
46957,1
46958,2
46959,2
46960,2
46961,2
46962,2
46963,2
46964,2
46965,2
46966,3
46967,2
46968,3
46969,2
46970,2
46971,2
46972,2
46973,2
46974,2
46975,3
46976,3
46977,2
46978,2
46979,2
46980,2
46981,2
46982,2
46983,2
46984,2
46985,2
46986,2
46987,3
46988,2
46989,2
46990,2
46991,2
46992,2
46993,2
46994,2
46995,2
46996,2
46997,0
46998,2
46999,2
47000,2
47001,2
47002,2
47003,2
47004,2
47005,2
47006,2
47007,0
47008,2
47009,2
47010,3
47011,3
47012,2
47013,2
47014,2
47015,2
47016,2
47017,3
47018,2
47019,2
47020,2
47021,2
47022,2
47023,2
47024,2
47025,2
47026,2
47027,2
47028,3
47029,2
47030,2
47031,3
47032,3
47033,2
47034,3
47035,2
47036,2
47037,2
47038,2
47039,3
47040,2
47041,2
47042,2
47043,3
47044,1
47045,3
47046,2
47047,3
47048,2
47049,2
47050,2
47051,2
47052,2
47053,2
47054,2
47055,2
47056,1
47057,3
47058,1
47059,3
47060,3
47061,2
47062,3
47063,0
47064,2
47065,2
47066,0
47067,2
47068,2
47069,2
47070,2
47071,2
47072,2
47073,2
47074,2
47075,2
47076,2
47077,0
47078,2
47079,2
47080,2
47081,3
47082,2
47083,3
47084,2
47085,2
47086,2
47087,2
47088,2
47089,2
47090,0
47091,2
47092,2
47093,2
47094,2
47095,2
47096,2
47097,1
47098,3
47099,2
47100,2
47101,2
47102,2
47103,2
47104,2
47105,2
47106,2
47107,2
47108,2
47109,2
47110,2
47111,2
47112,2
47113,2
47114,2
47115,2
47116,2
47117,3
47118,2
47119,2
47120,2
47121,1
47122,3
47123,2
47124,2
47125,2
47126,2
47127,2
47128,2
47129,3
47130,2
47131,3
47132,2
47133,3
47134,3
47135,0
47136,1
47137,3
47138,3
47139,1
47140,3
47141,1
47142,2
47143,3
47144,2
47145,2
47146,2
47147,2
47148,2
47149,2
47150,2
47151,2
47152,2
47153,2
47154,2
47155,0
47156,2
47157,2
47158,2
47159,2
47160,2
47161,3
47162,2
47163,2
47164,2
47165,2
47166,3
47167,2
47168,2
47169,2
47170,2
47171,2
47172,2
47173,2
47174,2
47175,2
47176,2
47177,2
47178,2
47179,2
47180,2
47181,2
47182,0
47183,2
47184,2
47185,2
47186,2
47187,2
47188,0
47189,0
47190,0
47191,1
47192,1
47193,2
47194,2
47195,3
47196,3
47197,3
47198,3
47199,1
47200,3
47201,1
47202,1
47203,3
47204,3
47205,3
47206,3
47207,2
47208,2
47209,2
47210,2
47211,2
47212,2
47213,2
47214,2
47215,2
47216,2
47217,2
47218,2
47219,1
47220,3
47221,3
47222,0
47223,1
47224,2
47225,1
47226,3
47227,3
47228,3
47229,3
47230,3
47231,2
47232,2
47233,2
47234,2
47235,2
47236,2
47237,2
47238,3
47239,2
47240,2
47241,2
47242,3
47243,2
47244,2
47245,3
47246,3
47247,2
47248,2
47249,2
47250,2
47251,2
47252,3
47253,3
47254,0
47255,2
47256,2
47257,3
47258,3
47259,3
47260,3
47261,3
47262,3
47263,3
47264,1
47265,3
47266,3
47267,3
47268,3
47269,0
47270,3
47271,3
47272,3
47273,3
47274,3
47275,3
47276,3
47277,3
47278,1
47279,3
47280,3
47281,3
47282,3
47283,1
47284,1
47285,3
47286,3
47287,3
47288,1
47289,1
47290,3
47291,3
47292,3
47293,3
47294,3
47295,3
47296,3
47297,3
47298,3
47299,3
47300,3
47301,3
47302,3
47303,3
47304,3
47305,2
47306,3
47307,1
47308,3
47309,2
47310,2
47311,3
47312,3
47313,3
47314,3
47315,2
47316,2
47317,2
47318,2
47319,2
47320,2
47321,2
47322,2
47323,2
47324,2
47325,0
47326,2
47327,0
47328,2
47329,2
47330,2
47331,2
47332,3
47333,3
47334,3
47335,3
47336,3
47337,3
47338,3
47339,1
47340,1
47341,1
47342,1
47343,1
47344,3
47345,2
47346,2
47347,3
47348,3
47349,2
47350,2
47351,2
47352,2
47353,2
47354,2
47355,2
47356,2
47357,2
47358,2
47359,2
47360,2
47361,2
47362,2
47363,2
47364,1
47365,3
47366,3
47367,3
47368,3
47369,3
47370,3
47371,3
47372,2
47373,2
47374,2
47375,2
47376,3
47377,2
47378,2
47379,2
47380,2
47381,2
47382,2
47383,3
47384,2
47385,2
47386,2
47387,2
47388,2
47389,2
47390,2
47391,2
47392,2
47393,2
47394,2
47395,3
47396,3
47397,3
47398,3
47399,3
47400,3
47401,3
47402,3
47403,3
47404,3
47405,3
47406,3
47407,3
47408,3
47409,3
47410,3
47411,1
47412,3
47413,3
47414,2
47415,3
47416,0
47417,2
47418,0
47419,2
47420,2
47421,0
47422,3
47423,2
47424,3
47425,2
47426,2
47427,2
47428,1
47429,3
47430,3
47431,1
47432,3
47433,0
47434,2
47435,3
47436,3
47437,2
47438,2
47439,2
47440,2
47441,2
47442,2
47443,2
47444,2
47445,3
47446,2
47447,2
47448,2
47449,3
47450,2
47451,3
47452,3
47453,2
47454,2
47455,3
47456,3
47457,3
47458,3
47459,3
47460,3
47461,2
47462,2
47463,2
47464,3
47465,3
47466,3
47467,2
47468,3
47469,3
47470,2
47471,2
47472,2
47473,2
47474,3
47475,3
47476,3
47477,0
47478,2
47479,2
47480,2
47481,2
47482,2
47483,2
47484,2
47485,2
47486,3
47487,3
47488,2
47489,2
47490,2
47491,2
47492,2
47493,2
47494,2
47495,2
47496,3
47497,2
47498,2
47499,2
47500,2
47501,2
47502,2
47503,2
47504,2
47505,2
47506,2
47507,2
47508,2
47509,2
47510,2
47511,2
47512,2
47513,2
47514,2
47515,2
47516,2
47517,2
47518,2
47519,2
47520,2
47521,2
47522,2
47523,2
47524,2
47525,2
47526,2
47527,2
47528,2
47529,2
47530,2
47531,2
47532,2
47533,2
47534,2
47535,2
47536,2
47537,3
47538,1
47539,1
47540,1
47541,1
47542,1
47543,1
47544,3
47545,1
47546,3
47547,3
47548,3
47549,2
47550,1
47551,2
47552,3
47553,3
47554,2
47555,3
47556,3
47557,3
47558,3
47559,2
47560,3
47561,0
47562,3
47563,3
47564,3
47565,2
47566,2
47567,2
47568,2
47569,2
47570,2
47571,2
47572,2
47573,3
47574,2
47575,2
47576,2
47577,3
47578,3
47579,2
47580,2
47581,2
47582,3
47583,2
47584,2
47585,3
47586,1
47587,3
47588,2
47589,3
47590,2
47591,2
47592,2
47593,2
47594,3
47595,3
47596,3
47597,2
47598,3
47599,3
47600,2
47601,0
47602,3
47603,2
47604,3
47605,3
47606,2
47607,2
47608,2
47609,2
47610,2
47611,3
47612,3
47613,3
47614,3
47615,3
47616,3
47617,2
47618,3
47619,2
47620,1
47621,1
47622,1
47623,2
47624,2
47625,2
47626,3
47627,2
47628,2
47629,2
47630,3
47631,2
47632,2
47633,2
47634,2
47635,3
47636,2
47637,3
47638,3
47639,3
47640,3
47641,3
47642,3
47643,3
47644,2
47645,3
47646,3
47647,3
47648,3
47649,3
47650,3
47651,3
47652,3
47653,3
47654,3
47655,3
47656,3
47657,3
47658,2
47659,2
47660,3
47661,3
47662,3
47663,3
47664,2
47665,2
47666,2
47667,2
47668,2
47669,3
47670,2
47671,2
47672,2
47673,2
47674,2
47675,3
47676,3
47677,3
47678,1
47679,3
47680,1
47681,3
47682,3
47683,1
47684,3
47685,3
47686,2
47687,2
47688,2
47689,3
47690,2
47691,3
47692,3
47693,3
47694,2
47695,3
47696,3
47697,3
47698,3
47699,3
47700,2
47701,2
47702,2
47703,2
47704,2
47705,2
47706,2
47707,3
47708,2
47709,2
47710,2
47711,2
47712,3
47713,2
47714,2
47715,3
47716,2
47717,0
47718,2
47719,2
47720,2
47721,2
47722,2
47723,2
47724,0
47725,3
47726,3
47727,2
47728,3
47729,3
47730,3
47731,3
47732,3
47733,2
47734,3
47735,3
47736,2
47737,3
47738,0
47739,2
47740,1
47741,1
47742,1
47743,1
47744,1
47745,1
47746,1
47747,3
47748,0
47749,1
47750,1
47751,1
47752,1
47753,1
47754,0
47755,0
47756,0
47757,2
47758,2
47759,1
47760,3
47761,2
47762,2
47763,2
47764,0
47765,3
47766,0
47767,0
47768,0
47769,0
47770,2
47771,3
47772,0
47773,0
47774,0
47775,3
47776,2
47777,0
47778,2
47779,3
47780,2
47781,3
47782,3
47783,2
47784,0
47785,3
47786,2
47787,3
47788,2
47789,3
47790,2
47791,2
47792,2
47793,1
47794,2
47795,1
47796,1
47797,0
47798,2
47799,2
47800,2
47801,4
47802,2
47803,1
47804,1
47805,3
47806,3
47807,3
47808,1
47809,3
47810,3
47811,3
47812,3
47813,2
47814,2
47815,2
47816,1
47817,2
47818,1
47819,2
47820,0
47821,0
47822,3
47823,0
47824,3
47825,0
47826,0
47827,0
47828,0
47829,2
47830,0
47831,0
47832,2
47833,3
47834,2
47835,3
47836,2
47837,2
47838,1
47839,2
47840,3
47841,3
47842,3
47843,2
47844,2
47845,0
47846,0
47847,0
47848,2
47849,0
47850,2
47851,0
47852,1
47853,2
47854,3
47855,3
47856,3
47857,0
47858,3
47859,3
47860,1
47861,3
47862,3
47863,0
47864,3
47865,0
47866,1
47867,3
47868,0
47869,3
47870,0
47871,2
47872,0
47873,2
47874,2
47875,3
47876,2
47877,2
47878,1
47879,3
47880,0
47881,1
47882,0
47883,2
47884,2
47885,2
47886,2
47887,2
47888,2
47889,3
47890,2
47891,2
47892,3
47893,2
47894,3
47895,2
47896,2
47897,2
47898,2
47899,2
47900,2
47901,2
47902,3
47903,2
47904,2
47905,3
47906,2
47907,2
47908,2
47909,2
47910,1
47911,1
47912,2
47913,2
47914,2
47915,1
47916,1
47917,2
47918,1
47919,2
47920,1
47921,1
47922,2
47923,2
47924,3
47925,2
47926,1
47927,1
47928,2
47929,3
47930,2
47931,1
47932,3
47933,1
47934,0
47935,0
47936,0
47937,0
47938,0
47939,0
47940,0
47941,0
47942,0
47943,0
47944,0
47945,0
47946,0
47947,0
47948,0
47949,0
47950,0
47951,0
47952,0
47953,0
47954,1
47955,0
47956,0
47957,0
47958,0
47959,0
47960,0
47961,0
47962,0
47963,0
47964,0
47965,0
47966,0
47967,0
47968,0
47969,0
47970,0
47971,0
47972,0
47973,3
47974,3
47975,2
47976,1
47977,1
47978,2
47979,2
47980,2
47981,0
47982,2
47983,2
47984,2
47985,1
47986,1
47987,2
47988,1
47989,1
47990,2
47991,2
47992,1
47993,2
47994,2
47995,2
47996,2
47997,1
47998,3
47999,3
48000,3
48001,3
48002,3
48003,3
48004,1
48005,1
48006,2
48007,1
48008,2
48009,3
48010,2
48011,1
48012,1
48013,2
48014,3
48015,1
48016,3
48017,3
48018,2
48019,2
48020,3
48021,2
48022,2
48023,2
48024,2
48025,2
48026,2
48027,3
48028,0
48029,1
48030,1
48031,1
48032,1
48033,1
48034,1
48035,1
48036,1
48037,1
48038,1
48039,1
48040,3
48041,2
48042,3
48043,3
48044,0
48045,3
48046,3
48047,3
48048,3
48049,0
48050,3
48051,3
48052,1
48053,1
48054,3
48055,3
48056,3
48057,0
48058,0
48059,0
48060,0
48061,3
48062,3
48063,3
48064,3
48065,1
48066,0
48067,0
48068,0
48069,0
48070,0
48071,0
48072,0
48073,0
48074,0
48075,3
48076,3
48077,3
48078,3
48079,3
48080,3
48081,2
48082,3
48083,3
48084,3
48085,2
48086,0
48087,2
48088,3
48089,3
48090,1
48091,3
48092,3
48093,3
48094,3
48095,3
48096,3
48097,3
48098,3
48099,1
48100,3
48101,3
48102,3
48103,2
48104,2
48105,3
48106,0
48107,1
48108,1
48109,1
48110,1
48111,1
48112,2
48113,0
48114,1
48115,1
48116,1
48117,1
48118,1
48119,1
48120,1
48121,0
48122,3
48123,0
48124,2
48125,2
48126,2
48127,3
48128,2
48129,2
48130,0
48131,1
48132,1
48133,1
48134,1
48135,3
48136,3
48137,2
48138,2
48139,2
48140,2
48141,2
48142,2
48143,2
48144,3
48145,2
48146,3
48147,0
48148,0
48149,0
48150,2
48151,2
48152,2
48153,2
48154,2
48155,2
48156,1
48157,2
48158,2
48159,2
48160,1
48161,3
48162,2
48163,2
48164,2
48165,2
48166,2
48167,3
48168,0
48169,0
48170,3
48171,3
48172,2
48173,3
48174,0
48175,3
48176,3
48177,0
48178,3
48179,0
48180,0
48181,0
48182,0
48183,0
48184,0
48185,0
48186,2
48187,0
48188,0
48189,0
48190,3
48191,0
48192,2
48193,0
48194,0
48195,0
48196,0
48197,0
48198,1
48199,1
48200,0
48201,0
48202,2
48203,3
48204,3
48205,2
48206,0
48207,3
48208,3
48209,2
48210,2
48211,3
48212,3
48213,3
48214,3
48215,3
48216,3
48217,3
48218,3
48219,3
48220,3
48221,3
48222,3
48223,3
48224,3
48225,3
48226,3
48227,3
48228,3
48229,3
48230,3
48231,3
48232,3
48233,3
48234,3
48235,3
48236,3
48237,3
48238,3
48239,3
48240,3
48241,3
48242,3
48243,3
48244,3
48245,3
48246,3
48247,3
48248,3
48249,3
48250,3
48251,3
48252,3
48253,1
48254,3
48255,3
48256,3
48257,3
48258,3
48259,3
48260,3
48261,3
48262,3
48263,3
48264,3
48265,3
48266,3
48267,0
48268,3
48269,3
48270,3
48271,3
48272,3
48273,3
48274,3
48275,3
48276,3
48277,3
48278,3
48279,3
48280,3
48281,0
48282,3
48283,3
48284,1
48285,3
48286,3
48287,3
48288,3
48289,2
48290,3
48291,3
48292,3
48293,3
48294,3
48295,1
48296,3
48297,3
48298,1
48299,1
48300,3
48301,3
48302,3
48303,3
48304,1
48305,3
48306,3
48307,3
48308,3
48309,3
48310,0
48311,0
48312,3
48313,1
48314,3
48315,2
48316,0
48317,3
48318,3
48319,1
48320,0
48321,0
48322,0
48323,3
48324,3
48325,3
48326,0
48327,0
48328,0
48329,1
48330,0
48331,0
48332,0
48333,2
48334,0
48335,3
48336,3
48337,3
48338,3
48339,3
48340,0
48341,3
48342,3
48343,2
48344,3
48345,1
48346,3
48347,3
48348,3
48349,0
48350,1
48351,0
48352,0
48353,2
48354,0
48355,1
48356,1
48357,1
48358,1
48359,1
48360,1
48361,2
48362,2
48363,2
48364,2
48365,2
48366,2
48367,2
48368,2
48369,2
48370,2
48371,3
48372,2
48373,2
48374,2
48375,3
48376,2
48377,2
48378,2
48379,2
48380,2
48381,2
48382,2
48383,2
48384,3
48385,1
48386,2
48387,2
48388,3
48389,3
48390,2
48391,2
48392,3
48393,1
48394,1
48395,1
48396,1
48397,1
48398,1
48399,3
48400,2
48401,2
48402,3
48403,1
48404,2
48405,3
48406,2
48407,2
48408,2
48409,3
48410,3
48411,3
48412,2
48413,3
48414,2
48415,2
48416,3
48417,3
48418,3
48419,3
48420,3
48421,3
48422,3
48423,3
48424,1
48425,1
48426,1
48427,3
48428,3
48429,3
48430,1
48431,1
48432,1
48433,1
48434,1
48435,1
48436,1
48437,1
48438,1
48439,3
48440,2
48441,0
48442,2
48443,0
48444,1
48445,0
48446,0
48447,2
48448,2
48449,0
48450,0
48451,0
48452,0
48453,0
48454,0
48455,0
48456,0
48457,0
48458,0
48459,0
48460,0
48461,0
48462,0
48463,2
48464,2
48465,0
48466,1
48467,1
48468,1
48469,3
48470,3
48471,0
48472,0
48473,2
48474,3
48475,2
48476,3
48477,3
48478,2
48479,1
48480,1
48481,3
48482,2
48483,2
48484,3
48485,2
48486,3
48487,2
48488,3
48489,3
48490,3
48491,3
48492,3
48493,3
48494,3
48495,3
48496,3
48497,3
48498,3
48499,3
48500,2
48501,3
48502,2
48503,2
48504,2
48505,2
48506,3
48507,3
48508,2
48509,3
48510,3
48511,1
48512,1
48513,2
48514,2
48515,2
48516,2
48517,2
48518,2
48519,2
48520,2
48521,3
48522,2
48523,2
48524,2
48525,1
48526,1
48527,2
48528,1
48529,3
48530,3
48531,3
48532,3
48533,3
48534,3
48535,3
48536,3
48537,3
48538,1
48539,1
48540,3
48541,3
48542,3
48543,2
48544,3
48545,1
48546,1
48547,1
48548,3
48549,3
48550,3
48551,3
48552,1
48553,3
48554,1
48555,3
48556,2
48557,3
48558,2
48559,1
48560,3
48561,1
48562,3
48563,1
48564,0
48565,1
48566,2
48567,2
48568,2
48569,2
48570,2
48571,2
48572,2
48573,2
48574,3
48575,2
48576,2
48577,2
48578,2
48579,3
48580,2
48581,2
48582,2
48583,2
48584,3
48585,2
48586,2
48587,2
48588,3
48589,2
48590,2
48591,2
48592,1
48593,2
48594,2
48595,2
48596,2
48597,2
48598,2
48599,2
48600,2
48601,2
48602,2
48603,2
48604,2
48605,1
48606,1
48607,2
48608,2
48609,2
48610,2
48611,3
48612,2
48613,2
48614,2
48615,2
48616,2
48617,2
48618,2
48619,2
48620,2
48621,2
48622,2
48623,2
48624,2
48625,1
48626,1
48627,2
48628,2
48629,2
48630,2
48631,2
48632,2
48633,2
48634,2
48635,2
48636,2
48637,2
48638,2
48639,2
48640,2
48641,2
48642,2
48643,0
48644,2
48645,2
48646,2
48647,2
48648,2
48649,2
48650,2
48651,2
48652,0
48653,2
48654,2
48655,2
48656,2
48657,2
48658,2
48659,2
48660,2
48661,2
48662,2
48663,0
48664,0
48665,2
48666,2
48667,0
48668,3
48669,0
48670,2
48671,2
48672,2
48673,2
48674,2
48675,2
48676,0
48677,2
48678,0
48679,2
48680,0
48681,0
48682,3
48683,1
48684,2
48685,3
48686,2
48687,3
48688,2
48689,2
48690,1
48691,1
48692,1
48693,1
48694,1
48695,3
48696,3
48697,3
48698,0
48699,3
48700,2
48701,0
48702,3
48703,2
48704,1
48705,0
48706,3
48707,0
48708,0
48709,2
48710,3
48711,0
48712,3
48713,3
48714,2
48715,2
48716,2
48717,2
48718,2
48719,2
48720,3
48721,1
48722,1
48723,2
48724,0
48725,2
48726,2
48727,2
48728,2
48729,2
48730,2
48731,2
48732,0
48733,0
48734,2
48735,1
48736,2
48737,1
48738,2
48739,2
48740,2
48741,2
48742,2
48743,2
48744,2
48745,2
48746,2
48747,2
48748,2
48749,2
48750,2
48751,2
48752,2
48753,2
48754,2
48755,2
48756,2
48757,2
48758,2
48759,1
48760,1
48761,2
48762,2
48763,2
48764,2
48765,2
48766,3
48767,2
48768,1
48769,2
48770,2
48771,2
48772,2
48773,2
48774,2
48775,2
48776,2
48777,2
48778,2
48779,2
48780,2
48781,2
48782,2
48783,2
48784,2
48785,2
48786,2
48787,2
48788,2
48789,2
48790,3
48791,1
48792,2
48793,2
48794,2
48795,2
48796,2
48797,2
48798,3
48799,2
48800,1
48801,1
48802,2
48803,1
48804,3
48805,2
48806,2
48807,2
48808,1
48809,2
48810,2
48811,2
48812,2
48813,2
48814,2
48815,3
48816,2
48817,2
48818,3
48819,2
48820,1
48821,2
48822,2
48823,2
48824,2
48825,3
48826,2
48827,2
48828,2
48829,2
48830,2
48831,2
48832,2
48833,2
48834,1
48835,2
48836,2
48837,2
48838,2
48839,2
48840,2
48841,2
48842,2
48843,2
48844,1
48845,2
48846,0
48847,1
48848,3
48849,3
48850,2
48851,2
48852,1
48853,2
48854,2
48855,2
48856,2
48857,2
48858,2
48859,2
48860,2
48861,2
48862,2
48863,2
48864,2
48865,2
48866,2
48867,0
48868,2
48869,2
48870,1
48871,2
48872,2
48873,2
48874,0
48875,2
48876,2
48877,2
48878,2
48879,3
48880,2
48881,2
48882,2
48883,1
48884,2
48885,2
48886,2
48887,2
48888,2
48889,2
48890,1
48891,2
48892,2
48893,2
48894,2
48895,2
48896,2
48897,2
48898,2
48899,2
48900,2
48901,2
48902,1
48903,3
48904,2
48905,2
48906,2
48907,2
48908,2
48909,0
48910,2
48911,2
48912,2
48913,2
48914,2
48915,2
48916,2
48917,0
48918,0
48919,2
48920,2
48921,2
48922,0
48923,2
48924,0
48925,3
48926,2
48927,2
48928,2
48929,2
48930,2
48931,2
48932,2
48933,2
48934,2
48935,2
48936,2
48937,2
48938,2
48939,2
48940,2
48941,2
48942,2
48943,2
48944,2
48945,2
48946,3
48947,2
48948,2
48949,2
48950,2
48951,2
48952,2
48953,2
48954,2
48955,2
48956,2
48957,2
48958,2
48959,2
48960,2
48961,2
48962,2
48963,1
48964,2
48965,2
48966,2
48967,2
48968,2
48969,2
48970,3
48971,2
48972,2
48973,2
48974,2
48975,2
48976,2
48977,2
48978,2
48979,2
48980,2
48981,2
48982,2
48983,2
48984,2
48985,2
48986,2
48987,2
48988,2
48989,2
48990,2
48991,2
48992,2
48993,2
48994,2
48995,2
48996,2
48997,2
48998,2
48999,2
49000,2
49001,2
49002,2
49003,2
49004,2
49005,2
49006,2
49007,2
49008,2
49009,2
49010,2
49011,2
49012,2
49013,2
49014,2
49015,3
49016,2
49017,3
49018,3
49019,3
49020,3
49021,2
49022,2
49023,2
49024,2
49025,2
49026,2
49027,2
49028,2
49029,2
49030,2
49031,2
49032,2
49033,2
49034,2
49035,2
49036,2
49037,2
49038,2
49039,2
49040,3
49041,2
49042,2
49043,3
49044,2
49045,2
49046,2
49047,2
49048,2
49049,2
49050,2
49051,2
49052,3
49053,0
49054,2
49055,2
49056,2
49057,2
49058,2
49059,2
49060,2
49061,2
49062,2
49063,2
49064,2
49065,1
49066,2
49067,3
49068,3
49069,2
49070,2
49071,2
49072,3
49073,2
49074,2
49075,2
49076,2
49077,2
49078,2
49079,2
49080,2
49081,2
49082,2
49083,2
49084,2
49085,2
49086,2
49087,2
49088,2
49089,2
49090,2
49091,2
49092,2
49093,2
49094,2
49095,3
49096,2
49097,2
49098,2
49099,2
49100,2
49101,2
49102,2
49103,2
49104,2
49105,2
49106,1
49107,2
49108,2
49109,2
49110,2
49111,2
49112,2
49113,2
49114,2
49115,2
49116,2
49117,2
49118,2
49119,2
49120,2
49121,2
49122,2
49123,3
49124,2
49125,2
49126,2
49127,3
49128,2
49129,2
49130,3
49131,2
49132,2
49133,0
49134,2
49135,2
49136,3
49137,2
49138,2
49139,2
49140,2
49141,2
49142,2
49143,2
49144,2
49145,2
49146,2
49147,3
49148,3
49149,2
49150,2
49151,2
49152,3
49153,2
49154,3
49155,2
49156,3
49157,3
49158,2
49159,2
49160,2
49161,2
49162,2
49163,2
49164,2
49165,2
49166,2
49167,1
49168,2
49169,2
49170,2
49171,2
49172,2
49173,3
49174,2
49175,2
49176,2
49177,1
49178,2
49179,2
49180,2
49181,2
49182,2
49183,2
49184,2
49185,0
49186,1
49187,0
49188,2
49189,1
49190,2
49191,0
49192,0
49193,0
49194,2
49195,0
49196,2
49197,2
49198,2
49199,0
49200,2
49201,2
49202,3
49203,2
49204,2
49205,2
49206,2
49207,2
49208,0
49209,2
49210,0
49211,2
49212,1
49213,2
49214,3
49215,3
49216,1
49217,1
49218,1
49219,2
49220,2
49221,2
49222,2
49223,2
49224,2
49225,2
49226,2
49227,1
49228,2
49229,2
49230,3
49231,2
49232,2
49233,2
49234,2
49235,2
49236,2
49237,2
49238,2
49239,3
49240,2
49241,2
49242,2
49243,2
49244,2
49245,2
49246,3
49247,2
49248,2
49249,2
49250,2
49251,2
49252,2
49253,2
49254,2
49255,2
49256,2
49257,2
49258,2
49259,3
49260,2
49261,3
49262,2
49263,3
49264,2
49265,2
49266,2
49267,2
49268,3
49269,2
49270,2
49271,2
49272,2
49273,2
49274,2
49275,2
49276,2
49277,2
49278,2
49279,2
49280,3
49281,2
49282,2
49283,2
49284,2
49285,2
49286,2
49287,2
49288,2
49289,3
49290,2
49291,2
49292,3
49293,2
49294,2
49295,3
49296,2
49297,2
49298,2
49299,2
49300,2
49301,2
49302,2
49303,2
49304,0
49305,2
49306,3
49307,2
49308,2
49309,2
49310,2
49311,0
49312,0
49313,3
49314,2
49315,1
49316,2
49317,0
49318,0
49319,0
49320,0
49321,0
49322,2
49323,2
49324,2
49325,0
49326,0
49327,2
49328,2
49329,2
49330,2
49331,0
49332,0
49333,0
49334,0
49335,2
49336,2
49337,1
49338,2
49339,0
49340,3
49341,3
49342,3
49343,3
49344,3
49345,3
49346,3
49347,3
49348,3
49349,3
49350,3
49351,3
49352,3
49353,3
49354,3
49355,3
49356,3
49357,3
49358,3
49359,3
49360,3
49361,3
49362,3
49363,3
49364,3
49365,3
49366,3
49367,3
49368,3
49369,3
49370,3
49371,3
49372,3
49373,3
49374,3
49375,3
49376,3
49377,2
49378,3
49379,3
49380,3
49381,1
49382,1
49383,3
49384,3
49385,3
49386,1
49387,1
49388,1
49389,1
49390,1
49391,1
49392,3
49393,1
49394,1
49395,3
49396,3
49397,1
49398,3
49399,1
49400,1
49401,3
49402,1
49403,3
49404,1
49405,1
49406,1
49407,3
49408,1
49409,1
49410,1
49411,1
49412,1
49413,3
49414,1
49415,1
49416,1
49417,1
49418,1
49419,3
49420,3
49421,1
49422,1
49423,1
49424,1
49425,1
49426,3
49427,3
49428,1
49429,1
49430,1
49431,3
49432,1
49433,1
49434,1
49435,1
49436,1
49437,3
49438,3
49439,3
49440,1
49441,1
49442,1
49443,1
49444,3
49445,1
49446,1
49447,1
49448,1
49449,2
49450,2
49451,2
49452,2
49453,2
49454,2
49455,3
49456,2
49457,1
49458,2
49459,3
49460,2
49461,2
49462,3
49463,2
49464,0
49465,5
49466,2
49467,2
49468,2
49469,2
49470,3
49471,3
49472,3
49473,2
49474,2
49475,2
49476,2
49477,2
49478,2
49479,2
49480,2
49481,2
49482,2
49483,2
49484,2
49485,2
49486,2
49487,2
49488,2
49489,2
49490,2
49491,2
49492,2
49493,2
49494,2
49495,2
49496,2
49497,2
49498,2
49499,2
49500,2
49501,2
49502,2
49503,2
49504,2
49505,3
49506,0
49507,2
49508,0
49509,2
49510,2
49511,3
49512,3
49513,2
49514,2
49515,2
49516,0
49517,2
49518,3
49519,2
49520,3
49521,2
49522,2
49523,3
49524,3
49525,3
49526,2
49527,2
49528,2
49529,2
49530,2
49531,2
49532,3
49533,1
49534,3
49535,3
49536,2
49537,2
49538,2
49539,2
49540,3
49541,3
49542,3
49543,2
49544,2
49545,2
49546,2
49547,3
49548,3
49549,3
49550,3
49551,3
49552,3
49553,2
49554,2
49555,2
49556,3
49557,3
49558,3
49559,2
49560,3
49561,2
49562,3
49563,3
49564,2
49565,2
49566,3
49567,2
49568,3
49569,2
49570,2
49571,2
49572,2
49573,3
49574,3
49575,2
49576,0
49577,3
49578,2
49579,2
49580,2
49581,2
49582,2
49583,2
49584,3
49585,3
49586,0
49587,1
49588,2
49589,2
49590,2
49591,2
49592,2
49593,3
49594,2
49595,2
49596,2
49597,2
49598,2
49599,2
49600,2
49601,2
49602,3
49603,2
49604,3
49605,3
49606,3
49607,2
49608,2
49609,2
49610,2
49611,2
49612,2
49613,2
49614,2
49615,2
49616,0
49617,2
49618,2
49619,2
49620,3
49621,2
49622,2
49623,2
49624,2
49625,2
49626,2
49627,2
49628,2
49629,2
49630,2
49631,2
49632,2
49633,2
49634,2
49635,2
49636,2
49637,2
49638,2
49639,2
49640,2
49641,2
49642,0
49643,2
49644,2
49645,3
49646,2
49647,2
49648,2
49649,3
49650,2
49651,3
49652,3
49653,3
49654,3
49655,3
49656,3
49657,2
49658,2
49659,3
49660,2
49661,2
49662,2
49663,0
49664,2
49665,3
49666,3
49667,2
49668,3
49669,2
49670,2
49671,2
49672,3
49673,3
49674,3
49675,2
49676,2
49677,2
49678,2
49679,2
49680,2
49681,2
49682,2
49683,2
49684,2
49685,2
49686,1
49687,0
49688,2
49689,0
49690,2
49691,3
49692,2
49693,2
49694,2
49695,2
49696,2
49697,2
49698,2
49699,2
49700,2
49701,2
49702,2
49703,3
49704,2
49705,2
49706,2
49707,2
49708,3
49709,2
49710,2
49711,3
49712,2
49713,2
49714,2
49715,2
49716,2
49717,2
49718,1
49719,0
49720,2
49721,0
49722,2
49723,3
49724,2
49725,2
49726,2
49727,3
49728,2
49729,2
49730,2
49731,3
49732,2
49733,2
49734,2
49735,2
49736,2
49737,2
49738,2
49739,2
49740,2
49741,2
49742,2
49743,3
49744,3
49745,2
49746,2
49747,2
49748,2
49749,1
49750,3
49751,3
49752,3
49753,2
49754,3
49755,2
49756,3
49757,2
49758,2
49759,3
49760,3
49761,0
49762,0
49763,2
49764,2
49765,3
49766,3
49767,2
49768,2
49769,3
49770,2
49771,2
49772,2
49773,2
49774,1
49775,2
49776,2
49777,2
49778,2
49779,2
49780,2
49781,2
49782,2
49783,2
49784,2
49785,2
49786,2
49787,2
49788,2
49789,2
49790,2
49791,2
49792,2
49793,2
49794,2
49795,2
49796,2
49797,2
49798,2
49799,2
49800,2
49801,2
49802,2
49803,2
49804,2
49805,2
49806,2
49807,2
49808,2
49809,2
49810,2
49811,3
49812,2
49813,2
49814,0
49815,2
49816,2
49817,2
49818,2
49819,2
49820,3
49821,2
49822,2
49823,2
49824,2
49825,2
49826,2
49827,2
49828,2
49829,3
49830,2
49831,2
49832,2
49833,2
49834,2
49835,2
49836,3
49837,3
49838,2
49839,2
49840,2
49841,2
49842,3
49843,2
49844,2
49845,2
49846,2
49847,2
49848,2
49849,2
49850,2
49851,2
49852,3
49853,3
49854,3
49855,2
49856,2
49857,2
49858,2
49859,2
49860,2
49861,2
49862,2
49863,3
49864,3
49865,2
49866,2
49867,2
49868,2
49869,2
49870,2
49871,2
49872,2
49873,2
49874,2
49875,2
49876,2
49877,2
49878,2
49879,2
49880,0
49881,2
49882,2
49883,2
49884,2
49885,2
49886,2
49887,3
49888,3
49889,3
49890,3
49891,2
49892,2
49893,2
49894,3
49895,2
49896,3
49897,2
49898,2
49899,2
49900,2
49901,2
49902,2
49903,2
49904,2
49905,3
49906,2
49907,3
49908,3
49909,3
49910,2
49911,3
49912,2
49913,3
49914,3
49915,3
49916,2
49917,2
49918,0
49919,2
49920,2
49921,3
49922,3
49923,0
49924,3
49925,2
49926,2
49927,2
49928,2
49929,2
49930,3
49931,2
49932,3
49933,2
49934,2
49935,2
49936,2
49937,2
49938,2
49939,2
49940,2
49941,2
49942,2
49943,2
49944,2
49945,2
49946,2
49947,2
49948,2
49949,2
49950,2
49951,2
49952,2
49953,2
49954,2
49955,2
49956,2
49957,2
49958,2
49959,2
49960,2
49961,2
49962,2
49963,2
49964,2
49965,2
49966,2
49967,2
49968,2
49969,2
49970,2
49971,2
49972,2
49973,2
49974,2
49975,2
49976,2
49977,2
49978,2
49979,2
49980,2
49981,2
49982,2
49983,2
49984,2
49985,2
49986,2
49987,2
49988,2
49989,2
49990,2
49991,2
49992,2
49993,2
49994,2
49995,2
49996,2
49997,2
49998,2
49999,2
50000,2
50001,2
50002,2
50003,2
50004,2
50005,2
50006,2
50007,2
50008,2
50009,2
50010,2
50011,2
50012,2
50013,2
50014,2
50015,2
50016,2
50017,2
50018,2
50019,2
50020,2
50021,2
50022,2
50023,2
50024,2
50025,2
50026,2
50027,2
50028,2
50029,2
50030,2
50031,2
50032,2
50033,2
50034,2
50035,2
50036,2
50037,2
50038,2
50039,3
50040,3
50041,2
50042,2
50043,3
50044,2
50045,3
50046,2
50047,2
50048,2
50049,2
50050,2
50051,2
50052,2
50053,2
50054,2
50055,2
50056,2
50057,2
50058,2
50059,2
50060,2
50061,2
50062,2
50063,2
50064,2
50065,2
50066,2
50067,2
50068,2
50069,2
50070,2
50071,2
50072,2
50073,2
50074,2
50075,2
50076,2
50077,2
50078,2
50079,2
50080,2
50081,2
50082,2
50083,2
50084,2
50085,2
50086,2
50087,2
50088,2
50089,2
50090,2
50091,2
50092,2
50093,2
50094,2
50095,2
50096,2
50097,2
50098,2
50099,2
50100,2
50101,3
50102,2
50103,2
50104,3
50105,2
50106,3
50107,3
50108,2
50109,3
50110,2
50111,2
50112,2
50113,2
50114,2
50115,2
50116,3
50117,2
50118,2
50119,2
50120,2
50121,2
50122,2
50123,2
50124,2
50125,2
50126,2
50127,2
50128,2
50129,2
50130,2
50131,2
50132,2
50133,2
50134,2
50135,2
50136,2
50137,2
50138,2
50139,2
50140,0
50141,2
50142,2
50143,2
50144,2
50145,2
50146,2
50147,2
50148,2
50149,2
50150,0
50151,0
50152,2
50153,2
50154,2
50155,0
50156,2
50157,2
50158,2
50159,2
50160,2
50161,2
50162,2
50163,2
50164,2
50165,2
50166,2
50167,2
50168,2
50169,2
50170,2
50171,2
50172,2
50173,2
50174,2
50175,2
50176,2
50177,2
50178,2
50179,2
50180,2
50181,2
50182,2
50183,2
50184,2
50185,2
50186,2
50187,2
50188,2
50189,2
50190,2
50191,2
50192,2
50193,2
50194,2
50195,2
50196,2
50197,2
50198,2
50199,2
50200,2
50201,2
50202,2
50203,2
50204,2
50205,2
50206,2
50207,2
50208,2
50209,2
50210,2
50211,2
50212,2
50213,2
50214,2
50215,2
50216,2
50217,2
50218,2
50219,2
50220,2
50221,2
50222,2
50223,2
50224,2
50225,2
50226,2
50227,1
50228,2
50229,2
50230,2
50231,2
50232,2
50233,2
50234,2
50235,2
50236,2
50237,2
50238,2
50239,2
50240,2
50241,2
50242,2
50243,2
50244,2
50245,2
50246,2
50247,2
50248,3
50249,2
50250,2
50251,2
50252,2
50253,2
50254,2
50255,2
50256,2
50257,2
50258,2
50259,2
50260,2
50261,2
50262,2
50263,2
50264,2
50265,0
50266,2
50267,2
50268,2
50269,2
50270,2
50271,2
50272,2
50273,2
50274,2
50275,2
50276,2
50277,2
50278,2
50279,2
50280,2
50281,2
50282,2
50283,2
50284,2
50285,2
50286,2
50287,2
50288,2
50289,2
50290,2
50291,2
50292,2
50293,2
50294,2
50295,2
50296,2
50297,2
50298,2
50299,2
50300,2
50301,2
50302,2
50303,2
50304,2
50305,2
50306,2
50307,2
50308,2
50309,2
50310,2
50311,2
50312,2
50313,2
50314,2
50315,2
50316,2
50317,2
50318,2
50319,2
50320,2
50321,2
50322,2
50323,2
50324,2
50325,2
50326,2
50327,2
50328,2
50329,2
50330,2
50331,2
50332,2
50333,2
50334,2
50335,2
50336,2
50337,2
50338,2
50339,2
50340,2
50341,2
50342,2
50343,2
50344,2
50345,2
50346,2
50347,2
50348,2
50349,2
50350,2
50351,2
50352,2
50353,2
50354,2
50355,2
50356,2
50357,2
50358,2
50359,2
50360,2
50361,2
50362,2
50363,2
50364,2
50365,2
50366,2
50367,2
50368,2
50369,2
50370,2
50371,2
50372,2
50373,2
50374,2
50375,2
50376,2
50377,2
50378,2
50379,2
50380,2
50381,2
50382,2
50383,2
50384,2
50385,2
50386,2
50387,2
50388,2
50389,0
50390,2
50391,2
50392,2
50393,2
50394,2
50395,2
50396,2
50397,2
50398,2
50399,2
50400,2
50401,2
50402,2
50403,2
50404,2
50405,2
50406,2
50407,2
50408,2
50409,2
50410,2
50411,2
50412,2
50413,2
50414,2
50415,2
50416,2
50417,2
50418,2
50419,2
50420,2
50421,2
50422,2
50423,2
50424,2
50425,2
50426,2
50427,2
50428,2
50429,2
50430,2
50431,2
50432,2
50433,2
50434,2
50435,2
50436,2
50437,0
50438,0
50439,3
50440,3
50441,3
50442,2
50443,2
50444,3
50445,2
50446,2
50447,2
50448,2
50449,2
50450,2
50451,2
50452,2
50453,2
50454,2
50455,2
50456,2
50457,2
50458,2
50459,2
50460,2
50461,2
50462,2
50463,2
50464,2
50465,2
50466,2
50467,2
50468,2
50469,2
50470,2
50471,2
50472,2
50473,2
50474,2
50475,2
50476,2
50477,2
50478,2
50479,2
50480,2
50481,2
50482,2
50483,3
50484,2
50485,2
50486,2
50487,3
50488,2
50489,3
50490,2
50491,2
50492,2
50493,2
50494,0
50495,2
50496,2
50497,2
50498,2
50499,2
50500,2
50501,2
50502,2
50503,2
50504,2
50505,2
50506,2
50507,2
50508,2
50509,2
50510,2
50511,2
50512,2
50513,2
50514,0
50515,2
50516,2
50517,2
50518,2
50519,1
50520,1
50521,1
50522,3
50523,2
50524,2
50525,2
50526,2
50527,2
50528,2
50529,3
50530,2
50531,3
50532,2
50533,3
50534,2
50535,2
50536,2
50537,2
50538,2
50539,2
50540,2
50541,2
50542,0
50543,3
50544,2
50545,3
50546,2
50547,2
50548,2
50549,3
50550,3
50551,3
50552,0
50553,2
50554,2
50555,2
50556,2
50557,2
50558,2
50559,3
50560,2
50561,2
50562,3
50563,2
50564,3
50565,2
50566,2
50567,3
50568,2
50569,3
50570,2
50571,3
50572,3
50573,3
50574,2
50575,2
50576,3
50577,2
50578,3
50579,2
50580,3
50581,3
50582,2
50583,3
50584,2
50585,2
50586,3
50587,2
50588,2
50589,2
50590,3
50591,3
50592,2
50593,3
50594,3
50595,3
50596,1
50597,3
50598,2
50599,2
50600,3
50601,2
50602,3
50603,2
50604,2
50605,2
50606,2
50607,3
50608,3
50609,3
50610,1
50611,3
50612,3
50613,3
50614,3
50615,3
50616,3
50617,3
50618,3
50619,3
50620,3
50621,3
50622,3
50623,3
50624,3
50625,3
50626,3
50627,3
50628,3
50629,3
50630,3
50631,0
50632,3
50633,3
50634,2
50635,2
50636,3
50637,2
50638,2
50639,3
50640,3
50641,2
50642,3
50643,3
50644,3
50645,3
50646,3
50647,3
50648,2
50649,3
50650,3
50651,3
50652,3
50653,3
50654,2
50655,3
50656,3
50657,0
50658,2
50659,1
50660,2
50661,3
50662,0
50663,0
50664,0
50665,3
50666,1
50667,3
50668,0
50669,2
50670,3
50671,3
50672,2
50673,3
50674,2
50675,2
50676,3
50677,2
50678,3
50679,0
50680,3
50681,3
50682,3
50683,3
50684,3
50685,3
50686,3
50687,3
50688,3
50689,3
50690,0
50691,3
50692,0
50693,0
50694,3
50695,3
50696,3
50697,2
50698,4
50699,3
50700,3
50701,0
50702,3
50703,3
50704,3
50705,3
50706,3
50707,3
50708,3
50709,3
50710,3
50711,3
50712,3
50713,3
50714,3
50715,3
50716,3
50717,3
50718,3
50719,0
50720,3
50721,3
50722,3
50723,3
50724,3
50725,3
50726,3
50727,3
50728,3
50729,2
50730,3
50731,3
50732,4
50733,3
50734,3
50735,3
50736,3
50737,3
50738,4
50739,3
50740,3
50741,3
50742,3
50743,3
50744,3
50745,3
50746,3
50747,3
50748,3
50749,3
50750,3
50751,3
50752,3
50753,3
50754,3
50755,2
50756,3
50757,2
50758,2
50759,2
50760,2
50761,2
50762,2
50763,2
50764,2
50765,2
50766,3
50767,2
50768,2
50769,2
50770,2
50771,2
50772,2
50773,2
50774,2
50775,2
50776,2
50777,2
50778,2
50779,2
50780,3
50781,3
50782,2
50783,2
50784,2
50785,2
50786,2
50787,2
50788,2
50789,2
50790,2
50791,2
50792,2
50793,3
50794,2
50795,3
50796,0
50797,0
50798,0
50799,3
50800,3
50801,3
50802,3
50803,3
50804,3
50805,3
50806,3
50807,3
50808,0
50809,0
50810,3
50811,3
50812,3
50813,3
50814,3
50815,3
50816,2
50817,2
50818,3
50819,0
50820,0
50821,2
50822,2
50823,0
50824,3
50825,2
50826,3
50827,3
50828,2
50829,3
50830,0
50831,3
50832,1
50833,2
50834,2
50835,3
50836,3
50837,3
50838,2
50839,2
50840,2
50841,2
50842,2
50843,2
50844,2
50845,2
50846,2
50847,2
50848,2
50849,2
50850,2
50851,2
50852,3
50853,2
50854,2
50855,1
50856,2
50857,2
50858,2
50859,2
50860,3
50861,3
50862,3
50863,0
50864,3
50865,3
50866,4
50867,3
50868,3
50869,3
50870,3
50871,3
50872,2
50873,2
50874,3
50875,2
50876,3
50877,0
50878,2
50879,2
50880,2
50881,2
50882,2
50883,2
50884,2
50885,2
50886,2
50887,2
50888,2
50889,2
50890,2
50891,2
50892,2
50893,2
50894,3
50895,2
50896,2
50897,2
50898,2
50899,2
50900,2
50901,2
50902,2
50903,2
50904,2
50905,3
50906,0
50907,3
50908,2
50909,2
50910,2
50911,2
50912,2
50913,2
50914,2
50915,2
50916,2
50917,0
50918,2
50919,2
50920,2
50921,2
50922,2
50923,2
50924,2
50925,2
50926,2
50927,2
50928,2
50929,2
50930,2
50931,2
50932,2
50933,1
50934,1
50935,0
50936,2
50937,2
50938,1
50939,3
50940,2
50941,2
50942,3
50943,2
50944,2
50945,2
50946,2
50947,2
50948,2
50949,2
50950,2
50951,3
50952,2
50953,2
50954,3
50955,2
50956,2
50957,2
50958,3
50959,2
50960,2
50961,2
50962,2
50963,2
50964,2
50965,3
50966,2
50967,3
50968,3
50969,3
50970,2
50971,2
50972,2
50973,2
50974,1
50975,3
50976,2
50977,2
50978,0
50979,2
50980,2
50981,2
50982,2
50983,2
50984,2
50985,2
50986,2
50987,2
50988,2
50989,2
50990,2
50991,2
50992,2
50993,2
50994,3
50995,2
50996,2
50997,3
50998,2
50999,0
51000,2
51001,3
51002,3
51003,0
51004,3
51005,3
51006,2
51007,3
51008,2
51009,3
51010,0
51011,2
51012,3
51013,2
51014,3
51015,3
51016,3
51017,3
51018,3
51019,3
51020,3
51021,3
51022,2
51023,2
51024,2
51025,2
51026,2
51027,2
51028,2
51029,2
51030,2
51031,2
51032,2
51033,2
51034,2
51035,2
51036,2
51037,2
51038,2
51039,2
51040,2
51041,3
51042,3
51043,2
51044,3
51045,3
51046,3
51047,3
51048,2
51049,3
51050,3
51051,3
51052,3
51053,2
51054,3
51055,2
51056,2
51057,2
51058,2
51059,2
51060,2
51061,3
51062,2
51063,3
51064,2
51065,0
51066,2
51067,3
51068,2
51069,3
51070,2
51071,3
51072,3
51073,3
51074,3
51075,2
51076,1
51077,2
51078,2
51079,2
51080,2
51081,2
51082,3
51083,2
51084,3
51085,0
51086,3
51087,3
51088,3
51089,3
51090,3
51091,0
51092,3
51093,2
51094,2
51095,0
51096,2
51097,2
51098,2
51099,2
51100,2
51101,2
51102,3
51103,3
51104,2
51105,3
51106,2
51107,2
51108,2
51109,2
51110,2
51111,2
51112,3
51113,2
51114,2
51115,2
51116,2
51117,3
51118,0
51119,3
51120,3
51121,3
51122,3
51123,2
51124,3
51125,3
51126,3
51127,2
51128,2
51129,2
51130,5
51131,2
51132,2
51133,2
51134,3
51135,2
51136,0
51137,2
51138,3
51139,2
51140,2
51141,2
51142,3
51143,2
51144,3
51145,2
51146,2
51147,2
51148,2
51149,1
51150,2
51151,2
51152,2
51153,2
51154,2
51155,2
51156,2
51157,2
51158,2
51159,3
51160,2
51161,2
51162,2
51163,2
51164,2
51165,2
51166,2
51167,0
51168,0
51169,2
51170,0
51171,2
51172,2
51173,3
51174,3
51175,3
51176,3
51177,3
51178,3
51179,3
51180,2
51181,3
51182,3
51183,2
51184,2
51185,3
51186,2
51187,3
51188,2
51189,2
51190,2
51191,2
51192,2
51193,2
51194,2
51195,2
51196,3
51197,0
51198,2
51199,2
51200,2
51201,2
51202,2
51203,2
51204,2
51205,2
51206,2
51207,2
51208,2
51209,3
51210,3
51211,3
51212,2
51213,2
51214,2
51215,2
51216,3
51217,3
51218,3
51219,2
51220,2
51221,2
51222,2
51223,2
51224,2
51225,2
51226,2
51227,2
51228,2
51229,2
51230,2
51231,2
51232,2
51233,2
51234,2
51235,2
51236,2
51237,2
51238,2
51239,2
51240,2
51241,2
51242,2
51243,2
51244,2
51245,2
51246,2
51247,2
51248,2
51249,2
51250,2
51251,2
51252,2
51253,2
51254,2
51255,2
51256,2
51257,2
51258,2
51259,2
51260,2
51261,2
51262,3
51263,2
51264,2
51265,2
51266,2
51267,2
51268,2
51269,2
51270,2
51271,3
51272,2
51273,2
51274,2
51275,2
51276,2
51277,2
51278,2
51279,2
51280,3
51281,2
51282,2
51283,2
51284,2
51285,3
51286,2
51287,0
51288,2
51289,2
51290,2
51291,2
51292,2
51293,2
51294,2
51295,2
51296,2
51297,2
51298,2
51299,2
51300,2
51301,2
51302,2
51303,2
51304,2
51305,2
51306,2
51307,2
51308,2
51309,2
51310,2
51311,2
51312,2
51313,2
51314,2
51315,2
51316,2
51317,2
51318,2
51319,2
51320,2
51321,2
51322,2
51323,2
51324,2
51325,2
51326,2
51327,2
51328,2
51329,2
51330,2
51331,2
51332,2
51333,2
51334,2
51335,2
51336,2
51337,2
51338,2
51339,2
51340,2
51341,2
51342,2
51343,2
51344,0
51345,2
51346,2
51347,2
51348,3
51349,2
51350,2
51351,2
51352,2
51353,2
51354,2
51355,2
51356,2
51357,2
51358,2
51359,2
51360,2
51361,2
51362,2
51363,2
51364,2
51365,2
51366,2
51367,2
51368,2
51369,2
51370,2
51371,2
51372,2
51373,2
51374,2
51375,2
51376,2
51377,2
51378,2
51379,2
51380,2
51381,2
51382,2
51383,2
51384,2
51385,2
51386,2
51387,2
51388,2
51389,2
51390,2
51391,2
51392,2
51393,2
51394,3
51395,2
51396,2
51397,2
51398,2
51399,2
51400,2
51401,2
51402,2
51403,2
51404,2
51405,2
51406,2
51407,2
51408,2
51409,2
51410,2
51411,2
51412,2
51413,2
51414,2
51415,2
51416,2
51417,2
51418,2
51419,2
51420,2
51421,3
51422,2
51423,2
51424,2
51425,2
51426,2
51427,2
51428,2
51429,2
51430,2
51431,0
51432,2
51433,2
51434,2
51435,2
51436,2
51437,2
51438,2
51439,2
51440,2
51441,3
51442,2
51443,2
51444,2
51445,2
51446,2
51447,3
51448,2
51449,2
51450,2
51451,2
51452,3
51453,2
51454,3
51455,2
51456,2
51457,2
51458,2
51459,2
51460,3
51461,2
51462,2
51463,2
51464,2
51465,2
51466,2
51467,0
51468,0
51469,2
51470,2
51471,2
51472,2
51473,2
51474,2
51475,2
51476,3
51477,3
51478,3
51479,2
51480,2
51481,3
51482,0
51483,2
51484,2
51485,2
51486,2
51487,2
51488,2
51489,2
51490,2
51491,2
51492,2
51493,2
51494,2
51495,3
51496,3
51497,3
51498,3
51499,3
51500,3
51501,3
51502,3
51503,3
51504,3
51505,3
51506,3
51507,3
51508,0
51509,3
51510,3
51511,3
51512,3
51513,3
51514,3
51515,3
51516,3
51517,3
51518,3
51519,3
51520,0
51521,3
51522,3
51523,3
51524,3
51525,3
51526,3
51527,3
51528,3
51529,3
51530,3
51531,3
51532,2
51533,3
51534,3
51535,0
51536,3
51537,0
51538,3
51539,3
51540,3
51541,3
51542,3
51543,0
51544,3
51545,2
51546,3
51547,3
51548,4
51549,0
51550,3
51551,3
51552,3
51553,3
51554,3
51555,3
51556,4
51557,3
51558,3
51559,0
51560,3
51561,2
51562,0
51563,3
51564,3
51565,0
51566,3
51567,3
51568,3
51569,3
51570,3
51571,3
51572,3
51573,0
51574,1
51575,3
51576,0
51577,3
51578,3
51579,3
51580,3
51581,3
51582,0
51583,3
51584,3
51585,3
51586,3
51587,3
51588,3
51589,3
51590,3
51591,3
51592,3
51593,3
51594,3
51595,3
51596,3
51597,1
51598,4
51599,3
51600,3
51601,3
51602,3
51603,3
51604,3
51605,3
51606,3
51607,3
51608,3
51609,0
51610,1
51611,1
51612,0
51613,0
51614,0
51615,0
51616,0
51617,0
51618,0
51619,2
51620,0
51621,0
51622,0
51623,3
51624,1
51625,1
51626,0
51627,3
51628,3
51629,0
51630,1
51631,3
51632,3
51633,0
51634,2
51635,2
51636,3
51637,3
51638,3
51639,3
51640,3
51641,3
51642,3
51643,3
51644,0
51645,3
51646,0
51647,3
51648,3
51649,3
51650,1
51651,3
51652,0
51653,0
51654,0
51655,0
51656,0
51657,3
51658,3
51659,3
51660,3
51661,0
51662,3
51663,2
51664,3
51665,0
51666,0
51667,0
51668,0
51669,0
51670,0
51671,0
51672,0
51673,0
51674,0
51675,0
51676,0
51677,0
51678,3
51679,3
51680,0
51681,0
51682,0
51683,0
51684,0
51685,0
51686,0
51687,0
51688,0
51689,0
51690,0
51691,0
51692,0
51693,0
51694,0
51695,0
51696,0
51697,0
51698,0
51699,0
51700,1
51701,1
51702,0
51703,0
51704,3
51705,3
51706,3
51707,3
51708,3
51709,3
51710,3
51711,3
51712,0
51713,2
51714,3
51715,4
51716,0
51717,0
51718,0
51719,0
51720,0
51721,0
51722,0
51723,0
51724,0
51725,0
51726,0
51727,0
51728,0
51729,0
51730,0
51731,0
51732,0
51733,0
51734,0
51735,0
51736,0
51737,3
51738,0
51739,3
51740,0
51741,0
51742,0
51743,0
51744,0
51745,0
51746,3
51747,3
51748,2
51749,2
51750,0
51751,3
51752,2
51753,2
51754,0
51755,0
51756,2
51757,0
51758,0
51759,1
51760,1
51761,3
51762,0
51763,2
51764,2
51765,3
51766,3
51767,2
51768,3
51769,2
51770,2
51771,0
51772,2
51773,2
51774,3
51775,2
51776,0
51777,2
51778,2
51779,2
51780,2
51781,2
51782,0
51783,2
51784,2
51785,0
51786,2
51787,0
51788,0
51789,2
51790,0
51791,2
51792,2
51793,2
51794,2
51795,2
51796,3
51797,3
51798,3
51799,3
51800,3
51801,3
51802,3
51803,2
51804,2
51805,2
51806,2
51807,2
51808,2
51809,2
51810,2
51811,2
51812,2
51813,2
51814,2
51815,2
51816,2
51817,2
51818,0
51819,3
51820,0
51821,3
51822,3
51823,2
51824,2
51825,3
51826,2
51827,2
51828,2
51829,3
51830,3
51831,3
51832,3
51833,2
51834,3
51835,3
51836,3
51837,3
51838,3
51839,3
51840,3
51841,3
51842,3
51843,3
51844,3
51845,3
51846,3
51847,2
51848,3
51849,3
51850,3
51851,3
51852,2
51853,3
51854,3
51855,3
51856,3
51857,3
51858,3
51859,3
51860,2
51861,2
51862,2
51863,2
51864,2
51865,2
51866,2
51867,0
51868,2
51869,3
51870,3
51871,1
51872,3
51873,0
51874,3
51875,3
51876,3
51877,3
51878,3
51879,3
51880,3
51881,3
51882,2
51883,3
51884,2
51885,2
51886,3
51887,2
51888,2
51889,3
51890,2
51891,3
51892,3
51893,3
51894,3
51895,3
51896,3
51897,3
51898,3
51899,3
51900,3
51901,3
51902,3
51903,3
51904,3
51905,3
51906,3
51907,3
51908,3
51909,3
51910,3
51911,3
51912,3
51913,3
51914,3
51915,2
51916,3
51917,3
51918,0
51919,3
51920,3
51921,0
51922,3
51923,2
51924,3
51925,2
51926,3
51927,3
51928,0
51929,0
51930,0
51931,2
51932,0
51933,3
51934,3
51935,3
51936,1
51937,2
51938,3
51939,2
51940,3
51941,3
51942,3
51943,3
51944,0
51945,0
51946,0
51947,0
51948,3
51949,0
51950,3
51951,3
51952,3
51953,3
51954,3
51955,3
51956,0
51957,2
51958,2
51959,2
51960,0
51961,0
51962,2
51963,2
51964,2
51965,2
51966,1
51967,1
51968,2
51969,0
51970,0
51971,0
51972,0
51973,0
51974,0
51975,3
51976,0
51977,0
51978,0
51979,0
51980,0
51981,3
51982,0
51983,0
51984,2
51985,0
51986,0
51987,0
51988,0
51989,0
51990,0
51991,2
51992,0
51993,0
51994,0
51995,2
51996,3
51997,1
51998,3
51999,1
52000,1
52001,1
52002,3
52003,1
52004,1
52005,1
52006,3
52007,3
52008,1
52009,1
52010,1
52011,3
52012,3
52013,3
52014,3
52015,1
52016,1
52017,1
52018,1
52019,1
52020,1
52021,1
52022,1
52023,1
52024,3
52025,1
52026,1
52027,3
52028,3
52029,1
52030,1
52031,3
52032,3
52033,2
52034,3
52035,3
52036,3
52037,2
52038,2
52039,2
52040,2
52041,0
52042,0
52043,2
52044,2
52045,2
52046,2
52047,0
52048,2
52049,2
52050,2
52051,3
52052,1
52053,1
52054,3
52055,3
52056,1
52057,3
52058,3
52059,1
52060,2
52061,1
52062,3
52063,1
52064,3
52065,1
52066,3
52067,2
52068,3
52069,3
52070,3
52071,3
52072,3
52073,3
52074,1
52075,3
52076,3
52077,3
52078,3
52079,3
52080,3
52081,3
52082,3
52083,3
52084,3
52085,3
52086,3
52087,1
52088,3
52089,3
52090,3
52091,3
52092,3
52093,3
52094,1
52095,1
52096,1
52097,1
52098,1
52099,3
52100,3
52101,3
52102,3
52103,3
52104,3
52105,1
52106,1
52107,1
52108,1
52109,1
52110,3
52111,3
52112,3
52113,3
52114,2
52115,1
52116,1
52117,3
52118,3
52119,3
52120,3
52121,3
52122,1
52123,1
52124,1
52125,3
52126,3
52127,2
52128,2
52129,3
52130,3
52131,3
52132,1
52133,3
52134,1
52135,3
52136,3
52137,3
52138,3
52139,1
52140,3
52141,2
52142,2
52143,3
52144,3
52145,3
52146,3
52147,1
52148,2
52149,2
52150,1
52151,3
52152,3
52153,3
52154,0
52155,2
52156,2
52157,3
52158,3
52159,1
52160,3
52161,0
52162,3
52163,3
52164,3
52165,3
52166,3
52167,3
52168,3
52169,3
52170,3
52171,3
52172,3
52173,1
52174,3
52175,2
52176,3
52177,3
52178,3
52179,3
52180,3
52181,3
52182,3
52183,1
52184,1
52185,1
52186,3
52187,1
52188,1
52189,1
52190,3
52191,1
52192,1
52193,1
52194,3
52195,1
52196,3
52197,3
52198,3
52199,2
52200,2
52201,3
52202,0
52203,0
52204,2
52205,3
52206,3
52207,3
52208,3
52209,1
52210,1
52211,1
52212,3
52213,3
52214,1
52215,2
52216,3
52217,3
52218,1
52219,3
52220,1
52221,1
52222,3
52223,1
52224,3
52225,3
52226,0
52227,3
52228,0
52229,3
52230,3
52231,1
52232,1
52233,1
52234,1
52235,2
52236,3
52237,0
52238,0
52239,3
52240,2
52241,0
52242,2
52243,3
52244,3
52245,3
52246,0
52247,0
52248,2
52249,0
52250,3
52251,3
52252,0
52253,0
52254,1
52255,3
52256,3
52257,3
52258,3
52259,3
52260,3
52261,3
52262,3
52263,1
52264,1
52265,1
52266,1
52267,1
52268,1
52269,1
52270,3
52271,3
52272,1
52273,1
52274,1
52275,3
52276,3
52277,3
52278,3
52279,1
52280,1
52281,1
52282,1
52283,1
52284,3
52285,1
52286,3
52287,3
52288,1
52289,3
52290,3
52291,1
52292,1
52293,1
52294,3
52295,1
52296,3
52297,0
52298,3
52299,3
52300,3
52301,3
52302,3
52303,0
52304,3
52305,1
52306,3
52307,2
52308,3
52309,3
52310,3
52311,1
52312,1
52313,3
52314,3
52315,3
52316,3
52317,0
52318,0
52319,3
52320,3
52321,3
52322,1
52323,1
52324,3
52325,3
52326,3
52327,1
52328,1
52329,1
52330,1
52331,0
52332,0
52333,2
52334,1
52335,1
52336,1
52337,1
52338,1
52339,2
52340,0
52341,3
52342,0
52343,0
52344,3
52345,3
52346,3
52347,2
52348,3
52349,3
52350,3
52351,3
52352,3
52353,3
52354,1
52355,3
52356,3
52357,3
52358,3
52359,3
52360,3
52361,3
52362,3
52363,3
52364,3
52365,3
52366,1
52367,3
52368,3
52369,3
52370,3
52371,3
52372,1
52373,1
52374,1
52375,3
52376,1
52377,3
52378,3
52379,3
52380,3
52381,3
52382,1
52383,3
52384,1
52385,3
52386,3
52387,3
52388,1
52389,2
52390,1
52391,3
52392,2
52393,1
52394,3
52395,3
52396,0
52397,3
52398,2
52399,3
52400,3
52401,3
52402,3
52403,0
52404,3
52405,0
52406,3
52407,0
52408,2
52409,3
52410,0
52411,0
52412,0
52413,0
52414,0
52415,0
52416,0
52417,3
52418,0
52419,0
52420,0
52421,0
52422,0
52423,0
52424,2
52425,0
52426,3
52427,3
52428,2
52429,0
52430,0
52431,3
52432,3
52433,3
52434,3
52435,3
52436,3
52437,3
52438,0
52439,3
52440,3
52441,3
52442,3
52443,3
52444,3
52445,3
52446,3
52447,3
52448,3
52449,1
52450,1
52451,1
52452,3
52453,1
52454,3
52455,0
52456,0
52457,0
52458,0
52459,0
52460,2
52461,0
52462,3
52463,0
52464,0
52465,0
52466,2
52467,0
52468,0
52469,0
52470,0
52471,0
52472,0
52473,2
52474,2
52475,2
52476,2
52477,2
52478,0
52479,2
52480,0
52481,0
52482,0
52483,3
52484,3
52485,3
52486,3
52487,3
52488,3
52489,3
52490,3
52491,3
52492,3
52493,1
52494,1
52495,1
52496,3
52497,3
52498,0
52499,3
52500,3
52501,3
52502,3
52503,3
52504,3
52505,0
52506,3
52507,3
52508,3
52509,3
52510,1
52511,3
52512,3
52513,3
52514,3
52515,3
52516,3
52517,2
52518,3
52519,3
52520,3
52521,3
52522,3
52523,3
52524,0
52525,3
52526,3
52527,3
52528,2
52529,3
52530,2
52531,0
52532,3
52533,3
52534,3
52535,1
52536,3
52537,3
52538,3
52539,2
52540,3
52541,3
52542,3
52543,2
52544,0
52545,3
52546,1
52547,3
52548,1
52549,0
52550,0
52551,3
52552,3
52553,0
52554,0
52555,3
52556,2
52557,3
52558,0
52559,2
52560,0
52561,3
52562,0
52563,0
52564,0
52565,0
52566,0
52567,0
52568,2
52569,0
52570,0
52571,0
52572,3
52573,2
52574,2
52575,0
52576,0
52577,0
52578,0
52579,3
52580,0
52581,0
52582,0
52583,0
52584,2
52585,2
52586,2
52587,2
52588,0
52589,0
52590,0
52591,0
52592,0
52593,3
52594,2
52595,3
52596,1
52597,3
52598,0
52599,0
52600,0
52601,3
52602,0
52603,2
52604,3
52605,3
52606,0
52607,3
52608,3
52609,0
52610,0
52611,3
52612,0
52613,3
52614,3
52615,0
52616,0
52617,0
52618,0
52619,0
52620,2
52621,0
52622,0
52623,0
52624,0
52625,0
52626,0
52627,0
52628,0
52629,2
52630,0
52631,0
52632,0
52633,0
52634,0
52635,0
52636,0
52637,0
52638,1
52639,1
52640,1
52641,1
52642,1
52643,1
52644,1
52645,1
52646,0
52647,1
52648,1
52649,3
52650,3
52651,3
52652,3
52653,3
52654,3
52655,3
52656,3
52657,3
52658,3
52659,3
52660,3
52661,0
52662,0
52663,3
52664,3
52665,3
52666,3
52667,3
52668,3
52669,3
52670,3
52671,3
52672,3
52673,0
52674,3
52675,3
52676,3
52677,1
52678,1
52679,3
52680,1
52681,1
52682,3
52683,3
52684,3
52685,3
52686,3
52687,3
52688,3
52689,3
52690,3
52691,3
52692,0
52693,3
52694,2
52695,0
52696,3
52697,3
52698,3
52699,3
52700,3
52701,3
52702,3
52703,0
52704,3
52705,2
52706,0
52707,3
52708,3
52709,3
52710,3
52711,3
52712,3
52713,3
52714,3
52715,3
52716,3
52717,3
52718,3
52719,3
52720,3
52721,3
52722,3
52723,3
52724,3
52725,3
52726,1
52727,3
52728,3
52729,3
52730,3
52731,3
52732,3
52733,3
52734,3
52735,3
52736,1
52737,3
52738,3
52739,3
52740,3
52741,3
52742,3
52743,3
52744,1
52745,3
52746,3
52747,1
52748,3
52749,3
52750,3
52751,3
52752,3
52753,1
52754,3
52755,3
52756,3
52757,3
52758,1
52759,0
52760,3
52761,1
52762,1
52763,1
52764,3
52765,1
52766,1
52767,2
52768,3
52769,3
52770,1
52771,1
52772,3
52773,1
52774,3
52775,3
52776,1
52777,3
52778,1
52779,2
52780,1
52781,3
52782,3
52783,3
52784,3
52785,3
52786,3
52787,3
52788,3
52789,3
52790,3
52791,3
52792,3
52793,3
52794,3
52795,3
52796,3
52797,3
52798,2
52799,3
52800,3
52801,1
52802,3
52803,1
52804,3
52805,3
52806,3
52807,3
52808,3
52809,1
52810,3
52811,3
52812,3
52813,3
52814,3
52815,3
52816,3
52817,3
52818,0
52819,0
52820,0
52821,3
52822,0
52823,0
52824,2
52825,2
52826,0
52827,0
52828,0
52829,1
52830,1
52831,1
52832,1
52833,2
52834,0
52835,0
52836,0
52837,0
52838,3
52839,2
52840,0
52841,0
52842,0
52843,3
52844,0
52845,0
52846,0
52847,0
52848,0
52849,0
52850,2
52851,0
52852,0
52853,0
52854,0
52855,0
52856,0
52857,0
52858,0
52859,0
52860,0
52861,0
52862,0
52863,0
52864,0
52865,0
52866,0
52867,0
52868,0
52869,0
52870,0
52871,0
52872,0
52873,0
52874,0
52875,0
52876,0
52877,0
52878,0
52879,2
52880,0
52881,0
52882,0
52883,2
52884,0
52885,0
52886,0
52887,2
52888,0
52889,0
52890,0
52891,0
52892,0
52893,0
52894,0
52895,0
52896,2
52897,0
52898,2
52899,0
52900,0
52901,0
52902,0
52903,0
52904,0
52905,0
52906,0
52907,0
52908,0
52909,0
52910,0
52911,0
52912,0
52913,0
52914,0
52915,0
52916,0
52917,0
52918,0
52919,0
52920,0
52921,0
52922,3
52923,0
52924,0
52925,0
52926,0
52927,0
52928,0
52929,0
52930,0
52931,0
52932,0
52933,0
52934,0
52935,0
52936,0
52937,0
52938,0
52939,0
52940,0
52941,0
52942,0
52943,0
52944,0
52945,0
52946,0
52947,0
52948,3
52949,3
52950,0
52951,3
52952,0
52953,0
52954,2
52955,3
52956,2
52957,0
52958,0
52959,0
52960,0
52961,0
52962,2
52963,0
52964,0
52965,0
52966,0
52967,0
52968,0
52969,0
52970,0
52971,0
52972,0
52973,0
52974,0
52975,0
52976,0
52977,0
52978,0
52979,0
52980,0
52981,3
52982,3
52983,3
52984,0
52985,0
52986,1
52987,0
52988,0
52989,0
52990,0
52991,0
52992,0
52993,0
52994,3
52995,0
52996,0
52997,2
52998,3
52999,3
53000,3
53001,0
53002,0
53003,0
53004,0
53005,0
53006,0
53007,0
53008,0
53009,0
53010,0
53011,0
53012,0
53013,0
53014,0
53015,1
53016,3
53017,3
53018,3
53019,3
53020,3
53021,3
53022,1
53023,3
53024,3
53025,3
53026,1
53027,0
53028,0
53029,3
53030,3
53031,3
53032,3
53033,3
53034,3
53035,3
53036,3
53037,0
53038,0
53039,0
53040,0
53041,0
53042,0
53043,0
53044,1
53045,3
53046,3
53047,3
53048,1
53049,3
53050,3
53051,3
53052,2
53053,0
53054,0
53055,1
53056,1
53057,0
53058,3
53059,3
53060,3
53061,1
53062,1
53063,1
53064,3
53065,0
53066,3
53067,2
53068,3
53069,3
53070,1
53071,0
53072,3
53073,0
53074,3
53075,3
53076,3
53077,3
53078,3
53079,2
53080,3
53081,2
53082,3
53083,2
53084,0
53085,0
53086,0
53087,0
53088,0
53089,3
53090,3
53091,3
53092,3
53093,3
53094,3
53095,3
53096,3
53097,3
53098,2
53099,2
53100,3
53101,2
53102,2
53103,2
53104,3
53105,3
53106,3
53107,3
53108,2
53109,2
53110,2
53111,2
53112,3
53113,0
53114,3
53115,3
53116,0
53117,0
53118,0
53119,0
53120,0
53121,0
53122,3
53123,0
53124,0
53125,2
53126,3
53127,2
53128,0
53129,0
53130,0
53131,0
53132,0
53133,0
53134,2
53135,2
53136,2
53137,3
53138,3
53139,3
53140,3
53141,3
53142,0
53143,3
53144,2
53145,0
53146,2
53147,0
53148,0
53149,2
53150,1
53151,3
53152,3
53153,3
53154,3
53155,0
53156,3
53157,0
53158,0
53159,2
53160,3
53161,0
53162,0
53163,0
53164,3
53165,3
53166,0
53167,0
53168,2
53169,3
53170,0
53171,2
53172,2
53173,3
53174,3
53175,2
53176,3
53177,3
53178,3
53179,3
53180,3
53181,2
53182,3
53183,3
53184,2
53185,0
53186,0
53187,2
53188,2
53189,1
53190,2
53191,0
53192,0
53193,0
53194,0
53195,0
53196,0
53197,0
53198,0
53199,0
53200,0
53201,2
53202,3
53203,3
53204,3
53205,2
53206,2
53207,0
53208,0
53209,3
53210,0
53211,0
53212,2
53213,2
53214,2
53215,2
53216,3
53217,0
53218,0
53219,3
53220,0
53221,0
53222,2
53223,3
53224,0
53225,0
53226,0
53227,3
53228,3
53229,3
53230,2
53231,2
53232,3
53233,3
53234,3
53235,3
53236,3
53237,3
53238,2
53239,0
53240,3
53241,3
53242,0
53243,2
53244,3
53245,3
53246,3
53247,2
53248,0
53249,2
53250,2
53251,2
53252,2
53253,2
53254,0
53255,3
53256,2
53257,2
53258,3
53259,2
53260,0
53261,0
53262,3
53263,3
53264,2
53265,2
53266,2
53267,2
53268,2
53269,3
53270,3
53271,2
53272,2
53273,2
53274,2
53275,2
53276,2
53277,2
53278,2
53279,3
53280,0
53281,0
53282,3
53283,4
53284,3
53285,0
53286,3
53287,3
53288,3
53289,3
53290,3
53291,2
53292,3
53293,3
53294,3
53295,3
53296,3
53297,2
53298,2
53299,3
53300,3
53301,3
53302,2
53303,2
53304,2
53305,3
53306,3
53307,3
53308,0
53309,3
53310,3
53311,3
53312,3
53313,3
53314,0
53315,3
53316,3
53317,3
53318,3
53319,3
53320,3
53321,3
53322,3
53323,3
53324,3
53325,3
53326,3
53327,3
53328,3
53329,3
53330,3
53331,3
53332,3
53333,3
53334,3
53335,3
53336,0
53337,0
53338,3
53339,3
53340,3
53341,3
53342,3
53343,3
53344,3
53345,0
53346,2
53347,2
53348,3
53349,3
53350,3
53351,3
53352,3
53353,3
53354,3
53355,2
53356,2
53357,3
53358,3
53359,3
53360,1
53361,0
53362,3
53363,0
53364,0
53365,0
53366,0
53367,2
53368,2
53369,2
53370,2
53371,2
53372,3
53373,2
53374,2
53375,0
53376,2
53377,3
53378,3
53379,3
53380,3
53381,3
53382,0
53383,3
53384,3
53385,3
53386,2
53387,0
53388,3
53389,3
53390,3
53391,2
53392,2
53393,3
53394,3
53395,2
53396,2
53397,2
53398,2
53399,2
53400,2
53401,0
53402,0
53403,0
53404,3
53405,3
53406,3
53407,3
53408,3
53409,3
53410,3
53411,3
53412,3
53413,3
53414,2
53415,3
53416,3
53417,3
53418,3
53419,3
53420,3
53421,3
53422,3
53423,2
53424,1
53425,1
53426,2
53427,3
53428,3
53429,3
53430,3
53431,3
53432,1
53433,0
53434,1
53435,0
53436,2
53437,2
53438,2
53439,2
53440,2
53441,2
53442,2
53443,2
53444,4
53445,3
53446,3
53447,3
53448,3
53449,0
53450,3
53451,3
53452,3
53453,3
53454,2
53455,3
53456,3
53457,2
53458,2
53459,0
53460,0
53461,0
53462,0
53463,2
53464,3
53465,0
53466,0
53467,2
53468,0
53469,1
53470,0
53471,3
53472,0
53473,3
53474,3
53475,3
53476,0
53477,2
53478,2
53479,0
53480,0
53481,2
53482,2
53483,0
53484,0
53485,1
53486,1
53487,1
53488,0
53489,0
53490,3
53491,0
53492,0
53493,0
53494,0
53495,2
53496,0
53497,3
53498,0
53499,0
53500,0
53501,0
53502,0
53503,3
53504,3
53505,2
53506,3
53507,2
53508,3
53509,0
53510,0
53511,0
53512,2
53513,3
53514,1
53515,1
53516,3
53517,1
53518,0
53519,0
53520,3
53521,3
53522,3
53523,0
53524,0
53525,3
53526,2
53527,3
53528,2
53529,2
53530,3
53531,3
53532,2
53533,2
53534,2
53535,2
53536,2
53537,2
53538,2
53539,0
53540,2
53541,2
53542,2
53543,2
53544,0
53545,0
53546,0
53547,3
53548,2
53549,0
53550,3
53551,2
53552,2
53553,0
53554,0
53555,3
53556,0
53557,0
53558,2
53559,3
53560,0
53561,0
53562,0
53563,0
53564,2
53565,3
53566,0
53567,0
53568,1
53569,1
53570,2
53571,2
53572,2
53573,3
53574,2
53575,2
53576,3
53577,2
53578,3
53579,2
53580,0
53581,2
53582,2
53583,0
53584,3
53585,2
53586,2
53587,3
53588,1
53589,0
53590,0
53591,0
53592,0
53593,3
53594,0
53595,0
53596,2
53597,2
53598,0
53599,2
53600,3
53601,3
53602,3
53603,2
53604,3
53605,2
53606,2
53607,2
53608,2
53609,2
53610,2
53611,2
53612,2
53613,2
53614,2
53615,2
53616,2
53617,2
53618,2
53619,2
53620,2
53621,2
53622,2
53623,2
53624,2
53625,2
53626,2
53627,2
53628,2
53629,2
53630,2
53631,2
53632,2
53633,2
53634,2
53635,2
53636,2
53637,2
53638,2
53639,3
53640,2
53641,2
53642,0
53643,2
53644,2
53645,2
53646,2
53647,2
53648,2
53649,2
53650,2
53651,2
53652,2
53653,2
53654,2
53655,2
53656,2
53657,2
53658,2
53659,2
53660,2
53661,2
53662,2
53663,2
53664,2
53665,2
53666,2
53667,2
53668,2
53669,2
53670,2
53671,2
53672,2
53673,2
53674,2
53675,3
53676,3
53677,2
53678,2
53679,2
53680,2
53681,0
53682,0
53683,2
53684,3
53685,2
53686,2
53687,2
53688,2
53689,2
53690,2
53691,2
53692,2
53693,2
53694,2
53695,2
53696,2
53697,2
53698,2
53699,2
53700,2
53701,2
53702,2
53703,2
53704,2
53705,2
53706,0
53707,2
53708,2
53709,2
53710,2
53711,2
53712,2
53713,2
53714,2
53715,2
53716,2
53717,2
53718,2
53719,0
53720,2
53721,2
53722,2
53723,2
53724,2
53725,2
53726,2
53727,2
53728,2
53729,2
53730,2
53731,2
53732,2
53733,2
53734,2
53735,2
53736,2
53737,2
53738,2
53739,2
53740,2
53741,2
53742,2
53743,2
53744,2
53745,2
53746,2
53747,2
53748,2
53749,2
53750,2
53751,2
53752,2
53753,2
53754,2
53755,2
53756,2
53757,2
53758,1
53759,3
53760,2
53761,2
53762,2
53763,3
53764,3
53765,1
53766,1
53767,1
53768,1
53769,1
53770,1
53771,1
53772,1
53773,1
53774,1
53775,1
53776,1
53777,1
53778,1
53779,1
53780,1
53781,1
53782,2
53783,2
53784,3
53785,2
53786,2
53787,1
53788,1
53789,1
53790,1
53791,3
53792,3
53793,3
53794,3
53795,1
53796,3
53797,3
53798,3
53799,1
53800,3
53801,3
53802,3
53803,3
53804,3
53805,3
53806,3
53807,3
53808,2
53809,3
53810,3
53811,3
53812,3
53813,3
53814,3
53815,3
53816,3
53817,3
53818,3
53819,3
53820,3
53821,3
53822,3
53823,2
53824,3
53825,3
53826,3
53827,3
53828,2
53829,2
53830,3
53831,3
53832,3
53833,3
53834,3
53835,3
53836,3
53837,3
53838,1
53839,3
53840,3
53841,3
53842,1
53843,3
53844,3
53845,1
53846,3
53847,2
53848,2
53849,1
53850,2
53851,3
53852,2
53853,3
53854,3
53855,1
53856,3
53857,3
53858,3
53859,3
53860,3
53861,3
53862,3
53863,3
53864,3
53865,0
53866,3
53867,3
53868,0
53869,3
53870,0
53871,3
53872,3
53873,1
53874,3
53875,3
53876,3
53877,0
53878,3
53879,1
53880,3
53881,0
53882,3
53883,3
53884,1
53885,3
53886,2
53887,3
53888,2
53889,3
53890,3
53891,2
53892,0
53893,1
53894,3
53895,3
53896,1
53897,3
53898,3
53899,1
53900,3
53901,3
53902,3
53903,3
53904,1
53905,3
53906,0
53907,0
53908,3
53909,3
53910,3
53911,3
53912,3
53913,3
53914,3
53915,3
53916,0
53917,2
53918,3
53919,3
53920,3
53921,0
53922,1
53923,1
53924,1
53925,2
53926,3
53927,3
53928,3
53929,3
53930,3
53931,3
53932,3
53933,3
53934,3
53935,3
53936,3
53937,3
53938,3
53939,1
53940,1
53941,3
53942,1
53943,3
53944,3
53945,3
53946,2
53947,1
53948,3
53949,3
53950,0
53951,1
53952,2
53953,1
53954,3
53955,3
53956,3
53957,1
53958,3
53959,3
53960,3
53961,1
53962,0
53963,3
53964,3
53965,0
53966,3
53967,3
53968,3
53969,4
53970,2
53971,2
53972,3
53973,0
53974,2
53975,2
53976,0
53977,2
53978,2
53979,2
53980,2
53981,2
53982,3
53983,2
53984,2
53985,3
53986,3
53987,3
53988,3
53989,1
53990,0
53991,2
53992,0
53993,3
53994,2
53995,3
53996,0
53997,0
53998,0
53999,0
54000,3
54001,3
54002,0
54003,0
54004,0
54005,0
54006,0
54007,0
54008,0
54009,0
54010,0
54011,0
54012,0
54013,0
54014,0
54015,0
54016,0
54017,0
54018,0
54019,0
54020,0
54021,0
54022,0
54023,0
54024,0
54025,0
54026,0
54027,0
54028,0
54029,0
54030,0
54031,0
54032,0
54033,0
54034,0
54035,0
54036,0
54037,0
54038,0
54039,0
54040,0
54041,0
54042,0
54043,0
54044,0
54045,0
54046,0
54047,0
54048,0
54049,0
54050,0
54051,0
54052,0
54053,0
54054,0
54055,0
54056,0
54057,0
54058,0
54059,0
54060,0
54061,0
54062,0
54063,0
54064,0
54065,0
54066,0
54067,0
54068,0
54069,0
54070,0
54071,0
54072,0
54073,0
54074,0
54075,0
54076,0
54077,0
54078,0
54079,0
54080,0
54081,0
54082,0
54083,0
54084,0
54085,0
54086,0
54087,0
54088,0
54089,0
54090,0
54091,0
54092,0
54093,0
54094,0
54095,0
54096,0
54097,0
54098,0
54099,0
54100,0
54101,0
54102,0
54103,0
54104,0
54105,0
54106,0
54107,0
54108,2
54109,3
54110,0
54111,0
54112,0
54113,0
54114,0
54115,0
54116,0
54117,0
54118,0
54119,0
54120,0
54121,0
54122,0
54123,0
54124,0
54125,0
54126,0
54127,0
54128,0
54129,0
54130,0
54131,2
54132,2
54133,1
54134,3
54135,3
54136,2
54137,3
54138,3
54139,3
54140,1
54141,3
54142,3
54143,1
54144,0
54145,0
54146,0
54147,0
54148,2
54149,1
54150,0
54151,3
54152,0
54153,3
54154,0
54155,0
54156,3
54157,0
54158,0
54159,0
54160,0
54161,0
54162,0
54163,0
54164,3
54165,3
54166,3
54167,3
54168,0
54169,3
54170,1
54171,0
54172,0
54173,0
54174,3
54175,2
54176,1
54177,0
54178,0
54179,1
54180,0
54181,0
54182,0
54183,0
54184,0
54185,0
54186,0
54187,0
54188,0
54189,0
54190,0
54191,0
54192,0
54193,0
54194,0
54195,0
54196,0
54197,0
54198,0
54199,0
54200,0
54201,0
54202,0
54203,0
54204,0
54205,0
54206,0
54207,0
54208,0
54209,0
54210,0
54211,0
54212,0
54213,0
54214,0
54215,0
54216,0
54217,3
54218,3
54219,0
54220,0
54221,0
54222,0
54223,0
54224,3
54225,3
54226,3
54227,3
54228,0
54229,0
54230,3
54231,3
54232,3
54233,0
54234,3
54235,3
54236,3
54237,0
54238,3
54239,0
54240,0
54241,3
54242,3
54243,0
54244,0
54245,0
54246,0
54247,0
54248,0
54249,3
54250,3
54251,3
54252,3
54253,3
54254,3
54255,3
54256,3
54257,1
54258,1
54259,1
54260,1
54261,1
54262,3
54263,3
54264,3
54265,3
54266,3
54267,3
54268,3
54269,3
54270,3
54271,3
54272,3
54273,3
54274,3
54275,3
54276,3
54277,3
54278,3
54279,3
54280,3
54281,3
54282,3
54283,3
54284,3
54285,3
54286,1
54287,3
54288,1
54289,3
54290,3
54291,3
54292,0
54293,0
54294,0
54295,0
54296,0
54297,0
54298,0
54299,0
54300,0
54301,3
54302,3
54303,0
54304,3
54305,3
54306,3
54307,3
54308,3
54309,3
54310,3
54311,1
54312,3
54313,3
54314,3
54315,3
54316,1
54317,1
54318,1
54319,1
54320,1
54321,1
54322,1
54323,1
54324,1
54325,1
54326,1
54327,1
54328,1
54329,1
54330,1
54331,1
54332,3
54333,1
54334,1
54335,3
54336,1
54337,1
54338,1
54339,1
54340,1
54341,1
54342,1
54343,1
54344,1
54345,1
54346,1
54347,1
54348,1
54349,1
54350,3
54351,1
54352,1
54353,3
54354,1
54355,1
54356,1
54357,1
54358,1
54359,1
54360,1
54361,1
54362,1
54363,1
54364,1
54365,1
54366,1
54367,1
54368,3
54369,1
54370,1
54371,1
54372,1
54373,1
54374,1
54375,1
54376,1
54377,1
54378,1
54379,1
54380,1
54381,1
54382,1
54383,1
54384,1
54385,3
54386,1
54387,1
54388,1
54389,1
54390,1
54391,1
54392,1
54393,1
54394,1
54395,1
54396,1
54397,1
54398,1
54399,0
54400,1
54401,1
54402,1
54403,3
54404,1
54405,1
54406,1
54407,1
54408,3
54409,3
54410,1
54411,1
54412,1
54413,3
54414,1
54415,3
54416,3
54417,3
54418,0
54419,3
54420,3
54421,3
54422,3
54423,3
54424,3
54425,3
54426,0
54427,0
54428,3
54429,0
54430,0
54431,2
54432,3
54433,3
54434,1
54435,3
54436,3
54437,3
54438,3
54439,3
54440,3
54441,3
54442,3
54443,3
54444,3
54445,3
54446,3
54447,3
54448,2
54449,3
54450,3
54451,3
54452,3
54453,3
54454,1
54455,1
54456,1
54457,1
54458,1
54459,1
54460,1
54461,1
54462,1
54463,1
54464,1
54465,1
54466,3
54467,1
54468,3
54469,3
54470,3
54471,3
54472,3
54473,1
54474,3
54475,3
54476,1
54477,1
54478,1
54479,3
54480,3
54481,2
54482,3
54483,3
54484,3
54485,3
54486,3
54487,3
54488,3
54489,0
54490,3
54491,3
54492,3
54493,3
54494,3
54495,3
54496,3
54497,3
54498,3
54499,3
54500,3
54501,3
54502,3
54503,3
54504,3
54505,3
54506,3
54507,3
54508,3
54509,3
54510,3
54511,1
54512,2
54513,3
54514,3
54515,3
54516,3
54517,3
54518,3
54519,3
54520,2
54521,3
54522,3
54523,2
54524,3
54525,3
54526,3
54527,1
54528,1
54529,1
54530,3
54531,3
54532,3
54533,3
54534,3
54535,3
54536,3
54537,3
54538,2
54539,3
54540,3
54541,3
54542,3
54543,3
54544,3
54545,3
54546,3
54547,3
54548,3
54549,3
54550,3
54551,3
54552,3
54553,3
54554,3
54555,3
54556,3
54557,3
54558,3
54559,3
54560,3
54561,3
54562,3
54563,3
54564,3
54565,3
54566,3
54567,3
54568,3
54569,4
54570,2
54571,3
54572,3
54573,2
54574,4
54575,3
54576,3
54577,3
54578,3
54579,3
54580,3
54581,1
54582,3
54583,3
54584,3
54585,3
54586,3
54587,3
54588,3
54589,3
54590,3
54591,3
54592,2
54593,2
54594,1
54595,1
54596,1
54597,1
54598,3
54599,3
54600,3
54601,1
54602,1
54603,3
54604,3
54605,3
54606,2
54607,3
54608,3
54609,3
54610,3
54611,1
54612,3
54613,3
54614,0
54615,3
54616,3
54617,3
54618,3
54619,2
54620,3
54621,3
54622,0
54623,3
54624,3
54625,0
54626,3
54627,3
54628,0
54629,3
54630,3
54631,3
54632,3
54633,2
54634,3
54635,3
54636,3
54637,2
54638,2
54639,2
54640,3
54641,1
54642,3
54643,2
54644,2
54645,2
54646,2
54647,2
54648,3
54649,0
54650,2
54651,2
54652,2
54653,2
54654,2
54655,2
54656,2
54657,2
54658,2
54659,2
54660,2
54661,2
54662,2
54663,2
54664,2
54665,2
54666,2
54667,2
54668,3
54669,2
54670,2
54671,2
54672,2
54673,2
54674,2
54675,2
54676,3
54677,2
54678,1
54679,3
54680,3
54681,3
54682,2
54683,3
54684,2
54685,1
54686,3
54687,3
54688,3
54689,4
54690,0
54691,2
54692,0
54693,0
54694,3
54695,4
54696,0
54697,0
54698,0
54699,2
54700,3
54701,2
54702,3
54703,2
54704,2
54705,2
54706,2
54707,2
54708,2
54709,2
54710,3
54711,2
54712,2
54713,2
54714,2
54715,3
54716,2
54717,2
54718,3
54719,3
54720,2
54721,2
54722,2
54723,2
54724,2
54725,3
54726,3
54727,3
54728,3
54729,3
54730,2
54731,2
54732,2
54733,2
54734,2
54735,2
54736,2
54737,2
54738,3
54739,3
54740,2
54741,3
54742,3
54743,3
54744,0
54745,2
54746,3
54747,3
54748,3
54749,3
54750,3
54751,3
54752,2
54753,1
54754,1
54755,3
54756,2
54757,3
54758,2
54759,0
54760,2
54761,3
54762,3
54763,1
54764,3
54765,3
54766,3
54767,3
54768,0
54769,0
54770,0
54771,0
54772,1
54773,3
54774,3
54775,3
54776,3
54777,3
54778,3
54779,1
54780,3
54781,3
54782,3
54783,1
54784,3
54785,3
54786,3
54787,2
54788,2
54789,1
54790,1
54791,4
54792,1
54793,1
54794,3
54795,3
54796,3
54797,2
54798,2
54799,0
54800,3
54801,3
54802,3
54803,3
54804,2
54805,2
54806,2
54807,2
54808,2
54809,3
54810,2
54811,3
54812,0
54813,2
54814,2
54815,3
54816,1
54817,3
54818,4
54819,3
54820,3
54821,3
54822,2
54823,0
54824,0
54825,3
54826,3
54827,3
54828,2
54829,3
54830,2
54831,0
54832,3
54833,2
54834,2
54835,0
54836,2
54837,2
54838,2
54839,3
54840,2
54841,3
54842,0
54843,0
54844,1
54845,3
54846,2
54847,3
54848,3
54849,2
54850,3
54851,3
54852,3
54853,3
54854,1
54855,1
54856,1
54857,1
54858,2
54859,2
54860,3
54861,1
54862,1
54863,0
54864,2
54865,2
54866,2
54867,3
54868,3
54869,2
54870,2
54871,3
54872,3
54873,3
54874,3
54875,2
54876,3
54877,3
54878,3
54879,3
54880,0
54881,4
54882,0
54883,2
54884,3
54885,3
54886,0
54887,2
54888,2
54889,3
54890,2
54891,2
54892,2
54893,3
54894,2
54895,1
54896,2
54897,3
54898,1
54899,0
54900,0
54901,2
54902,1
54903,2
54904,2
54905,3
54906,3
54907,2
54908,3
54909,3
54910,1
54911,1
54912,3
54913,1
54914,3
54915,1
54916,2
54917,2
54918,3
54919,2
54920,2
54921,2
54922,3
54923,3
54924,3
54925,2
54926,3
54927,2
54928,0
54929,2
54930,3
54931,3
54932,3
54933,0
54934,3
54935,1
54936,3
54937,3
54938,0
54939,3
54940,2
54941,2
54942,2
54943,2
54944,2
54945,2
54946,2
54947,2
54948,2
54949,2
54950,3
54951,2
54952,2
54953,3
54954,3
54955,3
54956,2
54957,3
54958,3
54959,3
54960,3
54961,0
54962,0
54963,0
54964,1
54965,3
54966,0
54967,1
54968,2
54969,3
54970,3
54971,0
54972,1
54973,3
54974,2
54975,0
54976,1
54977,3
54978,3
54979,3
54980,3
54981,3
54982,3
54983,3
54984,3
54985,3
54986,3
54987,2
54988,3
54989,3
54990,3
54991,3
54992,2
54993,3
54994,4
54995,3
54996,3
54997,3
54998,3
54999,3
55000,0
55001,0
55002,3
55003,3
55004,3
55005,2
55006,4
55007,3
55008,3
55009,3
55010,3
55011,3
55012,2
55013,3
55014,2
55015,2
55016,0
55017,2
55018,3
55019,3
55020,1
55021,2
55022,3
55023,0
55024,3
55025,3
55026,2
55027,3
55028,2
55029,2
55030,2
55031,2
55032,2
55033,2
55034,2
55035,2
55036,2
55037,2
55038,3
55039,3
55040,2
55041,2
55042,3
55043,3
55044,3
55045,3
55046,3
55047,3
55048,2
55049,2
55050,2
55051,3
55052,3
55053,0
55054,2
55055,2
55056,0
55057,1
55058,2
55059,3
55060,2
55061,2
55062,2
55063,0
55064,0
55065,2
55066,0
55067,2
55068,3
55069,0
55070,3
55071,0
55072,3
55073,0
55074,3
55075,2
55076,2
55077,2
55078,2
55079,3
55080,0
55081,3
55082,3
55083,0
55084,3
55085,3
55086,0
55087,0
55088,0
55089,0
55090,3
55091,3
55092,0
55093,2
55094,3
55095,0
55096,3
55097,3
55098,2
55099,3
55100,3
55101,3
55102,3
55103,3
55104,3
55105,3
55106,2
55107,3
55108,0
55109,3
55110,3
55111,2
55112,3
55113,0
55114,0
55115,2
55116,2
55117,3
55118,2
55119,2
55120,2
55121,3
55122,0
55123,0
55124,2
55125,0
55126,2
55127,3
55128,3
55129,0
55130,3
55131,2
55132,2
55133,2
55134,0
55135,2
55136,0
55137,3
55138,3
55139,3
55140,3
55141,0
55142,3
55143,3
55144,0
55145,3
55146,3
55147,2
55148,3
55149,3
55150,3
55151,2
55152,3
55153,2
55154,3
55155,2
55156,2
55157,3
55158,3
55159,3
55160,3
55161,3
55162,2
55163,3
55164,2
55165,2
55166,2
55167,2
55168,3
55169,3
55170,3
55171,3
55172,2
55173,3
55174,0
55175,2
55176,2
55177,2
55178,3
55179,3
55180,3
55181,2
55182,3
55183,2
55184,3
55185,2
55186,2
55187,2
55188,3
55189,2
55190,1
55191,3
55192,2
55193,2
55194,3
55195,1
55196,2
55197,3
55198,3
55199,2
55200,3
55201,2
55202,2
55203,3
55204,3
55205,2
55206,2
55207,2
55208,2
55209,2
55210,3
55211,3
55212,2
55213,3
55214,3
55215,3
55216,2
55217,2
55218,3
55219,2
55220,3
55221,3
55222,2
55223,3
55224,3
55225,3
55226,3
55227,3
55228,3
55229,3
55230,3
55231,3
55232,3
55233,3
55234,3
55235,3
55236,2
55237,2
55238,2
55239,3
55240,2
55241,2
55242,3
55243,3
55244,2
55245,2
55246,0
55247,2
55248,2
55249,3
55250,3
55251,2
55252,2
55253,0
55254,3
55255,2
55256,3
55257,2
55258,0
55259,3
55260,2
55261,2
55262,3
55263,3
55264,2
55265,3
55266,3
55267,3
55268,0
55269,2
55270,0
55271,3
55272,3
55273,2
55274,3
55275,2
55276,0
55277,3
55278,3
55279,3
55280,2
55281,3
55282,0
55283,3
55284,2
55285,2
55286,2
55287,2
55288,2
55289,2
55290,2
55291,2
55292,2
55293,2
55294,3
55295,3
55296,2
55297,2
55298,3
55299,3
55300,3
55301,2
55302,3
55303,3
55304,3
55305,2
55306,2
55307,1
55308,2
55309,3
55310,2
55311,2
55312,2
55313,3
55314,2
55315,2
55316,2
55317,2
55318,2
55319,3
55320,2
55321,2
55322,3
55323,2
55324,2
55325,3
55326,2
55327,3
55328,3
55329,0
55330,2
55331,2
55332,2
55333,2
55334,3
55335,2
55336,2
55337,2
55338,2
55339,2
55340,3
55341,2
55342,2
55343,3
55344,3
55345,3
55346,2
55347,2
55348,2
55349,2
55350,2
55351,3
55352,2
55353,3
55354,2
55355,3
55356,2
55357,3
55358,2
55359,3
55360,2
55361,3
55362,2
55363,2
55364,3
55365,3
55366,2
55367,2
55368,2
55369,3
55370,3
55371,2
55372,3
55373,0
55374,3
55375,3
55376,2
55377,3
55378,2
55379,2
55380,2
55381,2
55382,3
55383,2
55384,3
55385,2
55386,3
55387,3
55388,2
55389,2
55390,3
55391,2
55392,2
55393,2
55394,2
55395,2
55396,2
55397,2
55398,3
55399,3
55400,2
55401,1
55402,1
55403,1
55404,1
55405,1
55406,1
55407,1
55408,0
55409,1
55410,1
55411,2
55412,2
55413,2
55414,2
55415,3
55416,3
55417,2
55418,2
55419,3
55420,2
55421,3
55422,2
55423,2
55424,2
55425,2
55426,3
55427,2
55428,2
55429,2
55430,2
55431,1
55432,1
55433,1
55434,1
55435,3
55436,2
55437,2
55438,2
55439,2
55440,2
55441,3
55442,0
55443,2
55444,2
55445,2
55446,2
55447,3
55448,1
55449,3
55450,3
55451,2
55452,3
55453,3
55454,2
55455,2
55456,2
55457,2
55458,2
55459,5
55460,2
55461,0
55462,2
55463,0
55464,0
55465,2
55466,0
55467,2
55468,2
55469,2
55470,2
55471,2
55472,0
55473,2
55474,3
55475,3
55476,2
55477,2
55478,2
55479,2
55480,2
55481,2
55482,2
55483,2
55484,3
55485,3
55486,0
55487,0
55488,0
55489,0
55490,0
55491,2
55492,3
55493,0
55494,3
55495,0
55496,3
55497,0
55498,3
55499,3
55500,3
55501,3
55502,3
55503,3
55504,2
55505,3
55506,3
55507,3
55508,3
55509,3
55510,3
55511,3
55512,2
55513,3
55514,0
55515,3
55516,0
55517,0
55518,1
55519,1
55520,1
55521,1
55522,1
55523,1
55524,1
55525,0
55526,0
55527,0
55528,0
55529,0
55530,0
55531,0
55532,0
55533,0
55534,0
55535,0
55536,0
55537,0
55538,0
55539,0
55540,1
55541,1
55542,1
55543,1
55544,2
55545,3
55546,2
55547,2
55548,2
55549,3
55550,1
55551,2
55552,2
55553,2
55554,2
55555,2
55556,2
55557,2
55558,2
55559,2
55560,3
55561,2
55562,2
55563,2
55564,2
55565,2
55566,2
55567,3
55568,3
55569,2
55570,2
55571,3
55572,2
55573,2
55574,2
55575,2
55576,2
55577,3
55578,3
55579,3
55580,3
55581,2
55582,3
55583,2
55584,3
55585,3
55586,3
55587,0
55588,2
55589,3
55590,2
55591,2
55592,0
55593,2
55594,3
55595,3
55596,0
55597,3
55598,2
55599,3
55600,2
55601,2
55602,2
55603,2
55604,3
55605,2
55606,2
55607,2
55608,2
55609,2
55610,2
55611,2
55612,2
55613,2
55614,2
55615,2
55616,2
55617,3
55618,2
55619,2
55620,3
55621,0
55622,2
55623,2
55624,2
55625,3
55626,2
55627,2
55628,2
55629,2
55630,2
55631,3
55632,2
55633,3
55634,2
55635,2
55636,2
55637,3
55638,2
55639,3
55640,2
55641,2
55642,3
55643,3
55644,2
55645,3
55646,2
55647,3
55648,0
55649,2
55650,2
55651,2
55652,2
55653,3
55654,3
55655,1
55656,1
55657,1
55658,0
55659,3
55660,3
55661,0
55662,3
55663,0
55664,1
55665,2
55666,3
55667,2
55668,2
55669,3
55670,2
55671,1
55672,1
55673,1
55674,1
55675,2
55676,2
55677,0
55678,2
55679,2
55680,3
55681,2
55682,2
55683,2
55684,2
55685,2
55686,2
55687,2
55688,2
55689,2
55690,0
55691,3
55692,2
55693,2
55694,2
55695,2
55696,2
55697,2
55698,2
55699,2
55700,2
55701,2
55702,2
55703,0
55704,0
55705,0
55706,2
55707,0
55708,0
55709,0
55710,0
55711,0
55712,0
55713,0
55714,0
55715,0
55716,0
55717,0
55718,0
55719,0
55720,0
55721,0
55722,0
55723,0
55724,2
55725,0
55726,0
55727,0
55728,0
55729,0
55730,0
55731,0
55732,0
55733,0
55734,0
55735,0
55736,0
55737,1
55738,3
55739,2
55740,2
55741,2
55742,3
55743,3
55744,3
55745,3
55746,3
55747,3
55748,3
55749,3
55750,3
55751,3
55752,3
55753,3
55754,3
55755,3
55756,3
55757,3
55758,3
55759,3
55760,3
55761,2
55762,3
55763,3
55764,2
55765,2
55766,3
55767,3
55768,3
55769,3
55770,2
55771,0
55772,0
55773,0
55774,0
55775,0
55776,0
55777,0
55778,0
55779,0
55780,0
55781,0
55782,0
55783,0
55784,0
55785,0
55786,2
55787,0
55788,0
55789,0
55790,0
55791,2
55792,0
55793,0
55794,0
55795,2
55796,0
55797,0
55798,0
55799,0
55800,3
55801,0
55802,2
55803,1
55804,1
55805,1
55806,1
55807,1
55808,1
55809,0
55810,3
55811,2
55812,2
55813,2
55814,2
55815,3
55816,2
55817,2
55818,3
55819,3
55820,3
55821,2
55822,2
55823,2
55824,2
55825,3
55826,3
55827,3
55828,3
55829,0
55830,3
55831,3
55832,0
55833,0
55834,0
55835,0
55836,0
55837,2
55838,2
55839,0
55840,0
55841,0
55842,0
55843,0
55844,0
55845,0
55846,0
55847,0
55848,0
55849,0
55850,0
55851,2
55852,0
55853,0
55854,0
55855,0
55856,0
55857,0
55858,2
55859,0
55860,0
55861,0
55862,0
55863,0
55864,0
55865,0
55866,0
55867,0
55868,0
55869,2
55870,0
55871,0
55872,0
55873,3
55874,0
55875,0
55876,0
55877,1
55878,1
55879,0
55880,0
55881,2
55882,0
55883,0
55884,0
55885,0
55886,3
55887,3
55888,2
55889,0
55890,2
55891,1
55892,2
55893,1
55894,3
55895,1
55896,1
55897,1
55898,3
55899,0
55900,3
55901,3
55902,3
55903,3
55904,1
55905,1
55906,3
55907,0
55908,3
55909,3
55910,0
55911,3
55912,0
55913,0
55914,0
55915,0
55916,0
55917,0
55918,0
55919,0
55920,0
55921,0
55922,0
55923,3
55924,3
55925,1
55926,3
55927,1
55928,2
55929,0
55930,3
55931,1
55932,0
55933,0
55934,0
55935,0
55936,0
55937,0
55938,0
55939,0
55940,0
55941,0
55942,0
55943,0
55944,0
55945,0
55946,0
55947,0
55948,0
55949,0
55950,0
55951,0
55952,0
55953,0
55954,0
55955,0
55956,0
55957,3
55958,3
55959,2
55960,2
55961,2
55962,2
55963,2
55964,3
55965,3
55966,1
55967,3
55968,3
55969,2
55970,1
55971,0
55972,3
55973,3
55974,0
55975,0
55976,3
55977,3
55978,1
55979,3
55980,3
55981,3
55982,3
55983,3
55984,2
55985,0
55986,3
55987,3
55988,0
55989,0
55990,0
55991,1
55992,0
55993,1
55994,0
55995,3
55996,2
55997,2
55998,2
55999,2
56000,0
56001,0
56002,0
56003,0
56004,0
56005,0
56006,0
56007,1
56008,0
56009,3
56010,0
56011,0
56012,0
56013,0
56014,0
56015,0
56016,0
56017,0
56018,0
56019,0
56020,3
56021,2
56022,3
56023,3
56024,2
56025,2
56026,3
56027,3
56028,3
56029,3
56030,0
56031,2
56032,3
56033,3
56034,3
56035,0
56036,3
56037,3
56038,1
56039,3
56040,0
56041,0
56042,2
56043,0
56044,0
56045,3
56046,2
56047,2
56048,0
56049,0
56050,0
56051,0
56052,0
56053,1
56054,0
56055,1
56056,3
56057,3
56058,0
56059,0
56060,0
56061,2
56062,0
56063,0
56064,0
56065,3
56066,3
56067,3
56068,3
56069,3
56070,3
56071,3
56072,3
56073,3
56074,3
56075,3
56076,3
56077,3
56078,3
56079,3
56080,3
56081,0
56082,0
56083,0
56084,0
56085,0
56086,0
56087,3
56088,0
56089,0
56090,3
56091,3
56092,3
56093,3
56094,3
56095,1
56096,3
56097,3
56098,3
56099,3
56100,3
56101,3
56102,3
56103,3
56104,0
56105,0
56106,3
56107,3
56108,3
56109,3
56110,2
56111,3
56112,3
56113,3
56114,3
56115,3
56116,0
56117,0
56118,0
56119,0
56120,0
56121,0
56122,0
56123,0
56124,0
56125,0
56126,0
56127,0
56128,0
56129,0
56130,0
56131,0
56132,0
56133,2
56134,0
56135,0
56136,0
56137,0
56138,2
56139,0
56140,0
56141,0
56142,3
56143,2
56144,3
56145,3
56146,3
56147,3
56148,3
56149,3
56150,3
56151,3
56152,1
56153,1
56154,3
56155,3
56156,3
56157,3
56158,3
56159,3
56160,3
56161,3
56162,3
56163,1
56164,1
56165,1
56166,0
56167,0
56168,0
56169,0
56170,0
56171,0
56172,0
56173,0
56174,0
56175,0
56176,0
56177,0
56178,0
56179,0
56180,0
56181,1
56182,1
56183,1
56184,1
56185,1
56186,1
56187,1
56188,1
56189,3
56190,3
56191,1
56192,1
56193,3
56194,0
56195,0
56196,0
56197,0
56198,0
56199,0
56200,0
56201,0
56202,0
56203,0
56204,2
56205,0
56206,0
56207,0
56208,0
56209,0
56210,0
56211,0
56212,0
56213,0
56214,0
56215,0
56216,0
56217,0
56218,0
56219,0
56220,3
56221,3
56222,3
56223,3
56224,3
56225,3
56226,3
56227,3
56228,3
56229,3
56230,3
56231,3
56232,3
56233,0
56234,3
56235,3
56236,3
56237,3
56238,3
56239,3
56240,2
56241,3
56242,3
56243,2
56244,3
56245,2
56246,1
56247,3
56248,3
56249,3
56250,3
56251,3
56252,3
56253,3
56254,3
56255,1
56256,1
56257,3
56258,3
56259,3
56260,0
56261,0
56262,0
56263,0
56264,0
56265,0
56266,0
56267,0
56268,0
56269,0
56270,0
56271,0
56272,0
56273,0
56274,2
56275,2
56276,2
56277,0
56278,1
56279,0
56280,0
56281,1
56282,0
56283,1
56284,1
56285,0
56286,0
56287,0
56288,0
56289,0
56290,0
56291,0
56292,0
56293,0
56294,0
56295,0
56296,0
56297,0
56298,0
56299,0
56300,0
56301,0
56302,0
56303,0
56304,0
56305,0
56306,0
56307,0
56308,0
56309,0
56310,3
56311,0
56312,0
56313,0
56314,0
56315,0
56316,0
56317,0
56318,0
56319,3
56320,0
56321,0
56322,2
56323,2
56324,2
56325,2
56326,2
56327,0
56328,0
56329,2
56330,2
56331,3
56332,3
56333,0
56334,3
56335,2
56336,2
56337,3
56338,3
56339,3
56340,2
56341,3
56342,2
56343,1
56344,2
56345,2
56346,2
56347,2
56348,0
56349,0
56350,0
56351,0
56352,2
56353,2
56354,0
56355,0
56356,0
56357,2
56358,3
56359,3
56360,0
56361,3
56362,3
56363,2
56364,0
56365,0
56366,2
56367,0
56368,0
56369,0
56370,3
56371,3
56372,0
56373,0
56374,0
56375,0
56376,0
56377,2
56378,0
56379,2
56380,0
56381,0
56382,0
56383,2
56384,2
56385,2
56386,3
56387,2
56388,0
56389,3
56390,3
56391,0
56392,0
56393,0
56394,0
56395,0
56396,2
56397,3
56398,2
56399,3
56400,3
56401,2
56402,2
56403,3
56404,2
56405,3
56406,2
56407,2
56408,3
56409,0
56410,2
56411,3
56412,2
56413,2
56414,2
56415,2
56416,2
56417,2
56418,0
56419,2
56420,3
56421,2
56422,2
56423,3
56424,2
56425,2
56426,3
56427,2
56428,3
56429,2
56430,2
56431,2
56432,2
56433,2
56434,2
56435,3
56436,2
56437,2
56438,2
56439,2
56440,2
56441,2
56442,2
56443,2
56444,3
56445,3
56446,3
56447,0
56448,0
56449,3
56450,3
56451,0
56452,2
56453,0
56454,3
56455,3
56456,0
56457,3
56458,2
56459,3
56460,2
56461,3
56462,3
56463,3
56464,3
56465,3
56466,3
56467,3
56468,3
56469,3
56470,0
56471,0
56472,3
56473,3
56474,2
56475,0
56476,2
56477,3
56478,3
56479,3
56480,2
56481,2
56482,3
56483,3
56484,3
56485,3
56486,3
56487,3
56488,3
56489,2
56490,3
56491,3
56492,3
56493,3
56494,3
56495,2
56496,3
56497,3
56498,3
56499,3
56500,3
56501,3
56502,3
56503,3
56504,2
56505,3
56506,0
56507,0
56508,2
56509,3
56510,0
56511,3
56512,3
56513,3
56514,0
56515,0
56516,2
56517,1
56518,2
56519,0
56520,0
56521,1
56522,2
56523,2
56524,0
56525,0
56526,2
56527,2
56528,3
56529,0
56530,0
56531,2
56532,2
56533,0
56534,2
56535,2
56536,2
56537,2
56538,2
56539,2
56540,2
56541,2
56542,2
56543,3
56544,2
56545,2
56546,2
56547,2
56548,3
56549,2
56550,0
56551,2
56552,2
56553,2
56554,3
56555,3
56556,3
56557,3
56558,2
56559,3
56560,2
56561,2
56562,2
56563,3
56564,3
56565,2
56566,1
56567,0
56568,2
56569,2
56570,3
56571,2
56572,3
56573,3
56574,3
56575,3
56576,2
56577,2
56578,0
56579,2
56580,2
56581,3
56582,3
56583,0
56584,3
56585,2
56586,2
56587,0
56588,0
56589,2
56590,1
56591,3
56592,3
56593,1
56594,0
56595,0
56596,2
56597,3
56598,3
56599,0
56600,0
56601,0
56602,2
56603,0
56604,0
56605,2
56606,0
56607,0
56608,3
56609,0
56610,0
56611,0
56612,0
56613,2
56614,0
56615,0
56616,2
56617,0
56618,3
56619,2
56620,0
56621,3
56622,2
56623,3
56624,2
56625,2
56626,2
56627,0
56628,3
56629,3
56630,3
56631,3
56632,3
56633,2
56634,2
56635,2
56636,2
56637,3
56638,3
56639,2
56640,3
56641,2
56642,2
56643,2
56644,3
56645,2
56646,2
56647,2
56648,2
56649,3
56650,2
56651,2
56652,2
56653,2
56654,2
56655,2
56656,2
56657,3
56658,2
56659,3
56660,2
56661,2
56662,2
56663,2
56664,2
56665,3
56666,2
56667,2
56668,2
56669,2
56670,2
56671,2
56672,2
56673,3
56674,3
56675,3
56676,2
56677,2
56678,0
56679,0
56680,2
56681,2
56682,2
56683,2
56684,0
56685,0
56686,0
56687,0
56688,0
56689,3
56690,0
56691,3
56692,0
56693,3
56694,3
56695,3
56696,3
56697,3
56698,3
56699,3
56700,3
56701,3
56702,3
56703,0
56704,0
56705,2
56706,2
56707,3
56708,2
56709,2
56710,2
56711,2
56712,2
56713,2
56714,2
56715,2
56716,2
56717,2
56718,0
56719,0
56720,0
56721,2
56722,0
56723,0
56724,0
56725,0
56726,0
56727,1
56728,0
56729,0
56730,0
56731,0
56732,0
56733,0
56734,0
56735,0
56736,0
56737,2
56738,1
56739,3
56740,3
56741,3
56742,0
56743,3
56744,2
56745,3
56746,3
56747,3
56748,0
56749,0
56750,3
56751,1
56752,1
56753,0
56754,0
56755,2
56756,3
56757,3
56758,0
56759,0
56760,0
56761,0
56762,0
56763,0
56764,3
56765,0
56766,0
56767,3
56768,3
56769,3
56770,0
56771,3
56772,0
56773,0
56774,0
56775,0
56776,3
56777,3
56778,3
56779,2
56780,2
56781,3
56782,0
56783,2
56784,0
56785,2
56786,2
56787,2
56788,2
56789,2
56790,2
56791,2
56792,2
56793,2
56794,3
56795,2
56796,2
56797,2
56798,2
56799,2
56800,2
56801,3
56802,3
56803,3
56804,3
56805,3
56806,3
56807,3
56808,3
56809,0
56810,3
56811,3
56812,3
56813,3
56814,1
56815,3
56816,3
56817,3
56818,3
56819,3
56820,1
56821,3
56822,3
56823,3
56824,0
56825,3
56826,2
56827,3
56828,3
56829,0
56830,3
56831,0
56832,0
56833,0
56834,0
56835,1
56836,0
56837,0
56838,3
56839,3
56840,0
56841,3
56842,3
56843,0
56844,1
56845,3
56846,3
56847,3
56848,3
56849,3
56850,3
56851,3
56852,3
56853,0
56854,3
56855,1
56856,1
56857,3
56858,3
56859,3
56860,2
56861,3
56862,3
56863,3
56864,3
56865,3
56866,3
56867,1
56868,0
56869,1
56870,0
56871,0
56872,1
56873,3
56874,3
56875,3
56876,3
56877,3
56878,2
56879,3
56880,3
56881,3
56882,3
56883,3
56884,0
56885,0
56886,0
56887,0
56888,0
56889,0
56890,0
56891,0
56892,0
56893,0
56894,0
56895,0
56896,0
56897,0
56898,0
56899,0
56900,0
56901,3
56902,3
56903,3
56904,3
56905,3
56906,3
56907,3
56908,0
56909,0
56910,0
56911,1
56912,4
56913,3
56914,3
56915,0
56916,3
56917,3
56918,0
56919,3
56920,0
56921,0
56922,3
56923,0
56924,1
56925,0
56926,3
56927,3
56928,0
56929,0
56930,2
56931,3
56932,3
56933,3
56934,3
56935,0
56936,3
56937,3
56938,0
56939,3
56940,3
56941,3
56942,2
56943,0
56944,0
56945,0
56946,0
56947,3
56948,0
56949,0
56950,0
56951,0
56952,0
56953,0
56954,0
56955,0
56956,0
56957,0
56958,0
56959,0
56960,0
56961,0
56962,0
56963,0
56964,0
56965,0
56966,0
56967,0
56968,0
56969,0
56970,0
56971,0
56972,0
56973,0
56974,1
56975,0
56976,3
56977,3
56978,3
56979,0
56980,3
56981,3
56982,3
56983,3
56984,3
56985,0
56986,3
56987,0
56988,3
56989,3
56990,0
56991,0
56992,0
56993,0
56994,2
56995,3
56996,3
56997,3
56998,3
56999,1
57000,3
57001,0
57002,0
57003,0
57004,0
57005,0
57006,0
57007,0
57008,3
57009,0
57010,0
57011,2
57012,3
57013,3
57014,0
57015,3
57016,0
57017,0
57018,0
57019,3
57020,3
57021,3
57022,1
57023,3
57024,0
57025,0
57026,0
57027,0
57028,0
57029,1
57030,0
57031,0
57032,0
57033,2
57034,2
57035,2
57036,2
57037,2
57038,2
57039,2
57040,2
57041,2
57042,2
57043,2
57044,2
57045,2
57046,2
57047,2
57048,2
57049,2
57050,2
57051,2
57052,2
57053,2
57054,2
57055,2
57056,0
57057,0
57058,2
57059,3
57060,3
57061,3
57062,3
57063,3
57064,3
57065,0
57066,3
57067,3
57068,3
57069,3
57070,1
57071,3
57072,3
57073,0
57074,3
57075,3
57076,1
57077,3
57078,3
57079,3
57080,3
57081,0
57082,0
57083,0
57084,0
57085,0
57086,1
57087,3
57088,3
57089,0
57090,2
57091,0
57092,0
57093,0
57094,1
57095,0
57096,0
57097,0
57098,0
57099,0
57100,0
57101,3
57102,0
57103,0
57104,0
57105,3
57106,3
57107,3
57108,0
57109,0
57110,3
57111,3
57112,3
57113,3
57114,3
57115,3
57116,3
57117,3
57118,3
57119,2
57120,3
57121,2
57122,3
57123,3
57124,2
57125,0
57126,0
57127,0
57128,0
57129,0
57130,0
57131,3
57132,0
57133,0
57134,0
57135,3
57136,2
57137,3
57138,2
57139,2
57140,2
57141,2
57142,2
57143,2
57144,2
57145,2
57146,0
57147,2
57148,2
57149,2
57150,2
57151,2
57152,2
57153,2
57154,2
57155,2
57156,2
57157,2
57158,3
57159,2
57160,2
57161,2
57162,2
57163,0
57164,2
57165,3
57166,3
57167,3
57168,3
57169,3
57170,3
57171,3
57172,3
57173,3
57174,1
57175,3
57176,3
57177,3
57178,3
57179,3
57180,3
57181,3
57182,0
57183,0
57184,0
57185,0
57186,0
57187,3
57188,0
57189,0
57190,0
57191,0
57192,0
57193,0
57194,0
57195,0
57196,0
57197,0
57198,3
57199,1
57200,0
57201,0
57202,0
57203,0
57204,3
57205,0
57206,0
57207,0
57208,0
57209,0
57210,0
57211,0
57212,1
57213,0
57214,3
57215,3
57216,3
57217,3
57218,3
57219,3
57220,3
57221,3
57222,3
57223,3
57224,3
57225,0
57226,3
57227,3
57228,3
57229,3
57230,3
57231,3
57232,3
57233,3
57234,3
57235,3
57236,3
57237,3
57238,3
57239,3
57240,2
57241,2
57242,3
57243,3
57244,3
57245,3
57246,3
57247,3
57248,3
57249,3
57250,3
57251,3
57252,3
57253,0
57254,3
57255,0
57256,0
57257,0
57258,0
57259,0
57260,0
57261,0
57262,0
57263,3
57264,3
57265,0
57266,0
57267,0
57268,0
57269,0
57270,0
57271,2
57272,0
57273,1
57274,0
57275,0
57276,0
57277,0
57278,0
57279,2
57280,3
57281,2
57282,3
57283,3
57284,0
57285,3
57286,2
57287,3
57288,0
57289,2
57290,0
57291,3
57292,3
57293,3
57294,3
57295,3
57296,3
57297,3
57298,3
57299,3
57300,3
57301,3
57302,3
57303,3
57304,3
57305,3
57306,3
57307,3
57308,3
57309,3
57310,0
57311,3
57312,0
57313,0
57314,0
57315,0
57316,0
57317,0
57318,0
57319,0
57320,0
57321,0
57322,3
57323,3
57324,0
57325,0
57326,0
57327,0
57328,0
57329,3
57330,3
57331,3
57332,3
57333,3
57334,3
57335,3
57336,3
57337,3
57338,3
57339,3
57340,0
57341,3
57342,3
57343,3
57344,0
57345,3
57346,3
57347,3
57348,3
57349,3
57350,0
57351,0
57352,0
57353,0
57354,0
57355,0
57356,0
57357,2
57358,0
57359,0
57360,0
57361,0
57362,0
57363,0
57364,0
57365,0
57366,3
57367,0
57368,0
57369,0
57370,0
57371,0
57372,0
57373,1
57374,1
57375,1
57376,1
57377,1
57378,1
57379,3
57380,1
57381,3
57382,3
57383,3
57384,3
57385,3
57386,0
57387,0
57388,0
57389,0
57390,0
57391,0
57392,0
57393,0
57394,0
57395,0
57396,0
57397,0
57398,0
57399,0
57400,0
57401,0
57402,2
57403,0
57404,0
57405,0
57406,0
57407,0
57408,0
57409,3
57410,0
57411,0
57412,3
57413,3
57414,3
57415,3
57416,2
57417,3
57418,3
57419,0
57420,3
57421,0
57422,1
57423,0
57424,0
57425,0
57426,0
57427,0
57428,0
57429,0
57430,0
57431,1
57432,1
57433,1
57434,1
57435,1
57436,1
57437,1
57438,1
57439,1
57440,0
57441,1
57442,1
57443,1
57444,1
57445,1
57446,0
57447,0
57448,0
57449,0
57450,0
57451,0
57452,3
57453,0
57454,0
57455,0
57456,3
57457,3
57458,0
57459,3
57460,3
57461,2
57462,0
57463,0
57464,0
57465,3
57466,0
57467,3
57468,3
57469,3
57470,3
57471,3
57472,3
57473,3
57474,3
57475,3
57476,0
57477,3
57478,0
57479,3
57480,0
57481,3
57482,3
57483,3
57484,3
57485,2
57486,3
57487,3
57488,3
57489,3
57490,0
57491,3
57492,1
57493,3
57494,3
57495,3
57496,3
57497,0
57498,0
57499,0
57500,0
57501,0
57502,0
57503,0
57504,0
57505,0
57506,0
57507,0
57508,0
57509,0
57510,0
57511,0
57512,3
57513,2
57514,0
57515,0
57516,0
57517,0
57518,1
57519,1
57520,1
57521,0
57522,0
57523,0
57524,0
57525,0
57526,3
57527,3
57528,0
57529,0
57530,0
57531,3
57532,3
57533,0
57534,0
57535,0
57536,2
57537,0
57538,0
57539,0
57540,3
57541,1
57542,1
57543,1
57544,1
57545,1
57546,1
57547,1
57548,1
57549,1
57550,1
57551,1
57552,1
57553,1
57554,1
57555,1
57556,1
57557,1
57558,0
57559,0
57560,0
57561,0
57562,0
57563,0
57564,3
57565,0
57566,0
57567,0
57568,0
57569,0
57570,2
57571,2
57572,0
57573,0
57574,0
57575,3
57576,0
57577,0
57578,2
57579,0
57580,2
57581,0
57582,0
57583,2
57584,0
57585,3
57586,2
57587,0
57588,0
57589,0
57590,0
57591,3
57592,1
57593,3
57594,3
57595,3
57596,3
57597,3
57598,3
57599,3
57600,0
57601,0
57602,0
57603,3
57604,0
57605,0
57606,2
57607,3
57608,0
57609,3
57610,3
57611,2
57612,2
57613,3
57614,3
57615,1
57616,2
57617,2
57618,2
57619,0
57620,0
57621,0
57622,2
57623,3
57624,3
57625,3
57626,3
57627,3
57628,3
57629,3
57630,3
57631,3
57632,3
57633,3
57634,3
57635,3
57636,1
57637,1
57638,0
57639,3
57640,1
57641,1
57642,1
57643,2
57644,2
57645,2
57646,0
57647,3
57648,2
57649,2
57650,2
57651,2
57652,2
57653,2
57654,2
57655,2
57656,2
57657,0
57658,2
57659,2
57660,0
57661,1
57662,3
57663,2
57664,2
57665,3
57666,3
57667,1
57668,2
57669,2
57670,0
57671,2
57672,2
57673,2
57674,2
57675,2
57676,2
57677,2
57678,2
57679,3
57680,2
57681,1
57682,1
57683,2
57684,2
57685,2
57686,3
57687,2
57688,1
57689,2
57690,0
57691,0
57692,2
57693,1
57694,2
57695,3
57696,2
57697,0
57698,2
57699,0
57700,2
57701,0
57702,1
57703,2
57704,0
57705,0
57706,2
57707,2
57708,2
57709,2
57710,2
57711,2
57712,0
57713,2
57714,0
57715,0
57716,2
57717,2
57718,2
57719,2
57720,1
57721,1
57722,1
57723,1
57724,1
57725,1
57726,1
57727,1
57728,1
57729,1
57730,1
57731,2
57732,2
57733,2
57734,2
57735,3
57736,0
57737,0
57738,2
57739,3
57740,3
57741,2
57742,0
57743,0
57744,2
57745,2
57746,3
57747,2
57748,2
57749,2
57750,2
57751,3
57752,1
57753,3
57754,3
57755,1
57756,2
57757,0
57758,2
57759,2
57760,0
57761,2
57762,1
57763,0
57764,0
57765,2
57766,2
57767,2
57768,2
57769,2
57770,1
57771,1
57772,2
57773,1
57774,0
57775,3
57776,3
57777,2
57778,0
57779,1
57780,1
57781,1
57782,1
57783,1
57784,2
57785,1
57786,1
57787,1
57788,1
57789,1
57790,1
57791,2
57792,3
57793,2
57794,3
57795,1
57796,1
57797,1
57798,1
57799,3
57800,1
57801,1
57802,3
57803,1
57804,1
57805,3
57806,3
57807,3
57808,1
57809,1
57810,1
57811,1
57812,0
57813,3
57814,0
57815,2
57816,0
57817,2
57818,0
57819,0
57820,3
57821,1
57822,0
57823,1
57824,1
57825,1
57826,1
57827,0
57828,3
57829,3
57830,3
57831,1
57832,0
57833,3
57834,3
57835,3
57836,1
57837,3
57838,3
57839,1
57840,3
57841,3
57842,1
57843,1
57844,3
57845,1
57846,1
57847,3
57848,3
57849,3
57850,3
57851,3
57852,3
57853,3
57854,3
57855,2
57856,1
57857,1
57858,1
57859,3
57860,3
57861,3
57862,3
57863,3
57864,3
57865,3
57866,3
57867,3
57868,3
57869,3
57870,3
57871,3
57872,3
57873,3
57874,3
57875,3
57876,3
57877,3
57878,3
57879,3
57880,1
57881,3
57882,1
57883,3
57884,0
57885,1
57886,3
57887,3
57888,3
57889,1
57890,3
57891,3
57892,3
57893,3
57894,3
57895,1
57896,3
57897,3
57898,3
57899,3
57900,3
57901,3
57902,3
57903,1
57904,1
57905,2
57906,1
57907,0
57908,3
57909,3
57910,3
57911,1
57912,3
57913,3
57914,1
57915,1
57916,1
57917,3
57918,0
57919,1
57920,1
57921,2
57922,1
57923,3
57924,3
57925,3
57926,1
57927,3
57928,3
57929,3
57930,3
57931,3
57932,0
57933,1
57934,3
57935,3
57936,3
57937,1
57938,3
57939,3
57940,0
57941,0
57942,2
57943,3
57944,0
57945,2
57946,2
57947,1
57948,1
57949,0
57950,2
57951,0
57952,0
57953,1
57954,3
57955,3
57956,2
57957,2
57958,1
57959,3
57960,2
57961,2
57962,3
57963,3
57964,3
57965,1
57966,2
57967,2
57968,3
57969,2
57970,1
57971,1
57972,3
57973,1
57974,3
57975,3
57976,3
57977,3
57978,3
57979,3
57980,3
57981,1
57982,2
57983,2
57984,3
57985,3
57986,3
57987,0
57988,3
57989,3
57990,3
57991,3
57992,3
57993,3
57994,2
57995,3
57996,2
57997,3
57998,3
57999,3
58000,3
58001,1
58002,1
58003,0
58004,0
58005,1
58006,3
58007,2
58008,2
58009,2
58010,3
58011,3
58012,3
58013,3
58014,1
58015,2
58016,2
58017,3
58018,3
58019,3
58020,3
58021,3
58022,3
58023,3
58024,1
58025,3
58026,3
58027,3
58028,3
58029,3
58030,3
58031,3
58032,1
58033,1
58034,1
58035,3
58036,3
58037,3
58038,1
58039,0
58040,0
58041,3
58042,0
58043,1
58044,1
58045,3
58046,1
58047,3
58048,1
58049,1
58050,1
58051,0
58052,1
58053,3
58054,0
58055,2
58056,2
58057,3
58058,2
58059,0
58060,1
58061,0
58062,2
58063,2
58064,0
58065,2
58066,2
58067,2
58068,3
58069,2
58070,0
58071,1
58072,0
58073,0
58074,1
58075,2
58076,2
58077,2
58078,2
58079,2
58080,2
58081,2
58082,2
58083,2
58084,2
58085,2
58086,2
58087,2
58088,2
58089,1
58090,3
58091,1
58092,0
58093,0
58094,0
58095,0
58096,2
58097,0
58098,3
58099,3
58100,3
58101,1
58102,2
58103,0
58104,0
58105,3
58106,1
58107,2
58108,2
58109,1
58110,3
58111,3
58112,2
58113,2
58114,3
58115,3
58116,3
58117,1
58118,1
58119,1
58120,3
58121,3
58122,3
58123,3
58124,1
58125,1
58126,3
58127,3
58128,1
58129,3
58130,3
58131,3
58132,3
58133,3
58134,3
58135,3
58136,3
58137,3
58138,3
58139,3
58140,3
58141,3
58142,3
58143,3
58144,3
58145,3
58146,1
58147,0
58148,3
58149,3
58150,3
58151,3
58152,2
58153,3
58154,0
58155,2
58156,3
58157,3
58158,3
58159,3
58160,0
58161,0
58162,0
58163,0
58164,3
58165,1
58166,3
58167,0
58168,3
58169,0
58170,3
58171,3
58172,3
58173,3
58174,3
58175,0
58176,2
58177,2
58178,2
58179,3
58180,3
58181,2
58182,2
58183,2
58184,3
58185,3
58186,3
58187,1
58188,1
58189,3
58190,3
58191,3
58192,3
58193,1
58194,3
58195,3
58196,3
58197,3
58198,1
58199,3
58200,3
58201,3
58202,2
58203,3
58204,3
58205,3
58206,3
58207,3
58208,3
58209,3
58210,1
58211,3
58212,3
58213,3
58214,0
58215,3
58216,3
58217,3
58218,3
58219,3
58220,3
58221,3
58222,2
58223,3
58224,3
58225,3
58226,3
58227,0
58228,3
58229,3
58230,3
58231,1
58232,3
58233,2
58234,3
58235,3
58236,3
58237,3
58238,3
58239,3
58240,3
58241,0
58242,3
58243,1
58244,1
58245,3
58246,0
58247,3
58248,1
58249,1
58250,1
58251,1
58252,1
58253,1
58254,1
58255,1
58256,1
58257,1
58258,1
58259,1
58260,1
58261,1
58262,1
58263,1
58264,1
58265,1
58266,1
58267,1
58268,1
58269,1
58270,1
58271,1
58272,1
58273,1
58274,1
58275,1
58276,1
58277,1
58278,1
58279,1
58280,1
58281,1
58282,1
58283,1
58284,3
58285,2
58286,2
58287,2
58288,3
58289,2
58290,0
58291,2
58292,2
58293,3
58294,3
58295,3
58296,3
58297,3
58298,2
58299,3
58300,3
58301,2
58302,3
58303,2
58304,2
58305,2
58306,2
58307,3
58308,3
58309,3
58310,2
58311,2
58312,2
58313,2
58314,3
58315,2
58316,2
58317,3
58318,3
58319,2
58320,2
58321,3
58322,2
58323,3
58324,2
58325,3
58326,3
58327,3
58328,2
58329,3
58330,2
58331,3
58332,3
58333,3
58334,1
58335,3
58336,3
58337,3
58338,3
58339,3
58340,0
58341,3
58342,1
58343,3
58344,2
58345,3
58346,2
58347,2
58348,3
58349,3
58350,2
58351,0
58352,0
58353,0
58354,0
58355,0
58356,0
58357,0
58358,0
58359,0
58360,3
58361,0
58362,2
58363,2
58364,2
58365,2
58366,2
58367,2
58368,2
58369,2
58370,2
58371,2
58372,2
58373,2
58374,2
58375,2
58376,2
58377,2
58378,2
58379,2
58380,2
58381,2
58382,2
58383,2
58384,2
58385,2
58386,2
58387,2
58388,2
58389,2
58390,2
58391,3
58392,0
58393,0
58394,3
58395,2
58396,2
58397,2
58398,2
58399,2
58400,3
58401,3
58402,2
58403,2
58404,2
58405,2
58406,2
58407,0
58408,0
58409,2
58410,2
58411,2
58412,2
58413,2
58414,2
58415,2
58416,2
58417,2
58418,2
58419,2
58420,2
58421,2
58422,2
58423,2
58424,2
58425,2
58426,2
58427,2
58428,2
58429,2
58430,2
58431,2
58432,2
58433,2
58434,2
58435,2
58436,2
58437,2
58438,2
58439,2
58440,2
58441,2
58442,2
58443,2
58444,2
58445,3
58446,2
58447,2
58448,3
58449,2
58450,2
58451,2
58452,2
58453,2
58454,2
58455,2
58456,2
58457,2
58458,2
58459,2
58460,2
58461,2
58462,2
58463,2
58464,2
58465,2
58466,2
58467,2
58468,2
58469,3
58470,3
58471,3
58472,3
58473,2
58474,2
58475,3
58476,3
58477,3
58478,3
58479,3
58480,3
58481,3
58482,3
58483,2
58484,2
58485,2
58486,2
58487,3
58488,3
58489,2
58490,2
58491,3
58492,2
58493,2
58494,2
58495,2
58496,2
58497,3
58498,2
58499,2
58500,3
58501,2
58502,2
58503,3
58504,2
58505,3
58506,2
58507,2
58508,3
58509,2
58510,3
58511,3
58512,3
58513,2
58514,2
58515,3
58516,2
58517,2
58518,2
58519,2
58520,3
58521,3
58522,2
58523,3
58524,2
58525,3
58526,3
58527,2
58528,3
58529,3
58530,2
58531,3
58532,2
58533,3
58534,3
58535,3
58536,3
58537,3
58538,2
58539,3
58540,3
58541,3
58542,3
58543,3
58544,3
58545,2
58546,2
58547,3
58548,3
58549,3
58550,3
58551,2
58552,3
58553,2
58554,2
58555,3
58556,3
58557,3
58558,2
58559,2
58560,2
58561,2
58562,3
58563,2
58564,2
58565,3
58566,3
58567,3
58568,2
58569,3
58570,3
58571,3
58572,2
58573,2
58574,2
58575,3
58576,3
58577,2
58578,0
58579,3
58580,2
58581,3
58582,2
58583,3
58584,0
58585,0
58586,3
58587,3
58588,0
58589,2
58590,2
58591,2
58592,1
58593,3
58594,2
58595,3
58596,2
58597,2
58598,3
58599,2
58600,0
58601,2
58602,2
58603,2
58604,2
58605,3
58606,2
58607,3
58608,3
58609,3
58610,2
58611,2
58612,2
58613,2
58614,2
58615,3
58616,2
58617,3
58618,2
58619,2
58620,2
58621,3
58622,2
58623,2
58624,2
58625,3
58626,3
58627,2
58628,3
58629,3
58630,3
58631,3
58632,3
58633,3
58634,2
58635,3
58636,1
58637,3
58638,3
58639,3
58640,3
58641,2
58642,0
58643,0
58644,0
58645,2
58646,2
58647,3
58648,3
58649,3
58650,3
58651,3
58652,3
58653,3
58654,2
58655,2
58656,2
58657,2
58658,2
58659,0
58660,0
58661,2
58662,3
58663,3
58664,3
58665,3
58666,3
58667,1
58668,3
58669,3
58670,2
58671,0
58672,2
58673,3
58674,2
58675,3
58676,3
58677,2
58678,3
58679,3
58680,2
58681,2
58682,2
58683,0
58684,0
58685,3
58686,0
58687,3
58688,0
58689,0
58690,0
58691,3
58692,0
58693,0
58694,2
58695,2
58696,0
58697,3
58698,3
58699,3
58700,3
58701,3
58702,3
58703,3
58704,3
58705,3
58706,3
58707,3
58708,3
58709,3
58710,3
58711,3
58712,3
58713,3
58714,3
58715,2
58716,2
58717,2
58718,3
58719,0
58720,0
58721,0
58722,0
58723,0
58724,0
58725,0
58726,0
58727,3
58728,3
58729,3
58730,3
58731,3
58732,2
58733,3
58734,0
58735,2
58736,0
58737,0
58738,2
58739,2
58740,3
58741,0
58742,3
58743,3
58744,2
58745,2
58746,0
58747,2
58748,0
58749,2
58750,3
58751,2
58752,0
58753,2
58754,0
58755,2
58756,2
58757,2
58758,2
58759,3
58760,3
58761,3
58762,2
58763,2
58764,0
58765,3
58766,2
58767,2
58768,2
58769,0
58770,0
58771,0
58772,3
58773,3
58774,3
58775,0
58776,2
58777,2
58778,0
58779,2
58780,2
58781,2
58782,3
58783,0
58784,0
58785,2
58786,3
58787,3
58788,3
58789,3
58790,0
58791,0
58792,0
58793,0
58794,3
58795,3
58796,3
58797,4
58798,1
58799,3
58800,1
58801,1
58802,3
58803,3
58804,3
58805,3
58806,3
58807,3
58808,3
58809,1
58810,1
58811,1
58812,1
58813,3
58814,3
58815,3
58816,3
58817,3
58818,3
58819,3
58820,1
58821,3
58822,3
58823,1
58824,1
58825,1
58826,3
58827,3
58828,2
58829,2
58830,0
58831,5
58832,1
58833,1
58834,1
58835,3
58836,1
58837,3
58838,1
58839,3
58840,3
58841,3
58842,3
58843,3
58844,3
58845,1
58846,3
58847,3
58848,3
58849,3
58850,3
58851,3
58852,3
58853,3
58854,3
58855,3
58856,3
58857,3
58858,3
58859,3
58860,2
58861,3
58862,3
58863,3
58864,1
58865,1
58866,1
58867,3
58868,3
58869,3
58870,3
58871,3
58872,3
58873,3
58874,3
58875,3
58876,1
58877,3
58878,3
58879,3
58880,1
58881,1
58882,1
58883,1
58884,1
58885,3
58886,3
58887,3
58888,1
58889,3
58890,3
58891,1
58892,1
58893,3
58894,3
58895,3
58896,3
58897,3
58898,2
58899,3
58900,3
58901,3
58902,3
58903,3
58904,2
58905,2
58906,3
58907,3
58908,3
58909,1
58910,1
58911,3
58912,1
58913,3
58914,3
58915,3
58916,3
58917,3
58918,3
58919,3
58920,1
58921,1
58922,3
58923,1
58924,3
58925,3
58926,3
58927,3
58928,3
58929,3
58930,1
58931,3
58932,3
58933,3
58934,3
58935,3
58936,3
58937,3
58938,3
58939,1
58940,1
58941,1
58942,3
58943,2
58944,3
58945,1
58946,1
58947,3
58948,1
58949,3
58950,1
58951,1
58952,3
58953,3
58954,3
58955,3
58956,3
58957,3
58958,1
58959,3
58960,3
58961,3
58962,3
58963,1
58964,4
58965,3
58966,3
58967,1
58968,1
58969,1
58970,3
58971,3
58972,3
58973,3
58974,3
58975,3
58976,3
58977,3
58978,3
58979,1
58980,3
58981,3
58982,1
58983,3
58984,3
58985,3
58986,3
58987,3
58988,1
58989,3
58990,3
58991,3
58992,1
58993,1
58994,3
58995,3
58996,3
58997,3
58998,3
58999,0
59000,1
59001,3
59002,3
59003,3
59004,3
59005,3
59006,3
59007,1
59008,3
59009,3
59010,1
59011,1
59012,1
59013,3
59014,1
59015,3
59016,1
59017,3
59018,3
59019,3
59020,1
59021,3
59022,3
59023,3
59024,3
59025,3
59026,3
59027,3
59028,3
59029,3
59030,3
59031,1
59032,3
59033,3
59034,3
59035,3
59036,3
59037,3
59038,3
59039,3
59040,3
59041,3
59042,3
59043,3
59044,3
59045,3
59046,4
59047,3
59048,3
59049,0
59050,3
59051,3
59052,1
59053,3
59054,3
59055,1
59056,3
59057,3
59058,3
59059,3
59060,0
59061,3
59062,1
59063,3
59064,3
59065,3
59066,3
59067,0
59068,3
59069,1
59070,0
59071,3
59072,3
59073,3
59074,3
59075,3
59076,3
59077,3
59078,1
59079,1
59080,3
59081,3
59082,3
59083,3
59084,3
59085,3
59086,1
59087,1
59088,3
59089,2
59090,1
59091,1
59092,3
59093,3
59094,3
59095,3
59096,1
59097,3
59098,3
59099,3
59100,1
59101,3
59102,3
59103,3
59104,3
59105,3
59106,3
59107,3
59108,3
59109,3
59110,3
59111,3
59112,3
59113,3
59114,3
59115,3
59116,3
59117,3
59118,3
59119,3
59120,3
59121,3
59122,3
59123,3
59124,3
59125,3
59126,3
59127,3
59128,3
59129,3
59130,3
59131,3
59132,3
59133,3
59134,1
59135,3
59136,3
59137,3
59138,3
59139,1
59140,3
59141,3
59142,3
59143,3
59144,1
59145,3
59146,3
59147,3
59148,1
59149,3
59150,1
59151,3
59152,3
59153,3
59154,3
59155,3
59156,3
59157,3
59158,3
59159,3
59160,3
59161,3
59162,3
59163,1
59164,3
59165,3
59166,3
59167,3
59168,3
59169,3
59170,3
59171,3
59172,3
59173,3
59174,1
59175,4
59176,4
59177,3
59178,4
59179,3
59180,3
59181,3
59182,3
59183,3
59184,3
59185,3
59186,3
59187,3
59188,3
59189,3
59190,3
59191,3
59192,3
59193,3
59194,3
59195,3
59196,3
59197,3
59198,3
59199,3
59200,3
59201,3
59202,3
59203,3
59204,3
59205,1
59206,3
59207,3
59208,3
59209,3
59210,3
59211,3
59212,3
59213,3
59214,3
59215,3
59216,3
59217,3
59218,3
59219,3
59220,3
59221,3
59222,1
59223,3
59224,3
59225,1
59226,3
59227,3
59228,3
59229,3
59230,3
59231,3
59232,3
59233,4
59234,3
59235,3
59236,1
59237,3
59238,3
59239,3
59240,3
59241,3
59242,1
59243,3
59244,3
59245,1
59246,1
59247,3
59248,1
59249,1
59250,1
59251,1
59252,1
59253,1
59254,3
59255,1
59256,3
59257,3
59258,3
59259,3
59260,3
59261,3
59262,3
59263,3
59264,3
59265,3
59266,3
59267,1
59268,3
59269,1
59270,3
59271,3
59272,3
59273,1
59274,3
59275,1
59276,1
59277,3
59278,3
59279,3
59280,3
59281,3
59282,3
59283,3
59284,2
59285,3
59286,3
59287,1
59288,3
59289,1
59290,3
59291,1
59292,3
59293,2
59294,2
59295,1
59296,3
59297,3
59298,3
59299,1
59300,1
59301,3
59302,1
59303,3
59304,3
59305,3
59306,3
59307,3
59308,3
59309,3
59310,3
59311,3
59312,3
59313,3
59314,3
59315,3
59316,3
59317,3
59318,1
59319,3
59320,3
59321,1
59322,3
59323,3
59324,3
59325,3
59326,2
59327,3
59328,3
59329,1
59330,1
59331,3
59332,3
59333,3
59334,3
59335,2
59336,3
59337,3
59338,3
59339,3
59340,3
59341,3
59342,3
59343,1
59344,3
59345,3
59346,1
59347,1
59348,3
59349,3
59350,3
59351,3
59352,3
59353,3
59354,3
59355,3
59356,3
59357,3
59358,1
59359,3
59360,3
59361,3
59362,1
59363,2
59364,2
59365,3
59366,2
59367,3
59368,1
59369,3
59370,3
59371,3
59372,2
59373,3
59374,3
59375,3
59376,3
59377,3
59378,1
59379,3
59380,2
59381,3
59382,3
59383,2
59384,1
59385,1
59386,3
59387,3
59388,1
59389,1
59390,1
59391,1
59392,1
59393,3
59394,1
59395,1
59396,1
59397,1
59398,1
59399,1
59400,1
59401,1
59402,1
59403,1
59404,1
59405,1
59406,1
59407,1
59408,1
59409,3
59410,1
59411,1
59412,3
59413,3
59414,1
59415,1
59416,3
59417,1
59418,3
59419,3
59420,2
59421,3
59422,3
59423,1
59424,1
59425,1
59426,1
59427,1
59428,1
59429,1
59430,1
59431,1
59432,1
59433,1
59434,3
59435,1
59436,1
59437,0
59438,3
59439,1
59440,1
59441,1
59442,3
59443,3
59444,3
59445,3
59446,3
59447,3
59448,3
59449,3
59450,2
59451,1
59452,1
59453,3
59454,1
59455,1
59456,1
59457,3
59458,3
59459,3
59460,3
59461,3
59462,3
59463,3
59464,2
59465,3
59466,3
59467,1
59468,1
59469,3
59470,3
59471,1
59472,1
59473,3
59474,1
59475,1
59476,1
59477,3
59478,3
59479,3
59480,3
59481,2
59482,3
59483,3
59484,3
59485,3
59486,3
59487,3
59488,3
59489,3
59490,3
59491,3
59492,1
59493,1
59494,3
59495,1
59496,2
59497,3
59498,3
59499,3
59500,1
59501,3
59502,3
59503,3
59504,3
59505,2
59506,3
59507,3
59508,2
59509,2
59510,3
59511,2
59512,2
59513,3
59514,1
59515,3
59516,3
59517,3
59518,3
59519,3
59520,3
59521,3
59522,3
59523,3
59524,3
59525,3
59526,3
59527,3
59528,3
59529,3
59530,3
59531,3
59532,3
59533,3
59534,3
59535,3
59536,3
59537,3
59538,3
59539,2
59540,2
59541,1
59542,2
59543,3
59544,3
59545,3
59546,3
59547,3
59548,1
59549,3
59550,3
59551,3
59552,3
59553,2
59554,3
59555,3
59556,3
59557,2
59558,3
59559,3
59560,3
59561,3
59562,1
59563,2
59564,3
59565,1
59566,1
59567,3
59568,3
59569,3
59570,3
59571,2
59572,2
59573,3
59574,1
59575,2
59576,2
59577,2
59578,2
59579,2
59580,3
59581,3
59582,2
59583,2
59584,3
59585,3
59586,3
59587,3
59588,3
59589,3
59590,3
59591,3
59592,3
59593,3
59594,3
59595,2
59596,3
59597,3
59598,3
59599,2
59600,0
59601,3
59602,3
59603,3
59604,3
59605,3
59606,1
59607,3
59608,3
59609,2
59610,1
59611,3
59612,3
59613,3
59614,1
59615,1
59616,1
59617,1
59618,1
59619,1
59620,1
59621,3
59622,3
59623,3
59624,3
59625,1
59626,3
59627,1
59628,3
59629,3
59630,1
59631,1
59632,1
59633,1
59634,2
59635,2
59636,3
59637,3
59638,3
59639,3
59640,0
59641,0
59642,0
59643,0
59644,3
59645,3
59646,3
59647,3
59648,3
59649,3
59650,3
59651,0
59652,0
59653,0
59654,0
59655,0
59656,0
59657,0
59658,0
59659,0
59660,3
59661,0
59662,0
59663,0
59664,0
59665,2
59666,0
59667,3
59668,3
59669,3
59670,0
59671,0
59672,0
59673,2
59674,3
59675,2
59676,3
59677,3
59678,3
59679,2
59680,2
59681,2
59682,2
59683,2
59684,2
59685,2
59686,2
59687,2
59688,2
59689,2
59690,2
59691,2
59692,2
59693,2
59694,2
59695,2
59696,2
59697,2
59698,2
59699,2
59700,2
59701,2
59702,2
59703,2
59704,2
59705,2
59706,2
59707,2
59708,2
59709,2
59710,2
59711,2
59712,2
59713,0
59714,0
59715,0
59716,3
59717,3
59718,2
59719,0
59720,2
59721,1
59722,2
59723,0
59724,2
59725,2
59726,2
59727,2
59728,2
59729,3
59730,2
59731,2
59732,2
59733,3
59734,1
59735,1
59736,1
59737,1
59738,1
59739,1
59740,1
59741,0
59742,0
59743,1
59744,1
59745,1
59746,3
59747,3
59748,3
59749,3
59750,3
59751,2
59752,2
59753,2
59754,2
59755,2
59756,2
59757,2
59758,2
59759,2
59760,2
59761,2
59762,2
59763,2
59764,2
59765,2
59766,2
59767,2
59768,2
59769,2
59770,0
59771,2
59772,2
59773,2
59774,2
59775,2
59776,2
59777,2
59778,2
59779,2
59780,2
59781,2
59782,2
59783,2
59784,2
59785,2
59786,2
59787,2
59788,2
59789,2
59790,2
59791,2
59792,1
59793,2
59794,3
59795,3
59796,3
59797,2
59798,0
59799,0
59800,2
59801,0
59802,3
59803,3
59804,3
59805,1
59806,3
59807,3
59808,3
59809,3
59810,3
59811,1
59812,1
59813,3
59814,2
59815,2
59816,1
59817,2
59818,1
59819,3
59820,3
59821,3
59822,2
59823,3
59824,2
59825,1
59826,1
59827,3
59828,1
59829,3
59830,0
59831,2
59832,2
59833,2
59834,3
59835,3
59836,2
59837,3
59838,0
59839,4
59840,1
59841,1
59842,0
59843,0
59844,3
59845,0
59846,2
59847,2
59848,3
59849,3
59850,3
59851,3
59852,3
59853,1
59854,3
59855,3
59856,3
59857,3
59858,3
59859,0
59860,3
59861,3
59862,0
59863,0
59864,2
59865,3
59866,3
59867,3
59868,3
59869,2
59870,3
59871,3
59872,2
59873,3
59874,3
59875,2
59876,0
59877,3
59878,2
59879,2
59880,1
59881,3
59882,2
59883,3
59884,2
59885,2
59886,3
59887,3
59888,3
59889,2
59890,2
59891,3
59892,3
59893,2
59894,2
59895,2
59896,2
59897,3
59898,3
59899,3
59900,2
59901,2
59902,2
59903,2
59904,2
59905,2
59906,0
59907,2
59908,3
59909,0
59910,1
59911,1
59912,0
59913,1
59914,3
59915,1
59916,1
59917,1
59918,2
59919,2
59920,2
59921,2
59922,2
59923,2
59924,2
59925,2
59926,2
59927,2
59928,2
59929,2
59930,2
59931,3
59932,2
59933,2
59934,2
59935,0
59936,2
59937,2
59938,2
59939,2
59940,2
59941,2
59942,2
59943,2
59944,2
59945,2
59946,2
59947,2
59948,2
59949,2
59950,2
59951,2
59952,2
59953,0
59954,2
59955,0
59956,2
59957,2
59958,2
59959,0
59960,2
59961,2
59962,0
59963,0
59964,2
59965,2
59966,3
59967,2
59968,2
59969,0
59970,0
59971,0
59972,0
59973,2
59974,2
59975,3
59976,2
59977,2
59978,2
59979,2
59980,2
59981,0
59982,2
59983,0
59984,0
59985,2
59986,2
59987,2
59988,2
59989,2
59990,2
59991,2
59992,2
59993,2
59994,2
59995,2
59996,2
59997,2
59998,2
59999,3
60000,3
60001,0
60002,0
60003,0
60004,0
60005,0
60006,0
60007,0
60008,2
60009,2
60010,4
60011,3
60012,2
60013,0
60014,3
60015,0
60016,0
60017,0
60018,0
60019,1
60020,0
60021,0
60022,3
60023,3
60024,1
60025,1
60026,3
60027,3
60028,1
60029,3
60030,0
60031,3
60032,1
60033,3
60034,1
60035,2
60036,3
60037,2
60038,0
60039,2
60040,2
60041,2
60042,3
60043,3
60044,1
60045,1
60046,3
60047,1
60048,3
60049,2
60050,1
60051,1
60052,1
60053,2
60054,2
60055,2
60056,2
60057,2
60058,2
60059,2
60060,2
60061,2
60062,2
60063,2
60064,2
60065,2
60066,2
60067,2
60068,2
60069,2
60070,2
60071,2
60072,2
60073,2
60074,2
60075,2
60076,2
60077,2
60078,2
60079,2
60080,3
60081,2
60082,2
60083,2
60084,2
60085,2
60086,3
60087,3
60088,2
60089,2
60090,2
60091,2
60092,2
60093,2
60094,2
60095,2
60096,2
60097,2
60098,2
60099,2
60100,2
60101,2
60102,2
60103,2
60104,2
60105,2
60106,2
60107,2
60108,2
60109,1
60110,2
60111,2
60112,2
60113,2
60114,2
60115,2
60116,1
60117,2
60118,2
60119,2
60120,2
60121,2
60122,2
60123,2
60124,2
60125,2
60126,2
60127,2
60128,2
60129,2
60130,2
60131,2
60132,2
60133,2
60134,2
60135,2
60136,2
60137,2
60138,2
60139,2
60140,2
60141,3
60142,2
60143,2
60144,2
60145,2
60146,2
60147,2
60148,2
60149,2
60150,2
60151,2
60152,2
60153,2
60154,2
60155,2
60156,2
60157,2
60158,2
60159,2
60160,2
60161,2
60162,2
60163,2
60164,2
60165,2
60166,2
60167,2
60168,2
60169,2
60170,2
60171,2
60172,2
60173,2
60174,2
60175,2
60176,2
60177,2
60178,2
60179,2
60180,2
60181,2
60182,2
60183,2
60184,2
60185,2
60186,2
60187,2
60188,2
60189,2
60190,2
60191,2
60192,2
60193,2
60194,2
60195,2
60196,2
60197,2
60198,2
60199,2
60200,2
60201,2
60202,2
60203,2
60204,2
60205,2
60206,2
60207,2
60208,2
60209,2
60210,2
60211,2
60212,2
60213,2
60214,2
60215,2
60216,2
60217,2
60218,2
60219,2
60220,2
60221,2
60222,2
60223,2
60224,2
60225,2
60226,2
60227,2
60228,2
60229,2
60230,2
60231,2
60232,3
60233,2
60234,1
60235,3
60236,2
60237,2
60238,2
60239,2
60240,2
60241,2
60242,2
60243,2
60244,2
60245,2
60246,2
60247,2
60248,2
60249,2
60250,2
60251,2
60252,2
60253,2
60254,2
60255,2
60256,2
60257,2
60258,2
60259,2
60260,2
60261,2
60262,2
60263,2
60264,2
60265,2
60266,2
60267,2
60268,2
60269,2
60270,2
60271,2
60272,2
60273,2
60274,2
60275,2
60276,2
60277,2
60278,2
60279,2
60280,2
60281,2
60282,2
60283,2
60284,2
60285,2
60286,2
60287,2
60288,2
60289,2
60290,2
60291,2
60292,2
60293,2
60294,2
60295,2
60296,2
60297,2
60298,2
60299,2
60300,2
60301,1
60302,2
60303,2
60304,2
60305,2
60306,2
60307,2
60308,2
60309,1
60310,3
60311,1
60312,1
60313,2
60314,2
60315,2
60316,1
60317,2
60318,2
60319,2
60320,2
60321,2
60322,2
60323,2
60324,2
60325,2
60326,2
60327,2
60328,2
60329,2
60330,2
60331,2
60332,2
60333,2
60334,1
60335,1
60336,2
60337,2
60338,2
60339,2
60340,2
60341,2
60342,2
60343,2
60344,2
60345,2
60346,2
60347,2
60348,2
60349,3
60350,2
60351,2
60352,2
60353,2
60354,2
60355,2
60356,2
60357,2
60358,2
60359,2
60360,2
60361,2
60362,2
60363,2
60364,2
60365,2
60366,2
60367,2
60368,2
60369,2
60370,2
60371,2
60372,2
60373,2
60374,2
60375,2
60376,2
60377,2
60378,2
60379,2
60380,2
60381,2
60382,2
60383,2
60384,1
60385,2
60386,2
60387,2
60388,2
60389,2
60390,2
60391,2
60392,2
60393,2
60394,2
60395,1
60396,2
60397,2
60398,1
60399,2
60400,1
60401,2
60402,2
60403,2
60404,2
60405,2
60406,1
60407,1
60408,1
60409,1
60410,1
60411,1
60412,2
60413,2
60414,2
60415,3
60416,2
60417,2
60418,2
60419,1
60420,1
60421,2
60422,1
60423,2
60424,3
60425,1
60426,1
60427,1
60428,1
60429,2
60430,1
60431,1
60432,1
60433,1
60434,2
60435,1
60436,3
60437,1
60438,2
60439,2
60440,1
60441,1
60442,1
60443,2
60444,3
60445,0
60446,2
60447,3
60448,3
60449,0
60450,3
60451,0
60452,0
60453,1
60454,1
60455,2
60456,2
60457,3
60458,3
60459,2
60460,3
60461,2
60462,3
60463,3
60464,2
60465,3
60466,3
60467,2
60468,3
60469,1
60470,1
60471,1
60472,1
60473,2
60474,1
60475,2
60476,2
60477,2
60478,2
60479,2
60480,2
60481,2
60482,2
60483,2
60484,1
60485,1
60486,1
60487,3
60488,2
60489,2
60490,2
60491,1
60492,1
60493,1
60494,1
60495,1
60496,3
60497,3
60498,1
60499,2
60500,2
60501,2
60502,2
60503,2
60504,2
60505,2
60506,2
60507,2
60508,2
60509,2
60510,2
60511,2
60512,2
60513,2
60514,2
60515,2
60516,2
60517,2
60518,2
60519,2
60520,2
60521,2
60522,1
60523,2
60524,2
60525,2
60526,2
60527,2
60528,2
60529,2
60530,2
60531,2
60532,2
60533,2
60534,2
60535,1
60536,2
60537,2
60538,2
60539,2
60540,2
60541,2
60542,2
60543,2
60544,2
60545,2
60546,2
60547,2
60548,2
60549,2
60550,2
60551,2
60552,1
60553,2
60554,2
60555,2
60556,2
60557,2
60558,1
60559,2
60560,2
60561,2
60562,2
60563,2
60564,2
60565,2
60566,2
60567,2
60568,2
60569,2
60570,2
60571,2
60572,2
60573,2
60574,2
60575,2
60576,2
60577,1
60578,2
60579,0
60580,2
60581,2
60582,2
60583,2
60584,2
60585,2
60586,2
60587,2
60588,2
60589,2
60590,2
60591,2
60592,2
60593,2
60594,2
60595,2
60596,2
60597,2
60598,2
60599,2
60600,2
60601,2
60602,2
60603,2
60604,2
60605,2
60606,2
60607,2
60608,2
60609,2
60610,2
60611,2
60612,2
60613,2
60614,2
60615,2
60616,1
60617,2
60618,2
60619,2
60620,2
60621,2
60622,1
60623,1
60624,2
60625,2
60626,2
60627,2
60628,2
60629,2
60630,1
60631,1
60632,2
60633,2
60634,2
60635,2
60636,2
60637,2
60638,1
60639,2
60640,2
60641,2
60642,2
60643,1
60644,2
60645,2
60646,2
60647,2
60648,2
60649,1
60650,2
60651,1
60652,2
60653,2
60654,2
60655,2
60656,2
60657,2
60658,2
60659,2
60660,2
60661,2
60662,2
60663,2
60664,2
60665,2
60666,2
60667,2
60668,2
60669,2
60670,2
60671,1
60672,2
60673,1
60674,2
60675,2
60676,2
60677,2
60678,2
60679,2
60680,2
60681,2
60682,2
60683,2
60684,2
60685,2
60686,2
60687,4
60688,2
60689,2
60690,2
60691,2
60692,2
60693,1
60694,2
60695,2
60696,2
60697,2
60698,2
60699,2
60700,2
60701,2
60702,2
60703,2
60704,2
60705,2
60706,2
60707,2
60708,2
60709,2
60710,2
60711,2
60712,2
60713,2
60714,2
60715,2
60716,2
60717,2
60718,2
60719,2
60720,2
60721,2
60722,2
60723,2
60724,2
60725,2
60726,1
60727,2
60728,2
60729,2
60730,2
60731,2
60732,2
60733,2
60734,2
60735,2
60736,2
60737,2
60738,2
60739,2
60740,1
60741,1
60742,2
60743,1
60744,1
60745,1
60746,1
60747,1
60748,1
60749,1
60750,1
60751,1
60752,1
60753,1
60754,3
60755,3
60756,1
60757,1
60758,1
60759,1
60760,1
60761,1
60762,1
60763,1
60764,1
60765,1
60766,1
60767,1
60768,1
60769,1
60770,1
60771,1
60772,1
60773,1
60774,1
60775,1
60776,0
60777,1
60778,1
60779,3
60780,3
60781,3
60782,3
60783,3
60784,3
60785,4
60786,3
60787,1
60788,3
60789,3
60790,3
60791,3
60792,3
60793,3
60794,3
60795,3
60796,3
60797,0
60798,0
60799,0
60800,3
60801,3
60802,3
60803,0
60804,3
60805,0
60806,0
60807,3
60808,3
60809,3
60810,3
60811,3
60812,3
60813,1
60814,0
60815,3
60816,3
60817,3
60818,0
60819,0
60820,0
60821,3
60822,3
60823,0
60824,0
60825,3
60826,0
60827,0
60828,3
60829,0
60830,3
60831,3
60832,0
60833,3
60834,3
60835,3
60836,3
60837,3
60838,3
60839,3
60840,3
60841,0
60842,0
60843,3
60844,0
60845,3
60846,0
60847,0
60848,0
60849,3
60850,0
60851,0
60852,0
60853,0
60854,0
60855,0
60856,0
60857,0
60858,0
60859,0
60860,0
60861,0
60862,0
60863,0
60864,0
60865,3
60866,3
60867,3
60868,1
60869,0
60870,1
60871,0
60872,2
60873,0
60874,0
60875,0
60876,3
60877,0
60878,0
60879,0
60880,3
60881,0
60882,3
60883,3
60884,3
60885,3
60886,3
60887,3
60888,3
60889,3
60890,3
60891,3
60892,3
60893,3
60894,1
60895,3
60896,3
60897,3
60898,2
60899,0
60900,3
60901,0
60902,1
60903,3
60904,1
60905,1
60906,3
60907,3
60908,3
60909,3
60910,3
60911,3
60912,3
60913,3
60914,3
60915,0
60916,0
60917,0
60918,3
60919,1
60920,2
60921,3
60922,3
60923,3
60924,3
60925,3
60926,0
60927,0
60928,3
60929,3
60930,0
60931,3
60932,3
60933,3
60934,2
60935,3
60936,3
60937,3
60938,3
60939,3
60940,1
60941,3
60942,3
60943,3
60944,3
60945,3
60946,3
60947,3
60948,3
60949,3
60950,3
60951,3
60952,3
60953,2
60954,2
60955,3
60956,3
60957,3
60958,1
60959,1
60960,1
60961,1
60962,1
60963,3
60964,3
60965,1
60966,3
60967,3
60968,0
60969,0
60970,0
60971,0
60972,0
60973,0
60974,0
60975,0
60976,3
60977,3
60978,0
60979,0
60980,0
60981,0
60982,0
60983,0
60984,0
60985,0
60986,0
60987,0
60988,0
60989,0
60990,0
60991,0
60992,0
60993,3
60994,3
60995,3
60996,3
60997,3
60998,3
60999,3
61000,3
61001,3
61002,3
61003,3
61004,3
61005,2
61006,0
61007,0
61008,3
61009,0
61010,2
61011,2
61012,2
61013,2
61014,2
61015,3
61016,3
61017,2
61018,2
61019,2
61020,2
61021,2
61022,2
61023,2
61024,2
61025,2
61026,2
61027,2
61028,2
61029,2
61030,2
61031,2
61032,2
61033,3
61034,3
61035,2
61036,2
61037,3
61038,0
61039,3
61040,3
61041,3
61042,3
61043,3
61044,3
61045,0
61046,3
61047,3
61048,3
61049,3
61050,3
61051,3
61052,3
61053,3
61054,3
61055,3
61056,3
61057,3
61058,3
61059,3
61060,0
61061,3
61062,3
61063,3
61064,3
61065,3
61066,3
61067,3
61068,3
61069,3
61070,3
61071,0
61072,2
61073,3
61074,2
61075,3
61076,3
61077,1
61078,3
61079,2
61080,0
61081,0
61082,3
61083,3
61084,3
61085,3
61086,3
61087,0
61088,3
61089,0
61090,0
61091,0
61092,0
61093,3
61094,0
61095,0
61096,0
61097,0
61098,0
61099,0
61100,0
61101,0
61102,0
61103,0
61104,0
61105,0
61106,0
61107,0
61108,0
61109,0
61110,0
61111,0
61112,0
61113,0
61114,0
61115,0
61116,0
61117,0
61118,0
61119,0
61120,0
61121,0
61122,0
61123,0
61124,3
61125,0
61126,0
61127,0
61128,0
61129,0
61130,0
61131,0
61132,0
61133,0
61134,0
61135,2
61136,0
61137,2
61138,0
61139,0
61140,0
61141,0
61142,0
61143,0
61144,0
61145,0
61146,0
61147,0
61148,0
61149,0
61150,0
61151,0
61152,0
61153,0
61154,0
61155,0
61156,0
61157,0
61158,0
61159,0
61160,0
61161,0
61162,0
61163,0
61164,0
61165,0
61166,0
61167,0
61168,0
61169,0
61170,0
61171,0
61172,0
61173,0
61174,0
61175,0
61176,0
61177,0
61178,0
61179,0
61180,0
61181,0
61182,0
61183,0
61184,0
61185,0
61186,0
61187,0
61188,0
61189,0
61190,0
61191,0
61192,0
61193,0
61194,0
61195,0
61196,0
61197,0
61198,0
61199,0
61200,0
61201,0
61202,0
61203,0
61204,0
61205,0
61206,0
61207,0
61208,0
61209,0
61210,0
61211,0
61212,0
61213,0
61214,0
61215,0
61216,0
61217,0
61218,0
61219,0
61220,2
61221,2
61222,2
61223,3
61224,3
61225,0
61226,0
61227,2
61228,3
61229,3
61230,1
61231,3
61232,3
61233,1
61234,3
61235,3
61236,1
61237,3
61238,3
61239,3
61240,1
61241,3
61242,0
61243,0
61244,0
61245,3
61246,3
61247,3
61248,0
61249,0
61250,0
61251,0
61252,0
61253,0
61254,0
61255,0
61256,0
61257,0
61258,0
61259,0
61260,0
61261,0
61262,0
61263,0
61264,0
61265,0
61266,0
61267,0
61268,0
61269,0
61270,0
61271,0
61272,0
61273,0
61274,0
61275,0
61276,0
61277,0
61278,0
61279,0
61280,0
61281,0
61282,0
61283,0
61284,0
61285,0
61286,0
61287,0
61288,0
61289,0
61290,0
61291,0
61292,0
61293,0
61294,0
61295,0
61296,0
61297,0
61298,0
61299,0
61300,0
61301,0
61302,0
61303,0
61304,0
61305,0
61306,0
61307,0
61308,0
61309,0
61310,0
61311,0
61312,0
61313,0
61314,0
61315,0
61316,0
61317,0
61318,0
61319,0
61320,0
61321,0
61322,2
61323,0
61324,0
61325,0
61326,0
61327,0
61328,0
61329,0
61330,0
61331,0
61332,0
61333,0
61334,0
61335,0
61336,0
61337,0
61338,0
61339,0
61340,0
61341,0
61342,0
61343,0
61344,0
61345,0
61346,0
61347,0
61348,0
61349,0
61350,0
61351,0
61352,0
61353,0
61354,0
61355,0
61356,0
61357,0
61358,0
61359,0
61360,0
61361,0
61362,0
61363,0
61364,0
61365,0
61366,0
61367,0
61368,0
61369,0
61370,0
61371,0
61372,0
61373,0
61374,0
61375,0
61376,0
61377,0
61378,0
61379,0
61380,0
61381,0
61382,0
61383,0
61384,0
61385,0
61386,0
61387,0
61388,0
61389,0
61390,0
61391,0
61392,0
61393,0
61394,0
61395,0
61396,0
61397,0
61398,0
61399,0
61400,0
61401,0
61402,0
61403,0
61404,0
61405,2
61406,0
61407,0
61408,0
61409,0
61410,0
61411,0
61412,0
61413,2
61414,0
61415,0
61416,0
61417,0
61418,0
61419,0
61420,0
61421,0
61422,0
61423,0
61424,0
61425,0
61426,0
61427,0
61428,0
61429,0
61430,0
61431,0
61432,0
61433,0
61434,0
61435,0
61436,0
61437,0
61438,2
61439,2
61440,0
61441,3
61442,3
61443,3
61444,3
61445,3
61446,0
61447,0
61448,0
61449,3
61450,0
61451,3
61452,0
61453,0
61454,0
61455,3
61456,1
61457,3
61458,3
61459,0
61460,0
61461,0
61462,0
61463,0
61464,0
61465,0
61466,0
61467,0
61468,0
61469,0
61470,0
61471,0
61472,0
61473,0
61474,0
61475,0
61476,0
61477,0
61478,0
61479,0
61480,0
61481,0
61482,0
61483,0
61484,0
61485,0
61486,0
61487,0
61488,3
61489,0
61490,0
61491,0
61492,0
61493,0
61494,0
61495,0
61496,0
61497,3
61498,0
61499,0
61500,2
61501,0
61502,0
61503,0
61504,0
61505,0
61506,0
61507,0
61508,0
61509,0
61510,0
61511,0
61512,0
61513,0
61514,0
61515,2
61516,0
61517,3
61518,3
61519,3
61520,0
61521,0
61522,0
61523,0
61524,0
61525,2
61526,0
61527,0
61528,0
61529,0
61530,0
61531,0
61532,0
61533,0
61534,3
61535,0
61536,0
61537,0
61538,3
61539,3
61540,3
61541,0
61542,1
61543,1
61544,1
61545,3
61546,3
61547,3
61548,0
61549,0
61550,1
61551,3
61552,3
61553,0
61554,0
61555,3
61556,0
61557,3
61558,3
61559,3
61560,0
61561,0
61562,0
61563,0
61564,0
61565,0
61566,0
61567,0
61568,0
61569,0
61570,0
61571,0
61572,0
61573,0
61574,0
61575,0
61576,0
61577,0
61578,0
61579,0
61580,0
61581,0
61582,0
61583,0
61584,0
61585,0
61586,0
61587,0
61588,0
61589,0
61590,0
61591,0
61592,0
61593,0
61594,0
61595,0
61596,0
61597,0
61598,0
61599,0
61600,0
61601,0
61602,0
61603,0
61604,0
61605,0
61606,0
61607,0
61608,0
61609,0
61610,0
61611,0
61612,0
61613,0
61614,0
61615,0
61616,0
61617,0
61618,3
61619,3
61620,2
61621,2
61622,3
61623,2
61624,2
61625,2
61626,2
61627,2
61628,2
61629,0
61630,2
61631,2
61632,2
61633,0
61634,2
61635,0
61636,3
61637,2
61638,2
61639,3
61640,2
61641,2
61642,2
61643,2
61644,2
61645,2
61646,2
61647,3
61648,0
61649,2
61650,2
61651,3
61652,2
61653,2
61654,3
61655,2
61656,2
61657,2
61658,0
61659,2
61660,2
61661,2
61662,2
61663,2
61664,2
61665,2
61666,2
61667,2
61668,2
61669,2
61670,2
61671,2
61672,2
61673,2
61674,2
61675,3
61676,2
61677,2
61678,2
61679,2
61680,2
61681,2
61682,2
61683,3
61684,3
61685,3
61686,2
61687,2
61688,0
61689,3
61690,1
61691,1
61692,2
61693,1
61694,1
61695,1
61696,3
61697,3
61698,3
61699,0
61700,3
61701,3
61702,2
61703,3
61704,2
61705,3
61706,3
61707,2
61708,3
61709,3
61710,1
61711,2
61712,2
61713,3
61714,3
61715,1
61716,1
61717,3
61718,3
61719,1
61720,2
61721,2
61722,2
61723,2
61724,2
61725,2
61726,2
61727,2
61728,2
61729,2
61730,3
61731,3
61732,3
61733,2
61734,3
61735,3
61736,1
61737,0
61738,3
61739,2
61740,2
61741,2
61742,1
61743,0
61744,2
61745,2
61746,3
61747,2
61748,2
61749,2
61750,2
61751,2
61752,2
61753,2
61754,2
61755,2
61756,3
61757,3
61758,2
61759,2
61760,2
61761,3
61762,2
61763,2
61764,2
61765,2
61766,2
61767,2
61768,2
61769,2
61770,2
61771,2
61772,2
61773,2
61774,2
61775,0
61776,2
61777,2
61778,3
61779,2
61780,1
61781,2
61782,1
61783,1
61784,1
61785,3
61786,1
61787,2
61788,2
61789,2
61790,3
61791,3
61792,3
61793,2
61794,2
61795,2
61796,2
61797,1
61798,2
61799,3
61800,3
61801,2
61802,2
61803,2
61804,2
61805,3
61806,2
61807,2
61808,2
61809,2
61810,2
61811,2
61812,2
61813,2
61814,2
61815,2
61816,2
61817,2
61818,2
61819,2
61820,2
61821,2
61822,2
61823,2
61824,2
61825,2
61826,2
61827,2
61828,2
61829,2
61830,2
61831,2
61832,2
61833,1
61834,1
61835,2
61836,2
61837,2
61838,2
61839,2
61840,2
61841,2
61842,2
61843,2
61844,2
61845,2
61846,2
61847,2
61848,2
61849,3
61850,2
61851,3
61852,2
61853,2
61854,3
61855,2
61856,2
61857,2
61858,2
61859,2
61860,2
61861,3
61862,3
61863,3
61864,2
61865,3
61866,3
61867,3
61868,3
61869,2
61870,2
61871,2
61872,2
61873,2
61874,2
61875,2
61876,2
61877,2
61878,2
61879,2
61880,2
61881,2
61882,2
61883,2
61884,2
61885,2
61886,2
61887,2
61888,3
61889,2
61890,3
61891,3
61892,2
61893,2
61894,2
61895,2
61896,2
61897,2
61898,2
61899,2
61900,1
61901,3
61902,3
61903,0
61904,3
61905,2
61906,0
61907,2
61908,3
61909,3
61910,2
61911,3
61912,0
61913,2
61914,0
61915,3
61916,3
61917,2
61918,3
61919,1
61920,3
61921,3
61922,3
61923,2
61924,2
61925,2
61926,3
61927,2
61928,2
61929,3
61930,2
61931,2
61932,2
61933,2
61934,2
61935,2
61936,2
61937,2
61938,2
61939,2
61940,2
61941,2
61942,2
61943,2
61944,2
61945,2
61946,2
61947,2
61948,2
61949,2
61950,2
61951,3
61952,2
61953,2
61954,2
61955,3
61956,3
61957,3
61958,2
61959,3
61960,3
61961,2
61962,2
61963,2
61964,2
61965,2
61966,3
61967,2
61968,0
61969,3
61970,2
61971,2
61972,3
61973,2
61974,2
61975,2
61976,2
61977,2
61978,2
61979,2
61980,2
61981,2
61982,2
61983,2
61984,2
61985,2
61986,2
61987,2
61988,2
61989,2
61990,2
61991,2
61992,2
61993,2
61994,2
61995,2
61996,2
61997,2
61998,1
61999,3
62000,3
62001,2
62002,2
62003,3
62004,0
62005,3
62006,3
62007,2
62008,2
62009,2
62010,2
62011,2
62012,2
62013,2
62014,2
62015,2
62016,2
62017,2
62018,2
62019,2
62020,2
62021,2
62022,2
62023,3
62024,2
62025,2
62026,2
62027,2
62028,2
62029,2
62030,2
62031,2
62032,2
62033,3
62034,2
62035,2
62036,2
62037,2
62038,1
62039,2
62040,2
62041,2
62042,3
62043,2
62044,3
62045,2
62046,2
62047,0
62048,3
62049,1
62050,1
62051,3
62052,2
62053,3
62054,2
62055,3
62056,2
62057,2
62058,2
62059,2
62060,3
62061,3
62062,1
62063,2
62064,2
62065,0
62066,3
62067,2
62068,3
62069,2
62070,1
62071,1
62072,2
62073,2
62074,2
62075,2
62076,2
62077,2
62078,3
62079,2
62080,3
62081,2
62082,1
62083,2
62084,2
62085,2
62086,3
62087,3
62088,3
62089,2
62090,3
62091,3
62092,0
62093,2
62094,2
62095,1
62096,2
62097,2
62098,3
62099,2
62100,2
62101,2
62102,2
62103,2
62104,2
62105,3
62106,2
62107,2
62108,3
62109,2
62110,2
62111,2
62112,2
62113,2
62114,2
62115,2
62116,2
62117,3
62118,2
62119,2
62120,2
62121,2
62122,2
62123,3
62124,3
62125,2
62126,2
62127,3
62128,2
62129,2
62130,3
62131,3
62132,2
62133,3
62134,3
62135,3
62136,2
62137,3
62138,3
62139,3
62140,2
62141,3
62142,3
62143,3
62144,3
62145,3
62146,3
62147,0
62148,3
62149,3
62150,2
62151,3
62152,3
62153,3
62154,3
62155,3
62156,2
62157,3
62158,3
62159,3
62160,3
62161,2
62162,2
62163,3
62164,3
62165,2
62166,2
62167,3
62168,3
62169,3
62170,3
62171,3
62172,3
62173,3
62174,3
62175,3
62176,3
62177,3
62178,3
62179,3
62180,0
62181,3
62182,2
62183,3
62184,3
62185,2
62186,2
62187,1
62188,1
62189,1
62190,1
62191,1
62192,1
62193,1
62194,1
62195,1
62196,1
62197,1
62198,1
62199,1
62200,3
62201,3
62202,3
62203,3
62204,3
62205,3
62206,3
62207,3
62208,3
62209,3
62210,3
62211,3
62212,3
62213,3
62214,3
62215,3
62216,3
62217,3
62218,3
62219,1
62220,1
62221,3
62222,0
62223,2
62224,0
62225,2
62226,3
62227,3
62228,1
62229,1
62230,3
62231,2
62232,3
62233,3
62234,3
62235,3
62236,3
62237,3
62238,0
62239,2
62240,2
62241,3
62242,3
62243,3
62244,3
62245,3
62246,3
62247,3
62248,3
62249,3
62250,0
62251,0
62252,0
62253,2
62254,2
62255,3
62256,3
62257,2
62258,0
62259,0
62260,0
62261,0
62262,3
62263,3
62264,2
62265,2
62266,3
62267,3
62268,0
62269,3
62270,0
62271,1
62272,0
62273,1
62274,3
62275,0
62276,0
62277,3
62278,3
62279,2
62280,3
62281,0
62282,3
62283,3
62284,1
62285,1
62286,1
62287,1
62288,1
62289,1
62290,1
62291,1
62292,1
62293,1
62294,1
62295,1
62296,1
62297,1
62298,1
62299,1
62300,1
62301,1
62302,1
62303,1
62304,1
62305,1
62306,1
62307,1
62308,1
62309,1
62310,1
62311,1
62312,1
62313,1
62314,1
62315,1
62316,1
62317,1
62318,2
62319,2
62320,2
62321,2
62322,2
62323,2
62324,3
62325,0
62326,1
62327,1
62328,3
62329,2
62330,3
62331,3
62332,3
62333,2
62334,2
62335,2
62336,0
62337,3
62338,2
62339,0
62340,2
62341,2
62342,2
62343,2
62344,2
62345,2
62346,2
62347,3
62348,3
62349,2
62350,3
62351,2
62352,3
62353,3
62354,1
62355,0
62356,3
62357,2
62358,2
62359,2
62360,2
62361,2
62362,1
62363,2
62364,3
62365,3
62366,3
62367,2
62368,2
62369,3
62370,4
62371,1
62372,1
62373,1
62374,1
62375,1
62376,1
62377,1
62378,1
62379,1
62380,1
62381,0
62382,3
62383,2
62384,1
62385,1
62386,1
62387,1
62388,1
62389,1
62390,2
62391,3
62392,0
62393,1
62394,1
62395,1
62396,3
62397,3
62398,3
62399,1
62400,3
62401,3
62402,2
62403,2
62404,2
62405,3
62406,3
62407,1
62408,1
62409,1
62410,1
62411,1
62412,1
62413,1
62414,1
62415,1
62416,1
62417,1
62418,1
62419,3
62420,0
62421,0
62422,0
62423,1
62424,1
62425,1
62426,1
62427,3
62428,0
62429,3
62430,0
62431,1
62432,1
62433,1
62434,1
62435,1
62436,1
62437,1
62438,1
62439,1
62440,1
62441,1
62442,1
62443,1
62444,1
62445,1
62446,1
62447,0
62448,3
62449,1
62450,1
62451,1
62452,1
62453,1
62454,1
62455,3
62456,3
62457,3
62458,1
62459,3
62460,3
62461,3
62462,4
62463,2
62464,3
62465,3
62466,0
62467,3
62468,3
62469,3
62470,3
62471,3
62472,3
62473,3
62474,1
62475,3
62476,2
62477,3
62478,0
62479,0
62480,0
62481,0
62482,3
62483,3
62484,3
62485,3
62486,2
62487,3
62488,2
62489,2
62490,0
62491,2
62492,2
62493,2
62494,0
62495,3
62496,3
62497,1
62498,0
62499,0
62500,3
62501,3
62502,3
62503,3
62504,3
62505,3
62506,2
62507,2
62508,2
62509,2
62510,2
62511,3
62512,1
62513,1
62514,1
62515,3
62516,3
62517,3
62518,3
62519,0
62520,3
62521,2
62522,3
62523,3
62524,3
62525,3
62526,3
62527,0
62528,1
62529,1
62530,1
62531,1
62532,3
62533,3
62534,3
62535,3
62536,1
62537,1
62538,1
62539,3
62540,1
62541,3
62542,3
62543,3
62544,1
62545,3
62546,1
62547,1
62548,1
62549,3
62550,0
62551,2
62552,2
62553,3
62554,3
62555,1
62556,1
62557,1
62558,1
62559,1
62560,0
62561,3
62562,2
62563,2
62564,3
62565,2
62566,0
62567,1
62568,1
62569,3
62570,2
62571,3
62572,0
62573,2
62574,0
62575,3
62576,0
62577,2
62578,2
62579,2
62580,3
62581,2
62582,2
62583,2
62584,2
62585,2
62586,2
62587,3
62588,3
62589,3
62590,2
62591,2
62592,2
62593,2
62594,0
62595,2
62596,0
62597,2
62598,2
62599,3
62600,2
62601,2
62602,2
62603,2
62604,3
62605,1
62606,2
62607,2
62608,3
62609,2
62610,0
62611,0
62612,0
62613,2
62614,3
62615,2
62616,2
62617,3
62618,3
62619,2
62620,3
62621,2
62622,2
62623,2
62624,2
62625,3
62626,1
62627,2
62628,2
62629,2
62630,4
62631,1
62632,1
62633,3
62634,1
62635,1
62636,3
62637,3
62638,3
62639,1
62640,1
62641,3
62642,3
62643,3
62644,0
62645,3
62646,3
62647,3
62648,2
62649,3
62650,3
62651,1
62652,3
62653,3
62654,0
62655,3
62656,0
62657,3
62658,0
62659,2
62660,3
62661,3
62662,2
62663,0
62664,0
62665,2
62666,0
62667,0
62668,0
62669,2
62670,3
62671,1
62672,0
62673,0
62674,0
62675,0
62676,0
62677,0
62678,0
62679,0
62680,0
62681,0
62682,2
62683,3
62684,3
62685,3
62686,3
62687,3
62688,3
62689,3
62690,3
62691,3
62692,3
62693,2
62694,3
62695,3
62696,2
62697,0
62698,3
62699,3
62700,0
62701,3
62702,3
62703,3
62704,3
62705,3
62706,3
62707,3
62708,3
62709,3
62710,3
62711,3
62712,3
62713,3
62714,3
62715,1
62716,2
62717,0
62718,3
62719,0
62720,2
62721,1
62722,3
62723,3
62724,3
62725,3
62726,3
62727,3
62728,3
62729,3
62730,3
62731,1
62732,1
62733,1
62734,1
62735,1
62736,3
62737,3
62738,3
62739,3
62740,3
62741,3
62742,3
62743,1
62744,3
62745,0
62746,0
62747,0
62748,3
62749,3
62750,3
62751,3
62752,1
62753,3
62754,1
62755,3
62756,0
62757,3
62758,1
62759,3
62760,3
62761,3
62762,3
62763,3
62764,3
62765,3
62766,3
62767,3
62768,3
62769,1
62770,1
62771,3
62772,3
62773,2
62774,2
62775,2
62776,2
62777,1
62778,1
62779,3
62780,3
62781,1
62782,0
62783,3
62784,0
62785,2
62786,2
62787,0
62788,0
62789,2
62790,2
62791,0
62792,0
62793,0
62794,0
62795,2
62796,0
62797,0
62798,0
62799,3
62800,3
62801,0
62802,0
62803,0
62804,0
62805,3
62806,3
62807,3
62808,3
62809,3
62810,3
62811,3
62812,2
62813,3
62814,3
62815,3
62816,3
62817,3
62818,3
62819,3
62820,3
62821,3
62822,3
62823,2
62824,2
62825,0
62826,3
62827,2
62828,2
62829,3
62830,1
62831,0
62832,2
62833,2
62834,3
62835,3
62836,2
62837,1
62838,3
62839,3
62840,0
62841,0
62842,2
62843,0
62844,2
62845,0
62846,0
62847,0
62848,0
62849,3
62850,3
62851,3
62852,3
62853,3
62854,2
62855,2
62856,3
62857,2
62858,3
62859,3
62860,3
62861,0
62862,2
62863,3
62864,3
62865,3
62866,2
62867,3
62868,0
62869,3
62870,0
62871,2
62872,3
62873,3
62874,3
62875,3
62876,0
62877,3
62878,0
62879,2
62880,0
62881,2
62882,2
62883,3
62884,2
62885,0
62886,2
62887,2
62888,3
62889,0
62890,3
62891,3
62892,3
62893,2
62894,3
62895,2
62896,3
62897,3
62898,2
62899,2
62900,3
62901,0
62902,0
62903,2
62904,0
62905,0
62906,3
62907,3
62908,1
62909,3
62910,0
62911,0
62912,3
62913,0
62914,0
62915,3
62916,3
62917,0
62918,3
62919,0
62920,3
62921,3
62922,3
62923,3
62924,3
62925,2
62926,2
62927,2
62928,2
62929,2
62930,2
62931,2
62932,2
62933,2
62934,2
62935,2
62936,2
62937,1
62938,1
62939,2
62940,2
62941,2
62942,0
62943,0
62944,2
62945,2
62946,3
62947,2
62948,2
62949,3
62950,0
62951,3
62952,0
62953,3
62954,3
62955,2
62956,2
62957,2
62958,3
62959,3
62960,3
62961,3
62962,2
62963,2
62964,2
62965,2
62966,3
62967,2
62968,2
62969,3
62970,3
62971,3
62972,3
62973,3
62974,0
62975,2
62976,2
62977,3
62978,2
62979,3
62980,3
62981,3
62982,3
62983,3
62984,3
62985,3
62986,3
62987,3
62988,3
62989,1
62990,3
62991,3
62992,0
62993,0
62994,2
62995,0
62996,2
62997,2
62998,2
62999,2
63000,2
63001,2
63002,0
63003,2
63004,0
63005,2
63006,0
63007,2
63008,2
63009,3
63010,2
63011,3
63012,3
63013,2
63014,3
63015,2
63016,2
63017,3
63018,3
63019,2
63020,3
63021,3
63022,2
63023,1
63024,3
63025,3
63026,0
63027,0
63028,0
63029,0
63030,3
63031,3
63032,2
63033,2
63034,3
63035,3
63036,3
63037,2
63038,3
63039,3
63040,3
63041,3
63042,2
63043,3
63044,0
63045,3
63046,3
63047,2
63048,3
63049,0
63050,3
63051,3
63052,2
63053,2
63054,0
63055,2
63056,3
63057,3
63058,2
63059,3
63060,0
63061,3
63062,3
63063,3
63064,2
63065,0
63066,0
63067,2
63068,0
63069,0
63070,0
63071,3
63072,0
63073,0
63074,3
63075,2
63076,3
63077,3
63078,3
63079,3
63080,2
63081,2
63082,3
63083,3
63084,3
63085,2
63086,2
63087,3
63088,3
63089,3
63090,3
63091,2
63092,3
63093,3
63094,3
63095,3
63096,3
63097,3
63098,3
63099,3
63100,3
63101,3
63102,0
63103,1
63104,0
63105,3
63106,3
63107,0
63108,0
63109,0
63110,2
63111,3
63112,3
63113,2
63114,2
63115,2
63116,2
63117,2
63118,2
63119,2
63120,2
63121,2
63122,2
63123,2
63124,2
63125,0
63126,0
63127,0
63128,0
63129,2
63130,2
63131,2
63132,2
63133,2
63134,0
63135,2
63136,3
63137,2
63138,2
63139,0
63140,2
63141,2
63142,3
63143,3
63144,3
63145,1
63146,3
63147,3
63148,3
63149,0
63150,0
63151,3
63152,2
63153,3
63154,3
63155,3
63156,3
63157,2
63158,3
63159,3
63160,3
63161,2
63162,3
63163,3
63164,2
63165,3
63166,3
63167,3
63168,3
63169,3
63170,2
63171,3
63172,2
63173,3
63174,3
63175,3
63176,3
63177,3
63178,3
63179,2
63180,3
63181,3
63182,0
63183,3
63184,3
63185,2
63186,3
63187,3
63188,3
63189,2
63190,2
63191,2
63192,3
63193,2
63194,3
63195,3
63196,3
63197,3
63198,3
63199,2
63200,3
63201,2
63202,2
63203,2
63204,3
63205,2
63206,0
63207,3
63208,3
63209,3
63210,0
63211,2
63212,3
63213,3
63214,2
63215,3
63216,3
63217,3
63218,0
63219,3
63220,3
63221,0
63222,3
63223,1
63224,2
63225,3
63226,2
63227,2
63228,2
63229,2
63230,2
63231,2
63232,2
63233,2
63234,2
63235,2
63236,2
63237,2
63238,2
63239,0
63240,2
63241,0
63242,0
63243,3
63244,2
63245,2
63246,3
63247,2
63248,3
63249,2
63250,3
63251,2
63252,2
63253,3
63254,2
63255,2
63256,3
63257,3
63258,2
63259,2
63260,3
63261,2
63262,0
63263,3
63264,2
63265,2
63266,3
63267,2
63268,3
63269,3
63270,2
63271,0
63272,3
63273,2
63274,2
63275,3
63276,3
63277,3
63278,3
63279,2
63280,3
63281,2
63282,2
63283,0
63284,2
63285,3
63286,2
63287,3
63288,0
63289,3
63290,2
63291,2
63292,3
63293,2
63294,3
63295,3
63296,1
63297,2
63298,2
63299,2
63300,2
63301,3
63302,3
63303,3
63304,2
63305,2
63306,3
63307,3
63308,2
63309,3
63310,3
63311,3
63312,3
63313,0
63314,0
63315,3
63316,2
63317,3
63318,3
63319,3
63320,3
63321,3
63322,3
63323,3
63324,3
63325,3
63326,3
63327,3
63328,3
63329,3
63330,2
63331,2
63332,3
63333,3
63334,3
63335,2
63336,3
63337,2
63338,3
63339,3
63340,3
63341,3
63342,0
63343,3
63344,3
63345,3
63346,2
63347,3
63348,3
63349,3
63350,3
63351,3
63352,3
63353,2
63354,2
63355,3
63356,3
63357,3
63358,2
63359,2
63360,3
63361,3
63362,2
63363,2
63364,3
63365,3
63366,3
63367,3
63368,2
63369,2
63370,3
63371,2
63372,2
63373,1
63374,2
63375,2
63376,2
63377,1
63378,0
63379,2
63380,0
63381,2
63382,2
63383,0
63384,2
63385,3
63386,3
63387,3
63388,1
63389,3
63390,1
63391,1
63392,3
63393,1
63394,1
63395,1
63396,1
63397,1
63398,1
63399,1
63400,1
63401,1
63402,1
63403,1
63404,1
63405,3
63406,3
63407,0
63408,1
63409,0
63410,0
63411,1
63412,2
63413,3
63414,3
63415,3
63416,1
63417,3
63418,3
63419,3
63420,3
63421,3
63422,2
63423,3
63424,2
63425,3
63426,3
63427,3
63428,2
63429,3
63430,3
63431,3
63432,3
63433,3
63434,3
63435,3
63436,3
63437,3
63438,3
63439,2
63440,3
63441,2
63442,0
63443,3
63444,1
63445,1
63446,2
63447,3
63448,3
63449,3
63450,2
63451,0
63452,3
63453,2
63454,3
63455,2
63456,3
63457,2
63458,2
63459,3
63460,3
63461,3
63462,3
63463,3
63464,2
63465,3
63466,3
63467,0
63468,3
63469,3
63470,3
63471,3
63472,3
63473,2
63474,3
63475,3
63476,3
63477,3
63478,3
63479,3
63480,3
63481,3
63482,3
63483,0
63484,3
63485,3
63486,2
63487,3
63488,2
63489,2
63490,2
63491,1
63492,3
63493,2
63494,2
63495,2
63496,2
63497,2
63498,2
63499,3
63500,3
63501,0
63502,2
63503,2
63504,2
63505,2
63506,0
63507,1
63508,3
63509,1
63510,1
63511,3
63512,2
63513,3
63514,0
63515,3
63516,0
63517,2
63518,2
63519,0
63520,0
63521,3
63522,2
63523,3
63524,3
63525,2
63526,3
63527,3
63528,3
63529,3
63530,0
63531,2
63532,3
63533,2
63534,2
63535,3
63536,0
63537,2
63538,3
63539,0
63540,3
63541,3
63542,3
63543,3
63544,2
63545,3
63546,2
63547,2
63548,3
63549,2
63550,2
63551,0
63552,2
63553,2
63554,3
63555,3
63556,2
63557,3
63558,3
63559,3
63560,3
63561,2
63562,2
63563,2
63564,2
63565,3
63566,0
63567,3
63568,2
63569,3
63570,3
63571,3
63572,2
63573,2
63574,2
63575,1
63576,3
63577,3
63578,3
63579,1
63580,3
63581,3
63582,2
63583,3
63584,2
63585,3
63586,2
63587,3
63588,3
63589,3
63590,3
63591,2
63592,3
63593,3
63594,2
63595,3
63596,3
63597,3
63598,2
63599,3
63600,2
63601,3
63602,0
63603,3
63604,3
63605,2
63606,2
63607,2
63608,2
63609,3
63610,2
63611,0
63612,3
63613,3
63614,3
63615,3
63616,2
63617,3
63618,3
63619,2
63620,2
63621,2
63622,2
63623,2
63624,2
63625,2
63626,2
63627,2
63628,2
63629,2
63630,3
63631,0
63632,2
63633,3
63634,0
63635,3
63636,0
63637,2
63638,3
63639,3
63640,0
63641,2
63642,2
63643,2
63644,2
63645,2
63646,2
63647,2
63648,3
63649,2
63650,2
63651,2
63652,2
63653,3
63654,3
63655,2
63656,2
63657,3
63658,3
63659,2
63660,2
63661,2
63662,2
63663,2
63664,3
63665,2
63666,2
63667,2
63668,2
63669,3
63670,2
63671,3
63672,3
63673,2
63674,2
63675,2
63676,3
63677,2
63678,3
63679,2
63680,2
63681,2
63682,2
63683,2
63684,3
63685,2
63686,2
63687,3
63688,3
63689,3
63690,0
63691,2
63692,2
63693,2
63694,2
63695,3
63696,2
63697,3
63698,3
63699,2
63700,2
63701,2
63702,0
63703,2
63704,3
63705,2
63706,2
63707,3
63708,2
63709,0
63710,3
63711,2
63712,2
63713,2
63714,3
63715,3
63716,3
63717,2
63718,2
63719,2
63720,2
63721,2
63722,2
63723,2
63724,2
63725,2
63726,2
63727,0
63728,2
63729,2
63730,3
63731,2
63732,2
63733,3
63734,3
63735,2
63736,2
63737,3
63738,2
63739,2
63740,2
63741,2
63742,3
63743,2
63744,2
63745,2
63746,3
63747,2
63748,3
63749,2
63750,2
63751,0
63752,2
63753,3
63754,2
63755,3
63756,2
63757,0
63758,2
63759,2
63760,2
63761,2
63762,3
63763,2
63764,3
63765,2
63766,2
63767,2
63768,3
63769,3
63770,3
63771,1
63772,1
63773,3
63774,3
63775,3
63776,3
63777,2
63778,3
63779,3
63780,1
63781,1
63782,0
63783,3
63784,2
63785,2
63786,3
63787,2
63788,2
63789,2
63790,3
63791,2
63792,3
63793,3
63794,3
63795,3
63796,2
63797,2
63798,2
63799,2
63800,3
63801,3
63802,2
63803,2
63804,2
63805,2
63806,3
63807,2
63808,3
63809,1
63810,3
63811,0
63812,0
63813,3
63814,3
63815,3
63816,3
63817,1
63818,1
63819,2
63820,3
63821,2
63822,0
63823,3
63824,3
63825,3
63826,3
63827,2
63828,0
63829,3
63830,3
63831,3
63832,3
63833,3
63834,2
63835,2
63836,2
63837,3
63838,2
63839,2
63840,2
63841,0
63842,2
63843,2
63844,2
63845,2
63846,0
63847,3
63848,2
63849,2
63850,0
63851,0
63852,2
63853,3
63854,2
63855,3
63856,2
63857,3
63858,2
63859,2
63860,3
63861,2
63862,2
63863,2
63864,2
63865,2
63866,3
63867,3
63868,3
63869,0
63870,2
63871,2
63872,2
63873,0
63874,3
63875,2
63876,2
63877,2
63878,2
63879,2
63880,0
63881,3
63882,2
63883,3
63884,2
63885,2
63886,0
63887,2
63888,3
63889,3
63890,2
63891,2
63892,2
63893,3
63894,2
63895,0
63896,0
63897,3
63898,0
63899,2
63900,2
63901,0
63902,2
63903,2
63904,3
63905,0
63906,2
63907,2
63908,2
63909,2
63910,2
63911,2
63912,2
63913,3
63914,2
63915,3
63916,2
63917,2
63918,2
63919,2
63920,3
63921,2
63922,2
63923,1
63924,1
63925,3
63926,3
63927,3
63928,2
63929,3
63930,2
63931,2
63932,2
63933,0
63934,2
63935,2
63936,3
63937,0
63938,2
63939,0
63940,3
63941,0
63942,2
63943,2
63944,2
63945,2
63946,2
63947,2
63948,3
63949,3
63950,2
63951,2
63952,2
63953,2
63954,3
63955,2
63956,2
63957,0
63958,2
63959,2
63960,0
63961,0
63962,3
63963,3
63964,1
63965,2
63966,2
63967,3
63968,3
63969,3
63970,0
63971,2
63972,2
63973,3
63974,3
63975,3
63976,3
63977,2
63978,0
63979,0
63980,3
63981,2
63982,0
63983,2
63984,3
63985,3
63986,3
63987,0
63988,0
63989,2
63990,2
63991,2
63992,3
63993,2
63994,0
63995,2
63996,3
63997,2
63998,3
63999,2
64000,0
64001,0
64002,0
64003,0
64004,3
64005,2
64006,2
64007,2
64008,3
64009,2
64010,2
64011,2
64012,3
64013,0
64014,2
64015,0
64016,0
64017,0
64018,2
64019,2
64020,2
64021,3
64022,2
64023,2
64024,2
64025,3
64026,2
64027,0
64028,3
64029,2
64030,3
64031,2
64032,2
64033,3
64034,2
64035,0
64036,3
64037,3
64038,3
64039,2
64040,2
64041,0
64042,3
64043,3
64044,3
64045,3
64046,2
64047,2
64048,3
64049,2
64050,3
64051,3
64052,2
64053,3
64054,0
64055,3
64056,3
64057,3
64058,3
64059,3
64060,3
64061,3
64062,3
64063,1
64064,3
64065,1
64066,1
64067,1
64068,1
64069,1
64070,1
64071,1
64072,2
64073,3
64074,3
64075,3
64076,3
64077,3
64078,0
64079,3
64080,0
64081,0
64082,3
64083,3
64084,3
64085,0
64086,0
64087,3
64088,0
64089,0
64090,3
64091,3
64092,0
64093,0
64094,2
64095,3
64096,3
64097,3
64098,3
64099,2
64100,2
64101,2
64102,2
64103,0
64104,0
64105,2
64106,2
64107,0
64108,2
64109,0
64110,2
64111,0
64112,2
64113,0
64114,0
64115,2
64116,0
64117,2
64118,0
64119,2
64120,2
64121,2
64122,3
64123,0
64124,0
64125,0
64126,2
64127,0
64128,2
64129,2
64130,2
64131,3
64132,2
64133,0
64134,2
64135,0
64136,2
64137,3
64138,3
64139,1
64140,0
64141,3
64142,0
64143,3
64144,2
64145,3
64146,1
64147,2
64148,3
64149,0
64150,1
64151,2
64152,2
64153,2
64154,2
64155,2
64156,0
64157,2
64158,2
64159,3
64160,3
64161,2
64162,3
64163,3
64164,2
64165,2
64166,3
64167,2
64168,2
64169,2
64170,2
64171,0
64172,3
64173,2
64174,0
64175,0
64176,2
64177,2
64178,2
64179,2
64180,2
64181,2
64182,0
64183,2
64184,2
64185,0
64186,2
64187,0
64188,0
64189,2
64190,3
64191,2
64192,0
64193,2
64194,2
64195,2
64196,2
64197,2
64198,0
64199,2
64200,2
64201,0
64202,2
64203,2
64204,0
64205,2
64206,0
64207,2
64208,3
64209,0
64210,2
64211,2
64212,2
64213,2
64214,2
64215,2
64216,2
64217,2
64218,0
64219,0
64220,2
64221,3
64222,3
64223,2
64224,2
64225,2
64226,2
64227,0
64228,2
64229,0
64230,2
64231,0
64232,2
64233,0
64234,0
64235,0
64236,2
64237,2
64238,0
64239,2
64240,2
64241,0
64242,2
64243,0
64244,0
64245,0
64246,2
64247,0
64248,0
64249,0
64250,3
64251,3
64252,3
64253,2
64254,3
64255,3
64256,2
64257,0
64258,2
64259,2
64260,2
64261,0
64262,2
64263,2
64264,2
64265,2
64266,2
64267,2
64268,2
64269,0
64270,2
64271,0
64272,2
64273,2
64274,2
64275,2
64276,2
64277,2
64278,3
64279,2
64280,0
64281,2
64282,2
64283,0
64284,0
64285,0
64286,2
64287,0
64288,2
64289,2
64290,2
64291,3
64292,2
64293,2
64294,2
64295,0
64296,0
64297,2
64298,2
64299,2
64300,0
64301,2
64302,2
64303,2
64304,3
64305,2
64306,2
64307,0
64308,2
64309,2
64310,2
64311,2
64312,2
64313,0
64314,2
64315,0
64316,2
64317,2
64318,2
64319,2
64320,2
64321,2
64322,2
64323,2
64324,3
64325,2
64326,0
64327,2
64328,2
64329,2
64330,2
64331,2
64332,0
64333,0
64334,2
64335,2
64336,2
64337,2
64338,2
64339,2
64340,2
64341,0
64342,2
64343,2
64344,2
64345,2
64346,2
64347,2
64348,2
64349,2
64350,2
64351,2
64352,0
64353,3
64354,2
64355,2
64356,2
64357,0
64358,2
64359,2
64360,0
64361,2
64362,2
64363,2
64364,2
64365,0
64366,2
64367,2
64368,2
64369,2
64370,2
64371,2
64372,0
64373,2
64374,2
64375,2
64376,0
64377,2
64378,2
64379,2
64380,2
64381,2
64382,2
64383,2
64384,2
64385,0
64386,2
64387,2
64388,2
64389,2
64390,2
64391,2
64392,2
64393,2
64394,2
64395,2
64396,2
64397,2
64398,2
64399,2
64400,2
64401,3
64402,2
64403,0
64404,0
64405,0
64406,3
64407,3
64408,1
64409,0
64410,2
64411,2
64412,2
64413,2
64414,2
64415,2
64416,2
64417,0
64418,0
64419,2
64420,2
64421,2
64422,3
64423,2
64424,2
64425,0
64426,2
64427,2
64428,2
64429,3
64430,2
64431,3
64432,3
64433,0
64434,0
64435,0
64436,0
64437,0
64438,0
64439,0
64440,2
64441,0
64442,2
64443,2
64444,0
64445,0
64446,0
64447,2
64448,0
64449,2
64450,2
64451,2
64452,3
64453,3
64454,0
64455,2
64456,2
64457,2
64458,2
64459,2
64460,2
64461,2
64462,2
64463,2
64464,0
64465,2
64466,2
64467,2
64468,2
64469,2
64470,2
64471,3
64472,2
64473,2
64474,2
64475,3
64476,3
64477,3
64478,2
64479,2
64480,2
64481,2
64482,2
64483,2
64484,2
64485,2
64486,2
64487,3
64488,3
64489,2
64490,2
64491,3
64492,2
64493,3
64494,2
64495,0
64496,0
64497,2
64498,2
64499,2
64500,2
64501,2
64502,2
64503,2
64504,0
64505,2
64506,2
64507,2
64508,2
64509,2
64510,0
64511,0
64512,2
64513,2
64514,2
64515,2
64516,2
64517,0
64518,2
64519,2
64520,0
64521,2
64522,2
64523,0
64524,2
64525,0
64526,2
64527,0
64528,2
64529,0
64530,0
64531,2
64532,0
64533,2
64534,2
64535,2
64536,0
64537,2
64538,0
64539,0
64540,0
64541,0
64542,2
64543,0
64544,0
64545,2
64546,2
64547,3
64548,3
64549,3
64550,1
64551,2
64552,2
64553,2
64554,2
64555,2
64556,2
64557,0
64558,0
64559,0
64560,2
64561,2
64562,2
64563,2
64564,2
64565,0
64566,2
64567,0
64568,0
64569,2
64570,2
64571,3
64572,3
64573,2
64574,0
64575,0
64576,0
64577,0
64578,3
64579,0
64580,2
64581,2
64582,2
64583,3
64584,2
64585,2
64586,3
64587,2
64588,2
64589,0
64590,2
64591,2
64592,0
64593,0
64594,2
64595,2
64596,2
64597,0
64598,2
64599,2
64600,2
64601,2
64602,0
64603,3
64604,0
64605,0
64606,2
64607,2
64608,2
64609,2
64610,2
64611,2
64612,2
64613,0
64614,0
64615,2
64616,2
64617,0
64618,2
64619,2
64620,2
64621,3
64622,2
64623,3
64624,2
64625,3
64626,2
64627,2
64628,2
64629,0
64630,2
64631,2
64632,2
64633,2
64634,2
64635,0
64636,2
64637,2
64638,2
64639,2
64640,2
64641,2
64642,2
64643,2
64644,2
64645,2
64646,2
64647,2
64648,0
64649,2
64650,2
64651,2
64652,2
64653,2
64654,2
64655,3
64656,2
64657,2
64658,2
64659,2
64660,0
64661,2
64662,0
64663,2
64664,2
64665,2
64666,2
64667,2
64668,2
64669,2
64670,2
64671,2
64672,2
64673,0
64674,3
64675,0
64676,2
64677,2
64678,0
64679,2
64680,2
64681,2
64682,2
64683,2
64684,2
64685,2
64686,2
64687,2
64688,2
64689,2
64690,2
64691,0
64692,2
64693,2
64694,2
64695,2
64696,2
64697,2
64698,0
64699,2
64700,3
64701,2
64702,2
64703,2
64704,2
64705,2
64706,0
64707,2
64708,2
64709,2
64710,0
64711,3
64712,0
64713,3
64714,3
64715,3
64716,3
64717,3
64718,2
64719,2
64720,2
64721,3
64722,3
64723,3
64724,3
64725,3
64726,3
64727,2
64728,2
64729,2
64730,3
64731,2
64732,2
64733,2
64734,0
64735,2
64736,0
64737,0
64738,2
64739,2
64740,2
64741,0
64742,0
64743,2
64744,0
64745,0
64746,2
64747,2
64748,2
64749,2
64750,2
64751,2
64752,2
64753,3
64754,2
64755,3
64756,2
64757,3
64758,3
64759,3
64760,1
64761,3
64762,3
64763,2
64764,3
64765,3
64766,1
64767,1
64768,3
64769,3
64770,3
64771,3
64772,3
64773,3
64774,3
64775,1
64776,3
64777,3
64778,3
64779,3
64780,3
64781,3
64782,3
64783,3
64784,3
64785,3
64786,3
64787,3
64788,3
64789,3
64790,3
64791,3
64792,3
64793,3
64794,3
64795,3
64796,3
64797,3
64798,1
64799,3
64800,3
64801,3
64802,3
64803,3
64804,3
64805,3
64806,3
64807,3
64808,3
64809,3
64810,3
64811,3
64812,3
64813,3
64814,3
64815,3
64816,3
64817,2
64818,2
64819,3
64820,2
64821,3
64822,2
64823,2
64824,3
64825,3
64826,2
64827,2
64828,3
64829,3
64830,2
64831,2
64832,3
64833,2
64834,2
64835,2
64836,3
64837,3
64838,2
64839,3
64840,3
64841,2
64842,1
64843,3
64844,3
64845,3
64846,3
64847,3
64848,1
64849,3
64850,3
64851,3
64852,3
64853,2
64854,3
64855,3
64856,3
64857,3
64858,3
64859,3
64860,3
64861,3
64862,3
64863,3
64864,3
64865,3
64866,3
64867,3
64868,3
64869,3
64870,3
64871,2
64872,3
64873,1
64874,3
64875,3
64876,3
64877,3
64878,2
64879,1
64880,0
64881,0
64882,2
64883,3
64884,3
64885,2
64886,3
64887,3
64888,3
64889,3
64890,3
64891,2
64892,0
64893,3
64894,3
64895,2
64896,2
64897,3
64898,3
64899,3
64900,1
64901,2
64902,2
64903,3
64904,2
64905,2
64906,3
64907,2
64908,2
64909,3
64910,3
64911,2
64912,2
64913,2
64914,2
64915,2
64916,2
64917,2
64918,1
64919,3
64920,3
64921,3
64922,3
64923,3
64924,3
64925,3
64926,3
64927,3
64928,3
64929,3
64930,3
64931,3
64932,3
64933,3
64934,3
64935,3
64936,3
64937,3
64938,3
64939,3
64940,3
64941,3
64942,3
64943,3
64944,3
64945,3
64946,3
64947,3
64948,3
64949,3
64950,3
64951,3
64952,3
64953,3
64954,3
64955,3
64956,3
64957,3
64958,3
64959,3
64960,3
64961,3
64962,3
64963,3
64964,3
64965,3
64966,3
64967,3
64968,3
64969,3
64970,3
64971,3
64972,3
64973,3
64974,3
64975,3
64976,3
64977,3
64978,3
64979,3
64980,0
64981,3
64982,3
64983,3
64984,3
64985,3
64986,3
64987,3
64988,3
64989,3
64990,3
64991,3
64992,3
64993,3
64994,3
64995,3
64996,3
64997,2
64998,3
64999,3
65000,2
65001,3
65002,3
65003,3
65004,3
65005,3
65006,3
65007,3
65008,3
65009,3
65010,3
65011,3
65012,3
65013,3
65014,3
65015,3
65016,3
65017,3
65018,3
65019,1
65020,3
65021,3
65022,3
65023,3
65024,3
65025,3
65026,3
65027,3
65028,3
65029,3
65030,3
65031,3
65032,3
65033,3
65034,3
65035,3
65036,3
65037,3
65038,3
65039,3
65040,3
65041,3
65042,3
65043,3
65044,3
65045,3
65046,3
65047,3
65048,3
65049,3
65050,3
65051,3
65052,3
65053,3
65054,3
65055,3
65056,3
65057,3
65058,3
65059,3
65060,3
65061,3
65062,3
65063,3
65064,3
65065,3
65066,3
65067,3
65068,3
65069,3
65070,3
65071,3
65072,3
65073,3
65074,3
65075,3
65076,3
65077,2
65078,3
65079,3
65080,3
65081,2
65082,3
65083,3
65084,3
65085,3
65086,3
65087,3
65088,3
65089,3
65090,3
65091,3
65092,3
65093,3
65094,3
65095,3
65096,3
65097,3
65098,3
65099,3
65100,3
65101,3
65102,3
65103,3
65104,3
65105,3
65106,3
65107,3
65108,3
65109,3
65110,3
65111,3
65112,3
65113,3
65114,3
65115,3
65116,2
65117,2
65118,3
65119,3
65120,3
65121,3
65122,3
65123,1
65124,3
65125,3
65126,3
65127,3
65128,3
65129,3
65130,3
65131,3
65132,2
65133,2
65134,2
65135,3
65136,3
65137,2
65138,3
65139,3
65140,3
65141,3
65142,3
65143,3
65144,3
65145,3
65146,3
65147,3
65148,3
65149,3
65150,3
65151,3
65152,3
65153,3
65154,3
65155,3
65156,3
65157,3
65158,3
65159,3
65160,3
65161,3
65162,3
65163,3
65164,3
65165,3
65166,3
65167,3
65168,3
65169,2
65170,3
65171,3
65172,3
65173,3
65174,3
65175,3
65176,2
65177,3
65178,2
65179,3
65180,3
65181,3
65182,2
65183,2
65184,3
65185,3
65186,3
65187,2
65188,3
65189,3
65190,3
65191,3
65192,2
65193,3
65194,3
65195,3
65196,3
65197,3
65198,3
65199,3
65200,3
65201,2
65202,3
65203,3
65204,3
65205,2
65206,3
65207,3
65208,3
65209,3
65210,2
65211,3
65212,3
65213,3
65214,3
65215,3
65216,3
65217,3
65218,3
65219,3
65220,3
65221,3
65222,2
65223,3
65224,3
65225,3
65226,2
65227,3
65228,3
65229,3
65230,3
65231,3
65232,3
65233,3
65234,2
65235,3
65236,2
65237,3
65238,3
65239,3
65240,3
65241,3
65242,3
65243,3
65244,3
65245,3
65246,3
65247,2
65248,3
65249,3
65250,3
65251,3
65252,2
65253,3
65254,1
65255,3
65256,3
65257,3
65258,3
65259,3
65260,3
65261,3
65262,3
65263,3
65264,3
65265,2
65266,3
65267,3
65268,3
65269,3
65270,3
65271,3
65272,3
65273,3
65274,3
65275,3
65276,3
65277,3
65278,3
65279,3
65280,3
65281,3
65282,3
65283,3
65284,3
65285,3
65286,3
65287,3
65288,3
65289,3
65290,3
65291,3
65292,2
65293,3
65294,3
65295,3
65296,3
65297,3
65298,2
65299,3
65300,3
65301,3
65302,3
65303,3
65304,3
65305,3
65306,3
65307,0
65308,3
65309,3
65310,3
65311,2
65312,3
65313,3
65314,3
65315,3
65316,3
65317,3
65318,3
65319,3
65320,3
65321,3
65322,3
65323,3
65324,3
65325,3
65326,3
65327,3
65328,3
65329,3
65330,3
65331,3
65332,3
65333,3
65334,3
65335,3
65336,3
65337,3
65338,3
65339,3
65340,3
65341,3
65342,3
65343,3
65344,3
65345,3
65346,3
65347,3
65348,3
65349,3
65350,3
65351,3
65352,3
65353,3
65354,3
65355,3
65356,3
65357,3
65358,3
65359,3
65360,3
65361,3
65362,3
65363,3
65364,3
65365,3
65366,3
65367,3
65368,3
65369,3
65370,3
65371,3
65372,3
65373,0
65374,3
65375,3
65376,3
65377,3
65378,3
65379,3
65380,3
65381,3
65382,1
65383,3
65384,1
65385,1
65386,1
65387,1
65388,1
65389,1
65390,3
65391,3
65392,3
65393,3
65394,3
65395,3
65396,3
65397,3
65398,2
65399,3
65400,3
65401,2
65402,3
65403,2
65404,3
65405,2
65406,3
65407,3
65408,3
65409,3
65410,3
65411,3
65412,3
65413,3
65414,3
65415,3
65416,2
65417,2
65418,3
65419,2
65420,3
65421,3
65422,3
65423,3
65424,3
65425,3
65426,2
65427,2
65428,3
65429,2
65430,2
65431,3
65432,2
65433,2
65434,2
65435,2
65436,2
65437,2
65438,2
65439,2
65440,3
65441,3
65442,3
65443,3
65444,3
65445,3
65446,2
65447,3
65448,3
65449,3
65450,3
65451,3
65452,3
65453,3
65454,3
65455,3
65456,3
65457,3
65458,3
65459,3
65460,3
65461,3
65462,2
65463,3
65464,3
65465,3
65466,3
65467,3
65468,3
65469,3
65470,3
65471,3
65472,3
65473,3
65474,3
65475,3
65476,3
65477,3
65478,3
65479,3
65480,3
65481,3
65482,3
65483,3
65484,3
65485,3
65486,3
65487,3
65488,3
65489,3
65490,3
65491,3
65492,3
65493,3
65494,3
65495,3
65496,3
65497,3
65498,3
65499,3
65500,3
65501,3
65502,3
65503,3
65504,3
65505,3
65506,3
65507,3
65508,3
65509,3
65510,3
65511,3
65512,3
65513,3
65514,3
65515,3
65516,3
65517,2
65518,0
65519,3
65520,3
65521,3
65522,3
65523,3
65524,3
65525,3
65526,3
65527,3
65528,3
65529,3
65530,3
65531,3
65532,3
65533,3
65534,3
65535,3
65536,3
65537,2
65538,3
65539,3
65540,2
65541,1
65542,2
65543,3
65544,3
65545,3
65546,3
65547,3
65548,3
65549,3
65550,3
65551,3
65552,3
65553,3
65554,3
65555,2
65556,3
65557,3
65558,3
65559,3
65560,3
65561,3
65562,3
65563,3
65564,3
65565,3
65566,3
65567,3
65568,3
65569,3
65570,3
65571,3
65572,3
65573,3
65574,3
65575,3
65576,3
65577,3
65578,3
65579,3
65580,3
65581,3
65582,2
65583,3
65584,3
65585,3
65586,3
65587,3
65588,3
65589,3
65590,3
65591,3
65592,3
65593,3
65594,3
65595,3
65596,3
65597,3
65598,3
65599,3
65600,3
65601,1
65602,1
65603,3
65604,3
65605,3
65606,3
65607,3
65608,3
65609,3
65610,3
65611,3
65612,3
65613,3
65614,3
65615,3
65616,3
65617,3
65618,2
65619,3
65620,3
65621,3
65622,3
65623,3
65624,3
65625,3
65626,3
65627,3
65628,3
65629,3
65630,3
65631,3
65632,3
65633,3
65634,3
65635,3
65636,3
65637,3
65638,3
65639,3
65640,3
65641,3
65642,3
65643,3
65644,3
65645,3
65646,3
65647,3
65648,3
65649,3
65650,3
65651,3
65652,3
65653,3
65654,3
65655,3
65656,3
65657,3
65658,3
65659,3
65660,1
65661,3
65662,3
65663,3
65664,3
65665,3
65666,3
65667,3
65668,3
65669,3
65670,3
65671,3
65672,3
65673,3
65674,3
65675,3
65676,3
65677,3
65678,3
65679,3
65680,3
65681,3
65682,3
65683,2
65684,3
65685,3
65686,3
65687,3
65688,3
65689,3
65690,0
65691,3
65692,3
65693,3
65694,3
65695,3
65696,3
65697,3
65698,3
65699,3
65700,3
65701,3
65702,3
65703,3
65704,3
65705,3
65706,3
65707,3
65708,3
65709,3
65710,3
65711,3
65712,3
65713,2
65714,3
65715,3
65716,0
65717,2
65718,0
65719,3
65720,3
65721,3
65722,3
65723,3
65724,3
65725,3
65726,3
65727,3
65728,0
65729,3
65730,3
65731,3
65732,3
65733,3
65734,3
65735,0
65736,3
65737,3
65738,3
65739,3
65740,3
65741,3
65742,3
65743,0
65744,3
65745,3
65746,3
65747,3
65748,3
65749,3
65750,3
65751,3
65752,3
65753,3
65754,3
65755,3
65756,3
65757,3
65758,3
65759,3
65760,3
65761,3
65762,1
65763,3
65764,3
65765,3
65766,3
65767,3
65768,3
65769,3
65770,3
65771,3
65772,3
65773,3
65774,3
65775,3
65776,3
65777,3
65778,2
65779,3
65780,3
65781,3
65782,3
65783,3
65784,3
65785,3
65786,3
65787,3
65788,3
65789,3
65790,3
65791,3
65792,3
65793,3
65794,3
65795,3
65796,3
65797,3
65798,3
65799,3
65800,3
65801,3
65802,3
65803,3
65804,3
65805,2
65806,3
65807,3
65808,3
65809,3
65810,3
65811,3
65812,3
65813,3
65814,3
65815,3
65816,3
65817,3
65818,3
65819,3
65820,3
65821,3
65822,3
65823,3
65824,3
65825,3
65826,3
65827,3
65828,3
65829,3
65830,3
65831,3
65832,3
65833,3
65834,3
65835,3
65836,3
65837,3
65838,3
65839,3
65840,3
65841,3
65842,3
65843,3
65844,3
65845,3
65846,3
65847,3
65848,3
65849,0
65850,3
65851,3
65852,3
65853,3
65854,3
65855,3
65856,3
65857,3
65858,3
65859,3
65860,3
65861,3
65862,3
65863,3
65864,3
65865,3
65866,3
65867,3
65868,3
65869,3
65870,3
65871,3
65872,3
65873,3
65874,3
65875,3
65876,3
65877,3
65878,3
65879,3
65880,3
65881,3
65882,3
65883,3
65884,3
65885,3
65886,3
65887,3
65888,3
65889,3
65890,3
65891,3
65892,3
65893,3
65894,3
65895,3
65896,3
65897,3
65898,3
65899,3
65900,3
65901,3
65902,3
65903,3
65904,3
65905,3
65906,3
65907,3
65908,3
65909,3
65910,3
65911,3
65912,3
65913,3
65914,3
65915,3
65916,3
65917,0
65918,3
65919,3
65920,3
65921,2
65922,3
65923,3
65924,3
65925,3
65926,3
65927,3
65928,3
65929,3
65930,3
65931,2
65932,3
65933,3
65934,3
65935,3
65936,3
65937,3
65938,3
65939,3
65940,3
65941,3
65942,3
65943,2
65944,3
65945,3
65946,3
65947,3
65948,3
65949,3
65950,3
65951,3
65952,0
65953,2
65954,3
65955,3
65956,3
65957,3
65958,3
65959,3
65960,3
65961,3
65962,3
65963,3
65964,3
65965,3
65966,3
65967,3
65968,0
65969,0
65970,3
65971,3
65972,3
65973,3
65974,3
65975,3
65976,3
65977,3
65978,3
65979,3
65980,3
65981,3
65982,4
65983,3
65984,3
65985,3
65986,3
65987,3
65988,3
65989,3
65990,0
65991,3
65992,3
65993,3
65994,3
65995,3
65996,3
65997,3
65998,3
65999,3
66000,3
66001,3
66002,3
66003,3
66004,3
66005,3
66006,3
66007,3
66008,3
66009,3
66010,3
66011,3
66012,3
66013,3
66014,3
66015,3
66016,3
66017,3
66018,3
66019,3
66020,3
66021,3
66022,3
66023,3
66024,3
66025,3
66026,3
66027,0
66028,3
66029,3
66030,3
66031,3
66032,3
66033,3
66034,3
66035,3
66036,3
66037,3
66038,3
66039,3
66040,3
66041,3
66042,3
66043,3
66044,3
66045,3
66046,3
66047,3
66048,3
66049,3
66050,3
66051,3
66052,3
66053,2
66054,3
66055,3
66056,3
66057,3
66058,3
66059,3
66060,3
66061,3
66062,2
66063,3
66064,3
66065,3
66066,3
66067,3
66068,3
66069,3
66070,3
66071,3
66072,3
66073,3
66074,3
66075,3
66076,3
66077,3
66078,3
66079,3
66080,3
66081,3
66082,3
66083,3
66084,3
66085,3
66086,3
66087,3
66088,3
66089,3
66090,3
66091,3
66092,3
66093,3
66094,3
66095,3
66096,3
66097,3
66098,3
66099,3
66100,3
66101,3
66102,3
66103,3
66104,3
66105,3
66106,3
66107,3
66108,3
66109,3
66110,3
66111,3
66112,3
66113,3
66114,3
66115,3
66116,3
66117,3
66118,3
66119,3
66120,2
66121,3
66122,2
66123,3
66124,3
66125,3
66126,3
66127,3
66128,3
66129,3
66130,3
66131,3
66132,3
66133,3
66134,3
66135,3
66136,3
66137,3
66138,3
66139,3
66140,3
66141,3
66142,3
66143,3
66144,3
66145,3
66146,3
66147,3
66148,3
66149,3
66150,3
66151,3
66152,3
66153,3
66154,3
66155,3
66156,2
66157,3
66158,3
66159,3
66160,3
66161,3
66162,3
66163,3
66164,3
66165,3
66166,3
66167,2
66168,1
66169,3
66170,2
66171,3
66172,3
66173,3
66174,3
66175,3
66176,0
66177,3
66178,3
66179,2
66180,2
66181,2
66182,1
66183,2
66184,1
66185,0
66186,2
66187,2
66188,0
66189,2
66190,2
66191,0
66192,3
66193,2
66194,2
66195,2
66196,1
66197,2
66198,1
66199,2
66200,3
66201,0
66202,3
66203,3
66204,0
66205,3
66206,3
66207,2
66208,2
66209,2
66210,2
66211,0
66212,0
66213,0
66214,1
66215,0
66216,0
66217,0
66218,3
66219,3
66220,3
66221,3
66222,3
66223,3
66224,0
66225,0
66226,0
66227,3
66228,3
66229,3
66230,3
66231,0
66232,0
66233,0
66234,0
66235,0
66236,0
66237,0
66238,0
66239,0
66240,0
66241,0
66242,0
66243,0
66244,0
66245,0
66246,0
66247,0
66248,0
66249,0
66250,0
66251,0
66252,0
66253,0
66254,2
66255,0
66256,0
66257,0
66258,0
66259,0
66260,0
66261,0
66262,0
66263,0
66264,0
66265,0
66266,0
66267,0
66268,0
66269,0
66270,0
66271,0
66272,0
66273,0
66274,0
66275,1
66276,1
66277,1
66278,0
66279,0
66280,2
66281,3
66282,2
66283,3
66284,2
66285,3
66286,3
66287,3
66288,3
66289,3
66290,3
66291,3
66292,0
66293,0
66294,0
66295,0
66296,0
66297,0
66298,3
66299,3
66300,0
66301,0
66302,0
66303,0
66304,3
66305,0
66306,3
66307,3
66308,3
66309,3
66310,2
66311,1
66312,0
66313,2
66314,0
66315,0
66316,1
66317,0
66318,0
66319,0
66320,0
66321,0
66322,0
66323,0
66324,0
66325,0
66326,0
66327,0
66328,0
66329,0
66330,0
66331,0
66332,3
66333,0
66334,0
66335,0
66336,0
66337,0
66338,0
66339,0
66340,0
66341,0
66342,0
66343,0
66344,0
66345,0
66346,0
66347,0
66348,3
66349,0
66350,1
66351,0
66352,0
66353,0
66354,0
66355,0
66356,0
66357,0
66358,3
66359,3
66360,3
66361,0
66362,3
66363,3
66364,3
66365,3
66366,3
66367,3
66368,3
66369,3
66370,0
66371,3
66372,3
66373,1
66374,3
66375,3
66376,1
66377,3
66378,1
66379,0
66380,0
66381,0
66382,3
66383,0
66384,0
66385,3
66386,3
66387,3
66388,0
66389,3
66390,3
66391,1
66392,1
66393,3
66394,3
66395,3
66396,3
66397,3
66398,3
66399,3
66400,3
66401,3
66402,2
66403,3
66404,3
66405,3
66406,3
66407,3
66408,3
66409,3
66410,3
66411,3
66412,3
66413,3
66414,3
66415,3
66416,3
66417,3
66418,3
66419,3
66420,3
66421,1
66422,3
66423,3
66424,0
66425,1
66426,0
66427,3
66428,3
66429,3
66430,2
66431,1
66432,0
66433,0
66434,0
66435,2
66436,0
66437,0
66438,0
66439,0
66440,0
66441,3
66442,0
66443,0
66444,3
66445,0
66446,0
66447,0
66448,0
66449,3
66450,0
66451,0
66452,0
66453,0
66454,0
66455,0
66456,0
66457,0
66458,0
66459,0
66460,0
66461,0
66462,0
66463,0
66464,0
66465,3
66466,1
66467,0
66468,0
66469,0
66470,0
66471,1
66472,3
66473,3
66474,0
66475,0
66476,0
66477,0
66478,1
66479,0
66480,0
66481,0
66482,0
66483,1
66484,3
66485,3
66486,3
66487,0
66488,3
66489,3
66490,3
66491,3
66492,3
66493,3
66494,3
66495,0
66496,3
66497,3
66498,3
66499,3
66500,3
66501,0
66502,3
66503,3
66504,1
66505,0
66506,0
66507,0
66508,0
66509,0
66510,0
66511,0
66512,0
66513,3
66514,2
66515,2
66516,0
66517,0
66518,2
66519,2
66520,0
66521,0
66522,0
66523,0
66524,2
66525,0
66526,0
66527,0
66528,0
66529,0
66530,0
66531,0
66532,0
66533,0
66534,0
66535,0
66536,3
66537,0
66538,2
66539,0
66540,2
66541,0
66542,0
66543,0
66544,0
66545,0
66546,0
66547,3
66548,1
66549,3
66550,1
66551,3
66552,3
66553,3
66554,3
66555,3
66556,3
66557,3
66558,3
66559,3
66560,3
66561,3
66562,3
66563,3
66564,3
66565,3
66566,3
66567,3
66568,3
66569,3
66570,3
66571,3
66572,3
66573,1
66574,2
66575,3
66576,3
66577,3
66578,3
66579,3
66580,1
66581,3
66582,2
66583,2
66584,3
66585,3
66586,0
66587,3
66588,2
66589,3
66590,3
66591,3
66592,3
66593,3
66594,3
66595,3
66596,3
66597,3
66598,3
66599,2
66600,0
66601,3
66602,3
66603,3
66604,3
66605,3
66606,3
66607,3
66608,3
66609,3
66610,3
66611,3
66612,3
66613,3
66614,2
66615,3
66616,3
66617,3
66618,3
66619,3
66620,3
66621,3
66622,3
66623,3
66624,3
66625,3
66626,3
66627,3
66628,3
66629,3
66630,3
66631,3
66632,3
66633,3
66634,0
66635,0
66636,0
66637,3
66638,1
66639,3
66640,3
66641,3
66642,3
66643,3
66644,3
66645,3
66646,3
66647,3
66648,3
66649,3
66650,3
66651,3
66652,3
66653,3
66654,3
66655,3
66656,2
66657,3
66658,3
66659,3
66660,3
66661,2
66662,2
66663,3
66664,2
66665,2
66666,1
66667,0
66668,3
66669,2
66670,3
66671,3
66672,2
66673,2
66674,2
66675,2
66676,3
66677,0
66678,2
66679,2
66680,2
66681,2
66682,1
66683,3
66684,3
66685,3
66686,3
66687,3
66688,3
66689,3
66690,3
66691,3
66692,3
66693,1
66694,1
66695,0
66696,4
66697,3
66698,0
66699,2
66700,2
66701,2
66702,2
66703,2
66704,3
66705,3
66706,2
66707,3
66708,2
66709,2
66710,3
66711,2
66712,2
66713,2
66714,2
66715,3
66716,2
66717,3
66718,3
66719,3
66720,3
66721,3
66722,1
66723,1
66724,1
66725,1
66726,1
66727,1
66728,1
66729,1
66730,2
66731,0
66732,3
66733,2
66734,3
66735,2
66736,2
66737,2
66738,0
66739,0
66740,2
66741,0
66742,0
66743,2
66744,3
66745,3
66746,3
66747,3
66748,3
66749,2
66750,0
66751,3
66752,2
66753,2
66754,3
66755,2
66756,3
66757,2
66758,2
66759,2
66760,2
66761,0
66762,2
66763,2
66764,2
66765,0
66766,2
66767,3
66768,2
66769,0
66770,1
66771,0
66772,2
66773,0
66774,3
66775,3
66776,3
66777,3
66778,1
66779,1
66780,3
66781,3
66782,3
66783,0
66784,2
66785,2
66786,2
66787,3
66788,3
66789,3
66790,3
66791,3
66792,3
66793,2
66794,3
66795,3
66796,3
66797,3
66798,3
66799,0
66800,0
66801,2
66802,0
66803,0
66804,0
66805,2
66806,2
66807,1
66808,3
66809,1
66810,3
66811,3
66812,0
66813,2
66814,2
66815,1
66816,3
66817,3
66818,3
66819,3
66820,0
66821,0
66822,1
66823,1
66824,0
66825,3
66826,3
66827,1
66828,3
66829,3
66830,3
66831,0
66832,0
66833,3
66834,0
66835,3
66836,1
66837,3
66838,3
66839,0
66840,2
66841,0
66842,0
66843,0
66844,1
66845,0
66846,0
66847,2
66848,2
66849,3
66850,1
66851,1
66852,1
66853,3
66854,3
66855,3
66856,0
66857,0
66858,0
66859,0
66860,0
66861,3
66862,0
66863,2
66864,3
66865,0
66866,3
66867,2
66868,2
66869,0
66870,2
66871,0
66872,0
66873,2
66874,0
66875,0
66876,3
66877,0
66878,3
66879,3
66880,2
66881,3
66882,1
66883,0
66884,0
66885,0
66886,1
66887,2
66888,3
66889,2
66890,3
66891,1
66892,0
66893,0
66894,3
66895,1
66896,0
66897,3
66898,0
66899,0
66900,2
66901,2
66902,3
66903,2
66904,2
66905,3
66906,1
66907,3
66908,3
66909,2
66910,0
66911,3
66912,2
66913,2
66914,2
66915,0
66916,0
66917,3
66918,1
66919,1
66920,3
66921,3
66922,3
66923,3
66924,2
66925,2
66926,1
66927,3
66928,2
66929,0
66930,3
66931,2
66932,2
66933,1
66934,0
66935,2
66936,0
66937,3
66938,3
66939,3
66940,3
66941,2
66942,1
66943,3
66944,1
66945,3
66946,3
66947,2
66948,1
66949,3
66950,2
66951,2
66952,2
66953,3
66954,3
66955,2
66956,3
66957,2
66958,3
66959,1
66960,3
66961,3
66962,2
66963,3
66964,3
66965,2
66966,2
66967,2
66968,2
66969,2
66970,2
66971,2
66972,2
66973,2
66974,0
66975,3
66976,3
66977,1
66978,2
66979,2
66980,2
66981,0
66982,3
66983,3
66984,3
66985,4
66986,0
66987,0
66988,3
66989,0
66990,0
66991,2
66992,3
66993,2
66994,2
66995,2
66996,2
66997,2
66998,2
66999,2
67000,2
67001,3
67002,3
67003,2
67004,2
67005,1
67006,0
67007,2
67008,2
67009,2
67010,1
67011,0
67012,0
67013,2
67014,2
67015,2
67016,2
67017,2
67018,2
67019,3
67020,3
67021,2
67022,2
67023,3
67024,2
67025,2
67026,2
67027,3
67028,3
67029,2
67030,3
67031,3
67032,3
67033,3
67034,3
67035,3
67036,3
67037,3
67038,3
67039,3
67040,3
67041,3
67042,3
67043,3
67044,3
67045,2
67046,3
67047,3
67048,2
67049,3
67050,3
67051,2
67052,1
67053,3
67054,0
67055,2
67056,0
67057,2
67058,0
67059,3
67060,2
67061,3
67062,3
67063,3
67064,2
67065,3
67066,2
67067,3
67068,3
67069,2
67070,1
67071,0
67072,0
67073,0
67074,3
67075,3
67076,3
67077,1
67078,3
67079,3
67080,0
67081,0
67082,0
67083,0
67084,3
67085,2
67086,3
67087,3
67088,3
67089,3
67090,3
67091,3
67092,1
67093,1
67094,1
67095,3
67096,2
67097,2
67098,2
67099,3
67100,2
67101,3
67102,2
67103,3
67104,2
67105,3
67106,1
67107,0
67108,0
67109,3
67110,1
67111,1
67112,1
67113,0
67114,0
67115,3
67116,1
67117,3
67118,3
67119,3
67120,3
67121,1
67122,3
67123,0
67124,0
67125,0
67126,0
67127,0
67128,2
67129,0
67130,0
67131,0
67132,3
67133,3
67134,1
67135,3
67136,3
67137,3
67138,3
67139,3
67140,3
67141,3
67142,3
67143,3
67144,3
67145,3
67146,3
67147,0
67148,0
67149,3
67150,3
67151,0
67152,0
67153,1
67154,3
67155,1
67156,0
67157,1
67158,1
67159,1
67160,1
67161,1
67162,1
67163,1
67164,3
67165,3
67166,3
67167,3
67168,3
67169,3
67170,3
67171,3
67172,3
67173,3
67174,3
67175,1
67176,0
67177,1
67178,1
67179,3
67180,0
67181,1
67182,1
67183,3
67184,3
67185,3
67186,3
67187,3
67188,3
67189,3
67190,3
67191,1
67192,3
67193,3
67194,3
67195,3
67196,1
67197,1
67198,0
67199,0
67200,3
67201,3
67202,3
67203,3
67204,3
67205,3
67206,3
67207,3
67208,3
67209,3
67210,3
67211,2
67212,3
67213,3
67214,3
67215,3
67216,3
67217,0
67218,3
67219,0
67220,0
67221,0
67222,0
67223,0
67224,0
67225,0
67226,0
67227,0
67228,0
67229,0
67230,0
67231,0
67232,0
67233,0
67234,3
67235,2
67236,0
67237,0
67238,0
67239,0
67240,0
67241,0
67242,3
67243,3
67244,3
67245,3
67246,3
67247,3
67248,3
67249,3
67250,3
67251,3
67252,3
67253,3
67254,3
67255,3
67256,1
67257,0
67258,0
67259,0
67260,1
67261,1
67262,3
67263,2
67264,3
67265,0
67266,3
67267,3
67268,0
67269,0
67270,1
67271,2
67272,1
67273,3
67274,3
67275,3
67276,3
67277,3
67278,3
67279,0
67280,3
67281,3
67282,1
67283,0
67284,3
67285,1
67286,0
67287,0
67288,0
67289,0
67290,0
67291,0
67292,1
67293,1
67294,0
67295,3
67296,2
67297,1
67298,1
67299,1
67300,1
67301,1
67302,3
67303,3
67304,3
67305,1
67306,1
67307,1
67308,1
67309,1
67310,3
67311,0
67312,0
67313,0
67314,0
67315,0
67316,3
67317,3
67318,3
67319,3
67320,3
67321,3
67322,2
67323,3
67324,2
67325,2
67326,3
67327,3
67328,0
67329,2
67330,2
67331,2
67332,2
67333,2
67334,2
67335,2
67336,2
67337,2
67338,2
67339,2
67340,2
67341,2
67342,2
67343,2
67344,2
67345,1
67346,2
67347,1
67348,2
67349,2
67350,2
67351,2
67352,2
67353,2
67354,2
67355,2
67356,2
67357,2
67358,2
67359,3
67360,2
67361,2
67362,2
67363,2
67364,2
67365,2
67366,2
67367,2
67368,2
67369,2
67370,2
67371,2
67372,2
67373,2
67374,2
67375,2
67376,2
67377,2
67378,2
67379,2
67380,2
67381,2
67382,2
67383,2
67384,2
67385,2
67386,2
67387,2
67388,2
67389,2
67390,2
67391,2
67392,2
67393,2
67394,2
67395,2
67396,2
67397,2
67398,2
67399,2
67400,2
67401,2
67402,2
67403,2
67404,2
67405,2
67406,2
67407,2
67408,2
67409,2
67410,2
67411,3
67412,2
67413,2
67414,2
67415,2
67416,2
67417,2
67418,2
67419,2
67420,2
67421,2
67422,2
67423,2
67424,2
67425,2
67426,2
67427,2
67428,2
67429,2
67430,2
67431,2
67432,2
67433,2
67434,2
67435,2
67436,2
67437,2
67438,2
67439,2
67440,2
67441,2
67442,2
67443,2
67444,2
67445,2
67446,2
67447,2
67448,2
67449,3
67450,3
67451,3
67452,3
67453,3
67454,2
67455,3
67456,3
67457,3
67458,3
67459,3
67460,2
67461,3
67462,3
67463,3
67464,0
67465,3
67466,3
67467,3
67468,2
67469,3
67470,2
67471,2
67472,2
67473,2
67474,2
67475,2
67476,2
67477,2
67478,2
67479,2
67480,2
67481,2
67482,2
67483,2
67484,2
67485,2
67486,2
67487,2
67488,2
67489,2
67490,2
67491,2
67492,2
67493,2
67494,2
67495,2
67496,2
67497,2
67498,2
67499,2
67500,2
67501,2
67502,2
67503,2
67504,2
67505,2
67506,2
67507,2
67508,2
67509,2
67510,2
67511,2
67512,2
67513,2
67514,2
67515,2
67516,2
67517,2
67518,2
67519,2
67520,2
67521,2
67522,2
67523,2
67524,2
67525,2
67526,2
67527,2
67528,2
67529,2
67530,2
67531,2
67532,2
67533,2
67534,2
67535,2
67536,2
67537,2
67538,2
67539,2
67540,2
67541,2
67542,2
67543,2
67544,2
67545,2
67546,2
67547,2
67548,1
67549,1
67550,1
67551,1
67552,1
67553,1
67554,0
67555,3
67556,3
67557,3
67558,3
67559,2
67560,3
67561,3
67562,3
67563,3
67564,3
67565,3
67566,2
67567,3
67568,3
67569,3
67570,2
67571,2
67572,2
67573,3
67574,2
67575,2
67576,2
67577,2
67578,3
67579,2
67580,2
67581,2
67582,2
67583,2
67584,2
67585,2
67586,2
67587,2
67588,3
67589,3
67590,0
67591,2
67592,2
67593,2
67594,2
67595,2
67596,2
67597,2
67598,2
67599,3
67600,2
67601,2
67602,2
67603,3
67604,2
67605,2
67606,2
67607,4
67608,0
67609,0
67610,0
67611,3
67612,4
67613,0
67614,2
67615,3
67616,2
67617,2
67618,4
67619,2
67620,2
67621,3
67622,2
67623,0
67624,0
67625,2
67626,2
67627,2
67628,2
67629,2
67630,2
67631,2
67632,2
67633,3
67634,2
67635,0
67636,2
67637,3
67638,3
67639,3
67640,2
67641,2
67642,0
67643,2
67644,2
67645,2
67646,2
67647,2
67648,3
67649,0
67650,3
67651,0
67652,2
67653,3
67654,3
67655,2
67656,0
67657,3
67658,2
67659,3
67660,0
67661,0
67662,2
67663,2
67664,2
67665,3
67666,0
67667,3
67668,3
67669,2
67670,0
67671,2
67672,3
67673,0
67674,3
67675,2
67676,3
67677,3
67678,0
67679,2
67680,3
67681,3
67682,2
67683,2
67684,2
67685,2
67686,3
67687,3
67688,1
67689,3
67690,2
67691,2
67692,2
67693,0
67694,3
67695,3
67696,3
67697,3
67698,2
67699,3
67700,3
67701,3
67702,3
67703,2
67704,2
67705,3
67706,3
67707,2
67708,2
67709,1
67710,3
67711,3
67712,3
67713,3
67714,0
67715,3
67716,3
67717,3
67718,0
67719,0
67720,3
67721,3
67722,3
67723,1
67724,3
67725,3
67726,3
67727,3
67728,3
67729,3
67730,3
67731,3
67732,0
67733,3
67734,3
67735,0
67736,3
67737,3
67738,3
67739,3
67740,3
67741,3
67742,3
67743,0
67744,3
67745,3
67746,0
67747,3
67748,3
67749,3
67750,3
67751,3
67752,3
67753,0
67754,3
67755,3
67756,3
67757,3
67758,3
67759,3
67760,3
67761,3
67762,3
67763,3
67764,3
67765,3
67766,3
67767,0
67768,3
67769,3
67770,1
67771,3
67772,3
67773,3
67774,0
67775,3
67776,3
67777,3
67778,3
67779,3
67780,3
67781,3
67782,3
67783,3
67784,3
67785,3
67786,0
67787,0
67788,3
67789,3
67790,0
67791,0
67792,3
67793,3
67794,3
67795,0
67796,3
67797,0
67798,0
67799,0
67800,3
67801,3
67802,0
67803,3
67804,3
67805,0
67806,3
67807,0
67808,0
67809,0
67810,0
67811,0
67812,0
67813,0
67814,0
67815,0
67816,0
67817,3
67818,3
67819,3
67820,0
67821,0
67822,0
67823,0
67824,0
67825,0
67826,0
67827,0
67828,0
67829,0
67830,0
67831,0
67832,3
67833,0
67834,3
67835,0
67836,0
67837,3
67838,3
67839,0
67840,0
67841,0
67842,3
67843,3
67844,0
67845,3
67846,3
67847,3
67848,3
67849,3
67850,2
67851,3
67852,2
67853,2
67854,3
67855,3
67856,2
67857,3
67858,3
67859,3
67860,3
67861,3
67862,3
67863,3
67864,0
67865,3
67866,3
67867,2
67868,3
67869,3
67870,3
67871,3
67872,3
67873,3
67874,3
67875,3
67876,3
67877,0
67878,3
67879,3
67880,0
67881,3
67882,0
67883,3
67884,3
67885,3
67886,3
67887,3
67888,3
67889,3
67890,3
67891,3
67892,3
67893,1
67894,3
67895,3
67896,3
67897,3
67898,3
67899,3
67900,3
67901,3
67902,3
67903,3
67904,2
67905,3
67906,2
67907,3
67908,2
67909,3
67910,3
67911,0
67912,3
67913,3
67914,3
67915,3
67916,3
67917,3
67918,3
67919,1
67920,3
67921,3
67922,3
67923,3
67924,3
67925,3
67926,3
67927,3
67928,3
67929,3
67930,3
67931,3
67932,3
67933,3
67934,3
67935,0
67936,0
67937,0
67938,3
67939,3
67940,3
67941,3
67942,3
67943,3
67944,3
67945,3
67946,3
67947,1
67948,3
67949,3
67950,0
67951,3
67952,3
67953,3
67954,3
67955,3
67956,3
67957,3
67958,3
67959,3
67960,3
67961,3
67962,3
67963,3
67964,3
67965,3
67966,3
67967,3
67968,3
67969,3
67970,3
67971,0
67972,0
67973,1
67974,1
67975,1
67976,0
67977,0
67978,3
67979,3
67980,3
67981,3
67982,3
67983,3
67984,3
67985,3
67986,3
67987,3
67988,1
67989,3
67990,0
67991,0
67992,3
67993,0
67994,3
67995,3
67996,3
67997,3
67998,3
67999,2
68000,3
68001,3
68002,3
68003,3
68004,0
68005,3
68006,3
68007,3
68008,3
68009,3
68010,3
68011,3
68012,3
68013,3
68014,3
68015,3
68016,3
68017,3
68018,3
68019,3
68020,3
68021,3
68022,3
68023,3
68024,3
68025,3
68026,3
68027,3
68028,3
68029,3
68030,3
68031,3
68032,3
68033,3
68034,3
68035,3
68036,3
68037,3
68038,3
68039,3
68040,3
68041,3
68042,3
68043,3
68044,3
68045,3
68046,3
68047,3
68048,3
68049,3
68050,0
68051,3
68052,3
68053,3
68054,3
68055,3
68056,3
68057,1
68058,0
68059,3
68060,3
68061,1
68062,1
68063,1
68064,1
68065,1
68066,1
68067,1
68068,1
68069,1
68070,0
68071,1
68072,1
68073,1
68074,1
68075,1
68076,1
68077,1
68078,1
68079,1
68080,1
68081,1
68082,1
68083,1
68084,1
68085,1
68086,1
68087,1
68088,1
68089,1
68090,1
68091,1
68092,1
68093,1
68094,1
68095,1
68096,1
68097,1
68098,1
68099,1
68100,1
68101,1
68102,1
68103,1
68104,1
68105,1
68106,1
68107,1
68108,1
68109,1
68110,1
68111,1
68112,1
68113,1
68114,1
68115,1
68116,1
68117,1
68118,1
68119,3
68120,3
68121,1
68122,1
68123,1
68124,1
68125,1
68126,1
68127,1
68128,1
68129,1
68130,1
68131,1
68132,1
68133,1
68134,2
68135,1
68136,1
68137,1
68138,1
68139,3
68140,3
68141,3
68142,0
68143,3
68144,1
68145,1
68146,1
68147,1
68148,1
68149,1
68150,1
68151,1
68152,1
68153,1
68154,1
68155,1
68156,1
68157,1
68158,1
68159,1
68160,1
68161,1
68162,1
68163,1
68164,1
68165,1
68166,1
68167,1
68168,1
68169,1
68170,1
68171,1
68172,1
68173,1
68174,1
68175,1
68176,0
68177,0
68178,0
68179,0
68180,0
68181,0
68182,0
68183,2
68184,3
68185,3
68186,3
68187,0
68188,3
68189,2
68190,3
68191,3
68192,0
68193,3
68194,3
68195,0
68196,3
68197,3
68198,3
68199,3
68200,3
68201,3
68202,3
68203,0
68204,3
68205,3
68206,0
68207,0
68208,0
68209,3
68210,3
68211,3
68212,3
68213,3
68214,3
68215,3
68216,3
68217,3
68218,3
68219,3
68220,3
68221,3
68222,0
68223,0
68224,3
68225,3
68226,0
68227,3
68228,0
68229,0
68230,3
68231,3
68232,3
68233,3
68234,2
68235,3
68236,3
68237,0
68238,3
68239,3
68240,3
68241,3
68242,2
68243,2
68244,3
68245,2
68246,0
68247,3
68248,3
68249,3
68250,3
68251,0
68252,0
68253,0
68254,3
68255,0
68256,0
68257,0
68258,3
68259,3
68260,0
68261,3
68262,3
68263,0
68264,3
68265,3
68266,3
68267,0
68268,0
68269,3
68270,3
68271,3
68272,0
68273,2
68274,0
68275,0
68276,0
68277,0
68278,0
68279,3
68280,3
68281,3
68282,3
68283,0
68284,3
68285,0
68286,2
68287,3
68288,3
68289,3
68290,3
68291,3
68292,3
68293,3
68294,3
68295,3
68296,3
68297,3
68298,3
68299,3
68300,3
68301,3
68302,3
68303,3
68304,3
68305,0
68306,2
68307,0
68308,0
68309,3
68310,2
68311,3
68312,3
68313,3
68314,3
68315,0
68316,1
68317,3
68318,3
68319,3
68320,3
68321,0
68322,3
68323,0
68324,4
68325,0
68326,0
68327,0
68328,0
68329,3
68330,3
68331,0
68332,3
68333,2
68334,3
68335,3
68336,0
68337,0
68338,3
68339,3
68340,3
68341,3
68342,3
68343,0
68344,0
68345,0
68346,3
68347,3
68348,3
68349,3
68350,0
68351,3
68352,3
68353,3
68354,0
68355,0
68356,3
68357,3
68358,3
68359,3
68360,3
68361,3
68362,3
68363,0
68364,3
68365,3
68366,0
68367,0
68368,3
68369,0
68370,3
68371,3
68372,0
68373,3
68374,3
68375,3
68376,3
68377,3
68378,3
68379,3
68380,3
68381,3
68382,3
68383,3
68384,0
68385,3
68386,3
68387,3
68388,0
68389,0
68390,2
68391,3
68392,0
68393,3
68394,3
68395,3
68396,3
68397,0
68398,0
68399,0
68400,3
68401,0
68402,3
68403,3
68404,3
68405,3
68406,3
68407,3
68408,3
68409,3
68410,3
68411,3
68412,3
68413,0
68414,0
68415,3
68416,3
68417,3
68418,3
68419,3
68420,3
68421,3
68422,3
68423,3
68424,3
68425,3
68426,3
68427,0
68428,0
68429,3
68430,3
68431,3
68432,3
68433,3
68434,3
68435,3
68436,3
68437,0
68438,0
68439,3
68440,0
68441,0
68442,3
68443,3
68444,3
68445,3
68446,3
68447,3
68448,3
68449,0
68450,3
68451,3
68452,3
68453,0
68454,3
68455,3
68456,3
68457,0
68458,3
68459,0
68460,0
68461,0
68462,0
68463,0
68464,3
68465,0
68466,3
68467,0
68468,0
68469,3
68470,3
68471,3
68472,0
68473,3
68474,0
68475,0
68476,0
68477,0
68478,3
68479,3
68480,0
68481,0
68482,0
68483,2
68484,3
68485,0
68486,0
68487,3
68488,3
68489,0
68490,3
68491,0
68492,2
68493,3
68494,0
68495,0
68496,3
68497,3
68498,3
68499,0
68500,3
68501,0
68502,0
68503,3
68504,3
68505,0
68506,0
68507,3
68508,3
68509,3
68510,3
68511,3
68512,3
68513,3
68514,3
68515,3
68516,3
68517,0
68518,3
68519,3
68520,3
68521,0
68522,3
68523,3
68524,3
68525,3
68526,0
68527,3
68528,3
68529,3
68530,3
68531,3
68532,3
68533,3
68534,3
68535,3
68536,3
68537,0
68538,3
68539,3
68540,3
68541,3
68542,2
68543,3
68544,0
68545,3
68546,3
68547,3
68548,3
68549,3
68550,3
68551,3
68552,3
68553,3
68554,3
68555,3
68556,3
68557,3
68558,3
68559,3
68560,0
68561,3
68562,3
68563,3
68564,3
68565,3
68566,3
68567,3
68568,1
68569,3
68570,3
68571,3
68572,3
68573,3
68574,3
68575,3
68576,0
68577,3
68578,0
68579,0
68580,3
68581,3
68582,0
68583,0
68584,0
68585,3
68586,0
68587,3
68588,0
68589,3
68590,0
68591,0
68592,3
68593,3
68594,3
68595,3
68596,2
68597,3
68598,3
68599,3
68600,3
68601,0
68602,3
68603,3
68604,0
68605,0
68606,3
68607,3
68608,3
68609,3
68610,1
68611,1
68612,1
68613,1
68614,3
68615,3
68616,3
68617,3
68618,1
68619,1
68620,1
68621,1
68622,1
68623,1
68624,1
68625,1
68626,1
68627,3
68628,1
68629,1
68630,1
68631,3
68632,3
68633,3
68634,0
68635,3
68636,3
68637,3
68638,3
68639,3
68640,3
68641,3
68642,0
68643,2
68644,0
68645,0
68646,0
68647,0
68648,0
68649,0
68650,0
68651,0
68652,0
68653,3
68654,0
68655,3
68656,3
68657,0
68658,0
68659,1
68660,1
68661,1
68662,1
68663,1
68664,1
68665,1
68666,1
68667,0
68668,0
68669,0
68670,0
68671,3
68672,0
68673,3
68674,3
68675,3
68676,0
68677,3
68678,3
68679,3
68680,3
68681,3
68682,3
68683,3
68684,3
68685,3
68686,3
68687,3
68688,3
68689,0
68690,3
68691,0
68692,3
68693,3
68694,2
68695,2
68696,3
68697,0
68698,0
68699,3
68700,3
68701,3
68702,3
68703,0
68704,3
68705,3
68706,0
68707,3
68708,3
68709,3
68710,3
68711,3
68712,1
68713,3
68714,0
68715,0
68716,0
68717,3
68718,3
68719,3
68720,3
68721,2
68722,3
68723,1
68724,3
68725,0
68726,0
68727,0
68728,0
68729,3
68730,3
68731,0
68732,0
68733,0
68734,3
68735,2
68736,0
68737,0
68738,0
68739,0
68740,0
68741,0
68742,3
68743,3
68744,3
68745,2
68746,2
68747,3
68748,3
68749,3
68750,1
68751,0
68752,0
68753,0
68754,0
68755,0
68756,3
68757,2
68758,2
68759,3
68760,0
68761,0
68762,3
68763,0
68764,0
68765,2
68766,2
68767,2
68768,0
68769,0
68770,0
68771,0
68772,1
68773,0
68774,0
68775,0
68776,0
68777,0
68778,0
68779,0
68780,0
68781,0
68782,0
68783,1
68784,0
68785,3
68786,2
68787,3
68788,3
68789,3
68790,3
68791,1
68792,1
68793,2
68794,0
68795,3
68796,2
68797,2
68798,0
68799,0
68800,0
68801,1
68802,1
68803,0
68804,0
68805,0
68806,1
68807,0
68808,0
68809,1
68810,0
68811,1
68812,2
68813,0
68814,0
68815,0
68816,2
68817,0
68818,0
68819,2
68820,0
68821,0
68822,0
68823,1
68824,0
68825,3
68826,0
68827,0
68828,0
68829,0
68830,1
68831,1
68832,1
68833,0
68834,0
68835,0
68836,3
68837,0
68838,3
68839,2
68840,2
68841,0
68842,0
68843,0
68844,0
68845,0
68846,0
68847,0
68848,0
68849,1
68850,4
68851,2
68852,0
68853,0
68854,0
68855,3
68856,2
68857,4
68858,3
68859,3
68860,1
68861,0
68862,0
68863,0
68864,0
68865,0
68866,0
68867,0
68868,0
68869,0
68870,3
68871,3
68872,3
68873,3
68874,0
68875,3
68876,0
68877,0
68878,0
68879,0
68880,0
68881,0
68882,0
68883,3
68884,2
68885,3
68886,1
68887,0
68888,0
68889,0
68890,0
68891,1
68892,0
68893,1
68894,0
68895,0
68896,0
68897,2
68898,0
68899,0
68900,0
68901,0
68902,3
68903,0
68904,0
68905,0
68906,2
68907,0
68908,1
68909,0
68910,0
68911,0
68912,1
68913,3
68914,1
68915,0
68916,0
68917,0
68918,3
68919,0
68920,3
68921,0
68922,3
68923,0
68924,3
68925,0
68926,0
68927,3
68928,2
68929,0
68930,2
68931,2
68932,3
68933,3
68934,2
68935,3
68936,3
68937,3
68938,3
68939,1
68940,0
68941,0
68942,0
68943,1
68944,1
68945,0
68946,0
68947,1
68948,0
68949,2
68950,3
68951,3
68952,3
68953,3
68954,2
68955,3
68956,3
68957,3
68958,3
68959,2
68960,0
68961,0
68962,3
68963,3
68964,3
68965,3
68966,3
68967,0
68968,3
68969,3
68970,1
68971,0
68972,0
68973,3
68974,3
68975,3
68976,3
68977,1
68978,1
68979,3
68980,1
68981,1
68982,3
68983,2
68984,3
68985,3
68986,3
68987,3
68988,3
68989,3
68990,3
68991,0
68992,3
68993,1
68994,3
68995,0
68996,3
68997,0
68998,1
68999,0
69000,3
69001,3
69002,0
69003,3
69004,3
69005,3
69006,2
69007,0
69008,1
69009,1
69010,1
69011,3
69012,1
69013,0
69014,0
69015,3
69016,1
69017,2
69018,1
69019,3
69020,1
69021,1
69022,1
69023,0
69024,3
69025,1
69026,1
69027,1
69028,0
69029,0
69030,0
69031,1
69032,1
69033,1
69034,1
69035,3
69036,2
69037,3
69038,0
69039,3
69040,2
69041,0
69042,2
69043,3
69044,3
69045,3
69046,2
69047,2
69048,0
69049,0
69050,2
69051,1
69052,1
69053,3
69054,1
69055,1
69056,0
69057,1
69058,1
69059,1
69060,1
69061,1
69062,2
69063,0
69064,0
69065,0
69066,0
69067,1
69068,1
69069,0
69070,0
69071,3
69072,3
69073,2
69074,2
69075,0
69076,0
69077,3
69078,3
69079,0
69080,2
69081,0
69082,0
69083,0
69084,0
69085,3
69086,2
69087,2
69088,3
69089,2
69090,3
69091,0
69092,1
69093,1
69094,0
69095,3
69096,0
69097,3
69098,0
69099,0
69100,1
69101,2
69102,0
69103,0
69104,0
69105,3
69106,0
69107,3
69108,0
69109,0
69110,3
69111,3
69112,0
69113,2
69114,3
69115,3
69116,1
69117,0
69118,3
69119,3
69120,0
69121,0
69122,0
69123,0
69124,0
69125,0
69126,3
69127,3
69128,1
69129,3
69130,1
69131,1
69132,1
69133,1
69134,3
69135,3
69136,1
69137,3
69138,3
69139,1
69140,0
69141,0
69142,2
69143,3
69144,1
69145,1
69146,1
69147,3
69148,3
69149,3
69150,1
69151,0
69152,0
69153,0
69154,1
69155,1
69156,1
69157,0
69158,0
69159,3
69160,0
69161,0
69162,3
69163,0
69164,1
69165,0
69166,1
69167,1
69168,3
69169,1
69170,1
69171,1
69172,1
69173,1
69174,1
69175,3
69176,1
69177,3
69178,3
69179,3
69180,3
69181,3
69182,3
69183,3
69184,3
69185,3
69186,1
69187,3
69188,1
69189,3
69190,3
69191,3
69192,1
69193,3
69194,3
69195,3
69196,3
69197,3
69198,3
69199,3
69200,3
69201,3
69202,3
69203,3
69204,3
69205,3
69206,3
69207,3
69208,3
69209,3
69210,3
69211,3
69212,3
69213,1
69214,1
69215,1
69216,1
69217,0
69218,0
69219,0
69220,0
69221,0
69222,0
69223,0
69224,0
69225,0
69226,0
69227,3
69228,2
69229,3
69230,0
69231,3
69232,3
69233,3
69234,3
69235,3
69236,3
69237,1
69238,3
69239,0
69240,3
69241,3
69242,0
69243,3
69244,0
69245,0
69246,0
69247,3
69248,0
69249,0
69250,0
69251,0
69252,2
69253,0
69254,0
69255,0
69256,0
69257,0
69258,1
69259,3
69260,3
69261,3
69262,3
69263,0
69264,0
69265,3
69266,2
69267,0
69268,1
69269,1
69270,1
69271,1
69272,1
69273,1
69274,1
69275,1
69276,1
69277,1
69278,1
69279,1
69280,1
69281,1
69282,1
69283,1
69284,1
69285,3
69286,1
69287,1
69288,1
69289,1
69290,1
69291,1
69292,1
69293,1
69294,1
69295,1
69296,1
69297,1
69298,1
69299,1
69300,1
69301,1
69302,1
69303,0
69304,0
69305,0
69306,1
69307,1
69308,1
69309,3
69310,0
69311,3
69312,1
69313,3
69314,1
69315,3
69316,3
69317,1
69318,1
69319,3
69320,3
69321,2
69322,2
69323,3
69324,1
69325,3
69326,3
69327,1
69328,3
69329,3
69330,3
69331,0
69332,1
69333,1
69334,1
69335,3
69336,3
69337,3
69338,0
69339,3
69340,3
69341,0
69342,0
69343,0
69344,3
69345,3
69346,0
69347,0
69348,0
69349,3
69350,1
69351,0
69352,3
69353,0
69354,0
69355,0
69356,2
69357,1
69358,1
69359,1
69360,1
69361,1
69362,1
69363,1
69364,1
69365,1
69366,1
69367,0
69368,0
69369,3
69370,0
69371,1
69372,1
69373,0
69374,3
69375,3
69376,3
69377,2
69378,3
69379,0
69380,0
69381,3
69382,0
69383,3
69384,3
69385,0
69386,0
69387,0
69388,2
69389,2
69390,0
69391,2
69392,0
69393,0
69394,0
69395,0
69396,0
69397,0
69398,0
69399,3
69400,0
69401,0
69402,2
69403,2
69404,3
69405,0
69406,0
69407,0
69408,2
69409,0
69410,3
69411,0
69412,0
69413,0
69414,0
69415,2
69416,0
69417,2
69418,2
69419,0
69420,0
69421,0
69422,0
69423,0
69424,0
69425,0
69426,0
69427,0
69428,0
69429,0
69430,0
69431,0
69432,0
69433,0
69434,0
69435,0
69436,2
69437,2
69438,0
69439,0
69440,2
69441,0
69442,2
69443,0
69444,0
69445,0
69446,0
69447,0
69448,0
69449,2
69450,3
69451,0
69452,0
69453,0
69454,0
69455,0
69456,0
69457,0
69458,0
69459,0
69460,0
69461,0
69462,3
69463,3
69464,0
69465,0
69466,0
69467,0
69468,3
69469,0
69470,0
69471,0
69472,0
69473,0
69474,0
69475,0
69476,0
69477,0
69478,0
69479,0
69480,1
69481,1
69482,1
69483,1
69484,1
69485,1
69486,3
69487,0
69488,0
69489,2
69490,0
69491,0
69492,0
69493,0
69494,0
69495,3
69496,0
69497,0
69498,0
69499,0
69500,0
69501,0
69502,0
69503,0
69504,0
69505,0
69506,0
69507,0
69508,0
69509,0
69510,0
69511,0
69512,0
69513,0
69514,0
69515,0
69516,0
69517,0
69518,0
69519,0
69520,0
69521,0
69522,0
69523,0
69524,0
69525,0
69526,0
69527,0
69528,0
69529,0
69530,0
69531,0
69532,0
69533,0
69534,0
69535,0
69536,0
69537,3
69538,3
69539,3
69540,0
69541,2
69542,2
69543,2
69544,0
69545,0
69546,3
69547,0
69548,0
69549,0
69550,0
69551,0
69552,0
69553,0
69554,0
69555,0
69556,0
69557,0
69558,0
69559,0
69560,0
69561,0
69562,2
69563,3
69564,3
69565,3
69566,3
69567,3
69568,3
69569,2
69570,0
69571,0
69572,3
69573,0
69574,0
69575,0
69576,0
69577,2
69578,0
69579,0
69580,0
69581,0
69582,0
69583,3
69584,0
69585,2
69586,3
69587,0
69588,3
69589,3
69590,3
69591,3
69592,3
69593,3
69594,1
69595,1
69596,0
69597,1
69598,3
69599,3
69600,0
69601,0
69602,0
69603,3
69604,3
69605,3
69606,3
69607,3
69608,3
69609,3
69610,3
69611,3
69612,3
69613,1
69614,3
69615,3
69616,1
69617,1
69618,3
69619,2
69620,3
69621,2
69622,3
69623,2
69624,0
69625,0
69626,2
69627,2
69628,1
69629,2
69630,2
69631,2
69632,2
69633,2
69634,2
69635,2
69636,1
69637,2
69638,0
69639,0
69640,0
69641,0
69642,2
69643,0
69644,0
69645,0
69646,2
69647,0
69648,3
69649,3
69650,0
69651,0
69652,0
69653,0
69654,0
69655,0
69656,3
69657,3
69658,0
69659,3
69660,0
69661,0
69662,0
69663,0
69664,0
69665,0
69666,0
69667,0
69668,2
69669,2
69670,2
69671,2
69672,2
69673,0
69674,2
69675,0
69676,0
69677,0
69678,0
69679,0
69680,0
69681,0
69682,0
69683,0
69684,0
69685,0
69686,0
69687,0
69688,0
69689,0
69690,3
69691,0
69692,1
69693,0
69694,0
69695,0
69696,3
69697,0
69698,0
69699,3
69700,3
69701,3
69702,3
69703,3
69704,1
69705,0
69706,2
69707,1
69708,1
69709,1
69710,3
69711,1
69712,1
69713,1
69714,1
69715,1
69716,1
69717,1
69718,1
69719,1
69720,1
69721,1
69722,1
69723,2
69724,0
69725,1
69726,1
69727,1
69728,1
69729,3
69730,1
69731,1
69732,1
69733,1
69734,1
69735,1
69736,1
69737,0
69738,0
69739,3
69740,3
69741,3
69742,3
69743,3
69744,1
69745,3
69746,3
69747,3
69748,1
69749,1
69750,1
69751,3
69752,1
69753,1
69754,1
69755,1
69756,0
69757,2
69758,3
69759,3
69760,3
69761,0
69762,2
69763,2
69764,1
69765,2
69766,2
69767,3
69768,0
69769,0
69770,0
69771,0
69772,0
69773,0
69774,0
69775,0
69776,0
69777,0
69778,0
69779,0
69780,0
69781,0
69782,0
69783,0
69784,0
69785,0
69786,0
69787,0
69788,0
69789,0
69790,3
69791,0
69792,0
69793,0
69794,0
69795,3
69796,0
69797,3
69798,0
69799,3
69800,0
69801,0
69802,0
69803,0
69804,0
69805,0
69806,0
69807,0
69808,3
69809,0
69810,0
69811,0
69812,3
69813,0
69814,0
69815,0
69816,0
69817,0
69818,2
69819,3
69820,0
69821,0
69822,0
69823,0
69824,0
69825,0
69826,0
69827,0
69828,0
69829,0
69830,0
69831,0
69832,0
69833,0
69834,0
69835,0
69836,0
69837,1
69838,0
69839,0
69840,0
69841,0
69842,0
69843,0
69844,0
69845,0
69846,0
69847,0
69848,0
69849,0
69850,0
69851,0
69852,0
69853,0
69854,0
69855,0
69856,0
69857,0
69858,0
69859,0
69860,0
69861,0
69862,0
69863,0
69864,0
69865,3
69866,0
69867,0
69868,3
69869,3
69870,3
69871,0
69872,1
69873,2
69874,2
69875,1
69876,0
69877,0
69878,0
69879,3
69880,0
69881,0
69882,3
69883,0
69884,0
69885,0
69886,3
69887,3
69888,3
69889,3
69890,0
69891,3
69892,3
69893,0
69894,3
69895,0
69896,1
69897,3
69898,3
69899,3
69900,0
69901,0
69902,3
69903,0
69904,3
69905,3
69906,3
69907,0
69908,1
69909,0
69910,1
69911,0
69912,0
69913,0
69914,0
69915,0
69916,0
69917,0
69918,3
69919,0
69920,1
69921,1
69922,3
69923,0
69924,3
69925,0
69926,3
69927,1
69928,2
69929,0
69930,2
69931,3
69932,2
69933,2
69934,2
69935,2
69936,2
69937,2
69938,2
69939,2
69940,2
69941,2
69942,2
69943,2
69944,2
69945,1
69946,3
69947,1
69948,2
69949,2
69950,2
69951,2
69952,2
69953,2
69954,2
69955,2
69956,2
69957,2
69958,2
69959,2
69960,2
69961,2
69962,2
69963,0
69964,3
69965,2
69966,0
69967,0
69968,2
69969,3
69970,0
69971,1
69972,1
69973,3
69974,0
69975,3
69976,3
69977,3
69978,3
69979,3
69980,0
69981,0
69982,2
69983,3
69984,0
69985,0
69986,3
69987,3
69988,0
69989,0
69990,0
69991,0
69992,0
69993,0
69994,0
69995,0
69996,0
69997,0
69998,0
69999,0
70000,0
70001,0
70002,0
70003,3
70004,0
70005,0
70006,0
70007,3
70008,3
70009,0
70010,0
70011,0
70012,0
70013,0
70014,0
70015,0
70016,0
70017,0
70018,2
70019,0
70020,0
70021,0
70022,0
70023,0
70024,0
70025,2
70026,0
70027,2
70028,0
70029,0
70030,2
70031,0
70032,2
70033,2
70034,3
70035,0
70036,0
70037,0
70038,0
70039,0
70040,0
70041,0
70042,0
70043,2
70044,0
70045,0
70046,2
70047,0
70048,0
70049,0
70050,0
70051,3
70052,3
70053,2
70054,0
70055,2
70056,2
70057,1
70058,3
70059,3
70060,3
70061,3
70062,3
70063,0
70064,0
70065,0
70066,0
70067,0
70068,0
70069,0
70070,0
70071,0
70072,0
70073,0
70074,0
70075,0
70076,0
70077,0
70078,0
70079,0
70080,0
70081,0
70082,0
70083,0
70084,0
70085,0
70086,0
70087,0
70088,0
70089,0
70090,0
70091,0
70092,0
70093,0
70094,0
70095,0
70096,0
70097,0
70098,0
70099,0
70100,0
70101,0
70102,0
70103,0
70104,0
70105,0
70106,0
70107,0
70108,0
70109,0
70110,0
70111,0
70112,0
70113,0
70114,0
70115,0
70116,0
70117,0
70118,0
70119,0
70120,0
70121,0
70122,0
70123,0
70124,0
70125,0
70126,0
70127,0
70128,0
70129,0
70130,0
70131,0
70132,0
70133,0
70134,2
70135,0
70136,0
70137,0
70138,0
70139,0
70140,0
70141,0
70142,0
70143,0
70144,0
70145,0
70146,0
70147,2
70148,0
70149,0
70150,0
70151,0
70152,3
70153,0
70154,0
70155,0
70156,0
70157,2
70158,1
70159,0
70160,0
70161,0
70162,0
70163,0
70164,0
70165,0
70166,0
70167,0
70168,0
70169,0
70170,0
70171,0
70172,0
70173,0
70174,1
70175,1
70176,1
70177,1
70178,0
70179,1
70180,3
70181,0
70182,0
70183,0
70184,0
70185,0
70186,0
70187,0
70188,0
70189,0
70190,0
70191,0
70192,1
70193,3
70194,1
70195,0
70196,0
70197,0
70198,0
70199,0
70200,3
70201,0
70202,0
70203,0
70204,0
70205,0
70206,0
70207,3
70208,0
70209,2
70210,0
70211,1
70212,3
70213,1
70214,0
70215,0
70216,0
70217,0
70218,0
70219,0
70220,0
70221,0
70222,0
70223,0
70224,0
70225,0
70226,0
70227,0
70228,0
70229,0
70230,0
70231,0
70232,0
70233,0
70234,0
70235,0
70236,0
70237,0
70238,0
70239,0
70240,0
70241,0
70242,0
70243,0
70244,0
70245,0
70246,0
70247,0
70248,0
70249,0
70250,0
70251,0
70252,0
70253,0
70254,0
70255,0
70256,0
70257,0
70258,0
70259,0
70260,0
70261,0
70262,0
70263,0
70264,0
70265,0
70266,0
70267,0
70268,2
70269,0
70270,1
70271,0
70272,1
70273,0
70274,0
70275,0
70276,0
70277,0
70278,0
70279,3
70280,0
70281,3
70282,3
70283,0
70284,0
70285,0
70286,0
70287,0
70288,0
70289,0
70290,0
70291,0
70292,0
70293,0
70294,0
70295,0
70296,0
70297,0
70298,0
70299,0
70300,0
70301,0
70302,0
70303,0
70304,0
70305,0
70306,0
70307,0
70308,0
70309,0
70310,0
70311,0
70312,0
70313,0
70314,0
70315,0
70316,0
70317,0
70318,0
70319,0
70320,0
70321,0
70322,0
70323,0
70324,0
70325,0
70326,0
70327,0
70328,0
70329,0
70330,0
70331,0
70332,0
70333,0
70334,0
70335,0
70336,0
70337,0
70338,0
70339,0
70340,0
70341,0
70342,0
70343,0
70344,0
70345,0
70346,0
70347,0
70348,0
70349,0
70350,0
70351,0
70352,0
70353,0
70354,0
70355,3
70356,3
70357,3
70358,3
70359,3
70360,0
70361,3
70362,3
70363,1
70364,3
70365,0
70366,3
70367,3
70368,1
70369,3
70370,3
70371,2
70372,0
70373,0
70374,0
70375,0
70376,0
70377,0
70378,0
70379,0
70380,0
70381,0
70382,0
70383,0
70384,0
70385,0
70386,0
70387,0
70388,0
70389,0
70390,0
70391,3
70392,3
70393,2
70394,3
70395,1
70396,1
70397,3
70398,2
70399,0
70400,0
70401,0
70402,0
70403,2
70404,2
70405,2
70406,1
70407,1
70408,0
70409,0
70410,0
70411,0
70412,0
70413,0
70414,0
70415,0
70416,0
70417,0
70418,0
70419,0
70420,0
70421,0
70422,0
70423,0
70424,0
70425,0
70426,0
70427,0
70428,0
70429,0
70430,0
70431,0
70432,0
70433,0
70434,0
70435,0
70436,0
70437,2
70438,0
70439,0
70440,0
70441,0
70442,0
70443,0
70444,0
70445,0
70446,0
70447,0
70448,0
70449,0
70450,0
70451,0
70452,0
70453,0
70454,0
70455,0
70456,0
70457,0
70458,0
70459,0
70460,0
70461,0
70462,0
70463,0
70464,0
70465,0
70466,0
70467,0
70468,0
70469,0
70470,0
70471,0
70472,0
70473,0
70474,0
70475,0
70476,0
70477,0
70478,0
70479,0
70480,0
70481,0
70482,0
70483,0
70484,0
70485,0
70486,0
70487,0
70488,0
70489,0
70490,0
70491,0
70492,0
70493,0
70494,0
70495,0
70496,0
70497,0
70498,3
70499,0
70500,0
70501,0
70502,0
70503,0
70504,0
70505,2
70506,0
70507,0
70508,0
70509,0
70510,0
70511,0
70512,0
70513,0
70514,0
70515,0
70516,0
70517,3
70518,0
70519,0
70520,3
70521,0
70522,0
70523,0
70524,0
70525,0
70526,0
70527,0
70528,0
70529,0
70530,0
70531,0
70532,0
70533,0
70534,0
70535,0
70536,0
70537,0
70538,0
70539,0
70540,2
70541,0
70542,0
70543,0
70544,0
70545,0
70546,0
70547,0
70548,0
70549,0
70550,0
70551,0
70552,0
70553,0
70554,0
70555,0
70556,0
70557,0
70558,0
70559,0
70560,0
70561,0
70562,0
70563,0
70564,0
70565,0
70566,0
70567,0
70568,4
70569,0
70570,0
70571,0
70572,0
70573,0
70574,0
70575,0
70576,0
70577,0
70578,0
70579,0
70580,0
70581,0
70582,0
70583,0
70584,0
70585,0
70586,0
70587,0
70588,0
70589,0
70590,0
70591,0
70592,0
70593,0
70594,2
70595,2
70596,3
70597,3
70598,1
70599,0
70600,0
70601,2
70602,3
70603,3
70604,2
70605,0
70606,0
70607,0
70608,0
70609,0
70610,0
70611,2
70612,3
70613,0
70614,3
70615,0
70616,0
70617,2
70618,0
70619,2
70620,3
70621,2
70622,2
70623,2
70624,2
70625,2
70626,0
70627,2
70628,0
70629,0
70630,3
70631,2
70632,3
70633,2
70634,3
70635,3
70636,3
70637,3
70638,3
70639,3
70640,3
70641,3
70642,3
70643,3
70644,3
70645,3
70646,0
70647,3
70648,0
70649,0
70650,0
70651,0
70652,0
70653,0
70654,0
70655,0
70656,0
70657,0
70658,0
70659,0
70660,0
70661,1
70662,1
70663,0
70664,0
70665,0
70666,0
70667,0
70668,0
70669,0
70670,0
70671,0
70672,0
70673,0
70674,0
70675,0
70676,0
70677,0
70678,0
70679,0
70680,0
70681,0
70682,0
70683,0
70684,0
70685,0
70686,0
70687,3
70688,0
70689,0
70690,2
70691,0
70692,0
70693,0
70694,0
70695,0
70696,0
70697,3
70698,0
70699,0
70700,0
70701,0
70702,0
70703,3
70704,0
70705,0
70706,0
70707,0
70708,0
70709,0
70710,0
70711,1
70712,0
70713,0
70714,0
70715,0
70716,0
70717,0
70718,0
70719,0
70720,0
70721,0
70722,0
70723,0
70724,0
70725,0
70726,0
70727,0
70728,0
70729,0
70730,0
70731,2
70732,3
70733,2
70734,2
70735,2
70736,3
70737,0
70738,0
70739,0
70740,0
70741,0
70742,0
70743,0
70744,0
70745,0
70746,0
70747,0
70748,0
70749,0
70750,2
70751,0
70752,0
70753,0
70754,0
70755,0
70756,0
70757,0
70758,0
70759,0
70760,0
70761,0
70762,0
70763,0
70764,0
70765,0
70766,0
70767,0
70768,0
70769,0
70770,0
70771,0
70772,0
70773,0
70774,0
70775,0
70776,0
70777,0
70778,0
70779,0
70780,0
70781,0
70782,0
70783,0
70784,0
70785,2
70786,3
70787,0
70788,0
70789,0
70790,2
70791,1
70792,0
70793,0
70794,0
70795,0
70796,0
70797,0
70798,0
70799,0
70800,0
70801,0
70802,0
70803,0
70804,0
70805,0
70806,2
70807,1
70808,1
70809,1
70810,1
70811,3
70812,2
70813,3
70814,2
70815,2
70816,0
70817,0
70818,0
70819,0
70820,0
70821,0
70822,0
70823,0
70824,0
70825,0
70826,0
70827,0
70828,0
70829,0
70830,0
70831,0
70832,0
70833,0
70834,0
70835,0
70836,3
70837,2
70838,0
70839,3
70840,3
70841,3
70842,2
70843,0
70844,0
70845,0
70846,0
70847,0
70848,0
70849,0
70850,0
70851,0
70852,0
70853,0
70854,0
70855,0
70856,0
70857,0
70858,0
70859,0
70860,0
70861,0
70862,0
70863,0
70864,0
70865,3
70866,1
70867,1
70868,1
70869,1
70870,1
70871,1
70872,0
70873,0
70874,0
70875,0
70876,0
70877,0
70878,2
70879,0
70880,3
70881,3
70882,2
70883,0
70884,0
70885,0
70886,0
70887,0
70888,0
70889,0
70890,0
70891,0
70892,0
70893,0
70894,0
70895,0
70896,0
70897,0
70898,0
70899,0
70900,0
70901,0
70902,0
70903,0
70904,3
70905,3
70906,0
70907,3
70908,0
70909,0
70910,0
70911,0
70912,0
70913,3
70914,0
70915,0
70916,3
70917,1
70918,0
70919,1
70920,3
70921,0
70922,0
70923,2
70924,2
70925,0
70926,0
70927,0
70928,0
70929,2
70930,2
70931,0
70932,0
70933,0
70934,3
70935,0
70936,0
70937,0
70938,0
70939,2
70940,0
70941,0
70942,0
70943,0
70944,0
70945,0
70946,0
70947,0
70948,0
70949,0
70950,0
70951,0
70952,0
70953,0
70954,0
70955,0
70956,0
70957,0
70958,0
70959,0
70960,0
70961,0
70962,0
70963,0
70964,0
70965,0
70966,0
70967,0
70968,0
70969,0
70970,0
70971,0
70972,0
70973,0
70974,0
70975,0
70976,0
70977,0
70978,0
70979,3
70980,0
70981,2
70982,3
70983,3
70984,3
70985,3
70986,3
70987,0
70988,1
70989,0
70990,3
70991,0
70992,0
70993,0
70994,0
70995,0
70996,0
70997,0
70998,0
70999,0
71000,2
71001,0
71002,0
71003,0
71004,0
71005,0
71006,2
71007,3
71008,0
71009,3
71010,0
71011,0
71012,0
71013,0
71014,0
71015,0
71016,0
71017,0
71018,4
71019,0
71020,3
71021,3
71022,3
71023,0
71024,0
71025,0
71026,0
71027,0
71028,0
71029,0
71030,0
71031,0
71032,0
71033,0
71034,0
71035,0
71036,0
71037,0
71038,0
71039,0
71040,0
71041,0
71042,0
71043,0
71044,0
71045,0
71046,3
71047,3
71048,3
71049,0
71050,0
71051,0
71052,0
71053,0
71054,0
71055,0
71056,0
71057,0
71058,0
71059,0
71060,3
71061,2
71062,0
71063,0
71064,0
71065,0
71066,0
71067,0
71068,0
71069,0
71070,0
71071,0
71072,3
71073,0
71074,0
71075,0
71076,0
71077,0
71078,0
71079,3
71080,3
71081,0
71082,0
71083,3
71084,0
71085,3
71086,0
71087,0
71088,0
71089,2
71090,2
71091,2
71092,0
71093,0
71094,0
71095,0
71096,0
71097,0
71098,0
71099,0
71100,0
71101,0
71102,0
71103,0
71104,0
71105,0
71106,0
71107,0
71108,0
71109,0
71110,3
71111,2
71112,2
71113,0
71114,2
71115,2
71116,2
71117,2
71118,2
71119,2
71120,0
71121,0
71122,0
71123,0
71124,3
71125,2
71126,3
71127,3
71128,2
71129,3
71130,3
71131,3
71132,3
71133,3
71134,0
71135,0
71136,0
71137,0
71138,0
71139,0
71140,0
71141,2
71142,2
71143,0
71144,0
71145,0
71146,2
71147,3
71148,3
71149,3
71150,1
71151,3
71152,0
71153,0
71154,0
71155,0
71156,3
71157,0
71158,0
71159,3
71160,1
71161,1
71162,0
71163,0
71164,0
71165,0
71166,0
71167,2
71168,2
71169,2
71170,2
71171,2
71172,3
71173,3
71174,3
71175,0
71176,3
71177,3
71178,3
71179,0
71180,1
71181,0
71182,1
71183,4
71184,2
71185,3
71186,3
71187,0
71188,2
71189,2
71190,2
71191,0
71192,0
71193,3
71194,3
71195,3
71196,2
71197,2
71198,2
71199,2
71200,3
71201,3
71202,3
71203,3
71204,3
71205,1
71206,1
71207,3
71208,1
71209,3
71210,3
71211,3
71212,3
71213,3
71214,3
71215,2
71216,3
71217,3
71218,3
71219,2
71220,0
71221,0
71222,0
71223,0
71224,2
71225,0
71226,0
71227,2
71228,2
71229,0
71230,0
71231,0
71232,0
71233,0
71234,0
71235,0
71236,0
71237,0
71238,0
71239,0
71240,2
71241,0
71242,3
71243,0
71244,0
71245,3
71246,3
71247,0
71248,2
71249,3
71250,2
71251,2
71252,0
71253,2
71254,0
71255,0
71256,3
71257,3
71258,3
71259,0
71260,3
71261,2
71262,0
71263,0
71264,3
71265,3
71266,3
71267,0
71268,3
71269,0
71270,3
71271,0
71272,2
71273,2
71274,2
71275,3
71276,0
71277,2
71278,0
71279,0
71280,1
71281,3
71282,0
71283,0
71284,0
71285,0
71286,0
71287,2
71288,2
71289,3
71290,2
71291,2
71292,3
71293,3
71294,1
71295,3
71296,2
71297,3
71298,3
71299,1
71300,3
71301,3
71302,2
71303,2
71304,3
71305,0
71306,2
71307,0
71308,0
71309,2
71310,3
71311,3
71312,0
71313,2
71314,0
71315,2
71316,2
71317,0
71318,0
71319,0
71320,0
71321,0
71322,2
71323,0
71324,0
71325,2
71326,0
71327,3
71328,1
71329,3
71330,0
71331,0
71332,0
71333,0
71334,0
71335,2
71336,2
71337,2
71338,2
71339,2
71340,1
71341,0
71342,0
71343,0
71344,0
71345,0
71346,0
71347,0
71348,0
71349,0
71350,0
71351,0
71352,0
71353,1
71354,0
71355,1
71356,1
71357,1
71358,0
71359,0
71360,0
71361,1
71362,0
71363,3
71364,0
71365,0
71366,3
71367,0
71368,0
71369,0
71370,0
71371,1
71372,0
71373,0
71374,0
71375,0
71376,0
71377,0
71378,0
71379,0
71380,0
71381,1
71382,1
71383,0
71384,0
71385,0
71386,0
71387,0
71388,3
71389,0
71390,0
71391,0
71392,0
71393,0
71394,0
71395,0
71396,0
71397,0
71398,0
71399,0
71400,0
71401,0
71402,0
71403,0
71404,0
71405,0
71406,0
71407,0
71408,0
71409,0
71410,0
71411,0
71412,0
71413,0
71414,0
71415,0
71416,0
71417,0
71418,0
71419,0
71420,0
71421,0
71422,0
71423,0
71424,0
71425,0
71426,0
71427,0
71428,0
71429,0
71430,0
71431,0
71432,3
71433,3
71434,3
71435,3
71436,3
71437,0
71438,3
71439,3
71440,3
71441,3
71442,3
71443,3
71444,3
71445,3
71446,0
71447,3
71448,1
71449,1
71450,1
71451,1
71452,1
71453,1
71454,0
71455,0
71456,0
71457,0
71458,3
71459,0
71460,1
71461,1
71462,1
71463,0
71464,1
71465,3
71466,3
71467,1
71468,1
71469,3
71470,3
71471,1
71472,1
71473,3
71474,3
71475,3
71476,0
71477,2
71478,2
71479,2
71480,0
71481,0
71482,2
71483,3
71484,2
71485,0
71486,2
71487,3
71488,3
71489,3
71490,3
71491,2
71492,0
71493,3
71494,3
71495,2
71496,0
71497,3
71498,0
71499,2
71500,2
71501,2
71502,2
71503,0
71504,1
71505,1
71506,0
71507,1
71508,3
71509,3
71510,0
71511,0
71512,1
71513,1
71514,2
71515,3
71516,2
71517,0
71518,3
71519,3
71520,0
71521,0
71522,3
71523,3
71524,3
71525,2
71526,2
71527,0
71528,0
71529,0
71530,0
71531,0
71532,0
71533,2
71534,3
71535,0
71536,3
71537,3
71538,3
71539,3
71540,3
71541,3
71542,3
71543,1
71544,3
71545,3
71546,3
71547,3
71548,3
71549,3
71550,3
71551,3
71552,3
71553,3
71554,3
71555,3
71556,3
71557,3
71558,3
71559,3
71560,3
71561,3
71562,1
71563,3
71564,0
71565,1
71566,1
71567,0
71568,3
71569,3
71570,3
71571,3
71572,3
71573,0
71574,0
71575,0
71576,0
71577,0
71578,0
71579,0
71580,0
71581,0
71582,0
71583,0
71584,0
71585,0
71586,0
71587,0
71588,0
71589,0
71590,0
71591,0
71592,0
71593,0
71594,0
71595,0
71596,0
71597,0
71598,0
71599,0
71600,0
71601,0
71602,3
71603,0
71604,0
71605,0
71606,0
71607,3
71608,3
71609,3
71610,3
71611,2
71612,0
71613,1
71614,2
71615,3
71616,3
71617,1
71618,0
71619,3
71620,0
71621,3
71622,0
71623,0
71624,0
71625,0
71626,3
71627,0
71628,1
71629,0
71630,2
71631,3
71632,0
71633,1
71634,3
71635,1
71636,1
71637,1
71638,3
71639,3
71640,1
71641,1
71642,3
71643,3
71644,1
71645,0
71646,3
71647,0
71648,0
71649,0
71650,3
71651,0
71652,0
71653,0
71654,0
71655,0
71656,0
71657,3
71658,3
71659,1
71660,0
71661,2
71662,0
71663,3
71664,3
71665,3
71666,3
71667,3
71668,3
71669,3
71670,0
71671,1
71672,1
71673,1
71674,1
71675,1
71676,1
71677,1
71678,1
71679,1
71680,1
71681,1
71682,1
71683,3
71684,3
71685,0
71686,3
71687,1
71688,1
71689,1
71690,1
71691,1
71692,1
71693,1
71694,1
71695,1
71696,1
71697,1
71698,1
71699,1
71700,1
71701,1
71702,1
71703,1
71704,1
71705,1
71706,1
71707,1
71708,1
71709,1
71710,1
71711,0
71712,3
71713,1
71714,3
71715,3
71716,3
71717,3
71718,1
71719,3
71720,3
71721,0
71722,0
71723,0
71724,0
71725,0
71726,1
71727,1
71728,1
71729,1
71730,1
71731,1
71732,1
71733,1
71734,1
71735,3
71736,3
71737,3
71738,3
71739,1
71740,3
71741,0
71742,0
71743,1
71744,1
71745,3
71746,3
71747,0
71748,1
71749,2
71750,2
71751,3
71752,2
71753,3
71754,3
71755,2
71756,2
71757,3
71758,1
71759,1
71760,1
71761,1
71762,1
71763,3
71764,0
71765,3
71766,3
71767,2
71768,2
71769,2
71770,3
71771,3
71772,2
71773,2
71774,2
71775,2
71776,2
71777,3
71778,2
71779,2
71780,2
71781,2
71782,2
71783,2
71784,2
71785,2
71786,2
71787,2
71788,2
71789,2
71790,2
71791,0
71792,1
71793,2
71794,0
71795,2
71796,0
71797,2
71798,2
71799,0
71800,1
71801,2
71802,2
71803,2
71804,3
71805,2
71806,2
71807,2
71808,3
71809,2
71810,0
71811,2
71812,0
71813,0
71814,0
71815,0
71816,0
71817,0
71818,0
71819,0
71820,0
71821,2
71822,2
71823,2
71824,2
71825,2
71826,2
71827,2
71828,2
71829,0
71830,2
71831,2
71832,2
71833,2
71834,2
71835,0
71836,2
71837,2
71838,2
71839,2
71840,2
71841,2
71842,2
71843,2
71844,2
71845,2
71846,1
71847,2
71848,2
71849,2
71850,3
71851,0
71852,2
71853,2
71854,1
71855,1
71856,3
71857,2
71858,2
71859,0
71860,2
71861,2
71862,2
71863,2
71864,2
71865,0
71866,2
71867,2
71868,0
71869,2
71870,2
71871,2
71872,2
71873,2
71874,2
71875,2
71876,2
71877,2
71878,3
71879,0
71880,3
71881,3
71882,2
71883,2
71884,2
71885,2
71886,2
71887,2
71888,2
71889,2
71890,2
71891,3
71892,2
71893,2
71894,2
71895,2
71896,2
71897,2
71898,2
71899,2
71900,2
71901,2
71902,2
71903,0
71904,2
71905,0
71906,2
71907,3
71908,2
71909,2
71910,2
71911,2
71912,2
71913,2
71914,1
71915,3
71916,2
71917,1
71918,1
71919,1
71920,1
71921,1
71922,1
71923,1
71924,1
71925,1
71926,1
71927,1
71928,1
71929,2
71930,2
71931,2
71932,3
71933,2
71934,2
71935,3
71936,3
71937,1
71938,1
71939,3
71940,1
71941,3
71942,3
71943,1
71944,0
71945,0
71946,0
71947,0
71948,0
71949,2
71950,1
71951,2
71952,3
71953,0
71954,2
71955,1
71956,1
71957,1
71958,1
71959,2
71960,2
71961,2
71962,2
71963,2
71964,2
71965,0
71966,0
71967,0
71968,0
71969,0
71970,0
71971,0
71972,0
71973,0
71974,0
71975,0
71976,0
71977,0
71978,3
71979,3
71980,3
71981,3
71982,3
71983,2
71984,0
71985,1
71986,1
71987,0
71988,0
71989,1
71990,1
71991,1
71992,0
71993,0
71994,0
71995,1
71996,0
71997,0
71998,0
71999,0
72000,0
72001,0
72002,0
72003,0
72004,0
72005,0
72006,0
72007,0
72008,0
72009,0
72010,0
72011,0
72012,1
72013,3
72014,1
72015,1
72016,1
72017,1
72018,1
72019,0
72020,0
72021,3
72022,3
72023,1
72024,3
72025,0
72026,0
72027,0
72028,0
72029,5
72030,3
72031,3
72032,0
72033,0
72034,0
72035,0
72036,1
72037,0
72038,3
72039,0
72040,3
72041,3
72042,2
72043,0
72044,0
72045,0
72046,3
72047,2
72048,3
72049,0
72050,0
72051,0
72052,0
72053,2
72054,3
72055,3
72056,3
72057,2
72058,3
72059,3
72060,2
72061,3
72062,3
72063,2
72064,3
72065,2
72066,2
72067,3
72068,0
72069,0
72070,0
72071,3
72072,3
72073,2
72074,2
72075,2
72076,0
72077,2
72078,3
72079,3
72080,3
72081,2
72082,2
72083,3
72084,3
72085,0
72086,2
72087,3
72088,2
72089,2
72090,1
72091,1
72092,1
72093,2
72094,2
72095,0
72096,0
72097,0
72098,2
72099,2
72100,0
72101,2
72102,3
72103,0
72104,3
72105,3
72106,1
72107,3
72108,1
72109,1
72110,3
72111,0
72112,0
72113,0
72114,0
72115,2
72116,0
72117,0
72118,0
72119,0
72120,0
72121,0
72122,2
72123,2
72124,0
72125,0
72126,2
72127,0
72128,0
72129,0
72130,3
72131,2
72132,2
72133,1
72134,1
72135,0
72136,0
72137,1
72138,1
72139,1
72140,1
72141,3
72142,2
72143,0
72144,0
72145,0
72146,0
72147,2
72148,0
72149,2
72150,3
72151,0
72152,0
72153,0
72154,2
72155,0
72156,1
72157,1
72158,3
72159,2
72160,3
72161,0
72162,0
72163,3
72164,0
72165,0
72166,0
72167,3
72168,3
72169,3
72170,1
72171,1
72172,0
72173,1
72174,2
72175,2
72176,3
72177,2
72178,2
72179,2
72180,2
72181,3
72182,2
72183,0
72184,0
72185,3
72186,3
72187,2
72188,2
72189,2
72190,0
72191,0
72192,0
72193,0
72194,3
72195,2
72196,0
72197,2
72198,0
72199,3
72200,2
72201,2
72202,2
72203,2
72204,2
72205,2
72206,2
72207,2
72208,2
72209,2
72210,2
72211,0
72212,0
72213,2
72214,2
72215,0
72216,2
72217,2
72218,2
72219,2
72220,2
72221,0
72222,0
72223,0
72224,0
72225,2
72226,2
72227,2
72228,2
72229,2
72230,2
72231,2
72232,3
72233,0
72234,2
72235,0
72236,3
72237,1
72238,1
72239,1
72240,1
72241,1
72242,3
72243,3
72244,2
72245,3
72246,3
72247,2
72248,0
72249,1
72250,3
72251,3
72252,1
72253,0
72254,0
72255,0
72256,0
72257,0
72258,0
72259,2
72260,0
72261,2
72262,2
72263,0
72264,2
72265,2
72266,2
72267,2
72268,2
72269,2
72270,2
72271,3
72272,2
72273,2
72274,0
72275,0
72276,2
72277,1
72278,0
72279,0
72280,0
72281,0
72282,0
72283,0
72284,0
72285,0
72286,0
72287,0
72288,0
72289,3
72290,0
72291,0
72292,0
72293,3
72294,3
72295,1
72296,3
72297,3
72298,1
72299,3
72300,1
72301,3
72302,1
72303,3
72304,2
72305,2
72306,3
72307,3
72308,3
72309,2
72310,1
72311,3
72312,3
72313,1
72314,3
72315,2
72316,3
72317,3
72318,1
72319,1
72320,3
72321,3
72322,1
72323,1
72324,1
72325,3
72326,1
72327,3
72328,1
72329,3
72330,2
72331,3
72332,1
72333,1
72334,1
72335,3
72336,1
72337,1
72338,3
72339,3
72340,3
72341,1
72342,3
72343,0
72344,0
72345,3
72346,3
72347,3
72348,3
72349,0
72350,3
72351,3
72352,3
72353,3
72354,3
72355,3
72356,0
72357,0
72358,3
72359,3
72360,3
72361,3
72362,3
72363,1
72364,3
72365,3
72366,0
72367,2
72368,2
72369,3
72370,3
72371,1
72372,1
72373,1
72374,0
72375,3
72376,1
72377,1
72378,3
72379,0
72380,3
72381,3
72382,3
72383,3
72384,3
72385,3
72386,2
72387,0
72388,3
72389,3
72390,1
72391,1
72392,2
72393,0
72394,0
72395,0
72396,0
72397,0
72398,0
72399,3
72400,3
72401,3
72402,0
72403,3
72404,3
72405,1
72406,1
72407,2
72408,0
72409,3
72410,0
72411,1
72412,3
72413,3
72414,2
72415,3
72416,3
72417,3
72418,3
72419,3
72420,0
72421,1
72422,0
72423,2
72424,1
72425,3
72426,3
72427,3
72428,2
72429,3
72430,2
72431,2
72432,3
72433,3
72434,2
72435,0
72436,2
72437,2
72438,3
72439,3
72440,0
72441,2
72442,2
72443,0
72444,0
72445,0
72446,2
72447,0
72448,3
72449,2
72450,2
72451,2
72452,2
72453,1
72454,0
72455,3
72456,2
72457,1
72458,1
72459,1
72460,1
72461,0
72462,0
72463,1
72464,0
72465,2
72466,2
72467,2
72468,0
72469,2
72470,0
72471,2
72472,0
72473,0
72474,2
72475,0
72476,0
72477,1
72478,2
72479,3
72480,2
72481,0
72482,0
72483,0
72484,0
72485,3
72486,0
72487,0
72488,2
72489,2
72490,0
72491,1
72492,0
72493,0
72494,0
72495,3
72496,3
72497,3
72498,3
72499,3
72500,3
72501,3
72502,3
72503,3
72504,3
72505,3
72506,3
72507,3
72508,3
72509,3
72510,0
72511,0
72512,0
72513,3
72514,3
72515,3
72516,1
72517,3
72518,3
72519,3
72520,3
72521,0
72522,0
72523,0
72524,2
72525,0
72526,0
72527,0
72528,0
72529,0
72530,3
72531,0
72532,2
72533,3
72534,3
72535,0
72536,0
72537,3
72538,0
72539,0
72540,3
72541,3
72542,3
72543,3
72544,3
72545,0
72546,0
72547,1
72548,1
72549,0
72550,0
72551,1
72552,1
72553,2
72554,2
72555,1
72556,1
72557,3
72558,1
72559,3
72560,1
72561,1
72562,1
72563,1
72564,1
72565,1
72566,1
72567,1
72568,1
72569,2
72570,3
72571,2
72572,0
72573,2
72574,2
72575,3
72576,2
72577,2
72578,1
72579,0
72580,0
72581,1
72582,1
72583,2
72584,0
72585,2
72586,0
72587,2
72588,0
72589,2
72590,0
72591,2
72592,3
72593,0
72594,0
72595,2
72596,1
72597,1
72598,2
72599,3
72600,0
72601,3
72602,3
72603,3
72604,3
72605,3
72606,3
72607,3
72608,3
72609,2
72610,3
72611,4
72612,3
72613,3
72614,3
72615,3
72616,3
72617,1
72618,0
72619,0
72620,0
72621,1
72622,3
72623,1
72624,3
72625,2
72626,0
72627,0
72628,0
72629,3
72630,0
72631,3
72632,0
72633,0
72634,0
72635,3
72636,2
72637,0
72638,0
72639,0
72640,0
72641,0
72642,0
72643,0
72644,2
72645,0
72646,0
72647,0
72648,2
72649,0
72650,0
72651,0
72652,0
72653,0
72654,4
72655,0
72656,0
72657,0
72658,2
72659,2
72660,0
72661,0
72662,1
72663,0
72664,0
72665,0
72666,0
72667,0
72668,0
72669,0
72670,0
72671,0
72672,0
72673,0
72674,0
72675,3
72676,0
72677,0
72678,0
72679,0
72680,0
72681,0
72682,0
72683,0
72684,0
72685,2
72686,0
72687,0
72688,2
72689,0
72690,0
72691,0
72692,0
72693,0
72694,0
72695,0
72696,0
72697,3
72698,3
72699,0
72700,0
72701,0
72702,3
72703,2
72704,0
72705,2
72706,0
72707,0
72708,0
72709,0
72710,0
72711,0
72712,0
72713,0
72714,1
72715,0
72716,0
72717,3
72718,3
72719,2
72720,0
72721,0
72722,0
72723,0
72724,0
72725,0
72726,0
72727,1
72728,1
72729,1
72730,0
72731,0
72732,0
72733,3
72734,0
72735,0
72736,0
72737,2
72738,0
72739,2
72740,0
72741,3
72742,3
72743,3
72744,2
72745,2
72746,3
72747,3
72748,1
72749,0
72750,1
72751,2
72752,0
72753,0
72754,0
72755,0
72756,1
72757,0
72758,0
72759,0
72760,0
72761,0
72762,0
72763,0
72764,0
72765,0
72766,0
72767,0
72768,0
72769,0
72770,0
72771,0
72772,0
72773,3
72774,3
72775,0
72776,0
72777,0
72778,0
72779,0
72780,3
72781,3
72782,3
72783,3
72784,0
72785,2
72786,2
72787,2
72788,3
72789,0
72790,3
72791,3
72792,3
72793,2
72794,0
72795,3
72796,3
72797,3
72798,0
72799,3
72800,1
72801,0
72802,3
72803,3
72804,0
72805,3
72806,3
72807,0
72808,3
72809,2
72810,0
72811,3
72812,3
72813,2
72814,0
72815,0
72816,0
72817,3
72818,2
72819,2
72820,3
72821,3
72822,3
72823,0
72824,2
72825,3
72826,2
72827,0
72828,1
72829,0
72830,3
72831,3
72832,3
72833,3
72834,3
72835,2
72836,2
72837,2
72838,2
72839,2
72840,0
72841,0
72842,3
72843,3
72844,0
72845,3
72846,0
72847,1
72848,3
72849,0
72850,3
72851,3
72852,3
72853,0
72854,0
72855,0
72856,3
72857,0
72858,2
72859,2
72860,3
72861,3
72862,3
72863,0
72864,3
72865,3
72866,0
72867,3
72868,0
72869,3
72870,3
72871,1
72872,1
72873,1
72874,1
72875,3
72876,3
72877,3
72878,3
72879,3
72880,3
72881,3
72882,3
72883,3
72884,3
72885,3
72886,3
72887,0
72888,3
72889,3
72890,3
72891,3
72892,1
72893,0
72894,3
72895,0
72896,1
72897,3
72898,3
72899,3
72900,3
72901,3
72902,1
72903,3
72904,3
72905,2
72906,1
72907,3
72908,3
72909,3
72910,3
72911,3
72912,3
72913,3
72914,0
72915,3
72916,3
72917,3
72918,0
72919,0
72920,3
72921,0
72922,3
72923,3
72924,3
72925,3
72926,0
72927,3
72928,2
72929,3
72930,2
72931,3
72932,2
72933,3
72934,2
72935,2
72936,0
72937,0
72938,3
72939,3
72940,3
72941,2
72942,3
72943,0
72944,2
72945,3
72946,0
72947,2
72948,3
72949,2
72950,0
72951,2
72952,3
72953,2
72954,3
72955,1
72956,1
72957,3
72958,0
72959,3
72960,3
72961,0
72962,3
72963,0
72964,0
72965,3
72966,1
72967,3
72968,3
72969,0
72970,3
72971,0
72972,0
72973,0
72974,2
72975,0
72976,2
72977,0
72978,2
72979,2
72980,3
72981,2
72982,0
72983,0
72984,0
72985,0
72986,2
72987,0
72988,0
72989,0
72990,0
72991,2
72992,2
72993,2
72994,0
72995,0
72996,0
72997,0
72998,0
72999,0
73000,3
73001,3
73002,3
73003,3
73004,3
73005,3
73006,3
73007,3
73008,2
73009,0
73010,0
73011,3
73012,3
73013,2
73014,0
73015,1
73016,0
73017,3
73018,3
73019,3
73020,2
73021,0
73022,0
73023,1
73024,3
73025,3
73026,3
73027,3
73028,0
73029,3
73030,3
73031,3
73032,3
73033,1
73034,3
73035,3
73036,3
73037,3
73038,3
73039,0
73040,3
73041,3
73042,0
73043,0
73044,3
73045,3
73046,3
73047,0
73048,3
73049,3
73050,3
73051,0
73052,3
73053,0
73054,0
73055,0
73056,2
73057,2
73058,0
73059,0
73060,3
73061,3
73062,3
73063,3
73064,3
73065,3
73066,3
73067,3
73068,2
73069,3
73070,3
73071,2
73072,3
73073,3
73074,1
73075,0
73076,3
73077,3
73078,2
73079,3
73080,3
73081,0
73082,3
73083,0
73084,0
73085,0
73086,3
73087,3
73088,3
73089,3
73090,3
73091,3
73092,3
73093,1
73094,3
73095,3
73096,1
73097,3
73098,3
73099,3
73100,3
73101,3
73102,0
73103,0
73104,0
73105,3
73106,3
73107,3
73108,3
73109,3
73110,3
73111,1
73112,1
73113,0
73114,0
73115,1
73116,0
73117,0
73118,3
73119,3
73120,0
73121,3
73122,3
73123,3
73124,0
73125,3
73126,3
73127,3
73128,0
73129,3
73130,1
73131,2
73132,3
73133,0
73134,0
73135,0
73136,0
73137,3
73138,2
73139,0
73140,3
73141,0
73142,3
73143,3
73144,0
73145,3
73146,3
73147,0
73148,3
73149,2
73150,3
73151,3
73152,0
73153,0
73154,0
73155,0
73156,3
73157,3
73158,0
73159,3
73160,3
73161,3
73162,2
73163,3
73164,3
73165,0
73166,3
73167,3
73168,3
73169,3
73170,3
73171,3
73172,0
73173,1
73174,3
73175,3
73176,0
73177,0
73178,0
73179,0
73180,0
73181,3
73182,3
73183,3
73184,3
73185,3
73186,3
73187,2
73188,3
73189,3
73190,2
73191,3
73192,3
73193,3
73194,1
73195,1
73196,0
73197,0
73198,0
73199,3
73200,0
73201,0
73202,0
73203,0
73204,3
73205,3
73206,1
73207,0
73208,0
73209,3
73210,3
73211,3
73212,3
73213,0
73214,3
73215,3
73216,3
73217,3
73218,3
73219,3
73220,3
73221,3
73222,3
73223,3
73224,0
73225,3
73226,0
73227,0
73228,1
73229,0
73230,0
73231,0
73232,0
73233,3
73234,0
73235,0
73236,0
73237,0
73238,3
73239,0
73240,3
73241,3
73242,3
73243,0
73244,2
73245,0
73246,0
73247,0
73248,2
73249,0
73250,3
73251,0
73252,0
73253,3
73254,3
73255,0
73256,3
73257,0
73258,3
73259,2
73260,3
73261,1
73262,0
73263,0
73264,0
73265,0
73266,0
73267,3
73268,0
73269,3
73270,0
73271,0
73272,0
73273,2
73274,2
73275,0
73276,3
73277,0
73278,0
73279,0
73280,2
73281,0
73282,0
73283,3
73284,3
73285,0
73286,3
73287,0
73288,0
73289,3
73290,3
73291,3
73292,0
73293,0
73294,0
73295,3
73296,3
73297,0
73298,3
73299,2
73300,3
73301,2
73302,2
73303,2
73304,2
73305,3
73306,3
73307,2
73308,2
73309,2
73310,2
73311,2
73312,2
73313,3
73314,2
73315,2
73316,2
73317,2
73318,2
73319,2
73320,2
73321,2
73322,2
73323,2
73324,2
73325,2
73326,2
73327,2
73328,2
73329,2
73330,2
73331,3
73332,2
73333,2
73334,2
73335,2
73336,3
73337,2
73338,3
73339,2
73340,2
73341,2
73342,2
73343,2
73344,2
73345,2
73346,2
73347,2
73348,2
73349,2
73350,2
73351,2
73352,2
73353,2
73354,2
73355,2
73356,2
73357,2
73358,2
73359,2
73360,2
73361,2
73362,2
73363,2
73364,2
73365,2
73366,3
73367,3
73368,2
73369,2
73370,2
73371,0
73372,2
73373,3
73374,3
73375,3
73376,3
73377,2
73378,0
73379,0
73380,3
73381,3
73382,2
73383,2
73384,2
73385,2
73386,2
73387,2
73388,2
73389,2
73390,2
73391,0
73392,2
73393,2
73394,2
73395,2
73396,2
73397,3
73398,2
73399,2
73400,2
73401,2
73402,2
73403,2
73404,2
73405,2
73406,2
73407,2
73408,3
73409,2
73410,0
73411,2
73412,2
73413,2
73414,2
73415,2
73416,2
73417,2
73418,1
73419,2
73420,2
73421,1
73422,3
73423,2
73424,3
73425,3
73426,2
73427,3
73428,2
73429,2
73430,2
73431,2
73432,2
73433,2
73434,3
73435,3
73436,2
73437,2
73438,2
73439,2
73440,2
73441,2
73442,2
73443,2
73444,2
73445,2
73446,2
73447,2
73448,2
73449,2
73450,2
73451,2
73452,3
73453,2
73454,2
73455,3
73456,2
73457,2
73458,2
73459,2
73460,2
73461,2
73462,2
73463,2
73464,2
73465,2
73466,2
73467,2
73468,2
73469,2
73470,2
73471,2
73472,2
73473,2
73474,2
73475,0
73476,2
73477,2
73478,2
73479,2
73480,2
73481,3
73482,3
73483,3
73484,2
73485,3
73486,3
73487,2
73488,2
73489,2
73490,2
73491,2
73492,2
73493,3
73494,3
73495,2
73496,2
73497,2
73498,2
73499,2
73500,2
73501,2
73502,2
73503,2
73504,2
73505,2
73506,2
73507,2
73508,2
73509,2
73510,2
73511,2
73512,3
73513,2
73514,2
73515,2
73516,2
73517,2
73518,2
73519,3
73520,2
73521,3
73522,2
73523,3
73524,3
73525,2
73526,2
73527,2
73528,2
73529,2
73530,2
73531,2
73532,2
73533,3
73534,3
73535,3
73536,3
73537,2
73538,3
73539,2
73540,2
73541,2
73542,2
73543,2
73544,2
73545,3
73546,2
73547,2
73548,2
73549,2
73550,2
73551,2
73552,2
73553,2
73554,2
73555,2
73556,2
73557,2
73558,2
73559,2
73560,2
73561,2
73562,2
73563,2
73564,2
73565,2
73566,2
73567,2
73568,2
73569,2
73570,3
73571,3
73572,3
73573,3
73574,3
73575,3
73576,3
73577,3
73578,3
73579,3
73580,3
73581,3
73582,2
73583,2
73584,2
73585,2
73586,2
73587,3
73588,2
73589,2
73590,2
73591,2
73592,2
73593,2
73594,2
73595,3
73596,2
73597,2
73598,2
73599,2
73600,2
73601,2
73602,2
73603,1
73604,2
73605,2
73606,2
73607,2
73608,2
73609,2
73610,2
73611,2
73612,2
73613,2
73614,2
73615,3
73616,2
73617,2
73618,2
73619,2
73620,2
73621,2
73622,2
73623,2
73624,2
73625,2
73626,3
73627,2
73628,2
73629,2
73630,2
73631,1
73632,2
73633,2
73634,2
73635,2
73636,2
73637,2
73638,3
73639,2
73640,2
73641,2
73642,0
73643,2
73644,2
73645,2
73646,2
73647,2
73648,2
73649,2
73650,2
73651,2
73652,3
73653,2
73654,2
73655,3
73656,2
73657,3
73658,2
73659,2
73660,2
73661,2
73662,2
73663,2
73664,2
73665,3
73666,2
73667,0
73668,2
73669,2
73670,2
73671,3
73672,2
73673,2
73674,2
73675,2
73676,2
73677,2
73678,2
73679,2
73680,2
73681,2
73682,2
73683,3
73684,2
73685,2
73686,2
73687,3
73688,3
73689,3
73690,2
73691,2
73692,2
73693,2
73694,3
73695,0
73696,2
73697,2
73698,2
73699,2
73700,2
73701,2
73702,3
73703,2
73704,2
73705,2
73706,2
73707,2
73708,2
73709,2
73710,3
73711,2
73712,2
73713,2
73714,3
73715,2
73716,3
73717,2
73718,2
73719,2
73720,2
73721,2
73722,2
73723,2
73724,2
73725,2
73726,2
73727,2
73728,2
73729,3
73730,2
73731,2
73732,2
73733,2
73734,2
73735,2
73736,2
73737,2
73738,2
73739,2
73740,2
73741,2
73742,2
73743,2
73744,2
73745,3
73746,2
73747,3
73748,3
73749,2
73750,3
73751,3
73752,2
73753,3
73754,2
73755,2
73756,3
73757,3
73758,3
73759,3
73760,3
73761,3
73762,3
73763,2
73764,3
73765,3
73766,3
73767,2
73768,3
73769,2
73770,2
73771,3
73772,2
73773,3
73774,2
73775,3
73776,3
73777,2
73778,3
73779,3
73780,3
73781,3
73782,3
73783,3
73784,3
73785,3
73786,2
73787,2
73788,2
73789,2
73790,2
73791,3
73792,3
73793,2
73794,2
73795,2
73796,3
73797,2
73798,2
73799,3
73800,2
73801,2
73802,2
73803,2
73804,2
73805,2
73806,2
73807,3
73808,2
73809,3
73810,2
73811,2
73812,3
73813,3
73814,2
73815,2
73816,2
73817,0
73818,2
73819,3
73820,3
73821,3
73822,2
73823,2
73824,2
73825,2
73826,2
73827,2
73828,2
73829,2
73830,2
73831,2
73832,2
73833,2
73834,2
73835,2
73836,2
73837,2
73838,3
73839,2
73840,2
73841,2
73842,0
73843,3
73844,2
73845,2
73846,2
73847,2
73848,2
73849,0
73850,0
73851,2
73852,2
73853,2
73854,2
73855,2
73856,3
73857,2
73858,3
73859,2
73860,2
73861,2
73862,3
73863,3
73864,3
73865,3
73866,2
73867,3
73868,3
73869,3
73870,3
73871,2
73872,2
73873,3
73874,2
73875,3
73876,3
73877,2
73878,2
73879,2
73880,3
73881,2
73882,2
73883,3
73884,3
73885,2
73886,2
73887,2
73888,2
73889,2
73890,2
73891,2
73892,3
73893,2
73894,2
73895,2
73896,3
73897,2
73898,2
73899,2
73900,3
73901,2
73902,2
73903,2
73904,2
73905,2
73906,2
73907,2
73908,2
73909,2
73910,2
73911,2
73912,2
73913,3
73914,2
73915,2
73916,3
73917,2
73918,2
73919,3
73920,2
73921,2
73922,2
73923,2
73924,2
73925,2
73926,2
73927,3
73928,2
73929,2
73930,2
73931,3
73932,2
73933,2
73934,2
73935,2
73936,2
73937,2
73938,2
73939,2
73940,2
73941,2
73942,2
73943,2
73944,2
73945,2
73946,2
73947,2
73948,3
73949,2
73950,3
73951,2
73952,2
73953,2
73954,2
73955,2
73956,2
73957,3
73958,2
73959,2
73960,3
73961,2
73962,2
73963,2
73964,2
73965,2
73966,2
73967,3
73968,3
73969,2
73970,2
73971,3
73972,2
73973,3
73974,2
73975,2
73976,2
73977,2
73978,0
73979,2
73980,2
73981,2
73982,2
73983,2
73984,2
73985,0
73986,2
73987,2
73988,2
73989,2
73990,2
73991,2
73992,2
73993,2
73994,2
73995,2
73996,2
73997,2
73998,2
73999,0
74000,2
74001,2
74002,2
74003,2
74004,2
74005,2
74006,2
74007,2
74008,2
74009,2
74010,2
74011,2
74012,2
74013,2
74014,2
74015,2
74016,2
74017,2
74018,2
74019,2
74020,2
74021,3
74022,3
74023,2
74024,2
74025,2
74026,2
74027,2
74028,0
74029,2
74030,2
74031,2
74032,2
74033,2
74034,3
74035,2
74036,2
74037,3
74038,2
74039,3
74040,3
74041,2
74042,2
74043,2
74044,2
74045,2
74046,2
74047,2
74048,2
74049,2
74050,2
74051,2
74052,2
74053,2
74054,2
74055,2
74056,2
74057,2
74058,2
74059,2
74060,2
74061,2
74062,3
74063,2
74064,2
74065,2
74066,3
74067,3
74068,2
74069,2
74070,3
74071,3
74072,2
74073,2
74074,2
74075,3
74076,2
74077,2
74078,2
74079,2
74080,2
74081,2
74082,2
74083,2
74084,2
74085,2
74086,2
74087,2
74088,2
74089,2
74090,2
74091,2
74092,2
74093,2
74094,2
74095,2
74096,3
74097,3
74098,2
74099,2
74100,2
74101,2
74102,2
74103,3
74104,2
74105,2
74106,1
74107,2
74108,2
74109,2
74110,3
74111,2
74112,2
74113,2
74114,3
74115,2
74116,2
74117,2
74118,2
74119,2
74120,0
74121,2
74122,2
74123,3
74124,2
74125,3
74126,2
74127,2
74128,2
74129,3
74130,2
74131,2
74132,2
74133,2
74134,2
74135,2
74136,2
74137,2
74138,2
74139,2
74140,2
74141,2
74142,2
74143,2
74144,2
74145,2
74146,2
74147,2
74148,3
74149,2
74150,2
74151,3
74152,2
74153,2
74154,2
74155,2
74156,3
74157,2
74158,2
74159,2
74160,2
74161,2
74162,2
74163,2
74164,2
74165,2
74166,2
74167,2
74168,2
74169,2
74170,2
74171,2
74172,2
74173,2
74174,2
74175,2
74176,2
74177,2
74178,2
74179,2
74180,2
74181,2
74182,2
74183,2
74184,2
74185,2
74186,2
74187,2
74188,2
74189,2
74190,2
74191,2
74192,2
74193,2
74194,2
74195,2
74196,0
74197,2
74198,2
74199,3
74200,2
74201,2
74202,2
74203,2
74204,2
74205,2
74206,2
74207,2
74208,2
74209,1
74210,2
74211,2
74212,2
74213,3
74214,2
74215,3
74216,1
74217,2
74218,3
74219,2
74220,2
74221,2
74222,2
74223,2
74224,2
74225,2
74226,2
74227,2
74228,2
74229,2
74230,2
74231,2
74232,2
74233,2
74234,3
74235,2
74236,2
74237,2
74238,2
74239,2
74240,2
74241,2
74242,2
74243,2
74244,2
74245,2
74246,3
74247,2
74248,2
74249,2
74250,2
74251,2
74252,2
74253,2
74254,2
74255,2
74256,3
74257,3
74258,3
74259,2
74260,3
74261,2
74262,2
74263,2
74264,2
74265,2
74266,2
74267,3
74268,2
74269,2
74270,3
74271,2
74272,3
74273,0
74274,3
74275,2
74276,2
74277,3
74278,2
74279,3
74280,2
74281,2
74282,2
74283,2
74284,2
74285,2
74286,2
74287,3
74288,2
74289,2
74290,2
74291,2
74292,2
74293,2
74294,2
74295,3
74296,2
74297,2
74298,2
74299,2
74300,2
74301,2
74302,2
74303,0
74304,0
74305,2
74306,2
74307,3
74308,2
74309,3
74310,2
74311,2
74312,3
74313,3
74314,2
74315,3
74316,3
74317,2
74318,2
74319,2
74320,0
74321,2
74322,2
74323,2
74324,3
74325,3
74326,2
74327,3
74328,2
74329,3
74330,2
74331,2
74332,2
74333,3
74334,2
74335,2
74336,2
74337,2
74338,3
74339,2
74340,3
74341,2
74342,2
74343,2
74344,2
74345,3
74346,2
74347,2
74348,2
74349,2
74350,2
74351,2
74352,2
74353,2
74354,2
74355,2
74356,3
74357,2
74358,2
74359,2
74360,3
74361,2
74362,3
74363,2
74364,3
74365,2
74366,3
74367,2
74368,3
74369,3
74370,2
74371,3
74372,3
74373,3
74374,3
74375,2
74376,2
74377,2
74378,2
74379,2
74380,2
74381,2
74382,2
74383,2
74384,2
74385,2
74386,2
74387,3
74388,2
74389,3
74390,2
74391,2
74392,2
74393,2
74394,2
74395,2
74396,3
74397,3
74398,2
74399,2
74400,2
74401,2
74402,2
74403,2
74404,3
74405,2
74406,2
74407,2
74408,2
74409,0
74410,2
74411,3
74412,2
74413,2
74414,2
74415,2
74416,2
74417,2
74418,2
74419,2
74420,2
74421,2
74422,2
74423,2
74424,2
74425,2
74426,2
74427,0
74428,2
74429,2
74430,2
74431,2
74432,2
74433,2
74434,2
74435,2
74436,3
74437,2
74438,2
74439,2
74440,2
74441,2
74442,2
74443,2
74444,2
74445,0
74446,2
74447,2
74448,2
74449,2
74450,2
74451,2
74452,2
74453,2
74454,2
74455,2
74456,2
74457,3
74458,2
74459,2
74460,2
74461,2
74462,2
74463,2
74464,3
74465,2
74466,2
74467,2
74468,2
74469,3
74470,3
74471,2
74472,2
74473,2
74474,3
74475,2
74476,2
74477,2
74478,3
74479,3
74480,3
74481,3
74482,3
74483,3
74484,3
74485,0
74486,3
74487,2
74488,2
74489,2
74490,2
74491,2
74492,2
74493,2
74494,2
74495,2
74496,2
74497,2
74498,3
74499,3
74500,2
74501,2
74502,2
74503,2
74504,2
74505,2
74506,2
74507,2
74508,2
74509,2
74510,2
74511,2
74512,2
74513,3
74514,3
74515,3
74516,3
74517,3
74518,2
74519,3
74520,3
74521,2
74522,2
74523,3
74524,2
74525,2
74526,1
74527,2
74528,2
74529,2
74530,3
74531,2
74532,2
74533,2
74534,2
74535,2
74536,1
74537,2
74538,0
74539,2
74540,2
74541,3
74542,2
74543,3
74544,3
74545,2
74546,2
74547,2
74548,2
74549,2
74550,2
74551,2
74552,2
74553,3
74554,3
74555,3
74556,3
74557,2
74558,2
74559,3
74560,2
74561,2
74562,2
74563,2
74564,2
74565,2
74566,2
74567,2
74568,0
74569,2
74570,2
74571,2
74572,2
74573,2
74574,2
74575,2
74576,2
74577,2
74578,2
74579,2
74580,2
74581,2
74582,1
74583,2
74584,2
74585,2
74586,2
74587,2
74588,2
74589,2
74590,2
74591,2
74592,2
74593,2
74594,2
74595,2
74596,2
74597,2
74598,2
74599,2
74600,2
74601,2
74602,3
74603,2
74604,2
74605,2
74606,2
74607,2
74608,2
74609,3
74610,2
74611,2
74612,2
74613,2
74614,2
74615,0
74616,2
74617,2
74618,2
74619,2
74620,3
74621,2
74622,2
74623,2
74624,2
74625,2
74626,2
74627,2
74628,2
74629,2
74630,2
74631,2
74632,3
74633,2
74634,2
74635,3
74636,2
74637,2
74638,3
74639,3
74640,2
74641,3
74642,2
74643,2
74644,3
74645,2
74646,3
74647,3
74648,2
74649,2
74650,3
74651,2
74652,2
74653,2
74654,2
74655,2
74656,2
74657,2
74658,2
74659,2
74660,3
74661,2
74662,2
74663,2
74664,2
74665,2
74666,2
74667,2
74668,2
74669,2
74670,2
74671,2
74672,2
74673,2
74674,2
74675,2
74676,2
74677,2
74678,2
74679,2
74680,2
74681,2
74682,2
74683,2
74684,2
74685,2
74686,2
74687,2
74688,2
74689,2
74690,2
74691,2
74692,2
74693,2
74694,2
74695,2
74696,3
74697,2
74698,2
74699,2
74700,2
74701,2
74702,2
74703,3
74704,2
74705,2
74706,3
74707,2
74708,2
74709,2
74710,2
74711,2
74712,2
74713,2
74714,3
74715,2
74716,2
74717,2
74718,2
74719,2
74720,2
74721,2
74722,2
74723,2
74724,2
74725,2
74726,2
74727,2
74728,2
74729,2
74730,2
74731,3
74732,2
74733,2
74734,3
74735,2
74736,3
74737,0
74738,2
74739,3
74740,0
74741,3
74742,2
74743,2
74744,2
74745,3
74746,2
74747,2
74748,2
74749,0
74750,2
74751,3
74752,2
74753,2
74754,3
74755,2
74756,2
74757,2
74758,2
74759,2
74760,2
74761,3
74762,2
74763,2
74764,2
74765,2
74766,2
74767,2
74768,2
74769,2
74770,3
74771,2
74772,0
74773,2
74774,2
74775,2
74776,2
74777,2
74778,2
74779,2
74780,2
74781,2
74782,2
74783,3
74784,2
74785,0
74786,2
74787,2
74788,2
74789,2
74790,2
74791,2
74792,2
74793,2
74794,2
74795,2
74796,2
74797,3
74798,3
74799,2
74800,2
74801,2
74802,2
74803,2
74804,2
74805,2
74806,2
74807,3
74808,2
74809,2
74810,2
74811,2
74812,2
74813,2
74814,2
74815,2
74816,2
74817,2
74818,2
74819,2
74820,2
74821,2
74822,2
74823,2
74824,2
74825,2
74826,2
74827,2
74828,2
74829,0
74830,1
74831,2
74832,2
74833,2
74834,2
74835,2
74836,2
74837,2
74838,2
74839,2
74840,2
74841,2
74842,2
74843,2
74844,2
74845,2
74846,2
74847,2
74848,2
74849,2
74850,2
74851,2
74852,2
74853,2
74854,2
74855,2
74856,2
74857,2
74858,2
74859,2
74860,2
74861,2
74862,2
74863,2
74864,2
74865,2
74866,2
74867,2
74868,2
74869,2
74870,2
74871,2
74872,2
74873,2
74874,2
74875,2
74876,2
74877,2
74878,2
74879,2
74880,2
74881,2
74882,2
74883,2
74884,2
74885,2
74886,2
74887,2
74888,2
74889,2
74890,2
74891,2
74892,2
74893,2
74894,2
74895,2
74896,2
74897,3
74898,1
74899,1
74900,2
74901,2
74902,2
74903,2
74904,2
74905,2
74906,2
74907,2
74908,2
74909,2
74910,2
74911,2
74912,2
74913,2
74914,2
74915,2
74916,2
74917,2
74918,2
74919,2
74920,3
74921,2
74922,2
74923,3
74924,3
74925,3
74926,2
74927,3
74928,2
74929,2
74930,2
74931,2
74932,3
74933,2
74934,2
74935,2
74936,2
74937,2
74938,3
74939,2
74940,2
74941,2
74942,2
74943,3
74944,2
74945,2
74946,2
74947,2
74948,2
74949,2
74950,0
74951,2
74952,2
74953,2
74954,2
74955,2
74956,2
74957,2
74958,0
74959,2
74960,2
74961,2
74962,2
74963,2
74964,2
74965,2
74966,2
74967,2
74968,2
74969,2
74970,2
74971,2
74972,2
74973,2
74974,2
74975,0
74976,2
74977,2
74978,2
74979,2
74980,2
74981,2
74982,2
74983,2
74984,2
74985,2
74986,2
74987,2
74988,2
74989,2
74990,2
74991,2
74992,2
74993,2
74994,2
74995,2
74996,2
74997,2
74998,2
74999,2
75000,2
75001,2
75002,2
75003,2
75004,2
75005,2
75006,2
75007,2
75008,2
75009,2
75010,2
75011,2
75012,2
75013,2
75014,2
75015,2
75016,2
75017,2
75018,2
75019,2
75020,3
75021,3
75022,2
75023,2
75024,3
75025,2
75026,2
75027,2
75028,2
75029,2
75030,2
75031,2
75032,2
75033,2
75034,2
75035,2
75036,3
75037,0
75038,2
75039,2
75040,2
75041,0
75042,2
75043,2
75044,0
75045,2
75046,2
75047,2
75048,0
75049,0
75050,0
75051,0
75052,2
75053,2
75054,2
75055,3
75056,2
75057,2
75058,2
75059,3
75060,2
75061,2
75062,2
75063,3
75064,3
75065,2
75066,2
75067,2
75068,2
75069,2
75070,3
75071,2
75072,3
75073,3
75074,3
75075,3
75076,3
75077,3
75078,3
75079,2
75080,3
75081,2
75082,2
75083,3
75084,2
75085,3
75086,3
75087,3
75088,3
75089,3
75090,3
75091,3
75092,4
75093,3
75094,2
75095,2
75096,2
75097,2
75098,2
75099,2
75100,2
75101,2
75102,2
75103,2
75104,2
75105,3
75106,3
75107,2
75108,2
75109,3
75110,3
75111,3
75112,3
75113,3
75114,3
75115,3
75116,4
75117,3
75118,3
75119,3
75120,4
75121,4
75122,3
75123,3
75124,3
75125,4
75126,3
75127,3
75128,3
75129,3
75130,3
75131,3
75132,3
75133,3
75134,3
75135,4
75136,3
75137,3
75138,3
75139,3
75140,3
75141,3
75142,3
75143,3
75144,3
75145,3
75146,3
75147,3
75148,3
75149,3
75150,2
75151,0
75152,4
75153,3
75154,3
75155,3
75156,3
75157,3
75158,3
75159,3
75160,3
75161,3
75162,3
75163,3
75164,2
75165,2
75166,2
75167,0
75168,3
75169,3
75170,2
75171,2
75172,2
75173,2
75174,2
75175,0
75176,0
75177,2
75178,2
75179,2
75180,3
75181,1
75182,0
75183,2
75184,2
75185,2
75186,2
75187,2
75188,2
75189,2
75190,2
75191,2
75192,2
75193,2
75194,2
75195,2
75196,3
75197,2
75198,3
75199,2
75200,2
75201,2
75202,2
75203,2
75204,2
75205,3
75206,2
75207,3
75208,3
75209,2
75210,2
75211,2
75212,2
75213,3
75214,2
75215,2
75216,2
75217,2
75218,0
75219,3
75220,2
75221,2
75222,2
75223,2
75224,2
75225,2
75226,2
75227,2
75228,3
75229,3
75230,2
75231,2
75232,2
75233,2
75234,2
75235,2
75236,2
75237,2
75238,2
75239,3
75240,2
75241,2
75242,2
75243,2
75244,2
75245,2
75246,2
75247,2
75248,2
75249,2
75250,2
75251,2
75252,2
75253,2
75254,2
75255,2
75256,2
75257,2
75258,3
75259,2
75260,2
75261,2
75262,2
75263,2
75264,2
75265,2
75266,2
75267,2
75268,2
75269,2
75270,2
75271,2
75272,2
75273,2
75274,0
75275,2
75276,2
75277,3
75278,2
75279,2
75280,3
75281,3
75282,2
75283,2
75284,2
75285,2
75286,2
75287,3
75288,2
75289,2
75290,2
75291,2
75292,2
75293,2
75294,2
75295,2
75296,2
75297,2
75298,1
75299,2
75300,2
75301,2
75302,2
75303,2
75304,2
75305,2
75306,2
75307,3
75308,2
75309,2
75310,1
75311,2
75312,2
75313,2
75314,3
75315,2
75316,2
75317,2
75318,2
75319,2
75320,2
75321,2
75322,2
75323,2
75324,2
75325,2
75326,1
75327,2
75328,2
75329,2
75330,2
75331,2
75332,2
75333,2
75334,2
75335,2
75336,2
75337,2
75338,2
75339,2
75340,2
75341,2
75342,2
75343,2
75344,2
75345,2
75346,2
75347,2
75348,2
75349,2
75350,2
75351,2
75352,2
75353,2
75354,2
75355,2
75356,2
75357,2
75358,2
75359,2
75360,2
75361,2
75362,2
75363,2
75364,2
75365,3
75366,2
75367,2
75368,2
75369,2
75370,2
75371,2
75372,2
75373,2
75374,2
75375,2
75376,2
75377,2
75378,2
75379,2
75380,2
75381,2
75382,2
75383,2
75384,2
75385,2
75386,2
75387,2
75388,3
75389,2
75390,2
75391,2
75392,2
75393,2
75394,2
75395,2
75396,2
75397,3
75398,2
75399,2
75400,2
75401,2
75402,2
75403,3
75404,2
75405,2
75406,2
75407,2
75408,1
75409,2
75410,2
75411,2
75412,2
75413,3
75414,2
75415,2
75416,3
75417,2
75418,2
75419,2
75420,2
75421,2
75422,2
75423,2
75424,2
75425,3
75426,2
75427,2
75428,2
75429,2
75430,2
75431,2
75432,2
75433,2
75434,2
75435,2
75436,2
75437,2
75438,3
75439,2
75440,2
75441,2
75442,2
75443,2
75444,2
75445,2
75446,2
75447,2
75448,2
75449,2
75450,2
75451,2
75452,2
75453,2
75454,2
75455,3
75456,2
75457,2
75458,2
75459,2
75460,2
75461,2
75462,2
75463,2
75464,3
75465,2
75466,2
75467,3
75468,2
75469,2
75470,2
75471,2
75472,2
75473,2
75474,2
75475,3
75476,2
75477,2
75478,2
75479,2
75480,2
75481,2
75482,3
75483,2
75484,2
75485,2
75486,2
75487,2
75488,2
75489,2
75490,2
75491,2
75492,2
75493,2
75494,2
75495,2
75496,2
75497,2
75498,3
75499,2
75500,0
75501,2
75502,2
75503,2
75504,2
75505,2
75506,2
75507,2
75508,2
75509,2
75510,2
75511,0
75512,2
75513,2
75514,2
75515,2
75516,2
75517,2
75518,2
75519,2
75520,2
75521,2
75522,2
75523,2
75524,2
75525,2
75526,2
75527,2
75528,2
75529,2
75530,2
75531,2
75532,2
75533,2
75534,2
75535,2
75536,2
75537,2
75538,2
75539,2
75540,2
75541,2
75542,2
75543,2
75544,2
75545,2
75546,2
75547,2
75548,2
75549,2
75550,2
75551,2
75552,2
75553,2
75554,2
75555,3
75556,2
75557,2
75558,2
75559,2
75560,2
75561,2
75562,2
75563,2
75564,2
75565,2
75566,2
75567,2
75568,2
75569,2
75570,2
75571,2
75572,2
75573,2
75574,2
75575,2
75576,2
75577,2
75578,2
75579,3
75580,3
75581,3
75582,3
75583,2
75584,2
75585,2
75586,2
75587,2
75588,2
75589,2
75590,3
75591,2
75592,2
75593,2
75594,2
75595,2
75596,2
75597,2
75598,2
75599,2
75600,2
75601,2
75602,2
75603,2
75604,2
75605,2
75606,3
75607,2
75608,2
75609,2
75610,2
75611,2
75612,2
75613,2
75614,2
75615,2
75616,2
75617,2
75618,2
75619,2
75620,2
75621,2
75622,2
75623,2
75624,2
75625,2
75626,2
75627,2
75628,2
75629,2
75630,2
75631,2
75632,2
75633,2
75634,2
75635,2
75636,2
75637,2
75638,2
75639,2
75640,2
75641,2
75642,2
75643,2
75644,2
75645,2
75646,2
75647,2
75648,2
75649,2
75650,2
75651,2
75652,2
75653,2
75654,2
75655,2
75656,0
75657,2
75658,2
75659,2
75660,2
75661,2
75662,2
75663,2
75664,2
75665,2
75666,2
75667,2
75668,2
75669,2
75670,2
75671,2
75672,2
75673,2
75674,2
75675,2
75676,2
75677,2
75678,2
75679,2
75680,2
75681,2
75682,2
75683,2
75684,2
75685,2
75686,2
75687,2
75688,2
75689,2
75690,2
75691,2
75692,2
75693,2
75694,2
75695,2
75696,2
75697,2
75698,3
75699,2
75700,2
75701,2
75702,2
75703,0
75704,2
75705,2
75706,2
75707,2
75708,2
75709,2
75710,2
75711,2
75712,2
75713,2
75714,2
75715,2
75716,2
75717,2
75718,0
75719,2
75720,3
75721,0
75722,2
75723,0
75724,3
75725,3
75726,2
75727,2
75728,2
75729,2
75730,2
75731,2
75732,2
75733,2
75734,2
75735,2
75736,2
75737,2
75738,2
75739,2
75740,2
75741,2
75742,2
75743,3
75744,2
75745,2
75746,2
75747,2
75748,2
75749,3
75750,3
75751,3
75752,2
75753,3
75754,2
75755,3
75756,2
75757,2
75758,3
75759,3
75760,2
75761,2
75762,3
75763,2
75764,3
75765,3
75766,2
75767,2
75768,2
75769,2
75770,2
75771,2
75772,2
75773,3
75774,3
75775,3
75776,2
75777,2
75778,2
75779,3
75780,2
75781,3
75782,2
75783,2
75784,2
75785,2
75786,2
75787,2
75788,2
75789,2
75790,2
75791,3
75792,2
75793,2
75794,3
75795,2
75796,2
75797,2
75798,2
75799,0
75800,2
75801,3
75802,2
75803,0
75804,2
75805,2
75806,2
75807,2
75808,3
75809,2
75810,2
75811,3
75812,2
75813,2
75814,2
75815,2
75816,2
75817,2
75818,2
75819,2
75820,2
75821,2
75822,2
75823,2
75824,2
75825,2
75826,3
75827,2
75828,2
75829,2
75830,2
75831,2
75832,2
75833,2
75834,2
75835,2
75836,3
75837,2
75838,3
75839,2
75840,2
75841,2
75842,2
75843,2
75844,2
75845,2
75846,2
75847,2
75848,2
75849,2
75850,2
75851,2
75852,2
75853,1
75854,2
75855,2
75856,2
75857,2
75858,2
75859,3
75860,3
75861,2
75862,2
75863,2
75864,2
75865,2
75866,2
75867,2
75868,2
75869,2
75870,2
75871,4
75872,4
75873,0
75874,0
75875,1
75876,3
75877,2
75878,2
75879,3
75880,3
75881,4
75882,4
75883,1
75884,1
75885,1
75886,3
75887,3
75888,4
75889,2
75890,3
75891,3
75892,1
75893,2
75894,2
75895,2
75896,2
75897,2
75898,3
75899,2
75900,2
75901,2
75902,3
75903,2
75904,2
75905,2
75906,2
75907,2
75908,2
75909,2
75910,2
75911,2
75912,2
75913,0
75914,2
75915,2
75916,2
75917,2
75918,2
75919,2
75920,2
75921,2
75922,2
75923,2
75924,2
75925,2
75926,2
75927,2
75928,2
75929,2
75930,2
75931,2
75932,2
75933,2
75934,2
75935,3
75936,3
75937,2
75938,2
75939,2
75940,2
75941,2
75942,1
75943,4
75944,3
75945,4
75946,4
75947,3
75948,3
75949,4
75950,3
75951,1
75952,4
75953,3
75954,3
75955,1
75956,0
75957,2
75958,0
75959,2
75960,2
75961,4
75962,4
75963,4
75964,2
75965,0
75966,0
75967,4
75968,2
75969,3
75970,2
75971,0
75972,4
75973,4
75974,2
75975,2
75976,2
75977,2
75978,4
75979,2
75980,2
75981,3
75982,3
75983,4
75984,2
75985,4
75986,0
75987,0
75988,2
75989,2
75990,2
75991,2
75992,0
75993,3
75994,3
75995,3
75996,4
75997,3
75998,4
75999,4
76000,3
76001,4
76002,0
76003,2
76004,0
76005,3
76006,2
76007,3
76008,3
76009,2
76010,2
76011,0
76012,0
76013,2
76014,2
76015,3
76016,3
76017,3
76018,3
76019,2
76020,3
76021,3
76022,3
76023,3
76024,1
76025,1
76026,3
76027,0
76028,2
76029,3
76030,3
76031,3
76032,3
76033,2
76034,2
76035,2
76036,3
76037,3
76038,2
76039,3
76040,3
76041,3
76042,3
76043,3
76044,3
76045,3
76046,3
76047,3
76048,3
76049,3
76050,2
76051,3
76052,3
76053,2
76054,1
76055,1
76056,1
76057,1
76058,1
76059,3
76060,4
76061,4
76062,3
76063,4
76064,4
76065,4
76066,4
76067,5
76068,3
76069,3
76070,2
76071,1
76072,1
76073,3
76074,2
76075,4
76076,3
76077,3
76078,3
76079,3
76080,3
76081,3
76082,3
76083,3
76084,3
76085,2
76086,2
76087,3
76088,3
76089,3
76090,3
76091,3
76092,3
76093,3
76094,3
76095,3
76096,1
76097,3
76098,2
76099,1
76100,2
76101,2
76102,2
76103,1
76104,1
76105,3
76106,2
76107,4
76108,3
76109,2
76110,1
76111,2
76112,3
76113,3
76114,1
76115,4
76116,0
76117,2
76118,3
76119,2
76120,3
76121,2
76122,2
76123,0
76124,2
76125,1
76126,3
76127,2
76128,4
76129,2
76130,3
76131,3
76132,3
76133,3
76134,3
76135,3
76136,3
76137,3
76138,4
76139,3
76140,3
76141,3
76142,3
76143,3
76144,3
76145,3
76146,4
76147,3
76148,3
76149,3
76150,3
76151,3
76152,4
76153,4
76154,4
76155,4
76156,4
76157,4
76158,2
76159,2
76160,2
76161,2
76162,3
76163,0
76164,3
76165,3
76166,3
76167,3
76168,3
76169,3
76170,3
76171,3
76172,3
76173,3
76174,4
76175,3
76176,3
76177,3
76178,3
76179,2
76180,2
76181,2
76182,2
76183,2
76184,2
76185,2
76186,2
76187,2
76188,2
76189,2
76190,2
76191,2
76192,2
76193,2
76194,2
76195,2
76196,2
76197,2
76198,2
76199,2
76200,3
76201,2
76202,3
76203,4
76204,4
76205,4
76206,4
76207,4
76208,3
76209,3
76210,2
76211,3
76212,2
76213,2
76214,2
76215,2
76216,2
76217,2
76218,1
76219,1
76220,2
76221,3
76222,0
76223,1
76224,3
76225,2
76226,2
76227,2
76228,2
76229,0
76230,0
76231,2
76232,2
76233,2
76234,2
76235,2
76236,2
76237,2
76238,3
76239,3
76240,3
76241,3
76242,2
76243,2
76244,3
76245,2
76246,2
76247,2
76248,3
76249,2
76250,2
76251,2
76252,2
76253,2
76254,2
76255,2
76256,2
76257,2
76258,2
76259,1
76260,1
76261,0
76262,3
76263,2
76264,2
76265,0
76266,2
76267,1
76268,3
76269,2
76270,2
76271,2
76272,2
76273,2
76274,2
76275,2
76276,1
76277,3
76278,2
76279,2
76280,2
76281,2
76282,2
76283,2
76284,3
76285,2
76286,2
76287,2
76288,2
76289,2
76290,3
76291,2
76292,2
76293,2
76294,2
76295,2
76296,2
76297,2
76298,2
76299,2
76300,2
76301,2
76302,3
76303,3
76304,2
76305,3
76306,2
76307,2
76308,2
76309,2
76310,2
76311,2
76312,2
76313,2
76314,2
76315,2
76316,2
76317,2
76318,2
76319,2
76320,2
76321,2
76322,2
76323,2
76324,2
76325,2
76326,2
76327,2
76328,2
76329,2
76330,2
76331,2
76332,2
76333,2
76334,2
76335,2
76336,2
76337,1
76338,1
76339,1
76340,4
76341,3
76342,3
76343,3
76344,3
76345,3
76346,3
76347,3
76348,3
76349,3
76350,3
76351,3
76352,3
76353,4
76354,3
76355,3
76356,3
76357,3
76358,3
76359,3
76360,3
76361,3
76362,4
76363,2
76364,3
76365,3
76366,2
76367,4
76368,2
76369,3
76370,4
76371,0
76372,4
76373,2
76374,2
76375,3
76376,4
76377,1
76378,1
76379,3
76380,4
76381,3
76382,3
76383,3
76384,3
76385,3
76386,4
76387,3
76388,3
76389,3
76390,2
76391,1
76392,1
76393,3
76394,4
76395,0
76396,4
76397,3
76398,3
76399,4
76400,3
76401,3
76402,3
76403,3
76404,3
76405,0
76406,3
76407,2
76408,0
76409,2
76410,3
76411,2
76412,1
76413,2
76414,2
76415,4
76416,3
76417,3
76418,2
76419,2
76420,2
76421,3
76422,4
76423,3
76424,3
76425,3
76426,3
76427,2
76428,2
76429,2
76430,2
76431,2
76432,2
76433,2
76434,2
76435,2
76436,2
76437,2
76438,2
76439,2
76440,2
76441,2
76442,2
76443,2
76444,2
76445,2
76446,3
76447,2
76448,3
76449,2
76450,2
76451,2
76452,2
76453,2
76454,2
76455,0
76456,2
76457,2
76458,2
76459,2
76460,2
76461,2
76462,2
76463,2
76464,2
76465,2
76466,2
76467,2
76468,2
76469,2
76470,2
76471,2
76472,2
76473,2
76474,2
76475,2
76476,2
76477,2
76478,2
76479,2
76480,2
76481,2
76482,2
76483,2
76484,2
76485,2
76486,2
76487,2
76488,2
76489,2
76490,2
76491,2
76492,2
76493,2
76494,2
76495,3
76496,0
76497,3
76498,2
76499,2
76500,2
76501,2
76502,2
76503,2
76504,2
76505,2
76506,2
76507,2
76508,2
76509,3
76510,3
76511,2
76512,0
76513,3
76514,2
76515,2
76516,2
76517,2
76518,2
76519,2
76520,2
76521,2
76522,2
76523,2
76524,2
76525,2
76526,2
76527,2
76528,2
76529,2
76530,2
76531,2
76532,2
76533,2
76534,2
76535,2
76536,2
76537,2
76538,2
76539,2
76540,2
76541,2
76542,2
76543,0
76544,2
76545,2
76546,2
76547,2
76548,2
76549,3
76550,2
76551,0
76552,2
76553,2
76554,2
76555,2
76556,2
76557,2
76558,2
76559,2
76560,2
76561,2
76562,2
76563,2
76564,2
76565,2
76566,2
76567,2
76568,2
76569,2
76570,2
76571,2
76572,2
76573,2
76574,2
76575,2
76576,2
76577,2
76578,2
76579,2
76580,2
76581,2
76582,2
76583,2
76584,2
76585,2
76586,2
76587,2
76588,2
76589,2
76590,2
76591,2
76592,2
76593,2
76594,2
76595,3
76596,2
76597,2
76598,2
76599,2
76600,2
76601,2
76602,2
76603,2
76604,2
76605,2
76606,2
76607,2
76608,2
76609,2
76610,0
76611,2
76612,2
76613,2
76614,2
76615,2
76616,1
76617,2
76618,2
76619,2
76620,2
76621,2
76622,2
76623,2
76624,2
76625,2
76626,2
76627,2
76628,2
76629,2
76630,2
76631,2
76632,2
76633,2
76634,2
76635,2
76636,2
76637,2
76638,2
76639,2
76640,2
76641,2
76642,2
76643,2
76644,2
76645,2
76646,3
76647,2
76648,2
76649,2
76650,2
76651,2
76652,2
76653,2
76654,2
76655,2
76656,2
76657,2
76658,0
76659,2
76660,2
76661,2
76662,2
76663,2
76664,2
76665,3
76666,2
76667,2
76668,2
76669,2
76670,0
76671,2
76672,2
76673,2
76674,2
76675,3
76676,2
76677,2
76678,2
76679,2
76680,3
76681,3
76682,3
76683,2
76684,2
76685,2
76686,2
76687,1
76688,1
76689,0
76690,3
76691,3
76692,2
76693,2
76694,2
76695,3
76696,2
76697,2
76698,2
76699,2
76700,2
76701,3
76702,2
76703,2
76704,3
76705,3
76706,2
76707,2
76708,2
76709,2
76710,0
76711,2
76712,0
76713,2
76714,2
76715,2
76716,2
76717,2
76718,2
76719,2
76720,2
76721,2
76722,2
76723,2
76724,2
76725,2
76726,2
76727,3
76728,2
76729,3
76730,2
76731,2
76732,2
76733,2
76734,2
76735,2
76736,1
76737,3
76738,2
76739,3
76740,3
76741,2
76742,0
76743,2
76744,2
76745,2
76746,2
76747,2
76748,2
76749,2
76750,2
76751,2
76752,2
76753,2
76754,2
76755,2
76756,2
76757,2
76758,2
76759,2
76760,2
76761,2
76762,2
76763,2
76764,2
76765,2
76766,2
76767,2
76768,2
76769,2
76770,2
76771,2
76772,2
76773,3
76774,2
76775,3
76776,2
76777,3
76778,2
76779,2
76780,2
76781,2
76782,2
76783,2
76784,2
76785,2
76786,2
76787,2
76788,2
76789,2
76790,2
76791,2
76792,0
76793,2
76794,3
76795,2
76796,2
76797,2
76798,2
76799,0
76800,2
76801,2
76802,2
76803,2
76804,2
76805,2
76806,2
76807,2
76808,2
76809,2
76810,2
76811,2
76812,2
76813,2
76814,2
76815,2
76816,2
76817,2
76818,2
76819,2
76820,2
76821,2
76822,2
76823,2
76824,2
76825,2
76826,2
76827,2
76828,2
76829,2
76830,2
76831,2
76832,2
76833,2
76834,2
76835,2
76836,2
76837,2
76838,2
76839,2
76840,2
76841,2
76842,2
76843,2
76844,2
76845,2
76846,2
76847,2
76848,2
76849,2
76850,2
76851,2
76852,2
76853,2
76854,2
76855,2
76856,2
76857,2
76858,2
76859,2
76860,2
76861,2
76862,2
76863,2
76864,3
76865,2
76866,2
76867,2
76868,2
76869,2
76870,2
76871,2
76872,2
76873,2
76874,2
76875,2
76876,2
76877,2
76878,2
76879,2
76880,5
76881,2
76882,2
76883,2
76884,2
76885,0
76886,2
76887,2
76888,2
76889,2
76890,2
76891,2
76892,2
76893,2
76894,2
76895,2
76896,2
76897,2
76898,2
76899,2
76900,2
76901,2
76902,2
76903,2
76904,2
76905,2
76906,2
76907,2
76908,2
76909,2
76910,2
76911,2
76912,2
76913,2
76914,2
76915,2
76916,2
76917,2
76918,2
76919,2
76920,2
76921,2
76922,2
76923,2
76924,2
76925,2
76926,2
76927,2
76928,2
76929,0
76930,2
76931,2
76932,2
76933,2
76934,2
76935,2
76936,2
76937,2
76938,2
76939,2
76940,2
76941,2
76942,2
76943,3
76944,3
76945,2
76946,2
76947,3
76948,3
76949,3
76950,2
76951,2
76952,2
76953,2
76954,2
76955,2
76956,2
76957,2
76958,2
76959,3
76960,2
76961,2
76962,2
76963,2
76964,2
76965,2
76966,2
76967,2
76968,0
76969,2
76970,2
76971,2
76972,2
76973,2
76974,2
76975,2
76976,2
76977,2
76978,2
76979,2
76980,2
76981,2
76982,2
76983,0
76984,2
76985,2
76986,2
76987,2
76988,2
76989,2
76990,2
76991,2
76992,2
76993,3
76994,2
76995,2
76996,0
76997,2
76998,3
76999,2
77000,2
77001,2
77002,2
77003,2
77004,2
77005,2
77006,2
77007,2
77008,3
77009,3
77010,2
77011,2
77012,2
77013,2
77014,2
77015,2
77016,2
77017,2
77018,2
77019,2
77020,2
77021,2
77022,2
77023,2
77024,2
77025,2
77026,2
77027,2
77028,3
77029,2
77030,2
77031,2
77032,2
77033,2
77034,2
77035,0
77036,0
77037,2
77038,2
77039,2
77040,2
77041,2
77042,2
77043,2
77044,2
77045,2
77046,2
77047,2
77048,2
77049,2
77050,2
77051,2
77052,2
77053,2
77054,2
77055,2
77056,2
77057,2
77058,2
77059,2
77060,2
77061,2
77062,1
77063,2
77064,2
77065,2
77066,2
77067,2
77068,2
77069,3
77070,2
77071,2
77072,2
77073,2
77074,2
77075,2
77076,3
77077,3
77078,4
77079,3
77080,3
77081,3
77082,3
77083,3
77084,2
77085,2
77086,2
77087,2
77088,3
77089,2
77090,3
77091,3
77092,2
77093,2
77094,3
77095,3
77096,3
77097,3
77098,4
77099,2
77100,2
77101,2
77102,2
77103,2
77104,3
77105,2
77106,2
77107,2
77108,2
77109,3
77110,2
77111,2
77112,3
77113,3
77114,3
77115,2
77116,2
77117,3
77118,2
77119,3
77120,3
77121,3
77122,3
77123,3
77124,3
77125,3
77126,3
77127,3
77128,3
77129,3
77130,3
77131,3
77132,3
77133,3
77134,3
77135,3
77136,2
77137,3
77138,2
77139,3
77140,2
77141,3
77142,3
77143,2
77144,2
77145,2
77146,2
77147,3
77148,2
77149,3
77150,2
77151,3
77152,3
77153,3
77154,3
77155,3
77156,3
77157,2
77158,3
77159,3
77160,3
77161,3
77162,3
77163,2
77164,3
77165,3
77166,3
77167,3
77168,2
77169,3
77170,3
77171,3
77172,3
77173,3
77174,3
77175,3
77176,2
77177,2
77178,3
77179,3
77180,3
77181,3
77182,2
77183,3
77184,3
77185,3
77186,3
77187,3
77188,3
77189,3
77190,3
77191,3
77192,3
77193,3
77194,3
77195,3
77196,3
77197,3
77198,3
77199,3
77200,3
77201,3
77202,3
77203,2
77204,2
77205,3
77206,3
77207,3
77208,3
77209,3
77210,3
77211,2
77212,3
77213,3
77214,3
77215,3
77216,3
77217,2
77218,3
77219,3
77220,3
77221,2
77222,3
77223,3
77224,3
77225,0
77226,3
77227,3
77228,3
77229,3
77230,3
77231,3
77232,3
77233,3
77234,3
77235,3
77236,3
77237,3
77238,2
77239,3
77240,2
77241,3
77242,2
77243,2
77244,2
77245,3
77246,3
77247,3
77248,3
77249,3
77250,3
77251,3
77252,3
77253,3
77254,3
77255,3
77256,2
77257,2
77258,2
77259,2
77260,3
77261,2
77262,2
77263,2
77264,2
77265,3
77266,3
77267,3
77268,3
77269,3
77270,3
77271,3
77272,3
77273,0
77274,3
77275,3
77276,3
77277,3
77278,3
77279,3
77280,2
77281,2
77282,3
77283,3
77284,3
77285,2
77286,3
77287,2
77288,3
77289,3
77290,3
77291,3
77292,3
77293,2
77294,3
77295,3
77296,3
77297,3
77298,2
77299,3
77300,3
77301,2
77302,3
77303,2
77304,3
77305,3
77306,2
77307,3
77308,3
77309,3
77310,3
77311,2
77312,3
77313,3
77314,3
77315,2
77316,2
77317,3
77318,2
77319,2
77320,3
77321,3
77322,3
77323,2
77324,3
77325,2
77326,2
77327,2
77328,3
77329,2
77330,2
77331,3
77332,2
77333,2
77334,2
77335,2
77336,0
77337,2
77338,2
77339,2
77340,2
77341,3
77342,3
77343,2
77344,2
77345,2
77346,2
77347,2
77348,3
77349,2
77350,2
77351,2
77352,2
77353,3
77354,2
77355,2
77356,2
77357,3
77358,2
77359,2
77360,2
77361,3
77362,2
77363,2
77364,2
77365,2
77366,2
77367,2
77368,2
77369,2
77370,2
77371,2
77372,2
77373,2
77374,2
77375,2
77376,2
77377,2
77378,2
77379,2
77380,2
77381,2
77382,2
77383,2
77384,2
77385,2
77386,2
77387,2
77388,2
77389,2
77390,2
77391,2
77392,2
77393,2
77394,2
77395,2
77396,2
77397,2
77398,2
77399,2
77400,2
77401,2
77402,3
77403,2
77404,3
77405,3
77406,2
77407,3
77408,2
77409,2
77410,2
77411,2
77412,2
77413,2
77414,2
77415,2
77416,2
77417,2
77418,2
77419,2
77420,2
77421,2
77422,2
77423,2
77424,2
77425,2
77426,2
77427,2
77428,2
77429,2
77430,2
77431,3
77432,3
77433,3
77434,3
77435,3
77436,3
77437,3
77438,3
77439,2
77440,3
77441,3
77442,2
77443,2
77444,3
77445,3
77446,3
77447,3
77448,2
77449,2
77450,3
77451,3
77452,2
77453,2
77454,2
77455,2
77456,2
77457,3
77458,2
77459,3
77460,2
77461,2
77462,2
77463,3
77464,3
77465,3
77466,3
77467,3
77468,2
77469,2
77470,2
77471,2
77472,3
77473,3
77474,3
77475,2
77476,2
77477,2
77478,2
77479,2
77480,2
77481,2
77482,2
77483,2
77484,3
77485,3
77486,3
77487,2
77488,3
77489,3
77490,3
77491,2
77492,2
77493,2
77494,3
77495,3
77496,2
77497,3
77498,3
77499,3
77500,3
77501,2
77502,2
77503,3
77504,2
77505,2
77506,2
77507,2
77508,2
77509,2
77510,2
77511,2
77512,2
77513,2
77514,2
77515,2
77516,3
77517,3
77518,3
77519,3
77520,2
77521,2
77522,2
77523,2
77524,2
77525,2
77526,2
77527,2
77528,2
77529,2
77530,2
77531,2
77532,2
77533,2
77534,2
77535,2
77536,2
77537,2
77538,2
77539,2
77540,2
77541,2
77542,2
77543,3
77544,3
77545,2
77546,3
77547,2
77548,3
77549,3
77550,2
77551,2
77552,2
77553,2
77554,2
77555,3
77556,3
77557,3
77558,3
77559,2
77560,2
77561,2
77562,2
77563,2
77564,2
77565,3
77566,2
77567,2
77568,2
77569,3
77570,3
77571,3
77572,2
77573,2
77574,3
77575,2
77576,2
77577,3
77578,3
77579,3
77580,2
77581,2
77582,3
77583,3
77584,3
77585,3
77586,3
77587,2
77588,3
77589,2
77590,2
77591,2
77592,3
77593,2
77594,2
77595,3
77596,3
77597,3
77598,2
77599,2
77600,2
77601,2
77602,2
77603,3
77604,3
77605,3
77606,3
77607,2
77608,2
77609,3
77610,3
77611,3
77612,3
77613,3
77614,2
77615,2
77616,2
77617,3
77618,3
77619,3
77620,3
77621,3
77622,2
77623,2
77624,2
77625,3
77626,2
77627,2
77628,2
77629,2
77630,3
77631,2
77632,2
77633,2
77634,2
77635,3
77636,3
77637,3
77638,3
77639,3
77640,3
77641,2
77642,2
77643,2
77644,2
77645,3
77646,3
77647,3
77648,3
77649,2
77650,2
77651,3
77652,3
77653,3
77654,3
77655,3
77656,3
77657,3
77658,3
77659,2
77660,3
77661,3
77662,3
77663,3
77664,3
77665,2
77666,2
77667,3
77668,3
77669,3
77670,2
77671,2
77672,3
77673,3
77674,3
77675,2
77676,2
77677,3
77678,3
77679,3
77680,3
77681,3
77682,2
77683,3
77684,3
77685,2
77686,2
77687,3
77688,1
77689,1
77690,3
77691,3
77692,1
77693,1
77694,1
77695,3
77696,3
77697,2
77698,2
77699,3
77700,3
77701,3
77702,1
77703,3
77704,1
77705,0
77706,3
77707,0
77708,2
77709,0
77710,2
77711,2
77712,2
77713,3
77714,2
77715,1
77716,3
77717,3
77718,1
77719,1
77720,3
77721,3
77722,3
77723,2
77724,2
77725,3
77726,3
77727,3
77728,3
77729,3
77730,3
77731,3
77732,3
77733,3
77734,3
77735,3
77736,3
77737,3
77738,3
77739,2
77740,4
77741,3
77742,3
77743,2
77744,2
77745,2
77746,3
77747,3
77748,3
77749,1
77750,3
77751,3
77752,3
77753,3
77754,3
77755,3
77756,1
77757,3
77758,1
77759,3
77760,1
77761,1
77762,1
77763,3
77764,1
77765,3
77766,3
77767,3
77768,1
77769,1
77770,1
77771,1
77772,1
77773,1
77774,1
77775,2
77776,2
77777,1
77778,1
77779,1
77780,3
77781,1
77782,3
77783,1
77784,1
77785,0
77786,1
77787,1
77788,1
77789,1
77790,1
77791,3
77792,3
77793,3
77794,4
77795,3
77796,1
77797,3
77798,1
77799,3
77800,1
77801,3
77802,1
77803,1
77804,1
77805,1
77806,1
77807,1
77808,1
77809,1
77810,1
77811,1
77812,1
77813,1
77814,1
77815,1
77816,1
77817,1
77818,1
77819,1
77820,1
77821,1
77822,1
77823,1
77824,3
77825,3
77826,2
77827,1
77828,3
77829,4
77830,1
77831,3
77832,3
77833,3
77834,1
77835,1
77836,1
77837,1
77838,1
77839,1
77840,3
77841,3
77842,3
77843,3
77844,3
77845,3
77846,3
77847,3
77848,3
77849,3
77850,1
77851,3
77852,1
77853,3
77854,2
77855,3
77856,3
77857,2
77858,2
77859,2
77860,3
77861,2
77862,2
77863,2
77864,2
77865,3
77866,0
77867,1
77868,3
77869,3
77870,3
77871,1
77872,3
77873,2
77874,2
77875,2
77876,2
77877,2
77878,2
77879,2
77880,3
77881,2
77882,0
77883,3
77884,3
77885,2
77886,3
77887,3
77888,2
77889,3
77890,2
77891,2
77892,2
77893,3
77894,1
77895,1
77896,3
77897,1
77898,1
77899,3
77900,3
77901,3
77902,3
77903,3
77904,3
77905,3
77906,4
77907,2
77908,3
77909,3
77910,2
77911,2
77912,3
77913,1
77914,3
77915,0
77916,3
77917,3
77918,3
77919,2
77920,3
77921,2
77922,3
77923,1
77924,3
77925,3
77926,3
77927,3
77928,2
77929,3
77930,2
77931,2
77932,3
77933,3
77934,3
77935,3
77936,3
77937,2
77938,3
77939,3
77940,3
77941,3
77942,3
77943,3
77944,3
77945,3
77946,3
77947,2
77948,3
77949,3
77950,1
77951,1
77952,3
77953,1
77954,3
77955,1
77956,1
77957,1
77958,3
77959,3
77960,3
77961,1
77962,1
77963,1
77964,1
77965,1
77966,1
77967,3
77968,2
77969,2
77970,3
77971,3
77972,2
77973,3
77974,2
77975,2
77976,3
77977,3
77978,0
77979,2
77980,2
77981,3
77982,2
77983,2
77984,2
77985,3
77986,2
77987,2
77988,2
77989,2
77990,2
77991,3
77992,3
77993,3
77994,3
77995,2
77996,2
77997,3
77998,3
77999,3
78000,2
78001,3
78002,2
78003,3
78004,3
78005,3
78006,3
78007,1
78008,3
78009,3
78010,3
78011,3
78012,3
78013,2
78014,3
78015,3
78016,3
78017,3
78018,3
78019,3
78020,2
78021,3
78022,3
78023,3
78024,3
78025,3
78026,3
78027,2
78028,2
78029,2
78030,2
78031,3
78032,3
78033,3
78034,2
78035,2
78036,2
78037,3
78038,3
78039,3
78040,1
78041,1
78042,1
78043,1
78044,3
78045,3
78046,3
78047,3
78048,3
78049,2
78050,3
78051,3
78052,3
78053,2
78054,2
78055,3
78056,3
78057,3
78058,2
78059,3
78060,3
78061,3
78062,3
78063,3
78064,3
78065,3
78066,3
78067,3
78068,3
78069,1
78070,1
78071,1
78072,3
78073,3
78074,3
78075,1
78076,1
78077,3
78078,2
78079,2
78080,2
78081,2
78082,2
78083,2
78084,2
78085,3
78086,3
78087,2
78088,3
78089,3
78090,2
78091,2
78092,2
78093,2
78094,2
78095,2
78096,3
78097,2
78098,3
78099,3
78100,2
78101,2
78102,2
78103,3
78104,2
78105,2
78106,2
78107,2
78108,2
78109,2
78110,2
78111,2
78112,2
78113,2
78114,2
78115,2
78116,2
78117,2
78118,2
78119,2
78120,2
78121,2
78122,3
78123,3
78124,3
78125,2
78126,3
78127,3
78128,2
78129,3
78130,2
78131,3
78132,2
78133,2
78134,2
78135,2
78136,2
78137,2
78138,2
78139,3
78140,3
78141,3
78142,3
78143,3
78144,3
78145,1
78146,1
78147,1
78148,1
78149,1
78150,1
78151,2
78152,2
78153,3
78154,2
78155,2
78156,2
78157,2
78158,3
78159,0
78160,3
78161,2
78162,3
78163,2
78164,3
78165,3
78166,3
78167,3
78168,2
78169,3
78170,2
78171,2
78172,2
78173,3
78174,3
78175,3
78176,3
78177,3
78178,2
78179,3
78180,3
78181,3
78182,0
78183,3
78184,3
78185,3
78186,2
78187,2
78188,3
78189,3
78190,3
78191,3
78192,3
78193,3
78194,3
78195,3
78196,3
78197,3
78198,3
78199,2
78200,2
78201,3
78202,2
78203,3
78204,3
78205,3
78206,3
78207,2
78208,2
78209,2
78210,2
78211,2
78212,2
78213,3
78214,2
78215,3
78216,2
78217,2
78218,3
78219,3
78220,3
78221,3
78222,2
78223,3
78224,3
78225,2
78226,3
78227,3
78228,0
78229,2
78230,3
78231,3
78232,3
78233,3
78234,3
78235,3
78236,2
78237,3
78238,2
78239,3
78240,3
78241,3
78242,3
78243,2
78244,3
78245,2
78246,3
78247,3
78248,3
78249,3
78250,3
78251,3
78252,3
78253,2
78254,2
78255,2
78256,3
78257,1
78258,1
78259,1
78260,3
78261,2
78262,2
78263,3
78264,2
78265,3
78266,3
78267,3
78268,3
78269,3
78270,3
78271,2
78272,3
78273,3
78274,3
78275,3
78276,3
78277,2
78278,2
78279,2
78280,3
78281,2
78282,3
78283,3
78284,3
78285,3
78286,3
78287,3
78288,2
78289,3
78290,3
78291,2
78292,3
78293,3
78294,3
78295,3
78296,3
78297,2
78298,2
78299,3
78300,3
78301,3
78302,3
78303,3
78304,0
78305,0
78306,3
78307,2
78308,2
78309,3
78310,3
78311,3
78312,2
78313,2
78314,2
78315,3
78316,1
78317,1
78318,1
78319,3
78320,3
78321,3
78322,2
78323,3
78324,3
78325,3
78326,3
78327,3
78328,3
78329,3
78330,3
78331,3
78332,3
78333,3
78334,2
78335,2
78336,3
78337,3
78338,3
78339,3
78340,3
78341,3
78342,3
78343,1
78344,2
78345,3
78346,3
78347,3
78348,3
78349,3
78350,3
78351,3
78352,3
78353,3
78354,3
78355,3
78356,3
78357,3
78358,3
78359,3
78360,1
78361,1
78362,3
78363,1
78364,3
78365,1
78366,1
78367,3
78368,3
78369,3
78370,3
78371,3
78372,3
78373,2
78374,2
78375,0
78376,3
78377,2
78378,3
78379,2
78380,2
78381,2
78382,2
78383,2
78384,2
78385,2
78386,2
78387,3
78388,3
78389,3
78390,3
78391,3
78392,3
78393,2
78394,2
78395,3
78396,3
78397,3
78398,3
78399,3
78400,3
78401,3
78402,3
78403,3
78404,3
78405,2
78406,2
78407,3
78408,3
78409,3
78410,2
78411,3
78412,3
78413,3
78414,3
78415,3
78416,3
78417,2
78418,1
78419,3
78420,1
78421,3
78422,3
78423,3
78424,3
78425,3
78426,3
78427,3
78428,3
78429,3
78430,2
78431,3
78432,3
78433,2
78434,2
78435,3
78436,3
78437,2
78438,2
78439,3
78440,3
78441,3
78442,3
78443,3
78444,3
78445,3
78446,3
78447,3
78448,2
78449,3
78450,2
78451,2
78452,3
78453,3
78454,3
78455,2
78456,3
78457,3
78458,3
78459,2
78460,3
78461,2
78462,2
78463,2
78464,3
78465,3
78466,3
78467,3
78468,3
78469,3
78470,3
78471,3
78472,2
78473,2
78474,2
78475,3
78476,3
78477,2
78478,2
78479,3
78480,3
78481,2
78482,3
78483,2
78484,2
78485,2
78486,3
78487,2
78488,3
78489,3
78490,3
78491,3
78492,3
78493,3
78494,3
78495,3
78496,3
78497,3
78498,3
78499,3
78500,3
78501,3
78502,2
78503,3
78504,3
78505,3
78506,1
78507,1
78508,1
78509,1
78510,1
78511,3
78512,3
78513,3
78514,3
78515,3
78516,3
78517,3
78518,3
78519,3
78520,3
78521,2
78522,2
78523,3
78524,3
78525,3
78526,3
78527,3
78528,3
78529,3
78530,3
78531,3
78532,1
78533,3
78534,3
78535,3
78536,3
78537,3
78538,2
78539,2
78540,1
78541,2
78542,3
78543,2
78544,3
78545,3
78546,3
78547,2
78548,3
78549,2
78550,2
78551,2
78552,3
78553,3
78554,2
78555,3
78556,3
78557,2
78558,2
78559,2
78560,2
78561,2
78562,2
78563,3
78564,2
78565,2
78566,2
78567,3
78568,3
78569,3
78570,3
78571,3
78572,3
78573,2
78574,2
78575,3
78576,3
78577,2
78578,3
78579,2
78580,2
78581,2
78582,2
78583,2
78584,2
78585,3
78586,3
78587,2
78588,2
78589,2
78590,3
78591,2
78592,2
78593,3
78594,3
78595,2
78596,3
78597,3
78598,3
78599,2
78600,2
78601,3
78602,2
78603,3
78604,2
78605,2
78606,2
78607,2
78608,2
78609,3
78610,3
78611,2
78612,3
78613,2
78614,2
78615,2
78616,2
78617,2
78618,2
78619,2
78620,2
78621,3
78622,3
78623,3
78624,3
78625,2
78626,2
78627,3
78628,3
78629,3
78630,2
78631,3
78632,2
78633,2
78634,2
78635,2
78636,2
78637,3
78638,2
78639,2
78640,3
78641,2
78642,2
78643,3
78644,2
78645,2
78646,3
78647,2
78648,2
78649,2
78650,3
78651,3
78652,3
78653,3
78654,3
78655,3
78656,3
78657,3
78658,3
78659,3
78660,3
78661,3
78662,2
78663,2
78664,3
78665,2
78666,3
78667,3
78668,3
78669,3
78670,3
78671,3
78672,3
78673,2
78674,2
78675,3
78676,3
78677,3
78678,1
78679,1
78680,1
78681,1
78682,1
78683,1
78684,1
78685,3
78686,3
78687,3
78688,3
78689,3
78690,3
78691,3
78692,2
78693,3
78694,3
78695,3
78696,2
78697,2
78698,3
78699,3
78700,3
78701,3
78702,4
78703,3
78704,3
78705,3
78706,3
78707,3
78708,3
78709,3
78710,1
78711,3
78712,3
78713,3
78714,3
78715,2
78716,3
78717,3
78718,3
78719,3
78720,3
78721,3
78722,3
78723,3
78724,3
78725,3
78726,3
78727,3
78728,3
78729,3
78730,3
78731,2
78732,3
78733,3
78734,3
78735,3
78736,2
78737,2
78738,1
78739,3
78740,1
78741,1
78742,1
78743,1
78744,1
78745,3
78746,3
78747,1
78748,1
78749,3
78750,1
78751,3
78752,3
78753,3
78754,3
78755,3
78756,3
78757,3
78758,0
78759,1
78760,1
78761,1
78762,1
78763,3
78764,3
78765,0
78766,2
78767,3
78768,2
78769,0
78770,0
78771,3
78772,3
78773,3
78774,3
78775,0
78776,0
78777,3
78778,2
78779,2
78780,2
78781,2
78782,3
78783,3
78784,3
78785,2
78786,2
78787,2
78788,2
78789,3
78790,3
78791,3
78792,3
78793,3
78794,3
78795,2
78796,2
78797,3
78798,2
78799,3
78800,3
78801,2
78802,3
78803,3
78804,2
78805,3
78806,3
78807,2
78808,2
78809,2
78810,2
78811,3
78812,3
78813,3
78814,3
78815,3
78816,3
78817,3
78818,2
78819,2
78820,2
78821,2
78822,2
78823,2
78824,2
78825,3
78826,3
78827,3
78828,3
78829,3
78830,3
78831,2
78832,3
78833,2
78834,0
78835,0
78836,2
78837,3
78838,2
78839,3
78840,3
78841,2
78842,2
78843,3
78844,2
78845,2
78846,0
78847,2
78848,3
78849,3
78850,3
78851,3
78852,3
78853,0
78854,3
78855,3
78856,3
78857,0
78858,2
78859,3
78860,3
78861,3
78862,3
78863,3
78864,3
78865,3
78866,3
78867,2
78868,2
78869,2
78870,3
78871,3
78872,3
78873,2
78874,2
78875,2
78876,3
78877,2
78878,0
78879,3
78880,3
78881,3
78882,3
78883,3
78884,2
78885,2
78886,3
78887,2
78888,2
78889,2
78890,3
78891,2
78892,3
78893,3
78894,3
78895,2
78896,2
78897,2
78898,0
78899,3
78900,3
78901,3
78902,3
78903,3
78904,3
78905,3
78906,3
78907,3
78908,3
78909,3
78910,3
78911,3
78912,3
78913,3
78914,3
78915,3
78916,2
78917,2
78918,3
78919,3
78920,3
78921,3
78922,3
78923,3
78924,3
78925,3
78926,3
78927,2
78928,3
78929,2
78930,3
78931,3
78932,3
78933,1
78934,3
78935,2
78936,3
78937,2
78938,3
78939,2
78940,3
78941,2
78942,3
78943,3
78944,3
78945,3
78946,2
78947,2
78948,3
78949,3
78950,3
78951,3
78952,3
78953,3
78954,3
78955,3
78956,3
78957,3
78958,3
78959,3
78960,3
78961,3
78962,3
78963,3
78964,2
78965,0
78966,3
78967,3
78968,3
78969,3
78970,3
78971,3
78972,3
78973,3
78974,3
78975,3
78976,3
78977,3
78978,3
78979,3
78980,3
78981,3
78982,3
78983,3
78984,2
78985,3
78986,2
78987,2
78988,3
78989,3
78990,3
78991,3
78992,3
78993,3
78994,3
78995,3
78996,3
78997,2
78998,3
78999,3
79000,3
79001,3
79002,3
79003,3
79004,3
79005,3
79006,3
79007,3
79008,3
79009,3
79010,2
79011,3
79012,3
79013,3
79014,3
79015,3
79016,3
79017,3
79018,3
79019,3
79020,3
79021,3
79022,2
79023,3
79024,3
79025,3
79026,3
79027,3
79028,3
79029,3
79030,3
79031,2
79032,2
79033,3
79034,3
79035,3
79036,3
79037,3
79038,3
79039,3
79040,3
79041,2
79042,2
79043,3
79044,3
79045,3
79046,3
79047,1
79048,1
79049,3
79050,1
79051,1
79052,2
79053,3
79054,0
79055,3
79056,3
79057,3
79058,1
79059,3
79060,1
79061,3
79062,1
79063,1
79064,1
79065,1
79066,1
79067,3
79068,3
79069,1
79070,1
79071,1
79072,1
79073,1
79074,1
79075,1
79076,1
79077,1
79078,3
79079,3
79080,3
79081,2
79082,2
79083,2
79084,2
79085,3
79086,3
79087,2
79088,3
79089,3
79090,3
79091,3
79092,3
79093,3
79094,3
79095,2
79096,2
79097,3
79098,3
79099,2
79100,2
79101,3
79102,3
79103,3
79104,3
79105,3
79106,3
79107,3
79108,3
79109,2
79110,2
79111,2
79112,3
79113,3
79114,3
79115,2
79116,2
79117,2
79118,2
79119,2
79120,2
79121,2
79122,2
79123,2
79124,2
79125,3
79126,3
79127,3
79128,3
79129,2
79130,3
79131,3
79132,3
79133,3
79134,3
79135,3
79136,2
79137,2
79138,2
79139,2
79140,2
79141,0
79142,2
79143,3
79144,2
79145,2
79146,2
79147,2
79148,2
79149,3
79150,2
79151,3
79152,3
79153,2
79154,3
79155,3
79156,3
79157,3
79158,4
79159,0
79160,3
79161,3
79162,3
79163,3
79164,3
79165,0
79166,3
79167,2
79168,3
79169,0
79170,3
79171,3
79172,3
79173,1
79174,1
79175,3
79176,2
79177,4
79178,3
79179,0
79180,3
79181,3
79182,3
79183,2
79184,4
79185,3
79186,3
79187,4
79188,3
79189,2
79190,4
79191,4
79192,4
79193,1
79194,2
79195,2
79196,3
79197,2
79198,3
79199,3
79200,3
79201,3
79202,3
79203,3
79204,2
79205,2
79206,2
79207,2
79208,3
79209,3
79210,3
79211,3
79212,3
79213,0
79214,3
79215,3
79216,0
79217,3
79218,2
79219,3
79220,3
79221,2
79222,2
79223,2
79224,3
79225,3
79226,2
79227,2
79228,3
79229,2
79230,3
79231,3
79232,3
79233,2
79234,2
79235,2
79236,3
79237,3
79238,2
79239,3
79240,2
79241,2
79242,2
79243,2
79244,2
79245,2
79246,2
79247,2
79248,2
79249,3
79250,2
79251,1
79252,1
79253,1
79254,2
79255,3
79256,3
79257,3
79258,3
79259,3
79260,1
79261,2
79262,3
79263,1
79264,1
79265,3
79266,3
79267,3
79268,2
79269,2
79270,3
79271,3
79272,2
79273,2
79274,2
79275,2
79276,3
79277,3
79278,3
79279,2
79280,3
79281,2
79282,3
79283,0
79284,3
79285,2
79286,3
79287,3
79288,3
79289,2
79290,3
79291,3
79292,1
79293,0
79294,3
79295,3
79296,2
79297,2
79298,0
79299,3
79300,0
79301,3
79302,0
79303,1
79304,2
79305,3
79306,2
79307,3
79308,2
79309,2
79310,0
79311,2
79312,2
79313,2
79314,2
79315,2
79316,0
79317,0
79318,1
79319,1
79320,3
79321,3
79322,1
79323,1
79324,1
79325,1
79326,1
79327,1
79328,1
79329,1
79330,1
79331,1
79332,1
79333,1
79334,1
79335,1
79336,1
79337,1
79338,1
79339,1
79340,1
79341,1
79342,1
79343,1
79344,1
79345,1
79346,1
79347,1
79348,1
79349,3
79350,3
79351,3
79352,3
79353,3
79354,3
79355,3
79356,3
79357,3
79358,3
79359,3
79360,3
79361,3
79362,3
79363,3
79364,1
79365,1
79366,3
79367,3
79368,3
79369,3
79370,3
79371,3
79372,1
79373,1
79374,1
79375,3
79376,3
79377,3
79378,3
79379,3
79380,3
79381,3
79382,3
79383,3
79384,3
79385,3
79386,3
79387,3
79388,3
79389,3
79390,3
79391,3
79392,3
79393,3
79394,3
79395,3
79396,3
79397,3
79398,3
79399,3
79400,3
79401,3
79402,3
79403,3
79404,3
79405,3
79406,3
79407,3
79408,3
79409,3
79410,3
79411,1
79412,1
79413,3
79414,3
79415,3
79416,3
79417,3
79418,3
79419,3
79420,3
79421,0
79422,1
79423,0
79424,3
79425,3
79426,3
79427,3
79428,3
79429,3
79430,3
79431,3
79432,3
79433,3
79434,3
79435,1
79436,3
79437,3
79438,3
79439,3
79440,3
79441,1
79442,3
79443,3
79444,3
79445,3
79446,3
79447,3
79448,3
79449,3
79450,3
79451,3
79452,3
79453,3
79454,3
79455,3
79456,3
79457,0
79458,1
79459,3
79460,3
79461,1
79462,0
79463,3
79464,1
79465,1
79466,1
79467,1
79468,3
79469,3
79470,3
79471,1
79472,3
79473,1
79474,3
79475,3
79476,3
79477,0
79478,3
79479,3
79480,3
79481,1
79482,3
79483,3
79484,0
79485,0
79486,0
79487,0
79488,3
79489,3
79490,3
79491,3
79492,3
79493,3
79494,3
79495,3
79496,3
79497,3
79498,3
79499,3
79500,3
79501,3
79502,3
79503,3
79504,3
79505,3
79506,3
79507,0
79508,0
79509,3
79510,3
79511,3
79512,0
79513,3
79514,0
79515,0
79516,3
79517,3
79518,3
79519,0
79520,3
79521,3
79522,3
79523,0
79524,3
79525,3
79526,3
79527,3
79528,3
79529,0
79530,3
79531,3
79532,3
79533,3
79534,3
79535,3
79536,0
79537,3
79538,3
79539,3
79540,3
79541,3
79542,3
79543,3
79544,3
79545,3
79546,3
79547,3
79548,3
79549,3
79550,3
79551,3
79552,3
79553,3
79554,2
79555,3
79556,3
79557,0
79558,3
79559,0
79560,0
79561,0
79562,0
79563,3
79564,3
79565,3
79566,3
79567,3
79568,3
79569,3
79570,3
79571,3
79572,3
79573,3
79574,3
79575,3
79576,3
79577,3
79578,3
79579,2
79580,2
79581,3
79582,3
79583,3
79584,3
79585,3
79586,3
79587,3
79588,3
79589,3
79590,3
79591,3
79592,3
79593,3
79594,3
79595,3
79596,0
79597,0
79598,2
79599,3
79600,0
79601,0
79602,0
79603,0
79604,0
79605,0
79606,0
79607,3
79608,0
79609,3
79610,3
79611,0
79612,0
79613,0
79614,0
79615,0
79616,3
79617,3
79618,3
79619,3
79620,3
79621,3
79622,3
79623,3
79624,3
79625,3
79626,3
79627,3
79628,3
79629,3
79630,3
79631,3
79632,3
79633,3
79634,3
79635,3
79636,3
79637,3
79638,0
79639,3
79640,3
79641,3
79642,1
79643,1
79644,1
79645,1
79646,1
79647,1
79648,1
79649,1
79650,1
79651,1
79652,1
79653,3
79654,3
79655,1
79656,1
79657,1
79658,1
79659,1
79660,1
79661,0
79662,0
79663,3
79664,3
79665,3
79666,0
79667,0
79668,0
79669,2
79670,0
79671,0
79672,3
79673,1
79674,2
79675,0
79676,3
79677,1
79678,1
79679,1
79680,2
79681,3
79682,3
79683,3
79684,0
79685,3
79686,3
79687,1
79688,1
79689,0
79690,0
79691,3
79692,2
79693,3
79694,0
79695,2
79696,0
79697,3
79698,2
79699,4
79700,2
79701,0
79702,1
79703,0
79704,2
79705,0
79706,2
79707,2
79708,2
79709,2
79710,2
79711,2
79712,1
79713,1
79714,0
79715,2
79716,1
79717,1
79718,1
79719,1
79720,0
79721,0
79722,3
79723,3
79724,3
79725,4
79726,2
79727,2
79728,3
79729,1
79730,1
79731,0
79732,1
79733,1
79734,1
79735,1
79736,1
79737,1
79738,1
79739,1
79740,1
79741,1
79742,0
79743,2
79744,2
79745,0
79746,0
79747,0
79748,2
79749,0
79750,2
79751,0
79752,3
79753,1
79754,1
79755,1
79756,1
79757,1
79758,1
79759,1
79760,1
79761,1
79762,1
79763,1
79764,1
79765,2
79766,1
79767,1
79768,0
79769,1
79770,1
79771,1
79772,1
79773,2
79774,1
79775,2
79776,0
79777,1
79778,1
79779,1
79780,2
79781,1
79782,3
79783,1
79784,1
79785,2
79786,3
79787,2
79788,3
79789,3
79790,1
79791,3
79792,3
79793,1
79794,1
79795,1
79796,1
79797,1
79798,1
79799,1
79800,0
79801,1
79802,1
79803,1
79804,0
79805,1
79806,1
79807,1
79808,1
79809,1
79810,2
79811,0
79812,2
79813,1
79814,1
79815,3
79816,1
79817,2
79818,1
79819,2
79820,3
79821,1
79822,2
79823,3
79824,3
79825,2
79826,3
79827,3
79828,3
79829,1
79830,1
79831,1
79832,1
79833,1
79834,1
79835,1
79836,1
79837,1
79838,1
79839,1
79840,1
79841,1
79842,1
79843,1
79844,1
79845,2
79846,2
79847,2
79848,0
79849,0
79850,0
79851,1
79852,1
79853,1
79854,1
79855,1
79856,2
79857,2
79858,3
79859,2
79860,1
79861,2
79862,1
79863,1
79864,0
79865,0
79866,1
79867,1
79868,1
79869,1
79870,0
79871,0
79872,0
79873,3
79874,2
79875,0
79876,2
79877,0
79878,0
79879,2
79880,1
79881,0
79882,0
79883,0
79884,2
79885,0
79886,2
79887,3
79888,0
79889,0
79890,0
79891,2
79892,0
79893,2
79894,0
79895,2
79896,2
79897,3
79898,0
79899,2
79900,1
79901,1
79902,3
79903,2
79904,0
79905,1
79906,0
79907,1
79908,1
79909,0
79910,1
79911,1
79912,3
79913,0
79914,0
79915,0
79916,0
79917,0
79918,3
79919,3
79920,3
79921,0
79922,0
79923,0
79924,2
79925,2
79926,2
79927,3
79928,2
79929,2
79930,2
79931,2
79932,2
79933,2
79934,2
79935,2
79936,2
79937,2
79938,2
79939,2
79940,3
79941,0
79942,2
79943,1
79944,3
79945,0
79946,2
79947,2
79948,2
79949,2
79950,0
79951,2
79952,0
79953,0
79954,0
79955,2
79956,2
79957,0
79958,2
79959,2
79960,2
79961,3
79962,2
79963,2
79964,2
79965,2
79966,2
79967,2
79968,2
79969,2
79970,2
79971,3
79972,2
79973,0
79974,2
79975,2
79976,2
79977,2
79978,2
79979,0
79980,0
79981,0
79982,0
79983,0
79984,3
79985,0
79986,2
79987,0
79988,0
79989,2
79990,2
79991,3
79992,2
79993,2
79994,2
79995,2
79996,0
79997,2
79998,2
79999,2
80000,2
80001,2
80002,2
80003,2
80004,2
80005,1
80006,1
80007,1
80008,2
80009,2
80010,2
80011,3
80012,2
80013,3
80014,0
80015,1
80016,1
80017,1
80018,1
80019,1
80020,3
80021,2
80022,0
80023,2
80024,2
80025,2
80026,0
80027,2
80028,2
80029,2
80030,0
80031,2
80032,2
80033,2
80034,3
80035,0
80036,0
80037,2
80038,2
80039,0
80040,2
80041,2
80042,2
80043,2
80044,3
80045,2
80046,2
80047,2
80048,3
80049,2
80050,2
80051,2
80052,2
80053,3
80054,2
80055,3
80056,3
80057,3
80058,2
80059,3
80060,2
80061,3
80062,3
80063,2
80064,2
80065,1
80066,1
80067,1
80068,1
80069,1
80070,1
80071,0
80072,3
80073,3
80074,3
80075,2
80076,2
80077,2
80078,2
80079,0
80080,2
80081,3
80082,2
80083,0
80084,2
80085,2
80086,2
80087,2
80088,2
80089,2
80090,2
80091,2
80092,2
80093,2
80094,2
80095,2
80096,0
80097,0
80098,1
80099,2
80100,0
80101,2
80102,3
80103,0
80104,2
80105,2
80106,0
80107,2
80108,2
80109,3
80110,3
80111,2
80112,2
80113,2
80114,3
80115,3
80116,3
80117,0
80118,0
80119,3
80120,1
80121,3
80122,3
80123,3
80124,0
80125,3
80126,3
80127,3
80128,2
80129,2
80130,3
80131,3
80132,3
80133,3
80134,3
80135,2
80136,2
80137,2
80138,3
80139,1
80140,2
80141,3
80142,3
80143,2
80144,1
80145,3
80146,3
80147,3
80148,0
80149,0
80150,3
80151,3
80152,3
80153,2
80154,3
80155,3
80156,1
80157,3
80158,3
80159,3
80160,3
80161,1
80162,3
80163,3
80164,1
80165,3
80166,3
80167,3
80168,1
80169,0
80170,3
80171,1
80172,2
80173,3
80174,3
80175,3
80176,0
80177,1
80178,3
80179,3
80180,3
80181,1
80182,3
80183,3
80184,3
80185,3
80186,3
80187,3
80188,3
80189,1
80190,3
80191,3
80192,3
80193,3
80194,3
80195,3
80196,3
80197,3
80198,0
80199,0
80200,0
80201,0
80202,0
80203,0
80204,0
80205,1
80206,0
80207,0
80208,2
80209,2
80210,3
80211,0
80212,0
80213,3
80214,3
80215,2
80216,2
80217,3
80218,3
80219,1
80220,1
80221,3
80222,3
80223,0
80224,0
80225,0
80226,0
80227,3
80228,0
80229,0
80230,0
80231,0
80232,0
80233,0
80234,0
80235,0
80236,0
80237,0
80238,0
80239,0
80240,0
80241,0
80242,3
80243,0
80244,0
80245,0
80246,0
80247,0
80248,2
80249,0
80250,3
80251,0
80252,0
80253,0
80254,0
80255,0
80256,0
80257,0
80258,0
80259,1
80260,0
80261,2
80262,2
80263,0
80264,3
80265,2
80266,0
80267,2
80268,0
80269,0
80270,0
80271,3
80272,3
80273,0
80274,0
80275,0
80276,0
80277,3
80278,3
80279,3
80280,3
80281,3
80282,3
80283,3
80284,0
80285,3
80286,3
80287,0
80288,0
80289,3
80290,2
80291,0
80292,2
80293,2
80294,0
80295,2
80296,3
80297,2
80298,3
80299,1
80300,3
80301,3
80302,3
80303,0
80304,2
80305,0
80306,0
80307,0
80308,3
80309,3
80310,0
80311,0
80312,3
80313,3
80314,0
80315,0
80316,0
80317,0
80318,2
80319,0
80320,0
80321,0
80322,2
80323,0
80324,0
80325,0
80326,0
80327,0
80328,2
80329,2
80330,2
80331,2
80332,0
80333,1
80334,0
80335,2
80336,0
80337,3
80338,0
80339,1
80340,1
80341,1
80342,1
80343,1
80344,1
80345,1
80346,3
80347,0
80348,3
80349,3
80350,3
80351,3
80352,3
80353,1
80354,1
80355,1
80356,1
80357,1
80358,1
80359,3
80360,0
80361,3
80362,2
80363,0
80364,2
80365,0
80366,3
80367,1
80368,3
80369,1
80370,0
80371,3
80372,3
80373,0
80374,3
80375,3
80376,2
80377,3
80378,2
80379,3
80380,0
80381,0
80382,0
80383,0
80384,0
80385,0
80386,0
80387,0
80388,0
80389,0
80390,0
80391,0
80392,0
80393,0
80394,3
80395,0
80396,3
80397,1
80398,3
80399,3
80400,3
80401,3
80402,3
80403,3
80404,1
80405,2
80406,2
80407,1
80408,3
80409,3
80410,3
80411,3
80412,3
80413,3
80414,3
80415,3
80416,3
80417,3
80418,3
80419,3
80420,3
80421,1
80422,3
80423,3
80424,1
80425,3
80426,0
80427,0
80428,0
80429,0
80430,2
80431,2
80432,3
80433,0
80434,3
80435,0
80436,3
80437,0
80438,3
80439,0
80440,3
80441,3
80442,3
80443,0
80444,0
80445,2
80446,0
80447,2
80448,2
80449,2
80450,2
80451,2
80452,2
80453,2
80454,2
80455,2
80456,2
80457,2
80458,0
80459,0
80460,0
80461,0
80462,0
80463,0
80464,0
80465,2
80466,0
80467,0
80468,0
80469,0
80470,0
80471,0
80472,0
80473,0
80474,0
80475,0
80476,0
80477,0
80478,0
80479,0
80480,0
80481,0
80482,0
80483,0
80484,0
80485,0
80486,0
80487,0
80488,0
80489,0
80490,0
80491,0
80492,0
80493,0
80494,0
80495,0
80496,0
80497,0
80498,0
80499,3
80500,2
80501,2
80502,0
80503,2
80504,2
80505,1
80506,1
80507,1
80508,1
80509,1
80510,1
80511,0
80512,0
80513,0
80514,0
80515,0
80516,0
80517,0
80518,0
80519,0
80520,0
80521,0
80522,0
80523,0
80524,0
80525,0
80526,0
80527,2
80528,0
80529,0
80530,0
80531,0
80532,2
80533,2
80534,0
80535,3
80536,3
80537,3
80538,0
80539,2
80540,0
80541,0
80542,0
80543,2
80544,0
80545,0
80546,2
80547,2
80548,0
80549,2
80550,2
80551,0
80552,0
80553,0
80554,0
80555,0
80556,0
80557,0
80558,2
80559,0
80560,0
80561,2
80562,2
80563,2
80564,2
80565,0
80566,0
80567,0
80568,2
80569,2
80570,0
80571,0
80572,0
80573,0
80574,3
80575,0
80576,0
80577,0
80578,0
80579,2
80580,0
80581,0
80582,2
80583,0
80584,0
80585,0
80586,0
80587,0
80588,2
80589,0
80590,0
80591,0
80592,2
80593,2
80594,2
80595,2
80596,0
80597,0
80598,2
80599,1
80600,0
80601,2
80602,0
80603,0
80604,0
80605,0
80606,0
80607,0
80608,2
80609,0
80610,0
80611,0
80612,0
80613,0
80614,0
80615,0
80616,0
80617,0
80618,0
80619,0
80620,2
80621,3
80622,0
80623,0
80624,2
80625,0
80626,0
80627,0
80628,0
80629,0
80630,2
80631,0
80632,0
80633,0
80634,0
80635,0
80636,0
80637,0
80638,0
80639,0
80640,0
80641,0
80642,0
80643,0
80644,0
80645,0
80646,2
80647,0
80648,0
80649,3
80650,0
80651,0
80652,0
80653,0
80654,0
80655,0
80656,3
80657,2
80658,0
80659,3
80660,3
80661,0
80662,0
80663,2
80664,0
80665,0
80666,0
80667,0
80668,0
80669,3
80670,3
80671,3
80672,3
80673,0
80674,0
80675,0
80676,0
80677,2
80678,0
80679,0
80680,0
80681,2
80682,3
80683,0
80684,2
80685,0
80686,2
80687,2
80688,2
80689,0
80690,0
80691,0
80692,3
80693,0
80694,2
80695,2
80696,0
80697,0
80698,0
80699,0
80700,0
80701,0
80702,0
80703,2
80704,2
80705,3
80706,3
80707,2
80708,0
80709,3
80710,3
80711,3
80712,3
80713,3
80714,2
80715,0
80716,2
80717,3
80718,2
80719,0
80720,0
80721,0
80722,0
80723,2
80724,0
80725,0
80726,0
80727,2
80728,2
80729,2
80730,2
80731,3
80732,0
80733,2
80734,3
80735,3
80736,2
80737,0
80738,0
80739,0
80740,0
80741,0
80742,0
80743,2
80744,2
80745,2
80746,0
80747,2
80748,0
80749,0
80750,3
80751,3
80752,0
80753,2
80754,0
80755,0
80756,0
80757,0
80758,0
80759,2
80760,0
80761,0
80762,2
80763,0
80764,2
80765,0
80766,2
80767,2
80768,0
80769,2
80770,2
80771,2
80772,0
80773,0
80774,3
80775,0
80776,0
80777,0
80778,2
80779,3
80780,2
80781,2
80782,0
80783,0
80784,0
80785,0
80786,0
80787,0
80788,0
80789,0
80790,0
80791,2
80792,0
80793,0
80794,0
80795,0
80796,0
80797,0
80798,2
80799,0
80800,0
80801,0
80802,0
80803,0
80804,0
80805,0
80806,0
80807,0
80808,0
80809,0
80810,0
80811,0
80812,2
80813,2
80814,2
80815,2
80816,0
80817,0
80818,2
80819,0
80820,0
80821,0
80822,3
80823,3
80824,3
80825,0
80826,2
80827,0
80828,0
80829,2
80830,2
80831,2
80832,3
80833,3
80834,1
80835,3
80836,3
80837,3
80838,3
80839,3
80840,0
80841,3
80842,0
80843,2
80844,0
80845,0
80846,0
80847,0
80848,0
80849,3
80850,0
80851,2
80852,0
80853,0
80854,1
80855,1
80856,3
80857,0
80858,0
80859,0
80860,0
80861,0
80862,0
80863,0
80864,0
80865,0
80866,0
80867,1
80868,1
80869,1
80870,0
80871,0
80872,0
80873,1
80874,3
80875,0
80876,0
80877,3
80878,3
80879,3
80880,3
80881,3
80882,3
80883,3
80884,3
80885,3
80886,2
80887,3
80888,3
80889,3
80890,3
80891,3
80892,3
80893,3
80894,0
80895,3
80896,3
80897,3
80898,0
80899,0
80900,0
80901,0
80902,0
80903,0
80904,0
80905,0
80906,0
80907,0
80908,0
80909,0
80910,1
80911,1
80912,3
80913,0
80914,0
80915,3
80916,3
80917,3
80918,3
80919,0
80920,0
80921,3
80922,2
80923,0
80924,3
80925,3
80926,3
80927,3
80928,1
80929,3
80930,3
80931,3
80932,3
80933,3
80934,3
80935,3
80936,0
80937,3
80938,3
80939,3
80940,3
80941,3
80942,3
80943,3
80944,3
80945,3
80946,3
80947,3
80948,3
80949,3
80950,3
80951,3
80952,3
80953,3
80954,3
80955,3
80956,3
80957,3
80958,3
80959,3
80960,3
80961,3
80962,0
80963,3
80964,3
80965,3
80966,3
80967,3
80968,3
80969,3
80970,3
80971,3
80972,3
80973,3
80974,3
80975,0
80976,3
80977,3
80978,3
80979,3
80980,3
80981,3
80982,3
80983,3
80984,3
80985,2
80986,3
80987,3
80988,3
80989,0
80990,0
80991,3
80992,0
80993,0
80994,0
80995,0
80996,0
80997,0
80998,0
80999,0
81000,0
81001,0
81002,3
81003,3
81004,3
81005,0
81006,3
81007,3
81008,3
81009,3
81010,3
81011,3
81012,3
81013,3
81014,3
81015,3
81016,0
81017,0
81018,3
81019,0
81020,3
81021,3
81022,3
81023,3
81024,3
81025,3
81026,3
81027,3
81028,3
81029,2
81030,0
81031,0
81032,0
81033,3
81034,3
81035,0
81036,3
81037,3
81038,3
81039,3
81040,3
81041,3
81042,3
81043,3
81044,0
81045,3
81046,0
81047,3
81048,0
81049,0
81050,0
81051,3
81052,3
81053,3
81054,3
81055,2
81056,0
81057,3
81058,3
81059,3
81060,3
81061,3
81062,0
81063,0
81064,0
81065,0
81066,0
81067,3
81068,0
81069,0
81070,0
81071,0
81072,0
81073,0
81074,3
81075,3
81076,0
81077,0
81078,0
81079,3
81080,3
81081,0
81082,3
81083,0
81084,3
81085,0
81086,0
81087,3
81088,3
81089,3
81090,3
81091,0
81092,2
81093,0
81094,3
81095,3
81096,3
81097,3
81098,3
81099,3
81100,0
81101,0
81102,1
81103,1
81104,0
81105,2
81106,3
81107,3
81108,3
81109,3
81110,2
81111,3
81112,2
81113,1
81114,1
81115,0
81116,2
81117,2
81118,3
81119,2
81120,3
81121,0
81122,3
81123,1
81124,1
81125,2
81126,3
81127,0
81128,3
81129,3
81130,0
81131,1
81132,1
81133,1
81134,1
81135,1
81136,1
81137,2
81138,0
81139,1
81140,1
81141,2
81142,0
81143,0
81144,1
81145,1
81146,3
81147,0
81148,0
81149,0
81150,0
81151,0
81152,0
81153,0
81154,0
81155,0
81156,2
81157,0
81158,1
81159,1
81160,1
81161,1
81162,0
81163,0
81164,0
81165,0
81166,0
81167,0
81168,0
81169,2
81170,2
81171,2
81172,3
81173,3
81174,1
81175,3
81176,3
81177,1
81178,2
81179,3
81180,1
81181,1
81182,1
81183,1
81184,2
81185,1
81186,1
81187,0
81188,1
81189,3
81190,3
81191,3
81192,1
81193,2
81194,1
81195,0
81196,2
81197,0
81198,0
81199,0
81200,0
81201,0
81202,3
81203,0
81204,0
81205,0
81206,0
81207,0
81208,0
81209,0
81210,1
81211,1
81212,3
81213,3
81214,3
81215,3
81216,3
81217,3
81218,3
81219,3
81220,2
81221,3
81222,1
81223,3
81224,1
81225,1
81226,0
81227,0
81228,2
81229,2
81230,0
81231,1
81232,2
81233,1
81234,1
81235,1
81236,3
81237,1
81238,1
81239,1
81240,1
81241,1
81242,1
81243,1
81244,3
81245,1
81246,1
81247,1
81248,1
81249,1
81250,1
81251,1
81252,1
81253,0
81254,1
81255,0
81256,1
81257,1
81258,1
81259,1
81260,1
81261,1
81262,1
81263,1
81264,2
81265,1
81266,1
81267,1
81268,1
81269,1
81270,1
81271,1
81272,1
81273,1
81274,1
81275,1
81276,1
81277,1
81278,1
81279,1
81280,1
81281,1
81282,1
81283,1
81284,0
81285,2
81286,2
81287,2
81288,3
81289,2
81290,1
81291,1
81292,1
81293,0
81294,3
81295,2
81296,2
81297,0
81298,2
81299,0
81300,3
81301,0
81302,0
81303,2
81304,0
81305,2
81306,0
81307,3
81308,2
81309,2
81310,0
81311,0
81312,1
81313,1
81314,3
81315,2
81316,3
81317,0
81318,3
81319,3
81320,3
81321,3
81322,3
81323,3
81324,3
81325,3
81326,1
81327,1
81328,3
81329,3
81330,3
81331,0
81332,0
81333,0
81334,0
81335,0
81336,0
81337,3
81338,0
81339,0
81340,2
81341,0
81342,0
81343,0
81344,2
81345,3
81346,3
81347,0
81348,0
81349,3
81350,2
81351,3
81352,1
81353,3
81354,0
81355,0
81356,2
81357,1
81358,1
81359,1
81360,1
81361,1
81362,1
81363,0
81364,0
81365,1
81366,1
81367,1
81368,1
81369,1
81370,1
81371,1
81372,1
81373,1
81374,1
81375,1
81376,1
81377,1
81378,3
81379,2
81380,0
81381,2
81382,2
81383,1
81384,3
81385,3
81386,2
81387,3
81388,0
81389,2
81390,0
81391,0
81392,0
81393,0
81394,0
81395,0
81396,0
81397,0
81398,0
81399,0
81400,3
81401,3
81402,3
81403,3
81404,3
81405,3
81406,3
81407,3
81408,2
81409,3
81410,3
81411,3
81412,3
81413,3
81414,3
81415,3
81416,3
81417,3
81418,2
81419,3
81420,3
81421,3
81422,3
81423,0
81424,0
81425,0
81426,0
81427,0
81428,2
81429,2
81430,0
81431,2
81432,2
81433,2
81434,2
81435,2
81436,2
81437,0
81438,2
81439,0
81440,3
81441,2
81442,2
81443,2
81444,3
81445,0
81446,0
81447,0
81448,2
81449,0
81450,2
81451,0
81452,0
81453,0
81454,2
81455,2
81456,3
81457,0
81458,0
81459,0
81460,0
81461,0
81462,2
81463,0
81464,2
81465,0
81466,0
81467,2
81468,0
81469,2
81470,0
81471,0
81472,0
81473,2
81474,0
81475,1
81476,1
81477,1
81478,1
81479,1
81480,1
81481,3
81482,1
81483,3
81484,3
81485,1
81486,1
81487,0
81488,0
81489,0
81490,3
81491,2
81492,2
81493,2
81494,3
81495,2
81496,2
81497,2
81498,0
81499,2
81500,0
81501,3
81502,0
81503,3
81504,3
81505,2
81506,3
81507,3
81508,1
81509,1
81510,1
81511,1
81512,2
81513,3
81514,3
81515,3
81516,0
81517,2
81518,0
81519,2
81520,0
81521,3
81522,2
81523,0
81524,0
81525,3
81526,0
81527,3
81528,3
81529,3
81530,3
81531,3
81532,3
81533,3
81534,0
81535,0
81536,0
81537,0
81538,0
81539,0
81540,0
81541,0
81542,3
81543,1
81544,1
81545,1
81546,1
81547,3
81548,3
81549,1
81550,3
81551,3
81552,3
81553,3
81554,3
81555,3
81556,3
81557,1
81558,3
81559,3
81560,3
81561,3
81562,3
81563,3
81564,3
81565,2
81566,3
81567,2
81568,2
81569,0
81570,1
81571,1
81572,3
81573,3
81574,3
81575,3
81576,0
81577,0
81578,3
81579,3
81580,3
81581,3
81582,0
81583,0
81584,3
81585,0
81586,0
81587,0
81588,0
81589,0
81590,0
81591,2
81592,2
81593,1
81594,3
81595,2
81596,3
81597,3
81598,3
81599,0
81600,0
81601,0
81602,0
81603,0
81604,0
81605,3
81606,3
81607,3
81608,1
81609,3
81610,3
81611,1
81612,3
81613,3
81614,3
81615,3
81616,3
81617,3
81618,1
81619,1
81620,1
81621,1
81622,0
81623,3
81624,3
81625,3
81626,3
81627,3
81628,3
81629,3
81630,3
81631,3
81632,2
81633,3
81634,3
81635,3
81636,3
81637,3
81638,3
81639,0
81640,3
81641,3
81642,3
81643,3
81644,1
81645,3
81646,1
81647,3
81648,3
81649,0
81650,0
81651,0
81652,0
81653,0
81654,0
81655,0
81656,0
81657,2
81658,0
81659,0
81660,2
81661,0
81662,0
81663,0
81664,0
81665,2
81666,2
81667,0
81668,3
81669,0
81670,0
81671,0
81672,2
81673,2
81674,2
81675,2
81676,3
81677,2
81678,3
81679,3
81680,3
81681,3
81682,0
81683,0
81684,0
81685,2
81686,3
81687,1
81688,3
81689,2
81690,3
81691,3
81692,3
81693,2
81694,3
81695,3
81696,3
81697,1
81698,1
81699,1
81700,2
81701,1
81702,0
81703,0
81704,0
81705,3
81706,2
81707,2
81708,2
81709,2
81710,2
81711,2
81712,2
81713,2
81714,3
81715,0
81716,0
81717,0
81718,0
81719,0
81720,0
81721,0
81722,0
81723,0
81724,0
81725,0
81726,0
81727,0
81728,2
81729,2
81730,0
81731,0
81732,0
81733,0
81734,0
81735,2
81736,0
81737,0
81738,2
81739,0
81740,0
81741,0
81742,2
81743,3
81744,3
81745,0
81746,0
81747,0
81748,0
81749,3
81750,3
81751,1
81752,3
81753,1
81754,1
81755,0
81756,3
81757,3
81758,0
81759,0
81760,3
81761,0
81762,3
81763,3
81764,1
81765,3
81766,3
81767,0
81768,3
81769,3
81770,2
81771,3
81772,0
81773,0
81774,0
81775,0
81776,0
81777,0
81778,3
81779,0
81780,2
81781,2
81782,0
81783,2
81784,0
81785,3
81786,0
81787,3
81788,3
81789,3
81790,2
81791,2
81792,2
81793,0
81794,0
81795,0
81796,0
81797,3
81798,0
81799,0
81800,0
81801,0
81802,0
81803,3
81804,3
81805,0
81806,0
81807,3
81808,1
81809,1
81810,1
81811,0
81812,1
81813,0
81814,0
81815,1
81816,1
81817,1
81818,0
81819,2
81820,0
81821,0
81822,0
81823,0
81824,0
81825,0
81826,2
81827,0
81828,2
81829,1
81830,1
81831,0
81832,0
81833,0
81834,0
81835,3
81836,3
81837,3
81838,1
81839,2
81840,3
81841,0
81842,0
81843,0
81844,0
81845,0
81846,0
81847,0
81848,0
81849,0
81850,0
81851,3
81852,1
81853,1
81854,1
81855,1
81856,0
81857,3
81858,1
81859,0
81860,0
81861,2
81862,0
81863,2
81864,1
81865,1
81866,1
81867,1
81868,1
81869,1
81870,1
81871,1
81872,1
81873,1
81874,3
81875,3
81876,3
81877,3
81878,3
81879,3
81880,3
81881,3
81882,1
81883,1
81884,1
81885,1
81886,1
81887,1
81888,1
81889,1
81890,1
81891,1
81892,1
81893,1
81894,1
81895,1
81896,1
81897,1
81898,1
81899,1
81900,1
81901,0
81902,1
81903,1
81904,1
81905,1
81906,1
81907,1
81908,1
81909,1
81910,1
81911,1
81912,1
81913,1
81914,1
81915,1
81916,1
81917,1
81918,1
81919,1
81920,1
81921,1
81922,1
81923,0
81924,1
81925,1
81926,1
81927,1
81928,3
81929,1
81930,1
81931,1
81932,1
81933,3
81934,3
81935,3
81936,3
81937,1
81938,1
81939,3
81940,0
81941,1
81942,1
81943,1
81944,1
81945,2
81946,3
81947,3
81948,1
81949,3
81950,0
81951,2
81952,2
81953,3
81954,3
81955,3
81956,3
81957,3
81958,3
81959,3
81960,0
81961,2
81962,0
81963,3
81964,0
81965,0
81966,0
81967,0
81968,0
81969,0
81970,0
81971,3
81972,3
81973,3
81974,3
81975,3
81976,3
81977,3
81978,0
81979,0
81980,3
81981,3
81982,3
81983,3
81984,3
81985,3
81986,3
81987,2
81988,2
81989,0
81990,0
81991,0
81992,3
81993,2
81994,3
81995,2
81996,0
81997,2
81998,2
81999,0
82000,2
82001,3
82002,2
82003,2
82004,3
82005,0
82006,0
82007,3
82008,3
82009,3
82010,3
82011,2
82012,3
82013,2
82014,2
82015,2
82016,2
82017,3
82018,3
82019,0
82020,3
82021,3
82022,1
82023,3
82024,3
82025,3
82026,2
82027,2
82028,2
82029,3
82030,3
82031,3
82032,3
82033,0
82034,3
82035,1
82036,3
82037,0
82038,3
82039,3
82040,3
82041,2
82042,2
82043,2
82044,1
82045,2
82046,1
82047,1
82048,1
82049,2
82050,2
82051,2
82052,2
82053,1
82054,0
82055,0
82056,2
82057,2
82058,0
82059,0
82060,0
82061,0
82062,0
82063,3
82064,0
82065,2
82066,3
82067,0
82068,0
82069,0
82070,0
82071,0
82072,0
82073,0
82074,0
82075,3
82076,2
82077,2
82078,0
82079,0
82080,0
82081,0
82082,0
82083,1
82084,0
82085,3
82086,1
82087,1
82088,0
82089,0
82090,0
82091,0
82092,0
82093,0
82094,0
82095,0
82096,2
82097,2
82098,2
82099,0
82100,0
82101,0
82102,0
82103,3
82104,3
82105,3
82106,0
82107,3
82108,2
82109,0
82110,0
82111,0
82112,1
82113,3
82114,3
82115,0
82116,3
82117,3
82118,3
82119,3
82120,2
82121,0
82122,3
82123,0
82124,0
82125,0
82126,0
82127,0
82128,0
82129,0
82130,0
82131,0
82132,0
82133,0
82134,0
82135,0
82136,0
82137,0
82138,0
82139,0
82140,2
82141,0
82142,0
82143,0
82144,0
82145,0
82146,0
82147,0
82148,0
82149,1
82150,1
82151,3
82152,3
82153,3
82154,3
82155,3
82156,3
82157,3
82158,3
82159,0
82160,0
82161,3
82162,3
82163,3
82164,3
82165,2
82166,3
82167,1
82168,3
82169,3
82170,3
82171,3
82172,3
82173,3
82174,3
82175,3
82176,3
82177,3
82178,3
82179,3
82180,2
82181,3
82182,3
82183,3
82184,0
82185,0
82186,0
82187,3
82188,1
82189,0
82190,1
82191,1
82192,3
82193,0
82194,3
82195,3
82196,3
82197,2
82198,2
82199,2
82200,2
82201,3
82202,1
82203,0
82204,0
82205,3
82206,3
82207,0
82208,0
82209,1
82210,3
82211,3
82212,1
82213,3
82214,3
82215,2
82216,2
82217,2
82218,0
82219,2
82220,2
82221,2
82222,2
82223,2
82224,2
82225,0
82226,3
82227,0
82228,2
82229,2
82230,2
82231,2
82232,2
82233,2
82234,2
82235,2
82236,2
82237,2
82238,2
82239,2
82240,1
82241,2
82242,2
82243,2
82244,1
82245,3
82246,3
82247,2
82248,1
82249,2
82250,2
82251,0
82252,1
82253,3
82254,1
82255,1
82256,1
82257,1
82258,1
82259,1
82260,1
82261,1
82262,0
82263,0
82264,1
82265,1
82266,1
82267,1
82268,3
82269,3
82270,3
82271,3
82272,3
82273,2
82274,1
82275,2
82276,1
82277,3
82278,2
82279,2
82280,3
82281,3
82282,3
82283,3
82284,0
82285,0
82286,0
82287,0
82288,0
82289,3
82290,3
82291,1
82292,1
82293,0
82294,0
82295,0
82296,0
82297,0
82298,0
82299,1
82300,0
82301,0
82302,0
82303,0
82304,0
82305,0
82306,1
82307,3
82308,2
82309,2
82310,2
82311,2
82312,2
82313,2
82314,2
82315,2
82316,3
82317,2
82318,3
82319,2
82320,2
82321,2
82322,2
82323,2
82324,2
82325,3
82326,2
82327,3
82328,2
82329,2
82330,3
82331,2
82332,2
82333,2
82334,2
82335,2
82336,3
82337,3
82338,3
82339,3
82340,1
82341,3
82342,3
82343,1
82344,0
82345,0
82346,0
82347,0
82348,0
82349,0
82350,0
82351,0
82352,0
82353,0
82354,3
82355,3
82356,1
82357,3
82358,3
82359,3
82360,2
82361,3
82362,3
82363,3
82364,3
82365,2
82366,3
82367,3
82368,3
82369,0
82370,3
82371,3
82372,1
82373,0
82374,3
82375,2
82376,1
82377,1
82378,3
82379,1
82380,3
82381,3
82382,0
82383,1
82384,3
82385,3
82386,3
82387,3
82388,3
82389,3
82390,3
82391,3
82392,1
82393,3
82394,3
82395,3
82396,3
82397,3
82398,3
82399,3
82400,3
82401,1
82402,1
82403,1
82404,1
82405,2
82406,2
82407,2
82408,2
82409,3
82410,1
82411,2
82412,2
82413,0
82414,3
82415,3
82416,3
82417,3
82418,3
82419,3
82420,1
82421,1
82422,1
82423,1
82424,3
82425,3
82426,3
82427,3
82428,2
82429,1
82430,1
82431,1
82432,3
82433,3
82434,3
82435,3
82436,3
82437,3
82438,3
82439,3
82440,3
82441,3
82442,3
82443,3
82444,3
82445,3
82446,3
82447,3
82448,3
82449,3
82450,3
82451,3
82452,3
82453,3
82454,3
82455,3
82456,3
82457,3
82458,3
82459,3
82460,3
82461,3
82462,3
82463,3
82464,3
82465,3
82466,2
82467,3
82468,3
82469,3
82470,3
82471,3
82472,3
82473,3
82474,3
82475,3
82476,3
82477,3
82478,3
82479,3
82480,3
82481,3
82482,3
82483,3
82484,3
82485,3
82486,3
82487,3
82488,3
82489,3
82490,3
82491,3
82492,3
82493,1
82494,3
82495,3
82496,3
82497,3
82498,2
82499,3
82500,3
82501,3
82502,3
82503,3
82504,3
82505,2
82506,2
82507,2
82508,3
82509,3
82510,2
82511,2
82512,2
82513,3
82514,2
82515,3
82516,2
82517,2
82518,2
82519,2
82520,2
82521,2
82522,3
82523,3
82524,2
82525,3
82526,3
82527,3
82528,3
82529,3
82530,3
82531,3
82532,3
82533,3
82534,3
82535,2
82536,1
82537,2
82538,1
82539,1
82540,2
82541,2
82542,3
82543,3
82544,3
82545,1
82546,2
82547,1
82548,1
82549,1
82550,1
82551,1
82552,1
82553,1
82554,1
82555,1
82556,1
82557,1
82558,1
82559,1
82560,1
82561,1
82562,1
82563,1
82564,1
82565,1
82566,3
82567,3
82568,3
82569,3
82570,3
82571,3
82572,3
82573,3
82574,3
82575,3
82576,1
82577,1
82578,1
82579,3
82580,2
82581,2
82582,3
82583,3
82584,0
82585,1
82586,3
82587,3
82588,3
82589,3
82590,3
82591,3
82592,3
82593,3
82594,3
82595,3
82596,3
82597,3
82598,3
82599,3
82600,3
82601,3
82602,3
82603,3
82604,3
82605,3
82606,3
82607,3
82608,3
82609,3
82610,3
82611,3
82612,1
82613,1
82614,3
82615,3
82616,3
82617,3
82618,3
82619,3
82620,3
82621,3
82622,3
82623,3
82624,3
82625,3
82626,3
82627,3
82628,3
82629,3
82630,3
82631,1
82632,1
82633,1
82634,3
82635,3
82636,3
82637,2
82638,3
82639,1
82640,1
82641,1
82642,3
82643,1
82644,1
82645,1
82646,3
82647,3
82648,1
82649,3
82650,1
82651,3
82652,1
82653,3
82654,2
82655,3
82656,2
82657,3
82658,3
82659,3
82660,3
82661,3
82662,3
82663,3
82664,3
82665,3
82666,3
82667,3
82668,3
82669,2
82670,3
82671,3
82672,3
82673,2
82674,2
82675,1
82676,1
82677,1
82678,1
82679,1
82680,1
82681,3
82682,3
82683,1
82684,1
82685,1
82686,1
82687,1
82688,1
82689,1
82690,1
82691,1
82692,3
82693,2
82694,3
82695,3
82696,3
82697,3
82698,3
82699,2
82700,3
82701,2
82702,3
82703,3
82704,2
82705,3
82706,3
82707,2
82708,3
82709,3
82710,2
82711,2
82712,1
82713,1
82714,1
82715,2
82716,3
82717,2
82718,0
82719,2
82720,2
82721,2
82722,2
82723,3
82724,2
82725,2
82726,2
82727,2
82728,3
82729,2
82730,3
82731,3
82732,3
82733,3
82734,2
82735,3
82736,2
82737,3
82738,2
82739,3
82740,3
82741,0
82742,0
82743,0
82744,0
82745,1
82746,1
82747,1
82748,3
82749,3
82750,3
82751,3
82752,3
82753,3
82754,3
82755,3
82756,3
82757,3
82758,3
82759,3
82760,3
82761,3
82762,3
82763,3
82764,3
82765,3
82766,3
82767,3
82768,3
82769,1
82770,1
82771,1
82772,1
82773,1
82774,1
82775,1
82776,1
82777,1
82778,1
82779,1
82780,3
82781,1
82782,1
82783,1
82784,3
82785,1
82786,1
82787,1
82788,1
82789,1
82790,1
82791,1
82792,1
82793,1
82794,1
82795,1
82796,1
82797,1
82798,1
82799,3
82800,3
82801,3
82802,3
82803,3
82804,3
82805,3
82806,1
82807,3
82808,3
82809,3
82810,3
82811,1
82812,1
82813,3
82814,3
82815,3
82816,3
82817,3
82818,3
82819,3
82820,3
82821,3
82822,3
82823,3
82824,3
82825,3
82826,3
82827,3
82828,3
82829,3
82830,3
82831,3
82832,1
82833,3
82834,1
82835,3
82836,3
82837,3
82838,3
82839,2
82840,2
82841,2
82842,3
82843,2
82844,2
82845,2
82846,3
82847,2
82848,2
82849,2
82850,3
82851,2
82852,2
82853,3
82854,3
82855,3
82856,3
82857,3
82858,2
82859,3
82860,3
82861,3
82862,1
82863,3
82864,1
82865,3
82866,2
82867,3
82868,3
82869,3
82870,3
82871,3
82872,3
82873,3
82874,3
82875,3
82876,0
82877,1
82878,3
82879,1
82880,1
82881,1
82882,1
82883,1
82884,1
82885,1
82886,2
82887,3
82888,2
82889,2
82890,2
82891,2
82892,3
82893,2
82894,2
82895,2
82896,2
82897,2
82898,2
82899,2
82900,2
82901,2
82902,2
82903,0
82904,0
82905,2
82906,2
82907,2
82908,2
82909,2
82910,3
82911,3
82912,3
82913,2
82914,2
82915,2
82916,3
82917,2
82918,2
82919,3
82920,3
82921,2
82922,3
82923,3
82924,3
82925,2
82926,3
82927,3
82928,2
82929,2
82930,2
82931,2
82932,2
82933,2
82934,2
82935,2
82936,2
82937,2
82938,2
82939,2
82940,2
82941,2
82942,0
82943,2
82944,2
82945,2
82946,2
82947,2
82948,2
82949,2
82950,2
82951,2
82952,2
82953,2
82954,2
82955,0
82956,2
82957,2
82958,2
82959,2
82960,2
82961,2
82962,2
82963,2
82964,2
82965,2
82966,2
82967,2
82968,2
82969,2
82970,3
82971,1
82972,2
82973,2
82974,2
82975,2
82976,2
82977,2
82978,1
82979,2
82980,2
82981,3
82982,1
82983,3
82984,2
82985,3
82986,3
82987,3
82988,2
82989,3
82990,3
82991,3
82992,3
82993,1
82994,2
82995,3
82996,3
82997,3
82998,3
82999,2
83000,3
83001,3
83002,3
83003,3
83004,3
83005,3
83006,3
83007,3
83008,2
83009,3
83010,1
83011,3
83012,3
83013,3
83014,3
83015,3
83016,2
83017,3
83018,3
83019,2
83020,2
83021,3
83022,3
83023,3
83024,3
83025,3
83026,3
83027,2
83028,2
83029,3
83030,3
83031,3
83032,3
83033,2
83034,3
83035,3
83036,3
83037,3
83038,3
83039,3
83040,3
83041,1
83042,3
83043,3
83044,2
83045,3
83046,2
83047,3
83048,3
83049,3
83050,3
83051,2
83052,0
83053,0
83054,3
83055,0
83056,3
83057,3
83058,3
83059,2
83060,2
83061,3
83062,3
83063,0
83064,3
83065,2
83066,2
83067,2
83068,3
83069,2
83070,3
83071,3
83072,3
83073,3
83074,3
83075,3
83076,3
83077,3
83078,3
83079,2
83080,0
83081,1
83082,1
83083,2
83084,2
83085,3
83086,3
83087,3
83088,3
83089,0
83090,3
83091,3
83092,3
83093,3
83094,3
83095,3
83096,3
83097,3
83098,3
83099,2
83100,2
83101,1
83102,3
83103,3
83104,1
83105,3
83106,3
83107,3
83108,3
83109,1
83110,3
83111,3
83112,1
83113,3
83114,3
83115,1
83116,3
83117,2
83118,2
83119,2
83120,2
83121,2
83122,2
83123,2
83124,2
83125,3
83126,2
83127,3
83128,1
83129,2
83130,2
83131,3
83132,2
83133,2
83134,2
83135,2
83136,2
83137,3
83138,0
83139,3
83140,3
83141,3
83142,3
83143,3
83144,3
83145,3
83146,3
83147,3
83148,2
83149,2
83150,3
83151,3
83152,3
83153,3
83154,3
83155,3
83156,3
83157,3
83158,2
83159,1
83160,1
83161,3
83162,1
83163,3
83164,3
83165,1
83166,1
83167,2
83168,0
83169,1
83170,3
83171,3
83172,2
83173,0
83174,2
83175,3
83176,0
83177,3
83178,2
83179,1
83180,3
83181,1
83182,2
83183,3
83184,3
83185,2
83186,3
83187,3
83188,2
83189,3
83190,3
83191,2
83192,2
83193,2
83194,2
83195,3
83196,3
83197,2
83198,3
83199,3
83200,3
83201,3
83202,3
83203,2
83204,2
83205,3
83206,3
83207,3
83208,3
83209,3
83210,2
83211,3
83212,2
83213,2
83214,2
83215,3
83216,3
83217,3
83218,3
83219,3
83220,3
83221,3
83222,3
83223,3
83224,0
83225,1
83226,1
83227,1
83228,1
83229,1
83230,3
83231,2
83232,2
83233,2
83234,3
83235,2
83236,2
83237,2
83238,2
83239,2
83240,2
83241,2
83242,2
83243,2
83244,1
83245,1
83246,2
83247,2
83248,2
83249,2
83250,3
83251,3
83252,2
83253,2
83254,3
83255,3
83256,3
83257,3
83258,1
83259,1
83260,2
83261,2
83262,2
83263,2
83264,2
83265,2
83266,1
83267,2
83268,2
83269,1
83270,1
83271,1
83272,1
83273,1
83274,1
83275,0
83276,0
83277,1
83278,1
83279,3
83280,3
83281,2
83282,1
83283,1
83284,0
83285,0
83286,0
83287,2
83288,2
83289,3
83290,2
83291,0
83292,0
83293,2
83294,3
83295,2
83296,0
83297,3
83298,3
83299,3
83300,2
83301,3
83302,3
83303,0
83304,3
83305,3
83306,3
83307,3
83308,0
83309,1
83310,3
83311,0
83312,3
83313,1
83314,0
83315,0
83316,0
83317,3
83318,2
83319,0
83320,2
83321,3
83322,0
83323,2
83324,3
83325,3
83326,3
83327,2
83328,2
83329,3
83330,3
83331,3
83332,3
83333,3
83334,3
83335,0
83336,2
83337,2
83338,2
83339,2
83340,2
83341,2
83342,2
83343,3
83344,3
83345,2
83346,2
83347,2
83348,2
83349,2
83350,3
83351,1
83352,1
83353,1
83354,1
83355,1
83356,1
83357,1
83358,1
83359,3
83360,1
83361,3
83362,1
83363,3
83364,1
83365,1
83366,1
83367,1
83368,1
83369,3
83370,1
83371,3
83372,3
83373,1
83374,1
83375,3
83376,2
83377,3
83378,3
83379,3
83380,3
83381,3
83382,1
83383,0
83384,0
83385,2
83386,3
83387,1
83388,0
83389,1
83390,3
83391,3
83392,3
83393,0
83394,0
83395,3
83396,1
83397,3
83398,3
83399,2
83400,3
83401,3
83402,3
83403,1
83404,1
83405,1
83406,3
83407,3
83408,1
83409,1
83410,1
83411,1
83412,1
83413,1
83414,1
83415,1
83416,1
83417,3
83418,3
83419,3
83420,3
83421,3
83422,2
83423,3
83424,3
83425,3
83426,3
83427,3
83428,1
83429,1
83430,2
83431,2
83432,2
83433,2
83434,2
83435,2
83436,2
83437,2
83438,2
83439,1
83440,3
83441,2
83442,3
83443,2
83444,2
83445,3
83446,2
83447,2
83448,2
83449,3
83450,2
83451,2
83452,2
83453,2
83454,2
83455,2
83456,2
83457,2
83458,2
83459,2
83460,2
83461,2
83462,2
83463,2
83464,2
83465,2
83466,2
83467,2
83468,2
83469,2
83470,2
83471,2
83472,2
83473,2
83474,2
83475,2
83476,2
83477,0
83478,2
83479,2
83480,2
83481,0
83482,3
83483,3
83484,0
83485,3
83486,2
83487,0
83488,0
83489,0
83490,3
83491,0
83492,3
83493,0
83494,3
83495,3
83496,0
83497,0
83498,0
83499,0
83500,3
83501,3
83502,3
83503,3
83504,0
83505,3
83506,3
83507,3
83508,3
83509,3
83510,3
83511,3
83512,1
83513,3
83514,3
83515,3
83516,3
83517,3
83518,3
83519,3
83520,3
83521,3
83522,3
83523,3
83524,3
83525,3
83526,3
83527,0
83528,3
83529,3
83530,3
83531,3
83532,3
83533,3
83534,3
83535,3
83536,2
83537,0
83538,2
83539,3
83540,2
83541,3
83542,2
83543,3
83544,3
83545,2
83546,2
83547,0
83548,2
83549,0
83550,2
83551,2
83552,2
83553,2
83554,2
83555,2
83556,0
83557,0
83558,2
83559,1
83560,2
83561,0
83562,3
83563,0
83564,2
83565,2
83566,2
83567,2
83568,2
83569,3
83570,2
83571,2
83572,2
83573,2
83574,2
83575,2
83576,2
83577,0
83578,0
83579,0
83580,3
83581,3
83582,0
83583,3
83584,3
83585,3
83586,3
83587,3
83588,1
83589,3
83590,0
83591,2
83592,3
83593,3
83594,2
83595,3
83596,3
83597,3
83598,3
83599,3
83600,0
83601,0
83602,0
83603,3
83604,3
83605,0
83606,0
83607,0
83608,3
83609,0
83610,0
83611,0
83612,3
83613,3
83614,3
83615,0
83616,3
83617,3
83618,2
83619,0
83620,1
83621,3
83622,0
83623,1
83624,3
83625,3
83626,0
83627,3
83628,2
83629,0
83630,0
83631,0
83632,0
83633,0
83634,0
83635,0
83636,0
83637,0
83638,0
83639,0
83640,3
83641,0
83642,0
83643,0
83644,0
83645,0
83646,0
83647,0
83648,0
83649,0
83650,0
83651,0
83652,0
83653,0
83654,0
83655,0
83656,0
83657,0
83658,0
83659,0
83660,0
83661,0
83662,0
83663,1
83664,0
83665,0
83666,3
83667,3
83668,3
83669,3
83670,3
83671,3
83672,3
83673,3
83674,3
83675,0
83676,0
83677,1
83678,2
83679,0
83680,0
83681,0
83682,0
83683,0
83684,2
83685,3
83686,3
83687,3
83688,1
83689,3
83690,3
83691,3
83692,3
83693,1
83694,1
83695,3
83696,3
83697,3
83698,3
83699,3
83700,3
83701,3
83702,3
83703,0
83704,3
83705,3
83706,0
83707,3
83708,3
83709,2
83710,3
83711,3
83712,0
83713,3
83714,3
83715,3
83716,2
83717,3
83718,3
83719,3
83720,3
83721,3
83722,3
83723,3
83724,3
83725,3
83726,3
83727,3
83728,0
83729,0
83730,0
83731,0
83732,0
83733,3
83734,0
83735,0
83736,3
83737,0
83738,0
83739,0
83740,0
83741,0
83742,3
83743,0
83744,3
83745,3
83746,2
83747,0
83748,0
83749,3
83750,0
83751,3
83752,3
83753,0
83754,0
83755,3
83756,3
83757,3
83758,3
83759,3
83760,3
83761,3
83762,3
83763,0
83764,3
83765,3
83766,0
83767,0
83768,0
83769,0
83770,0
83771,0
83772,0
83773,0
83774,0
83775,0
83776,0
83777,0
83778,0
83779,0
83780,0
83781,0
83782,0
83783,0
83784,0
83785,0
83786,0
83787,0
83788,0
83789,0
83790,0
83791,0
83792,1
83793,0
83794,1
83795,0
83796,2
83797,0
83798,0
83799,0
83800,0
83801,0
83802,0
83803,2
83804,0
83805,0
83806,0
83807,0
83808,0
83809,0
83810,0
83811,0
83812,0
83813,0
83814,0
83815,0
83816,0
83817,0
83818,0
83819,0
83820,0
83821,0
83822,0
83823,0
83824,0
83825,0
83826,0
83827,0
83828,0
83829,0
83830,0
83831,0
83832,0
83833,0
83834,0
83835,0
83836,0
83837,0
83838,0
83839,0
83840,0
83841,0
83842,0
83843,0
83844,0
83845,0
83846,0
83847,0
83848,0
83849,0
83850,0
83851,0
83852,0
83853,0
83854,0
83855,0
83856,0
83857,0
83858,0
83859,0
83860,0
83861,0
83862,0
83863,0
83864,0
83865,0
83866,0
83867,0
83868,0
83869,0
83870,0
83871,0
83872,0
83873,0
83874,0
83875,0
83876,0
83877,0
83878,0
83879,0
83880,0
83881,0
83882,0
83883,0
83884,0
83885,0
83886,0
83887,0
83888,0
83889,0
83890,0
83891,0
83892,0
83893,0
83894,0
83895,0
83896,0
83897,0
83898,0
83899,0
83900,0
83901,0
83902,0
83903,0
83904,0
83905,0
83906,0
83907,1
83908,0
83909,0
83910,0
83911,0
83912,0
83913,0
83914,0
83915,1
83916,1
83917,3
83918,0
83919,0
83920,0
83921,0
83922,0
83923,0
83924,0
83925,0
83926,0
83927,0
83928,0
83929,0
83930,0
83931,0
83932,0
83933,0
83934,3
83935,0
83936,0
83937,0
83938,0
83939,0
83940,0
83941,0
83942,0
83943,0
83944,0
83945,0
83946,0
83947,0
83948,0
83949,0
83950,0
83951,0
83952,0
83953,0
83954,3
83955,0
83956,0
83957,2
83958,0
83959,0
83960,0
83961,0
83962,0
83963,0
83964,0
83965,0
83966,0
83967,0
83968,0
83969,0
83970,0
83971,0
83972,0
83973,0
83974,0
83975,0
83976,0
83977,0
83978,0
83979,0
83980,0
83981,0
83982,0
83983,0
83984,0
83985,3
83986,0
83987,0
83988,0
83989,0
83990,0
83991,3
83992,0
83993,3
83994,3
83995,3
83996,0
83997,3
83998,3
83999,3
84000,3
84001,3
84002,3
84003,0
84004,0
84005,0
84006,0
84007,0
84008,0
84009,0
84010,0
84011,0
84012,0
84013,0
84014,0
84015,0
84016,0
84017,0
84018,0
84019,0
84020,0
84021,0
84022,0
84023,0
84024,0
84025,0
84026,0
84027,0
84028,0
84029,0
84030,0
84031,0
84032,0
84033,0
84034,0
84035,0
84036,0
84037,0
84038,0
84039,0
84040,0
84041,0
84042,0
84043,0
84044,0
84045,0
84046,0
84047,0
84048,0
84049,0
84050,0
84051,0
84052,0
84053,0
84054,0
84055,3
84056,3
84057,0
84058,2
84059,3
84060,2
84061,3
84062,0
84063,0
84064,0
84065,0
84066,0
84067,0
84068,0
84069,0
84070,0
84071,0
84072,0
84073,0
84074,0
84075,0
84076,0
84077,0
84078,0
84079,0
84080,0
84081,0
84082,0
84083,0
84084,0
84085,0
84086,0
84087,0
84088,0
84089,0
84090,0
84091,0
84092,0
84093,0
84094,0
84095,0
84096,0
84097,0
84098,0
84099,0
84100,0
84101,1
84102,1
84103,0
84104,1
84105,0
84106,0
84107,0
84108,0
84109,0
84110,0
84111,0
84112,0
84113,0
84114,0
84115,0
84116,0
84117,0
84118,0
84119,0
84120,0
84121,0
84122,0
84123,0
84124,0
84125,0
84126,1
84127,0
84128,0
84129,0
84130,0
84131,0
84132,0
84133,0
84134,0
84135,0
84136,0
84137,0
84138,0
84139,0
84140,0
84141,0
84142,0
84143,0
84144,0
84145,0
84146,0
84147,0
84148,0
84149,0
84150,0
84151,0
84152,0
84153,0
84154,0
84155,0
84156,3
84157,0
84158,0
84159,0
84160,0
84161,0
84162,0
84163,0
84164,0
84165,0
84166,0
84167,0
84168,0
84169,0
84170,0
84171,0
84172,0
84173,0
84174,0
84175,0
84176,0
84177,0
84178,0
84179,0
84180,0
84181,0
84182,0
84183,0
84184,0
84185,0
84186,0
84187,3
84188,0
84189,0
84190,0
84191,0
84192,0
84193,0
84194,0
84195,0
84196,0
84197,0
84198,0
84199,0
84200,0
84201,0
84202,0
84203,0
84204,0
84205,0
84206,0
84207,0
84208,0
84209,0
84210,0
84211,0
84212,0
84213,0
84214,0
84215,0
84216,0
84217,0
84218,0
84219,0
84220,0
84221,0
84222,0
84223,0
84224,0
84225,0
84226,0
84227,0
84228,0
84229,0
84230,0
84231,0
84232,0
84233,0
84234,0
84235,0
84236,0
84237,0
84238,0
84239,0
84240,0
84241,0
84242,0
84243,0
84244,2
84245,2
84246,3
84247,3
84248,2
84249,2
84250,0
84251,3
84252,0
84253,0
84254,2
84255,3
84256,0
84257,2
84258,2
84259,2
84260,2
84261,2
84262,2
84263,2
84264,2
84265,2
84266,2
84267,2
84268,2
84269,2
84270,2
84271,2
84272,2
84273,2
84274,2
84275,2
84276,2
84277,2
84278,3
84279,2
84280,3
84281,2
84282,3
84283,0
84284,2
84285,2
84286,3
84287,3
84288,3
84289,3
84290,3
84291,2
84292,3
84293,3
84294,0
84295,2
84296,3
84297,2
84298,1
84299,0
84300,0
84301,0
84302,0
84303,0
84304,0
84305,0
84306,0
84307,0
84308,0
84309,0
84310,0
84311,0
84312,0
84313,0
84314,0
84315,0
84316,0
84317,0
84318,0
84319,0
84320,0
84321,0
84322,0
84323,0
84324,0
84325,0
84326,0
84327,0
84328,0
84329,0
84330,0
84331,2
84332,0
84333,2
84334,3
84335,3
84336,1
84337,0
84338,0
84339,0
84340,0
84341,0
84342,0
84343,0
84344,0
84345,0
84346,0
84347,0
84348,0
84349,0
84350,0
84351,0
84352,0
84353,0
84354,0
84355,0
84356,3
84357,0
84358,3
84359,3
84360,3
84361,3
84362,3
84363,3
84364,2
84365,2
84366,3
84367,3
84368,3
84369,3
84370,0
84371,3
84372,2
84373,3
84374,2
84375,3
84376,1
84377,3
84378,3
84379,3
84380,3
84381,3
84382,3
84383,3
84384,2
84385,2
84386,0
84387,2
84388,3
84389,2
84390,2
84391,2
84392,3
84393,3
84394,3
84395,3
84396,3
84397,0
84398,3
84399,3
84400,3
84401,0
84402,2
84403,0
84404,3
84405,3
84406,3
84407,2
84408,2
84409,3
84410,2
84411,0
84412,3
84413,2
84414,3
84415,3
84416,3
84417,3
84418,0
84419,0
84420,0
84421,3
84422,3
84423,3
84424,0
84425,0
84426,0
84427,0
84428,0
84429,0
84430,0
84431,0
84432,0
84433,0
84434,0
84435,0
84436,0
84437,0
84438,2
84439,0
84440,0
84441,0
84442,2
84443,0
84444,0
84445,0
84446,0
84447,0
84448,0
84449,0
84450,0
84451,0
84452,0
84453,0
84454,0
84455,0
84456,0
84457,0
84458,0
84459,0
84460,0
84461,0
84462,0
84463,2
84464,0
84465,0
84466,0
84467,0
84468,0
84469,0
84470,0
84471,0
84472,0
84473,0
84474,3
84475,3
84476,2
84477,0
84478,0
84479,0
84480,0
84481,0
84482,0
84483,0
84484,0
84485,0
84486,0
84487,0
84488,0
84489,0
84490,0
84491,0
84492,0
84493,0
84494,0
84495,0
84496,0
84497,0
84498,0
84499,0
84500,0
84501,0
84502,0
84503,0
84504,0
84505,0
84506,0
84507,0
84508,0
84509,0
84510,0
84511,0
84512,0
84513,3
84514,0
84515,3
84516,3
84517,3
84518,3
84519,0
84520,2
84521,3
84522,3
84523,3
84524,3
84525,3
84526,0
84527,1
84528,3
84529,1
84530,3
84531,1
84532,3
84533,0
84534,3
84535,2
84536,2
84537,2
84538,2
84539,2
84540,3
84541,2
84542,3
84543,2
84544,2
84545,0
84546,3
84547,0
84548,0
84549,0
84550,0
84551,0
84552,0
84553,0
84554,0
84555,0
84556,0
84557,0
84558,0
84559,0
84560,0
84561,0
84562,0
84563,0
84564,0
84565,0
84566,0
84567,0
84568,0
84569,0
84570,0
84571,0
84572,0
84573,0
84574,0
84575,0
84576,3
84577,3
84578,3
84579,3
84580,3
84581,3
84582,3
84583,0
84584,0
84585,0
84586,1
84587,0
84588,0
84589,0
84590,0
84591,0
84592,0
84593,0
84594,0
84595,3
84596,3
84597,3
84598,0
84599,0
84600,0
84601,0
84602,0
84603,0
84604,0
84605,3
84606,0
84607,0
84608,0
84609,0
84610,0
84611,0
84612,0
84613,0
84614,0
84615,0
84616,0
84617,0
84618,0
84619,0
84620,0
84621,0
84622,2
84623,0
84624,0
84625,2
84626,0
84627,2
84628,3
84629,3
84630,3
84631,3
84632,3
84633,3
84634,3
84635,3
84636,1
84637,1
84638,1
84639,1
84640,3
84641,3
84642,3
84643,3
84644,3
84645,4
84646,3
84647,3
84648,1
84649,1
84650,1
84651,1
84652,1
84653,1
84654,1
84655,1
84656,1
84657,1
84658,1
84659,2
84660,3
84661,3
84662,3
84663,2
84664,3
84665,3
84666,3
84667,3
84668,3
84669,3
84670,3
84671,2
84672,2
84673,2
84674,2
84675,2
84676,2
84677,1
84678,1
84679,1
84680,1
84681,1
84682,1
84683,1
84684,1
84685,1
84686,2
84687,3
84688,3
84689,3
84690,2
84691,2
84692,3
84693,2
84694,2
84695,2
84696,2
84697,2
84698,3
84699,0
84700,2
84701,0
84702,1
84703,3
84704,2
84705,0
84706,2
84707,0
84708,2
84709,0
84710,2
84711,0
84712,2
84713,2
84714,3
84715,0
84716,0
84717,2
84718,2
84719,3
84720,3
84721,2
84722,2
84723,2
84724,0
84725,2
84726,2
84727,2
84728,1
84729,2
84730,2
84731,1
84732,1
84733,1
84734,1
84735,1
84736,1
84737,1
84738,1
84739,1
84740,1
84741,1
84742,2
84743,2
84744,2
84745,1
84746,2
84747,2
84748,2
84749,2
84750,2
84751,2
84752,1
84753,2
84754,2
84755,2
84756,2
84757,2
84758,3
84759,2
84760,2
84761,2
84762,1
84763,1
84764,3
84765,0
84766,3
84767,3
84768,1
84769,2
84770,3
84771,0
84772,0
84773,0
84774,0
84775,0
84776,0
84777,0
84778,0
84779,1
84780,1
84781,2
84782,2
84783,2
84784,2
84785,2
84786,2
84787,3
84788,3
84789,2
84790,2
84791,2
84792,2
84793,3
84794,3
84795,2
84796,0
84797,2
84798,2
84799,2
84800,2
84801,2
84802,2
84803,2
84804,3
84805,2
84806,2
84807,2
84808,2
84809,2
84810,2
84811,3
84812,2
84813,2
84814,1
84815,2
84816,2
84817,2
84818,3
84819,3
84820,0
84821,0
84822,2
84823,5
84824,0
84825,2
84826,1
84827,0
84828,3
84829,2
84830,3
84831,2
84832,2
84833,3
84834,0
84835,3
84836,2
84837,3
84838,3
84839,0
84840,2
84841,2
84842,2
84843,3
84844,3
84845,3
84846,3
84847,2
84848,2
84849,3
84850,2
84851,3
84852,3
84853,3
84854,2
84855,3
84856,3
84857,2
84858,2
84859,0
84860,2
84861,2
84862,2
84863,3
84864,2
84865,3
84866,3
84867,2
84868,2
84869,3
84870,2
84871,2
84872,2
84873,3
84874,3
84875,0
84876,0
84877,3
84878,3
84879,2
84880,3
84881,3
84882,3
84883,3
84884,1
84885,2
84886,2
84887,2
84888,2
84889,2
84890,1
84891,1
84892,2
84893,2
84894,2
84895,2
84896,3
84897,2
84898,2
84899,3
84900,1
84901,3
84902,3
84903,3
84904,0
84905,1
84906,2
84907,2
84908,3
84909,1
84910,2
84911,1
84912,2
84913,2
84914,2
84915,1
84916,1
84917,1
84918,1
84919,2
84920,2
84921,3
84922,2
84923,0
84924,2
84925,2
84926,3
84927,2
84928,2
84929,2
84930,2
84931,2
84932,3
84933,2
84934,2
84935,2
84936,2
84937,2
84938,2
84939,2
84940,2
84941,3
84942,0
84943,2
84944,0
84945,0
84946,2
84947,0
84948,2
84949,2
84950,2
84951,2
84952,2
84953,2
84954,2
84955,2
84956,2
84957,2
84958,2
84959,2
84960,2
84961,2
84962,2
84963,1
84964,3
84965,1
84966,3
84967,3
84968,3
84969,2
84970,3
84971,3
84972,2
84973,2
84974,2
84975,2
84976,3
84977,3
84978,3
84979,3
84980,2
84981,2
84982,1
84983,2
84984,2
84985,2
84986,2
84987,2
84988,2
84989,2
84990,2
84991,2
84992,2
84993,2
84994,0
84995,0
84996,1
84997,1
84998,1
84999,0
85000,0
85001,0
85002,0
85003,3
85004,3
85005,3
85006,3
85007,2
85008,3
85009,3
85010,3
85011,3
85012,3
85013,2
85014,2
85015,2
85016,2
85017,2
85018,3
85019,2
85020,2
85021,2
85022,2
85023,2
85024,2
85025,3
85026,3
85027,3
85028,3
85029,3
85030,3
85031,3
85032,1
85033,0
85034,3
85035,0
85036,2
85037,2
85038,2
85039,2
85040,2
85041,2
85042,2
85043,2
85044,2
85045,3
85046,3
85047,3
85048,2
85049,2
85050,3
85051,2
85052,2
85053,3
85054,3
85055,2
85056,2
85057,2
85058,3
85059,2
85060,2
85061,2
85062,2
85063,2
85064,0
85065,2
85066,0
85067,0
85068,3
85069,3
85070,2
85071,2
85072,2
85073,2
85074,2
85075,3
85076,2
85077,2
85078,0
85079,0
85080,0
85081,0
85082,0
85083,0
85084,2
85085,2
85086,2
85087,3
85088,3
85089,2
85090,2
85091,2
85092,2
85093,2
85094,2
85095,2
85096,3
85097,2
85098,3
85099,0
85100,0
85101,3
85102,0
85103,0
85104,3
85105,0
85106,2
85107,2
85108,3
85109,0
85110,3
85111,2
85112,3
85113,1
85114,1
85115,3
85116,0
85117,0
85118,3
85119,0
85120,0
85121,0
85122,0
85123,0
85124,0
85125,1
85126,2
85127,2
85128,1
85129,3
85130,3
85131,2
85132,3
85133,0
85134,3
85135,2
85136,1
85137,1
85138,1
85139,1
85140,3
85141,1
85142,1
85143,1
85144,1
85145,1
85146,0
85147,0
85148,2
85149,2
85150,2
85151,2
85152,2
85153,2
85154,3
85155,2
85156,2
85157,3
85158,2
85159,2
85160,3
85161,3
85162,2
85163,2
85164,2
85165,2
85166,2
85167,2
85168,3
85169,2
85170,2
85171,3
85172,3
85173,3
85174,3
85175,3
85176,1
85177,1
85178,3
85179,3
85180,3
85181,3
85182,2
85183,3
85184,3
85185,2
85186,2
85187,2
85188,2
85189,2
85190,2
85191,0
85192,1
85193,3
85194,1
85195,0
85196,3
85197,1
85198,1
85199,1
85200,1
85201,1
85202,0
85203,3
85204,3
85205,1
85206,3
85207,0
85208,0
85209,2
85210,2
85211,1
85212,5
85213,1
85214,2
85215,2
85216,3
85217,3
85218,0
85219,2
85220,1
85221,2
85222,2
85223,1
85224,1
85225,1
85226,3
85227,2
85228,3
85229,3
85230,3
85231,1
85232,1
85233,1
85234,3
85235,1
85236,1
85237,2
85238,3
85239,3
85240,3
85241,1
85242,1
85243,1
85244,3
85245,0
85246,3
85247,3
85248,3
85249,1
85250,1
85251,2
85252,2
85253,2
85254,3
85255,2
85256,2
85257,2
85258,2
85259,2
85260,2
85261,2
85262,3
85263,3
85264,1
85265,1
85266,1
85267,1
85268,1
85269,3
85270,3
85271,3
85272,3
85273,1
85274,2
85275,2
85276,2
85277,2
85278,2
85279,2
85280,2
85281,1
85282,3
85283,2
85284,2
85285,2
85286,0
85287,0
85288,0
85289,2
85290,3
85291,3
85292,2
85293,2
85294,2
85295,2
85296,2
85297,2
85298,2
85299,1
85300,1
85301,3
85302,1
85303,1
85304,1
85305,1
85306,1
85307,2
85308,3
85309,3
85310,2
85311,2
85312,2
85313,2
85314,3
85315,3
85316,3
85317,3
85318,3
85319,3
85320,2
85321,3
85322,3
85323,1
85324,2
85325,2
85326,2
85327,3
85328,2
85329,2
85330,4
85331,2
85332,3
85333,3
85334,0
85335,3
85336,3
85337,3
85338,3
85339,3
85340,2
85341,0
85342,2
85343,3
85344,1
85345,3
85346,3
85347,3
85348,3
85349,3
85350,1
85351,3
85352,1
85353,3
85354,3
85355,1
85356,3
85357,2
85358,3
85359,3
85360,3
85361,3
85362,3
85363,3
85364,3
85365,3
85366,3
85367,2
85368,2
85369,2
85370,2
85371,3
85372,3
85373,3
85374,3
85375,3
85376,3
85377,3
85378,3
85379,3
85380,3
85381,3
85382,3
85383,2
85384,3
85385,2
85386,3
85387,2
85388,3
85389,2
85390,2
85391,2
85392,2
85393,3
85394,2
85395,0
85396,0
85397,0
85398,0
85399,0
85400,0
85401,0
85402,0
85403,3
85404,3
85405,2
85406,2
85407,2
85408,3
85409,3
85410,3
85411,3
85412,2
85413,2
85414,2
85415,2
85416,2
85417,1
85418,2
85419,2
85420,3
85421,2
85422,2
85423,2
85424,3
85425,3
85426,2
85427,3
85428,2
85429,3
85430,1
85431,1
85432,3
85433,3
85434,3
85435,3
85436,3
85437,3
85438,3
85439,3
85440,3
85441,3
85442,3
85443,3
85444,3
85445,3
85446,2
85447,3
85448,2
85449,2
85450,2
85451,2
85452,2
85453,2
85454,0
85455,0
85456,2
85457,0
85458,0
85459,0
85460,3
85461,3
85462,3
85463,0
85464,3
85465,0
85466,0
85467,3
85468,0
85469,3
85470,3
85471,3
85472,3
85473,3
85474,2
85475,3
85476,2
85477,2
85478,1
85479,2
85480,2
85481,3
85482,3
85483,1
85484,1
85485,2
85486,2
85487,1
85488,0
85489,2
85490,3
85491,0
85492,2
85493,3
85494,3
85495,3
85496,0
85497,2
85498,3
85499,2
85500,3
85501,2
85502,0
85503,2
85504,0
85505,3
85506,2
85507,2
85508,2
85509,2
85510,2
85511,2
85512,2
85513,0
85514,3
85515,2
85516,2
85517,2
85518,0
85519,2
85520,2
85521,2
85522,2
85523,2
85524,2
85525,0
85526,2
85527,0
85528,2
85529,2
85530,2
85531,2
85532,0
85533,3
85534,2
85535,3
85536,2
85537,2
85538,2
85539,2
85540,2
85541,2
85542,2
85543,2
85544,2
85545,2
85546,2
85547,0
85548,3
85549,2
85550,0
85551,0
85552,2
85553,2
85554,2
85555,2
85556,2
85557,2
85558,0
85559,0
85560,0
85561,0
85562,0
85563,0
85564,2
85565,2
85566,2
85567,2
85568,2
85569,0
85570,0
85571,0
85572,2
85573,0
85574,3
85575,0
85576,0
85577,2
85578,2
85579,0
85580,0
85581,0
85582,0
85583,0
85584,0
85585,0
85586,2
85587,0
85588,2
85589,0
85590,0
85591,2
85592,2
85593,2
85594,0
85595,2
85596,2
85597,2
85598,2
85599,0
85600,2
85601,2
85602,2
85603,0
85604,3
85605,3
85606,2
85607,2
85608,2
85609,2
85610,2
85611,0
85612,2
85613,2
85614,2
85615,2
85616,2
85617,2
85618,2
85619,2
85620,3
85621,2
85622,2
85623,2
85624,0
85625,2
85626,2
85627,2
85628,2
85629,3
85630,2
85631,2
85632,3
85633,2
85634,2
85635,2
85636,2
85637,2
85638,0
85639,2
85640,2
85641,0
85642,2
85643,2
85644,0
85645,0
85646,3
85647,2
85648,3
85649,2
85650,2
85651,0
85652,3
85653,2
85654,2
85655,2
85656,2
85657,2
85658,2
85659,2
85660,3
85661,2
85662,0
85663,2
85664,0
85665,2
85666,2
85667,3
85668,1
85669,2
85670,0
85671,2
85672,2
85673,0
85674,2
85675,2
85676,0
85677,2
85678,2
85679,0
85680,2
85681,2
85682,2
85683,2
85684,2
85685,2
85686,3
85687,3
85688,3
85689,3
85690,3
85691,2
85692,3
85693,3
85694,3
85695,3
85696,3
85697,2
85698,0
85699,2
85700,2
85701,0
85702,3
85703,0
85704,1
85705,1
85706,1
85707,1
85708,1
85709,1
85710,1
85711,1
85712,1
85713,1
85714,3
85715,1
85716,1
85717,1
85718,1
85719,1
85720,1
85721,1
85722,1
85723,1
85724,1
85725,1
85726,1
85727,1
85728,1
85729,1
85730,1
85731,1
85732,1
85733,1
85734,1
85735,1
85736,1
85737,1
85738,1
85739,1
85740,1
85741,1
85742,1
85743,3
85744,1
85745,1
85746,1
85747,1
85748,1
85749,1
85750,1
85751,1
85752,1
85753,1
85754,1
85755,1
85756,1
85757,1
85758,1
85759,1
85760,1
85761,1
85762,1
85763,1
85764,1
85765,1
85766,1
85767,1
85768,1
85769,1
85770,3
85771,3
85772,1
85773,1
85774,1
85775,2
85776,2
85777,0
85778,2
85779,2
85780,3
85781,2
85782,0
85783,2
85784,1
85785,2
85786,3
85787,3
85788,3
85789,2
85790,2
85791,2
85792,2
85793,2
85794,2
85795,2
85796,2
85797,2
85798,2
85799,2
85800,2
85801,2
85802,2
85803,2
85804,2
85805,1
85806,1
85807,2
85808,2
85809,2
85810,3
85811,0
85812,3
85813,2
85814,2
85815,2
85816,2
85817,2
85818,2
85819,2
85820,2
85821,2
85822,2
85823,2
85824,0
85825,2
85826,2
85827,1
85828,2
85829,1
85830,1
85831,3
85832,2
85833,2
85834,2
85835,2
85836,2
85837,0
85838,0
85839,0
85840,3
85841,2
85842,2
85843,2
85844,0
85845,2
85846,2
85847,0
85848,2
85849,2
85850,2
85851,0
85852,2
85853,2
85854,2
85855,3
85856,2
85857,2
85858,0
85859,2
85860,2
85861,2
85862,2
85863,2
85864,0
85865,0
85866,0
85867,0
85868,2
85869,2
85870,2
85871,2
85872,2
85873,2
85874,1
85875,2
85876,2
85877,2
85878,2
85879,2
85880,2
85881,2
85882,2
85883,2
85884,2
85885,2
85886,0
85887,2
85888,3
85889,2
85890,0
85891,2
85892,3
85893,3
85894,2
85895,3
85896,1
85897,3
85898,3
85899,2
85900,2
85901,2
85902,1
85903,2
85904,1
85905,1
85906,1
85907,1
85908,0
85909,2
85910,2
85911,3
85912,3
85913,1
85914,0
85915,2
85916,2
85917,2
85918,3
85919,3
85920,2
85921,2
85922,3
85923,2
85924,2
85925,2
85926,2
85927,2
85928,2
85929,2
85930,2
85931,2
85932,2
85933,2
85934,2
85935,2
85936,2
85937,3
85938,2
85939,3
85940,2
85941,2
85942,0
85943,2
85944,0
85945,2
85946,2
85947,2
85948,2
85949,2
85950,0
85951,2
85952,2
85953,2
85954,2
85955,0
85956,2
85957,0
85958,0
85959,2
85960,2
85961,2
85962,3
85963,1
85964,3
85965,2
85966,2
85967,2
85968,3
85969,2
85970,2
85971,2
85972,3
85973,0
85974,3
85975,3
85976,0
85977,0
85978,0
85979,3
85980,3
85981,2
85982,2
85983,2
85984,3
85985,3
85986,3
85987,3
85988,2
85989,3
85990,3
85991,3
85992,2
85993,2
85994,3
85995,3
85996,2
85997,1
85998,1
85999,1
86000,0
86001,1
86002,3
86003,1
86004,3
86005,0
86006,0
86007,0
86008,0
86009,0
86010,0
86011,0
86012,2
86013,2
86014,2
86015,2
86016,2
86017,0
86018,2
86019,2
86020,2
86021,2
86022,2
86023,0
86024,2
86025,2
86026,2
86027,2
86028,2
86029,2
86030,2
86031,2
86032,2
86033,3
86034,2
86035,2
86036,3
86037,3
86038,3
86039,2
86040,2
86041,2
86042,2
86043,2
86044,2
86045,2
86046,2
86047,2
86048,2
86049,2
86050,3
86051,2
86052,2
86053,2
86054,3
86055,3
86056,2
86057,0
86058,0
86059,3
86060,3
86061,0
86062,3
86063,2
86064,2
86065,2
86066,0
86067,2
86068,2
86069,2
86070,2
86071,2
86072,2
86073,2
86074,2
86075,2
86076,2
86077,2
86078,2
86079,2
86080,2
86081,2
86082,3
86083,2
86084,2
86085,2
86086,2
86087,2
86088,2
86089,3
86090,2
86091,2
86092,2
86093,2
86094,2
86095,2
86096,1
86097,3
86098,3
86099,1
86100,1
86101,1
86102,1
86103,1
86104,3
86105,3
86106,2
86107,3
86108,3
86109,3
86110,3
86111,3
86112,3
86113,3
86114,1
86115,3
86116,1
86117,1
86118,2
86119,2
86120,2
86121,2
86122,2
86123,2
86124,0
86125,0
86126,2
86127,2
86128,2
86129,3
86130,2
86131,2
86132,2
86133,2
86134,2
86135,2
86136,2
86137,2
86138,2
86139,2
86140,2
86141,2
86142,1
86143,3
86144,1
86145,3
86146,3
86147,3
86148,2
86149,0
86150,2
86151,3
86152,3
86153,2
86154,3
86155,2
86156,2
86157,2
86158,0
86159,2
86160,1
86161,1
86162,3
86163,3
86164,1
86165,2
86166,0
86167,2
86168,1
86169,3
86170,3
86171,3
86172,3
86173,1
86174,2
86175,3
86176,2
86177,1
86178,0
86179,0
86180,1
86181,3
86182,3
86183,0
86184,2
86185,2
86186,2
86187,2
86188,2
86189,2
86190,2
86191,2
86192,2
86193,2
86194,2
86195,2
86196,2
86197,2
86198,1
86199,2
86200,2
86201,2
86202,2
86203,2
86204,2
86205,2
86206,2
86207,2
86208,2
86209,2
86210,0
86211,2
86212,2
86213,2
86214,2
86215,2
86216,2
86217,2
86218,2
86219,2
86220,2
86221,2
86222,2
86223,2
86224,2
86225,2
86226,0
86227,2
86228,0
86229,2
86230,0
86231,0
86232,0
86233,2
86234,0
86235,0
86236,2
86237,3
86238,3
86239,3
86240,3
86241,2
86242,2
86243,2
86244,0
86245,2
86246,2
86247,2
86248,3
86249,2
86250,3
86251,3
86252,3
86253,1
86254,2
86255,2
86256,3
86257,3
86258,3
86259,1
86260,3
86261,3
86262,3
86263,2
86264,3
86265,3
86266,2
86267,2
86268,3
86269,3
86270,0
86271,2
86272,3
86273,3
86274,0
86275,0
86276,0
86277,3
86278,2
86279,2
86280,2
86281,2
86282,2
86283,2
86284,3
86285,2
86286,2
86287,2
86288,2
86289,2
86290,2
86291,2
86292,3
86293,3
86294,3
86295,2
86296,3
86297,2
86298,0
86299,2
86300,2
86301,2
86302,2
86303,2
86304,2
86305,2
86306,2
86307,0
86308,3
86309,3
86310,3
86311,2
86312,2
86313,1
86314,1
86315,3
86316,2
86317,3
86318,2
86319,2
86320,2
86321,2
86322,3
86323,2
86324,2
86325,3
86326,2
86327,3
86328,3
86329,1
86330,1
86331,1
86332,2
86333,3
86334,3
86335,2
86336,2
86337,0
86338,2
86339,2
86340,2
86341,2
86342,2
86343,2
86344,2
86345,2
86346,2
86347,2
86348,2
86349,0
86350,2
86351,3
86352,2
86353,2
86354,0
86355,2
86356,2
86357,2
86358,3
86359,2
86360,2
86361,2
86362,2
86363,2
86364,2
86365,3
86366,3
86367,3
86368,3
86369,3
86370,3
86371,2
86372,3
86373,2
86374,2
86375,2
86376,3
86377,2
86378,2
86379,0
86380,3
86381,2
86382,0
86383,0
86384,0
86385,2
86386,0
86387,0
86388,2
86389,0
86390,3
86391,1
86392,3
86393,0
86394,0
86395,3
86396,0
86397,3
86398,0
86399,3
86400,2
86401,3
86402,0
86403,2
86404,0
86405,2
86406,2
86407,3
86408,0
86409,0
86410,2
86411,2
86412,2
86413,3
86414,2
86415,2
86416,2
86417,2
86418,2
86419,2
86420,2
86421,2
86422,2
86423,3
86424,1
86425,2
86426,0
86427,2
86428,0
86429,0
86430,0
86431,2
86432,0
86433,2
86434,0
86435,0
86436,0
86437,2
86438,2
86439,3
86440,2
86441,0
86442,2
86443,2
86444,2
86445,2
86446,0
86447,0
86448,2
86449,2
86450,0
86451,2
86452,2
86453,2
86454,2
86455,2
86456,2
86457,2
86458,2
86459,2
86460,2
86461,2
86462,0
86463,2
86464,2
86465,0
86466,2
86467,0
86468,2
86469,2
86470,2
86471,3
86472,2
86473,2
86474,2
86475,0
86476,0
86477,2
86478,2
86479,2
86480,2
86481,3
86482,3
86483,0
86484,2
86485,2
86486,2
86487,2
86488,2
86489,2
86490,2
86491,2
86492,2
86493,0
86494,2
86495,2
86496,0
86497,2
86498,2
86499,0
86500,0
86501,2
86502,1
86503,2
86504,2
86505,2
86506,0
86507,0
86508,2
86509,2
86510,2
86511,3
86512,2
86513,2
86514,2
86515,2
86516,2
86517,2
86518,2
86519,2
86520,2
86521,2
86522,2
86523,2
86524,3
86525,3
86526,3
86527,3
86528,3
86529,0
86530,0
86531,0
86532,0
86533,3
86534,2
86535,2
86536,3
86537,2
86538,2
86539,0
86540,2
86541,2
86542,2
86543,2
86544,2
86545,2
86546,0
86547,2
86548,2
86549,2
86550,3
86551,2
86552,2
86553,2
86554,2
86555,2
86556,0
86557,2
86558,0
86559,2
86560,3
86561,0
86562,0
86563,2
86564,2
86565,3
86566,2
86567,3
86568,0
86569,3
86570,0
86571,0
86572,3
86573,0
86574,3
86575,3
86576,3
86577,3
86578,3
86579,3
86580,3
86581,3
86582,3
86583,3
86584,2
86585,2
86586,3
86587,3
86588,3
86589,2
86590,2
86591,2
86592,2
86593,2
86594,2
86595,0
86596,2
86597,3
86598,2
86599,0
86600,2
86601,2
86602,2
86603,0
86604,2
86605,3
86606,3
86607,2
86608,3
86609,2
86610,2
86611,2
86612,0
86613,2
86614,0
86615,0
86616,0
86617,2
86618,2
86619,3
86620,2
86621,2
86622,2
86623,2
86624,2
86625,2
86626,2
86627,0
86628,0
86629,0
86630,3
86631,3
86632,2
86633,2
86634,2
86635,3
86636,2
86637,3
86638,2
86639,2
86640,2
86641,2
86642,0
86643,2
86644,2
86645,2
86646,2
86647,2
86648,0
86649,3
86650,3
86651,2
86652,3
86653,2
86654,2
86655,2
86656,2
86657,2
86658,2
86659,2
86660,2
86661,2
86662,2
86663,2
86664,2
86665,2
86666,1
86667,2
86668,3
86669,3
86670,2
86671,3
86672,2
86673,2
86674,2
86675,3
86676,2
86677,3
86678,0
86679,2
86680,2
86681,2
86682,2
86683,2
86684,0
86685,2
86686,0
86687,0
86688,0
86689,2
86690,2
86691,0
86692,0
86693,0
86694,2
86695,2
86696,2
86697,2
86698,2
86699,2
86700,2
86701,2
86702,2
86703,2
86704,2
86705,2
86706,2
86707,0
86708,0
86709,2
86710,0
86711,0
86712,2
86713,2
86714,2
86715,2
86716,2
86717,2
86718,2
86719,2
86720,2
86721,2
86722,2
86723,2
86724,2
86725,3
86726,0
86727,0
86728,0
86729,2
86730,0
86731,0
86732,0
86733,0
86734,0
86735,3
86736,3
86737,2
86738,0
86739,0
86740,0
86741,0
86742,2
86743,2
86744,2
86745,1
86746,1
86747,1
86748,3
86749,3
86750,2
86751,2
86752,2
86753,3
86754,2
86755,3
86756,3
86757,3
86758,2
86759,2
86760,3
86761,3
86762,2
86763,3
86764,3
86765,2
86766,0
86767,0
86768,3
86769,2
86770,2
86771,2
86772,2
86773,2
86774,0
86775,2
86776,2
86777,3
86778,3
86779,2
86780,0
86781,0
86782,0
86783,0
86784,2
86785,2
86786,3
86787,0
86788,2
86789,2
86790,0
86791,3
86792,3
86793,1
86794,3
86795,3
86796,3
86797,3
86798,3
86799,3
86800,3
86801,3
86802,2
86803,3
86804,2
86805,2
86806,3
86807,2
86808,3
86809,3
86810,2
86811,3
86812,2
86813,3
86814,2
86815,2
86816,3
86817,3
86818,2
86819,2
86820,3
86821,0
86822,2
86823,2
86824,2
86825,2
86826,3
86827,3
86828,0
86829,2
86830,2
86831,3
86832,3
86833,0
86834,2
86835,3
86836,0
86837,2
86838,3
86839,2
86840,3
86841,3
86842,0
86843,2
86844,2
86845,3
86846,2
86847,2
86848,2
86849,2
86850,2
86851,2
86852,2
86853,2
86854,2
86855,2
86856,3
86857,0
86858,2
86859,0
86860,2
86861,0
86862,2
86863,2
86864,2
86865,2
86866,2
86867,0
86868,0
86869,3
86870,0
86871,3
86872,3
86873,3
86874,2
86875,0
86876,0
86877,2
86878,3
86879,3
86880,0
86881,0
86882,0
86883,3
86884,3
86885,3
86886,3
86887,3
86888,0
86889,0
86890,2
86891,2
86892,2
86893,2
86894,2
86895,3
86896,3
86897,3
86898,2
86899,0
86900,2
86901,2
86902,0
86903,0
86904,0
86905,0
86906,0
86907,0
86908,0
86909,1
86910,1
86911,1
86912,1
86913,1
86914,2
86915,2
86916,0
86917,1
86918,3
86919,0
86920,3
86921,3
86922,3
86923,3
86924,2
86925,2
86926,2
86927,2
86928,2
86929,3
86930,2
86931,2
86932,2
86933,2
86934,2
86935,3
86936,2
86937,2
86938,2
86939,2
86940,2
86941,2
86942,3
86943,3
86944,2
86945,2
86946,2
86947,2
86948,2
86949,2
86950,2
86951,2
86952,2
86953,2
86954,2
86955,3
86956,2
86957,2
86958,2
86959,2
86960,2
86961,3
86962,2
86963,2
86964,2
86965,0
86966,2
86967,2
86968,2
86969,2
86970,2
86971,2
86972,0
86973,2
86974,0
86975,0
86976,2
86977,2
86978,3
86979,2
86980,2
86981,0
86982,0
86983,2
86984,2
86985,2
86986,2
86987,2
86988,3
86989,2
86990,2
86991,2
86992,3
86993,3
86994,3
86995,3
86996,3
86997,2
86998,2
86999,2
87000,2
87001,2
87002,2
87003,2
87004,2
87005,2
87006,2
87007,2
87008,2
87009,2
87010,2
87011,2
87012,2
87013,2
87014,2
87015,2
87016,2
87017,2
87018,2
87019,2
87020,2
87021,0
87022,2
87023,2
87024,2
87025,2
87026,2
87027,0
87028,2
87029,2
87030,3
87031,3
87032,2
87033,0
87034,2
87035,2
87036,2
87037,2
87038,2
87039,2
87040,3
87041,2
87042,2
87043,2
87044,2
87045,2
87046,2
87047,2
87048,2
87049,2
87050,2
87051,2
87052,2
87053,2
87054,2
87055,2
87056,2
87057,2
87058,2
87059,2
87060,2
87061,2
87062,2
87063,2
87064,2
87065,2
87066,2
87067,2
87068,2
87069,2
87070,2
87071,0
87072,0
87073,0
87074,3
87075,0
87076,0
87077,0
87078,0
87079,0
87080,3
87081,2
87082,2
87083,2
87084,2
87085,2
87086,2
87087,2
87088,3
87089,2
87090,2
87091,2
87092,2
87093,2
87094,2
87095,2
87096,2
87097,2
87098,3
87099,3
87100,3
87101,3
87102,2
87103,2
87104,2
87105,2
87106,2
87107,2
87108,3
87109,0
87110,2
87111,3
87112,0
87113,3
87114,3
87115,3
87116,2
87117,0
87118,3
87119,3
87120,2
87121,3
87122,3
87123,3
87124,3
87125,3
87126,3
87127,3
87128,3
87129,2
87130,3
87131,3
87132,2
87133,2
87134,2
87135,2
87136,2
87137,2
87138,2
87139,2
87140,2
87141,2
87142,2
87143,2
87144,2
87145,3
87146,3
87147,2
87148,2
87149,3
87150,2
87151,2
87152,0
87153,3
87154,0
87155,0
87156,0
87157,2
87158,2
87159,3
87160,0
87161,2
87162,2
87163,3
87164,2
87165,3
87166,0
87167,2
87168,2
87169,2
87170,0
87171,2
87172,2
87173,2
87174,2
87175,2
87176,3
87177,0
87178,0
87179,3
87180,2
87181,2
87182,2
87183,2
87184,2
87185,2
87186,2
87187,2
87188,2
87189,2
87190,2
87191,2
87192,2
87193,2
87194,3
87195,2
87196,2
87197,2
87198,2
87199,2
87200,2
87201,3
87202,2
87203,0
87204,2
87205,2
87206,2
87207,3
87208,3
87209,2
87210,2
87211,3
87212,3
87213,1
87214,3
87215,3
87216,0
87217,2
87218,2
87219,2
87220,2
87221,2
87222,2
87223,2
87224,3
87225,2
87226,2
87227,2
87228,3
87229,2
87230,3
87231,2
87232,2
87233,2
87234,2
87235,2
87236,3
87237,2
87238,2
87239,2
87240,1
87241,2
87242,2
87243,0
87244,3
87245,3
87246,2
87247,0
87248,0
87249,2
87250,0
87251,2
87252,0
87253,3
87254,2
87255,2
87256,3
87257,2
87258,0
87259,0
87260,2
87261,2
87262,2
87263,2
87264,2
87265,2
87266,2
87267,2
87268,2
87269,0
87270,0
87271,2
87272,2
87273,2
87274,2
87275,2
87276,0
87277,0
87278,2
87279,2
87280,3
87281,3
87282,2
87283,2
87284,2
87285,2
87286,2
87287,0
87288,0
87289,2
87290,2
87291,0
87292,0
87293,2
87294,2
87295,2
87296,2
87297,0
87298,2
87299,2
87300,1
87301,0
87302,2
87303,2
87304,3
87305,2
87306,2
87307,0
87308,0
87309,0
87310,0
87311,2
87312,0
87313,2
87314,0
87315,2
87316,2
87317,2
87318,3
87319,3
87320,0
87321,0
87322,2
87323,0
87324,0
87325,2
87326,0
87327,3
87328,3
87329,0
87330,0
87331,2
87332,0
87333,3
87334,3
87335,0
87336,0
87337,3
87338,1
87339,0
87340,0
87341,2
87342,2
87343,2
87344,2
87345,0
87346,0
87347,0
87348,0
87349,0
87350,0
87351,0
87352,0
87353,0
87354,2
87355,0
87356,0
87357,0
87358,0
87359,2
87360,2
87361,2
87362,0
87363,0
87364,0
87365,0
87366,2
87367,0
87368,1
87369,3
87370,0
87371,0
87372,3
87373,0
87374,1
87375,1
87376,2
87377,2
87378,1
87379,3
87380,0
87381,0
87382,2
87383,0
87384,3
87385,2
87386,2
87387,0
87388,0
87389,0
87390,0
87391,3
87392,3
87393,3
87394,2
87395,1
87396,0
87397,3
87398,2
87399,2
87400,2
87401,3
87402,3
87403,2
87404,2
87405,2
87406,2
87407,2
87408,2
87409,2
87410,2
87411,0
87412,0
87413,2
87414,3
87415,2
87416,2
87417,3
87418,2
87419,2
87420,2
87421,2
87422,0
87423,3
87424,2
87425,2
87426,2
87427,2
87428,2
87429,2
87430,1
87431,1
87432,2
87433,2
87434,2
87435,2
87436,2
87437,2
87438,0
87439,2
87440,2
87441,2
87442,2
87443,2
87444,2
87445,2
87446,2
87447,0
87448,2
87449,2
87450,2
87451,2
87452,0
87453,3
87454,3
87455,1
87456,2
87457,2
87458,1
87459,2
87460,2
87461,2
87462,2
87463,2
87464,2
87465,2
87466,2
87467,3
87468,3
87469,1
87470,1
87471,1
87472,2
87473,2
87474,3
87475,2
87476,2
87477,3
87478,0
87479,0
87480,1
87481,1
87482,1
87483,1
87484,1
87485,1
87486,1
87487,1
87488,1
87489,3
87490,3
87491,3
87492,3
87493,2
87494,1
87495,1
87496,1
87497,1
87498,1
87499,1
87500,1
87501,1
87502,2
87503,2
87504,2
87505,1
87506,2
87507,2
87508,2
87509,2
87510,1
87511,2
87512,3
87513,1
87514,1
87515,1
87516,3
87517,3
87518,3
87519,0
87520,3
87521,3
87522,3
87523,3
87524,1
87525,1
87526,0
87527,3
87528,3
87529,1
87530,1
87531,3
87532,2
87533,3
87534,3
87535,3
87536,3
87537,2
87538,3
87539,2
87540,3
87541,0
87542,2
87543,3
87544,3
87545,1
87546,1
87547,1
87548,2
87549,2
87550,2
87551,0
87552,2
87553,2
87554,2
87555,2
87556,2
87557,2
87558,2
87559,2
87560,2
87561,3
87562,2
87563,2
87564,3
87565,3
87566,3
87567,3
87568,3
87569,1
87570,0
87571,1
87572,3
87573,2
87574,2
87575,2
87576,3
87577,3
87578,3
87579,2
87580,3
87581,2
87582,2
87583,3
87584,2
87585,2
87586,3
87587,3
87588,2
87589,3
87590,3
87591,0
87592,3
87593,1
87594,0
87595,2
87596,2
87597,2
87598,2
87599,0
87600,3
87601,3
87602,1
87603,1
87604,3
87605,3
87606,1
87607,1
87608,0
87609,0
87610,3
87611,2
87612,2
87613,3
87614,3
87615,2
87616,1
87617,1
87618,1
87619,1
87620,2
87621,2
87622,2
87623,2
87624,2
87625,2
87626,1
87627,2
87628,3
87629,3
87630,1
87631,3
87632,1
87633,3
87634,2
87635,3
87636,3
87637,2
87638,1
87639,3
87640,3
87641,1
87642,2
87643,2
87644,3
87645,2
87646,2
87647,2
87648,3
87649,2
87650,3
87651,3
87652,3
87653,2
87654,3
87655,3
87656,3
87657,3
87658,2
87659,2
87660,2
87661,2
87662,2
87663,2
87664,2
87665,3
87666,3
87667,1
87668,2
87669,3
87670,2
87671,1
87672,1
87673,1
87674,1
87675,1
87676,1
87677,2
87678,2
87679,2
87680,2
87681,1
87682,2
87683,3
87684,1
87685,1
87686,1
87687,2
87688,2
87689,2
87690,2
87691,2
87692,2
87693,2
87694,2
87695,1
87696,0
87697,1
87698,1
87699,2
87700,1
87701,3
87702,1
87703,1
87704,2
87705,3
87706,1
87707,3
87708,3
87709,3
87710,3
87711,3
87712,3
87713,2
87714,1
87715,3
87716,3
87717,3
87718,0
87719,1
87720,3
87721,2
87722,3
87723,1
87724,2
87725,2
87726,1
87727,1
87728,3
87729,3
87730,3
87731,3
87732,1
87733,3
87734,3
87735,3
87736,1
87737,3
87738,1
87739,1
87740,3
87741,3
87742,3
87743,3
87744,2
87745,3
87746,1
87747,3
87748,3
87749,1
87750,1
87751,1
87752,1
87753,1
87754,1
87755,3
87756,1
87757,1
87758,1
87759,2
87760,2
87761,3
87762,2
87763,2
87764,2
87765,2
87766,2
87767,2
87768,2
87769,2
87770,2
87771,2
87772,2
87773,2
87774,2
87775,2
87776,2
87777,2
87778,2
87779,2
87780,2
87781,2
87782,2
87783,2
87784,2
87785,2
87786,2
87787,2
87788,2
87789,2
87790,2
87791,2
87792,2
87793,2
87794,2
87795,2
87796,2
87797,2
87798,2
87799,2
87800,2
87801,2
87802,2
87803,2
87804,2
87805,1
87806,1
87807,1
87808,1
87809,2
87810,2
87811,2
87812,2
87813,2
87814,3
87815,0
87816,0
87817,0
87818,0
87819,0
87820,1
87821,1
87822,2
87823,0
87824,0
87825,1
87826,1
87827,1
87828,1
87829,1
87830,2
87831,2
87832,1
87833,1
87834,2
87835,0
87836,2
87837,2
87838,2
87839,2
87840,2
87841,2
87842,2
87843,2
87844,2
87845,2
87846,2
87847,2
87848,2
87849,2
87850,2
87851,2
87852,3
87853,2
87854,2
87855,2
87856,2
87857,0
87858,2
87859,2
87860,2
87861,3
87862,0
87863,2
87864,2
87865,2
87866,2
87867,2
87868,2
87869,3
87870,1
87871,1
87872,1
87873,1
87874,1
87875,1
87876,1
87877,3
87878,3
87879,3
87880,3
87881,3
87882,3
87883,3
87884,2
87885,2
87886,2
87887,2
87888,2
87889,2
87890,2
87891,2
87892,2
87893,2
87894,2
87895,2
87896,2
87897,2
87898,2
87899,2
87900,3
87901,2
87902,2
87903,3
87904,3
87905,2
87906,3
87907,2
87908,2
87909,2
87910,2
87911,3
87912,2
87913,3
87914,2
87915,2
87916,2
87917,2
87918,2
87919,2
87920,2
87921,2
87922,2
87923,2
87924,2
87925,2
87926,2
87927,2
87928,2
87929,1
87930,1
87931,2
87932,2
87933,1
87934,1
87935,1
87936,2
87937,2
87938,3
87939,2
87940,2
87941,1
87942,2
87943,2
87944,2
87945,2
87946,2
87947,2
87948,2
87949,2
87950,3
87951,2
87952,2
87953,2
87954,2
87955,3
87956,3
87957,2
87958,3
87959,3
87960,2
87961,2
87962,2
87963,2
87964,3
87965,3
87966,2
87967,2
87968,1
87969,1
87970,2
87971,2
87972,1
87973,2
87974,2
87975,2
87976,2
87977,2
87978,2
87979,2
87980,2
87981,2
87982,2
87983,2
87984,2
87985,2
87986,2
87987,2
87988,2
87989,3
87990,3
87991,1
87992,1
87993,1
87994,1
87995,1
87996,2
87997,2
87998,2
87999,2
88000,1
88001,1
88002,2
88003,2
88004,2
88005,2
88006,2
88007,2
88008,2
88009,2
88010,2
88011,3
88012,3
88013,3
88014,3
88015,3
88016,1
88017,2
88018,2
88019,2
88020,1
88021,2
88022,2
88023,2
88024,1
88025,2
88026,2
88027,2
88028,0
88029,2
88030,1
88031,2
88032,3
88033,1
88034,3
88035,0
88036,3
88037,3
88038,3
88039,1
88040,0
88041,0
88042,0
88043,0
88044,0
88045,3
88046,2
88047,2
88048,2
88049,2
88050,2
88051,1
88052,1
88053,1
88054,2
88055,2
88056,2
88057,3
88058,2
88059,2
88060,2
88061,2
88062,1
88063,3
88064,1
88065,1
88066,1
88067,2
88068,2
88069,2
88070,2
88071,2
88072,2
88073,2
88074,2
88075,2
88076,2
88077,2
88078,2
88079,2
88080,3
88081,2
88082,2
88083,2
88084,1
88085,0
88086,3
88087,2
88088,2
88089,2
88090,1
88091,1
88092,1
88093,3
88094,2
88095,2
88096,2
88097,2
88098,2
88099,2
88100,3
88101,3
88102,0
88103,0
88104,3
88105,1
88106,1
88107,0
88108,3
88109,3
88110,3
88111,2
88112,2
88113,2
88114,2
88115,2
88116,2
88117,2
88118,0
88119,1
88120,1
88121,1
88122,2
88123,2
88124,2
88125,2
88126,2
88127,2
88128,1
88129,0
88130,0
88131,2
88132,0
88133,1
88134,1
88135,2
88136,1
88137,1
88138,1
88139,1
88140,1
88141,1
88142,1
88143,0
88144,1
88145,2
88146,2
88147,1
88148,1
88149,2
88150,2
88151,2
88152,2
88153,2
88154,2
88155,1
88156,3
88157,2
88158,0
88159,2
88160,3
88161,1
88162,2
88163,1
88164,2
88165,2
88166,2
88167,2
88168,1
88169,1
88170,1
88171,1
88172,2
88173,2
88174,2
88175,2
88176,2
88177,2
88178,3
88179,3
88180,1
88181,1
88182,3
88183,3
88184,3
88185,3
88186,3
88187,3
88188,3
88189,3
88190,3
88191,3
88192,3
88193,0
88194,3
88195,3
88196,3
88197,2
88198,2
88199,3
88200,1
88201,3
88202,3
88203,3
88204,1
88205,3
88206,3
88207,3
88208,3
88209,0
88210,1
88211,3
88212,3
88213,3
88214,3
88215,1
88216,1
88217,1
88218,2
88219,3
88220,2
88221,2
88222,2
88223,3
88224,3
88225,0
88226,0
88227,0
88228,3
88229,3
88230,2
88231,2
88232,3
88233,1
88234,1
88235,2
88236,2
88237,2
88238,2
88239,2
88240,1
88241,3
88242,1
88243,3
88244,2
88245,3
88246,3
88247,3
88248,2
88249,2
88250,2
88251,2
88252,2
88253,3
88254,2
88255,2
88256,2
88257,3
88258,2
88259,2
88260,2
88261,3
88262,2
88263,2
88264,2
88265,2
88266,0
88267,3
88268,3
88269,2
88270,3
88271,1
88272,3
88273,0
88274,0
88275,1
88276,2
88277,2
88278,2
88279,2
88280,2
88281,2
88282,2
88283,2
88284,2
88285,3
88286,0
88287,0
88288,0
88289,3
88290,3
88291,3
88292,3
88293,2
88294,3
88295,3
88296,3
88297,3
88298,3
88299,0
88300,0
88301,0
88302,0
88303,0
88304,0
88305,0
88306,0
88307,0
88308,0
88309,1
88310,0
88311,0
88312,0
88313,0
88314,0
88315,0
88316,3
88317,3
88318,2
88319,0
88320,3
88321,3
88322,3
88323,3
88324,1
88325,3
88326,0
88327,3
88328,3
88329,3
88330,3
88331,3
88332,3
88333,1
88334,3
88335,3
88336,3
88337,3
88338,1
88339,3
88340,2
88341,3
88342,3
88343,3
88344,3
88345,0
88346,2
88347,3
88348,3
88349,3
88350,2
88351,2
88352,2
88353,3
88354,3
88355,3
88356,3
88357,2
88358,1
88359,1
88360,1
88361,3
88362,2
88363,2
88364,3
88365,3
88366,3
88367,3
88368,2
88369,1
88370,0
88371,3
88372,0
88373,2
88374,2
88375,0
88376,3
88377,3
88378,3
88379,3
88380,3
88381,3
88382,3
88383,3
88384,0
88385,1
88386,1
88387,0
88388,0
88389,3
88390,2
88391,2
88392,3
88393,3
88394,3
88395,3
88396,3
88397,3
88398,3
88399,2
88400,2
88401,3
88402,3
88403,2
88404,0
88405,3
88406,3
88407,2
88408,3
88409,3
88410,3
88411,2
88412,3
88413,2
88414,2
88415,3
88416,3
88417,3
88418,0
88419,0
88420,0
88421,0
88422,2
88423,2
88424,3
88425,3
88426,3
88427,3
88428,3
88429,3
88430,3
88431,3
88432,0
88433,3
88434,3
88435,3
88436,2
88437,2
88438,2
88439,1
88440,2
88441,3
88442,3
88443,2
88444,1
88445,0
88446,0
88447,0
88448,3
88449,3
88450,3
88451,1
88452,1
88453,3
88454,0
88455,3
88456,3
88457,3
88458,2
88459,3
88460,1
88461,0
88462,3
88463,2
88464,3
88465,2
88466,3
88467,0
88468,0
88469,0
88470,0
88471,3
88472,2
88473,1
88474,0
88475,3
88476,3
88477,0
88478,0
88479,0
88480,0
88481,0
88482,3
88483,2
88484,1
88485,3
88486,2
88487,3
88488,3
88489,2
88490,0
88491,2
88492,3
88493,3
88494,0
88495,0
88496,0
88497,0
88498,0
88499,1
88500,3
88501,3
88502,3
88503,3
88504,2
88505,0
88506,1
88507,0
88508,0
88509,0
88510,0
88511,3
88512,3
88513,2
88514,0
88515,0
88516,3
88517,0
88518,0
88519,0
88520,3
88521,2
88522,0
88523,0
88524,3
88525,3
88526,3
88527,3
88528,3
88529,3
88530,3
88531,0
88532,3
88533,3
88534,3
88535,3
88536,2
88537,3
88538,0
88539,3
88540,0
88541,0
88542,0
88543,0
88544,0
88545,0
88546,0
88547,0
88548,1
88549,3
88550,3
88551,0
88552,0
88553,1
88554,3
88555,3
88556,2
88557,2
88558,3
88559,2
88560,0
88561,2
88562,3
88563,3
88564,3
88565,3
88566,3
88567,2
88568,3
88569,2
88570,1
88571,3
88572,3
88573,2
88574,2
88575,2
88576,2
88577,2
88578,2
88579,3
88580,3
88581,3
88582,3
88583,3
88584,3
88585,0
88586,1
88587,3
88588,1
88589,0
88590,3
88591,0
88592,0
88593,0
88594,0
88595,1
88596,3
88597,0
88598,3
88599,3
88600,2
88601,3
88602,3
88603,3
88604,3
88605,3
88606,3
88607,3
88608,3
88609,3
88610,3
88611,3
88612,3
88613,2
88614,2
88615,3
88616,3
88617,3
88618,3
88619,3
88620,3
88621,0
88622,0
88623,3
88624,2
88625,3
88626,3
88627,2
88628,2
88629,1
88630,3
88631,1
88632,3
88633,3
88634,3
88635,3
88636,3
88637,1
88638,0
88639,3
88640,3
88641,1
88642,0
88643,0
88644,3
88645,3
88646,1
88647,0
88648,1
88649,1
88650,0
88651,0
88652,3
88653,3
88654,3
88655,1
88656,3
88657,3
88658,0
88659,0
88660,0
88661,2
88662,3
88663,1
88664,0
88665,3
88666,1
88667,3
88668,2
88669,2
88670,2
88671,0
88672,0
88673,0
88674,0
88675,0
88676,1
88677,1
88678,2
88679,3
88680,3
88681,3
88682,3
88683,2
88684,3
88685,3
88686,3
88687,2
88688,2
88689,2
88690,0
88691,2
88692,0
88693,0
88694,0
88695,0
88696,1
88697,3
88698,1
88699,0
88700,2
88701,3
88702,2
88703,2
88704,2
88705,0
88706,3
88707,0
88708,2
88709,3
88710,3
88711,3
88712,3
88713,3
88714,3
88715,1
88716,2
88717,2
88718,2
88719,0
88720,0
88721,1
88722,2
88723,3
88724,2
88725,2
88726,2
88727,2
88728,3
88729,3
88730,1
88731,2
88732,2
88733,3
88734,3
88735,2
88736,2
88737,2
88738,2
88739,1
88740,4
88741,2
88742,2
88743,2
88744,1
88745,3
88746,2
88747,2
88748,2
88749,1
88750,1
88751,0
88752,3
88753,3
88754,0
88755,0
88756,3
88757,2
88758,2
88759,2
88760,3
88761,1
88762,2
88763,3
88764,3
88765,1
88766,0
88767,3
88768,3
88769,1
88770,1
88771,1
88772,0
88773,1
88774,1
88775,3
88776,1
88777,1
88778,3
88779,0
88780,0
88781,3
88782,1
88783,3
88784,3
88785,2
88786,2
88787,1
88788,2
88789,3
88790,1
88791,2
88792,3
88793,1
88794,2
88795,3
88796,3
88797,3
88798,3
88799,3
88800,2
88801,2
88802,3
88803,1
88804,1
88805,1
88806,1
88807,1
88808,3
88809,2
88810,1
88811,3
88812,3
88813,3
88814,3
88815,3
88816,3
88817,2
88818,3
88819,3
88820,3
88821,3
88822,3
88823,3
88824,2
88825,3
88826,1
88827,3
88828,3
88829,2
88830,3
88831,1
88832,1
88833,3
88834,0
88835,1
88836,3
88837,3
88838,3
88839,3
88840,1
88841,3
88842,1
88843,0
88844,1
88845,0
88846,2
88847,3
88848,3
88849,0
88850,2
88851,3
88852,2
88853,1
88854,1
88855,2
88856,2
88857,3
88858,3
88859,3
88860,1
88861,0
88862,3
88863,3
88864,3
88865,1
88866,3
88867,3
88868,3
88869,2
88870,3
88871,1
88872,3
88873,3
88874,3
88875,3
88876,3
88877,3
88878,3
88879,3
88880,0
88881,3
88882,1
88883,1
88884,3
88885,3
88886,3
88887,1
88888,1
88889,1
88890,0
88891,3
88892,1
88893,0
88894,0
88895,1
88896,1
88897,0
88898,0
88899,0
88900,1
88901,1
88902,3
88903,1
88904,1
88905,1
88906,0
88907,0
88908,0
88909,1
88910,0
88911,3
88912,1
88913,0
88914,1
88915,3
88916,3
88917,3
88918,0
88919,0
88920,0
88921,3
88922,1
88923,3
88924,2
88925,3
88926,3
88927,3
88928,3
88929,2
88930,3
88931,2
88932,2
88933,2
88934,2
88935,2
88936,2
88937,2
88938,2
88939,2
88940,2
88941,2
88942,3
88943,2
88944,2
88945,2
88946,2
88947,2
88948,2
88949,2
88950,0
88951,0
88952,2
88953,3
88954,2
88955,2
88956,2
88957,2
88958,3
88959,2
88960,2
88961,2
88962,2
88963,3
88964,2
88965,2
88966,2
88967,1
88968,2
88969,1
88970,3
88971,3
88972,2
88973,2
88974,2
88975,2
88976,3
88977,0
88978,2
88979,3
88980,2
88981,2
88982,2
88983,2
88984,2
88985,2
88986,2
88987,2
88988,3
88989,0
88990,2
88991,3
88992,0
88993,2
88994,3
88995,2
88996,0
88997,2
88998,2
88999,2
89000,3
89001,2
89002,3
89003,3
89004,2
89005,2
89006,2
89007,3
89008,1
89009,1
89010,1
89011,1
89012,1
89013,1
89014,1
89015,1
89016,1
89017,1
89018,1
89019,1
89020,1
89021,1
89022,1
89023,0
89024,0
89025,0
89026,1
89027,1
89028,3
89029,2
89030,3
89031,1
89032,1
89033,3
89034,2
89035,3
89036,2
89037,1
89038,3
89039,3
89040,1
89041,3
89042,3
89043,3
89044,3
89045,3
89046,3
89047,3
89048,1
89049,3
89050,3
89051,3
89052,3
89053,3
89054,3
89055,3
89056,3
89057,3
89058,3
89059,3
89060,1
89061,2
89062,1
89063,3
89064,3
89065,3
89066,3
89067,1
89068,3
89069,3
89070,3
89071,3
89072,2
89073,3
89074,3
89075,2
89076,3
89077,1
89078,3
89079,3
89080,1
89081,3
89082,3
89083,3
89084,1
89085,3
89086,1
89087,1
89088,0
89089,0
89090,0
89091,0
89092,0
89093,1
89094,0
89095,0
89096,0
89097,3
89098,3
89099,3
89100,3
89101,2
89102,1
89103,1
89104,3
89105,1
89106,2
89107,1
89108,3
89109,1
89110,1
89111,2
89112,3
89113,1
89114,1
89115,3
89116,1
89117,3
89118,3
89119,1
89120,1
89121,1
89122,3
89123,3
89124,3
89125,1
89126,1
89127,1
89128,0
89129,3
89130,3
89131,1
89132,1
89133,3
89134,3
89135,1
89136,1
89137,0
89138,0
89139,0
89140,3
89141,3
89142,2
89143,3
89144,0
89145,1
89146,1
89147,3
89148,1
89149,1
89150,3
89151,2
89152,2
89153,0
89154,0
89155,0
89156,0
89157,0
89158,3
89159,0
89160,3
89161,3
89162,1
89163,3
89164,2
89165,2
89166,3
89167,3
89168,2
89169,2
89170,3
89171,3
89172,2
89173,1
89174,1
89175,1
89176,3
89177,3
89178,0
89179,3
89180,3
89181,2
89182,1
89183,3
89184,3
89185,3
89186,2
89187,2
89188,2
89189,2
89190,2
89191,2
89192,2
89193,2
89194,3
89195,1
89196,2
89197,2
89198,3
89199,2
89200,3
89201,2
89202,3
89203,3
89204,3
89205,2
89206,3
89207,2
89208,2
89209,3
89210,3
89211,3
89212,3
89213,2
89214,2
89215,3
89216,3
89217,3
89218,3
89219,3
89220,2
89221,0
89222,2
89223,0
89224,1
89225,3
89226,3
89227,0
89228,3
89229,1
89230,2
89231,2
89232,1
89233,2
89234,2
89235,2
89236,3
89237,2
89238,2
89239,1
89240,1
89241,0
89242,1
89243,3
89244,3
89245,1
89246,2
89247,3
89248,0
89249,0
89250,0
89251,3
89252,0
89253,0
89254,2
89255,3
89256,0
89257,2
89258,1
89259,0
89260,3
89261,0
89262,3
89263,0
89264,0
89265,0
89266,0
89267,0
89268,0
89269,2
89270,3
89271,0
89272,0
89273,3
89274,3
89275,2
89276,0
89277,0
89278,2
89279,1
89280,3
89281,3
89282,1
89283,3
89284,2
89285,2
89286,2
89287,1
89288,2
89289,3
89290,0
89291,4
89292,4
89293,4
89294,4
89295,2
89296,4
89297,4
89298,4
89299,4
89300,4
89301,4
89302,4
89303,2
89304,4
89305,4
89306,2
89307,2
89308,2
89309,3
89310,2
89311,2
89312,2
89313,3
89314,4
89315,2
89316,2
89317,2
89318,0
89319,2
89320,4
89321,2
89322,2
89323,2
89324,3
89325,3
89326,4
89327,2
89328,0
89329,0
89330,4
89331,2
89332,2
89333,4
89334,2
89335,3
89336,2
89337,2
89338,2
89339,2
89340,2
89341,2
89342,2
89343,4
89344,2
89345,4
89346,2
89347,2
89348,2
89349,2
89350,2
89351,2
89352,2
89353,2
89354,2
89355,2
89356,2
89357,2
89358,2
89359,4
89360,2
89361,4
89362,4
89363,2
89364,4
89365,2
89366,2
89367,2
89368,2
89369,2
89370,2
89371,2
89372,2
89373,2
89374,2
89375,2
89376,4
89377,2
89378,2
89379,2
89380,2
89381,2
89382,2
89383,2
89384,2
89385,2
89386,2
89387,2
89388,2
89389,2
89390,2
89391,2
89392,2
89393,2
89394,2
89395,3
89396,2
89397,2
89398,4
89399,2
89400,2
89401,2
89402,2
89403,2
89404,2
89405,4
89406,2
89407,2
89408,3
89409,4
89410,3
89411,3
89412,2
89413,2
89414,2
89415,2
89416,2
89417,2
89418,2
89419,2
89420,2
89421,2
89422,2
89423,2
89424,2
89425,2
89426,2
89427,2
89428,2
89429,2
89430,2
89431,4
89432,2
89433,2
89434,2
89435,2
89436,2
89437,2
89438,2
89439,2
89440,2
89441,2
89442,2
89443,2
89444,2
89445,2
89446,2
89447,2
89448,2
89449,2
89450,2
89451,2
89452,2
89453,2
89454,2
89455,2
89456,2
89457,2
89458,2
89459,2
89460,2
89461,2
89462,2
89463,2
89464,2
89465,2
89466,2
89467,2
89468,2
89469,2
89470,2
89471,2
89472,2
89473,2
89474,2
89475,2
89476,2
89477,2
89478,2
89479,2
89480,2
89481,2
89482,2
89483,2
89484,2
89485,2
89486,2
89487,2
89488,2
89489,2
89490,2
89491,2
89492,2
89493,2
89494,2
89495,2
89496,2
89497,2
89498,2
89499,2
89500,2
89501,2
89502,2
89503,2
89504,2
89505,2
89506,2
89507,2
89508,2
89509,2
89510,2
89511,2
89512,2
89513,2
89514,2
89515,2
89516,2
89517,2
89518,2
89519,2
89520,2
89521,2
89522,2
89523,2
89524,2
89525,2
89526,2
89527,2
89528,2
89529,2
89530,2
89531,2
89532,2
89533,4
89534,2
89535,2
89536,2
89537,2
89538,2
89539,2
89540,2
89541,2
89542,2
89543,2
89544,2
89545,2
89546,2
89547,2
89548,2
89549,2
89550,3
89551,4
89552,4
89553,2
89554,2
89555,2
89556,2
89557,2
89558,2
89559,2
89560,2
89561,2
89562,2
89563,2
89564,2
89565,2
89566,2
89567,2
89568,2
89569,2
89570,2
89571,2
89572,2
89573,2
89574,2
89575,2
89576,2
89577,2
89578,2
89579,2
89580,2
89581,2
89582,2
89583,4
89584,2
89585,2
89586,2
89587,2
89588,2
89589,2
89590,2
89591,2
89592,2
89593,2
89594,2
89595,2
89596,2
89597,2
89598,2
89599,2
89600,2
89601,2
89602,2
89603,2
89604,2
89605,2
89606,2
89607,2
89608,2
89609,2
89610,2
89611,2
89612,2
89613,2
89614,2
89615,2
89616,2
89617,2
89618,2
89619,2
89620,2
89621,2
89622,2
89623,2
89624,2
89625,2
89626,2
89627,2
89628,2
89629,2
89630,2
89631,2
89632,2
89633,2
89634,2
89635,2
89636,2
89637,2
89638,2
89639,2
89640,2
89641,2
89642,2
89643,2
89644,2
89645,2
89646,2
89647,2
89648,2
89649,2
89650,2
89651,2
89652,2
89653,4
89654,4
89655,2
89656,2
89657,2
89658,2
89659,2
89660,2
89661,2
89662,2
89663,2
89664,2
89665,2
89666,2
89667,2
89668,2
89669,2
89670,2
89671,2
89672,2
89673,2
89674,2
89675,2
89676,2
89677,2
89678,2
89679,2
89680,2
89681,2
89682,2
89683,2
89684,2
89685,2
89686,2
89687,2
89688,2
89689,2
89690,2
89691,2
89692,2
89693,2
89694,2
89695,2
89696,2
89697,2
89698,2
89699,2
89700,2
89701,2
89702,2
89703,2
89704,2
89705,2
89706,2
89707,2
89708,2
89709,2
89710,2
89711,2
89712,2
89713,2
89714,2
89715,2
89716,2
89717,2
89718,2
89719,2
89720,2
89721,2
89722,2
89723,2
89724,2
89725,2
89726,2
89727,2
89728,2
89729,2
89730,2
89731,2
89732,2
89733,2
89734,2
89735,2
89736,2
89737,2
89738,2
89739,2
89740,2
89741,2
89742,2
89743,2
89744,2
89745,2
89746,2
89747,2
89748,2
89749,2
89750,2
89751,2
89752,2
89753,2
89754,2
89755,2
89756,2
89757,2
89758,2
89759,2
89760,2
89761,2
89762,2
89763,2
89764,2
89765,2
89766,2
89767,2
89768,2
89769,2
89770,2
89771,2
89772,2
89773,2
89774,2
89775,2
89776,2
89777,2
89778,2
89779,2
89780,2
89781,2
89782,2
89783,2
89784,2
89785,2
89786,2
89787,2
89788,2
89789,2
89790,2
89791,2
89792,2
89793,2
89794,2
89795,2
89796,2
89797,2
89798,2
89799,2
89800,2
89801,2
89802,2
89803,2
89804,2
89805,2
89806,2
89807,2
89808,2
89809,2
89810,2
89811,2
89812,2
89813,2
89814,2
89815,2
89816,2
89817,2
89818,2
89819,2
89820,2
89821,2
89822,2
89823,2
89824,2
89825,2
89826,2
89827,2
89828,2
89829,2
89830,2
89831,2
89832,2
89833,2
89834,2
89835,2
89836,2
89837,2
89838,2
89839,2
89840,2
89841,2
89842,2
89843,2
89844,2
89845,2
89846,2
89847,2
89848,2
89849,2
89850,2
89851,2
89852,2
89853,2
89854,2
89855,2
89856,2
89857,2
89858,2
89859,2
89860,2
89861,2
89862,2
89863,2
89864,2
89865,2
89866,2
89867,2
89868,2
89869,2
89870,2
89871,2
89872,2
89873,2
89874,2
89875,2
89876,2
89877,2
89878,2
89879,2
89880,2
89881,2
89882,2
89883,2
89884,2
89885,2
89886,2
89887,2
89888,2
89889,2
89890,2
89891,2
89892,2
89893,2
89894,2
89895,2
89896,2
89897,2
89898,2
89899,2
89900,2
89901,2
89902,2
89903,2
89904,2
89905,2
89906,2
89907,2
89908,2
89909,2
89910,2
89911,2
89912,2
89913,2
89914,2
89915,2
89916,2
89917,2
89918,2
89919,2
89920,2
89921,2
89922,2
89923,2
89924,2
89925,2
89926,2
89927,2
89928,2
89929,2
89930,2
89931,2
89932,2
89933,2
89934,2
89935,2
89936,2
89937,2
89938,2
89939,2
89940,2
89941,2
89942,2
89943,2
89944,2
89945,2
89946,2
89947,2
89948,2
89949,2
89950,2
89951,2
89952,2
89953,2
89954,2
89955,2
89956,2
89957,2
89958,2
89959,2
89960,2
89961,4
89962,4
89963,4
89964,2
89965,2
89966,2
89967,2
89968,2
89969,2
89970,4
89971,2
89972,2
89973,4
89974,2
89975,4
89976,4
89977,4
89978,4
89979,2
89980,4
89981,2
89982,2
89983,2
89984,2
89985,2
89986,2
89987,4
89988,3
89989,2
89990,4
89991,4
89992,4
89993,4
89994,2
89995,2
89996,2
89997,2
89998,2
89999,2
90000,4
90001,4
90002,3
90003,3
90004,2
90005,2
90006,3
90007,2
90008,3
90009,2
90010,2
90011,3
90012,3
90013,3
90014,2
90015,2
90016,4
90017,2
90018,2
90019,2
90020,2
90021,2
90022,2
90023,2
90024,4
90025,4
90026,2
90027,4
90028,2
90029,2
90030,2
90031,3
90032,2
90033,2
90034,2
90035,2
90036,2
90037,3
90038,2
90039,2
90040,2
90041,2
90042,2
90043,2
90044,2
90045,2
90046,2
90047,2
90048,2
90049,1
90050,3
90051,2
90052,4
90053,3
90054,3
90055,2
90056,4
90057,4
90058,3
90059,2
90060,2
90061,3
90062,2
90063,2
90064,2
90065,3
90066,2
90067,2
90068,2
90069,2
90070,2
90071,2
90072,2
90073,2
90074,2
90075,2
90076,2
90077,2
90078,2
90079,2
90080,3
90081,2
90082,2
90083,2
90084,2
90085,2
90086,2
90087,2
90088,2
90089,2
90090,2
90091,2
90092,2
90093,2
90094,2
90095,2
90096,2
90097,2
90098,2
90099,2
90100,2
90101,2
90102,2
90103,2
90104,2
90105,2
90106,2
90107,2
90108,2
90109,2
90110,0
90111,2
90112,4
90113,2
90114,2
90115,2
90116,2
90117,2
90118,2
90119,2
90120,2
90121,2
90122,2
90123,2
90124,2
90125,2
90126,2
90127,2
90128,2
90129,2
90130,2
90131,2
90132,2
90133,2
90134,2
90135,2
90136,2
90137,2
90138,2
90139,2
90140,2
90141,2
90142,2
90143,2
90144,2
90145,2
90146,2
90147,2
90148,2
90149,2
90150,2
90151,2
90152,2
90153,2
90154,2
90155,2
90156,2
90157,2
90158,2
90159,2
90160,2
90161,2
90162,2
90163,2
90164,2
90165,2
90166,2
90167,2
90168,2
90169,2
90170,2
90171,2
90172,2
90173,2
90174,2
90175,2
90176,2
90177,2
90178,2
90179,2
90180,2
90181,2
90182,2
90183,2
90184,2
90185,2
90186,2
90187,2
90188,2
90189,2
90190,2
90191,2
90192,2
90193,2
90194,2
90195,2
90196,2
90197,2
90198,4
90199,2
90200,2
90201,2
90202,2
90203,2
90204,2
90205,2
90206,2
90207,2
90208,2
90209,2
90210,2
90211,2
90212,2
90213,2
90214,2
90215,2
90216,2
90217,2
90218,2
90219,2
90220,2
90221,2
90222,2
90223,2
90224,2
90225,2
90226,2
90227,2
90228,2
90229,2
90230,2
90231,2
90232,2
90233,2
90234,2
90235,2
90236,2
90237,2
90238,2
90239,2
90240,2
90241,2
90242,2
90243,2
90244,2
90245,2
90246,2
90247,2
90248,2
90249,2
90250,2
90251,2
90252,2
90253,2
90254,2
90255,2
90256,2
90257,2
90258,2
90259,2
90260,2
90261,2
90262,2
90263,2
90264,2
90265,2
90266,2
90267,2
90268,2
90269,2
90270,2
90271,2
90272,2
90273,2
90274,2
90275,2
90276,2
90277,2
90278,2
90279,2
90280,2
90281,2
90282,2
90283,2
90284,2
90285,2
90286,2
90287,2
90288,2
90289,2
90290,2
90291,2
90292,2
90293,2
90294,2
90295,2
90296,2
90297,2
90298,2
90299,2
90300,2
90301,2
90302,2
90303,2
90304,2
90305,2
90306,2
90307,2
90308,2
90309,2
90310,2
90311,2
90312,2
90313,2
90314,2
90315,2
90316,2
90317,2
90318,2
90319,2
90320,2
90321,2
90322,2
90323,2
90324,2
90325,2
90326,2
90327,2
90328,2
90329,2
90330,2
90331,2
90332,2
90333,2
90334,2
90335,2
90336,2
90337,2
90338,2
90339,2
90340,2
90341,2
90342,2
90343,2
90344,2
90345,2
90346,2
90347,2
90348,2
90349,2
90350,2
90351,2
90352,2
90353,2
90354,2
90355,2
90356,2
90357,2
90358,2
90359,2
90360,2
90361,2
90362,2
90363,2
90364,2
90365,2
90366,2
90367,2
90368,2
90369,2
90370,2
90371,2
90372,2
90373,2
90374,2
90375,2
90376,2
90377,2
90378,2
90379,2
90380,2
90381,2
90382,2
90383,2
90384,2
90385,2
90386,2
90387,2
90388,2
90389,2
90390,2
90391,2
90392,2
90393,2
90394,2
90395,2
90396,2
90397,2
90398,2
90399,2
90400,2
90401,2
90402,2
90403,2
90404,2
90405,2
90406,2
90407,2
90408,2
90409,2
90410,2
90411,2
90412,2
90413,2
90414,2
90415,2
90416,2
90417,2
90418,2
90419,2
90420,2
90421,2
90422,2
90423,2
90424,2
90425,2
90426,2
90427,2
90428,2
90429,2
90430,2
90431,2
90432,2
90433,2
90434,2
90435,2
90436,2
90437,2
90438,2
90439,2
90440,2
90441,2
90442,2
90443,2
90444,2
90445,2
90446,2
90447,2
90448,2
90449,2
90450,2
90451,2
90452,2
90453,2
90454,2
90455,2
90456,2
90457,2
90458,2
90459,2
90460,2
90461,2
90462,2
90463,2
90464,2
90465,2
90466,2
90467,2
90468,2
90469,2
90470,2
90471,2
90472,2
90473,2
90474,2
90475,2
90476,2
90477,2
90478,2
90479,2
90480,2
90481,2
90482,2
90483,2
90484,2
90485,2
90486,2
90487,2
90488,2
90489,2
90490,2
90491,2
90492,2
90493,2
90494,2
90495,2
90496,4
90497,4
90498,2
90499,2
90500,2
90501,2
90502,2
90503,2
90504,2
90505,4
90506,2
90507,2
90508,4
90509,4
90510,2
90511,2
90512,2
90513,4
90514,4
90515,2
90516,4
90517,3
90518,4
90519,2
90520,2
90521,2
90522,4
90523,4
90524,4
90525,2
90526,0
90527,4
90528,2
90529,2
90530,2
90531,2
90532,2
90533,4
90534,2
90535,2
90536,2
90537,4
90538,2
90539,2
90540,2
90541,2
90542,2
90543,2
90544,2
90545,3
90546,0
90547,4
90548,4
90549,2
90550,2
90551,2
90552,2
90553,2
90554,2
90555,2
90556,2
90557,2
90558,2
90559,2
90560,2
90561,4
90562,2
90563,2
90564,4
90565,2
90566,2
90567,2
90568,2
90569,2
90570,2
90571,2
90572,2
90573,2
90574,2
90575,2
90576,3
90577,3
90578,4
90579,3
90580,2
90581,2
90582,2
90583,4
90584,2
90585,2
90586,3
90587,3
90588,2
90589,3
90590,2
90591,2
90592,2
90593,2
90594,2
90595,2
90596,2
90597,2
90598,4
90599,4
90600,4
90601,2
90602,2
90603,2
90604,2
90605,2
90606,4
90607,2
90608,4
90609,2
90610,0
90611,2
90612,2
90613,2
90614,2
90615,2
90616,2
90617,2
90618,2
90619,2
90620,2
90621,2
90622,2
90623,2
90624,2
90625,2
90626,2
90627,2
90628,2
90629,2
90630,2
90631,2
90632,2
90633,2
90634,2
90635,2
90636,2
90637,2
90638,2
90639,2
90640,2
90641,2
90642,2
90643,2
90644,2
90645,2
90646,2
90647,2
90648,2
90649,2
90650,2
90651,2
90652,2
90653,2
90654,2
90655,2
90656,2
90657,2
90658,2
90659,2
90660,2
90661,2
90662,2
90663,2
90664,2
90665,2
90666,2
90667,2
90668,2
90669,2
90670,2
90671,2
90672,2
90673,2
90674,2
90675,2
90676,2
90677,2
90678,2
90679,2
90680,2
90681,2
90682,2
90683,2
90684,2
90685,2
90686,2
90687,2
90688,2
90689,3
90690,2
90691,2
90692,2
90693,2
90694,2
90695,2
90696,2
90697,2
90698,2
90699,2
90700,2
90701,2
90702,2
90703,2
90704,2
90705,2
90706,2
90707,2
90708,2
90709,2
90710,2
90711,2
90712,2
90713,2
90714,2
90715,2
90716,2
90717,2
90718,2
90719,2
90720,2
90721,2
90722,2
90723,2
90724,2
90725,2
90726,2
90727,2
90728,2
90729,2
90730,2
90731,2
90732,2
90733,2
90734,2
90735,2
90736,2
90737,2
90738,2
90739,2
90740,2
90741,2
90742,2
90743,2
90744,2
90745,2
90746,2
90747,2
90748,2
90749,2
90750,2
90751,2
90752,2
90753,2
90754,2
90755,2
90756,2
90757,2
90758,2
90759,2
90760,2
90761,2
90762,2
90763,2
90764,2
90765,2
90766,2
90767,2
90768,2
90769,2
90770,2
90771,2
90772,2
90773,2
90774,2
90775,2
90776,2
90777,2
90778,2
90779,2
90780,2
90781,2
90782,2
90783,2
90784,2
90785,2
90786,2
90787,2
90788,2
90789,2
90790,2
90791,2
90792,2
90793,2
90794,2
90795,2
90796,2
90797,2
90798,2
90799,2
90800,2
90801,2
90802,2
90803,2
90804,2
90805,2
90806,2
90807,2
90808,2
90809,2
90810,2
90811,2
90812,2
90813,2
90814,2
90815,2
90816,2
90817,2
90818,2
90819,2
90820,2
90821,2
90822,2
90823,2
90824,2
90825,2
90826,2
90827,2
90828,2
90829,2
90830,2
90831,2
90832,2
90833,2
90834,2
90835,2
90836,2
90837,2
90838,2
90839,2
90840,2
90841,2
90842,2
90843,2
90844,2
90845,2
90846,2
90847,2
90848,2
90849,2
90850,2
90851,2
90852,2
90853,2
90854,2
90855,2
90856,2
90857,2
90858,2
90859,2
90860,2
90861,2
90862,2
90863,2
90864,2
90865,2
90866,2
90867,2
90868,2
90869,2
90870,2
90871,2
90872,2
90873,2
90874,2
90875,2
90876,2
90877,2
90878,2
90879,2
90880,2
90881,2
90882,2
90883,2
90884,2
90885,2
90886,2
90887,2
90888,2
90889,2
90890,2
90891,2
90892,2
90893,2
90894,2
90895,2
90896,2
90897,2
90898,2
90899,2
90900,2
90901,2
90902,2
90903,2
90904,2
90905,2
90906,2
90907,2
90908,2
90909,2
90910,2
90911,2
90912,2
90913,2
90914,2
90915,2
90916,2
90917,2
90918,2
90919,2
90920,2
90921,2
90922,2
90923,2
90924,2
90925,2
90926,2
90927,2
90928,2
90929,2
90930,2
90931,2
90932,2
90933,2
90934,2
90935,2
90936,2
90937,2
90938,2
90939,2
90940,2
90941,2
90942,2
90943,2
90944,2
90945,2
90946,2
90947,2
90948,2
90949,2
90950,2
90951,2
90952,2
90953,2
90954,2
90955,2
90956,2
90957,2
90958,2
90959,2
90960,2
90961,2
90962,2
90963,2
90964,2
90965,2
90966,2
90967,2
90968,2
90969,2
90970,2
90971,2
90972,2
90973,2
90974,2
90975,2
90976,2
90977,2
90978,2
90979,2
90980,2
90981,2
90982,2
90983,2
90984,2
90985,2
90986,2
90987,2
90988,2
90989,2
90990,2
90991,2
90992,2
90993,2
90994,2
90995,2
90996,2
90997,2
90998,2
90999,2
91000,2
91001,2
91002,2
91003,2
91004,2
91005,2
91006,2
91007,2
91008,2
91009,2
91010,2
91011,2
91012,2
91013,2
91014,2
91015,2
91016,2
91017,2
91018,2
91019,2
91020,2
91021,2
91022,2
91023,2
91024,2
91025,2
91026,2
91027,2
91028,2
91029,2
91030,2
91031,2
91032,2
91033,2
91034,2
91035,2
91036,2
91037,2
91038,2
91039,2
91040,2
91041,2
91042,2
91043,2
91044,2
91045,2
91046,2
91047,2
91048,2
91049,2
91050,2
91051,2
91052,2
91053,2
91054,2
91055,2
91056,2
91057,2
91058,2
91059,2
91060,2
91061,2
91062,2
91063,2
91064,2
91065,2
91066,2
91067,2
91068,2
91069,2
91070,2
91071,2
91072,2
91073,2
91074,2
91075,2
91076,2
91077,2
91078,2
91079,2
91080,2
91081,2
91082,2
91083,2
91084,2
91085,2
91086,2
91087,2
91088,2
91089,2
91090,2
91091,2
91092,2
91093,2
91094,2
91095,2
91096,2
91097,2
91098,2
91099,2
91100,2
91101,2
91102,2
91103,2
91104,2
91105,2
91106,2
91107,2
91108,2
91109,2
91110,2
91111,2
91112,2
91113,2
91114,2
91115,2
91116,2
91117,2
91118,2
91119,2
91120,2
91121,2
91122,2
91123,2
91124,2
91125,2
91126,2
91127,2
91128,2
91129,2
91130,2
91131,2
91132,2
91133,2
91134,2
91135,2
91136,2
91137,2
91138,2
91139,2
91140,2
91141,2
91142,2
91143,2
91144,2
91145,2
91146,2
91147,2
91148,2
91149,2
91150,2
91151,2
91152,2
91153,2
91154,2
91155,2
91156,2
91157,2
91158,2
91159,2
91160,2
91161,2
91162,2
91163,2
91164,2
91165,2
91166,2
91167,2
91168,2
91169,2
91170,2
91171,2
91172,2
91173,2
91174,2
91175,2
91176,2
91177,2
91178,2
91179,2
91180,2
91181,2
91182,2
91183,2
91184,2
91185,2
91186,2
91187,2
91188,2
91189,2
91190,2
91191,2
91192,2
91193,2
91194,2
91195,2
91196,2
91197,2
91198,2
91199,2
91200,2
91201,2
91202,2
91203,2
91204,2
91205,2
91206,2
91207,2
91208,2
91209,2
91210,2
91211,2
91212,2
91213,2
91214,2
91215,2
91216,2
91217,2
91218,2
91219,2
91220,2
91221,2
91222,2
91223,2
91224,2
91225,2
91226,2
91227,2
91228,2
91229,2
91230,2
91231,2
91232,2
91233,2
91234,2
91235,2
91236,2
91237,2
91238,2
91239,2
91240,2
91241,2
91242,2
91243,2
91244,2
91245,2
91246,2
91247,2
91248,2
91249,2
91250,2
91251,2
91252,2
91253,2
91254,2
91255,2
91256,2
91257,2
91258,2
91259,2
91260,2
91261,2
91262,2
91263,2
91264,2
91265,2
91266,2
91267,2
91268,2
91269,2
91270,2
91271,2
91272,2
91273,2
91274,2
91275,2
91276,2
91277,2
91278,2
91279,2
91280,2
91281,2
91282,2
91283,2
91284,2
91285,2
91286,2
91287,2
91288,2
91289,2
91290,2
91291,2
91292,2
91293,2
91294,2
91295,2
91296,2
91297,2
91298,2
91299,2
91300,2
91301,2
91302,2
91303,2
91304,2
91305,2
91306,2
91307,2
91308,2
91309,2
91310,2
91311,2
91312,3
91313,4
91314,4
91315,3
91316,3
91317,2
91318,2
91319,2
91320,3
91321,3
91322,4
91323,4
91324,2
91325,2
91326,2
91327,3
91328,4
91329,2
91330,2
91331,4
91332,2
91333,2
91334,4
91335,2
91336,3
91337,2
91338,4
91339,2
91340,2
91341,2
91342,3
91343,2
91344,2
91345,2
91346,2
91347,2
91348,2
91349,2
91350,2
91351,2
91352,2
91353,2
91354,3
91355,4
91356,2
91357,2
91358,2
91359,2
91360,2
91361,3
91362,4
91363,2
91364,2
91365,2
91366,2
91367,4
91368,2
91369,2
91370,2
91371,2
91372,2
91373,1
91374,2
91375,4
91376,4
91377,4
91378,0
91379,4
91380,4
91381,0
91382,3
91383,4
91384,2
91385,2
91386,2
91387,4
91388,4
91389,3
91390,4
91391,4
91392,2
91393,2
91394,2
91395,2
91396,2
91397,4
91398,2
91399,2
91400,4
91401,4
91402,2
91403,2
91404,0
91405,4
91406,4
91407,2
91408,2
91409,2
91410,2
91411,4
91412,2
91413,2
91414,3
91415,2
91416,4
91417,2
91418,4
91419,4
91420,2
91421,2
91422,4
91423,2
91424,2
91425,4
91426,4
91427,4
91428,4
91429,4
91430,2
91431,2
91432,4
91433,4
91434,4
91435,2
91436,4
91437,2
91438,4
91439,4
91440,2
91441,2
91442,2
91443,4
91444,4
91445,2
91446,4
91447,3
91448,4
91449,2
91450,2
91451,4
91452,4
91453,4
91454,4
91455,2
91456,2
91457,3
91458,2
91459,4
91460,2
91461,2
91462,2
91463,4
91464,2
91465,2
91466,2
91467,2
91468,2
91469,2
91470,2
91471,2
91472,2
91473,4
91474,2
91475,2
91476,4
91477,4
91478,4
91479,4
91480,4
91481,2
91482,2
91483,2
91484,2
91485,2
91486,2
91487,4
91488,2
91489,2
91490,2
91491,2
91492,2
91493,4
91494,2
91495,2
91496,2
91497,2
91498,2
91499,2
91500,2
91501,2
91502,2
91503,2
91504,2
91505,2
91506,2
91507,2
91508,2
91509,2
91510,2
91511,2
91512,2
91513,2
91514,2
91515,2
91516,2
91517,2
91518,2
91519,2
91520,2
91521,2
91522,2
91523,2
91524,2
91525,2
91526,2
91527,2
91528,2
91529,2
91530,2
91531,2
91532,2
91533,2
91534,2
91535,2
91536,2
91537,2
91538,2
91539,2
91540,2
91541,2
91542,2
91543,2
91544,2
91545,2
91546,2
91547,2
91548,2
91549,2
91550,2
91551,2
91552,2
91553,2
91554,2
91555,2
91556,2
91557,4
91558,2
91559,2
91560,2
91561,2
91562,2
91563,2
91564,2
91565,2
91566,2
91567,2
91568,2
91569,2
91570,2
91571,2
91572,2
91573,2
91574,2
91575,2
91576,2
91577,2
91578,2
91579,2
91580,2
91581,2
91582,2
91583,2
91584,2
91585,2
91586,2
91587,2
91588,2
91589,2
91590,2
91591,2
91592,2
91593,2
91594,2
91595,2
91596,2
91597,3
91598,2
91599,2
91600,2
91601,2
91602,2
91603,2
91604,2
91605,2
91606,2
91607,4
91608,2
91609,2
91610,2
91611,2
91612,2
91613,2
91614,2
91615,2
91616,2
91617,2
91618,2
91619,2
91620,2
91621,2
91622,2
91623,2
91624,2
91625,2
91626,2
91627,2
91628,2
91629,2
91630,2
91631,2
91632,2
91633,2
91634,2
91635,2
91636,2
91637,2
91638,2
91639,2
91640,2
91641,2
91642,2
91643,2
91644,2
91645,2
91646,2
91647,4
91648,2
91649,2
91650,2
91651,2
91652,2
91653,2
91654,2
91655,2
91656,2
91657,2
91658,2
91659,2
91660,2
91661,2
91662,2
91663,2
91664,2
91665,2
91666,2
91667,2
91668,2
91669,2
91670,2
91671,2
91672,2
91673,2
91674,2
91675,2
91676,2
91677,2
91678,2
91679,2
91680,2
91681,2
91682,2
91683,2
91684,2
91685,2
91686,2
91687,2
91688,2
91689,2
91690,2
91691,2
91692,2
91693,2
91694,2
91695,2
91696,2
91697,2
91698,2
91699,2
91700,2
91701,2
91702,2
91703,2
91704,2
91705,2
91706,2
91707,2
91708,2
91709,2
91710,2
91711,2
91712,2
91713,2
91714,2
91715,2
91716,2
91717,2
91718,2
91719,2
91720,2
91721,2
91722,2
91723,2
91724,2
91725,2
91726,2
91727,2
91728,2
91729,2
91730,2
91731,2
91732,2
91733,2
91734,2
91735,2
91736,2
91737,2
91738,2
91739,2
91740,2
91741,2
91742,2
91743,2
91744,2
91745,2
91746,2
91747,2
91748,2
91749,2
91750,2
91751,2
91752,2
91753,2
91754,2
91755,2
91756,2
91757,2
91758,2
91759,2
91760,2
91761,2
91762,2
91763,2
91764,2
91765,2
91766,2
91767,2
91768,2
91769,2
91770,2
91771,2
91772,2
91773,2
91774,2
91775,2
91776,2
91777,2
91778,2
91779,2
91780,2
91781,2
91782,2
91783,2
91784,2
91785,2
91786,2
91787,2
91788,2
91789,2
91790,2
91791,2
91792,2
91793,2
91794,2
91795,2
91796,2
91797,2
91798,2
91799,2
91800,2
91801,2
91802,2
91803,2
91804,2
91805,2
91806,2
91807,2
91808,2
91809,2
91810,2
91811,2
91812,2
91813,2
91814,2
91815,2
91816,2
91817,2
91818,2
91819,2
91820,2
91821,2
91822,2
91823,2
91824,2
91825,2
91826,2
91827,2
91828,2
91829,2
91830,2
91831,2
91832,2
91833,2
91834,2
91835,2
91836,2
91837,2
91838,2
91839,2
91840,2
91841,2
91842,2
91843,2
91844,2
91845,2
91846,2
91847,2
91848,2
91849,2
91850,2
91851,2
91852,2
91853,2
91854,2
91855,2
91856,2
91857,2
91858,2
91859,2
91860,2
91861,2
91862,2
91863,2
91864,2
91865,2
91866,2
91867,2
91868,2
91869,2
91870,2
91871,2
91872,2
91873,2
91874,2
91875,2
91876,2
91877,2
91878,2
91879,2
91880,2
91881,2
91882,2
91883,2
91884,2
91885,2
91886,2
91887,2
91888,2
91889,2
91890,2
91891,2
91892,2
91893,2
91894,2
91895,2
91896,2
91897,2
91898,2
91899,2
91900,2
91901,2
91902,2
91903,2
91904,2
91905,2
91906,2
91907,2
91908,2
91909,2
91910,2
91911,2
91912,2
91913,2
91914,2
91915,2
91916,2
91917,2
91918,2
91919,2
91920,2
91921,2
91922,2
91923,2
91924,2
91925,2
91926,2
91927,2
91928,2
91929,2
91930,2
91931,2
91932,2
91933,2
91934,2
91935,2
91936,2
91937,2
91938,2
91939,2
91940,2
91941,2
91942,2
91943,2
91944,2
91945,2
91946,2
91947,2
91948,2
91949,2
91950,2
91951,2
91952,2
91953,2
91954,2
91955,2
91956,2
91957,2
91958,2
91959,2
91960,2
91961,2
91962,2
91963,2
91964,2
91965,2
91966,2
91967,2
91968,2
91969,2
91970,2
91971,2
91972,2
91973,2
91974,2
91975,2
91976,2
91977,2
91978,2
91979,2
91980,2
91981,2
91982,2
91983,2
91984,2
91985,2
91986,2
91987,2
91988,2
91989,2
91990,2
91991,2
91992,2
91993,2
91994,2
91995,2
91996,2
91997,2
91998,2
91999,2
92000,2
92001,2
92002,2
92003,2
92004,2
92005,2
92006,2
92007,2
92008,2
92009,2
92010,2
92011,2
92012,2
92013,2
92014,2
92015,2
92016,2
92017,2
92018,2
92019,2
92020,2
92021,2
92022,2
92023,2
92024,2
92025,2
92026,2
92027,2
92028,2
92029,2
92030,2
92031,2
92032,2
92033,2
92034,2
92035,2
92036,2
92037,2
92038,2
92039,2
92040,2
92041,2
92042,2
92043,2
92044,2
92045,2
92046,2
92047,2
92048,2
92049,2
92050,2
92051,2
92052,2
92053,2
92054,2
92055,2
92056,2
92057,2
92058,2
92059,2
92060,2
92061,2
92062,2
92063,2
92064,2
92065,2
92066,2
92067,2
92068,2
92069,2
92070,2
92071,2
92072,2
92073,2
92074,2
92075,2
92076,2
92077,2
92078,2
92079,2
92080,2
92081,2
92082,2
92083,2
92084,2
92085,2
92086,2
92087,2
92088,2
92089,2
92090,2
92091,2
92092,2
92093,2
92094,2
92095,2
92096,2
92097,2
92098,2
92099,2
92100,2
92101,2
92102,2
92103,2
92104,2
92105,2
92106,2
92107,2
92108,2
92109,2
92110,2
92111,2
92112,2
92113,2
92114,2
92115,2
92116,2
92117,2
92118,2
92119,2
92120,2
92121,2
92122,2
92123,2
92124,2
92125,2
92126,2
92127,2
92128,2
92129,2
92130,2
92131,2
92132,2
92133,2
92134,2
92135,2
92136,2
92137,2
92138,2
92139,2
92140,2
92141,2
92142,2
92143,2
92144,2
92145,2
92146,2
92147,2
92148,2
92149,2
92150,2
92151,2
92152,2
92153,2
92154,2
92155,2
92156,2
92157,2
92158,2
92159,2
92160,2
92161,2
92162,2
92163,2
92164,2
92165,2
92166,2
92167,2
92168,2
92169,2
92170,2
92171,2
92172,2
92173,2
92174,2
92175,2
92176,2
92177,2
92178,2
92179,2
92180,2
92181,2
92182,2
92183,2
92184,2
92185,2
92186,2
92187,2
92188,2
92189,2
92190,2
92191,2
92192,2
92193,2
92194,2
92195,2
92196,2
92197,2
92198,2
92199,2
92200,2
92201,2
92202,2
92203,2
92204,2
92205,2
92206,2
92207,2
92208,2
92209,2
92210,2
92211,2
92212,2
92213,2
92214,2
92215,2
92216,2
92217,2
92218,2
92219,2
92220,2
92221,2
92222,2
92223,2
92224,2
92225,2
92226,2
92227,2
92228,2
92229,2
92230,2
92231,2
92232,2
92233,2
92234,2
92235,2
92236,2
92237,2
92238,2
92239,2
92240,2
92241,2
92242,2
92243,2
92244,2
92245,2
92246,2
92247,2
92248,2
92249,2
92250,2
92251,2
92252,2
92253,2
92254,2
92255,2
92256,2
92257,2
92258,2
92259,2
92260,2
92261,2
92262,2
92263,2
92264,2
92265,2
92266,2
92267,2
92268,2
92269,2
92270,2
92271,2
92272,2
92273,2
92274,2
92275,2
92276,2
92277,2
92278,2
92279,2
92280,2
92281,2
92282,2
92283,2
92284,2
92285,2
92286,2
92287,2
92288,2
92289,2
92290,2
92291,2
92292,2
92293,2
92294,3
92295,4
92296,3
92297,1
92298,1
92299,2
92300,4
92301,4
92302,2
92303,4
92304,2
92305,4
92306,2
92307,4
92308,2
92309,2
92310,2
92311,2
92312,2
92313,2
92314,4
92315,4
92316,4
92317,2
92318,2
92319,2
92320,2
92321,2
92322,2
92323,4
92324,4
92325,4
92326,2
92327,2
92328,2
92329,2
92330,2
92331,2
92332,2
92333,2
92334,0
92335,2
92336,2
92337,2
92338,2
92339,0
92340,2
92341,2
92342,2
92343,2
92344,4
92345,4
92346,2
92347,2
92348,2
92349,0
92350,2
92351,2
92352,2
92353,2
92354,2
92355,2
92356,0
92357,2
92358,4
92359,4
92360,2
92361,2
92362,2
92363,2
92364,0
92365,2
92366,2
92367,2
92368,2
92369,0
92370,2
92371,2
92372,2
92373,0
92374,2
92375,2
92376,4
92377,2
92378,2
92379,2
92380,0
92381,4
92382,2
92383,3
92384,2
92385,2
92386,2
92387,0
92388,2
92389,2
92390,2
92391,2
92392,2
92393,2
92394,2
92395,2
92396,2
92397,2
92398,4
92399,2
92400,2
92401,2
92402,2
92403,2
92404,2
92405,2
92406,2
92407,2
92408,2
92409,2
92410,2
92411,2
92412,2
92413,2
92414,2
92415,1
92416,2
92417,2
92418,2
92419,2
92420,4
92421,2
92422,2
92423,2
92424,2
92425,2
92426,2
92427,2
92428,2
92429,3
92430,2
92431,2
92432,2
92433,1
92434,4
92435,2
92436,2
92437,2
92438,2
92439,3
92440,4
92441,2
92442,2
92443,2
92444,3
92445,2
92446,2
92447,2
92448,2
92449,2
92450,4
92451,0
92452,4
92453,2
92454,2
92455,4
92456,3
92457,3
92458,4
92459,4
92460,2
92461,2
92462,4
92463,4
92464,2
92465,2
92466,2
92467,2
92468,2
92469,2
92470,2
92471,2
92472,2
92473,2
92474,2
92475,2
92476,2
92477,2
92478,2
92479,2
92480,2
92481,2
92482,2
92483,2
92484,2
92485,2
92486,2
92487,2
92488,2
92489,2
92490,2
92491,2
92492,2
92493,2
92494,2
92495,2
92496,2
92497,2
92498,4
92499,3
92500,2
92501,2
92502,4
92503,4
92504,2
92505,4
92506,4
92507,2
92508,2
92509,2
92510,2
92511,2
92512,3
92513,4
92514,3
92515,3
92516,4
92517,3
92518,2
92519,4
92520,4
92521,2
92522,2
92523,4
92524,4
92525,2
92526,2
92527,2
92528,2
92529,4
92530,2
92531,2
92532,2
92533,4
92534,2
92535,4
92536,1
92537,3
92538,3
92539,3
92540,2
92541,2
92542,4
92543,2
92544,2
92545,2
92546,2
92547,4
92548,2
92549,4
92550,2
92551,2
92552,2
92553,2
92554,2
92555,2
92556,2
92557,4
92558,2
92559,4
92560,2
92561,2
92562,2
92563,2
92564,4
92565,2
92566,2
92567,2
92568,4
92569,2
92570,2
92571,2
92572,2
92573,2
92574,4
92575,4
92576,4
92577,2
92578,2
92579,2
92580,2
92581,2
92582,2
92583,2
92584,2
92585,4
92586,4
92587,2
92588,2
92589,2
92590,3
92591,2
92592,2
92593,2
92594,3
92595,2
92596,4
92597,4
92598,2
92599,2
92600,2
92601,2
92602,2
92603,4
92604,2
92605,2
92606,2
92607,2
92608,2
92609,2
92610,2
92611,2
92612,2
92613,2
92614,2
92615,2
92616,2
92617,2
92618,2
92619,2
92620,2
92621,2
92622,2
92623,2
92624,2
92625,2
92626,2
92627,2
92628,2
92629,2
92630,2
92631,2
92632,2
92633,2
92634,2
92635,2
92636,2
92637,2
92638,2
92639,2
92640,2
92641,2
92642,2
92643,2
92644,2
92645,2
92646,2
92647,2
92648,2
92649,2
92650,2
92651,2
92652,2
92653,0
92654,2
92655,1
92656,4
92657,3
92658,3
92659,4
92660,1
92661,4
92662,4
92663,2
92664,2
92665,4
92666,4
92667,3
92668,2
92669,2
92670,4
92671,2
92672,4
92673,2
92674,2
92675,2
92676,3
92677,2
92678,2
92679,2
92680,2
92681,2
92682,2
92683,2
92684,2
92685,2
92686,2
92687,2
92688,2
92689,2
92690,2
92691,2
92692,2
92693,2
92694,2
92695,2
92696,2
92697,2
92698,2
92699,2
92700,2
92701,2
92702,2
92703,2
92704,2
92705,2
92706,2
92707,2
92708,2
92709,2
92710,2
92711,2
92712,2
92713,2
92714,2
92715,2
92716,2
92717,2
92718,2
92719,2
92720,2
92721,2
92722,2
92723,2
92724,2
92725,2
92726,2
92727,2
92728,2
92729,2
92730,2
92731,2
92732,2
92733,2
92734,2
92735,2
92736,2
92737,2
92738,2
92739,2
92740,2
92741,2
92742,2
92743,2
92744,2
92745,2
92746,2
92747,2
92748,2
92749,2
92750,2
92751,2
92752,2
92753,2
92754,2
92755,2
92756,2
92757,2
92758,2
92759,2
92760,2
92761,2
92762,2
92763,2
92764,2
92765,2
92766,2
92767,2
92768,2
92769,2
92770,2
92771,2
92772,2
92773,2
92774,2
92775,2
92776,2
92777,2
92778,2
92779,2
92780,2
92781,2
92782,2
92783,2
92784,2
92785,2
92786,2
92787,2
92788,2
92789,2
92790,2
92791,2
92792,2
92793,2
92794,2
92795,2
92796,2
92797,2
92798,2
92799,2
92800,2
92801,2
92802,2
92803,2
92804,2
92805,2
92806,2
92807,2
92808,2
92809,2
92810,2
92811,2
92812,2
92813,2
92814,2
92815,2
92816,2
92817,2
92818,2
92819,2
92820,2
92821,2
92822,2
92823,2
92824,2
92825,2
92826,2
92827,2
92828,2
92829,2
92830,2
92831,2
92832,2
92833,2
92834,2
92835,2
92836,2
92837,2
92838,2
92839,2
92840,2
92841,2
92842,2
92843,2
92844,2
92845,2
92846,2
92847,2
92848,2
92849,2
92850,2
92851,2
92852,2
92853,2
92854,2
92855,2
92856,2
92857,2
92858,2
92859,2
92860,2
92861,2
92862,2
92863,2
92864,2
92865,2
92866,2
92867,2
92868,2
92869,2
92870,2
92871,2
92872,2
92873,2
92874,2
92875,2
92876,2
92877,2
92878,2
92879,2
92880,2
92881,2
92882,2
92883,2
92884,2
92885,2
92886,2
92887,2
92888,2
92889,2
92890,2
92891,2
92892,2
92893,2
92894,2
92895,2
92896,2
92897,2
92898,2
92899,2
92900,2
92901,2
92902,2
92903,2
92904,2
92905,2
92906,2
92907,2
92908,2
92909,2
92910,2
92911,2
92912,2
92913,2
92914,2
92915,2
92916,2
92917,2
92918,2
92919,2
92920,2
92921,2
92922,2
92923,2
92924,2
92925,2
92926,2
92927,2
92928,2
92929,2
92930,2
92931,2
92932,2
92933,2
92934,2
92935,2
92936,2
92937,2
92938,2
92939,2
92940,2
92941,2
92942,2
92943,2
92944,2
92945,2
92946,2
92947,2
92948,2
92949,2
92950,2
92951,2
92952,2
92953,2
92954,2
92955,2
92956,2
92957,2
92958,2
92959,2
92960,2
92961,2
92962,2
92963,2
92964,2
92965,2
92966,2
92967,2
92968,2
92969,2
92970,2
92971,2
92972,2
92973,2
92974,2
92975,2
92976,2
92977,2
92978,2
92979,2
92980,2
92981,2
92982,2
92983,2
92984,2
92985,2
92986,2
92987,2
92988,2
92989,2
92990,2
92991,2
92992,2
92993,2
92994,2
92995,2
92996,2
92997,2
92998,2
92999,2
93000,2
93001,2
93002,2
93003,2
93004,2
93005,2
93006,2
93007,2
93008,2
93009,2
93010,2
93011,2
93012,2
93013,2
93014,2
93015,2
93016,2
93017,2
93018,2
93019,2
93020,2
93021,2
93022,2
93023,2
93024,2
93025,2
93026,2
93027,2
93028,2
93029,2
93030,2
93031,2
93032,2
93033,2
93034,2
93035,2
93036,2
93037,2
93038,2
93039,2
93040,2
93041,2
93042,2
93043,2
93044,2
93045,2
93046,2
93047,2
93048,2
93049,2
93050,2
93051,2
93052,2
93053,2
93054,2
93055,2
93056,2
93057,2
93058,2
93059,2
93060,2
93061,2
93062,2
93063,2
93064,2
93065,2
93066,2
93067,2
93068,2
93069,2
93070,2
93071,2
93072,2
93073,2
93074,2
93075,2
93076,2
93077,2
93078,2
93079,2
93080,2
93081,2
93082,2
93083,2
93084,2
93085,2
93086,2
93087,2
93088,2
93089,2
93090,2
93091,2
93092,2
93093,2
93094,2
93095,2
93096,2
93097,2
93098,2
93099,2
93100,2
93101,2
93102,2
93103,2
93104,2
93105,2
93106,2
93107,2
93108,2
93109,2
93110,2
93111,2
93112,2
93113,2
93114,2
93115,2
93116,2
93117,2
93118,2
93119,2
93120,2
93121,2
93122,2
93123,2
93124,2
93125,2
93126,2
93127,2
93128,2
93129,2
93130,2
93131,2
93132,2
93133,2
93134,2
93135,2
93136,2
93137,2
93138,2
93139,2
93140,2
93141,2
93142,2
93143,2
93144,2
93145,2
93146,2
93147,2
93148,2
93149,2
93150,2
93151,2
93152,2
93153,2
93154,2
93155,2
93156,2
93157,2
93158,2
93159,2
93160,2
93161,2
93162,2
93163,2
93164,2
93165,2
93166,2
93167,2
93168,2
93169,2
93170,2
93171,2
93172,2
93173,2
93174,2
93175,2
93176,2
93177,2
93178,2
93179,2
93180,2
93181,2
93182,2
93183,2
93184,2
93185,2
93186,2
93187,2
93188,2
93189,2
93190,2
93191,2
93192,2
93193,2
93194,2
93195,2
93196,2
93197,2
93198,2
93199,2
93200,2
93201,2
93202,2
93203,2
93204,2
93205,2
93206,2
93207,2
93208,2
93209,2
93210,2
93211,2
93212,2
93213,2
93214,2
93215,2
93216,2
93217,2
93218,2
93219,2
93220,2
93221,2
93222,2
93223,2
93224,2
93225,2
93226,2
93227,2
93228,2
93229,2
93230,2
93231,2
93232,2
93233,2
93234,2
93235,2
93236,2
93237,2
93238,2
93239,2
93240,2
93241,2
93242,2
93243,2
93244,2
93245,2
93246,2
93247,2
93248,2
93249,2
93250,2
93251,2
93252,2
93253,2
93254,2
93255,2
93256,2
93257,2
93258,2
93259,2
93260,2
93261,2
93262,2
93263,2
93264,2
93265,2
93266,2
93267,2
93268,3
93269,2
93270,2
93271,2
93272,2
93273,4
93274,4
93275,4
93276,4
93277,2
93278,4
93279,2
93280,4
93281,4
93282,2
93283,2
93284,2
93285,2
93286,2
93287,4
93288,2
93289,4
93290,4
93291,4
93292,4
93293,2
93294,4
93295,4
93296,2
93297,2
93298,2
93299,4
93300,2
93301,4
93302,2
93303,2
93304,2
93305,4
93306,2
93307,2
93308,2
93309,2
93310,0
93311,0
93312,2
93313,2
93314,2
93315,2
93316,0
93317,2
93318,2
93319,0
93320,2
93321,2
93322,2
93323,2
93324,2
93325,2
93326,2
93327,2
93328,2
93329,2
93330,2
93331,2
93332,2
93333,2
93334,2
93335,2
93336,2
93337,2
93338,2
93339,2
93340,2
93341,2
93342,4
93343,4
93344,4
93345,4
93346,2
93347,4
93348,2
93349,2
93350,2
93351,2
93352,2
93353,4
93354,3
93355,2
93356,2
93357,4
93358,2
93359,3
93360,4
93361,2
93362,2
93363,2
93364,2
93365,2
93366,2
93367,2
93368,2
93369,2
93370,2
93371,2
93372,2
93373,2
93374,2
93375,2
93376,2
93377,2
93378,2
93379,2
93380,2
93381,2
93382,2
93383,2
93384,3
93385,2
93386,2
93387,2
93388,4
93389,2
93390,2
93391,2
93392,2
93393,2
93394,2
93395,0
93396,2
93397,2
93398,2
93399,4
93400,2
93401,2
93402,2
93403,2
93404,2
93405,2
93406,2
93407,2
93408,2
93409,2
93410,2
93411,2
93412,2
93413,2
93414,2
93415,4
93416,2
93417,2
93418,2
93419,2
93420,2
93421,2
93422,2
93423,4
93424,2
93425,2
93426,2
93427,2
93428,4
93429,2
93430,2
93431,2
93432,2
93433,2
93434,2
93435,2
93436,2
93437,2
93438,2
93439,2
93440,2
93441,2
93442,2
93443,2
93444,2
93445,2
93446,2
93447,2
93448,2
93449,4
93450,2
93451,2
93452,2
93453,2
93454,2
93455,2
93456,2
93457,2
93458,2
93459,2
93460,1
93461,2
93462,2
93463,2
93464,2
93465,2
93466,2
93467,4
93468,4
93469,4
93470,4
93471,4
93472,2
93473,2
93474,2
93475,2
93476,1
93477,2
93478,3
93479,2
93480,2
93481,2
93482,2
93483,2
93484,2
93485,4
93486,2
93487,2
93488,4
93489,4
93490,4
93491,2
93492,4
93493,4
93494,4
93495,0
93496,2
93497,2
93498,2
93499,3
93500,3
93501,2
93502,2
93503,1
93504,3
93505,2
93506,3
93507,3
93508,3
93509,4
93510,4
93511,4
93512,4
93513,2
93514,2
93515,2
93516,3
93517,4
93518,2
93519,2
93520,2
93521,2
93522,2
93523,2
93524,2
93525,2
93526,4
93527,4
93528,2
93529,2
93530,3
93531,2
93532,2
93533,2
93534,4
93535,0
93536,2
93537,2
93538,2
93539,2
93540,2
93541,4
93542,2
93543,2
93544,2
93545,2
93546,2
93547,2
93548,4
93549,2
93550,2
93551,4
93552,4
93553,3
93554,2
93555,2
93556,2
93557,2
93558,2
93559,2
93560,2
93561,2
93562,2
93563,2
93564,2
93565,2
93566,2
93567,2
93568,2
93569,2
93570,2
93571,2
93572,3
93573,2
93574,2
93575,2
93576,2
93577,2
93578,2
93579,4
93580,2
93581,4
93582,2
93583,2
93584,2
93585,2
93586,2
93587,2
93588,2
93589,2
93590,2
93591,4
93592,2
93593,2
93594,2
93595,2
93596,2
93597,2
93598,2
93599,4
93600,2
93601,4
93602,4
93603,2
93604,2
93605,3
93606,2
93607,2
93608,2
93609,1
93610,2
93611,2
93612,2
93613,2
93614,2
93615,2
93616,2
93617,2
93618,2
93619,2
93620,2
93621,2
93622,1
93623,2
93624,2
93625,2
93626,2
93627,2
93628,2
93629,4
93630,2
93631,2
93632,2
93633,2
93634,2
93635,2
93636,2
93637,2
93638,2
93639,2
93640,2
93641,2
93642,2
93643,2
93644,2
93645,2
93646,2
93647,2
93648,2
93649,4
93650,2
93651,4
93652,2
93653,2
93654,2
93655,2
93656,2
93657,2
93658,2
93659,2
93660,2
93661,2
93662,2
93663,2
93664,2
93665,2
93666,4
93667,2
93668,2
93669,2
93670,2
93671,2
93672,2
93673,2
93674,2
93675,2
93676,2
93677,2
93678,4
93679,2
93680,2
93681,2
93682,2
93683,2
93684,2
93685,2
93686,2
93687,2
93688,2
93689,2
93690,2
93691,2
93692,2
93693,2
93694,2
93695,4
93696,2
93697,4
93698,4
93699,4
93700,2
93701,2
93702,2
93703,2
93704,2
93705,2
93706,2
93707,2
93708,2
93709,2
93710,2
93711,2
93712,2
93713,2
93714,2
93715,2
93716,4
93717,2
93718,2
93719,2
93720,2
93721,2
93722,4
93723,2
93724,2
93725,2
93726,2
93727,2
93728,2
93729,2
93730,2
93731,2
93732,2
93733,2
93734,2
93735,2
93736,2
93737,2
93738,2
93739,2
93740,2
93741,2
93742,2
93743,2
93744,2
93745,2
93746,2
93747,2
93748,2
93749,2
93750,2
93751,2
93752,2
93753,2
93754,2
93755,2
93756,2
93757,2
93758,3
93759,2
93760,2
93761,2
93762,2
93763,2
93764,2
93765,2
93766,2
93767,2
93768,2
93769,2
93770,2
93771,2
93772,2
93773,2
93774,2
93775,2
93776,2
93777,2
93778,2
93779,2
93780,2
93781,2
93782,2
93783,2
93784,2
93785,2
93786,2
93787,2
93788,2
93789,2
93790,2
93791,2
93792,2
93793,2
93794,2
93795,2
93796,2
93797,2
93798,2
93799,2
93800,2
93801,2
93802,2
93803,2
93804,2
93805,2
93806,2
93807,2
93808,2
93809,2
93810,2
93811,2
93812,2
93813,2
93814,2
93815,2
93816,2
93817,2
93818,2
93819,2
93820,2
93821,2
93822,2
93823,2
93824,2
93825,2
93826,2
93827,2
93828,2
93829,2
93830,2
93831,2
93832,2
93833,2
93834,2
93835,2
93836,2
93837,2
93838,2
93839,2
93840,2
93841,2
93842,2
93843,2
93844,2
93845,2
93846,2
93847,2
93848,2
93849,2
93850,2
93851,2
93852,2
93853,2
93854,2
93855,2
93856,2
93857,2
93858,2
93859,2
93860,2
93861,2
93862,2
93863,2
93864,2
93865,2
93866,2
93867,2
93868,2
93869,2
93870,2
93871,2
93872,2
93873,2
93874,2
93875,2
93876,2
93877,2
93878,2
93879,2
93880,2
93881,2
93882,2
93883,2
93884,2
93885,2
93886,2
93887,2
93888,2
93889,2
93890,2
93891,2
93892,2
93893,2
93894,2
93895,2
93896,2
93897,2
93898,2
93899,2
93900,2
93901,2
93902,2
93903,2
93904,2
93905,2
93906,2
93907,2
93908,2
93909,2
93910,2
93911,2
93912,2
93913,2
93914,2
93915,2
93916,4
93917,2
93918,2
93919,2
93920,2
93921,2
93922,2
93923,2
93924,2
93925,2
93926,2
93927,2
93928,2
93929,2
93930,2
93931,2
93932,2
93933,2
93934,2
93935,2
93936,2
93937,2
93938,2
93939,2
93940,2
93941,2
93942,2
93943,2
93944,2
93945,2
93946,2
93947,2
93948,2
93949,2
93950,2
93951,2
93952,2
93953,2
93954,2
93955,2
93956,2
93957,2
93958,2
93959,2
93960,2
93961,2
93962,2
93963,2
93964,2
93965,2
93966,2
93967,2
93968,2
93969,2
93970,2
93971,2
93972,2
93973,2
93974,2
93975,2
93976,2
93977,2
93978,2
93979,2
93980,2
93981,2
93982,2
93983,2
93984,2
93985,2
93986,2
93987,2
93988,2
93989,2
93990,2
93991,2
93992,2
93993,2
93994,2
93995,2
93996,2
93997,2
93998,2
93999,2
94000,2
94001,2
94002,2
94003,2
94004,2
94005,2
94006,2
94007,2
94008,2
94009,2
94010,2
94011,2
94012,2
94013,2
94014,2
94015,2
94016,2
94017,2
94018,2
94019,2
94020,2
94021,2
94022,2
94023,2
94024,2
94025,2
94026,2
94027,2
94028,2
94029,2
94030,2
94031,2
94032,2
94033,2
94034,2
94035,2
94036,2
94037,2
94038,2
94039,2
94040,2
94041,2
94042,2
94043,2
94044,2
94045,2
94046,2
94047,2
94048,2
94049,2
94050,2
94051,2
94052,2
94053,2
94054,2
94055,2
94056,2
94057,2
94058,2
94059,2
94060,0
94061,2
94062,2
94063,2
94064,2
94065,2
94066,2
94067,2
94068,2
94069,2
94070,2
94071,2
94072,2
94073,2
94074,2
94075,2
94076,2
94077,2
94078,2
94079,2
94080,2
94081,2
94082,2
94083,2
94084,2
94085,2
94086,2
94087,2
94088,2
94089,2
94090,2
94091,2
94092,2
94093,2
94094,2
94095,2
94096,2
94097,2
94098,2
94099,2
94100,2
94101,2
94102,2
94103,2
94104,2
94105,2
94106,2
94107,2
94108,2
94109,2
94110,2
94111,2
94112,2
94113,2
94114,2
94115,2
94116,2
94117,2
94118,2
94119,2
94120,2
94121,2
94122,2
94123,2
94124,2
94125,2
94126,2
94127,2
94128,2
94129,2
94130,2
94131,2
94132,2
94133,2
94134,2
94135,2
94136,2
94137,2
94138,2
94139,2
94140,2
94141,2
94142,2
94143,2
94144,2
94145,2
94146,2
94147,2
94148,2
94149,2
94150,2
94151,2
94152,2
94153,2
94154,2
94155,2
94156,2
94157,2
94158,2
94159,2
94160,2
94161,2
94162,2
94163,2
94164,2
94165,2
94166,2
94167,2
94168,2
94169,2
94170,2
94171,2
94172,2
94173,2
94174,2
94175,2
94176,2
94177,2
94178,2
94179,2
94180,2
94181,2
94182,2
94183,2
94184,2
94185,2
94186,2
94187,2
94188,2
94189,2
94190,2
94191,2
94192,2
94193,2
94194,2
94195,2
94196,2
94197,2
94198,2
94199,2
94200,2
94201,3
94202,2
94203,2
94204,2
94205,2
94206,2
94207,2
94208,2
94209,2
94210,2
94211,2
94212,2
94213,2
94214,2
94215,2
94216,2
94217,2
94218,2
94219,2
94220,2
94221,2
94222,4
94223,2
94224,4
94225,2
94226,2
94227,2
94228,2
94229,2
94230,2
94231,2
94232,2
94233,2
94234,2
94235,4
94236,4
94237,3
94238,2
94239,4
94240,2
94241,4
94242,4
94243,4
94244,2
94245,4
94246,2
94247,4
94248,2
94249,2
94250,2
94251,2
94252,2
94253,2
94254,2
94255,2
94256,2
94257,2
94258,2
94259,2
94260,2
94261,2
94262,2
94263,2
94264,4
94265,2
94266,2
94267,2
94268,2
94269,2
94270,2
94271,2
94272,2
94273,2
94274,2
94275,2
94276,2
94277,2
94278,2
94279,2
94280,2
94281,2
94282,3
94283,4
94284,2
94285,2
94286,4
94287,2
94288,2
94289,2
94290,2
94291,2
94292,2
94293,4
94294,2
94295,2
94296,2
94297,2
94298,4
94299,2
94300,2
94301,2
94302,2
94303,2
94304,2
94305,2
94306,2
94307,2
94308,2
94309,2
94310,2
94311,2
94312,2
94313,2
94314,2
94315,2
94316,3
94317,2
94318,4
94319,2
94320,2
94321,2
94322,2
94323,2
94324,2
94325,0
94326,0
94327,2
94328,2
94329,3
94330,2
94331,2
94332,0
94333,2
94334,2
94335,2
94336,2
94337,2
94338,2
94339,2
94340,2
94341,2
94342,2
94343,2
94344,2
94345,2
94346,2
94347,2
94348,2
94349,2
94350,2
94351,3
94352,2
94353,2
94354,0
94355,3
94356,2
94357,2
94358,2
94359,2
94360,2
94361,3
94362,1
94363,1
94364,3
94365,3
94366,4
94367,4
94368,1
94369,2
94370,2
94371,2
94372,2
94373,2
94374,2
94375,2
94376,2
94377,2
94378,2
94379,2
94380,2
94381,2
94382,2
94383,2
94384,2
94385,2
94386,2
94387,2
94388,2
94389,2
94390,2
94391,2
94392,2
94393,2
94394,2
94395,2
94396,2
94397,2
94398,2
94399,2
94400,2
94401,2
94402,2
94403,2
94404,2
94405,2
94406,2
94407,2
94408,2
94409,2
94410,2
94411,2
94412,2
94413,2
94414,2
94415,2
94416,2
94417,2
94418,2
94419,2
94420,2
94421,2
94422,2
94423,2
94424,2
94425,2
94426,2
94427,2
94428,2
94429,2
94430,2
94431,2
94432,2
94433,2
94434,2
94435,2
94436,2
94437,2
94438,2
94439,2
94440,2
94441,2
94442,2
94443,2
94444,2
94445,2
94446,2
94447,2
94448,2
94449,2
94450,2
94451,2
94452,2
94453,2
94454,2
94455,2
94456,2
94457,2
94458,2
94459,2
94460,2
94461,2
94462,2
94463,2
94464,2
94465,2
94466,2
94467,2
94468,2
94469,2
94470,2
94471,2
94472,2
94473,2
94474,2
94475,2
94476,2
94477,2
94478,2
94479,2
94480,2
94481,2
94482,2
94483,2
94484,2
94485,2
94486,2
94487,2
94488,2
94489,2
94490,2
94491,2
94492,2
94493,2
94494,2
94495,2
94496,2
94497,2
94498,2
94499,2
94500,2
94501,2
94502,2
94503,2
94504,2
94505,2
94506,2
94507,2
94508,2
94509,2
94510,2
94511,2
94512,2
94513,2
94514,2
94515,2
94516,2
94517,2
94518,2
94519,2
94520,2
94521,2
94522,2
94523,2
94524,2
94525,2
94526,2
94527,2
94528,2
94529,2
94530,2
94531,2
94532,2
94533,2
94534,2
94535,2
94536,2
94537,2
94538,2
94539,2
94540,2
94541,2
94542,2
94543,2
94544,2
94545,2
94546,2
94547,2
94548,2
94549,2
94550,2
94551,2
94552,2
94553,2
94554,2
94555,2
94556,2
94557,2
94558,2
94559,2
94560,2
94561,2
94562,2
94563,2
94564,2
94565,2
94566,2
94567,2
94568,2
94569,2
94570,2
94571,2
94572,2
94573,2
94574,2
94575,2
94576,2
94577,2
94578,2
94579,2
94580,2
94581,2
94582,2
94583,2
94584,2
94585,2
94586,2
94587,2
94588,2
94589,2
94590,2
94591,2
94592,2
94593,2
94594,2
94595,2
94596,2
94597,2
94598,2
94599,2
94600,2
94601,2
94602,2
94603,2
94604,2
94605,2
94606,2
94607,2
94608,2
94609,2
94610,2
94611,2
94612,2
94613,2
94614,2
94615,2
94616,2
94617,2
94618,2
94619,2
94620,2
94621,2
94622,2
94623,2
94624,2
94625,2
94626,2
94627,2
94628,2
94629,2
94630,2
94631,2
94632,2
94633,2
94634,2
94635,2
94636,2
94637,2
94638,2
94639,2
94640,2
94641,2
94642,2
94643,2
94644,2
94645,2
94646,2
94647,2
94648,2
94649,2
94650,2
94651,2
94652,2
94653,2
94654,2
94655,2
94656,2
94657,2
94658,2
94659,2
94660,2
94661,2
94662,2
94663,2
94664,2
94665,2
94666,2
94667,2
94668,2
94669,2
94670,2
94671,2
94672,2
94673,2
94674,2
94675,2
94676,2
94677,2
94678,2
94679,2
94680,2
94681,2
94682,2
94683,2
94684,2
94685,2
94686,2
94687,2
94688,2
94689,2
94690,2
94691,2
94692,2
94693,2
94694,2
94695,4
94696,2
94697,2
94698,2
94699,2
94700,2
94701,2
94702,2
94703,2
94704,2
94705,2
94706,2
94707,2
94708,2
94709,2
94710,2
94711,2
94712,2
94713,2
94714,2
94715,2
94716,2
94717,2
94718,2
94719,2
94720,2
94721,2
94722,2
94723,2
94724,2
94725,2
94726,2
94727,4
94728,2
94729,2
94730,2
94731,2
94732,2
94733,2
94734,2
94735,2
94736,2
94737,2
94738,2
94739,2
94740,2
94741,2
94742,2
94743,2
94744,2
94745,2
94746,2
94747,2
94748,2
94749,2
94750,2
94751,2
94752,2
94753,2
94754,2
94755,2
94756,2
94757,2
94758,2
94759,2
94760,2
94761,2
94762,2
94763,2
94764,2
94765,2
94766,2
94767,2
94768,4
94769,4
94770,4
94771,2
94772,2
94773,2
94774,2
94775,2
94776,2
94777,2
94778,2
94779,2
94780,2
94781,2
94782,2
94783,2
94784,2
94785,2
94786,3
94787,4
94788,4
94789,2
94790,2
94791,2
94792,3
94793,3
94794,3
94795,2
94796,2
94797,4
94798,2
94799,4
94800,4
94801,3
94802,3
94803,4
94804,4
94805,4
94806,4
94807,4
94808,2
94809,2
94810,2
94811,4
94812,2
94813,2
94814,4
94815,2
94816,2
94817,4
94818,2
94819,2
94820,2
94821,2
94822,2
94823,2
94824,2
94825,2
94826,2
94827,2
94828,3
94829,2
94830,2
94831,2
94832,2
94833,2
94834,2
94835,2
94836,2
94837,4
94838,0
94839,4
94840,4
94841,4
94842,2
94843,2
94844,2
94845,2
94846,2
94847,2
94848,2
94849,2
94850,2
94851,4
94852,2
94853,2
94854,2
94855,2
94856,2
94857,2
94858,2
94859,2
94860,2
94861,2
94862,2
94863,2
94864,4
94865,2
94866,4
94867,4
94868,3
94869,2
94870,2
94871,2
94872,2
94873,2
94874,2
94875,2
94876,4
94877,2
94878,2
94879,2
94880,2
94881,2
94882,2
94883,2
94884,2
94885,4
94886,4
94887,4
94888,2
94889,2
94890,2
94891,2
94892,2
94893,2
94894,2
94895,2
94896,2
94897,2
94898,3
94899,2
94900,3
94901,2
94902,2
94903,2
94904,2
94905,2
94906,2
94907,2
94908,2
94909,2
94910,0
94911,2
94912,2
94913,2
94914,2
94915,2
94916,2
94917,2
94918,2
94919,3
94920,2
94921,2
94922,3
94923,3
94924,2
94925,2
94926,3
94927,4
94928,4
94929,2
94930,4
94931,2
94932,2
94933,2
94934,3
94935,3
94936,2
94937,4
94938,2
94939,0
94940,2
94941,2
94942,2
94943,2
94944,2
94945,2
94946,2
94947,2
94948,4
94949,4
94950,3
94951,3
94952,4
94953,3
94954,4
94955,3
94956,4
94957,3
94958,3
94959,3
94960,0
94961,4
94962,2
94963,4
94964,4
94965,2
94966,4
94967,2
94968,1
94969,4
94970,4
94971,4
94972,3
94973,4
94974,4
94975,0
94976,2
94977,2
94978,2
94979,2
94980,2
94981,2
94982,2
94983,2
94984,2
94985,2
94986,2
94987,2
94988,3
94989,2
94990,2
94991,2
94992,2
94993,2
94994,2
94995,2
94996,2
94997,2
94998,2
94999,2
95000,2
95001,2
95002,2
95003,2
95004,2
95005,2
95006,2
95007,2
95008,2
95009,2
95010,2
95011,2
95012,2
95013,2
95014,2
95015,2
95016,2
95017,2
95018,2
95019,4
95020,2
95021,2
95022,2
95023,2
95024,2
95025,2
95026,2
95027,2
95028,2
95029,2
95030,2
95031,2
95032,2
95033,2
95034,2
95035,2
95036,2
95037,2
95038,3
95039,2
95040,2
95041,2
95042,2
95043,2
95044,2
95045,2
95046,2
95047,2
95048,2
95049,2
95050,2
95051,2
95052,2
95053,2
95054,2
95055,2
95056,2
95057,2
95058,2
95059,2
95060,2
95061,2
95062,2
95063,2
95064,2
95065,2
95066,2
95067,2
95068,2
95069,2
95070,2
95071,2
95072,2
95073,2
95074,2
95075,2
95076,2
95077,2
95078,2
95079,2
95080,2
95081,2
95082,2
95083,2
95084,2
95085,2
95086,2
95087,2
95088,2
95089,2
95090,2
95091,2
95092,2
95093,2
95094,2
95095,2
95096,2
95097,2
95098,2
95099,2
95100,2
95101,2
95102,2
95103,2
95104,2
95105,4
95106,2
95107,2
95108,2
95109,2
95110,2
95111,2
95112,2
95113,2
95114,2
95115,2
95116,2
95117,2
95118,2
95119,2
95120,2
95121,2
95122,2
95123,2
95124,2
95125,2
95126,2
95127,2
95128,2
95129,2
95130,2
95131,2
95132,2
95133,2
95134,2
95135,2
95136,2
95137,2
95138,2
95139,2
95140,2
95141,2
95142,2
95143,2
95144,2
95145,2
95146,2
95147,2
95148,2
95149,2
95150,2
95151,2
95152,2
95153,2
95154,2
95155,2
95156,2
95157,2
95158,2
95159,2
95160,2
95161,2
95162,2
95163,2
95164,2
95165,2
95166,2
95167,2
95168,2
95169,2
95170,2
95171,2
95172,2
95173,2
95174,2
95175,2
95176,2
95177,2
95178,2
95179,2
95180,2
95181,2
95182,2
95183,2
95184,2
95185,2
95186,2
95187,2
95188,2
95189,2
95190,2
95191,2
95192,2
95193,2
95194,2
95195,2
95196,2
95197,2
95198,2
95199,2
95200,2
95201,2
95202,2
95203,2
95204,2
95205,2
95206,2
95207,2
95208,2
95209,2
95210,2
95211,2
95212,2
95213,2
95214,2
95215,2
95216,2
95217,2
95218,2
95219,2
95220,2
95221,2
95222,2
95223,2
95224,2
95225,2
95226,2
95227,2
95228,2
95229,2
95230,2
95231,2
95232,2
95233,2
95234,2
95235,2
95236,2
95237,2
95238,2
95239,2
95240,2
95241,2
95242,2
95243,2
95244,2
95245,2
95246,4
95247,2
95248,2
95249,2
95250,2
95251,2
95252,2
95253,2
95254,2
95255,2
95256,2
95257,2
95258,2
95259,2
95260,2
95261,2
95262,2
95263,2
95264,2
95265,2
95266,2
95267,2
95268,2
95269,2
95270,2
95271,2
95272,2
95273,2
95274,2
95275,2
95276,2
95277,2
95278,2
95279,2
95280,2
95281,2
95282,2
95283,2
95284,2
95285,2
95286,2
95287,2
95288,2
95289,2
95290,2
95291,2
95292,2
95293,2
95294,2
95295,2
95296,2
95297,2
95298,2
95299,2
95300,2
95301,2
95302,2
95303,2
95304,2
95305,2
95306,2
95307,2
95308,2
95309,2
95310,2
95311,2
95312,2
95313,2
95314,2
95315,2
95316,2
95317,2
95318,2
95319,2
95320,2
95321,2
95322,2
95323,2
95324,2
95325,2
95326,2
95327,2
95328,2
95329,2
95330,2
95331,2
95332,2
95333,2
95334,2
95335,2
95336,2
95337,2
95338,2
95339,2
95340,2
95341,2
95342,2
95343,2
95344,2
95345,2
95346,2
95347,2
95348,2
95349,2
95350,2
95351,2
95352,2
95353,2
95354,2
95355,2
95356,2
95357,2
95358,2
95359,2
95360,2
95361,2
95362,2
95363,2
95364,2
95365,2
95366,2
95367,2
95368,2
95369,2
95370,2
95371,2
95372,2
95373,2
95374,2
95375,2
95376,2
95377,2
95378,2
95379,2
95380,2
95381,2
95382,2
95383,2
95384,2
95385,2
95386,2
95387,2
95388,2
95389,2
95390,2
95391,2
95392,2
95393,2
95394,2
95395,2
95396,2
95397,2
95398,2
95399,2
95400,2
95401,2
95402,2
95403,2
95404,2
95405,2
95406,2
95407,2
95408,2
95409,2
95410,2
95411,2
95412,2
95413,2
95414,2
95415,2
95416,2
95417,2
95418,2
95419,2
95420,2
95421,2
95422,2
95423,2
95424,2
95425,2
95426,2
95427,2
95428,2
95429,2
95430,2
95431,2
95432,2
95433,2
95434,2
95435,2
95436,2
95437,2
95438,2
95439,2
95440,2
95441,2
95442,2
95443,2
95444,2
95445,2
95446,2
95447,2
95448,2
95449,2
95450,2
95451,2
95452,2
95453,2
95454,2
95455,2
95456,2
95457,2
95458,2
95459,2
95460,2
95461,2
95462,2
95463,2
95464,2
95465,2
95466,2
95467,2
95468,2
95469,2
95470,2
95471,2
95472,2
95473,1
95474,1
95475,2
95476,3
95477,3
95478,3
95479,1
95480,3
95481,3
95482,1
95483,3
95484,3
95485,3
95486,3
95487,3
95488,3
95489,3
95490,3
95491,3
95492,3
95493,3
95494,1
95495,3
95496,3
95497,3
95498,3
95499,0
95500,3
95501,3
95502,0
95503,3
95504,2
95505,3
95506,0
95507,2
95508,3
95509,3
95510,3
95511,3
95512,3
95513,3
95514,3
95515,3
95516,3
95517,3
95518,3
95519,3
95520,3
95521,3
95522,3
95523,3
95524,2
95525,3
95526,2
95527,3
95528,3
95529,3
95530,0
95531,2
95532,2
95533,2
95534,3
95535,3
95536,3
95537,3
95538,3
95539,3
95540,3
95541,2
95542,3
95543,3
95544,2
95545,2
95546,3
95547,3
95548,3
95549,2
95550,2
95551,2
95552,3
95553,2
95554,3
95555,2
95556,2
95557,2
95558,2
95559,2
95560,2
95561,2
95562,3
95563,2
95564,3
95565,3
95566,3
95567,3
95568,0
95569,2
95570,0
95571,3
95572,0
95573,0
95574,0
95575,0
95576,0
95577,0
95578,0
95579,0
95580,2
95581,2
95582,2
95583,2
95584,2
95585,2
95586,2
95587,2
95588,2
95589,3
95590,3
95591,3
95592,3
95593,3
95594,2
95595,3
95596,3
95597,3
95598,2
95599,2
95600,3
95601,2
95602,2
95603,2
95604,3
95605,1
95606,3
95607,3
95608,3
95609,3
95610,3
95611,1
95612,1
95613,0
95614,3
95615,2
95616,0
95617,3
95618,3
95619,2
95620,1
95621,1
95622,3
95623,3
95624,3
95625,1
95626,1
95627,1
95628,1
95629,3
95630,3
95631,3
95632,2
95633,3
95634,3
95635,3
95636,3
95637,3
95638,3
95639,2
95640,3
95641,3
95642,3
95643,3
95644,3
95645,3
95646,3
95647,3
95648,0
95649,1
95650,1
95651,3
95652,0
95653,0
95654,3
95655,3
95656,0
95657,0
95658,0
95659,3
95660,3
95661,3
95662,3
95663,3
95664,3
95665,3
95666,3
95667,3
95668,3
95669,3
95670,0
95671,3
95672,3
95673,3
95674,2
95675,2
95676,3
95677,3
95678,1
95679,3
95680,3
95681,3
95682,3
95683,3
95684,3
95685,2
95686,0
95687,2
95688,3
95689,1
95690,1
95691,1
95692,1
95693,1
95694,1
95695,1
95696,1
95697,1
95698,3
95699,1
95700,3
95701,3
95702,3
95703,2
95704,3
95705,3
95706,3
95707,3
95708,3
95709,3
95710,0
95711,3
95712,0
95713,3
95714,3
95715,1
95716,0
95717,0
95718,3
95719,3
95720,3
95721,3
95722,3
95723,3
95724,3
95725,2
95726,3
95727,2
95728,3
95729,3
95730,3
95731,3
95732,3
95733,3
95734,2
95735,3
95736,3
95737,2
95738,2
95739,0
95740,2
95741,2
95742,3
95743,3
95744,2
95745,0
95746,3
95747,3
95748,3
95749,3
95750,3
95751,3
95752,3
95753,3
95754,3
95755,3
95756,3
95757,3
95758,3
95759,1
95760,2
95761,3
95762,3
95763,3
95764,3
95765,3
95766,0
95767,3
95768,3
95769,3
95770,3
95771,2
95772,2
95773,2
95774,0
95775,3
95776,3
95777,3
95778,0
95779,3
95780,3
95781,3
95782,3
95783,3
95784,3
95785,3
95786,0
95787,3
95788,3
95789,0
95790,3
95791,3
95792,3
95793,3
95794,3
95795,3
95796,3
95797,3
95798,3
95799,3
95800,3
95801,3
95802,2
95803,3
95804,3
95805,3
95806,2
95807,3
95808,0
95809,2
95810,2
95811,2
95812,3
95813,3
95814,2
95815,0
95816,3
95817,3
95818,1
95819,2
95820,0
95821,0
95822,0
95823,0
95824,3
95825,3
95826,3
95827,3
95828,3
95829,3
95830,0
95831,3
95832,0
95833,3
95834,3
95835,3
95836,2
95837,0
95838,0
95839,0
95840,0
95841,0
95842,0
95843,0
95844,0
95845,3
95846,1
95847,3
95848,3
95849,3
95850,3
95851,3
95852,3
95853,3
95854,3
95855,3
95856,2
95857,3
95858,3
95859,3
95860,0
95861,0
95862,3
95863,3
95864,2
95865,3
95866,3
95867,3
95868,1
95869,1
95870,1
95871,1
95872,2
95873,2
95874,0
95875,1
95876,1
95877,0
95878,0
95879,1
95880,3
95881,3
95882,3
95883,3
95884,3
95885,2
95886,1
95887,3
95888,3
95889,3
95890,3
95891,3
95892,2
95893,3
95894,3
95895,3
95896,3
95897,3
95898,3
95899,3
95900,1
95901,3
95902,3
95903,3
95904,0
95905,0
95906,0
95907,2
95908,3
95909,3
95910,3
95911,3
95912,2
95913,0
95914,3
95915,3
95916,3
95917,3
95918,3
95919,3
95920,3
95921,3
95922,3
95923,3
95924,0
95925,2
95926,3
95927,0
95928,2
95929,2
95930,0
95931,2
95932,3
95933,3
95934,3
95935,3
95936,0
95937,3
95938,3
95939,3
95940,3
95941,2
95942,3
95943,3
95944,2
95945,0
95946,3
95947,2
95948,2
95949,3
95950,3
95951,3
95952,0
95953,2
95954,3
95955,0
95956,0
95957,0
95958,2
95959,0
95960,0
95961,3
95962,2
95963,3
95964,2
95965,2
95966,3
95967,2
95968,3
95969,3
95970,3
95971,3
95972,3
95973,0
95974,3
95975,3
95976,3
95977,0
95978,3
95979,3
95980,0
95981,3
95982,3
95983,3
95984,3
95985,3
95986,3
95987,3
95988,0
95989,2
95990,0
95991,2
95992,0
95993,2
95994,2
95995,0
95996,3
95997,3
95998,3
95999,3
96000,3
96001,3
96002,3
96003,3
96004,3
96005,3
96006,3
96007,3
96008,3
96009,3
96010,3
96011,3
96012,3
96013,3
96014,3
96015,3
96016,3
96017,3
96018,0
96019,2
96020,0
96021,3
96022,3
96023,2
96024,3
96025,2
96026,3
96027,3
96028,3
96029,3
96030,3
96031,3
96032,3
96033,3
96034,0
96035,3
96036,3
96037,3
96038,3
96039,2
96040,3
96041,3
96042,3
96043,0
96044,1
96045,3
96046,3
96047,3
96048,3
96049,3
96050,1
96051,3
96052,2
96053,2
96054,3
96055,3
96056,3
96057,0
96058,2
96059,2
96060,2
96061,3
96062,3
96063,3
96064,3
96065,3
96066,3
96067,2
96068,3
96069,3
96070,3
96071,2
96072,0
96073,3
96074,2
96075,3
96076,2
96077,2
96078,2
96079,0
96080,2
96081,3
96082,2
96083,3
96084,3
96085,2
96086,3
96087,3
96088,3
96089,3
96090,0
96091,0
96092,3
96093,2
96094,3
96095,3
96096,0
96097,3
96098,3
96099,3
96100,3
96101,3
96102,3
96103,0
96104,3
96105,3
96106,3
96107,3
96108,3
96109,2
96110,0
96111,3
96112,2
96113,2
96114,3
96115,3
96116,3
96117,3
96118,2
96119,3
96120,3
96121,0
96122,0
96123,2
96124,3
96125,3
96126,3
96127,0
96128,0
96129,3
96130,3
96131,1
96132,3
96133,0
96134,1
96135,1
96136,3
96137,3
96138,3
96139,3
96140,3
96141,3
96142,3
96143,3
96144,3
96145,3
96146,3
96147,3
96148,2
96149,2
96150,2
96151,0
96152,3
96153,3
96154,3
96155,3
96156,3
96157,2
96158,3
96159,2
96160,0
96161,2
96162,2
96163,3
96164,3
96165,3
96166,3
96167,3
96168,3
96169,3
96170,2
96171,2
96172,3
96173,2
96174,0
96175,3
96176,3
96177,3
96178,3
96179,3
96180,2
96181,3
96182,3
96183,3
96184,2
96185,3
96186,3
96187,3
96188,3
96189,3
96190,3
96191,0
96192,3
96193,0
96194,3
96195,3
96196,3
96197,3
96198,2
96199,2
96200,2
96201,3
96202,0
96203,3
96204,3
96205,3
96206,2
96207,2
96208,3
96209,3
96210,3
96211,0
96212,2
96213,2
96214,1
96215,3
96216,3
96217,0
96218,3
96219,3
96220,3
96221,3
96222,3
96223,3
96224,3
96225,3
96226,2
96227,3
96228,0
96229,3
96230,2
96231,2
96232,2
96233,2
96234,3
96235,2
96236,3
96237,2
96238,2
96239,2
96240,3
96241,3
96242,3
96243,3
96244,3
96245,3
96246,3
96247,3
96248,3
96249,3
96250,3
96251,2
96252,3
96253,1
96254,3
96255,3
96256,3
96257,3
96258,3
96259,3
96260,3
96261,3
96262,3
96263,0
96264,0
96265,3
96266,3
96267,3
96268,3
96269,3
96270,3
96271,3
96272,3
96273,3
96274,3
96275,3
96276,3
96277,3
96278,3
96279,1
96280,0
96281,2
96282,3
96283,3
96284,3
96285,3
96286,2
96287,2
96288,3
96289,2
96290,3
96291,3
96292,0
96293,2
96294,2
96295,3
96296,2
96297,3
96298,2
96299,3
96300,2
96301,3
96302,3
96303,3
96304,1
96305,3
96306,3
96307,3
96308,3
96309,3
96310,3
96311,3
96312,3
96313,1
96314,3
96315,3
96316,3
96317,3
96318,3
96319,3
96320,3
96321,1
96322,1
96323,1
96324,3
96325,3
96326,3
96327,3
96328,2
96329,3
96330,3
96331,3
96332,3
96333,3
96334,3
96335,3
96336,3
96337,3
96338,0
96339,3
96340,3
96341,3
96342,3
96343,3
96344,3
96345,3
96346,3
96347,3
96348,3
96349,3
96350,1
96351,3
96352,0
96353,3
96354,0
96355,3
96356,3
96357,3
96358,3
96359,3
96360,2
96361,2
96362,2
96363,2
96364,2
96365,2
96366,2
96367,3
96368,2
96369,2
96370,2
96371,2
96372,0
96373,2
96374,3
96375,3
96376,3
96377,3
96378,2
96379,3
96380,3
96381,3
96382,3
96383,3
96384,3
96385,2
96386,3
96387,3
96388,3
96389,3
96390,3
96391,3
96392,3
96393,3
96394,3
96395,3
96396,0
96397,3
96398,3
96399,3
96400,3
96401,3
96402,3
96403,2
96404,3
96405,3
96406,3
96407,3
96408,3
96409,0
96410,3
96411,2
96412,3
96413,3
96414,3
96415,0
96416,2
96417,3
96418,3
96419,3
96420,3
96421,2
96422,2
96423,3
96424,3
96425,3
96426,3
96427,3
96428,3
96429,3
96430,0
96431,3
96432,3
96433,3
96434,3
96435,3
96436,3
96437,3
96438,3
96439,3
96440,3
96441,3
96442,1
96443,0
96444,3
96445,3
96446,3
96447,3
96448,0
96449,2
96450,2
96451,2
96452,2
96453,2
96454,2
96455,2
96456,2
96457,2
96458,2
96459,2
96460,2
96461,3
96462,3
96463,3
96464,3
96465,0
96466,3
96467,0
96468,0
96469,0
96470,0
96471,2
96472,0
96473,0
96474,2
96475,0
96476,3
96477,3
96478,3
96479,3
96480,3
96481,3
96482,0
96483,3
96484,3
96485,0
96486,0
96487,3
96488,3
96489,3
96490,3
96491,3
96492,3
96493,0
96494,3
96495,3
96496,3
96497,3
96498,3
96499,3
96500,3
96501,3
96502,3
96503,3
96504,3
96505,3
96506,3
96507,3
96508,2
96509,2
96510,3
96511,3
96512,3
96513,2
96514,3
96515,3
96516,3
96517,3
96518,3
96519,3
96520,2
96521,2
96522,3
96523,3
96524,3
96525,3
96526,1
96527,3
96528,3
96529,3
96530,3
96531,3
96532,3
96533,3
96534,3
96535,3
96536,2
96537,3
96538,3
96539,3
96540,3
96541,3
96542,3
96543,3
96544,0
96545,3
96546,3
96547,3
96548,3
96549,3
96550,3
96551,0
96552,0
96553,1
96554,1
96555,0
96556,3
96557,3
96558,3
96559,3
96560,3
96561,3
96562,3
96563,3
96564,3
96565,3
96566,3
96567,2
96568,0
96569,3
96570,2
96571,2
96572,3
96573,3
96574,2
96575,3
96576,3
96577,3
96578,3
96579,3
96580,1
96581,3
96582,3
96583,3
96584,3
96585,3
96586,3
96587,3
96588,3
96589,0
96590,1
96591,3
96592,3
96593,3
96594,3
96595,2
96596,3
96597,3
96598,3
96599,3
96600,3
96601,3
96602,3
96603,3
96604,3
96605,3
96606,0
96607,3
96608,3
96609,3
96610,0
96611,3
96612,1
96613,3
96614,3
96615,3
96616,2
96617,2
96618,3
96619,3
96620,3
96621,3
96622,2
96623,3
96624,3
96625,3
96626,3
96627,3
96628,3
96629,3
96630,0
96631,0
96632,0
96633,3
96634,3
96635,3
96636,0
96637,2
96638,3
96639,3
96640,3
96641,3
96642,3
96643,3
96644,2
96645,3
96646,3
96647,3
96648,0
96649,0
96650,3
96651,2
96652,0
96653,0
96654,3
96655,3
96656,3
96657,3
96658,3
96659,3
96660,3
96661,3
96662,3
96663,3
96664,3
96665,0
96666,0
96667,0
96668,3
96669,3
96670,3
96671,3
96672,3
96673,3
96674,3
96675,3
96676,3
96677,3
96678,3
96679,3
96680,0
96681,2
96682,3
96683,3
96684,3
96685,2
96686,3
96687,0
96688,3
96689,3
96690,3
96691,0
96692,3
96693,3
96694,3
96695,3
96696,3
96697,1
96698,2
96699,1
96700,1
96701,1
96702,3
96703,1
96704,1
96705,1
96706,3
96707,2
96708,2
96709,3
96710,2
96711,0
96712,2
96713,3
96714,3
96715,3
96716,0
96717,3
96718,3
96719,3
96720,0
96721,0
96722,2
96723,0
96724,0
96725,0
96726,0
96727,0
96728,3
96729,3
96730,3
96731,0
96732,3
96733,3
96734,0
96735,3
96736,3
96737,1
96738,3
96739,3
96740,3
96741,3
96742,3
96743,3
96744,0
96745,3
96746,3
96747,3
96748,3
96749,3
96750,2
96751,0
96752,3
96753,1
96754,1
96755,1
96756,2
96757,3
96758,3
96759,1
96760,3
96761,3
96762,3
96763,3
96764,3
96765,3
96766,3
96767,3
96768,3
96769,2
96770,0
96771,2
96772,3
96773,3
96774,3
96775,2
96776,3
96777,3
96778,3
96779,3
96780,3
96781,2
96782,2
96783,2
96784,1
96785,1
96786,3
96787,2
96788,3
96789,3
96790,3
96791,3
96792,3
96793,3
96794,3
96795,3
96796,0
96797,3
96798,3
96799,3
96800,3
96801,3
96802,3
96803,3
96804,3
96805,1
96806,2
96807,0
96808,2
96809,2
96810,2
96811,0
96812,2
96813,0
96814,2
96815,2
96816,2
96817,1
96818,1
96819,3
96820,3
96821,1
96822,3
96823,3
96824,3
96825,3
96826,3
96827,3
96828,3
96829,3
96830,3
96831,3
96832,3
96833,3
96834,3
96835,3
96836,3
96837,0
96838,3
96839,3
96840,3
96841,3
96842,3
96843,3
96844,2
96845,2
96846,2
96847,2
96848,3
96849,3
96850,3
96851,3
96852,2
96853,0
96854,2
96855,2
96856,2
96857,3
96858,0
96859,0
96860,3
96861,3
96862,1
96863,3
96864,3
96865,3
96866,3
96867,3
96868,1
96869,0
96870,3
96871,3
96872,3
96873,3
96874,3
96875,3
96876,3
96877,3
96878,1
96879,3
96880,3
96881,3
96882,3
96883,1
96884,3
96885,2
96886,2
96887,2
96888,3
96889,3
96890,3
96891,3
96892,3
96893,3
96894,0
96895,3
96896,3
96897,3
96898,3
96899,2
96900,2
96901,2
96902,3
96903,2
96904,3
96905,3
96906,2
96907,0
96908,3
96909,2
96910,3
96911,3
96912,3
96913,3
96914,2
96915,2
96916,3
96917,2
96918,3
96919,2
96920,1
96921,1
96922,1
96923,3
96924,3
96925,0
96926,3
96927,3
96928,0
96929,3
96930,3
96931,1
96932,1
96933,3
96934,3
96935,3
96936,3
96937,3
96938,0
96939,0
96940,3
96941,0
96942,3
96943,3
96944,1
96945,1
96946,1
96947,3
96948,3
96949,3
96950,3
96951,3
96952,1
96953,3
96954,3
96955,3
96956,3
96957,3
96958,3
96959,3
96960,3
96961,3
96962,3
96963,3
96964,3
96965,0
96966,3
96967,2
96968,3
96969,3
96970,3
96971,3
96972,2
96973,3
96974,3
96975,3
96976,1
96977,3
96978,3
96979,3
96980,3
96981,3
96982,3
96983,3
96984,0
96985,3
96986,0
96987,3
96988,3
96989,2
96990,3
96991,3
96992,0
96993,3
96994,0
96995,3
96996,3
96997,2
96998,3
96999,3
97000,3
97001,3
97002,0
97003,3
97004,2
97005,3
97006,3
97007,3
97008,3
97009,2
97010,2
97011,3
97012,3
97013,3
97014,3
97015,3
97016,3
97017,3
97018,3
97019,3
97020,3
97021,3
97022,3
97023,3
97024,3
97025,3
97026,3
97027,3
97028,3
97029,3
97030,3
97031,0
97032,1
97033,3
97034,3
97035,3
97036,3
97037,3
97038,3
97039,3
97040,3
97041,0
97042,3
97043,3
97044,3
97045,3
97046,1
97047,1
97048,1
97049,1
97050,1
97051,0
97052,0
97053,0
97054,3
97055,1
97056,2
97057,1
97058,0
97059,1
97060,1
97061,1
97062,1
97063,0
97064,1
97065,3
97066,0
97067,0
97068,2
97069,0
97070,0
97071,3
97072,3
97073,0
97074,2
97075,2
97076,0
97077,2
97078,3
97079,1
97080,1
97081,2
97082,2
97083,2
97084,2
97085,3
97086,2
97087,2
97088,2
97089,2
97090,2
97091,2
97092,2
97093,2
97094,2
97095,0
97096,0
97097,2
97098,1
97099,3
97100,0
97101,3
97102,0
97103,3
97104,0
97105,0
97106,0
97107,2
97108,1
97109,1
97110,0
97111,1
97112,1
97113,3
97114,5
97115,3
97116,3
97117,3
97118,1
97119,1
97120,3
97121,3
97122,3
97123,1
97124,1
97125,2
97126,3
97127,3
97128,3
97129,3
97130,2
97131,1
97132,1
97133,1
97134,1
97135,1
97136,1
97137,1
97138,1
97139,1
97140,1
97141,1
97142,3
97143,3
97144,1
97145,3
97146,0
97147,0
97148,3
97149,1
97150,1
97151,0
97152,3
97153,3
97154,3
97155,3
97156,0
97157,0
97158,0
97159,0
97160,0
97161,0
97162,0
97163,3
97164,0
97165,0
97166,0
97167,0
97168,0
97169,0
97170,0
97171,0
97172,0
97173,0
97174,0
97175,0
97176,0
97177,0
97178,0
97179,0
97180,0
97181,0
97182,0
97183,0
97184,0
97185,0
97186,0
97187,0
97188,0
97189,0
97190,0
97191,0
97192,0
97193,0
97194,1
97195,1
97196,0
97197,1
97198,1
97199,1
97200,2
97201,1
97202,1
97203,1
97204,0
97205,0
97206,0
97207,0
97208,0
97209,1
97210,0
97211,1
97212,1
97213,1
97214,1
97215,1
97216,1
97217,1
97218,1
97219,0
97220,0
97221,0
97222,0
97223,1
97224,1
97225,0
97226,0
97227,1
97228,0
97229,0
97230,0
97231,0
97232,2
97233,0
97234,0
97235,3
97236,3
97237,0
97238,0
97239,3
97240,0
97241,3
97242,0
97243,0
97244,0
97245,0
97246,0
97247,0
97248,0
97249,0
97250,0
97251,0
97252,0
97253,0
97254,0
97255,0
97256,0
97257,0
97258,0
97259,0
97260,0
97261,0
97262,0
97263,0
97264,0
97265,0
97266,0
97267,0
97268,0
97269,0
97270,0
97271,0
97272,2
97273,0
97274,3
97275,0
97276,0
97277,0
97278,0
97279,0
97280,0
97281,0
97282,0
97283,0
97284,0
97285,0
97286,0
97287,0
97288,0
97289,3
97290,0
97291,0
97292,0
97293,0
97294,0
97295,0
97296,0
97297,0
97298,0
97299,0
97300,0
97301,0
97302,0
97303,0
97304,0
97305,0
97306,1
97307,0
97308,0
97309,0
97310,0
97311,0
97312,0
97313,0
97314,0
97315,0
97316,0
97317,0
97318,0
97319,0
97320,0
97321,0
97322,0
97323,0
97324,0
97325,0
97326,0
97327,0
97328,0
97329,0
97330,0
97331,0
97332,0
97333,0
97334,0
97335,0
97336,0
97337,2
97338,2
97339,0
97340,0
97341,0
97342,0
97343,0
97344,1
97345,1
97346,0
97347,3
97348,3
97349,3
97350,3
97351,2
97352,0
97353,0
97354,0
97355,0
97356,0
97357,0
97358,1
97359,1
97360,1
97361,0
97362,0
97363,0
97364,0
97365,0
97366,1
97367,1
97368,0
97369,0
97370,0
97371,0
97372,0
97373,0
97374,0
97375,0
97376,0
97377,0
97378,0
97379,3
97380,3
97381,2
97382,3
97383,3
97384,3
97385,3
97386,2
97387,2
97388,3
97389,3
97390,2
97391,3
97392,3
97393,3
97394,3
97395,3
97396,3
97397,1
97398,3
97399,1
97400,1
97401,1
97402,1
97403,1
97404,1
97405,3
97406,0
97407,1
97408,1
97409,0
97410,0
97411,0
97412,0
97413,1
97414,2
97415,1
97416,0
97417,0
97418,3
97419,0
97420,0
97421,0
97422,0
97423,1
97424,1
97425,1
97426,2
97427,0
97428,0
97429,0
97430,3
97431,0
97432,0
97433,0
97434,0
97435,1
97436,3
97437,3
97438,1
97439,3
97440,3
97441,3
97442,3
97443,3
97444,3
97445,3
97446,3
97447,1
97448,3
97449,3
97450,1
97451,3
97452,1
97453,3
97454,0
97455,3
97456,1
97457,3
97458,3
97459,3
97460,3
97461,3
97462,3
97463,1
97464,3
97465,3
97466,3
97467,3
97468,3
97469,3
97470,3
97471,3
97472,3
97473,3
97474,3
97475,3
97476,1
97477,0
97478,0
97479,3
97480,3
97481,1
97482,3
97483,3
97484,3
97485,3
97486,3
97487,3
97488,3
97489,3
97490,3
97491,3
97492,3
97493,3
97494,3
97495,3
97496,3
97497,3
97498,3
97499,3
97500,3
97501,3
97502,3
97503,3
97504,3
97505,3
97506,0
97507,3
97508,3
97509,1
97510,1
97511,1
97512,1
97513,3
97514,3
97515,1
97516,1
97517,1
97518,3
97519,3
97520,3
97521,3
97522,3
97523,3
97524,3
97525,3
97526,3
97527,0
97528,3
97529,3
97530,3
97531,0
97532,3
97533,3
97534,0
97535,3
97536,0
97537,0
97538,3
97539,0
97540,1
97541,1
97542,0
97543,0
97544,0
97545,0
97546,0
97547,0
97548,1
97549,0
97550,0
97551,1
97552,0
97553,0
97554,0
97555,1
97556,3
97557,1
97558,3
97559,3
97560,1
97561,1
97562,3
97563,3
97564,1
97565,1
97566,3
97567,1
97568,3
97569,4
97570,1
97571,3
97572,3
97573,3
97574,3
97575,3
97576,3
97577,3
97578,3
97579,3
97580,3
97581,1
97582,3
97583,3
97584,3
97585,3
97586,3
97587,3
97588,0
97589,2
97590,3
97591,3
97592,3
97593,3
97594,0
97595,3
97596,3
97597,3
97598,3
97599,3
97600,3
97601,3
97602,0
97603,3
97604,3
97605,3
97606,3
97607,3
97608,3
97609,2
97610,1
97611,1
97612,3
97613,3
97614,3
97615,3
97616,3
97617,3
97618,3
97619,3
97620,3
97621,3
97622,3
97623,1
97624,3
97625,3
97626,3
97627,0
97628,3
97629,3
97630,3
97631,3
97632,3
97633,2
97634,3
97635,3
97636,3
97637,3
97638,3
97639,3
97640,3
97641,0
97642,0
97643,3
97644,0
97645,0
97646,0
97647,0
97648,0
97649,2
97650,0
97651,1
97652,1
97653,1
97654,3
97655,1
97656,3
97657,3
97658,3
97659,3
97660,3
97661,1
97662,3
97663,3
97664,0
97665,2
97666,1
97667,3
97668,3
97669,3
97670,3
97671,1
97672,3
97673,3
97674,3
97675,3
97676,3
97677,3
97678,3
97679,3
97680,3
97681,3
97682,2
97683,3
97684,2
97685,3
97686,3
97687,3
97688,1
97689,2
97690,2
97691,1
97692,1
97693,1
97694,2
97695,2
97696,2
97697,3
97698,2
97699,3
97700,2
97701,2
97702,3
97703,2
97704,2
97705,3
97706,0
97707,2
97708,3
97709,3
97710,3
97711,1
97712,1
97713,1
97714,3
97715,3
97716,0
97717,2
97718,0
97719,2
97720,3
97721,2
97722,2
97723,3
97724,2
97725,0
97726,0
97727,0
97728,0
97729,3
97730,3
97731,3
97732,3
97733,3
97734,3
97735,3
97736,3
97737,3
97738,1
97739,3
97740,1
97741,3
97742,0
97743,0
97744,2
97745,2
97746,3
97747,2
97748,2
97749,2
97750,2
97751,3
97752,2
97753,2
97754,3
97755,2
97756,2
97757,3
97758,3
97759,3
97760,3
97761,3
97762,1
97763,1
97764,0
97765,1
97766,0
97767,3
97768,1
97769,3
97770,3
97771,3
97772,3
97773,1
97774,3
97775,1
97776,3
97777,1
97778,1
97779,3
97780,1
97781,3
97782,0
97783,0
97784,0
97785,1
97786,0
97787,0
97788,0
97789,0
97790,0
97791,0
97792,0
97793,0
97794,0
97795,0
97796,0
97797,0
97798,0
97799,3
97800,0
97801,3
97802,0
97803,0
97804,0
97805,0
97806,1
97807,3
97808,3
97809,1
97810,3
97811,3
97812,3
97813,3
97814,0
97815,3
97816,3
97817,3
97818,1
97819,3
97820,3
97821,1
97822,3
97823,3
97824,1
97825,3
97826,3
97827,3
97828,1
97829,3
97830,3
97831,1
97832,3
97833,3
97834,3
97835,1
97836,1
97837,1
97838,3
97839,3
97840,3
97841,3
97842,3
97843,3
97844,3
97845,3
97846,3
97847,1
97848,3
97849,3
97850,1
97851,3
97852,1
97853,1
97854,3
97855,3
97856,3
97857,3
97858,0
97859,3
97860,3
97861,1
97862,3
97863,3
97864,0
97865,3
97866,0
97867,3
97868,3
97869,3
97870,3
97871,2
97872,2
97873,2
97874,1
97875,3
97876,1
97877,3
97878,3
97879,3
97880,3
97881,1
97882,3
97883,3
97884,3
97885,3
97886,3
97887,0
97888,1
97889,3
97890,3
97891,3
97892,3
97893,0
97894,3
97895,1
97896,1
97897,1
97898,3
97899,1
97900,1
97901,3
97902,0
97903,1
97904,3
97905,1
97906,3
97907,0
97908,1
97909,1
97910,1
97911,1
97912,1
97913,3
97914,1
97915,3
97916,0
97917,3
97918,1
97919,3
97920,3
97921,3
97922,1
97923,3
97924,3
97925,1
97926,3
97927,3
97928,3
97929,3
97930,3
97931,3
97932,3
97933,3
97934,3
97935,3
97936,3
97937,3
97938,3
97939,3
97940,3
97941,3
97942,0
97943,1
97944,1
97945,1
97946,3
97947,3
97948,3
97949,3
97950,3
97951,3
97952,3
97953,3
97954,3
97955,3
97956,3
97957,3
97958,3
97959,3
97960,1
97961,3
97962,0
97963,0
97964,3
97965,1
97966,3
97967,3
97968,3
97969,3
97970,3
97971,3
97972,3
97973,3
97974,3
97975,3
97976,3
97977,3
97978,3
97979,3
97980,0
97981,3
97982,1
97983,1
97984,3
97985,1
97986,3
97987,3
97988,1
97989,3
97990,3
97991,3
97992,3
97993,3
97994,3
97995,3
97996,3
97997,3
97998,3
97999,3
98000,3
98001,3
98002,3
98003,3
98004,3
98005,3
98006,3
98007,3
98008,3
98009,3
98010,3
98011,3
98012,1
98013,1
98014,3
98015,3
98016,3
98017,3
98018,3
98019,3
98020,3
98021,3
98022,3
98023,3
98024,3
98025,3
98026,3
98027,3
98028,3
98029,3
98030,3
98031,0
98032,0
98033,3
98034,3
98035,0
98036,3
98037,3
98038,3
98039,1
98040,3
98041,3
98042,1
98043,3
98044,3
98045,3
98046,0
98047,0
98048,0
98049,0
98050,0
98051,0
98052,0
98053,0
98054,1
98055,0
98056,0
98057,3
98058,3
98059,3
98060,3
98061,3
98062,3
98063,3
98064,2
98065,0
98066,0
98067,2
98068,3
98069,3
98070,3
98071,3
98072,0
98073,3
98074,3
98075,3
98076,0
98077,3
98078,3
98079,0
98080,3
98081,3
98082,3
98083,3
98084,0
98085,0
98086,0
98087,0
98088,0
98089,0
98090,0
98091,3
98092,3
98093,3
98094,0
98095,0
98096,0
98097,3
98098,2
98099,2
98100,0
98101,0
98102,0
98103,3
98104,0
98105,0
98106,0
98107,0
98108,0
98109,0
98110,0
98111,0
98112,0
98113,0
98114,5
98115,0
98116,0
98117,0
98118,0
98119,0
98120,0
98121,0
98122,0
98123,0
98124,0
98125,0
98126,0
98127,0
98128,0
98129,0
98130,0
98131,0
98132,0
98133,0
98134,0
98135,0
98136,0
98137,0
98138,0
98139,0
98140,0
98141,0
98142,0
98143,0
98144,0
98145,0
98146,0
98147,0
98148,0
98149,0
98150,0
98151,0
98152,0
98153,0
98154,0
98155,0
98156,3
98157,3
98158,3
98159,2
98160,0
98161,3
98162,2
98163,0
98164,3
98165,3
98166,3
98167,3
98168,3
98169,3
98170,0
98171,3
98172,3
98173,3
98174,3
98175,3
98176,3
98177,2
98178,3
98179,3
98180,3
98181,3
98182,3
98183,0
98184,3
98185,3
98186,0
98187,3
98188,0
98189,0
98190,0
98191,2
98192,3
98193,2
98194,0
98195,3
98196,3
98197,2
98198,2
98199,3
98200,3
98201,3
98202,2
98203,2
98204,0
98205,0
98206,0
98207,2
98208,0
98209,0
98210,2
98211,2
98212,2
98213,0
98214,2
98215,2
98216,0
98217,3
98218,2
98219,3
98220,2
98221,3
98222,2
98223,2
98224,0
98225,5
98226,3
98227,3
98228,3
98229,2
98230,2
98231,2
98232,2
98233,2
98234,2
98235,0
98236,2
98237,0
98238,3
98239,2
98240,0
98241,3
98242,3
98243,0
98244,2
98245,0
98246,0
98247,3
98248,2
98249,3
98250,3
98251,3
98252,3
98253,3
98254,3
98255,3
98256,3
98257,3
98258,3
98259,3
98260,0
98261,0
98262,0
98263,0
98264,0
98265,0
98266,2
98267,3
98268,0
98269,2
98270,3
98271,2
98272,0
98273,3
98274,0
98275,3
98276,2
98277,0
98278,0
98279,0
98280,0
98281,0
98282,0
98283,2
98284,3
98285,3
98286,0
98287,3
98288,3
98289,0
98290,0
98291,3
98292,3
98293,3
98294,0
98295,0
98296,3
98297,0
98298,3
98299,0
98300,3
98301,0
98302,2
98303,2
98304,0
98305,0
98306,0
98307,0
98308,3
98309,3
98310,3
98311,3
98312,3
98313,0
98314,0
98315,3
98316,3
98317,3
98318,3
98319,5
98320,3
98321,3
98322,0
98323,3
98324,3
98325,1
98326,3
98327,0
98328,3
98329,1
98330,0
98331,3
98332,3
98333,0
98334,3
98335,0
98336,0
98337,3
98338,3
98339,0
98340,3
98341,3
98342,3
98343,3
98344,0
98345,3
98346,0
98347,0
98348,3
98349,0
98350,3
98351,3
98352,3
98353,3
98354,3
98355,0
98356,3
98357,0
98358,3
98359,3
98360,2
98361,3
98362,0
98363,2
98364,0
98365,0
98366,0
98367,3
98368,3
98369,3
98370,3
98371,2
98372,2
98373,2
98374,2
98375,0
98376,0
98377,0
98378,3
98379,0
98380,0
98381,3
98382,3
98383,3
98384,3
98385,3
98386,3
98387,3
98388,3
98389,0
98390,0
98391,3
98392,1
98393,3
98394,3
98395,2
98396,1
98397,3
98398,3
98399,3
98400,1
98401,3
98402,1
98403,0
98404,3
98405,3
98406,3
98407,3
98408,3
98409,3
98410,2
98411,3
98412,3
98413,2
98414,0
98415,2
98416,0
98417,0
98418,3
98419,3
98420,0
98421,2
98422,2
98423,2
98424,3
98425,0
98426,0
98427,3
98428,3
98429,3
98430,3
98431,3
98432,2
98433,3
98434,3
98435,1
98436,3
98437,3
98438,3
98439,0
98440,2
98441,3
98442,3
98443,3
98444,3
98445,1
98446,1
98447,2
98448,0
98449,1
98450,3
98451,3
98452,3
98453,3
98454,3
98455,3
98456,1
98457,2
98458,1
98459,2
98460,3
98461,3
98462,3
98463,3
98464,3
98465,0
98466,0
98467,3
98468,3
98469,3
98470,3
98471,3
98472,3
98473,2
98474,3
98475,0
98476,0
98477,3
98478,0
98479,0
98480,1
98481,0
98482,0
98483,0
98484,3
98485,0
98486,3
98487,0
98488,0
98489,3
98490,3
98491,3
98492,3
98493,1
98494,1
98495,1
98496,1
98497,3
98498,1
98499,1
98500,3
98501,3
98502,1
98503,1
98504,1
98505,1
98506,1
98507,0
98508,0
98509,3
98510,3
98511,0
98512,1
98513,3
98514,3
98515,3
98516,3
98517,3
98518,2
98519,0
98520,2
98521,3
98522,3
98523,3
98524,3
98525,3
98526,3
98527,3
98528,3
98529,3
98530,3
98531,3
98532,0
98533,0
98534,1
98535,3
98536,3
98537,3
98538,1
98539,3
98540,2
98541,3
98542,2
98543,3
98544,3
98545,2
98546,0
98547,0
98548,0
98549,2
98550,2
98551,1
98552,3
98553,2
98554,0
98555,3
98556,2
98557,3
98558,3
98559,2
98560,2
98561,2
98562,2
98563,2
98564,3
98565,3
98566,0
98567,2
98568,0
98569,2
98570,3
98571,0
98572,0
98573,0
98574,0
98575,2
98576,2
98577,1
98578,3
98579,0
98580,2
98581,3
98582,3
98583,3
98584,2
98585,3
98586,3
98587,3
98588,0
98589,3
98590,3
98591,3
98592,3
98593,3
98594,0
98595,1
98596,1
98597,3
98598,0
98599,3
98600,1
98601,1
98602,0
98603,1
98604,0
98605,0
98606,0
98607,0
98608,0
98609,0
98610,0
98611,1
98612,0
98613,0
98614,1
98615,0
98616,0
98617,0
98618,2
98619,1
98620,2
98621,0
98622,0
98623,0
98624,0
98625,0
98626,0
98627,0
98628,0
98629,0
98630,0
98631,0
98632,0
98633,0
98634,0
98635,0
98636,0
98637,0
98638,0
98639,0
98640,0
98641,0
98642,2
98643,0
98644,0
98645,0
98646,0
98647,0
98648,0
98649,0
98650,2
98651,2
98652,0
98653,0
98654,0
98655,0
98656,0
98657,0
98658,2
98659,2
98660,0
98661,1
98662,2
98663,2
98664,2
98665,2
98666,1
98667,1
98668,1
98669,1
98670,2
98671,1
98672,2
98673,2
98674,1
98675,0
98676,2
98677,1
98678,1
98679,1
98680,2
98681,2
98682,2
98683,2
98684,2
98685,2
98686,2
98687,2
98688,2
98689,0
98690,0
98691,0
98692,2
98693,2
98694,2
98695,1
98696,1
98697,2
98698,2
98699,0
98700,1
98701,0
98702,0
98703,0
98704,2
98705,1
98706,1
98707,2
98708,2
98709,2
98710,2
98711,1
98712,1
98713,2
98714,1
98715,2
98716,1
98717,2
98718,1
98719,2
98720,2
98721,3
98722,1
98723,3
98724,0
98725,0
98726,1
98727,1
98728,1
98729,1
98730,1
98731,2
98732,2
98733,2
98734,2
98735,2
98736,1
98737,1
98738,2
98739,2
98740,2
98741,2
98742,0
98743,0
98744,0
98745,2
98746,2
98747,2
98748,3
98749,0
98750,1
98751,0
98752,3
98753,3
98754,0
98755,0
98756,0
98757,0
98758,0
98759,1
98760,1
98761,1
98762,1
98763,1
98764,1
98765,3
98766,3
98767,3
98768,1
98769,1
98770,0
98771,0
98772,1
98773,1
98774,1
98775,0
98776,1
98777,2
98778,3
98779,3
98780,3
98781,3
98782,3
98783,1
98784,3
98785,0
98786,1
98787,0
98788,0
98789,0
98790,0
98791,3
98792,3
98793,0
98794,1
98795,1
98796,1
98797,1
98798,1
98799,1
98800,1
98801,1
98802,3
98803,1
98804,0
98805,0
98806,0
98807,0
98808,0
98809,1
98810,2
98811,0
98812,0
98813,2
98814,3
98815,1
98816,0
98817,2
98818,0
98819,1
98820,0
98821,0
98822,0
98823,0
98824,0
98825,0
98826,0
98827,0
98828,2
98829,0
98830,0
98831,0
98832,0
98833,0
98834,1
98835,2
98836,2
98837,0
98838,0
98839,0
98840,0
98841,0
98842,0
98843,2
98844,0
98845,2
98846,0
98847,0
98848,0
98849,0
98850,0
98851,0
98852,0
98853,0
98854,0
98855,0
98856,0
98857,0
98858,0
98859,0
98860,0
98861,0
98862,0
98863,2
98864,2
98865,2
98866,0
98867,2
98868,0
98869,2
98870,0
98871,0
98872,0
98873,0
98874,2
98875,2
98876,2
98877,2
98878,2
98879,2
98880,1
98881,0
98882,2
98883,1
98884,1
98885,1
98886,3
98887,2
98888,2
98889,0
98890,2
98891,2
98892,0
98893,1
98894,2
98895,2
98896,0
98897,1
98898,2
98899,1
98900,1
98901,1
98902,0
98903,0
98904,1
98905,0
98906,3
98907,1
98908,2
98909,1
98910,0
98911,0
98912,1
98913,1
98914,0
98915,0
98916,2
98917,2
98918,2
98919,1
98920,0
98921,2
98922,2
98923,1
98924,1
98925,2
98926,0
98927,0
98928,0
98929,0
98930,3
98931,3
98932,3
98933,3
98934,0
98935,0
98936,3
98937,0
98938,0
98939,3
98940,0
98941,2
98942,2
98943,2
98944,0
98945,0
98946,2
98947,0
98948,2
98949,0
98950,0
98951,0
98952,0
98953,0
98954,3
98955,0
98956,0
98957,2
98958,0
98959,0
98960,0
98961,0
98962,0
98963,0
98964,0
98965,0
98966,3
98967,1
98968,3
98969,3
98970,1
98971,1
98972,0
98973,1
98974,0
98975,3
98976,3
98977,3
98978,2
98979,3
98980,3
98981,0
98982,3
98983,3
98984,1
98985,0
98986,0
98987,0
98988,3
98989,0
98990,0
98991,0
98992,1
98993,0
98994,0
98995,1
98996,1
98997,1
98998,1
98999,1
99000,0
99001,0
99002,0
99003,3
99004,0
99005,0
99006,1
99007,1
99008,3
99009,3
99010,2
99011,1
99012,3
99013,1
99014,3
99015,1
99016,1
99017,1
99018,2
99019,2
99020,1
99021,1
99022,2
99023,2
99024,2
99025,2
99026,2
99027,2
99028,1
99029,1
99030,1
99031,1
99032,1
99033,2
99034,1
99035,1
99036,3
99037,0
99038,2
99039,2
99040,2
99041,0
99042,0
99043,3
99044,0
99045,3
99046,1
99047,1
99048,1
99049,1
99050,1
99051,0
99052,0
99053,0
99054,1
99055,0
99056,0
99057,0
99058,3
99059,0
99060,3
99061,3
99062,0
99063,0
99064,0
99065,0
99066,0
99067,0
99068,2
99069,2
99070,0
99071,1
99072,0
99073,0
99074,2
99075,0
99076,0
99077,1
99078,3
99079,3
99080,1
99081,0
99082,0
99083,0
99084,0
99085,0
99086,3
99087,0
99088,1
99089,3
99090,0
99091,0
99092,0
99093,0
99094,0
99095,3
99096,3
99097,3
99098,3
99099,3
99100,1
99101,1
99102,1
99103,0
99104,1
99105,1
99106,1
99107,0
99108,0
99109,1
99110,1
99111,2
99112,2
99113,2
99114,2
99115,0
99116,0
99117,2
99118,2
99119,1
99120,1
99121,1
99122,1
99123,3
99124,2
99125,2
99126,2
99127,2
99128,2
99129,2
99130,1
99131,1
99132,1
99133,2
99134,1
99135,2
99136,0
99137,1
99138,1
99139,1
99140,3
99141,3
99142,3
99143,0
99144,1
99145,1
99146,3
99147,2
99148,1
99149,2
99150,2
99151,3
99152,3
99153,3
99154,1
99155,1
99156,1
99157,1
99158,2
99159,1
99160,1
99161,1
99162,1
99163,1
99164,2
99165,1
99166,2
99167,2
99168,1
99169,2
99170,2
99171,1
99172,2
99173,2
99174,2
99175,1
99176,1
99177,1
99178,0
99179,0
99180,0
99181,0
99182,0
99183,2
99184,0
99185,1
99186,0
99187,0
99188,0
99189,0
99190,0
99191,0
99192,2
99193,0
99194,2
99195,0
99196,0
99197,1
99198,0
99199,0
99200,0
99201,0
99202,0
99203,0
99204,2
99205,0
99206,1
99207,1
99208,2
99209,1
99210,0
99211,2
99212,0
99213,0
99214,0
99215,0
99216,0
99217,0
99218,1
99219,3
99220,1
99221,1
99222,1
99223,0
99224,0
99225,0
99226,0
99227,0
99228,0
99229,0
99230,0
99231,0
99232,3
99233,0
99234,0
99235,0
99236,0
99237,2
99238,3
99239,0
99240,0
99241,0
99242,0
99243,3
99244,0
99245,0
99246,0
99247,0
99248,3
99249,0
99250,3
99251,3
99252,1
99253,1
99254,0
99255,3
99256,3
99257,3
99258,3
99259,3
99260,0
99261,0
99262,0
99263,0
99264,0
99265,0
99266,0
99267,3
99268,0
99269,0
99270,0
99271,0
99272,0
99273,0
99274,3
99275,0
99276,0
99277,3
99278,0
99279,0
99280,0
99281,0
99282,0
99283,2
99284,0
99285,3
99286,0
99287,0
99288,0
99289,2
99290,3
99291,0
99292,2
99293,0
99294,1
99295,2
99296,0
99297,0
99298,0
99299,0
99300,2
99301,0
99302,0
99303,0
99304,0
99305,0
99306,0
99307,0
99308,0
99309,0
99310,0
99311,0
99312,0
99313,0
99314,0
99315,0
99316,0
99317,0
99318,0
99319,1
99320,0
99321,1
99322,3
99323,3
99324,3
99325,2
99326,0
99327,0
99328,3
99329,0
99330,2
99331,0
99332,0
99333,0
99334,0
99335,2
99336,0
99337,0
99338,0
99339,0
99340,0
99341,0
99342,0
99343,0
99344,0
99345,0
99346,0
99347,1
99348,0
99349,0
99350,0
99351,0
99352,1
99353,0
99354,0
99355,0
99356,0
99357,0
99358,0
99359,3
99360,3
99361,0
99362,2
99363,0
99364,0
99365,2
99366,3
99367,0
99368,0
99369,0
99370,2
99371,0
99372,3
99373,0
99374,1
99375,0
99376,2
99377,0
99378,0
99379,0
99380,0
99381,1
99382,1
99383,1
99384,1
99385,0
99386,1
99387,1
99388,0
99389,0
99390,0
99391,0
99392,0
99393,0
99394,0
99395,0
99396,0
99397,0
99398,0
99399,3
99400,0
99401,3
99402,2
99403,3
99404,0
99405,3
99406,0
99407,0
99408,2
99409,3
99410,3
99411,3
99412,3
99413,0
99414,2
99415,3
99416,1
99417,1
99418,0
99419,1
99420,0
99421,0
99422,0
99423,0
99424,0
99425,1
99426,2
99427,0
99428,0
99429,1
99430,1
99431,3
99432,0
99433,1
99434,1
99435,3
99436,1
99437,1
99438,1
99439,3
99440,0
99441,0
99442,1
99443,3
99444,3
99445,3
99446,3
99447,3
99448,3
99449,0
99450,1
99451,1
99452,0
99453,0
99454,0
99455,0
99456,0
99457,0
99458,0
99459,0
99460,3
99461,1
99462,1
99463,2
99464,0
99465,0
99466,3
99467,3
99468,0
99469,0
99470,3
99471,1
99472,0
99473,0
99474,0
99475,0
99476,0
99477,0
99478,3
99479,0
99480,0
99481,3
99482,1
99483,0
99484,3
99485,0
99486,1
99487,1
99488,1
99489,1
99490,1
99491,1
99492,0
99493,1
99494,0
99495,0
99496,0
99497,0
99498,0
99499,0
99500,0
99501,0
99502,1
99503,0
99504,0
99505,0
99506,0
99507,1
99508,1
99509,0
99510,0
99511,0
99512,1
99513,1
99514,0
99515,0
99516,1
99517,0
99518,0
99519,1
99520,1
99521,2
99522,1
99523,1
99524,1
99525,0
99526,0
99527,0
99528,0
99529,2
99530,0
99531,1
99532,1
99533,1
99534,0
99535,0
99536,0
99537,1
99538,0
99539,0
99540,0
99541,0
99542,0
99543,0
99544,0
99545,0
99546,3
99547,3
99548,3
99549,0
99550,3
99551,0
99552,0
99553,0
99554,3
99555,3
99556,0
99557,0
99558,2
99559,3
99560,3
99561,3
99562,0
99563,3
99564,3
99565,3
99566,3
99567,3
99568,0
99569,0
99570,0
99571,0
99572,0
99573,0
99574,3
99575,2
99576,0
99577,0
99578,1
99579,2
99580,0
99581,0
99582,0
99583,0
99584,0
99585,0
99586,0
99587,0
99588,0
99589,0
99590,0
99591,0
99592,0
99593,0
99594,0
99595,0
99596,0
99597,0
99598,0
99599,0
99600,0
99601,0
99602,0
99603,0
99604,0
99605,0
99606,0
99607,0
99608,0
99609,2
99610,0
99611,0
99612,0
99613,0
99614,2
99615,0
99616,3
99617,0
99618,0
99619,0
99620,3
99621,0
99622,0
99623,0
99624,2
99625,0
99626,2
99627,0
99628,0
99629,2
99630,0
99631,0
99632,0
99633,0
99634,1
99635,0
99636,0
99637,0
99638,0
99639,0
99640,1
99641,0
99642,0
99643,0
99644,0
99645,0
99646,0
99647,0
99648,1
99649,3
99650,0
99651,0
99652,0
99653,3
99654,0
99655,0
99656,3
99657,2
99658,0
99659,0
99660,0
99661,1
99662,0
99663,0
99664,0
99665,0
99666,2
99667,2
99668,0
99669,1
99670,2
99671,2
99672,0
99673,3
99674,2
99675,2
99676,0
99677,0
99678,0
99679,0
99680,0
99681,0
99682,0
99683,0
99684,0
99685,0
99686,0
99687,0
99688,0
99689,0
99690,0
99691,0
99692,0
99693,0
99694,0
99695,0
99696,0
99697,0
99698,0
99699,0
99700,0
99701,0
99702,4
99703,0
99704,0
99705,0
99706,0
99707,0
99708,0
99709,0
99710,0
99711,0
99712,0
99713,0
99714,0
99715,0
99716,0
99717,0
99718,0
99719,0
99720,0
99721,0
99722,0
99723,0
99724,2
99725,0
99726,0
99727,2
99728,2
99729,0
99730,2
99731,0
99732,0
99733,3
99734,3
99735,0
99736,2
99737,3
99738,2
99739,0
99740,0
99741,0
99742,3
99743,0
99744,0
99745,0
99746,0
99747,0
99748,0
99749,0
99750,0
99751,0
99752,0
99753,3
99754,0
99755,0
99756,3
99757,0
99758,0
99759,1
99760,1
99761,3
99762,0
99763,0
99764,3
99765,0
99766,1
99767,1
99768,0
99769,0
99770,0
99771,2
99772,3
99773,0
99774,0
99775,0
99776,0
99777,0
99778,3
99779,0
99780,2
99781,0
99782,1
99783,0
99784,2
99785,0
99786,3
99787,0
99788,0
99789,3
99790,0
99791,2
99792,2
99793,0
99794,0
99795,0
99796,0
99797,0
99798,0
99799,0
99800,0
99801,0
99802,0
99803,0
99804,0
99805,0
99806,0
99807,0
99808,0
99809,0
99810,0
99811,1
99812,0
99813,0
99814,0
99815,0
99816,0
99817,0
99818,0
99819,0
99820,0
99821,0
99822,0
99823,0
99824,0
99825,0
99826,0
99827,0
99828,0
99829,0
99830,0
99831,0
99832,0
99833,0
99834,0
99835,0
99836,0
99837,0
99838,0
99839,0
99840,0
99841,0
99842,0
99843,0
99844,0
99845,1
99846,0
99847,0
99848,0
99849,0
99850,0
99851,0
99852,0
99853,0
99854,0
99855,0
99856,0
99857,0
99858,0
99859,0
99860,0
99861,0
99862,0
99863,0
99864,0
99865,0
99866,0
99867,0
99868,0
99869,0
99870,0
99871,0
99872,0
99873,0
99874,0
99875,0
99876,0
99877,0
99878,0
99879,0
99880,0
99881,0
99882,0
99883,0
99884,0
99885,0
99886,0
99887,0
99888,0
99889,0
99890,0
99891,0
99892,0
99893,0
99894,0
99895,0
99896,0
99897,0
99898,0
99899,0
99900,0
99901,0
99902,0
99903,0
99904,0
99905,0
99906,0
99907,0
99908,0
99909,0
99910,1
99911,0
99912,0
99913,0
99914,0
99915,0
99916,0
99917,0
99918,0
99919,0
99920,0
99921,0
99922,3
99923,0
99924,0
99925,0
99926,3
99927,0
99928,0
99929,0
99930,1
99931,1
99932,0
99933,0
99934,0
99935,3
99936,2
99937,2
99938,0
99939,2
99940,0
99941,2
99942,0
99943,0
99944,2
99945,0
99946,0
99947,0
99948,0
99949,0
99950,2
99951,0
99952,0
99953,0
99954,0
99955,0
99956,0
99957,3
99958,0
99959,3
99960,0
99961,1
99962,0
99963,2
99964,0
99965,0
99966,0
99967,0
99968,0
99969,0
99970,2
99971,3
99972,0
99973,0
99974,0
99975,0
99976,0
99977,0
99978,0
99979,0
99980,0
99981,0
99982,0
99983,0
99984,0
99985,0
99986,0
99987,0
99988,0
99989,0
99990,0
99991,0
99992,0
99993,0
99994,0
99995,0
99996,0
99997,0
99998,0
99999,3
100000,0
100001,0
100002,0
100003,0
100004,0
100005,0
100006,0
100007,0
100008,0
100009,0
100010,0
100011,0
100012,0
100013,1
100014,0
100015,0
100016,0
100017,0
100018,0
100019,0
100020,0
100021,0
100022,0
100023,0
100024,0
100025,0
100026,0
100027,0
100028,0
100029,0
100030,0
100031,0
100032,0
100033,0
100034,2
100035,0
100036,0
100037,0
100038,0
100039,0
100040,0
100041,0
100042,0
100043,0
100044,4
100045,4
100046,0
100047,0
100048,0
100049,0
100050,3
100051,0
100052,0
100053,0
100054,0
100055,0
100056,0
100057,0
100058,0
100059,0
100060,0
100061,0
100062,0
100063,0
100064,0
100065,0
100066,0
100067,0
100068,0
100069,0
100070,0
100071,0
100072,0
100073,0
100074,0
100075,3
100076,0
100077,3
100078,0
100079,0
100080,0
100081,0
100082,0
100083,0
100084,0
100085,0
100086,0
100087,0
100088,0
100089,0
100090,3
100091,0
100092,0
100093,0
100094,0
100095,0
100096,0
100097,0
100098,0
100099,0
100100,0
100101,0
100102,0
100103,0
100104,0
100105,0
100106,0
100107,1
100108,0
100109,0
100110,1
100111,0
100112,1
100113,0
100114,0
100115,0
100116,0
100117,0
100118,0
100119,0
100120,2
100121,0
100122,0
100123,0
100124,0
100125,0
100126,0
100127,0
100128,1
100129,0
100130,0
100131,0
100132,0
100133,0
100134,0
100135,0
100136,0
100137,0
100138,0
100139,0
100140,0
100141,0
100142,0
100143,0
100144,0
100145,0
100146,0
100147,0
100148,0
100149,0
100150,0
100151,0
100152,0
100153,1
100154,0
100155,0
100156,0
100157,0
100158,0
100159,1
100160,1
100161,2
100162,0
100163,0
100164,0
100165,0
100166,0
100167,0
100168,0
100169,0
100170,0
100171,2
100172,2
100173,0
100174,0
100175,0
100176,0
100177,0
100178,2
100179,0
100180,0
100181,0
100182,0
100183,2
100184,2
100185,0
100186,0
100187,1
100188,1
100189,0
100190,0
100191,0
100192,1
100193,0
100194,0
100195,0
100196,0
100197,0
100198,0
100199,0
100200,0
100201,0
100202,0
100203,0
100204,0
100205,0
100206,1
100207,0
100208,0
100209,0
100210,0
100211,1
100212,0
100213,3
100214,1
100215,1
100216,0
100217,3
100218,1
100219,0
100220,0
100221,0
100222,0
100223,0
100224,0
100225,0
100226,0
100227,0
100228,0
100229,0
100230,0
100231,0
100232,0
100233,3
100234,0
100235,0
100236,0
100237,0
100238,0
100239,0
100240,0
100241,0
100242,0
100243,0
100244,1
100245,0
100246,0
100247,0
100248,0
100249,0
100250,3
100251,0
100252,0
100253,0
100254,0
100255,0
100256,0
100257,0
100258,0
100259,0
100260,1
100261,1
100262,1
100263,1
100264,1
100265,0
100266,0
100267,0
100268,1
100269,0
100270,0
100271,0
100272,0
100273,0
100274,2
100275,0
100276,0
100277,0
100278,0
100279,0
100280,0
100281,0
100282,0
100283,0
100284,0
100285,0
100286,0
100287,0
100288,0
100289,0
100290,0
100291,0
100292,0
100293,0
100294,3
100295,0
100296,0
100297,0
100298,0
100299,0
100300,1
100301,0
100302,0
100303,0
100304,0
100305,0
100306,0
100307,0
100308,0
100309,0
100310,0
100311,0
100312,0
100313,0
100314,0
100315,0
100316,0
100317,0
100318,0
100319,0
100320,1
100321,0
100322,0
100323,0
100324,0
100325,0
100326,2
100327,3
100328,0
100329,1
100330,1
100331,1
100332,0
100333,0
100334,0
100335,0
100336,0
100337,0
100338,0
100339,0
100340,1
100341,1
100342,0
100343,0
100344,1
100345,1
100346,0
100347,1
100348,1
100349,0
100350,0
100351,0
100352,1
100353,2
100354,0
100355,0
100356,3
100357,3
100358,0
100359,3
100360,0
100361,3
100362,0
100363,0
100364,0
100365,1
100366,0
100367,0
100368,0
100369,0
100370,0
100371,0
100372,0
100373,0
100374,0
100375,0
100376,0
100377,0
100378,0
100379,0
100380,0
100381,0
100382,0
100383,1
100384,0
100385,0
100386,0
100387,0
100388,0
100389,0
100390,0
100391,0
100392,0
100393,0
100394,0
100395,0
100396,0
100397,0
100398,0
100399,0
100400,0
100401,1
100402,0
100403,0
100404,3
100405,0
100406,1
100407,1
100408,1
100409,0
100410,0
100411,1
100412,1
100413,0
100414,0
100415,1
100416,1
100417,0
100418,0
100419,0
100420,0
100421,0
100422,0
100423,0
100424,0
100425,0
100426,0
100427,0
100428,0
100429,0
100430,0
100431,0
100432,0
100433,0
100434,0
100435,0
100436,0
100437,0
100438,0
100439,1
100440,0
100441,0
100442,0
100443,0
100444,0
100445,0
100446,0
100447,0
100448,0
100449,0
100450,1
100451,1
100452,1
100453,3
100454,3
100455,0
100456,3
100457,0
100458,0
100459,0
100460,1
100461,3
100462,0
100463,3
100464,2
100465,0
100466,3
100467,0
100468,0
100469,0
100470,0
100471,1
100472,1
100473,0
100474,0
100475,0
100476,0
100477,0
100478,0
100479,1
100480,0
100481,0
100482,1
100483,0
100484,3
100485,1
100486,3
100487,3
100488,0
100489,0
100490,0
100491,0
100492,1
100493,1
100494,1
100495,1
100496,1
100497,3
100498,1
100499,0
100500,0
100501,1
100502,0
100503,0
100504,1
100505,1
100506,3
100507,3
100508,3
100509,0
100510,0
100511,3
100512,3
100513,1
100514,1
100515,0
100516,0
100517,0
100518,0
100519,2
100520,0
100521,0
100522,0
100523,0
100524,0
100525,0
100526,0
100527,0
100528,0
100529,1
100530,0
100531,0
100532,0
100533,0
100534,0
100535,0
100536,0
100537,0
100538,0
100539,0
100540,0
100541,0
100542,0
100543,0
100544,0
100545,0
100546,0
100547,0
100548,0
100549,0
100550,0
100551,0
100552,0
100553,0
100554,0
100555,0
100556,0
100557,0
100558,0
100559,0
100560,0
100561,0
100562,0
100563,0
100564,0
100565,0
100566,3
100567,0
100568,0
100569,0
100570,0
100571,0
100572,0
100573,3
100574,0
100575,0
100576,0
100577,0
100578,0
100579,0
100580,0
100581,0
100582,0
100583,0
100584,0
100585,0
100586,0
100587,0
100588,0
100589,0
100590,0
100591,0
100592,0
100593,0
100594,0
100595,0
100596,0
100597,0
100598,0
100599,0
100600,0
100601,0
100602,0
100603,0
100604,0
100605,0
100606,0
100607,0
100608,0
100609,0
100610,0
100611,0
100612,0
100613,0
100614,0
100615,0
100616,0
100617,0
100618,0
100619,0
100620,0
100621,0
100622,0
100623,1
100624,1
100625,0
100626,0
100627,0
100628,0
100629,0
100630,2
100631,0
100632,0
100633,0
100634,0
100635,0
100636,0
100637,0
100638,0
100639,0
100640,0
100641,0
100642,0
100643,0
100644,0
100645,0
100646,0
100647,0
100648,0
100649,0
100650,0
100651,1
100652,0
100653,1
100654,0
100655,0
100656,0
100657,2
100658,0
100659,0
100660,0
100661,0
100662,0
100663,0
100664,0
100665,0
100666,0
100667,0
100668,0
100669,0
100670,0
100671,0
100672,0
100673,0
100674,0
100675,0
100676,0
100677,3
100678,0
100679,0
100680,0
100681,0
100682,0
100683,0
100684,0
100685,0
100686,0
100687,0
100688,0
100689,0
100690,0
100691,0
100692,0
100693,0
100694,0
100695,3
100696,0
100697,0
100698,0
100699,0
100700,2
100701,0
100702,0
100703,0
100704,0
100705,0
100706,0
100707,0
100708,0
100709,0
100710,0
100711,0
100712,1
100713,0
100714,0
100715,0
100716,0
100717,0
100718,0
100719,0
100720,0
100721,0
100722,0
100723,0
100724,0
100725,0
100726,0
100727,0
100728,0
100729,0
100730,0
100731,0
100732,0
100733,0
100734,0
100735,0
100736,0
100737,0
100738,0
100739,0
100740,0
100741,0
100742,0
100743,0
100744,0
100745,0
100746,0
100747,0
100748,0
100749,0
100750,0
100751,3
100752,0
100753,0
100754,0
100755,0
100756,0
100757,2
100758,2
100759,2
100760,2
100761,2
100762,2
100763,1
100764,0
100765,2
100766,2
100767,0
100768,2
100769,2
100770,2
100771,0
100772,2
100773,0
100774,2
100775,2
100776,2
100777,1
100778,1
100779,1
100780,0
100781,1
100782,0
100783,1
100784,1
100785,1
100786,0
100787,0
100788,0
100789,0
100790,0
100791,0
100792,0
100793,1
100794,0
100795,0
100796,1
100797,3
100798,1
100799,3
100800,0
100801,3
100802,0
100803,1
100804,3
100805,3
100806,0
100807,3
100808,0
100809,1
100810,1
100811,1
100812,1
100813,1
100814,1
100815,0
100816,1
100817,1
100818,1
100819,1
100820,1
100821,1
100822,1
100823,0
100824,0
100825,0
100826,0
100827,0
100828,0
100829,0
100830,0
100831,0
100832,0
100833,0
100834,0
100835,0
100836,0
100837,0
100838,0
100839,0
100840,0
100841,0
100842,0
100843,1
100844,0
100845,1
100846,0
100847,0
100848,0
100849,0
100850,0
100851,0
100852,0
100853,0
100854,0
100855,0
100856,0
100857,0
100858,0
100859,0
100860,0
100861,0
100862,0
100863,0
100864,0
100865,0
100866,0
100867,0
100868,0
100869,0
100870,0
100871,0
100872,0
100873,0
100874,0
100875,0
100876,2
100877,0
100878,0
100879,0
100880,0
100881,0
100882,0
100883,0
100884,0
100885,0
100886,0
100887,0
100888,0
100889,0
100890,0
100891,0
100892,0
100893,0
100894,0
100895,0
100896,0
100897,0
100898,0
100899,0
100900,0
100901,0
100902,0
100903,0
100904,0
100905,0
100906,1
100907,1
100908,1
100909,1
100910,0
100911,0
100912,0
100913,0
100914,0
100915,0
100916,0
100917,0
100918,0
100919,0
100920,0
100921,0
100922,0
100923,0
100924,0
100925,0
100926,0
100927,0
100928,0
100929,0
100930,0
100931,0
100932,0
100933,0
100934,0
100935,0
100936,0
100937,0
100938,0
100939,0
100940,0
100941,0
100942,0
100943,0
100944,0
100945,0
100946,0
100947,0
100948,0
100949,0
100950,0
100951,0
100952,0
100953,0
100954,0
100955,0
100956,0
100957,0
100958,0
100959,0
100960,0
100961,0
100962,0
100963,0
100964,0
100965,1
100966,1
100967,0
100968,0
100969,0
100970,0
100971,0
100972,0
100973,1
100974,1
100975,0
100976,1
100977,1
100978,3
100979,1
100980,0
100981,3
100982,1
100983,1
100984,1
100985,1
100986,1
100987,2
100988,0
100989,2
100990,2
100991,2
100992,2
100993,2
100994,2
100995,2
100996,3
100997,2
100998,2
100999,3
101000,3
101001,2
101002,2
101003,3
101004,2
101005,2
101006,2
101007,2
101008,2
101009,2
101010,2
101011,2
101012,2
101013,3
101014,2
101015,1
101016,3
101017,2
101018,1
101019,2
101020,2
101021,2
101022,0
101023,2
101024,2
101025,0
101026,2
101027,2
101028,3
101029,3
101030,3
101031,0
101032,0
101033,3
101034,0
101035,0
101036,1
101037,0
101038,0
101039,0
101040,2
101041,0
101042,0
101043,0
101044,0
101045,1
101046,0
101047,1
101048,0
101049,3
101050,0
101051,1
101052,3
101053,0
101054,3
101055,1
101056,0
101057,3
101058,0
101059,0
101060,0
101061,3
101062,0
101063,0
101064,4
101065,3
101066,0
101067,3
101068,0
101069,3
101070,0
101071,0
101072,0
101073,1
101074,0
101075,0
101076,1
101077,0
101078,0
101079,3
101080,2
101081,2
101082,3
101083,3
101084,0
101085,0
101086,0
101087,0
101088,0
101089,0
101090,0
101091,0
101092,0
101093,0
101094,0
101095,3
101096,0
101097,1
101098,3
101099,1
101100,3
101101,3
101102,3
101103,3
101104,0
101105,1
101106,1
101107,3
101108,3
101109,3
101110,3
101111,1
101112,3
101113,3
101114,3
101115,3
101116,3
101117,3
101118,3
101119,3
101120,3
101121,3
101122,3
101123,2
101124,3
101125,3
101126,3
101127,3
101128,1
101129,2
101130,3
101131,3
101132,3
101133,3
101134,3
101135,3
101136,2
101137,3
101138,2
101139,3
101140,3
101141,3
101142,3
101143,3
101144,3
101145,3
101146,3
101147,2
101148,3
101149,2
101150,3
101151,3
101152,2
101153,3
101154,3
101155,3
101156,3
101157,2
101158,3
101159,3
101160,3
101161,3
101162,3
101163,3
101164,1
101165,1
101166,1
101167,0
101168,2
101169,3
101170,2
101171,3
101172,3
101173,2
101174,2
101175,3
101176,2
101177,2
101178,2
101179,2
101180,2
101181,3
101182,1
101183,2
101184,3
101185,1
101186,1
101187,3
101188,2
101189,2
101190,0
101191,2
101192,2
101193,2
101194,2
101195,2
101196,2
101197,3
101198,3
101199,3
101200,0
101201,3
101202,2
101203,3
101204,2
101205,0
101206,1
101207,1
101208,2
101209,1
101210,2
101211,2
101212,2
101213,2
101214,2
101215,2
101216,2
101217,2
101218,2
101219,2
101220,2
101221,1
101222,1
101223,3
101224,3
101225,3
101226,3
101227,3
101228,2
101229,2
101230,3
101231,3
101232,2
101233,0
101234,2
101235,2
101236,2
101237,2
101238,2
101239,2
101240,2
101241,2
101242,3
101243,2
101244,2
101245,3
101246,2
101247,3
101248,2
101249,2
101250,2
101251,3
101252,3
101253,3
101254,3
101255,3
101256,3
101257,3
101258,2
101259,3
101260,2
101261,3
101262,3
101263,3
101264,2
101265,2
101266,3
101267,3
101268,2
101269,3
101270,0
101271,2
101272,2
101273,2
101274,3
101275,3
101276,2
101277,2
101278,0
101279,2
101280,3
101281,2
101282,2
101283,2
101284,2
101285,2
101286,3
101287,0
101288,2
101289,0
101290,2
101291,1
101292,2
101293,3
101294,3
101295,2
101296,3
101297,1
101298,1
101299,3
101300,3
101301,2
101302,3
101303,2
101304,3
101305,2
101306,2
101307,2
101308,3
101309,3
101310,3
101311,2
101312,3
101313,2
101314,2
101315,0
101316,3
101317,2
101318,2
101319,2
101320,2
101321,2
101322,0
101323,0
101324,3
101325,2
101326,3
101327,2
101328,0
101329,2
101330,2
101331,2
101332,1
101333,3
101334,3
101335,1
101336,0
101337,1
101338,2
101339,2
101340,3
101341,2
101342,2
101343,0
101344,3
101345,2
101346,2
101347,1
101348,0
101349,2
101350,2
101351,3
101352,1
101353,1
101354,3
101355,3
101356,2
101357,3
101358,3
101359,3
101360,3
101361,3
101362,3
101363,3
101364,3
101365,3
101366,3
101367,3
101368,3
101369,3
101370,3
101371,3
101372,2
101373,3
101374,3
101375,3
101376,3
101377,3
101378,3
101379,3
101380,1
101381,2
101382,2
101383,2
101384,2
101385,2
101386,2
101387,2
101388,2
101389,2
101390,3
101391,2
101392,3
101393,2
101394,3
101395,3
101396,3
101397,2
101398,2
101399,2
101400,2
101401,2
101402,2
101403,2
101404,2
101405,3
101406,2
101407,2
101408,2
101409,2
101410,3
101411,3
101412,3
101413,3
101414,3
101415,1
101416,1
101417,1
101418,1
101419,3
101420,3
101421,3
101422,3
101423,3
101424,3
101425,3
101426,3
101427,3
101428,2
101429,3
101430,3
101431,3
101432,3
101433,3
101434,3
101435,3
101436,3
101437,3
101438,3
101439,3
101440,3
101441,2
101442,2
101443,2
101444,1
101445,3
101446,2
101447,3
101448,3
101449,1
101450,1
101451,3
101452,3
101453,3
101454,3
101455,3
101456,2
101457,2
101458,3
101459,3
101460,3
101461,2
101462,2
101463,2
101464,3
101465,3
101466,1
101467,3
101468,3
101469,2
101470,1
101471,3
101472,0
101473,1
101474,1
101475,3
101476,3
101477,3
101478,3
101479,1
101480,1
101481,3
101482,2
101483,2
101484,2
101485,3
101486,2
101487,2
101488,2
101489,0
101490,3
101491,2
101492,2
101493,2
101494,3
101495,0
101496,2
101497,2
101498,2
101499,2
101500,2
101501,3
101502,2
101503,2
101504,3
101505,3
101506,3
101507,3
101508,2
101509,3
101510,3
101511,3
101512,3
101513,1
101514,3
101515,2
101516,3
101517,2
101518,3
101519,3
101520,2
101521,3
101522,2
101523,2
101524,2
101525,2
101526,2
101527,3
101528,3
101529,0
101530,0
101531,0
101532,0
101533,3
101534,3
101535,0
101536,2
101537,3
101538,3
101539,3
101540,3
101541,3
101542,3
101543,3
101544,3
101545,3
101546,3
101547,3
101548,3
101549,0
101550,2
101551,3
101552,2
101553,3
101554,2
101555,3
101556,2
101557,2
101558,3
101559,3
101560,3
101561,3
101562,3
101563,3
101564,3
101565,0
101566,2
101567,1
101568,3
101569,3
101570,3
101571,0
101572,2
101573,3
101574,2
101575,2
101576,2
101577,2
101578,3
101579,0
101580,3
101581,0
101582,2
101583,3
101584,3
101585,2
101586,2
101587,2
101588,2
101589,0
101590,3
101591,3
101592,2
101593,2
101594,2
101595,2
101596,2
101597,3
101598,2
101599,3
101600,3
101601,2
101602,3
101603,2
101604,3
101605,3
101606,0
101607,3
101608,3
101609,0
101610,3
101611,3
101612,2
101613,3
101614,3
101615,2
101616,3
101617,3
101618,3
101619,3
101620,3
101621,2
101622,3
101623,3
101624,3
101625,2
101626,2
101627,2
101628,2
101629,2
101630,2
101631,3
101632,2
101633,3
101634,2
101635,3
101636,2
101637,3
101638,0
101639,2
101640,3
101641,3
101642,3
101643,2
101644,3
101645,2
101646,3
101647,0
101648,3
101649,3
101650,3
101651,2
101652,3
101653,2
101654,2
101655,2
101656,3
101657,2
101658,0
101659,3
101660,3
101661,2
101662,3
101663,3
101664,0
101665,3
101666,3
101667,3
101668,2
101669,3
101670,3
101671,3
101672,3
101673,3
101674,2
101675,2
101676,3
101677,3
101678,0
101679,3
101680,2
101681,2
101682,0
101683,3
101684,2
101685,2
101686,2
101687,2
101688,3
101689,0
101690,2
101691,2
101692,2
101693,2
101694,2
101695,2
101696,2
101697,2
101698,2
101699,2
101700,0
101701,3
101702,2
101703,2
101704,2
101705,2
101706,3
101707,2
101708,2
101709,3
101710,3
101711,3
101712,3
101713,0
101714,2
101715,3
101716,2
101717,2
101718,2
101719,0
101720,2
101721,3
101722,0
101723,0
101724,0
101725,2
101726,3
101727,2
101728,2
101729,2
101730,2
101731,3
101732,2
101733,0
101734,0
101735,3
101736,2
101737,2
101738,3
101739,3
101740,3
101741,3
101742,3
101743,2
101744,2
101745,2
101746,2
101747,3
101748,2
101749,2
101750,2
101751,2
101752,2
101753,2
101754,2
101755,0
101756,0
101757,3
101758,2
101759,2
101760,2
101761,3
101762,2
101763,2
101764,2
101765,0
101766,0
101767,3
101768,2
101769,2
101770,2
101771,2
101772,2
101773,2
101774,2
101775,2
101776,2
101777,0
101778,2
101779,2
101780,3
101781,1
101782,3
101783,1
101784,3
101785,1
101786,3
101787,3
101788,3
101789,3
101790,3
101791,3
101792,3
101793,2
101794,3
101795,3
101796,3
101797,3
101798,3
101799,2
101800,2
101801,2
101802,3
101803,3
101804,3
101805,3
101806,2
101807,1
101808,3
101809,1
101810,3
101811,3
101812,3
101813,3
101814,0
101815,3
101816,3
101817,3
101818,3
101819,2
101820,3
101821,3
101822,3
101823,3
101824,3
101825,0
101826,3
101827,3
101828,3
101829,3
101830,3
101831,2
101832,3
101833,0
101834,1
101835,1
101836,1
101837,1
101838,2
101839,1
101840,0
101841,0
101842,0
101843,0
101844,0
101845,0
101846,0
101847,0
101848,0
101849,1
101850,1
101851,0
101852,2
101853,1
101854,1
101855,0
101856,2
101857,2
101858,2
101859,1
101860,2
101861,2
101862,2
101863,2
101864,1
101865,0
101866,1
101867,1
101868,1
101869,2
101870,2
101871,1
101872,2
101873,2
101874,2
101875,1
101876,1
101877,2
101878,2
101879,1
101880,1
101881,1
101882,1
101883,1
101884,1
101885,1
101886,2
101887,2
101888,2
101889,2
101890,0
101891,2
101892,2
101893,2
101894,2
101895,0
101896,2
101897,0
101898,1
101899,2
101900,2
101901,2
101902,0
101903,2
101904,2
101905,2
101906,2
101907,2
101908,0
101909,0
101910,2
101911,3
101912,2
101913,1
101914,1
101915,3
101916,3
101917,1
101918,1
101919,0
101920,2
101921,1
101922,1
101923,1
101924,3
101925,2
101926,1
101927,1
101928,0
101929,2
101930,3
101931,1
101932,1
101933,1
101934,1
101935,0
101936,0
101937,1
101938,1
101939,0
101940,1
101941,0
101942,2
101943,0
101944,0
101945,0
101946,0
101947,2
101948,2
101949,1
101950,2
101951,0
101952,0
101953,2
101954,0
101955,2
101956,0
101957,1
101958,0
101959,0
101960,2
101961,3
101962,3
101963,0
101964,3
101965,0
101966,2
101967,0
101968,2
101969,2
101970,0
101971,0
101972,0
101973,2
101974,2
101975,0
101976,3
101977,0
101978,3
101979,0
101980,1
101981,1
101982,0
101983,0
101984,0
101985,2
101986,2
101987,2
101988,0
101989,2
101990,2
101991,2
101992,2
101993,2
101994,2
101995,2
101996,2
101997,2
101998,2
101999,0
102000,1
102001,2
102002,0
102003,0
102004,3
102005,1
102006,0
102007,0
102008,2
102009,3
102010,0
102011,0
102012,0
102013,0
102014,3
102015,3
102016,3
102017,0
102018,0
102019,3
102020,3
102021,2
102022,3
102023,3
102024,3
102025,3
102026,3
102027,1
102028,3
102029,0
102030,0
102031,0
102032,0
102033,0
102034,2
102035,2
102036,0
102037,0
102038,0
102039,0
102040,0
102041,2
102042,2
102043,2
102044,2
102045,2
102046,2
102047,2
102048,2
102049,0
102050,2
102051,2
102052,0
102053,2
102054,2
102055,2
102056,2
102057,2
102058,2
102059,2
102060,2
102061,2
102062,0
102063,2
102064,0
102065,0
102066,0
102067,2
102068,2
102069,2
102070,2
102071,2
102072,0
102073,2
102074,2
102075,0
102076,2
102077,2
102078,2
102079,0
102080,0
102081,2
102082,0
102083,2
102084,2
102085,2
102086,0
102087,2
102088,2
102089,2
102090,2
102091,0
102092,2
102093,2
102094,2
102095,3
102096,0
102097,0
102098,0
102099,0
102100,2
102101,2
102102,0
102103,0
102104,0
102105,2
102106,2
102107,0
102108,1
102109,2
102110,2
102111,3
102112,3
102113,3
102114,3
102115,0
102116,2
102117,0
102118,0
102119,2
102120,0
102121,2
102122,2
102123,2
102124,0
102125,0
102126,2
102127,0
102128,0
102129,0
102130,2
102131,0
102132,0
102133,1
102134,1
102135,1
102136,1
102137,1
102138,3
102139,3
102140,3
102141,2
102142,0
102143,3
102144,3
102145,3
102146,3
102147,3
102148,2
102149,0
102150,2
102151,0
102152,0
102153,2
102154,0
102155,2
102156,0
102157,0
102158,0
102159,0
102160,2
102161,0
102162,2
102163,2
102164,0
102165,2
102166,2
102167,2
102168,2
102169,2
102170,2
102171,0
102172,0
102173,1
102174,1
102175,2
102176,2
102177,1
102178,0
102179,0
102180,2
102181,0
102182,0
102183,2
102184,0
102185,2
102186,0
102187,0
102188,0
102189,0
102190,0
102191,0
102192,0
102193,0
102194,0
102195,2
102196,2
102197,0
102198,1
102199,0
102200,1
102201,3
102202,1
102203,1
102204,1
102205,1
102206,1
102207,1
102208,3
102209,2
102210,1
102211,0
102212,1
102213,1
102214,1
102215,1
102216,1
102217,1
102218,1
102219,1
102220,1
102221,3
102222,2
102223,0
102224,3
102225,1
102226,1
102227,1
102228,0
102229,0
102230,1
102231,1
102232,1
102233,1
102234,1
102235,1
102236,1
102237,1
102238,1
102239,1
102240,3
102241,1
102242,3
102243,3
102244,0
102245,0
102246,2
102247,0
102248,2
102249,2
102250,3
102251,0
102252,1
102253,0
102254,1
102255,0
102256,1
102257,3
102258,0
102259,3
102260,2
102261,1
102262,3
102263,1
102264,3
102265,3
102266,3
102267,1
102268,1
102269,1
102270,1
102271,3
102272,2
102273,0
102274,0
102275,0
102276,0
102277,0
102278,0
102279,0
102280,0
102281,1
102282,1
102283,2
102284,0
102285,0
102286,0
102287,0
102288,1
102289,0
102290,0
102291,1
102292,1
102293,0
102294,3
102295,1
102296,3
102297,1
102298,2
102299,3
102300,2
102301,0
102302,2
102303,0
102304,0
102305,0
102306,1
102307,0
102308,3
102309,0
102310,0
102311,0
102312,0
102313,3
102314,3
102315,0
102316,2
102317,2
102318,2
102319,0
102320,0
102321,0
102322,0
102323,0
102324,3
102325,0
102326,1
102327,1
102328,0
102329,0
102330,2
102331,0
102332,2
102333,3
102334,3
102335,0
102336,0
102337,0
102338,0
102339,3
102340,3
102341,3
102342,0
102343,0
102344,0
102345,0
102346,0
102347,2
102348,0
102349,2
102350,0
102351,2
102352,0
102353,0
102354,0
102355,0
102356,0
102357,0
102358,2
102359,2
102360,2
102361,2
102362,0
102363,0
102364,0
102365,0
102366,0
102367,0
102368,0
102369,2
102370,0
102371,0
102372,0
102373,0
102374,0
102375,0
102376,0
102377,0
102378,0
102379,3
102380,3
102381,2
102382,0
102383,2
102384,0
102385,0
102386,0
102387,0
102388,0
102389,0
102390,0
102391,1
102392,3
102393,2
102394,0
102395,0
102396,0
102397,0
102398,2
102399,3
102400,0
102401,0
102402,0
102403,0
102404,3
102405,3
102406,0
102407,1
102408,0
102409,3
102410,3
102411,0
102412,0
102413,0
102414,0
102415,0
102416,1
102417,3
102418,3
102419,1
102420,1
102421,1
102422,0
102423,1
102424,1
102425,1
102426,1
102427,1
102428,1
102429,0
102430,1
102431,0
102432,0
102433,0
102434,1
102435,1
102436,3
102437,1
102438,0
102439,2
102440,2
102441,1
102442,1
102443,0
102444,2
102445,2
102446,0
102447,2
102448,2
102449,1
102450,2
102451,0
102452,0
102453,0
102454,0
102455,0
102456,0
102457,0
102458,0
102459,0
102460,0
102461,0
102462,0
102463,2
102464,0
102465,2
102466,0
102467,0
102468,2
102469,3
102470,3
102471,0
102472,0
102473,3
102474,0
102475,3
102476,0
102477,0
102478,0
102479,0
102480,2
102481,2
102482,3
102483,3
102484,3
102485,0
102486,2
102487,0
102488,0
102489,3
102490,1
102491,1
102492,1
102493,1
102494,1
102495,1
102496,1
102497,1
102498,1
102499,0
102500,1
102501,2
102502,2
102503,0
102504,0
102505,0
102506,1
102507,1
102508,1
102509,3
102510,3
102511,1
102512,2
102513,3
102514,0
102515,0
102516,0
102517,0
102518,3
102519,2
102520,1
102521,3
102522,3
102523,1
102524,2
102525,3
102526,0
102527,2
102528,3
102529,0
102530,0
102531,0
102532,0
102533,0
102534,0
102535,1
102536,1
102537,1
102538,1
102539,3
102540,1
102541,0
102542,3
102543,2
102544,3
102545,3
102546,2
102547,1
102548,1
102549,3
102550,3
102551,3
102552,1
102553,3
102554,2
102555,1
102556,2
102557,0
102558,0
102559,0
102560,1
102561,0
102562,0
102563,2
102564,0
102565,0
102566,0
102567,2
102568,2
102569,2
102570,1
102571,1
102572,1
102573,1
102574,1
102575,3
102576,0
102577,2
102578,0
102579,2
102580,1
102581,0
102582,0
102583,2
102584,2
102585,0
102586,2
102587,2
102588,0
102589,2
102590,0
102591,0
102592,0
102593,1
102594,1
102595,1
102596,1
102597,1
102598,3
102599,2
102600,2
102601,3
102602,2
102603,2
102604,0
102605,2
102606,0
102607,3
102608,2
102609,3
102610,3
102611,2
102612,0
102613,0
102614,2
102615,2
102616,0
102617,2
102618,0
102619,2
102620,1
102621,0
102622,0
102623,0
102624,2
102625,2
102626,2
102627,2
102628,2
102629,2
102630,0
102631,3
102632,0
102633,0
102634,2
102635,2
102636,1
102637,1
102638,1
102639,1
102640,2
102641,1
102642,1
102643,1
102644,1
102645,1
102646,3
102647,2
102648,3
102649,3
102650,3
102651,3
102652,2
102653,2
102654,1
102655,1
102656,3
102657,2
102658,3
102659,3
102660,2
102661,2
102662,1
102663,3
102664,3
102665,2
102666,2
102667,3
102668,3
102669,3
102670,1
102671,3
102672,3
102673,3
102674,2
102675,3
102676,3
102677,2
102678,3
102679,3
102680,3
102681,2
102682,3
102683,1
102684,1
102685,1
102686,1
102687,1
102688,1
102689,1
102690,1
102691,1
102692,1
102693,3
102694,3
102695,3
102696,1
102697,3
102698,3
102699,3
102700,3
102701,0
102702,0
102703,2
102704,2
102705,0
102706,2
102707,0
102708,0
102709,2
102710,3
102711,3
102712,0
102713,1
102714,0
102715,0
102716,1
102717,0
102718,0
102719,1
102720,3
102721,2
102722,1
102723,1
102724,1
102725,3
102726,1
102727,1
102728,3
102729,3
102730,1
102731,2
102732,2
102733,2
102734,1
102735,1
102736,3
102737,3
102738,3
102739,3
102740,1
102741,1
102742,3
102743,1
102744,1
102745,3
102746,1
102747,1
102748,0
102749,1
102750,0
102751,1
102752,1
102753,1
102754,3
102755,1
102756,1
102757,1
102758,1
102759,1
102760,1
102761,1
102762,1
102763,1
102764,1
102765,1
102766,1
102767,1
102768,1
102769,2
102770,2
102771,2
102772,2
102773,2
102774,2
102775,2
102776,0
102777,2
102778,2
102779,1
102780,0
102781,3
102782,0
102783,3
102784,3
102785,0
102786,0
102787,3
102788,0
102789,2
102790,2
102791,3
102792,2
102793,0
102794,2
102795,2
102796,2
102797,2
102798,2
102799,2
102800,3
102801,0
102802,3
102803,3
102804,2
102805,3
102806,2
102807,2
102808,2
102809,2
102810,2
102811,0
102812,0
102813,0
102814,2
102815,2
102816,2
102817,0
102818,0
102819,2
102820,2
102821,2
102822,2
102823,0
102824,0
102825,0
102826,2
102827,2
102828,2
102829,2
102830,2
102831,2
102832,2
102833,2
102834,2
102835,2
102836,2
102837,2
102838,2
102839,2
102840,2
102841,2
102842,2
102843,2
102844,2
102845,0
102846,2
102847,2
102848,2
102849,2
102850,2
102851,2
102852,2
102853,2
102854,2
102855,2
102856,2
102857,2
102858,2
102859,2
102860,2
102861,3
102862,3
102863,2
102864,2
102865,0
102866,2
102867,0
102868,0
102869,2
102870,2
102871,3
102872,2
102873,2
102874,3
102875,2
102876,3
102877,2
102878,0
102879,0
102880,2
102881,2
102882,3
102883,3
102884,3
102885,3
102886,3
102887,2
102888,2
102889,3
102890,1
102891,3
102892,3
102893,3
102894,3
102895,0
102896,1
102897,1
102898,3
102899,1
102900,3
102901,0
102902,1
102903,2
102904,0
102905,0
102906,2
102907,0
102908,0
102909,2
102910,0
102911,0
102912,0
102913,0
102914,0
102915,0
102916,0
102917,0
102918,0
102919,0
102920,0
102921,2
102922,0
102923,0
102924,0
102925,0
102926,2
102927,2
102928,2
102929,2
102930,0
102931,2
102932,2
102933,3
102934,2
102935,2
102936,0
102937,0
102938,2
102939,1
102940,3
102941,0
102942,0
102943,3
102944,2
102945,2
102946,2
102947,2
102948,2
102949,2
102950,0
102951,0
102952,2
102953,0
102954,0
102955,2
102956,2
102957,2
102958,0
102959,0
102960,2
102961,2
102962,2
102963,0
102964,2
102965,2
102966,0
102967,0
102968,2
102969,2
102970,0
102971,2
102972,0
102973,2
102974,2
102975,2
102976,2
102977,2
102978,0
102979,2
102980,0
102981,2
102982,2
102983,2
102984,0
102985,2
102986,2
102987,0
102988,2
102989,2
102990,2
102991,2
102992,0
102993,0
102994,2
102995,2
102996,0
102997,0
102998,2
102999,0
103000,2
103001,0
103002,2
103003,2
103004,0
103005,2
103006,0
103007,0
103008,2
103009,2
103010,3
103011,0
103012,0
103013,2
103014,2
103015,2
103016,0
103017,0
103018,0
103019,0
103020,2
103021,0
103022,0
103023,0
103024,0
103025,2
103026,0
103027,0
103028,2
103029,0
103030,0
103031,2
103032,0
103033,2
103034,0
103035,0
103036,0
103037,0
103038,0
103039,2
103040,3
103041,0
103042,3
103043,3
103044,3
103045,0
103046,2
103047,0
103048,0
103049,0
103050,2
103051,0
103052,2
103053,2
103054,2
103055,2
103056,2
103057,2
103058,0
103059,0
103060,2
103061,2
103062,0
103063,2
103064,0
103065,2
103066,0
103067,3
103068,0
103069,0
103070,2
103071,2
103072,2
103073,0
103074,2
103075,2
103076,0
103077,2
103078,0
103079,0
103080,0
103081,3
103082,2
103083,0
103084,2
103085,2
103086,0
103087,0
103088,0
103089,2
103090,0
103091,2
103092,0
103093,0
103094,0
103095,0
103096,0
103097,2
103098,0
103099,0
103100,0
103101,0
103102,2
103103,0
103104,2
103105,2
103106,0
103107,3
103108,0
103109,0
103110,0
103111,0
103112,2
103113,2
103114,0
103115,2
103116,2
103117,2
103118,2
103119,2
103120,2
103121,2
103122,2
103123,2
103124,2
103125,0
103126,0
103127,0
103128,0
103129,2
103130,2
103131,2
103132,2
103133,2
103134,2
103135,2
103136,0
103137,2
103138,0
103139,2
103140,2
103141,0
103142,2
103143,2
103144,2
103145,2
103146,2
103147,2
103148,2
103149,2
103150,2
103151,0
103152,0
103153,0
103154,2
103155,0
103156,2
103157,2
103158,2
103159,2
103160,2
103161,0
103162,2
103163,2
103164,2
103165,2
103166,0
103167,0
103168,2
103169,0
103170,2
103171,0
103172,2
103173,2
103174,2
103175,0
103176,2
103177,2
103178,0
103179,2
103180,2
103181,2
103182,2
103183,2
103184,2
103185,0
103186,2
103187,2
103188,2
103189,0
103190,2
103191,0
103192,2
103193,2
103194,2
103195,2
103196,1
103197,2
103198,2
103199,2
103200,3
103201,2
103202,2
103203,0
103204,0
103205,0
103206,2
103207,2
103208,0
103209,0
103210,0
103211,0
103212,0
103213,1
103214,0
103215,0
103216,0
103217,0
103218,0
103219,0
103220,2
103221,1
103222,1
103223,1
103224,2
103225,0
103226,0
103227,0
103228,0
103229,0
103230,0
103231,2
103232,0
103233,2
103234,0
103235,0
103236,0
103237,0
103238,2
103239,2
103240,0
103241,2
103242,2
103243,2
103244,2
103245,0
103246,2
103247,2
103248,2
103249,2
103250,0
103251,2
103252,2
103253,2
103254,2
103255,0
103256,0
103257,0
103258,2
103259,0
103260,0
103261,2
103262,0
103263,2
103264,0
103265,0
103266,0
103267,2
103268,0
103269,0
103270,2
103271,2
103272,0
103273,2
103274,0
103275,0
103276,0
103277,0
103278,2
103279,0
103280,0
103281,0
103282,0
103283,2
103284,0
103285,0
103286,0
103287,0
103288,0
103289,0
103290,0
103291,0
103292,0
103293,2
103294,2
103295,2
103296,0
103297,1
103298,0
103299,0
103300,0
103301,0
103302,0
103303,0
103304,0
103305,0
103306,0
103307,0
103308,2
103309,0
103310,0
103311,0
103312,0
103313,0
103314,0
103315,2
103316,0
103317,0
103318,0
103319,0
103320,0
103321,0
103322,0
103323,0
103324,2
103325,2
103326,2
103327,0
103328,2
103329,0
103330,2
103331,0
103332,2
103333,2
103334,2
103335,2
103336,2
103337,2
103338,2
103339,2
103340,2
103341,0
103342,2
103343,2
103344,2
103345,2
103346,0
103347,2
103348,2
103349,2
103350,0
103351,2
103352,2
103353,2
103354,2
103355,0
103356,2
103357,2
103358,0
103359,0
103360,3
103361,3
103362,2
103363,2
103364,2
103365,3
103366,2
103367,0
103368,2
103369,2
103370,0
103371,0
103372,0
103373,0
103374,0
103375,2
103376,2
103377,2
103378,2
103379,0
103380,0
103381,2
103382,2
103383,3
103384,0
103385,2
103386,0
103387,0
103388,0
103389,2
103390,0
103391,0
103392,2
103393,2
103394,0
103395,0
103396,0
103397,0
103398,0
103399,0
103400,2
103401,1
103402,0
103403,0
103404,0
103405,0
103406,2
103407,0
103408,0
103409,0
103410,0
103411,0
103412,2
103413,0
103414,0
103415,3
103416,0
103417,2
103418,2
103419,2
103420,2
103421,2
103422,0
103423,2
103424,2
103425,1
103426,2
103427,0
103428,2
103429,2
103430,2
103431,2
103432,2
103433,0
103434,2
103435,3
103436,2
103437,2
103438,2
103439,2
103440,2
103441,2
103442,2
103443,2
103444,2
103445,2
103446,2
103447,2
103448,2
103449,0
103450,0
103451,0
103452,0
103453,2
103454,0
103455,0
103456,0
103457,2
103458,2
103459,2
103460,2
103461,0
103462,0
103463,3
103464,2
103465,0
103466,2
103467,0
103468,2
103469,0
103470,0
103471,0
103472,2
103473,0
103474,2
103475,2
103476,2
103477,0
103478,2
103479,0
103480,2
103481,2
103482,2
103483,2
103484,2
103485,2
103486,2
103487,2
103488,2
103489,0
103490,0
103491,2
103492,0
103493,2
103494,0
103495,2
103496,2
103497,2
103498,2
103499,2
103500,0
103501,0
103502,0
103503,2
103504,0
103505,2
103506,0
103507,2
103508,2
103509,0
103510,2
103511,3
103512,0
103513,2
103514,0
103515,0
103516,2
103517,0
103518,2
103519,2
103520,2
103521,0
103522,2
103523,2
103524,2
103525,2
103526,1
103527,0
103528,0
103529,1
103530,2
103531,0
103532,2
103533,2
103534,2
103535,2
103536,2
103537,2
103538,3
103539,3
103540,1
103541,1
103542,2
103543,0
103544,2
103545,2
103546,2
103547,2
103548,1
103549,2
103550,2
103551,2
103552,2
103553,2
103554,2
103555,2
103556,2
103557,0
103558,2
103559,2
103560,3
103561,2
103562,3
103563,3
103564,3
103565,2
103566,3
103567,3
103568,3
103569,2
103570,3
103571,3
103572,2
103573,0
103574,2
103575,2
103576,2
103577,2
103578,2
103579,2
103580,2
103581,3
103582,3
103583,3
103584,3
103585,3
103586,2
103587,2
103588,0
103589,0
103590,3
103591,3
103592,0
103593,3
103594,3
103595,2
103596,2
103597,3
103598,2
103599,3
103600,2
103601,2
103602,3
103603,3
103604,0
103605,2
103606,3
103607,2
103608,3
103609,3
103610,3
103611,3
103612,0
103613,1
103614,2
103615,3
103616,3
103617,3
103618,3
103619,0
103620,3
103621,2
103622,2
103623,0
103624,0
103625,2
103626,0
103627,0
103628,3
103629,3
103630,3
103631,3
103632,3
103633,3
103634,1
103635,3
103636,2
103637,3
103638,3
103639,2
103640,3
103641,3
103642,3
103643,1
103644,3
103645,1
103646,1
103647,3
103648,3
103649,3
103650,0
103651,2
103652,2
103653,3
103654,2
103655,1
103656,3
103657,3
103658,3
103659,3
103660,3
103661,3
103662,3
103663,3
103664,1
103665,1
103666,3
103667,3
103668,0
103669,3
103670,3
103671,3
103672,1
103673,3
103674,0
103675,2
103676,0
103677,2
103678,0
103679,2
103680,2
103681,2
103682,3
103683,2
103684,3
103685,2
103686,0
103687,2
103688,2
103689,2
103690,2
103691,3
103692,3
103693,3
103694,2
103695,2
103696,3
103697,2
103698,0
103699,0
103700,2
103701,2
103702,2
103703,2
103704,2
103705,2
103706,2
103707,2
103708,3
103709,2
103710,3
103711,3
103712,3
103713,3
103714,0
103715,3
103716,3
103717,3
103718,2
103719,2
103720,2
103721,2
103722,2
103723,0
103724,0
103725,0
103726,2
103727,3
103728,0
103729,2
103730,2
103731,0
103732,3
103733,0
103734,0
103735,3
103736,0
103737,1
103738,2
103739,2
103740,0
103741,3
103742,3
103743,0
103744,3
103745,3
103746,0
103747,3
103748,0
103749,3
103750,3
103751,3
103752,0
103753,0
103754,0
103755,3
103756,0
103757,0
103758,0
103759,0
103760,0
103761,2
103762,0
103763,0
103764,2
103765,2
103766,0
103767,0
103768,0
103769,3
103770,0
103771,0
103772,0
103773,3
103774,3
103775,3
103776,0
103777,0
103778,0
103779,0
103780,0
103781,0
103782,0
103783,0
103784,0
103785,0
103786,0
103787,0
103788,0
103789,0
103790,0
103791,0
103792,0
103793,0
103794,2
103795,0
103796,2
103797,0
103798,0
103799,3
103800,3
103801,0
103802,2
103803,2
103804,0
103805,3
103806,3
103807,2
103808,2
103809,2
103810,0
103811,2
103812,3
103813,3
103814,2
103815,2
103816,2
103817,2
103818,2
103819,3
103820,2
103821,2
103822,2
103823,2
103824,2
103825,3
103826,2
103827,3
103828,0
103829,0
103830,2
103831,2
103832,0
103833,3
103834,2
103835,0
103836,3
103837,3
103838,3
103839,3
103840,3
103841,3
103842,3
103843,0
103844,3
103845,3
103846,2
103847,2
103848,3
103849,0
103850,0
103851,2
103852,3
103853,0
103854,3
103855,3
103856,3
103857,2
103858,3
103859,3
103860,1
103861,3
103862,2
103863,2
103864,3
103865,0
103866,3
103867,0
103868,3
103869,3
103870,3
103871,2
103872,2
103873,2
103874,0
103875,0
103876,0
103877,0
103878,0
103879,2
103880,2
103881,0
103882,1
103883,0
103884,0
103885,0
103886,0
103887,2
103888,0
103889,2
103890,0
103891,0
103892,0
103893,0
103894,0
103895,2
103896,0
103897,0
103898,0
103899,0
103900,2
103901,0
103902,2
103903,2
103904,0
103905,0
103906,0
103907,0
103908,0
103909,0
103910,2
103911,1
103912,3
103913,0
103914,0
103915,0
103916,3
103917,0
103918,0
103919,0
103920,0
103921,0
103922,0
103923,2
103924,0
103925,0
103926,0
103927,3
103928,0
103929,3
103930,3
103931,2
103932,3
103933,2
103934,2
103935,3
103936,3
103937,2
103938,3
103939,1
103940,3
103941,3
103942,3
103943,3
103944,1
103945,1
103946,3
103947,0
103948,3
103949,0
103950,2
103951,2
103952,2
103953,2
103954,2
103955,3
103956,3
103957,3
103958,2
103959,3
103960,1
103961,3
103962,0
103963,3
103964,3
103965,0
103966,0
103967,2
103968,2
103969,2
103970,2
103971,2
103972,2
103973,3
103974,3
103975,3
103976,2
103977,2
103978,3
103979,2
103980,2
103981,1
103982,1
103983,3
103984,3
103985,1
103986,3
103987,1
103988,2
103989,2
103990,2
103991,2
103992,1
103993,2
103994,2
103995,1
103996,1
103997,1
103998,1
103999,1
104000,1
104001,1
104002,1
104003,1
104004,1
104005,1
104006,1
104007,0
104008,2
104009,0
104010,2
104011,2
104012,3
104013,3
104014,3
104015,3
104016,2
104017,3
104018,3
104019,2
104020,2
104021,3
104022,2
104023,3
104024,2
104025,3
104026,3
104027,2
104028,3
104029,2
104030,2
104031,3
104032,2
104033,2
104034,3
104035,3
104036,2
104037,3
104038,2
104039,2
104040,3
104041,3
104042,3
104043,2
104044,3
104045,2
104046,3
104047,3
104048,2
104049,2
104050,3
104051,0
104052,2
104053,0
104054,0
104055,2
104056,2
104057,2
104058,3
104059,0
104060,0
104061,2
104062,2
104063,2
104064,0
104065,2
104066,0
104067,0
104068,0
104069,2
104070,0
104071,2
104072,2
104073,2
104074,2
104075,0
104076,3
104077,0
104078,2
104079,2
104080,2
104081,3
104082,1
104083,1
104084,3
104085,3
104086,3
104087,2
104088,2
104089,2
104090,3
104091,3
104092,3
104093,2
104094,3
104095,3
104096,3
104097,3
104098,3
104099,3
104100,3
104101,3
104102,3
104103,3
104104,3
104105,3
104106,3
104107,3
104108,3
104109,2
104110,3
104111,2
104112,3
104113,1
104114,2
104115,2
104116,2
104117,3
104118,2
104119,0
104120,3
104121,2
104122,0
104123,0
104124,0
104125,0
104126,0
104127,0
104128,0
104129,2
104130,3
104131,3
104132,3
104133,2
104134,3
104135,2
104136,2
104137,2
104138,2
104139,3
104140,0
104141,2
104142,1
104143,0
104144,1
104145,0
104146,3
104147,3
104148,2
104149,0
104150,0
104151,0
104152,0
104153,3
104154,3
104155,3
104156,2
104157,0
104158,2
104159,3
104160,1
104161,3
104162,3
104163,2
104164,3
104165,2
104166,3
104167,0
104168,2
104169,0
104170,0
104171,3
104172,3
104173,3
104174,0
104175,0
104176,3
104177,0
104178,3
104179,3
104180,3
104181,3
104182,2
104183,3
104184,3
104185,2
104186,0
104187,0
104188,3
104189,0
104190,2
104191,3
104192,1
104193,1
104194,1
104195,1
104196,1
104197,1
104198,1
104199,1
104200,3
104201,1
104202,1
104203,1
104204,1
104205,1
104206,1
104207,1
104208,1
104209,1
104210,1
104211,1
104212,1
104213,1
104214,3
104215,1
104216,1
104217,1
104218,1
104219,1
104220,1
104221,1
104222,1
104223,0
104224,0
104225,1
104226,1
104227,1
104228,1
104229,3
104230,3
104231,1
104232,3
104233,1
104234,1
104235,1
104236,3
104237,1
104238,1
104239,1
104240,3
104241,3
104242,3
104243,3
104244,2
104245,1
104246,0
104247,3
104248,3
104249,3
104250,3
104251,3
104252,3
104253,3
104254,1
104255,0
104256,3
104257,3
104258,1
104259,3
104260,3
104261,0
104262,1
104263,3
104264,3
104265,3
104266,3
104267,3
104268,3
104269,0
104270,0
104271,1
104272,0
104273,0
104274,3
104275,3
104276,3
104277,3
104278,3
104279,3
104280,0
104281,3
104282,1
104283,3
104284,1
104285,1
104286,1
104287,0
104288,1
104289,1
104290,3
104291,3
104292,1
104293,1
104294,1
104295,3
104296,1
104297,3
104298,1
104299,3
104300,3
104301,3
104302,3
104303,3
104304,1
104305,3
104306,0
104307,3
104308,1
104309,3
104310,3
104311,3
104312,3
104313,3
104314,3
104315,3
104316,3
104317,3
104318,3
104319,3
104320,3
104321,3
104322,3
104323,3
104324,3
104325,0
104326,3
104327,3
104328,3
104329,2
104330,3
104331,3
104332,0
104333,0
104334,0
104335,0
104336,0
104337,0
104338,0
104339,0
104340,0
104341,0
104342,0
104343,0
104344,0
104345,0
104346,1
104347,3
104348,3
104349,1
104350,0
104351,0
104352,1
104353,1
104354,0
104355,0
104356,1
104357,1
104358,3
104359,3
104360,2
104361,2
104362,0
104363,3
104364,0
104365,3
104366,3
104367,3
104368,0
104369,0
104370,0
104371,0
104372,0
104373,0
104374,0
104375,0
104376,0
104377,3
104378,0
104379,3
104380,0
104381,2
104382,1
104383,3
104384,3
104385,3
104386,0
104387,3
104388,1
104389,0
104390,3
104391,3
104392,0
104393,0
104394,0
104395,0
104396,1
104397,1
104398,0
104399,0
104400,0
104401,0
104402,0
104403,0
104404,1
104405,0
104406,3
104407,3
104408,0
104409,3
104410,0
104411,1
104412,1
104413,0
104414,1
104415,0
104416,2
104417,3
104418,3
104419,3
104420,3
104421,3
104422,3
104423,3
104424,3
104425,3
104426,3
104427,3
104428,3
104429,3
104430,3
104431,3
104432,3
104433,3
104434,3
104435,3
104436,2
104437,2
104438,2
104439,3
104440,3
104441,3
104442,3
104443,0
104444,3
104445,3
104446,2
104447,2
104448,2
104449,3
104450,3
104451,2
104452,3
104453,3
104454,2
104455,2
104456,2
104457,2
104458,3
104459,3
104460,1
104461,3
104462,3
104463,3
104464,3
104465,3
104466,3
104467,3
104468,2
104469,3
104470,3
104471,3
104472,3
104473,1
104474,3
104475,3
104476,3
104477,3
104478,3
104479,3
104480,3
104481,3
104482,3
104483,3
104484,3
104485,3
104486,3
104487,3
104488,3
104489,2
104490,2
104491,3
104492,3
104493,3
104494,3
104495,3
104496,3
104497,3
104498,3
104499,3
104500,3
104501,3
104502,3
104503,3
104504,3
104505,2
104506,3
104507,3
104508,1
104509,2
104510,2
104511,2
104512,2
104513,3
104514,2
104515,2
104516,3
104517,1
104518,3
104519,2
104520,2
104521,2
104522,2
104523,3
104524,2
104525,2
104526,3
104527,3
104528,3
104529,1
104530,3
104531,3
104532,3
104533,3
104534,3
104535,3
104536,3
104537,3
104538,3
104539,3
104540,2
104541,2
104542,2
104543,2
104544,2
104545,2
104546,2
104547,2
104548,2
104549,2
104550,2
104551,2
104552,2
104553,2
104554,2
104555,2
104556,2
104557,2
104558,2
104559,2
104560,2
104561,2
104562,2
104563,2
104564,2
104565,2
104566,2
104567,2
104568,2
104569,2
104570,2
104571,2
104572,2
104573,2
104574,2
104575,2
104576,2
104577,2
104578,2
104579,2
104580,2
104581,2
104582,2
104583,2
104584,2
104585,2
104586,2
104587,2
104588,2
104589,2
104590,2
104591,2
104592,2
104593,2
104594,2
104595,2
104596,2
104597,2
104598,2
104599,2
104600,2
104601,2
104602,2
104603,2
104604,2
104605,2
104606,3
104607,2
104608,2
104609,2
104610,2
104611,2
104612,2
104613,2
104614,2
104615,3
104616,3
104617,3
104618,3
104619,3
104620,3
104621,3
104622,2
104623,3
104624,0
104625,3
104626,2
104627,3
104628,2
104629,2
104630,2
104631,2
104632,2
104633,2
104634,2
104635,2
104636,2
104637,2
104638,1
104639,3
104640,2
104641,3
104642,2
104643,3
104644,2
104645,2
104646,2
104647,2
104648,2
104649,2
104650,2
104651,2
104652,2
104653,2
104654,2
104655,2
104656,2
104657,3
104658,3
104659,2
104660,2
104661,3
104662,2
104663,3
104664,3
104665,3
104666,3
104667,3
104668,3
104669,3
104670,3
104671,0
104672,3
104673,2
104674,2
104675,0
104676,2
104677,2
104678,2
104679,3
104680,0
104681,4
104682,4
104683,3
104684,3
104685,1
104686,3
104687,3
104688,3
104689,3
104690,3
104691,2
104692,3
104693,3
104694,0
104695,2
104696,0
104697,2
104698,2
104699,2
104700,2
104701,2
104702,2
104703,2
104704,3
104705,2
104706,3
104707,2
104708,2
104709,2
104710,3
104711,3
104712,3
104713,3
104714,3
104715,3
104716,3
104717,3
104718,3
104719,3
104720,3
104721,3
104722,3
104723,3
104724,3
104725,3
104726,3
104727,1
104728,3
104729,0
104730,3
104731,3
104732,3
104733,3
104734,3
104735,3
104736,3
104737,3
104738,3
104739,3
104740,3
104741,2
104742,3
104743,2
104744,2
104745,3
104746,2
104747,1
104748,3
104749,1
104750,3
104751,1
104752,3
104753,3
104754,3
104755,2
104756,2
104757,3
104758,3
104759,3
104760,3
104761,2
104762,3
104763,2
104764,2
104765,3
104766,3
104767,3
104768,2
104769,3
104770,3
104771,3
104772,3
104773,3
104774,3
104775,3
104776,3
104777,3
104778,3
104779,3
104780,3
104781,2
104782,3
104783,3
104784,3
104785,2
104786,3
104787,2
104788,3
104789,3
104790,3
104791,3
104792,2
104793,3
104794,3
104795,2
104796,3
104797,3
104798,2
104799,3
104800,3
104801,3
104802,3
104803,3
104804,2
104805,3
104806,3
104807,3
104808,2
104809,3
104810,2
104811,3
104812,3
104813,3
104814,3
104815,3
104816,2
104817,3
104818,2
104819,3
104820,2
104821,3
104822,3
104823,3
104824,3
104825,3
104826,1
104827,3
104828,1
104829,3
104830,3
104831,3
104832,2
104833,3
104834,2
104835,3
104836,2
104837,2
104838,2
104839,2
104840,3
104841,3
104842,3
104843,2
104844,1
104845,3
104846,3
104847,3
104848,1
104849,3
104850,0
104851,0
104852,1
104853,3
104854,3
104855,2
104856,1
104857,0
104858,1
104859,2
104860,0
104861,2
104862,3
104863,0
104864,1
104865,1
104866,0
104867,3
104868,3
104869,3
104870,3
104871,3
104872,0
104873,1
104874,1
104875,1
104876,3
104877,3
104878,1
104879,3
104880,3
104881,0
104882,0
104883,0
104884,0
104885,1
104886,1
104887,1
104888,1
104889,3
104890,3
104891,3
104892,3
104893,3
104894,3
104895,3
104896,3
104897,3
104898,3
104899,2
104900,3
104901,0
104902,1
104903,3
104904,3
104905,0
104906,0
104907,3
104908,3
104909,3
104910,3
104911,3
104912,3
104913,0
104914,0
104915,3
104916,2
104917,2
104918,3
104919,3
104920,2
104921,3
104922,2
104923,2
104924,2
104925,2
104926,3
104927,2
104928,2
104929,2
104930,2
104931,3
104932,3
104933,3
104934,3
104935,3
104936,3
104937,3
104938,3
104939,3
104940,2
104941,3
104942,3
104943,2
104944,2
104945,3
104946,3
104947,2
104948,2
104949,2
104950,3
104951,2
104952,3
104953,3
104954,2
104955,0
104956,2
104957,3
104958,2
104959,2
104960,2
104961,3
104962,2
104963,0
104964,2
104965,2
104966,3
104967,2
104968,3
104969,3
104970,2
104971,2
104972,2
104973,2
104974,2
104975,2
104976,3
104977,2
104978,2
104979,2
104980,2
104981,2
104982,3
104983,3
104984,2
104985,2
104986,3
104987,3
104988,0
104989,3
104990,3
104991,0
104992,3
104993,3
104994,3
104995,3
104996,3
104997,0
104998,1
104999,3
105000,3
105001,2
105002,0
105003,2
105004,3
105005,3
105006,0
105007,3
105008,3
105009,3
105010,3
105011,1
105012,3
105013,1
105014,3
105015,0
105016,3
105017,0
105018,3
105019,3
105020,3
105021,1
105022,1
105023,3
105024,3
105025,3
105026,2
105027,3
105028,3
105029,3
105030,0
105031,2
105032,3
105033,1
105034,1
105035,1
105036,3
105037,0
105038,0
105039,3
105040,1
105041,3
105042,1
105043,3
105044,2
105045,3
105046,3
105047,3
105048,3
105049,3
105050,3
105051,3
105052,3
105053,3
105054,3
105055,3
105056,2
105057,3
105058,3
105059,3
105060,3
105061,3
105062,3
105063,3
105064,3
105065,3
105066,3
105067,3
105068,3
105069,4
105070,2
105071,2
105072,2
105073,3
105074,3
105075,2
105076,2
105077,2
105078,2
105079,2
105080,2
105081,3
105082,2
105083,2
105084,3
105085,3
105086,2
105087,3
105088,3
105089,3
105090,3
105091,3
105092,3
105093,3
105094,3
105095,2
105096,3
105097,3
105098,3
105099,3
105100,3
105101,2
105102,2
105103,3
105104,3
105105,3
105106,3
105107,3
105108,3
105109,3
105110,3
105111,3
105112,3
105113,3
105114,3
105115,3
105116,3
105117,3
105118,3
105119,2
105120,2
105121,0
105122,3
105123,2
105124,3
105125,2
105126,2
105127,2
105128,3
105129,3
105130,2
105131,2
105132,2
105133,2
105134,2
105135,2
105136,2
105137,2
105138,3
105139,2
105140,2
105141,3
105142,3
105143,3
105144,3
105145,3
105146,2
105147,3
105148,2
105149,2
105150,3
105151,0
105152,3
105153,3
105154,0
105155,3
105156,3
105157,4
105158,3
105159,1
105160,3
105161,1
105162,3
105163,4
105164,3
105165,3
105166,3
105167,2
105168,0
105169,3
105170,3
105171,3
105172,2
105173,0
105174,3
105175,3
105176,3
105177,3
105178,3
105179,3
105180,3
105181,2
105182,2
105183,3
105184,3
105185,3
105186,3
105187,3
105188,1
105189,3
105190,3
105191,3
105192,3
105193,3
105194,3
105195,3
105196,3
105197,3
105198,3
105199,3
105200,3
105201,3
105202,3
105203,3
105204,3
105205,3
105206,3
105207,3
105208,3
105209,3
105210,3
105211,2
105212,3
105213,2
105214,3
105215,3
105216,3
105217,3
105218,2
105219,3
105220,0
105221,0
105222,0
105223,0
105224,0
105225,2
105226,1
105227,1
105228,1
105229,1
105230,1
105231,1
105232,1
105233,1
105234,1
105235,1
105236,1
105237,1
105238,1
105239,1
105240,1
105241,1
105242,1
105243,1
105244,1
105245,1
105246,1
105247,1
105248,1
105249,1
105250,1
105251,1
105252,1
105253,1
105254,1
105255,1
105256,1
105257,1
105258,1
105259,1
105260,1
105261,1
105262,1
105263,1
105264,1
105265,1
105266,1
105267,1
105268,1
105269,1
105270,1
105271,1
105272,1
105273,1
105274,1
105275,1
105276,1
105277,1
105278,1
105279,1
105280,1
105281,1
105282,1
105283,1
105284,1
105285,1
105286,1
105287,1
105288,1
105289,1
105290,1
105291,1
105292,1
105293,1
105294,1
105295,1
105296,1
105297,1
105298,1
105299,1
105300,1
105301,1
105302,1
105303,1
105304,1
105305,1
105306,1
105307,1
105308,1
105309,1
105310,1
105311,1
105312,1
105313,1
105314,1
105315,1
105316,1
105317,1
105318,1
105319,1
105320,1
105321,1
105322,1
105323,1
105324,1
105325,1
105326,1
105327,1
105328,1
105329,1
105330,1
105331,1
105332,1
105333,1
105334,1
105335,1
105336,1
105337,1
105338,1
105339,1
105340,1
105341,1
105342,1
105343,1
105344,1
105345,1
105346,1
105347,1
105348,1
105349,1
105350,1
105351,1
105352,1
105353,1
105354,1
105355,1
105356,1
105357,1
105358,1
105359,1
105360,1
105361,1
105362,1
105363,1
105364,1
105365,1
105366,1
105367,1
105368,1
105369,1
105370,1
105371,1
105372,1
105373,1
105374,1
105375,1
105376,1
105377,1
105378,1
105379,1
105380,1
105381,1
105382,1
105383,1
105384,1
105385,1
105386,1
105387,1
105388,1
105389,1
105390,1
105391,1
105392,1
105393,1
105394,1
105395,1
105396,1
105397,1
105398,1
105399,1
105400,1
105401,1
105402,1
105403,1
105404,1
105405,1
105406,1
105407,1
105408,1
105409,3
105410,3
105411,3
105412,3
105413,3
105414,3
105415,3
105416,3
105417,3
105418,3
105419,3
105420,3
105421,3
105422,1
105423,4
105424,3
105425,3
105426,3
105427,2
105428,0
105429,2
105430,2
105431,2
105432,2
105433,2
105434,3
105435,2
105436,2
105437,2
105438,2
105439,2
105440,3
105441,2
105442,0
105443,2
105444,2
105445,2
105446,2
105447,2
105448,2
105449,2
105450,3
105451,3
105452,2
105453,0
105454,3
105455,3
105456,3
105457,3
105458,2
105459,3
105460,3
105461,2
105462,3
105463,2
105464,3
105465,3
105466,2
105467,3
105468,3
105469,1
105470,3
105471,3
105472,3
105473,1
105474,3
105475,3
105476,3
105477,0
105478,3
105479,3
105480,0
105481,0
105482,0
105483,3
105484,3
105485,3
105486,3
105487,4
105488,3
105489,3
105490,3
105491,3
105492,3
105493,0
105494,3
105495,3
105496,2
105497,3
105498,3
105499,3
105500,3
105501,3
105502,2
105503,0
105504,2
105505,2
105506,0
105507,3
105508,3
105509,3
105510,3
105511,2
105512,3
105513,3
105514,2
105515,2
105516,4
105517,3
105518,3
105519,2
105520,2
105521,3
105522,3
105523,2
105524,3
105525,2
105526,0
105527,0
105528,0
105529,0
105530,0
105531,0
105532,0
105533,0
105534,0
105535,0
105536,0
105537,0
105538,0
105539,0
105540,0
105541,0
105542,0
105543,0
105544,0
105545,0
105546,0
105547,0
105548,0
105549,0
105550,0
105551,0
105552,2
105553,2
105554,2
105555,3
105556,2
105557,2
105558,3
105559,3
105560,2
105561,3
105562,2
105563,4
105564,2
105565,3
105566,3
105567,1
105568,2
105569,2
105570,0
105571,1
105572,1
105573,0
105574,3
105575,2
105576,3
105577,4
105578,2
105579,3
105580,3
105581,3
105582,2
105583,2
105584,3
105585,2
105586,2
105587,3
105588,0
105589,2
105590,2
105591,2
105592,2
105593,3
105594,2
105595,2
105596,2
105597,2
105598,3
105599,3
105600,2
105601,2
105602,2
105603,2
105604,2
105605,3
105606,3
105607,3
105608,0
105609,0
105610,0
105611,0
105612,0
105613,0
105614,2
105615,0
105616,3
105617,3
105618,3
105619,3
105620,2
105621,3
105622,3
105623,3
105624,3
105625,2
105626,0
105627,2
105628,0
105629,2
105630,3
105631,2
105632,3
105633,1
105634,2
105635,3
105636,1
105637,2
105638,3
105639,3
105640,3
105641,2
105642,0
105643,3
105644,3
105645,0
105646,2
105647,3
105648,3
105649,3
105650,0
105651,0
105652,0
105653,2
105654,3
105655,3
105656,4
105657,3
105658,0
105659,0
105660,2
105661,3
105662,3
105663,3
105664,0
105665,3
105666,3
105667,3
105668,3
105669,3
105670,3
105671,2
105672,3
105673,2
105674,1
105675,3
105676,3
105677,1
105678,3
105679,3
105680,3
105681,3
105682,3
105683,3
105684,3
105685,3
105686,3
105687,3
105688,3
105689,1
105690,3
105691,3
105692,3
105693,3
105694,1
105695,1
105696,1
105697,1
105698,3
105699,1
105700,3
105701,4
105702,3
105703,1
105704,1
105705,1
105706,1
105707,1
105708,1
105709,3
105710,0
105711,1
105712,1
105713,1
105714,1
105715,3
105716,1
105717,1
105718,4
105719,3
105720,3
105721,3
105722,3
105723,3
105724,3
105725,3
105726,3
105727,1
105728,3
105729,3
105730,3
105731,3
105732,3
105733,0
105734,3
105735,3
105736,3
105737,3
105738,3
105739,3
105740,3
105741,3
105742,2
105743,2
105744,3
105745,3
105746,3
105747,3
105748,3
105749,1
105750,1
105751,1
105752,1
105753,1
105754,1
105755,1
105756,0
105757,0
105758,0
105759,3
105760,3
105761,3
105762,3
105763,0
105764,3
105765,3
105766,3
105767,0
105768,0
105769,2
105770,3
105771,3
105772,3
105773,2
105774,3
105775,3
105776,4
105777,3
105778,1
105779,1
105780,1
105781,1
105782,0
105783,3
105784,3
105785,3
105786,3
105787,3
105788,3
105789,3
105790,3
105791,2
105792,3
105793,4
105794,3
105795,3
105796,3
105797,3
105798,1
105799,3
105800,3
105801,3
105802,0
105803,3
105804,3
105805,3
105806,0
105807,0
105808,3
105809,3
105810,3
105811,3
105812,2
105813,2
105814,2
105815,0
105816,2
105817,0
105818,2
105819,2
105820,2
105821,2
105822,0
105823,2
105824,2
105825,3
105826,0
105827,2
105828,3
105829,3
105830,2
105831,2
105832,0
105833,0
105834,0
105835,2
105836,0
105837,2
105838,0
105839,0
105840,2
105841,2
105842,0
105843,1
105844,3
105845,1
105846,0
105847,3
105848,3
105849,3
105850,1
105851,1
105852,1
105853,1
105854,2
105855,3
105856,3
105857,3
105858,2
105859,3
105860,3
105861,3
105862,3
105863,1
105864,2
105865,2
105866,2
105867,3
105868,2
105869,2
105870,3
105871,3
105872,2
105873,3
105874,2
105875,2
105876,2
105877,2
105878,2
105879,2
105880,2
105881,3
105882,3
105883,3
105884,3
105885,3
105886,1
105887,3
105888,0
105889,0
105890,0
105891,0
105892,0
105893,0
105894,0
105895,3
105896,2
105897,2
105898,2
105899,3
105900,0
105901,0
105902,0
105903,0
105904,0
105905,0
105906,0
105907,0
105908,0
105909,0
105910,0
105911,3
105912,0
105913,0
105914,0
105915,0
105916,2
105917,0
105918,0
105919,0
105920,3
105921,3
105922,3
105923,0
105924,0
105925,1
105926,1
105927,1
105928,1
105929,1
105930,1
105931,2
105932,1
105933,1
105934,3
105935,3
105936,0
105937,3
105938,0
105939,0
105940,0
105941,1
105942,3
105943,1
105944,1
105945,3
105946,1
105947,3
105948,1
105949,1
105950,3
105951,1
105952,1
105953,1
105954,1
105955,1
105956,1
105957,1
105958,1
105959,1
105960,1
105961,1
105962,1
105963,1
105964,1
105965,1
105966,1
105967,1
105968,1
105969,1
105970,1
105971,0
105972,0
105973,0
105974,3
105975,0
105976,0
105977,1
105978,3
105979,1
105980,3
105981,3
105982,0
105983,1
105984,0
105985,1
105986,1
105987,1
105988,3
105989,1
105990,1
105991,3
105992,1
105993,3
105994,3
105995,1
105996,1
105997,1
105998,1
105999,1
106000,3
106001,0
106002,0
106003,3
106004,0
106005,0
106006,1
106007,0
106008,0
106009,2
106010,0
106011,0
106012,0
106013,0
106014,0
106015,0
106016,3
106017,3
106018,3
106019,3
106020,3
106021,3
106022,3
106023,3
106024,3
106025,1
106026,1
106027,1
106028,3
106029,3
106030,3
106031,1
106032,0
106033,0
106034,3
106035,2
106036,0
106037,0
106038,0
106039,0
106040,2
106041,0
106042,0
106043,0
106044,0
106045,0
106046,0
106047,3
106048,3
106049,0
106050,0
106051,0
106052,2
106053,2
106054,0
106055,0
106056,0
106057,3
106058,3
106059,3
106060,3
106061,2
106062,3
106063,3
106064,0
106065,3
106066,0
106067,0
106068,3
106069,2
106070,0
106071,0
106072,3
106073,0
106074,3
106075,3
106076,3
106077,1
106078,0
106079,2
106080,3
106081,3
106082,3
106083,3
106084,3
106085,0
106086,1
106087,1
106088,3
106089,3
106090,3
106091,3
106092,2
106093,0
106094,1
106095,3
106096,3
106097,3
106098,3
106099,3
106100,1
106101,0
106102,0
106103,0
106104,0
106105,2
106106,2
106107,0
106108,0
106109,0
106110,3
106111,3
106112,2
106113,3
106114,2
106115,3
106116,3
106117,3
106118,2
106119,0
106120,1
106121,1
106122,3
106123,3
106124,3
106125,0
106126,0
106127,2
106128,0
106129,2
106130,0
106131,3
106132,1
106133,1
106134,0
106135,0
106136,0
106137,1
106138,3
106139,3
106140,3
106141,3
106142,3
106143,0
106144,3
106145,3
106146,0
106147,3
106148,3
106149,0
106150,3
106151,3
106152,0
106153,0
106154,0
106155,3
106156,0
106157,0
106158,3
106159,1
106160,3
106161,2
106162,0
106163,1
106164,2
106165,0
106166,2
106167,3
106168,3
106169,3
106170,0
106171,2
106172,1
106173,3
106174,1
106175,1
106176,2
106177,2
106178,3
106179,2
106180,2
106181,0
106182,1
106183,0
106184,2
106185,2
106186,2
106187,3
106188,3
106189,3
106190,3
106191,0
106192,3
106193,3
106194,3
106195,1
106196,3
106197,0
106198,1
106199,1
106200,3
106201,3
106202,0
106203,3
106204,3
106205,0
106206,3
106207,3
106208,1
106209,1
106210,3
106211,0
106212,3
106213,3
106214,3
106215,3
106216,3
106217,3
106218,0
106219,0
106220,3
106221,3
106222,3
106223,3
106224,3
106225,3
106226,3
106227,3
106228,3
106229,3
106230,3
106231,3
106232,3
106233,3
106234,3
106235,0
106236,1
106237,3
106238,3
106239,3
106240,3
106241,3
106242,1
106243,3
106244,0
106245,3
106246,3
106247,0
106248,0
106249,0
106250,3
106251,1
106252,3
106253,3
106254,3
106255,0
106256,0
106257,3
106258,2
106259,2
106260,2
106261,2
106262,0
106263,0
106264,2
106265,3
106266,0
106267,3
106268,0
106269,0
106270,0
106271,0
106272,2
106273,2
106274,3
106275,2
106276,2
106277,3
106278,0
106279,0
106280,2
106281,0
106282,0
106283,3
106284,3
106285,3
106286,3
106287,3
106288,2
106289,0
106290,0
106291,0
106292,3
106293,2
106294,0
106295,3
106296,3
106297,2
106298,3
106299,2
106300,0
106301,1
106302,0
106303,2
106304,3
106305,0
106306,2
106307,0
106308,2
106309,2
106310,3
106311,0
106312,3
106313,3
106314,2
106315,2
106316,2
106317,1
106318,0
106319,1
106320,2
106321,3
106322,1
106323,0
106324,3
106325,0
106326,0
106327,0
106328,0
106329,2
106330,0
106331,3
106332,1
106333,0
106334,0
106335,3
106336,2
106337,2
106338,3
106339,3
106340,2
106341,2
106342,2
106343,2
106344,2
106345,0
106346,0
106347,2
106348,2
106349,0
106350,0
106351,3
106352,3
106353,0
106354,2
106355,0
106356,0
106357,1
106358,3
106359,3
106360,3
106361,3
106362,3
106363,3
106364,3
106365,3
106366,2
106367,3
106368,3
106369,3
106370,3
106371,3
106372,3
106373,3
106374,3
106375,2
106376,2
106377,2
106378,3
106379,2
106380,3
106381,2
106382,2
106383,2
106384,3
106385,0
106386,0
106387,0
106388,3
106389,0
106390,0
106391,0
106392,3
106393,3
106394,0
106395,0
106396,0
106397,0
106398,2
106399,0
106400,3
106401,2
106402,2
106403,0
106404,0
106405,0
106406,0
106407,2
106408,0
106409,1
106410,0
106411,0
106412,2
106413,2
106414,2
106415,2
106416,2
106417,2
106418,2
106419,2
106420,0
106421,1
106422,2
106423,3
106424,0
106425,2
106426,0
106427,3
106428,2
106429,0
106430,2
106431,2
106432,2
106433,3
106434,1
106435,2
106436,1
106437,2
106438,0
106439,0
106440,3
106441,0
106442,0
106443,2
106444,2
106445,2
106446,1
106447,1
106448,2
106449,0
106450,1
106451,0
106452,2
106453,3
106454,2
106455,3
106456,3
106457,3
106458,2
106459,3
106460,2
106461,0
106462,3
106463,3
106464,3
106465,2
106466,3
106467,3
106468,2
106469,3
106470,3
106471,3
106472,1
106473,2
106474,1
106475,1
106476,1
106477,1
106478,0
106479,0
106480,2
106481,0
106482,3
106483,0
106484,0
106485,2
106486,3
106487,0
106488,3
106489,0
106490,3
106491,3
106492,0
106493,0
106494,1
106495,0
106496,0
106497,0
106498,0
106499,3
106500,3
106501,1
106502,0
106503,0
106504,3
106505,3
106506,3
106507,3
106508,1
106509,1
106510,2
106511,2
106512,3
106513,3
106514,3
106515,0
106516,0
106517,3
106518,3
106519,0
106520,0
106521,0
106522,0
106523,2
106524,0
106525,0
106526,0
106527,1
106528,3
106529,2
106530,0
106531,0
106532,2
106533,3
106534,1
106535,0
106536,1
106537,3
106538,1
106539,2
106540,3
106541,3
106542,3
106543,1
106544,3
106545,2
106546,1
106547,2
106548,2
106549,2
106550,0
106551,1
106552,0
106553,0
106554,0
106555,2
106556,0
106557,1
106558,3
106559,3
106560,3
106561,3
106562,3
106563,1
106564,3
106565,3
106566,2
106567,1
106568,1
106569,3
106570,3
106571,2
106572,1
106573,1
106574,3
106575,1
106576,3
106577,3
106578,3
106579,3
106580,3
106581,0
106582,3
106583,3
106584,0
106585,0
106586,0
106587,0
106588,0
106589,1
106590,2
106591,2
106592,0
106593,1
106594,0
106595,3
106596,1
106597,3
106598,2
106599,2
106600,2
106601,2
106602,3
106603,2
106604,3
106605,2
106606,2
106607,2
106608,1
106609,0
106610,3
106611,0
106612,2
106613,1
106614,3
106615,0
106616,2
106617,3
106618,1
106619,1
106620,0
106621,0
106622,3
106623,1
106624,0
106625,2
106626,1
106627,3
106628,1
106629,2
106630,1
106631,1
106632,1
106633,3
106634,3
106635,2
106636,1
106637,2
106638,2
106639,2
106640,2
106641,2
106642,1
106643,2
106644,2
106645,2
106646,2
106647,1
106648,3
106649,1
106650,3
106651,3
106652,3
106653,3
106654,3
106655,0
106656,0
106657,2
106658,0
106659,1
106660,3
106661,2
106662,2
106663,0
106664,0
106665,0
106666,2
106667,2
106668,2
106669,3
106670,3
106671,2
106672,2
106673,0
106674,0
106675,1
106676,3
106677,1
106678,3
106679,0
106680,3
106681,3
106682,3
106683,3
106684,3
106685,1
106686,1
106687,1
106688,1
106689,1
106690,1
106691,3
106692,3
106693,3
106694,2
106695,1
106696,3
106697,3
106698,3
106699,3
106700,1
106701,3
106702,3
106703,3
106704,3
106705,3
106706,3
106707,3
106708,3
106709,3
106710,3
106711,2
106712,3
106713,0
106714,3
106715,0
106716,0
106717,2
106718,0
106719,3
106720,3
106721,0
106722,3
106723,3
106724,2
106725,3
106726,3
106727,2
106728,3
106729,1
106730,2
106731,1
106732,1
106733,1
106734,0
106735,1
106736,1
106737,3
106738,1
106739,1
106740,1
106741,2
106742,3
106743,3
106744,2
106745,3
106746,2
106747,0
106748,1
106749,1
106750,3
106751,3
106752,0
106753,3
106754,3
106755,3
106756,3
106757,0
106758,0
106759,1
106760,1
106761,0
106762,0
106763,0
106764,2
106765,2
106766,0
106767,0
106768,0
106769,0
106770,2
106771,0
106772,0
106773,2
106774,2
106775,3
106776,0
106777,0
106778,1
106779,3
106780,3
106781,0
106782,3
106783,0
106784,3
106785,1
106786,0
106787,3
106788,1
106789,1
106790,2
106791,2
106792,2
106793,0
106794,0
106795,0
106796,0
106797,2
106798,2
106799,0
106800,2
106801,3
106802,3
106803,1
106804,3
106805,0
106806,0
106807,3
106808,3
106809,3
106810,1
106811,3
106812,3
106813,3
106814,1
106815,0
106816,0
106817,2
106818,2
106819,2
106820,0
106821,2
106822,0
106823,0
106824,0
106825,0
106826,0
106827,0
106828,0
106829,0
106830,0
106831,3
106832,3
106833,3
106834,3
106835,1
106836,1
106837,1
106838,3
106839,3
106840,3
106841,0
106842,1
106843,0
106844,0
106845,0
106846,2
106847,2
106848,0
106849,2
106850,2
106851,2
106852,2
106853,0
106854,0
106855,2
106856,2
106857,0
106858,1
106859,1
106860,2
106861,2
106862,2
106863,3
106864,0
106865,3
106866,0
106867,2
106868,1
106869,3
106870,3
106871,0
106872,2
106873,0
106874,3
106875,2
106876,3
106877,3
106878,3
106879,0
106880,0
106881,2
106882,0
106883,2
106884,2
106885,0
106886,3
106887,0
106888,2
106889,0
106890,2
106891,2
106892,3
106893,2
106894,2
106895,2
106896,3
106897,2
106898,3
106899,3
106900,3
106901,1
106902,1
106903,3
106904,2
106905,2
106906,0
106907,2
106908,0
106909,0
106910,0
106911,3
106912,4
106913,2
106914,2
106915,0
106916,2
106917,2
106918,0
106919,0
106920,0
106921,2
106922,0
106923,2
106924,2
106925,2
106926,0
106927,0
106928,0
106929,3
106930,4
106931,0
106932,0
106933,2
106934,0
106935,2
106936,2
106937,0
106938,0
106939,0
106940,2
106941,0
106942,3
106943,3
106944,0
106945,0
106946,0
106947,0
106948,0
106949,2
106950,0
106951,2
106952,3
106953,2
106954,0
106955,3
106956,0
106957,1
106958,1
106959,0
106960,3
106961,1
106962,3
106963,0
106964,1
106965,0
106966,2
106967,2
106968,3
106969,3
106970,3
106971,0
106972,0
106973,3
106974,3
106975,3
106976,3
106977,1
106978,1
106979,3
106980,2
106981,2
106982,2
106983,2
106984,1
106985,1
106986,0
106987,0
106988,0
106989,0
106990,2
106991,0
106992,2
106993,2
106994,2
106995,2
106996,0
106997,0
106998,3
106999,3
107000,3
107001,2
107002,1
107003,1
107004,0
107005,3
107006,0
107007,1
107008,1
107009,1
107010,3
107011,3
107012,3
107013,3
107014,3
107015,3
107016,3
107017,3
107018,3
107019,0
107020,3
107021,3
107022,1
107023,1
107024,1
107025,2
107026,2
107027,2
107028,2
107029,2
107030,2
107031,2
107032,2
107033,0
107034,2
107035,2
107036,0
107037,1
107038,2
107039,0
107040,0
107041,3
107042,2
107043,0
107044,1
107045,2
107046,3
107047,0
107048,1
107049,1
107050,3
107051,3
107052,0
107053,1
107054,0
107055,0
107056,0
107057,2
107058,2
107059,1
107060,2
107061,3
107062,2
107063,1
107064,1
107065,3
107066,1
107067,1
107068,2
107069,2
107070,2
107071,3
107072,0
107073,0
107074,1
107075,1
107076,0
107077,0
107078,0
107079,1
107080,1
107081,1
107082,3
107083,3
107084,1
107085,1
107086,2
107087,0
107088,2
107089,3
107090,1
107091,1
107092,2
107093,1
107094,1
107095,0
107096,2
107097,0
107098,0
107099,2
107100,0
107101,0
107102,2
107103,2
107104,2
107105,0
107106,0
107107,2
107108,2
107109,2
107110,2
107111,2
107112,0
107113,3
107114,3
107115,3
107116,2
107117,3
107118,2
107119,3
107120,3
107121,3
107122,3
107123,2
107124,2
107125,2
107126,2
107127,2
107128,2
107129,2
107130,3
107131,3
107132,3
107133,3
107134,3
107135,2
107136,2
107137,2
107138,2
107139,3
107140,2
107141,2
107142,2
107143,2
107144,2
107145,2
107146,2
107147,3
107148,3
107149,2
107150,3
107151,3
107152,3
107153,3
107154,3
107155,2
107156,2
107157,2
107158,2
107159,2
107160,3
107161,3
107162,3
107163,3
107164,3
107165,3
107166,3
107167,2
107168,2
107169,3
107170,3
107171,3
107172,2
107173,2
107174,3
107175,3
107176,3
107177,3
107178,3
107179,3
107180,3
107181,3
107182,2
107183,3
107184,2
107185,2
107186,2
107187,2
107188,3
107189,3
107190,3
107191,3
107192,3
107193,3
107194,3
107195,3
107196,2
107197,3
107198,3
107199,3
107200,3
107201,3
107202,3
107203,3
107204,3
107205,3
107206,3
107207,3
107208,3
107209,2
107210,3
107211,2
107212,3
107213,3
107214,3
107215,2
107216,3
107217,3
107218,3
107219,3
107220,3
107221,3
107222,3
107223,2
107224,3
107225,3
107226,3
107227,3
107228,3
107229,3
107230,3
107231,3
107232,3
107233,3
107234,3
107235,3
107236,2
107237,2
107238,2
107239,2
107240,3
107241,3
107242,3
107243,3
107244,3
107245,3
107246,3
107247,3
107248,3
107249,2
107250,3
107251,2
107252,3
107253,2
107254,3
107255,2
107256,3
107257,3
107258,3
107259,3
107260,3
107261,3
107262,2
107263,3
107264,3
107265,3
107266,2
107267,3
107268,3
107269,3
107270,3
107271,3
107272,3
107273,3
107274,3
107275,3
107276,3
107277,3
107278,3
107279,2
107280,3
107281,3
107282,3
107283,2
107284,3
107285,3
107286,3
107287,3
107288,2
107289,2
107290,3
107291,3
107292,3
107293,3
107294,3
107295,3
107296,3
107297,3
107298,3
107299,3
107300,3
107301,3
107302,3
107303,3
107304,3
107305,3
107306,3
107307,2
107308,2
107309,2
107310,2
107311,3
107312,3
107313,3
107314,2
107315,2
107316,2
107317,3
107318,3
107319,2
107320,2
107321,2
107322,3
107323,3
107324,3
107325,2
107326,2
107327,3
107328,3
107329,3
107330,3
107331,2
107332,2
107333,3
107334,2
107335,2
107336,3
107337,3
107338,3
107339,3
107340,3
107341,3
107342,3
107343,3
107344,2
107345,2
107346,2
107347,3
107348,3
107349,2
107350,3
107351,2
107352,2
107353,2
107354,2
107355,2
107356,3
107357,3
107358,2
107359,2
107360,3
107361,3
107362,2
107363,2
107364,3
107365,2
107366,2
107367,2
107368,2
107369,2
107370,2
107371,0
107372,3
107373,2
107374,2
107375,2
107376,2
107377,2
107378,3
107379,3
107380,3
107381,3
107382,3
107383,2
107384,2
107385,2
107386,2
107387,2
107388,2
107389,2
107390,2
107391,3
107392,2
107393,3
107394,3
107395,2
107396,3
107397,3
107398,3
107399,2
107400,3
107401,2
107402,3
107403,2
107404,3
107405,3
107406,2
107407,2
107408,3
107409,3
107410,3
107411,3
107412,2
107413,3
107414,2
107415,3
107416,2
107417,3
107418,3
107419,2
107420,3
107421,3
107422,3
107423,2
107424,2
107425,2
107426,3
107427,2
107428,2
107429,2
107430,2
107431,2
107432,3
107433,3
107434,3
107435,3
107436,3
107437,2
107438,3
107439,3
107440,3
107441,3
107442,3
107443,3
107444,2
107445,3
107446,2
107447,2
107448,2
107449,3
107450,3
107451,3
107452,3
107453,3
107454,3
107455,2
107456,3
107457,3
107458,3
107459,3
107460,3
107461,3
107462,3
107463,3
107464,3
107465,3
107466,3
107467,3
107468,3
107469,2
107470,2
107471,3
107472,2
107473,1
107474,3
107475,3
107476,3
107477,3
107478,3
107479,3
107480,2
107481,3
107482,2
107483,3
107484,3
107485,3
107486,3
107487,3
107488,3
107489,3
107490,3
107491,3
107492,3
107493,3
107494,3
107495,3
107496,3
107497,3
107498,3
107499,3
107500,3
107501,3
107502,2
107503,3
107504,2
107505,3
107506,2
107507,3
107508,3
107509,3
107510,3
107511,3
107512,3
107513,3
107514,3
107515,2
107516,2
107517,3
107518,3
107519,3
107520,3
107521,3
107522,2
107523,2
107524,2
107525,2
107526,2
107527,2
107528,3
107529,2
107530,2
107531,3
107532,2
107533,3
107534,3
107535,2
107536,2
107537,3
107538,3
107539,2
107540,2
107541,2
107542,3
107543,3
107544,3
107545,3
107546,2
107547,3
107548,3
107549,3
107550,2
107551,3
107552,2
107553,3
107554,3
107555,2
107556,3
107557,3
107558,3
107559,3
107560,2
107561,3
107562,3
107563,3
107564,2
107565,3
107566,3
107567,3
107568,2
107569,3
107570,3
107571,2
107572,2
107573,2
107574,3
107575,3
107576,3
107577,2
107578,2
107579,2
107580,2
107581,2
107582,3
107583,3
107584,3
107585,3
107586,2
107587,2
107588,3
107589,3
107590,1
107591,3
107592,3
107593,3
107594,3
107595,3
107596,2
107597,3
107598,3
107599,3
107600,2
107601,3
107602,3
107603,2
107604,2
107605,3
107606,3
107607,2
107608,3
107609,3
107610,3
107611,3
107612,2
107613,2
107614,2
107615,3
107616,2
107617,2
107618,3
107619,3
107620,3
107621,2
107622,3
107623,3
107624,3
107625,2
107626,2
107627,3
107628,3
107629,2
107630,3
107631,3
107632,2
107633,3
107634,3
107635,3
107636,3
107637,3
107638,3
107639,3
107640,3
107641,3
107642,3
107643,3
107644,3
107645,3
107646,3
107647,3
107648,3
107649,3
107650,3
107651,2
107652,2
107653,2
107654,2
107655,3
107656,3
107657,3
107658,3
107659,2
107660,3
107661,3
107662,3
107663,3
107664,1
107665,1
107666,1
107667,3
107668,3
107669,1
107670,3
107671,3
107672,2
107673,3
107674,2
107675,1
107676,3
107677,3
107678,3
107679,3
107680,3
107681,2
107682,3
107683,3
107684,3
107685,3
107686,2
107687,3
107688,3
107689,3
107690,3
107691,2
107692,2
107693,2
107694,3
107695,3
107696,2
107697,2
107698,2
107699,2
107700,2
107701,2
107702,2
107703,2
107704,2
107705,2
107706,2
107707,2
107708,2
107709,2
107710,2
107711,2
107712,2
107713,2
107714,2
107715,3
107716,2
107717,2
107718,2
107719,2
107720,0
107721,2
107722,2
107723,2
107724,2
107725,2
107726,2
107727,2
107728,2
107729,2
107730,2
107731,2
107732,2
107733,2
107734,2
107735,2
107736,2
107737,2
107738,2
107739,2
107740,2
107741,2
107742,2
107743,2
107744,2
107745,2
107746,2
107747,2
107748,2
107749,2
107750,2
107751,2
107752,2
107753,2
107754,2
107755,2
107756,2
107757,2
107758,3
107759,2
107760,2
107761,2
107762,2
107763,2
107764,2
107765,2
107766,2
107767,2
107768,2
107769,2
107770,2
107771,2
107772,2
107773,2
107774,2
107775,2
107776,2
107777,2
107778,2
107779,2
107780,2
107781,2
107782,2
107783,2
107784,0
107785,2
107786,2
107787,2
107788,2
107789,2
107790,0
107791,2
107792,2
107793,2
107794,2
107795,2
107796,2
107797,2
107798,2
107799,3
107800,3
107801,2
107802,2
107803,3
107804,2
107805,2
107806,2
107807,0
107808,2
107809,2
107810,2
107811,2
107812,2
107813,2
107814,2
107815,2
107816,2
107817,2
107818,2
107819,2
107820,2
107821,3
107822,2
107823,3
107824,0
107825,3
107826,2
107827,3
107828,0
107829,2
107830,3
107831,2
107832,2
107833,2
107834,3
107835,2
107836,3
107837,2
107838,2
107839,2
107840,2
107841,2
107842,2
107843,2
107844,2
107845,2
107846,2
107847,2
107848,2
107849,2
107850,2
107851,2
107852,2
107853,2
107854,2
107855,2
107856,2
107857,2
107858,2
107859,3
107860,2
107861,2
107862,2
107863,2
107864,2
107865,2
107866,2
107867,2
107868,2
107869,2
107870,3
107871,2
107872,2
107873,2
107874,2
107875,2
107876,2
107877,2
107878,3
107879,2
107880,2
107881,2
107882,0
107883,3
107884,2
107885,3
107886,3
107887,0
107888,1
107889,3
107890,3
107891,2
107892,2
107893,3
107894,4
107895,3
107896,3
107897,0
107898,2
107899,3
107900,4
107901,3
107902,3
107903,3
107904,0
107905,3
107906,2
107907,3
107908,3
107909,3
107910,3
107911,3
107912,3
107913,4
107914,3
107915,3
107916,3
107917,2
107918,3
107919,2
107920,2
107921,2
107922,2
107923,2
107924,2
107925,2
107926,2
107927,2
107928,2
107929,2
107930,2
107931,0
107932,2
107933,2
107934,2
107935,0
107936,2
107937,2
107938,2
107939,3
107940,2
107941,2
107942,2
107943,2
107944,2
107945,2
107946,0
107947,2
107948,2
107949,3
107950,2
107951,2
107952,2
107953,2
107954,2
107955,2
107956,2
107957,0
107958,2
107959,2
107960,2
107961,2
107962,2
107963,2
107964,2
107965,2
107966,2
107967,2
107968,2
107969,2
107970,2
107971,2
107972,2
107973,2
107974,2
107975,2
107976,2
107977,0
107978,2
107979,3
107980,2
107981,3
107982,2
107983,3
107984,2
107985,2
107986,2
107987,2
107988,4
107989,2
107990,2
107991,3
107992,1
107993,3
107994,1
107995,0
107996,0
107997,2
107998,2
107999,2
108000,2
108001,2
108002,2
108003,3
108004,2
108005,2
108006,2
108007,2
108008,3
108009,2
108010,2
108011,2
108012,3
108013,2
108014,2
108015,2
108016,2
108017,3
108018,2
108019,2
108020,2
108021,2
108022,2
108023,2
108024,2
108025,2
108026,2
108027,2
108028,2
108029,2
108030,2
108031,3
108032,2
108033,2
108034,2
108035,2
108036,3
108037,3
108038,2
108039,2
108040,2
108041,2
108042,2
108043,2
108044,2
108045,2
108046,2
108047,2
108048,2
108049,2
108050,2
108051,2
108052,2
108053,2
108054,2
108055,2
108056,2
108057,2
108058,2
108059,2
108060,2
108061,2
108062,2
108063,2
108064,3
108065,2
108066,2
108067,1
108068,3
108069,2
108070,2
108071,2
108072,2
108073,2
108074,2
108075,2
108076,3
108077,2
108078,3
108079,2
108080,3
108081,0
108082,2
108083,0
108084,0
108085,0
108086,1
108087,2
108088,0
108089,0
108090,1
108091,2
108092,2
108093,0
108094,3
108095,2
108096,2
108097,2
108098,2
108099,2
108100,2
108101,3
108102,2
108103,0
108104,2
108105,2
108106,2
108107,2
108108,2
108109,2
108110,1
108111,3
108112,3
108113,2
108114,2
108115,3
108116,2
108117,2
108118,3
108119,0
108120,2
108121,3
108122,3
108123,0
108124,2
108125,3
108126,3
108127,2
108128,3
108129,2
108130,2
108131,3
108132,3
108133,2
108134,2
108135,2
108136,2
108137,2
108138,2
108139,2
108140,2
108141,2
108142,2
108143,2
108144,3
108145,2
108146,2
108147,3
108148,2
108149,2
108150,2
108151,2
108152,2
108153,2
108154,2
108155,2
108156,2
108157,2
108158,2
108159,2
108160,2
108161,2
108162,2
108163,3
108164,1
108165,3
108166,3
108167,2
108168,2
108169,1
108170,2
108171,2
108172,2
108173,2
108174,2
108175,2
108176,2
108177,2
108178,2
108179,2
108180,2
108181,2
108182,3
108183,2
108184,2
108185,2
108186,3
108187,2
108188,2
108189,2
108190,2
108191,2
108192,2
108193,2
108194,2
108195,2
108196,2
108197,2
108198,2
108199,2
108200,2
108201,2
108202,2
108203,2
108204,2
108205,2
108206,2
108207,2
108208,2
108209,2
108210,2
108211,2
108212,3
108213,2
108214,2
108215,2
108216,2
108217,2
108218,3
108219,2
108220,2
108221,2
108222,2
108223,2
108224,2
108225,2
108226,2
108227,2
108228,2
108229,2
108230,2
108231,2
108232,2
108233,2
108234,2
108235,2
108236,2
108237,2
108238,2
108239,3
108240,2
108241,2
108242,2
108243,2
108244,2
108245,2
108246,2
108247,2
108248,2
108249,2
108250,2
108251,2
108252,2
108253,2
108254,2
108255,2
108256,2
108257,2
108258,0
108259,2
108260,2
108261,2
108262,2
108263,3
108264,2
108265,2
108266,2
108267,2
108268,2
108269,2
108270,2
108271,3
108272,3
108273,0
108274,2
108275,2
108276,2
108277,2
108278,2
108279,2
108280,2
108281,2
108282,2
108283,2
108284,2
108285,2
108286,2
108287,2
108288,2
108289,2
108290,3
108291,2
108292,2
108293,2
108294,2
108295,2
108296,2
108297,2
108298,2
108299,2
108300,2
108301,3
108302,2
108303,3
108304,2
108305,2
108306,2
108307,3
108308,3
108309,2
108310,2
108311,2
108312,2
108313,2
108314,2
108315,2
108316,2
108317,2
108318,2
108319,2
108320,2
108321,3
108322,3
108323,2
108324,3
108325,2
108326,2
108327,2
108328,3
108329,2
108330,2
108331,2
108332,0
108333,2
108334,2
108335,2
108336,2
108337,1
108338,2
108339,2
108340,2
108341,2
108342,2
108343,2
108344,2
108345,2
108346,2
108347,2
108348,2
108349,2
108350,2
108351,2
108352,2
108353,2
108354,2
108355,2
108356,0
108357,2
108358,2
108359,2
108360,2
108361,2
108362,2
108363,2
108364,2
108365,2
108366,2
108367,2
108368,2
108369,2
108370,0
108371,2
108372,2
108373,0
108374,2
108375,2
108376,2
108377,2
108378,2
108379,2
108380,2
108381,2
108382,2
108383,2
108384,2
108385,2
108386,2
108387,2
108388,2
108389,2
108390,0
108391,2
108392,2
108393,2
108394,2
108395,2
108396,2
108397,2
108398,2
108399,2
108400,2
108401,2
108402,1
108403,3
108404,2
108405,2
108406,2
108407,3
108408,0
108409,2
108410,2
108411,2
108412,2
108413,2
108414,2
108415,2
108416,0
108417,2
108418,2
108419,2
108420,2
108421,2
108422,2
108423,2
108424,2
108425,2
108426,2
108427,2
108428,3
108429,0
108430,2
108431,2
108432,2
108433,2
108434,2
108435,2
108436,2
108437,2
108438,2
108439,2
108440,2
108441,2
108442,3
108443,2
108444,2
108445,3
108446,2
108447,2
108448,2
108449,2
108450,2
108451,2
108452,2
108453,2
108454,2
108455,2
108456,2
108457,2
108458,0
108459,0
108460,2
108461,2
108462,2
108463,2
108464,1
108465,2
108466,2
108467,2
108468,2
108469,2
108470,2
108471,2
108472,2
108473,2
108474,2
108475,2
108476,2
108477,2
108478,2
108479,2
108480,2
108481,2
108482,2
108483,2
108484,2
108485,2
108486,2
108487,2
108488,2
108489,2
108490,2
108491,2
108492,2
108493,2
108494,2
108495,2
108496,2
108497,2
108498,2
108499,2
108500,2
108501,0
108502,2
108503,2
108504,2
108505,0
108506,2
108507,2
108508,2
108509,2
108510,2
108511,2
108512,2
108513,2
108514,2
108515,2
108516,2
108517,2
108518,2
108519,2
108520,2
108521,2
108522,2
108523,2
108524,2
108525,2
108526,2
108527,2
108528,2
108529,2
108530,2
108531,2
108532,2
108533,2
108534,2
108535,2
108536,2
108537,2
108538,2
108539,2
108540,2
108541,2
108542,2
108543,2
108544,2
108545,2
108546,2
108547,2
108548,2
108549,2
108550,2
108551,2
108552,2
108553,2
108554,2
108555,2
108556,2
108557,2
108558,2
108559,2
108560,2
108561,2
108562,2
108563,2
108564,2
108565,2
108566,2
108567,2
108568,2
108569,2
108570,2
108571,2
108572,2
108573,2
108574,2
108575,2
108576,2
108577,2
108578,2
108579,2
108580,0
108581,2
108582,2
108583,2
108584,2
108585,2
108586,2
108587,2
108588,2
108589,2
108590,2
108591,2
108592,3
108593,2
108594,2
108595,2
108596,2
108597,2
108598,2
108599,2
108600,2
108601,2
108602,2
108603,2
108604,2
108605,2
108606,2
108607,2
108608,2
108609,2
108610,2
108611,2
108612,2
108613,2
108614,2
108615,2
108616,2
108617,2
108618,3
108619,3
108620,2
108621,2
108622,2
108623,2
108624,0
108625,2
108626,2
108627,2
108628,2
108629,2
108630,1
108631,1
108632,2
108633,2
108634,2
108635,2
108636,2
108637,2
108638,2
108639,2
108640,2
108641,0
108642,0
108643,2
108644,2
108645,0
108646,2
108647,3
108648,2
108649,2
108650,0
108651,0
108652,2
108653,1
108654,2
108655,2
108656,2
108657,2
108658,0
108659,2
108660,2
108661,2
108662,2
108663,3
108664,0
108665,3
108666,2
108667,0
108668,0
108669,0
108670,0
108671,1
108672,2
108673,2
108674,2
108675,3
108676,2
108677,2
108678,2
108679,2
108680,2
108681,2
108682,2
108683,2
108684,2
108685,2
108686,2
108687,2
108688,2
108689,2
108690,2
108691,2
108692,2
108693,3
108694,3
108695,3
108696,3
108697,3
108698,3
108699,3
108700,3
108701,3
108702,1
108703,1
108704,3
108705,3
108706,3
108707,3
108708,3
108709,0
108710,3
108711,0
108712,0
108713,2
108714,3
108715,3
108716,3
108717,3
108718,3
108719,3
108720,3
108721,3
108722,3
108723,1
108724,1
108725,3
108726,2
108727,3
108728,3
108729,3
108730,3
108731,3
108732,1
108733,2
108734,2
108735,3
108736,3
108737,3
108738,3
108739,3
108740,3
108741,3
108742,1
108743,1
108744,3
108745,3
108746,3
108747,3
108748,3
108749,3
108750,3
108751,3
108752,3
108753,3
108754,3
108755,3
108756,3
108757,3
108758,3
108759,3
108760,3
108761,0
108762,3
108763,3
108764,3
108765,3
108766,3
108767,3
108768,3
108769,3
108770,3
108771,3
108772,1
108773,3
108774,3
108775,3
108776,3
108777,3
108778,1
108779,3
108780,3
108781,0
108782,3
108783,3
108784,2
108785,3
108786,3
108787,3
108788,2
108789,1
108790,3
108791,3
108792,3
108793,3
108794,3
108795,3
108796,2
108797,3
108798,3
108799,3
108800,3
108801,3
108802,3
108803,2
108804,2
108805,3
108806,3
108807,3
108808,3
108809,2
108810,3
108811,3
108812,3
108813,3
108814,2
108815,3
108816,0
108817,0
108818,3
108819,0
108820,0
108821,0
108822,0
108823,0
108824,0
108825,0
108826,0
108827,0
108828,0
108829,0
108830,0
108831,0
108832,0
108833,0
108834,0
108835,0
108836,0
108837,0
108838,3
108839,0
108840,0
108841,0
108842,3
108843,0
108844,0
108845,0
108846,0
108847,0
108848,0
108849,0
108850,0
108851,1
108852,0
108853,0
108854,3
108855,0
108856,0
108857,0
108858,0
108859,3
108860,3
108861,3
108862,3
108863,0
108864,0
108865,2
108866,0
108867,0
108868,0
108869,0
108870,3
108871,0
108872,0
108873,0
108874,3
108875,3
108876,3
108877,3
108878,3
108879,3
108880,3
108881,3
108882,3
108883,2
108884,3
108885,3
108886,3
108887,3
108888,3
108889,3
108890,3
108891,3
108892,3
108893,3
108894,3
108895,3
108896,0
108897,3
108898,2
108899,3
108900,2
108901,1
108902,3
108903,3
108904,2
108905,3
108906,3
108907,3
108908,3
108909,3
108910,3
108911,3
108912,3
108913,3
108914,3
108915,1
108916,3
108917,3
108918,3
108919,3
108920,3
108921,3
108922,3
108923,3
108924,3
108925,3
108926,1
108927,3
108928,3
108929,3
108930,3
108931,3
108932,1
108933,3
108934,3
108935,3
108936,3
108937,2
108938,3
108939,3
108940,3
108941,1
108942,3
108943,3
108944,3
108945,3
108946,3
108947,3
108948,3
108949,3
108950,3
108951,3
108952,0
108953,0
108954,0
108955,0
108956,0
108957,0
108958,0
108959,0
108960,0
108961,0
108962,0
108963,0
108964,0
108965,0
108966,0
108967,0
108968,1
108969,0
108970,0
108971,0
108972,0
108973,0
108974,0
108975,0
108976,0
108977,0
108978,0
108979,1
108980,1
108981,0
108982,0
108983,0
108984,0
108985,3
108986,0
108987,3
108988,3
108989,1
108990,3
108991,2
108992,3
108993,3
108994,3
108995,3
108996,2
108997,2
108998,2
108999,1
109000,1
109001,3
109002,3
109003,3
109004,3
109005,0
109006,0
109007,1
109008,1
109009,1
109010,1
109011,1
109012,1
109013,1
109014,1
109015,3
109016,3
109017,0
109018,0
109019,0
109020,0
109021,0
109022,0
109023,2
109024,0
109025,0
109026,0
109027,0
109028,0
109029,0
109030,0
109031,1
109032,3
109033,1
109034,0
109035,0
109036,0
109037,0
109038,1
109039,2
109040,0
109041,3
109042,3
109043,3
109044,3
109045,0
109046,1
109047,1
109048,1
109049,1
109050,1
109051,1
109052,1
109053,1
109054,1
109055,1
109056,1
109057,1
109058,1
109059,1
109060,1
109061,1
109062,1
109063,1
109064,1
109065,1
109066,1
109067,1
109068,1
109069,3
109070,3
109071,3
109072,3
109073,3
109074,1
109075,3
109076,3
109077,0
109078,1
109079,1
109080,0
109081,3
109082,3
109083,3
109084,0
109085,1
109086,0
109087,3
109088,2
109089,3
109090,3
109091,3
109092,2
109093,2
109094,0
109095,2
109096,0
109097,3
109098,2
109099,0
109100,0
109101,2
109102,2
109103,3
109104,3
109105,3
109106,3
109107,3
109108,3
109109,3
109110,3
109111,3
109112,3
109113,3
109114,3
109115,3
109116,3
109117,3
109118,1
109119,3
109120,3
109121,3
109122,0
109123,3
109124,3
109125,3
109126,3
109127,3
109128,3
109129,3
109130,3
109131,3
109132,3
109133,3
109134,1
109135,3
109136,3
109137,3
109138,3
109139,0
109140,3
109141,0
109142,1
109143,0
109144,1
109145,3
109146,0
109147,3
109148,0
109149,2
109150,0
109151,1
109152,1
109153,3
109154,3
109155,0
109156,0
109157,0
109158,2
109159,3
109160,3
109161,0
109162,0
109163,1
109164,3
109165,0
109166,0
109167,0
109168,0
109169,0
109170,0
109171,3
109172,0
109173,0
109174,0
109175,0
109176,0
109177,0
109178,0
109179,0
109180,0
109181,0
109182,0
109183,0
109184,0
109185,0
109186,2
109187,0
109188,0
109189,2
109190,0
109191,0
109192,1
109193,1
109194,1
109195,1
109196,1
109197,1
109198,1
109199,1
109200,1
109201,1
109202,3
109203,0
109204,0
109205,1
109206,2
109207,2
109208,2
109209,3
109210,2
109211,3
109212,3
109213,3
109214,3
109215,3
109216,2
109217,0
109218,1
109219,2
109220,0
109221,3
109222,3
109223,0
109224,2
109225,3
109226,0
109227,0
109228,3
109229,0
109230,1
109231,0
109232,1
109233,2
109234,1
109235,1
109236,3
109237,0
109238,0
109239,3
109240,3
109241,2
109242,3
109243,3
109244,3
109245,3
109246,3
109247,1
109248,3
109249,3
109250,3
109251,3
109252,3
109253,3
109254,0
109255,0
109256,3
109257,3
109258,3
109259,3
109260,3
109261,3
109262,0
109263,3
109264,3
109265,0
109266,3
109267,3
109268,3
109269,3
109270,3
109271,3
109272,3
109273,1
109274,3
109275,3
109276,3
109277,0
109278,2
109279,0
109280,3
109281,3
109282,3
109283,3
109284,0
109285,0
109286,3
109287,3
109288,3
109289,3
109290,3
109291,1
109292,3
109293,3
109294,3
109295,3
109296,3
109297,3
109298,3
109299,3
109300,0
109301,3
109302,3
109303,3
109304,3
109305,3
109306,3
109307,3
109308,3
109309,0
109310,3
109311,3
109312,3
109313,3
109314,3
109315,3
109316,3
109317,3
109318,3
109319,3
109320,1
109321,0
109322,3
109323,3
109324,3
109325,3
109326,0
109327,3
109328,3
109329,3
109330,3
109331,3
109332,3
109333,3
109334,1
109335,3
109336,1
109337,3
109338,1
109339,3
109340,1
109341,3
109342,3
109343,3
109344,1
109345,2
109346,3
109347,3
109348,3
109349,1
109350,3
109351,3
109352,3
109353,3
109354,3
109355,3
109356,3
109357,3
109358,3
109359,3
109360,3
109361,3
109362,3
109363,0
109364,3
109365,0
109366,0
109367,3
109368,3
109369,3
109370,3
109371,3
109372,3
109373,3
109374,3
109375,3
109376,1
109377,3
109378,3
109379,3
109380,3
109381,3
109382,0
109383,3
109384,3
109385,3
109386,3
109387,0
109388,3
109389,3
109390,3
109391,3
109392,3
109393,3
109394,3
109395,3
109396,3
109397,3
109398,3
109399,1
109400,3
109401,3
109402,3
109403,3
109404,3
109405,3
109406,3
109407,3
109408,3
109409,3
109410,3
109411,1
109412,3
109413,1
109414,3
109415,3
109416,3
109417,3
109418,3
109419,3
109420,3
109421,3
109422,3
109423,3
109424,3
109425,1
109426,3
109427,3
109428,3
109429,1
109430,1
109431,1
109432,3
109433,3
109434,3
109435,3
109436,3
109437,3
109438,3
109439,3
109440,3
109441,1
109442,3
109443,3
109444,0
109445,3
109446,3
109447,3
109448,3
109449,3
109450,3
109451,3
109452,3
109453,3
109454,3
109455,3
109456,3
109457,3
109458,3
109459,3
109460,3
109461,3
109462,3
109463,3
109464,3
109465,3
109466,3
109467,3
109468,3
109469,3
109470,3
109471,3
109472,3
109473,3
109474,3
109475,3
109476,3
109477,3
109478,3
109479,0
109480,3
109481,3
109482,3
109483,3
109484,3
109485,3
109486,1
109487,3
109488,3
109489,3
109490,3
109491,1
109492,1
109493,3
109494,3
109495,3
109496,3
109497,3
109498,3
109499,3
109500,3
109501,3
109502,3
109503,3
109504,3
109505,3
109506,3
109507,3
109508,3
109509,3
109510,3
109511,3
109512,3
109513,3
109514,3
109515,3
109516,3
109517,3
109518,3
109519,3
109520,0
109521,3
109522,0
109523,3
109524,3
109525,3
109526,3
109527,0
109528,3
109529,3
109530,1
109531,3
109532,3
109533,3
109534,3
109535,3
109536,3
109537,3
109538,1
109539,0
109540,1
109541,1
109542,1
109543,1
109544,1
109545,1
109546,1
109547,1
109548,1
109549,1
109550,3
109551,1
109552,1
109553,1
109554,1
109555,1
109556,1
109557,1
109558,1
109559,1
109560,1
109561,1
109562,1
109563,1
109564,1
109565,1
109566,3
109567,0
109568,3
109569,3
109570,1
109571,1
109572,1
109573,1
109574,1
109575,0
109576,0
109577,3
109578,3
109579,1
109580,3
109581,3
109582,0
109583,1
109584,3
109585,0
109586,3
109587,3
109588,3
109589,3
109590,3
109591,0
109592,1
109593,3
109594,0
109595,0
109596,3
109597,1
109598,3
109599,3
109600,3
109601,3
109602,0
109603,0
109604,3
109605,1
109606,3
109607,3
109608,3
109609,3
109610,3
109611,3
109612,3
109613,3
109614,3
109615,3
109616,3
109617,3
109618,2
109619,3
109620,2
109621,3
109622,2
109623,2
109624,2
109625,3
109626,3
109627,3
109628,3
109629,3
109630,3
109631,2
109632,2
109633,3
109634,2
109635,2
109636,3
109637,2
109638,3
109639,3
109640,3
109641,3
109642,3
109643,0
109644,2
109645,2
109646,2
109647,2
109648,2
109649,2
109650,3
109651,3
109652,3
109653,2
109654,2
109655,2
109656,2
109657,2
109658,3
109659,3
109660,3
109661,2
109662,2
109663,3
109664,3
109665,2
109666,3
109667,2
109668,2
109669,2
109670,2
109671,2
109672,2
109673,0
109674,2
109675,2
109676,2
109677,2
109678,3
109679,3
109680,3
109681,3
109682,2
109683,2
109684,2
109685,2
109686,2
109687,2
109688,2
109689,2
109690,2
109691,2
109692,2
109693,3
109694,2
109695,2
109696,2
109697,2
109698,2
109699,2
109700,2
109701,2
109702,3
109703,2
109704,2
109705,2
109706,2
109707,2
109708,2
109709,3
109710,2
109711,2
109712,2
109713,2
109714,2
109715,0
109716,2
109717,2
109718,2
109719,2
109720,2
109721,2
109722,2
109723,2
109724,2
109725,2
109726,2
109727,2
109728,2
109729,2
109730,2
109731,2
109732,2
109733,2
109734,2
109735,2
109736,3
109737,3
109738,3
109739,2
109740,3
109741,2
109742,2
109743,2
109744,3
109745,3
109746,3
109747,2
109748,2
109749,2
109750,2
109751,2
109752,2
109753,2
109754,2
109755,2
109756,2
109757,2
109758,2
109759,2
109760,2
109761,2
109762,2
109763,2
109764,2
109765,2
109766,2
109767,2
109768,2
109769,2
109770,3
109771,2
109772,3
109773,2
109774,2
109775,0
109776,2
109777,2
109778,2
109779,2
109780,2
109781,2
109782,2
109783,3
109784,2
109785,2
109786,2
109787,2
109788,2
109789,2
109790,2
109791,2
109792,2
109793,3
109794,2
109795,2
109796,2
109797,2
109798,2
109799,2
109800,2
109801,2
109802,2
109803,2
109804,2
109805,2
109806,2
109807,2
109808,2
109809,2
109810,2
109811,2
109812,2
109813,2
109814,2
109815,2
109816,2
109817,2
109818,2
109819,0
109820,2
109821,2
109822,2
109823,2
109824,3
109825,2
109826,2
109827,2
109828,2
109829,2
109830,2
109831,2
109832,2
109833,2
109834,2
109835,2
109836,2
109837,3
109838,2
109839,2
109840,2
109841,3
109842,3
109843,2
109844,0
109845,2
109846,2
109847,2
109848,2
109849,2
109850,2
109851,2
109852,0
109853,3
109854,3
109855,2
109856,2
109857,2
109858,2
109859,2
109860,2
109861,3
109862,3
109863,3
109864,3
109865,3
109866,3
109867,3
109868,3
109869,2
109870,2
109871,2
109872,2
109873,2
109874,2
109875,2
109876,2
109877,2
109878,2
109879,2
109880,2
109881,2
109882,2
109883,2
109884,2
109885,3
109886,2
109887,2
109888,2
109889,2
109890,2
109891,2
109892,2
109893,2
109894,2
109895,2
109896,2
109897,2
109898,2
109899,2
109900,2
109901,2
109902,2
109903,2
109904,2
109905,2
109906,2
109907,3
109908,4
109909,2
109910,2
109911,2
109912,2
109913,2
109914,2
109915,2
109916,2
109917,2
109918,2
109919,2
109920,2
109921,2
109922,2
109923,2
109924,2
109925,2
109926,3
109927,5
109928,2
109929,2
109930,3
109931,3
109932,2
109933,1
109934,0
109935,2
109936,2
109937,2
109938,2
109939,2
109940,3
109941,3
109942,3
109943,1
109944,3
109945,3
109946,3
109947,2
109948,3
109949,3
109950,1
109951,1
109952,3
109953,3
109954,3
109955,3
109956,2
109957,3
109958,3
109959,0
109960,0
109961,2
109962,3
109963,3
109964,3
109965,3
109966,0
109967,1
109968,3
109969,3
109970,3
109971,3
109972,3
109973,3
109974,3
109975,3
109976,3
109977,3
109978,3
109979,3
109980,0
109981,3
109982,3
109983,3
109984,3
109985,3
109986,3
109987,3
109988,3
109989,2
109990,3
109991,3
109992,3
109993,2
109994,0
109995,1
109996,0
109997,0
109998,2
109999,0
110000,3
110001,3
110002,3
110003,3
110004,3
110005,3
110006,3
110007,3
110008,3
110009,2
110010,2
110011,2
110012,3
110013,1
110014,3
110015,3
110016,3
110017,3
110018,3
110019,3
110020,3
110021,3
110022,3
110023,3
110024,3
110025,3
110026,3
110027,2
110028,3
110029,1
110030,3
110031,3
110032,3
110033,2
110034,3
110035,0
110036,3
110037,3
110038,1
110039,0
110040,0
110041,3
110042,3
110043,2
110044,1
110045,2
110046,3
110047,3
110048,2
110049,3
110050,3
110051,2
110052,3
110053,2
110054,2
110055,2
110056,2
110057,2
110058,2
110059,2
110060,2
110061,0
110062,2
110063,2
110064,2
110065,3
110066,0
110067,3
110068,0
110069,3
110070,3
110071,3
110072,3
110073,3
110074,3
110075,3
110076,3
110077,3
110078,3
110079,3
110080,3
110081,3
110082,3
110083,3
110084,3
110085,3
110086,2
110087,2
110088,2
110089,3
110090,2
110091,2
110092,2
110093,2
110094,2
110095,2
110096,2
110097,2
110098,2
110099,2
110100,2
110101,2
110102,2
110103,2
110104,2
110105,2
110106,2
110107,2
110108,2
110109,2
110110,2
110111,2
110112,2
110113,2
110114,2
110115,2
110116,2
110117,2
110118,2
110119,2
110120,2
110121,2
110122,2
110123,3
110124,2
110125,2
110126,2
110127,2
110128,2
110129,2
110130,2
110131,2
110132,2
110133,0
110134,2
110135,2
110136,2
110137,0
110138,2
110139,0
110140,2
110141,0
110142,2
110143,0
110144,0
110145,2
110146,0
110147,3
110148,0
110149,2
110150,0
110151,2
110152,0
110153,3
110154,3
110155,3
110156,3
110157,0
110158,0
110159,0
110160,0
110161,2
110162,3
110163,0
110164,0
110165,2
110166,0
110167,0
110168,0
110169,0
110170,2
110171,0
110172,0
110173,3
110174,0
110175,2
110176,0
110177,0
110178,0
110179,0
110180,0
110181,0
110182,0
110183,0
110184,0
110185,2
110186,0
110187,0
110188,2
110189,2
110190,2
110191,0
110192,0
110193,2
110194,2
110195,2
110196,0
110197,2
110198,0
110199,0
110200,0
110201,0
110202,2
110203,0
110204,0
110205,0
110206,0
110207,2
110208,2
110209,2
110210,2
110211,0
110212,0
110213,2
110214,2
110215,2
110216,3
110217,3
110218,0
110219,0
110220,2
110221,0
110222,0
110223,3
110224,2
110225,2
110226,2
110227,2
110228,1
110229,1
110230,1
110231,1
110232,1
110233,0
110234,1
110235,3
110236,1
110237,1
110238,1
110239,3
110240,2
110241,2
110242,1
110243,1
110244,1
110245,1
110246,1
110247,1
110248,1
110249,1
110250,3
110251,1
110252,1
110253,1
110254,1
110255,1
110256,1
110257,1
110258,1
110259,1
110260,1
110261,1
110262,1
110263,1
110264,1
110265,1
110266,1
110267,2
110268,1
110269,1
110270,1
110271,1
110272,1
110273,1
110274,1
110275,1
110276,1
110277,1
110278,1
110279,1
110280,1
110281,1
110282,1
110283,1
110284,1
110285,1
110286,1
110287,1
110288,1
110289,1
110290,1
110291,1
110292,1
110293,1
110294,3
110295,1
110296,1
110297,1
110298,1
110299,1
110300,1
110301,1
110302,1
110303,1
110304,1
110305,1
110306,1
110307,1
110308,1
110309,1
110310,1
110311,1
110312,1
110313,1
110314,1
110315,1
110316,1
110317,1
110318,1
110319,1
110320,1
110321,3
110322,0
110323,2
110324,2
110325,2
110326,2
110327,0
110328,1
110329,3
110330,0
110331,3
110332,3
110333,3
110334,3
110335,3
110336,3
110337,3
110338,3
110339,3
110340,3
110341,3
110342,3
110343,3
110344,3
110345,3
110346,3
110347,3
110348,2
110349,3
110350,3
110351,3
110352,3
110353,3
110354,3
110355,3
110356,2
110357,3
110358,3
110359,3
110360,3
110361,3
110362,3
110363,3
110364,3
110365,2
110366,3
110367,3
110368,3
110369,3
110370,3
110371,3
110372,3
110373,3
110374,3
110375,3
110376,3
110377,3
110378,2
110379,2
110380,3
110381,3
110382,3
110383,3
110384,2
110385,2
110386,3
110387,3
110388,3
110389,0
110390,2
110391,2
110392,2
110393,3
110394,3
110395,3
110396,3
110397,3
110398,2
110399,3
110400,3
110401,3
110402,1
110403,3
110404,3
110405,1
110406,3
110407,1
110408,3
110409,1
110410,3
110411,3
110412,3
110413,1
110414,1
110415,2
110416,1
110417,3
110418,3
110419,3
110420,3
110421,3
110422,3
110423,1
110424,3
110425,3
110426,3
110427,1
110428,1
110429,3
110430,3
110431,1
110432,1
110433,3
110434,3
110435,2
110436,3
110437,2
110438,2
110439,2
110440,2
110441,2
110442,2
110443,2
110444,3
110445,2
110446,2
110447,2
110448,2
110449,0
110450,0
110451,2
110452,2
110453,2
110454,2
110455,2
110456,2
110457,2
110458,2
110459,2
110460,2
110461,2
110462,0
110463,2
110464,2
110465,2
110466,2
110467,2
110468,2
110469,2
110470,2
110471,3
110472,2
110473,2
110474,2
110475,2
110476,2
110477,2
110478,2
110479,2
110480,0
110481,2
110482,2
110483,2
110484,2
110485,2
110486,2
110487,2
110488,2
110489,2
110490,2
110491,2
110492,2
110493,2
110494,2
110495,2
110496,2
110497,2
110498,2
110499,2
110500,2
110501,2
110502,0
110503,0
110504,0
110505,2
110506,2
110507,1
110508,3
110509,0
110510,2
110511,2
110512,2
110513,2
110514,3
110515,0
110516,2
110517,2
110518,2
110519,2
110520,2
110521,2
110522,2
110523,2
110524,0
110525,2
110526,2
110527,2
110528,2
110529,3
110530,2
110531,2
110532,3
110533,2
110534,2
110535,2
110536,3
110537,1
110538,2
110539,2
110540,2
110541,2
110542,2
110543,2
110544,2
110545,2
110546,2
110547,2
110548,2
110549,2
110550,2
110551,2
110552,2
110553,2
110554,2
110555,2
110556,0
110557,2
110558,2
110559,2
110560,2
110561,2
110562,2
110563,2
110564,2
110565,3
110566,2
110567,2
110568,0
110569,0
110570,2
110571,0
110572,0
110573,0
110574,2
110575,0
110576,2
110577,3
110578,2
110579,0
110580,2
110581,2
110582,2
110583,0
110584,0
110585,0
110586,2
110587,2
110588,3
110589,2
110590,2
110591,2
110592,3
110593,3
110594,1
110595,2
110596,3
110597,2
110598,3
110599,2
110600,2
110601,2
110602,2
110603,2
110604,2
110605,3
110606,3
110607,1
110608,2
110609,2
110610,2
110611,1
110612,2
110613,3
110614,2
110615,2
110616,2
110617,2
110618,2
110619,2
110620,2
110621,2
110622,2
110623,2
110624,2
110625,3
110626,3
110627,3
110628,3
110629,3
110630,3
110631,2
110632,2
110633,2
110634,2
110635,2
110636,2
110637,2
110638,2
110639,2
110640,3
110641,2
110642,2
110643,2
110644,2
110645,2
110646,2
110647,2
110648,2
110649,3
110650,2
110651,2
110652,2
110653,2
110654,2
110655,2
110656,2
110657,3
110658,2
110659,3
110660,3
110661,2
110662,3
110663,3
110664,2
110665,0
110666,1
110667,2
110668,3
110669,0
110670,2
110671,2
110672,3
110673,3
110674,3
110675,3
110676,0
110677,0
110678,3
110679,0
110680,0
110681,0
110682,0
110683,0
110684,0
110685,3
110686,2
110687,0
110688,0
110689,0
110690,2
110691,0
110692,2
110693,2
110694,2
110695,0
110696,0
110697,2
110698,2
110699,2
110700,2
110701,2
110702,2
110703,3
110704,3
110705,3
110706,2
110707,2
110708,3
110709,0
110710,1
110711,2
110712,2
110713,2
110714,3
110715,2
110716,3
110717,2
110718,2
110719,2
110720,2
110721,2
110722,2
110723,2
110724,3
110725,2
110726,3
110727,3
110728,3
110729,3
110730,3
110731,2
110732,3
110733,2
110734,2
110735,3
110736,3
110737,2
110738,3
110739,2
110740,1
110741,1
110742,3
110743,3
110744,3
110745,3
110746,3
110747,3
110748,1
110749,2
110750,2
110751,3
110752,2
110753,3
110754,0
110755,0
110756,0
110757,0
110758,0
110759,0
110760,2
110761,0
110762,0
110763,0
110764,0
110765,0
110766,0
110767,0
110768,0
110769,0
110770,0
110771,0
110772,0
110773,0
110774,0
110775,0
110776,0
110777,0
110778,0
110779,1
110780,2
110781,3
110782,0
110783,0
110784,0
110785,0
110786,0
110787,0
110788,0
110789,0
110790,0
110791,0
110792,0
110793,0
110794,0
110795,3
110796,0
110797,3
110798,3
110799,3
110800,2
110801,3
110802,3
110803,3
110804,3
110805,0
110806,2
110807,2
110808,2
110809,3
110810,3
110811,3
110812,3
110813,2
110814,3
110815,3
110816,3
110817,3
110818,3
110819,3
110820,3
110821,3
110822,3
110823,3
110824,3
110825,3
110826,3
110827,3
110828,3
110829,3
110830,3
110831,3
110832,3
110833,3
110834,3
110835,3
110836,3
110837,3
110838,3
110839,3
110840,3
110841,3
110842,0
110843,2
110844,2
110845,2
110846,2
110847,2
110848,2
110849,2
110850,2
110851,2
110852,2
110853,2
110854,2
110855,2
110856,2
110857,2
110858,2
110859,3
110860,3
110861,3
110862,3
110863,3
110864,2
110865,2
110866,2
110867,2
110868,2
110869,2
110870,2
110871,2
110872,3
110873,2
110874,2
110875,2
110876,2
110877,2
110878,2
110879,2
110880,2
110881,2
110882,2
110883,2
110884,2
110885,2
110886,2
110887,2
110888,2
110889,2
110890,2
110891,2
110892,2
110893,2
110894,2
110895,3
110896,2
110897,2
110898,3
110899,3
110900,3
110901,2
110902,2
110903,2
110904,2
110905,2
110906,2
110907,3
110908,2
110909,2
110910,2
110911,2
110912,2
110913,2
110914,2
110915,2
110916,2
110917,2
110918,2
110919,2
110920,2
110921,2
110922,3
110923,3
110924,0
110925,2
110926,2
110927,2
110928,2
110929,2
110930,2
110931,2
110932,2
110933,2
110934,2
110935,2
110936,2
110937,2
110938,2
110939,2
110940,2
110941,2
110942,2
110943,2
110944,2
110945,2
110946,2
110947,2
110948,2
110949,2
110950,2
110951,2
110952,2
110953,1
110954,2
110955,2
110956,2
110957,2
110958,2
110959,2
110960,2
110961,2
110962,2
110963,2
110964,1
110965,1
110966,2
110967,2
110968,3
110969,3
110970,3
110971,3
110972,3
110973,3
110974,3
110975,3
110976,3
110977,3
110978,1
110979,3
110980,3
110981,3
110982,3
110983,3
110984,3
110985,3
110986,3
110987,3
110988,3
110989,3
110990,3
110991,3
110992,3
110993,2
110994,0
110995,2
110996,2
110997,3
110998,2
110999,3
111000,2
111001,2
111002,2
111003,2
111004,2
111005,1
111006,2
111007,2
111008,2
111009,1
111010,1
111011,2
111012,2
111013,2
111014,2
111015,2
111016,1
111017,2
111018,0
111019,0
111020,0
111021,0
111022,0
111023,0
111024,0
111025,0
111026,0
111027,0
111028,0
111029,0
111030,0
111031,0
111032,2
111033,1
111034,1
111035,3
111036,3
111037,3
111038,0
111039,2
111040,3
111041,1
111042,0
111043,0
111044,2
111045,3
111046,3
111047,2
111048,0
111049,0
111050,0
111051,0
111052,0
111053,0
111054,0
111055,3
111056,3
111057,3
111058,0
111059,0
111060,2
111061,2
111062,1
111063,1
111064,3
111065,3
111066,3
111067,3
111068,3
111069,3
111070,2
111071,0
111072,2
111073,0
111074,3
111075,3
111076,3
111077,3
111078,2
111079,3
111080,3
111081,2
111082,2
111083,3
111084,3
111085,3
111086,3
111087,3
111088,1
111089,3
111090,3
111091,3
111092,3
111093,3
111094,3
111095,3
111096,3
111097,3
111098,3
111099,3
111100,0
111101,2
111102,2
111103,3
111104,2
111105,3
111106,3
111107,3
111108,1
111109,3
111110,3
111111,3
111112,3
111113,0
111114,3
111115,0
111116,3
111117,3
111118,3
111119,0
111120,2
111121,2
111122,2
111123,0
111124,0
111125,3
111126,2
111127,2
111128,3
111129,3
111130,2
111131,0
111132,0
111133,0
111134,0
111135,0
111136,0
111137,0
111138,0
111139,0
111140,0
111141,2
111142,0
111143,0
111144,0
111145,0
111146,2
111147,2
111148,0
111149,0
111150,0
111151,2
111152,0
111153,0
111154,0
111155,2
111156,0
111157,0
111158,2
111159,2
111160,2
111161,2
111162,0
111163,2
111164,2
111165,2
111166,2
111167,2
111168,0
111169,2
111170,2
111171,0
111172,0
111173,3
111174,2
111175,2
111176,0
111177,3
111178,2
111179,3
111180,3
111181,0
111182,2
111183,3
111184,0
111185,3
111186,0
111187,0
111188,0
111189,3
111190,0
111191,0
111192,3
111193,3
111194,3
111195,3
111196,3
111197,3
111198,3
111199,0
111200,1
111201,2
111202,3
111203,3
111204,3
111205,1
111206,0
111207,0
111208,1
111209,0
111210,0
111211,0
111212,0
111213,3
111214,0
111215,2
111216,2
111217,3
111218,3
111219,1
111220,2
111221,2
111222,0
111223,2
111224,2
111225,3
111226,3
111227,1
111228,1
111229,2
111230,2
111231,3
111232,3
111233,3
111234,3
111235,3
111236,1
111237,1
111238,1
111239,1
111240,1
111241,3
111242,3
111243,1
111244,1
111245,0
111246,3
111247,3
111248,3
111249,3
111250,3
111251,3
111252,3
111253,3
111254,3
111255,3
111256,0
111257,0
111258,0
111259,0
111260,0
111261,3
111262,0
111263,0
111264,0
111265,0
111266,0
111267,0
111268,1
111269,1
111270,1
111271,1
111272,1
111273,3
111274,0
111275,0
111276,0
111277,0
111278,2
111279,3
111280,2
111281,2
111282,0
111283,2
111284,3
111285,2
111286,2
111287,0
111288,0
111289,1
111290,3
111291,3
111292,3
111293,3
111294,3
111295,3
111296,3
111297,0
111298,3
111299,3
111300,0
111301,0
111302,0
111303,0
111304,3
111305,3
111306,3
111307,0
111308,0
111309,3
111310,0
111311,1
111312,1
111313,1
111314,0
111315,3
111316,0
111317,3
111318,3
111319,3
111320,3
111321,3
111322,0
111323,0
111324,0
111325,0
111326,0
111327,0
111328,0
111329,0
111330,0
111331,0
111332,0
111333,0
111334,0
111335,0
111336,0
111337,0
111338,0
111339,0
111340,3
111341,3
111342,0
111343,3
111344,3
111345,0
111346,0
111347,0
111348,1
111349,1
111350,0
111351,0
111352,0
111353,1
111354,0
111355,3
111356,3
111357,3
111358,3
111359,3
111360,3
111361,0
111362,0
111363,0
111364,0
111365,0
111366,3
111367,1
111368,1
111369,1
111370,0
111371,0
111372,3
111373,3
111374,3
111375,3
111376,3
111377,3
111378,3
111379,3
111380,3
111381,3
111382,0
111383,0
111384,0
111385,0
111386,1
111387,3
111388,0
111389,0
111390,0
111391,0
111392,0
111393,1
111394,0
111395,3
111396,3
111397,3
111398,3
111399,0
111400,0
111401,3
111402,3
111403,1
111404,0
111405,0
111406,1
111407,1
111408,1
111409,0
111410,0
111411,1
111412,1
111413,1
111414,1
111415,1
111416,1
111417,0
111418,3
111419,0
111420,0
111421,3
111422,3
111423,0
111424,1
111425,1
111426,1
111427,3
111428,3
111429,3
111430,3
111431,3
111432,3
111433,0
111434,0
111435,3
111436,0
111437,3
111438,3
111439,3
111440,0
111441,2
111442,3
111443,3
111444,0
111445,0
111446,0
111447,2
111448,2
111449,2
111450,2
111451,2
111452,3
111453,3
111454,3
111455,3
111456,2
111457,2
111458,2
111459,2
111460,2
111461,2
111462,2
111463,2
111464,2
111465,2
111466,2
111467,2
111468,2
111469,2
111470,2
111471,2
111472,2
111473,2
111474,2
111475,2
111476,2
111477,2
111478,2
111479,2
111480,2
111481,2
111482,2
111483,2
111484,2
111485,2
111486,2
111487,2
111488,2
111489,2
111490,2
111491,2
111492,2
111493,2
111494,2
111495,2
111496,2
111497,0
111498,2
111499,2
111500,2
111501,2
111502,2
111503,2
111504,2
111505,2
111506,2
111507,2
111508,2
111509,2
111510,2
111511,2
111512,2
111513,2
111514,2
111515,2
111516,2
111517,2
111518,2
111519,2
111520,2
111521,2
111522,2
111523,2
111524,2
111525,2
111526,2
111527,2
111528,2
111529,2
111530,2
111531,2
111532,2
111533,2
111534,2
111535,2
111536,2
111537,2
111538,2
111539,2
111540,2
111541,2
111542,2
111543,3
111544,2
111545,2
111546,2
111547,2
111548,2
111549,2
111550,2
111551,2
111552,2
111553,2
111554,2
111555,2
111556,2
111557,2
111558,2
111559,2
111560,2
111561,2
111562,2
111563,2
111564,2
111565,2
111566,2
111567,2
111568,2
111569,2
111570,2
111571,2
111572,2
111573,2
111574,2
111575,2
111576,2
111577,2
111578,2
111579,2
111580,3
111581,2
111582,2
111583,2
111584,2
111585,2
111586,3
111587,2
111588,2
111589,2
111590,2
111591,2
111592,2
111593,2
111594,2
111595,2
111596,2
111597,2
111598,2
111599,2
111600,2
111601,0
111602,3
111603,2
111604,2
111605,2
111606,0
111607,2
111608,3
111609,2
111610,2
111611,3
111612,0
111613,0
111614,2
111615,2
111616,0
111617,1
111618,0
111619,2
111620,3
111621,3
111622,2
111623,2
111624,3
111625,2
111626,2
111627,2
111628,2
111629,2
111630,2
111631,2
111632,2
111633,2
111634,2
111635,2
111636,2
111637,2
111638,2
111639,2
111640,2
111641,2
111642,2
111643,2
111644,2
111645,2
111646,2
111647,3
111648,3
111649,3
111650,0
111651,2
111652,0
111653,0
111654,2
111655,0
111656,3
111657,0
111658,2
111659,2
111660,3
111661,2
111662,2
111663,0
111664,2
111665,2
111666,2
111667,2
111668,2
111669,4
111670,2
111671,3
111672,3
111673,2
111674,2
111675,3
111676,2
111677,2
111678,3
111679,2
111680,2
111681,2
111682,3
111683,0
111684,3
111685,1
111686,2
111687,3
111688,2
111689,2
111690,0
111691,3
111692,2
111693,2
111694,2
111695,3
111696,3
111697,2
111698,2
111699,3
111700,2
111701,3
111702,3
111703,3
111704,3
111705,2
111706,2
111707,2
111708,3
111709,2
111710,2
111711,2
111712,2
111713,2
111714,3
111715,3
111716,2
111717,2
111718,2
111719,2
111720,2
111721,0
111722,2
111723,2
111724,2
111725,2
111726,2
111727,2
111728,2
111729,2
111730,2
111731,2
111732,2
111733,2
111734,3
111735,3
111736,2
111737,2
111738,2
111739,2
111740,2
111741,2
111742,2
111743,2
111744,2
111745,2
111746,2
111747,2
111748,2
111749,2
111750,2
111751,2
111752,2
111753,2
111754,2
111755,2
111756,2
111757,2
111758,2
111759,2
111760,2
111761,2
111762,2
111763,2
111764,2
111765,2
111766,2
111767,2
111768,2
111769,2
111770,2
111771,2
111772,2
111773,2
111774,2
111775,2
111776,2
111777,2
111778,2
111779,2
111780,2
111781,2
111782,2
111783,0
111784,2
111785,2
111786,2
111787,2
111788,2
111789,2
111790,2
111791,2
111792,2
111793,2
111794,2
111795,2
111796,2
111797,2
111798,2
111799,2
111800,2
111801,2
111802,2
111803,2
111804,2
111805,2
111806,2
111807,3
111808,3
111809,3
111810,2
111811,2
111812,3
111813,3
111814,2
111815,3
111816,2
111817,2
111818,2
111819,0
111820,2
111821,2
111822,2
111823,2
111824,2
111825,2
111826,2
111827,2
111828,2
111829,0
111830,3
111831,2
111832,2
111833,2
111834,3
111835,2
111836,2
111837,2
111838,2
111839,2
111840,2
111841,2
111842,2
111843,2
111844,2
111845,2
111846,2
111847,2
111848,2
111849,2
111850,2
111851,3
111852,2
111853,2
111854,2
111855,2
111856,2
111857,2
111858,2
111859,2
111860,2
111861,2
111862,2
111863,2
111864,2
111865,2
111866,2
111867,2
111868,2
111869,2
111870,2
111871,2
111872,2
111873,2
111874,2
111875,2
111876,2
111877,2
111878,2
111879,2
111880,2
111881,2
111882,2
111883,2
111884,2
111885,2
111886,2
111887,2
111888,2
111889,2
111890,2
111891,2
111892,2
111893,3
111894,2
111895,3
111896,2
111897,2
111898,2
111899,2
111900,2
111901,2
111902,2
111903,2
111904,2
111905,2
111906,2
111907,2
111908,2
111909,2
111910,2
111911,2
111912,2
111913,2
111914,2
111915,3
111916,2
111917,2
111918,2
111919,2
111920,2
111921,2
111922,2
111923,2
111924,2
111925,2
111926,2
111927,2
111928,3
111929,2
111930,3
111931,2
111932,3
111933,2
111934,3
111935,2
111936,2
111937,2
111938,2
111939,3
111940,2
111941,2
111942,2
111943,2
111944,2
111945,2
111946,2
111947,2
111948,2
111949,0
111950,2
111951,0
111952,2
111953,2
111954,3
111955,2
111956,3
111957,2
111958,2
111959,3
111960,2
111961,2
111962,3
111963,2
111964,3
111965,3
111966,2
111967,2
111968,0
111969,3
111970,0
111971,2
111972,2
111973,2
111974,2
111975,2
111976,3
111977,3
111978,0
111979,2
111980,2
111981,2
111982,2
111983,2
111984,2
111985,2
111986,2
111987,2
111988,2
111989,2
111990,2
111991,2
111992,2
111993,2
111994,2
111995,2
111996,2
111997,2
111998,2
111999,2
112000,2
112001,1
112002,2
112003,2
112004,2
112005,2
112006,2
112007,2
112008,2
112009,2
112010,3
112011,2
112012,2
112013,2
112014,2
112015,2
112016,2
112017,2
112018,2
112019,2
112020,2
112021,2
112022,2
112023,2
112024,2
112025,2
112026,2
112027,2
112028,2
112029,2
112030,2
112031,2
112032,2
112033,2
112034,2
112035,2
112036,2
112037,2
112038,2
112039,2
112040,2
112041,2
112042,2
112043,2
112044,2
112045,2
112046,2
112047,2
112048,3
112049,2
112050,2
112051,2
112052,2
112053,2
112054,3
112055,2
112056,2
112057,3
112058,3
112059,2
112060,2
112061,2
112062,2
112063,2
112064,2
112065,2
112066,2
112067,2
112068,2
112069,2
112070,2
112071,2
112072,2
112073,2
112074,2
112075,2
112076,2
112077,3
112078,3
112079,2
112080,2
112081,2
112082,2
112083,2
112084,2
112085,0
112086,3
112087,2
112088,2
112089,2
112090,2
112091,2
112092,2
112093,0
112094,2
112095,2
112096,2
112097,2
112098,2
112099,2
112100,3
112101,2
112102,3
112103,2
112104,3
112105,2
112106,2
112107,2
112108,2
112109,0
112110,0
112111,0
112112,2
112113,0
112114,2
112115,0
112116,3
112117,1
112118,2
112119,0
112120,2
112121,2
112122,2
112123,2
112124,2
112125,2
112126,3
112127,2
112128,2
112129,2
112130,3
112131,2
112132,2
112133,2
112134,2
112135,2
112136,2
112137,2
112138,2
112139,2
112140,2
112141,2
112142,2
112143,2
112144,2
112145,3
112146,2
112147,2
112148,2
112149,2
112150,2
112151,2
112152,1
112153,2
112154,2
112155,2
112156,2
112157,2
112158,2
112159,2
112160,2
112161,2
112162,2
112163,2
112164,0
112165,2
112166,2
112167,3
112168,2
112169,2
112170,2
112171,2
112172,2
112173,2
112174,2
112175,3
112176,2
112177,2
112178,3
112179,2
112180,2
112181,0
112182,2
112183,2
112184,2
112185,2
112186,2
112187,2
112188,2
112189,2
112190,0
112191,0
112192,2
112193,2
112194,2
112195,2
112196,2
112197,2
112198,2
112199,2
112200,2
112201,2
112202,2
112203,2
112204,2
112205,3
112206,2
112207,2
112208,2
112209,2
112210,2
112211,2
112212,2
112213,2
112214,2
112215,2
112216,2
112217,2
112218,2
112219,2
112220,0
112221,2
112222,2
112223,2
112224,2
112225,2
112226,3
112227,0
112228,0
112229,2
112230,2
112231,2
112232,2
112233,2
112234,2
112235,2
112236,2
112237,2
112238,2
112239,2
112240,2
112241,2
112242,2
112243,2
112244,2
112245,2
112246,2
112247,2
112248,3
112249,2
112250,2
112251,2
112252,2
112253,2
112254,2
112255,2
112256,2
112257,2
112258,2
112259,3
112260,0
112261,2
112262,2
112263,2
112264,2
112265,2
112266,3
112267,2
112268,2
112269,3
112270,2
112271,2
112272,3
112273,2
112274,2
112275,2
112276,2
112277,3
112278,3
112279,3
112280,2
112281,0
112282,2
112283,2
112284,3
112285,3
112286,2
112287,2
112288,2
112289,2
112290,2
112291,0
112292,1
112293,1
112294,2
112295,0
112296,3
112297,2
112298,3
112299,1
112300,0
112301,3
112302,0
112303,1
112304,0
112305,0
112306,2
112307,2
112308,1
112309,1
112310,3
112311,2
112312,3
112313,3
112314,2
112315,2
112316,2
112317,2
112318,2
112319,2
112320,2
112321,2
112322,2
112323,2
112324,2
112325,2
112326,2
112327,2
112328,2
112329,2
112330,2
112331,2
112332,2
112333,2
112334,2
112335,2
112336,2
112337,2
112338,2
112339,3
112340,2
112341,2
112342,2
112343,2
112344,2
112345,2
112346,2
112347,2
112348,3
112349,3
112350,2
112351,2
112352,2
112353,1
112354,1
112355,1
112356,1
112357,2
112358,2
112359,2
112360,3
112361,2
112362,2
112363,2
112364,2
112365,2
112366,2
112367,2
112368,2
112369,2
112370,1
112371,1
112372,2
112373,3
112374,2
112375,3
112376,3
112377,2
112378,1
112379,2
112380,2
112381,2
112382,2
112383,2
112384,2
112385,2
112386,3
112387,2
112388,3
112389,2
112390,2
112391,1
112392,2
112393,2
112394,2
112395,2
112396,2
112397,2
112398,2
112399,2
112400,2
112401,2
112402,2
112403,2
112404,2
112405,2
112406,2
112407,2
112408,3
112409,2
112410,2
112411,3
112412,3
112413,3
112414,3
112415,2
112416,3
112417,2
112418,3
112419,2
112420,3
112421,2
112422,2
112423,2
112424,1
112425,3
112426,3
112427,3
112428,5
112429,3
112430,2
112431,2
112432,2
112433,3
112434,3
112435,3
112436,2
112437,3
112438,1
112439,2
112440,3
112441,2
112442,2
112443,2
112444,3
112445,2
112446,2
112447,3
112448,3
112449,2
112450,3
112451,2
112452,3
112453,3
112454,2
112455,2
112456,2
112457,2
112458,3
112459,2
112460,2
112461,3
112462,2
112463,2
112464,2
112465,2
112466,3
112467,2
112468,3
112469,2
112470,2
112471,3
112472,2
112473,2
112474,1
112475,2
112476,2
112477,2
112478,2
112479,2
112480,2
112481,2
112482,2
112483,2
112484,2
112485,2
112486,2
112487,2
112488,2
112489,2
112490,2
112491,2
112492,2
112493,2
112494,2
112495,2
112496,2
112497,2
112498,2
112499,2
112500,2
112501,3
112502,2
112503,2
112504,2
112505,2
112506,2
112507,3
112508,3
112509,2
112510,2
112511,2
112512,2
112513,2
112514,2
112515,2
112516,2
112517,2
112518,2
112519,2
112520,3
112521,2
112522,3
112523,3
112524,2
112525,3
112526,2
112527,2
112528,2
112529,2
112530,2
112531,2
112532,2
112533,2
112534,3
112535,2
112536,3
112537,2
112538,2
112539,2
112540,2
112541,2
112542,2
112543,2
112544,2
112545,2
112546,2
112547,2
112548,2
112549,3
112550,2
112551,2
112552,2
112553,2
112554,2
112555,2
112556,2
112557,2
112558,2
112559,2
112560,2
112561,3
112562,2
112563,2
112564,3
112565,2
112566,2
112567,3
112568,2
112569,2
112570,2
112571,2
112572,3
112573,2
112574,2
112575,3
112576,2
112577,2
112578,2
112579,2
112580,2
112581,2
112582,2
112583,1
112584,1
112585,2
112586,3
112587,2
112588,3
112589,2
112590,2
112591,2
112592,2
112593,2
112594,3
112595,2
112596,3
112597,2
112598,3
112599,2
112600,2
112601,2
112602,2
112603,3
112604,3
112605,2
112606,2
112607,2
112608,2
112609,2
112610,2
112611,1
112612,1
112613,3
112614,2
112615,2
112616,2
112617,2
112618,2
112619,2
112620,2
112621,2
112622,2
112623,2
112624,2
112625,2
112626,3
112627,2
112628,2
112629,2
112630,3
112631,2
112632,2
112633,2
112634,2
112635,2
112636,2
112637,2
112638,2
112639,2
112640,2
112641,2
112642,2
112643,2
112644,2
112645,2
112646,2
112647,2
112648,2
112649,2
112650,0
112651,2
112652,2
112653,3
112654,2
112655,2
112656,2
112657,2
112658,2
112659,2
112660,2
112661,2
112662,2
112663,2
112664,2
112665,2
112666,2
112667,2
112668,2
112669,2
112670,2
112671,2
112672,2
112673,3
112674,2
112675,0
112676,2
112677,2
112678,2
112679,3
112680,2
112681,2
112682,3
112683,3
112684,3
112685,3
112686,3
112687,2
112688,2
112689,2
112690,2
112691,3
112692,2
112693,2
112694,3
112695,3
112696,2
112697,2
112698,2
112699,2
112700,2
112701,2
112702,2
112703,2
112704,2
112705,2
112706,2
112707,2
112708,3
112709,3
112710,2
112711,2
112712,2
112713,2
112714,3
112715,2
112716,2
112717,2
112718,2
112719,2
112720,2
112721,3
112722,2
112723,3
112724,3
112725,3
112726,0
112727,3
112728,1
112729,2
112730,2
112731,2
112732,2
112733,2
112734,2
112735,3
112736,0
112737,3
112738,2
112739,3
112740,3
112741,3
112742,3
112743,3
112744,0
112745,2
112746,2
112747,2
112748,2
112749,2
112750,2
112751,2
112752,3
112753,2
112754,2
112755,2
112756,2
112757,2
112758,1
112759,2
112760,3
112761,2
112762,2
112763,2
112764,2
112765,2
112766,1
112767,2
112768,3
112769,2
112770,2
112771,3
112772,2
112773,2
112774,2
112775,2
112776,0
112777,2
112778,2
112779,2
112780,2
112781,2
112782,2
112783,2
112784,2
112785,2
112786,2
112787,2
112788,2
112789,2
112790,2
112791,2
112792,2
112793,2
112794,2
112795,2
112796,2
112797,3
112798,2
112799,2
112800,2
112801,3
112802,3
112803,2
112804,2
112805,2
112806,2
112807,2
112808,2
112809,2
112810,2
112811,1
112812,3
112813,3
112814,3
112815,3
112816,3
112817,3
112818,3
112819,3
112820,3
112821,3
112822,2
112823,2
112824,3
112825,3
112826,3
112827,3
112828,2
112829,2
112830,2
112831,2
112832,2
112833,2
112834,2
112835,3
112836,3
112837,2
112838,3
112839,3
112840,3
112841,3
112842,2
112843,3
112844,2
112845,2
112846,2
112847,2
112848,3
112849,3
112850,2
112851,2
112852,2
112853,2
112854,3
112855,3
112856,2
112857,2
112858,2
112859,3
112860,2
112861,2
112862,2
112863,3
112864,2
112865,3
112866,2
112867,2
112868,3
112869,0
112870,2
112871,3
112872,2
112873,2
112874,2
112875,2
112876,3
112877,3
112878,3
112879,2
112880,2
112881,2
112882,2
112883,2
112884,2
112885,3
112886,2
112887,0
112888,2
112889,1
112890,3
112891,2
112892,2
112893,2
112894,2
112895,2
112896,3
112897,2
112898,0
112899,3
112900,2
112901,2
112902,3
112903,3
112904,3
112905,2
112906,2
112907,2
112908,3
112909,3
112910,3
112911,3
112912,3
112913,2
112914,2
112915,3
112916,2
112917,2
112918,0
112919,2
112920,2
112921,2
112922,2
112923,2
112924,2
112925,2
112926,2
112927,2
112928,2
112929,2
112930,2
112931,2
112932,2
112933,2
112934,2
112935,2
112936,2
112937,0
112938,2
112939,2
112940,0
112941,2
112942,2
112943,2
112944,2
112945,2
112946,2
112947,2
112948,2
112949,2
112950,3
112951,0
112952,0
112953,2
112954,2
112955,2
112956,2
112957,2
112958,0
112959,0
112960,0
112961,2
112962,3
112963,3
112964,2
112965,0
112966,2
112967,0
112968,0
112969,0
112970,2
112971,2
112972,0
112973,2
112974,2
112975,0
112976,2
112977,2
112978,3
112979,2
112980,3
112981,2
112982,3
112983,2
112984,2
112985,3
112986,2
112987,2
112988,0
112989,3
112990,2
112991,2
112992,2
112993,3
112994,3
112995,2
112996,2
112997,2
112998,2
112999,2
113000,2
113001,2
113002,2
113003,2
113004,2
113005,2
113006,2
113007,2
113008,2
113009,2
113010,2
113011,2
113012,3
113013,2
113014,3
113015,2
113016,2
113017,2
113018,2
113019,2
113020,2
113021,3
113022,3
113023,2
113024,2
113025,3
113026,2
113027,2
113028,2
113029,2
113030,3
113031,3
113032,2
113033,2
113034,2
113035,3
113036,2
113037,2
113038,3
113039,2
113040,2
113041,2
113042,3
113043,2
113044,2
113045,3
113046,2
113047,2
113048,2
113049,2
113050,2
113051,2
113052,2
113053,2
113054,2
113055,2
113056,2
113057,2
113058,2
113059,2
113060,2
113061,2
113062,2
113063,2
113064,2
113065,2
113066,2
113067,2
113068,2
113069,2
113070,2
113071,2
113072,2
113073,2
113074,2
113075,2
113076,2
113077,2
113078,3
113079,2
113080,2
113081,2
113082,2
113083,2
113084,2
113085,2
113086,2
113087,2
113088,2
113089,2
113090,2
113091,2
113092,2
113093,2
113094,2
113095,2
113096,2
113097,2
113098,2
113099,2
113100,2
113101,2
113102,2
113103,2
113104,2
113105,2
113106,2
113107,2
113108,2
113109,2
113110,2
113111,2
113112,2
113113,2
113114,2
113115,2
113116,2
113117,2
113118,2
113119,2
113120,2
113121,2
113122,2
113123,2
113124,2
113125,2
113126,2
113127,2
113128,2
113129,2
113130,0
113131,2
113132,2
113133,2
113134,2
113135,2
113136,2
113137,0
113138,2
113139,2
113140,2
113141,2
113142,2
113143,2
113144,2
113145,2
113146,2
113147,2
113148,2
113149,2
113150,2
113151,2
113152,2
113153,2
113154,2
113155,2
113156,2
113157,2
113158,3
113159,2
113160,3
113161,2
113162,3
113163,2
113164,2
113165,3
113166,2
113167,2
113168,2
113169,2
113170,2
113171,2
113172,3
113173,3
113174,2
113175,3
113176,3
113177,3
113178,3
113179,2
113180,2
113181,2
113182,2
113183,3
113184,2
113185,2
113186,2
113187,2
113188,2
113189,2
113190,2
113191,3
113192,2
113193,2
113194,2
113195,2
113196,2
113197,2
113198,2
113199,2
113200,2
113201,2
113202,2
113203,3
113204,2
113205,2
113206,2
113207,2
113208,2
113209,2
113210,2
113211,2
113212,2
113213,2
113214,2
113215,2
113216,2
113217,2
113218,2
113219,2
113220,2
113221,2
113222,2
113223,2
113224,2
113225,2
113226,2
113227,2
113228,2
113229,2
113230,2
113231,2
113232,2
113233,2
113234,2
113235,2
113236,3
113237,2
113238,2
113239,2
113240,2
113241,2
113242,2
113243,2
113244,2
113245,0
113246,2
113247,2
113248,2
113249,2
113250,0
113251,0
113252,0
113253,3
113254,2
113255,3
113256,2
113257,2
113258,2
113259,2
113260,2
113261,2
113262,2
113263,2
113264,2
113265,2
113266,2
113267,2
113268,2
113269,2
113270,2
113271,2
113272,2
113273,2
113274,2
113275,2
113276,2
113277,2
113278,2
113279,2
113280,2
113281,2
113282,2
113283,2
113284,5
113285,5
113286,5
113287,5
113288,2
113289,2
113290,3
113291,1
113292,3
113293,3
113294,1
113295,3
113296,1
113297,2
113298,0
113299,2
113300,2
113301,3
113302,3
113303,1
113304,0
113305,3
113306,1
113307,1
113308,3
113309,0
113310,3
113311,1
113312,2
113313,1
113314,1
113315,1
113316,3
113317,3
113318,3
113319,3
113320,0
113321,1
113322,3
113323,0
113324,0
113325,0
113326,2
113327,1
113328,1
113329,3
113330,3
113331,3
113332,3
113333,3
113334,3
113335,3
113336,1
113337,3
113338,3
113339,3
113340,3
113341,1
113342,1
113343,3
113344,3
113345,3
113346,3
113347,2
113348,2
113349,3
113350,1
113351,4
113352,0
113353,0
113354,0
113355,0
113356,3
113357,3
113358,1
113359,3
113360,3
113361,1
113362,1
113363,3
113364,3
113365,3
113366,3
113367,3
113368,3
113369,1
113370,3
113371,1
113372,3
113373,2
113374,2
113375,3
113376,3
113377,3
113378,3
113379,3
113380,0
113381,1
113382,1
113383,3
113384,3
113385,3
113386,3
113387,3
113388,3
113389,3
113390,3
113391,3
113392,3
113393,3
113394,1
113395,3
113396,3
113397,3
113398,3
113399,3
113400,1
113401,3
113402,3
113403,3
113404,3
113405,0
113406,1
113407,3
113408,3
113409,3
113410,3
113411,1
113412,1
113413,1
113414,3
113415,3
113416,1
113417,3
113418,3
113419,3
113420,3
113421,3
113422,3
113423,3
113424,1
113425,3
113426,1
113427,3
113428,3
113429,3
113430,3
113431,1
113432,1
113433,3
113434,3
113435,1
113436,0
113437,3
113438,3
113439,3
113440,3
113441,2
113442,3
113443,1
113444,1
113445,3
113446,3
113447,3
113448,3
113449,3
113450,3
113451,3
113452,0
113453,2
113454,3
113455,3
113456,2
113457,2
113458,3
113459,3
113460,0
113461,0
113462,3
113463,3
113464,3
113465,0
113466,3
113467,3
113468,3
113469,3
113470,1
113471,1
113472,1
113473,0
113474,3
113475,3
113476,0
113477,3
113478,3
113479,3
113480,0
113481,2
113482,3
113483,0
113484,0
113485,3
113486,0
113487,3
113488,0
113489,2
113490,0
113491,3
113492,0
113493,0
113494,0
113495,0
113496,0
113497,0
113498,3
113499,3
113500,0
113501,3
113502,2
113503,0
113504,1
113505,1
113506,2
113507,0
113508,0
113509,0
113510,0
113511,0
113512,3
113513,0
113514,0
113515,0
113516,0
113517,0
113518,0
113519,0
113520,0
113521,0
113522,0
113523,0
113524,0
113525,0
113526,0
113527,0
113528,0
113529,0
113530,0
113531,0
113532,0
113533,0
113534,3
113535,3
113536,3
113537,0
113538,3
113539,0
113540,1
113541,1
113542,0
113543,1
113544,1
113545,1
113546,1
113547,2
113548,3
113549,1
113550,2
113551,0
113552,0
113553,0
113554,0
113555,0
113556,0
113557,0
113558,0
113559,0
113560,0
113561,0
113562,2
113563,0
113564,0
113565,0
113566,0
113567,1
113568,1
113569,0
113570,0
113571,1
113572,2
113573,3
113574,0
113575,2
113576,3
113577,3
113578,2
113579,0
113580,0
113581,1
113582,0
113583,3
113584,3
113585,3
113586,3
113587,0
113588,2
113589,1
113590,1
113591,3
113592,2
113593,0
113594,0
113595,3
113596,3
113597,0
113598,0
113599,0
113600,3
113601,3
113602,2
113603,3
113604,0
113605,2
113606,2
113607,2
113608,2
113609,3
113610,3
113611,0
113612,0
113613,2
113614,3
113615,3
113616,3
113617,3
113618,2
113619,1
113620,1
113621,1
113622,1
113623,1
113624,0
113625,3
113626,0
113627,2
113628,3
113629,1
113630,1
113631,1
113632,0
113633,0
113634,0
113635,0
113636,0
113637,0
113638,0
113639,0
113640,0
113641,0
113642,0
113643,0
113644,0
113645,0
113646,0
113647,0
113648,0
113649,0
113650,0
113651,0
113652,0
113653,0
113654,0
113655,0
113656,0
113657,0
113658,0
113659,0
113660,0
113661,0
113662,0
113663,0
113664,0
113665,0
113666,3
113667,3
113668,3
113669,3
113670,3
113671,1
113672,1
113673,3
113674,3
113675,3
113676,2
113677,3
113678,3
113679,3
113680,3
113681,3
113682,3
113683,3
113684,1
113685,3
113686,3
113687,3
113688,3
113689,3
113690,3
113691,1
113692,1
113693,1
113694,1
113695,1
113696,1
113697,1
113698,1
113699,1
113700,1
113701,1
113702,1
113703,1
113704,0
113705,1
113706,0
113707,1
113708,0
113709,0
113710,3
113711,0
113712,1
113713,1
113714,1
113715,1
113716,1
113717,1
113718,1
113719,1
113720,1
113721,1
113722,0
113723,1
113724,1
113725,1
113726,1
113727,0
113728,0
113729,0
113730,1
113731,0
113732,0
113733,0
113734,3
113735,0
113736,0
113737,1
113738,1
113739,1
113740,3
113741,1
113742,3
113743,3
113744,3
113745,3
113746,3
113747,3
113748,3
113749,3
113750,3
113751,3
113752,3
113753,3
113754,1
113755,3
113756,3
113757,3
113758,3
113759,0
113760,0
113761,3
113762,3
113763,1
113764,2
113765,3
113766,2
113767,3
113768,1
113769,3
113770,2
113771,3
113772,3
113773,3
113774,3
113775,2
113776,3
113777,3
113778,1
113779,1
113780,0
113781,0
113782,3
113783,3
113784,2
113785,1
113786,1
113787,1
113788,0
113789,0
113790,1
113791,1
113792,1
113793,3
113794,3
113795,0
113796,0
113797,0
113798,0
113799,0
113800,3
113801,0
113802,0
113803,0
113804,0
113805,0
113806,0
113807,0
113808,0
113809,1
113810,0
113811,1
113812,0
113813,0
113814,0
113815,0
113816,0
113817,0
113818,3
113819,2
113820,2
113821,2
113822,0
113823,3
113824,3
113825,0
113826,1
113827,1
113828,0
113829,1
113830,0
113831,0
113832,1
113833,1
113834,2
113835,1
113836,0
113837,1
113838,0
113839,1
113840,0
113841,3
113842,3
113843,3
113844,3
113845,3
113846,1
113847,3
113848,1
113849,1
113850,3
113851,0
113852,0
113853,3
113854,3
113855,3
113856,3
113857,1
113858,0
113859,2
113860,3
113861,2
113862,1
113863,1
113864,1
113865,1
113866,0
113867,1
113868,0
113869,3
113870,0
113871,0
113872,3
113873,1
113874,1
113875,1
113876,1
113877,3
113878,3
113879,3
113880,3
113881,3
113882,3
113883,3
113884,3
113885,1
113886,1
113887,1
113888,1
113889,1
113890,1
113891,1
113892,1
113893,0
113894,0
113895,0
113896,0
113897,3
113898,1
113899,3
113900,1
113901,1
113902,1
113903,1
113904,3
113905,0
113906,0
113907,0
113908,0
113909,0
113910,0
113911,0
113912,0
113913,0
113914,0
113915,0
113916,0
113917,0
113918,0
113919,0
113920,1
113921,3
113922,3
113923,3
113924,1
113925,0
113926,0
113927,0
113928,0
113929,0
113930,0
113931,0
113932,0
113933,0
113934,0
113935,0
113936,0
113937,2
113938,2
113939,0
113940,2
113941,0
113942,3
113943,3
113944,0
113945,0
113946,3
113947,1
113948,3
113949,1
113950,3
113951,0
113952,0
113953,0
113954,1
113955,3
113956,1
113957,3
113958,3
113959,3
113960,3
113961,3
113962,3
113963,3
113964,3
113965,3
113966,1
113967,3
113968,3
113969,3
113970,3
113971,3
113972,3
113973,3
113974,3
113975,3
113976,3
113977,3
113978,1
113979,1
113980,3
113981,3
113982,3
113983,3
113984,2
113985,3
113986,3
113987,3
113988,1
113989,0
113990,0
113991,1
113992,3
113993,2
113994,3
113995,3
113996,3
113997,3
113998,3
113999,2
114000,0
114001,1
114002,2
114003,2
114004,2
114005,2
114006,2
114007,2
114008,2
114009,2
114010,2
114011,2
114012,3
114013,2
114014,2
114015,2
114016,2
114017,2
114018,2
114019,2
114020,2
114021,3
114022,2
114023,2
114024,2
114025,2
114026,2
114027,2
114028,2
114029,3
114030,3
114031,2
114032,2
114033,2
114034,2
114035,2
114036,2
114037,2
114038,2
114039,2
114040,0
114041,2
114042,2
114043,3
114044,0
114045,0
114046,0
114047,0
114048,2
114049,0
114050,0
114051,0
114052,2
114053,2
114054,3
114055,0
114056,0
114057,2
114058,2
114059,2
114060,3
114061,2
114062,2
114063,2
114064,2
114065,2
114066,2
114067,2
114068,2
114069,0
114070,2
114071,3
114072,2
114073,0
114074,3
114075,2
114076,0
114077,3
114078,3
114079,3
114080,3
114081,2
114082,2
114083,3
114084,3
114085,2
114086,2
114087,3
114088,2
114089,2
114090,2
114091,3
114092,3
114093,3
114094,3
114095,2
114096,2
114097,3
114098,2
114099,3
114100,2
114101,3
114102,3
114103,2
114104,2
114105,3
114106,3
114107,3
114108,1
114109,3
114110,3
114111,3
114112,3
114113,2
114114,2
114115,3
114116,3
114117,3
114118,3
114119,3
114120,3
114121,3
114122,2
114123,1
114124,3
114125,3
114126,3
114127,2
114128,3
114129,3
114130,3
114131,3
114132,3
114133,3
114134,2
114135,2
114136,3
114137,3
114138,3
114139,3
114140,3
114141,3
114142,0
114143,3
114144,2
114145,0
114146,3
114147,2
114148,3
114149,3
114150,0
114151,3
114152,3
114153,3
114154,3
114155,3
114156,3
114157,3
114158,3
114159,3
114160,3
114161,3
114162,3
114163,3
114164,2
114165,3
114166,2
114167,3
114168,2
114169,2
114170,2
114171,3
114172,0
114173,2
114174,0
114175,2
114176,2
114177,3
114178,0
114179,3
114180,0
114181,0
114182,3
114183,2
114184,3
114185,3
114186,3
114187,3
114188,2
114189,3
114190,3
114191,3
114192,3
114193,3
114194,2
114195,2
114196,2
114197,1
114198,2
114199,3
114200,3
114201,3
114202,3
114203,2
114204,3
114205,1
114206,2
114207,2
114208,1
114209,1
114210,3
114211,1
114212,1
114213,0
114214,0
114215,2
114216,3
114217,0
114218,0
114219,0
114220,0
114221,0
114222,0
114223,2
114224,3
114225,0
114226,0
114227,0
114228,0
114229,0
114230,2
114231,3
114232,0
114233,3
114234,1
114235,3
114236,2
114237,2
114238,0
114239,2
114240,2
114241,3
114242,3
114243,2
114244,2
114245,2
114246,2
114247,2
114248,2
114249,0
114250,3
114251,2
114252,2
114253,3
114254,2
114255,3
114256,2
114257,2
114258,2
114259,0
114260,2
114261,2
114262,2
114263,3
114264,2
114265,3
114266,2
114267,2
114268,2
114269,3
114270,2
114271,2
114272,3
114273,0
114274,2
114275,3
114276,3
114277,2
114278,2
114279,2
114280,2
114281,2
114282,2
114283,3
114284,2
114285,2
114286,2
114287,2
114288,2
114289,2
114290,2
114291,2
114292,2
114293,3
114294,2
114295,2
114296,2
114297,2
114298,2
114299,2
114300,2
114301,2
114302,3
114303,3
114304,0
114305,2
114306,3
114307,0
114308,0
114309,2
114310,2
114311,2
114312,3
114313,3
114314,3
114315,2
114316,2
114317,0
114318,0
114319,0
114320,2
114321,0
114322,2
114323,2
114324,0
114325,3
114326,2
114327,2
114328,0
114329,0
114330,2
114331,2
114332,2
114333,2
114334,2
114335,3
114336,3
114337,3
114338,3
114339,2
114340,2
114341,0
114342,3
114343,2
114344,2
114345,3
114346,3
114347,2
114348,0
114349,3
114350,0
114351,2
114352,3
114353,3
114354,3
114355,3
114356,3
114357,3
114358,2
114359,0
114360,0
114361,0
114362,3
114363,3
114364,2
114365,0
114366,0
114367,3
114368,0
114369,2
114370,0
114371,0
114372,3
114373,3
114374,2
114375,3
114376,2
114377,3
114378,3
114379,3
114380,2
114381,2
114382,2
114383,2
114384,2
114385,0
114386,0
114387,2
114388,3
114389,0
114390,2
114391,2
114392,2
114393,2
114394,1
114395,3
114396,3
114397,3
114398,3
114399,0
114400,0
114401,2
114402,0
114403,2
114404,2
114405,3
114406,3
114407,1
114408,0
114409,3
114410,3
114411,2
114412,2
114413,2
114414,2
114415,2
114416,2
114417,2
114418,3
114419,2
114420,3
114421,2
114422,2
114423,2
114424,3
114425,2
114426,2
114427,2
114428,2
114429,2
114430,2
114431,2
114432,2
114433,2
114434,2
114435,2
114436,2
114437,2
114438,2
114439,2
114440,3
114441,0
114442,2
114443,2
114444,3
114445,3
114446,3
114447,3
114448,3
114449,0
114450,2
114451,3
114452,1
114453,3
114454,3
114455,3
114456,3
114457,3
114458,0
114459,0
114460,2
114461,1
114462,3
114463,2
114464,0
114465,2
114466,2
114467,3
114468,0
114469,3
114470,2
114471,3
114472,2
114473,2
114474,2
114475,1
114476,2
114477,3
114478,3
114479,2
114480,3
114481,2
114482,3
114483,3
114484,2
114485,2
114486,3
114487,3
114488,3
114489,0
114490,0
114491,3
114492,3
114493,3
114494,3
114495,3
114496,3
114497,0
114498,4
114499,3
114500,4
114501,0
114502,0
114503,3
114504,3
114505,3
114506,3
114507,3
114508,3
114509,0
114510,0
114511,0
114512,3
114513,0
114514,3
114515,1
114516,1
114517,1
114518,1
114519,1
114520,1
114521,1
114522,1
114523,1
114524,1
114525,1
114526,1
114527,3
114528,3
114529,1
114530,1
114531,3
114532,1
114533,1
114534,1
114535,5
114536,1
114537,1
114538,1
114539,1
114540,3
114541,3
114542,1
114543,3
114544,3
114545,3
114546,3
114547,1
114548,3
114549,3
114550,1
114551,3
114552,1
114553,3
114554,1
114555,1
114556,3
114557,1
114558,3
114559,3
114560,1
114561,1
114562,1
114563,1
114564,1
114565,1
114566,1
114567,1
114568,1
114569,3
114570,1
114571,1
114572,1
114573,1
114574,1
114575,1
114576,1
114577,1
114578,1
114579,1
114580,1
114581,1
114582,1
114583,1
114584,3
114585,3
114586,1
114587,1
114588,1
114589,1
114590,1
114591,1
114592,1
114593,1
114594,1
114595,1
114596,5
114597,5
114598,1
114599,1
114600,3
114601,3
114602,3
114603,3
114604,1
114605,1
114606,1
114607,2
114608,3
114609,3
114610,1
114611,3
114612,3
114613,3
114614,3
114615,3
114616,3
114617,3
114618,3
114619,2
114620,3
114621,3
114622,3
114623,3
114624,3
114625,2
114626,3
114627,3
114628,3
114629,3
114630,0
114631,2
114632,3
114633,3
114634,3
114635,2
114636,0
114637,0
114638,2
114639,0
114640,0
114641,2
114642,0
114643,0
114644,0
114645,2
114646,0
114647,2
114648,0
114649,2
114650,2
114651,2
114652,2
114653,2
114654,2
114655,2
114656,2
114657,2
114658,2
114659,4
114660,2
114661,2
114662,2
114663,2
114664,2
114665,2
114666,2
114667,3
114668,3
114669,3
114670,2
114671,2
114672,2
114673,2
114674,4
114675,3
114676,1
114677,3
114678,2
114679,2
114680,2
114681,2
114682,2
114683,2
114684,2
114685,2
114686,2
114687,3
114688,2
114689,2
114690,2
114691,2
114692,2
114693,2
114694,2
114695,2
114696,3
114697,2
114698,2
114699,3
114700,4
114701,3
114702,1
114703,3
114704,3
114705,2
114706,3
114707,2
114708,2
114709,2
114710,2
114711,2
114712,2
114713,2
114714,2
114715,2
114716,2
114717,3
114718,2
114719,2
114720,2
114721,2
114722,2
114723,2
114724,2
114725,3
114726,2
114727,2
114728,2
114729,2
114730,2
114731,2
114732,2
114733,3
114734,2
114735,3
114736,3
114737,3
114738,4
114739,3
114740,4
114741,3
114742,1
114743,2
114744,3
114745,3
114746,3
114747,2
114748,3
114749,3
114750,2
114751,1
114752,2
114753,1
114754,2
114755,2
114756,2
114757,3
114758,2
114759,2
114760,3
114761,2
114762,1
114763,4
114764,1
114765,1
114766,2
114767,2
114768,2
114769,2
114770,3
114771,2
114772,2
114773,2
114774,2
114775,2
114776,2
114777,2
114778,2
114779,2
114780,2
114781,2
114782,2
114783,2
114784,2
114785,2
114786,2
114787,2
114788,2
114789,2
114790,2
114791,2
114792,2
114793,2
114794,3
114795,3
114796,3
114797,4
114798,3
114799,3
114800,3
114801,2
114802,2
114803,1
114804,2
114805,2
114806,2
114807,1
114808,4
114809,2
114810,2
114811,3
114812,2
114813,2
114814,3
114815,2
114816,3
114817,3
114818,2
114819,3
114820,3
114821,3
114822,2
114823,3
114824,3
114825,2
114826,2
114827,2
114828,2
114829,3
114830,2
114831,2
114832,2
114833,0
114834,2
114835,2
114836,2
114837,2
114838,2
114839,2
114840,2
114841,3
114842,3
114843,3
114844,3
114845,3
114846,3
114847,3
114848,2
114849,3
114850,3
114851,3
114852,3
114853,1
114854,2
114855,3
114856,2
114857,2
114858,3
114859,2
114860,2
114861,3
114862,2
114863,2
114864,3
114865,3
114866,1
114867,3
114868,4
114869,4
114870,3
114871,3
114872,3
114873,3
114874,4
114875,3
114876,3
114877,3
114878,3
114879,2
114880,3
114881,1
114882,0
114883,0
114884,3
114885,2
114886,1
114887,3
114888,2
114889,2
114890,3
114891,2
114892,0
114893,2
114894,2
114895,2
114896,0
114897,3
114898,0
114899,0
114900,3
114901,3
114902,1
114903,3
114904,3
114905,3
114906,0
114907,0
114908,2
114909,3
114910,3
114911,2
114912,0
114913,3
114914,0
114915,1
114916,3
114917,3
114918,0
114919,3
114920,3
114921,3
114922,3
114923,2
114924,2
114925,3
114926,3
114927,2
114928,2
114929,2
114930,2
114931,2
114932,2
114933,2
114934,0
114935,2
114936,2
114937,2
114938,2
114939,0
114940,3
114941,2
114942,2
114943,2
114944,2
114945,2
114946,2
114947,2
114948,2
114949,2
114950,2
114951,2
114952,2
114953,2
114954,2
114955,2
114956,2
114957,0
114958,2
114959,2
114960,2
114961,0
114962,2
114963,2
114964,2
114965,2
114966,2
114967,2
114968,2
114969,2
114970,0
114971,2
114972,2
114973,2
114974,2
114975,2
114976,2
114977,2
114978,3
114979,2
114980,0
114981,2
114982,2
114983,2
114984,2
114985,2
114986,2
114987,2
114988,2
114989,2
114990,2
114991,2
114992,2
114993,2
114994,2
114995,2
114996,2
114997,2
114998,2
114999,3
115000,2
115001,2
115002,3
115003,3
115004,2
115005,2
115006,2
115007,2
115008,0
115009,2
115010,2
115011,2
115012,3
115013,2
115014,3
115015,2
115016,2
115017,2
115018,2
115019,2
115020,2
115021,2
115022,2
115023,2
115024,0
115025,2
115026,2
115027,0
115028,2
115029,2
115030,2
115031,2
115032,2
115033,0
115034,2
115035,2
115036,2
115037,2
115038,0
115039,2
115040,2
115041,2
115042,2
115043,2
115044,2
115045,2
115046,2
115047,2
115048,2
115049,2
115050,3
115051,3
115052,3
115053,3
115054,2
115055,3
115056,0
115057,0
115058,2
115059,2
115060,2
115061,2
115062,2
115063,3
115064,3
115065,3
115066,3
115067,2
115068,2
115069,3
115070,2
115071,3
115072,0
115073,0
115074,0
115075,3
115076,3
115077,1
115078,3
115079,2
115080,0
115081,2
115082,3
115083,3
115084,3
115085,3
115086,2
115087,2
115088,3
115089,0
115090,2
115091,2
115092,2
115093,2
115094,2
115095,2
115096,2
115097,2
115098,2
115099,2
115100,2
115101,2
115102,3
115103,3
115104,2
115105,2
115106,2
115107,3
115108,3
115109,2
115110,3
115111,2
115112,3
115113,3
115114,3
115115,3
115116,3
115117,2
115118,3
115119,3
115120,3
115121,3
115122,3
115123,2
115124,2
115125,2
115126,2
115127,1
115128,3
115129,3
115130,3
115131,3
115132,3
115133,0
115134,2
115135,3
115136,3
115137,3
115138,1
115139,1
115140,1
115141,1
115142,3
115143,3
115144,3
115145,3
115146,3
115147,3
115148,2
115149,2
115150,2
115151,3
115152,2
115153,3
115154,3
115155,2
115156,3
115157,2
115158,2
115159,2
115160,1
115161,2
115162,3
115163,2
115164,2
115165,2
115166,2
115167,2
115168,2
115169,2
115170,0
115171,0
115172,2
115173,2
115174,0
115175,2
115176,3
115177,3
115178,3
115179,2
115180,2
115181,3
115182,2
115183,2
115184,2
115185,2
115186,3
115187,2
115188,2
115189,2
115190,2
115191,2
115192,3
115193,2
115194,3
115195,2
115196,2
115197,2
115198,2
115199,2
115200,0
115201,2
115202,2
115203,3
115204,2
115205,2
115206,2
115207,2
115208,3
115209,2
115210,2
115211,2
115212,2
115213,3
115214,2
115215,2
115216,2
115217,2
115218,2
115219,2
115220,2
115221,2
115222,0
115223,2
115224,2
115225,2
115226,2
115227,2
115228,2
115229,2
115230,2
115231,3
115232,2
115233,2
115234,3
115235,3
115236,3
115237,3
115238,3
115239,3
115240,3
115241,2
115242,2
115243,3
115244,3
115245,2
115246,3
115247,3
115248,3
115249,3
115250,2
115251,2
115252,1
115253,3
115254,2
115255,0
115256,2
115257,3
115258,3
115259,2
115260,2
115261,2
115262,2
115263,2
115264,2
115265,3
115266,0
115267,2
115268,3
115269,2
115270,3
115271,2
115272,2
115273,2
115274,2
115275,2
115276,2
115277,3
115278,2
115279,2
115280,2
115281,3
115282,3
115283,2
115284,2
115285,2
115286,3
115287,3
115288,3
115289,3
115290,3
115291,3
115292,2
115293,3
115294,3
115295,3
115296,3
115297,3
115298,3
115299,2
115300,3
115301,3
115302,3
115303,2
115304,3
115305,1
115306,3
115307,2
115308,3
115309,3
115310,3
115311,3
115312,0
115313,2
115314,3
115315,3
115316,3
115317,3
115318,3
115319,3
115320,3
115321,3
115322,3
115323,3
115324,3
115325,3
115326,3
115327,3
115328,3
115329,3
115330,3
115331,3
115332,3
115333,3
115334,3
115335,0
115336,0
115337,3
115338,3
115339,3
115340,3
115341,3
115342,3
115343,0
115344,3
115345,3
115346,3
115347,3
115348,2
115349,3
115350,3
115351,2
115352,3
115353,3
115354,2
115355,3
115356,2
115357,2
115358,3
115359,2
115360,0
115361,2
115362,3
115363,3
115364,3
115365,2
115366,3
115367,3
115368,1
115369,3
115370,3
115371,3
115372,2
115373,2
115374,2
115375,2
115376,0
115377,2
115378,2
115379,3
115380,3
115381,3
115382,3
115383,3
115384,3
115385,3
115386,3
115387,0
115388,3
115389,0
115390,2
115391,2
115392,2
115393,2
115394,2
115395,2
115396,2
115397,2
115398,2
115399,2
115400,2
115401,3
115402,0
115403,3
115404,1
115405,3
115406,2
115407,3
115408,3
115409,3
115410,3
115411,3
115412,3
115413,3
115414,3
115415,3
115416,3
115417,3
115418,3
115419,3
115420,3
115421,3
115422,2
115423,2
115424,2
115425,2
115426,2
115427,2
115428,0
115429,0
115430,3
115431,3
115432,3
115433,3
115434,3
115435,3
115436,3
115437,3
115438,3
115439,3
115440,3
115441,3
115442,3
115443,3
115444,3
115445,3
115446,3
115447,3
115448,3
115449,3
115450,3
115451,3
115452,3
115453,3
115454,3
115455,3
115456,3
115457,3
115458,3
115459,3
115460,3
115461,3
115462,3
115463,3
115464,3
115465,3
115466,3
115467,3
115468,3
115469,3
115470,3
115471,3
115472,3
115473,3
115474,3
115475,3
115476,3
115477,3
115478,3
115479,3
115480,3
115481,3
115482,3
115483,3
115484,3
115485,3
115486,3
115487,3
115488,3
115489,3
115490,3
115491,3
115492,3
115493,3
115494,3
115495,3
115496,3
115497,3
115498,2
115499,3
115500,3
115501,2
115502,2
115503,1
115504,2
115505,2
115506,3
115507,3
115508,3
115509,3
115510,3
115511,3
115512,3
115513,3
115514,2
115515,3
115516,2
115517,3
115518,2
115519,2
115520,3
115521,1
115522,1
115523,1
115524,1
115525,1
115526,3
115527,3
115528,3
115529,3
115530,3
115531,3
115532,3
115533,0
115534,3
115535,3
115536,3
115537,3
115538,3
115539,3
115540,3
115541,3
115542,3
115543,3
115544,3
115545,3
115546,3
115547,3
115548,3
115549,3
115550,3
115551,2
115552,3
115553,3
115554,2
115555,0
115556,2
115557,3
115558,0
115559,0
115560,3
115561,3
115562,3
115563,3
115564,3
115565,3
115566,3
115567,3
115568,3
115569,3
115570,3
115571,3
115572,3
115573,3
115574,3
115575,3
115576,3
115577,3
115578,3
115579,3
115580,3
115581,3
115582,3
115583,3
115584,3
115585,3
115586,3
115587,3
115588,3
115589,3
115590,3
115591,3
115592,3
115593,3
115594,3
115595,3
115596,1
115597,1
115598,1
115599,1
115600,3
115601,1
115602,1
115603,3
115604,1
115605,3
115606,3
115607,3
115608,3
115609,3
115610,3
115611,3
115612,3
115613,3
115614,2
115615,3
115616,2
115617,2
115618,0
115619,0
115620,3
115621,3
115622,3
115623,1
115624,0
115625,3
115626,3
115627,0
115628,3
115629,0
115630,0
115631,3
115632,3
115633,0
115634,2
115635,2
115636,2
115637,3
115638,3
115639,3
115640,2
115641,0
115642,2
115643,3
115644,1
115645,3
115646,2
115647,2
115648,3
115649,3
115650,3
115651,2
115652,2
115653,3
115654,2
115655,3
115656,2
115657,2
115658,2
115659,1
115660,1
115661,1
115662,1
115663,2
115664,2
115665,3
115666,3
115667,1
115668,2
115669,3
115670,3
115671,3
115672,3
115673,3
115674,3
115675,2
115676,2
115677,2
115678,2
115679,0
115680,0
115681,3
115682,3
115683,2
115684,3
115685,0
115686,3
115687,3
115688,2
115689,2
115690,2
115691,2
115692,2
115693,3
115694,2
115695,0
115696,2
115697,2
115698,2
115699,2
115700,2
115701,2
115702,2
115703,2
115704,2
115705,2
115706,2
115707,3
115708,0
115709,2
115710,2
115711,2
115712,2
115713,2
115714,2
115715,3
115716,2
115717,2
115718,2
115719,2
115720,2
115721,2
115722,2
115723,2
115724,2
115725,2
115726,2
115727,2
115728,2
115729,2
115730,2
115731,3
115732,2
115733,3
115734,2
115735,3
115736,2
115737,2
115738,2
115739,3
115740,3
115741,3
115742,2
115743,2
115744,2
115745,3
115746,2
115747,2
115748,2
115749,2
115750,2
115751,2
115752,2
115753,2
115754,3
115755,2
115756,2
115757,0
115758,0
115759,0
115760,0
115761,2
115762,2
115763,2
115764,2
115765,2
115766,2
115767,2
115768,2
115769,2
115770,2
115771,2
115772,3
115773,2
115774,2
115775,2
115776,2
115777,2
115778,2
115779,2
115780,2
115781,2
115782,2
115783,2
115784,2
115785,2
115786,2
115787,2
115788,2
115789,2
115790,2
115791,2
115792,2
115793,0
115794,2
115795,3
115796,3
115797,2
115798,2
115799,2
115800,2
115801,2
115802,2
115803,3
115804,2
115805,2
115806,2
115807,3
115808,2
115809,3
115810,3
115811,3
115812,2
115813,3
115814,2
115815,3
115816,2
115817,2
115818,3
115819,2
115820,3
115821,3
115822,2
115823,2
115824,2
115825,2
115826,2
115827,2
115828,3
115829,3
115830,1
115831,1
115832,3
115833,3
115834,2
115835,1
115836,2
115837,3
115838,3
115839,2
115840,3
115841,3
115842,2
115843,2
115844,3
115845,1
115846,3
115847,2
115848,2
115849,3
115850,0
115851,0
115852,2
115853,3
115854,3
115855,3
115856,3
115857,3
115858,0
115859,2
115860,3
115861,3
115862,3
115863,3
115864,1
115865,3
115866,3
115867,3
115868,0
115869,3
115870,3
115871,3
115872,1
115873,3
115874,3
115875,1
115876,1
115877,2
115878,0
115879,0
115880,0
115881,0
115882,0
115883,3
115884,0
115885,3
115886,3
115887,3
115888,2
115889,3
115890,3
115891,0
115892,2
115893,2
115894,0
115895,2
115896,2
115897,2
115898,2
115899,2
115900,2
115901,2
115902,2
115903,2
115904,2
115905,2
115906,2
115907,2
115908,2
115909,2
115910,2
115911,2
115912,0
115913,2
115914,3
115915,2
115916,2
115917,0
115918,2
115919,2
115920,3
115921,3
115922,3
115923,2
115924,2
115925,3
115926,2
115927,2
115928,3
115929,0
115930,2
115931,2
115932,2
115933,2
115934,2
115935,2
115936,2
115937,0
115938,2
115939,2
115940,2
115941,2
115942,3
115943,2
115944,2
115945,3
115946,2
115947,3
115948,2
115949,2
115950,2
115951,2
115952,2
115953,2
115954,2
115955,2
115956,2
115957,2
115958,2
115959,2
115960,3
115961,2
115962,2
115963,2
115964,2
115965,2
115966,2
115967,2
115968,2
115969,2
115970,2
115971,3
115972,3
115973,3
115974,2
115975,2
115976,0
115977,2
115978,2
115979,2
115980,2
115981,3
115982,2
115983,3
115984,2
115985,2
115986,2
115987,2
115988,2
115989,0
115990,3
115991,2
115992,3
115993,2
115994,3
115995,2
115996,2
115997,0
115998,2
115999,2
116000,2
116001,2
116002,2
116003,2
116004,2
116005,2
116006,2
116007,2
116008,2
116009,2
116010,2
116011,2
116012,2
116013,2
116014,2
116015,2
116016,2
116017,2
116018,2
116019,0
116020,2
116021,3
116022,3
116023,3
116024,3
116025,1
116026,0
116027,1
116028,2
116029,2
116030,2
116031,1
116032,1
116033,1
116034,1
116035,3
116036,2
116037,2
116038,2
116039,2
116040,2
116041,2
116042,2
116043,2
116044,2
116045,2
116046,3
116047,2
116048,2
116049,2
116050,2
116051,2
116052,2
116053,0
116054,2
116055,2
116056,2
116057,0
116058,3
116059,2
116060,0
116061,2
116062,2
116063,2
116064,2
116065,2
116066,3
116067,3
116068,2
116069,2
116070,3
116071,3
116072,2
116073,2
116074,2
116075,2
116076,3
116077,2
116078,2
116079,2
116080,3
116081,0
116082,2
116083,2
116084,3
116085,2
116086,2
116087,2
116088,2
116089,3
116090,2
116091,3
116092,2
116093,2
116094,3
116095,3
116096,2
116097,3
116098,0
116099,2
116100,1
116101,3
116102,2
116103,2
116104,2
116105,2
116106,0
116107,0
116108,2
116109,2
116110,2
116111,2
116112,2
116113,2
116114,3
116115,3
116116,2
116117,2
116118,2
116119,2
116120,2
116121,2
116122,2
116123,2
116124,2
116125,2
116126,2
116127,2
116128,2
116129,0
116130,2
116131,0
116132,2
116133,2
116134,2
116135,2
116136,2
116137,2
116138,2
116139,0
116140,2
116141,2
116142,2
116143,2
116144,2
116145,2
116146,2
116147,2
116148,2
116149,2
116150,2
116151,2
116152,2
116153,2
116154,2
116155,2
116156,2
116157,2
116158,2
116159,2
116160,2
116161,2
116162,2
116163,2
116164,2
116165,2
116166,2
116167,2
116168,2
116169,2
116170,2
116171,2
116172,3
116173,3
116174,2
116175,3
116176,2
116177,2
116178,2
116179,2
116180,0
116181,3
116182,2
116183,3
116184,2
116185,3
116186,3
116187,3
116188,0
116189,3
116190,3
116191,3
116192,1
116193,3
116194,2
116195,2
116196,2
116197,2
116198,2
116199,2
116200,2
116201,2
116202,2
116203,2
116204,2
116205,2
116206,2
116207,2
116208,3
116209,2
116210,2
116211,2
116212,2
116213,2
116214,2
116215,2
116216,3
116217,2
116218,2
116219,2
116220,2
116221,2
116222,0
116223,2
116224,0
116225,2
116226,2
116227,2
116228,2
116229,2
116230,0
116231,2
116232,3
116233,0
116234,2
116235,0
116236,2
116237,2
116238,2
116239,2
116240,2
116241,2
116242,2
116243,2
116244,2
116245,2
116246,2
116247,2
116248,2
116249,2
116250,2
116251,2
116252,2
116253,2
116254,2
116255,2
116256,2
116257,2
116258,2
116259,0
116260,2
116261,2
116262,0
116263,0
116264,2
116265,2
116266,3
116267,2
116268,2
116269,2
116270,2
116271,0
116272,3
116273,0
116274,0
116275,0
116276,0
116277,0
116278,0
116279,2
116280,2
116281,0
116282,2
116283,0
116284,3
116285,3
116286,2
116287,2
116288,2
116289,0
116290,2
116291,2
116292,2
116293,3
116294,2
116295,2
116296,2
116297,2
116298,2
116299,0
116300,2
116301,2
116302,2
116303,2
116304,2
116305,2
116306,2
116307,2
116308,0
116309,2
116310,2
116311,2
116312,2
116313,0
116314,2
116315,3
116316,2
116317,2
116318,2
116319,2
116320,2
116321,2
116322,2
116323,2
116324,2
116325,2
116326,3
116327,2
116328,2
116329,2
116330,2
116331,0
116332,0
116333,3
116334,2
116335,0
116336,3
116337,2
116338,2
116339,2
116340,2
116341,2
116342,2
116343,0
116344,2
116345,2
116346,2
116347,2
116348,3
116349,0
116350,2
116351,2
116352,2
116353,2
116354,2
116355,2
116356,3
116357,3
116358,2
116359,2
116360,2
116361,3
116362,0
116363,2
116364,2
116365,2
116366,2
116367,2
116368,2
116369,2
116370,2
116371,2
116372,2
116373,0
116374,2
116375,2
116376,2
116377,2
116378,3
116379,0
116380,3
116381,0
116382,0
116383,2
116384,0
116385,2
116386,2
116387,2
116388,0
116389,2
116390,0
116391,2
116392,0
116393,2
116394,2
116395,0
116396,2
116397,0
116398,2
116399,0
116400,2
116401,2
116402,2
116403,2
116404,2
116405,2
116406,2
116407,2
116408,2
116409,2
116410,2
116411,2
116412,3
116413,3
116414,2
116415,2
116416,2
116417,0
116418,0
116419,3
116420,2
116421,3
116422,3
116423,3
116424,2
116425,2
116426,2
116427,2
116428,2
116429,3
116430,3
116431,2
116432,2
116433,2
116434,2
116435,2
116436,2
116437,2
116438,2
116439,2
116440,2
116441,0
116442,2
116443,2
116444,0
116445,2
116446,2
116447,0
116448,2
116449,2
116450,2
116451,2
116452,2
116453,2
116454,2
116455,2
116456,2
116457,2
116458,2
116459,2
116460,2
116461,2
116462,2
116463,2
116464,2
116465,2
116466,2
116467,2
116468,2
116469,3
116470,1
116471,2
116472,2
116473,2
116474,3
116475,2
116476,2
116477,2
116478,2
116479,2
116480,2
116481,2
116482,2
116483,3
116484,0
116485,0
116486,2
116487,2
116488,2
116489,3
116490,3
116491,2
116492,2
116493,2
116494,2
116495,2
116496,2
116497,2
116498,2
116499,2
116500,2
116501,2
116502,2
116503,2
116504,2
116505,0
116506,2
116507,2
116508,2
116509,2
116510,2
116511,0
116512,2
116513,2
116514,3
116515,2
116516,2
116517,2
116518,2
116519,2
116520,0
116521,0
116522,2
116523,0
116524,2
116525,2
116526,0
116527,2
116528,2
116529,2
116530,2
116531,2
116532,2
116533,2
116534,2
116535,2
116536,2
116537,2
116538,2
116539,2
116540,2
116541,2
116542,0
116543,2
116544,0
116545,2
116546,2
116547,2
116548,3
116549,2
116550,3
116551,2
116552,2
116553,2
116554,2
116555,2
116556,2
116557,2
116558,2
116559,2
116560,2
116561,2
116562,2
116563,2
116564,2
116565,2
116566,2
116567,2
116568,2
116569,2
116570,3
116571,2
116572,2
116573,0
116574,0
116575,0
116576,0
116577,2
116578,2
116579,2
116580,2
116581,2
116582,2
116583,1
116584,0
116585,2
116586,2
116587,2
116588,2
116589,2
116590,2
116591,2
116592,2
116593,2
116594,2
116595,2
116596,2
116597,2
116598,2
116599,2
116600,2
116601,2
116602,2
116603,2
116604,2
116605,2
116606,2
116607,2
116608,2
116609,0
116610,2
116611,3
116612,3
116613,3
116614,1
116615,2
116616,3
116617,3
116618,1
116619,0
116620,0
116621,3
116622,3
116623,3
116624,3
116625,0
116626,0
116627,3
116628,3
116629,1
116630,1
116631,3
116632,3
116633,0
116634,3
116635,1
116636,3
116637,3
116638,0
116639,3
116640,0
116641,0
116642,3
116643,0
116644,3
116645,0
116646,3
116647,3
116648,3
116649,2
116650,0
116651,0
116652,0
116653,0
116654,3
116655,3
116656,3
116657,3
116658,0
116659,2
116660,3
116661,3
116662,3
116663,3
116664,3
116665,3
116666,3
116667,3
116668,3
116669,3
116670,3
116671,3
116672,3
116673,3
116674,3
116675,3
116676,3
116677,3
116678,3
116679,3
116680,3
116681,3
116682,3
116683,3
116684,3
116685,3
116686,3
116687,3
116688,3
116689,3
116690,3
116691,3
116692,3
116693,3
116694,3
116695,3
116696,3
116697,3
116698,3
116699,3
116700,3
116701,3
116702,3
116703,3
116704,3
116705,3
116706,3
116707,3
116708,3
116709,3
116710,3
116711,3
116712,3
116713,3
116714,3
116715,3
116716,3
116717,3
116718,3
116719,3
116720,3
116721,3
116722,3
116723,3
116724,3
116725,3
116726,3
116727,3
116728,3
116729,3
116730,3
116731,3
116732,3
116733,3
116734,3
116735,3
116736,3
116737,3
116738,3
116739,3
116740,3
116741,3
116742,3
116743,3
116744,3
116745,3
116746,3
116747,3
116748,3
116749,3
116750,3
116751,3
116752,3
116753,3
116754,3
116755,3
116756,3
116757,3
116758,3
116759,3
116760,3
116761,3
116762,3
116763,3
116764,3
116765,3
116766,3
116767,3
116768,3
116769,3
116770,3
116771,3
116772,3
116773,3
116774,3
116775,3
116776,3
116777,3
116778,3
116779,3
116780,3
116781,3
116782,3
116783,3
116784,3
116785,3
116786,3
116787,3
116788,3
116789,1
116790,3
116791,3
116792,1
116793,3
116794,3
116795,3
116796,3
116797,3
116798,3
116799,3
116800,3
116801,3
116802,3
116803,3
116804,3
116805,3
116806,3
116807,3
116808,3
116809,3
116810,3
116811,3
116812,3
116813,3
116814,3
116815,3
116816,3
116817,1
116818,3
116819,3
116820,3
116821,3
116822,3
116823,3
116824,3
116825,3
116826,3
116827,3
116828,1
116829,3
116830,3
116831,3
116832,3
116833,3
116834,1
116835,3
116836,3
116837,3
116838,3
116839,3
116840,3
116841,3
116842,1
116843,3
116844,3
116845,0
116846,2
116847,3
116848,3
116849,3
116850,2
116851,3
116852,0
116853,2
116854,0
116855,2
116856,3
116857,3
116858,3
116859,3
116860,3
116861,3
116862,3
116863,3
116864,3
116865,3
116866,3
116867,3
116868,3
116869,3
116870,3
116871,3
116872,3
116873,3
116874,3
116875,3
116876,0
116877,1
116878,3
116879,3
116880,3
116881,3
116882,3
116883,3
116884,0
116885,3
116886,3
116887,0
116888,3
116889,3
116890,3
116891,3
116892,3
116893,2
116894,3
116895,3
116896,3
116897,3
116898,3
116899,3
116900,0
116901,0
116902,0
116903,0
116904,2
116905,3
116906,3
116907,2
116908,3
116909,3
116910,3
116911,3
116912,3
116913,3
116914,3
116915,3
116916,3
116917,3
116918,3
116919,3
116920,3
116921,3
116922,3
116923,3
116924,3
116925,3
116926,3
116927,1
116928,2
116929,0
116930,3
116931,3
116932,3
116933,3
116934,3
116935,3
116936,3
116937,0
116938,3
116939,3
116940,2
116941,2
116942,3
116943,0
116944,3
116945,3
116946,4
116947,3
116948,0
116949,2
116950,2
116951,3
116952,3
116953,3
116954,3
116955,3
116956,1
116957,0
116958,3
116959,3
116960,3
116961,3
116962,3
116963,3
116964,3
116965,3
116966,3
116967,3
116968,3
116969,3
116970,3
116971,2
116972,0
116973,3
116974,0
116975,3
116976,0
116977,3
116978,1
116979,3
116980,3
116981,3
116982,3
116983,0
116984,2
116985,2
116986,0
116987,2
116988,2
116989,3
116990,3
116991,2
116992,3
116993,3
116994,4
116995,3
116996,3
116997,4
116998,3
116999,3
117000,3
117001,0
117002,3
117003,3
117004,3
117005,4
117006,3
117007,3
117008,3
117009,3
117010,3
117011,3
117012,3
117013,3
117014,0
117015,3
117016,3
117017,3
117018,3
117019,3
117020,2
117021,3
117022,3
117023,3
117024,3
117025,3
117026,3
117027,2
117028,3
117029,3
117030,3
117031,3
117032,3
117033,3
117034,3
117035,3
117036,3
117037,3
117038,2
117039,2
117040,2
117041,1
117042,2
117043,2
117044,2
117045,2
117046,2
117047,3
117048,2
117049,3
117050,2
117051,2
117052,2
117053,2
117054,0
117055,0
117056,0
117057,0
117058,0
117059,0
117060,0
117061,0
117062,1
117063,1
117064,0
117065,2
117066,2
117067,3
117068,0
117069,3
117070,3
117071,2
117072,3
117073,3
117074,3
117075,3
117076,0
117077,1
117078,0
117079,3
117080,0
117081,1
117082,3
117083,2
117084,2
117085,3
117086,3
117087,3
117088,3
117089,3
117090,2
117091,1
117092,3
117093,3
117094,0
117095,3
117096,3
117097,3
117098,3
117099,3
117100,1
117101,1
117102,1
117103,1
117104,1
117105,0
117106,0
117107,1
117108,1
117109,3
117110,3
117111,3
117112,1
117113,3
117114,2
117115,1
117116,3
117117,1
117118,3
117119,3
117120,3
117121,1
117122,3
117123,1
117124,3
117125,2
117126,3
117127,3
117128,3
117129,1
117130,1
117131,3
117132,1
117133,3
117134,3
117135,3
117136,3
117137,3
117138,1
117139,3
117140,3
117141,1
117142,1
117143,3
117144,2
117145,3
117146,0
117147,1
117148,1
117149,1
117150,1
117151,1
117152,1
117153,1
117154,1
117155,1
117156,1
117157,1
117158,1
117159,1
117160,1
117161,1
117162,1
117163,1
117164,3
117165,1
117166,3
117167,1
117168,3
117169,3
117170,1
117171,0
117172,3
117173,1
117174,3
117175,3
117176,3
117177,3
117178,3
117179,1
117180,1
117181,1
117182,1
117183,1
117184,1
117185,3
117186,1
117187,1
117188,1
117189,2
117190,3
117191,3
117192,0
117193,0
117194,2
117195,0
117196,0
117197,0
117198,0
117199,0
117200,0
117201,0
117202,0
117203,0
117204,0
117205,1
117206,0
117207,1
117208,0
117209,0
117210,0
117211,0
117212,0
117213,0
117214,0
117215,0
117216,0
117217,0
117218,0
117219,0
117220,0
117221,0
117222,1
117223,0
117224,0
117225,0
117226,0
117227,0
117228,0
117229,1
117230,1
117231,1
117232,1
117233,1
117234,1
117235,1
117236,1
117237,1
117238,0
117239,0
117240,1
117241,0
117242,0
117243,0
117244,2
117245,1
117246,1
117247,1
117248,3
117249,1
117250,3
117251,0
117252,2
117253,0
117254,0
117255,1
117256,0
117257,3
117258,3
117259,2
117260,0
117261,3
117262,0
117263,0
117264,0
117265,0
117266,0
117267,3
117268,3
117269,3
117270,3
117271,0
117272,1
117273,1
117274,1
117275,1
117276,1
117277,1
117278,3
117279,3
117280,3
117281,0
117282,3
117283,3
117284,1
117285,2
117286,1
117287,3
117288,3
117289,3
117290,3
117291,1
117292,0
117293,0
117294,0
117295,0
117296,0
117297,0
117298,0
117299,0
117300,0
117301,0
117302,0
117303,0
117304,0
117305,0
117306,0
117307,0
117308,0
117309,0
117310,2
117311,3
117312,2
117313,0
117314,2
117315,2
117316,2
117317,2
117318,2
117319,2
117320,2
117321,2
117322,2
117323,2
117324,2
117325,2
117326,2
117327,2
117328,2
117329,3
117330,2
117331,2
117332,2
117333,2
117334,3
117335,3
117336,2
117337,1
117338,2
117339,3
117340,3
117341,3
117342,3
117343,3
117344,0
117345,0
117346,0
117347,0
117348,0
117349,3
117350,3
117351,3
117352,3
117353,3
117354,3
117355,3
117356,3
117357,3
117358,3
117359,1
117360,3
117361,3
117362,3
117363,3
117364,3
117365,3
117366,0
117367,1
117368,1
117369,1
117370,1
117371,1
117372,1
117373,3
117374,1
117375,1
117376,1
117377,1
117378,3
117379,2
117380,1
117381,2
117382,1
117383,3
117384,3
117385,1
117386,2
117387,2
117388,0
117389,2
117390,0
117391,0
117392,0
117393,3
117394,2
117395,0
117396,0
117397,3
117398,3
117399,0
117400,0
117401,0
117402,0
117403,0
117404,0
117405,0
117406,0
117407,2
117408,0
117409,0
117410,0
117411,0
117412,0
117413,0
117414,3
117415,1
117416,3
117417,3
117418,3
117419,3
117420,3
117421,3
117422,0
117423,0
117424,3
117425,2
117426,3
117427,2
117428,2
117429,3
117430,3
117431,0
117432,2
117433,3
117434,2
117435,3
117436,3
117437,0
117438,3
117439,3
117440,3
117441,2
117442,3
117443,3
117444,0
117445,2
117446,3
117447,0
117448,2
117449,3
117450,2
117451,3
117452,3
117453,3
117454,3
117455,3
117456,2
117457,1
117458,2
117459,3
117460,2
117461,3
117462,3
117463,3
117464,2
117465,3
117466,4
117467,3
117468,3
117469,3
117470,0
117471,3
117472,3
117473,1
117474,3
117475,3
117476,3
117477,1
117478,3
117479,3
117480,3
117481,3
117482,3
117483,3
117484,3
117485,1
117486,3
117487,1
117488,2
117489,1
117490,1
117491,1
117492,2
117493,2
117494,2
117495,2
117496,2
117497,3
117498,2
117499,3
117500,3
117501,2
117502,3
117503,2
117504,3
117505,3
117506,1
117507,1
117508,0
117509,1
117510,1
117511,0
117512,2
117513,1
117514,3
117515,1
117516,3
117517,3
117518,1
117519,1
117520,3
117521,1
117522,1
117523,3
117524,3
117525,3
117526,0
117527,2
117528,2
117529,3
117530,1
117531,3
117532,2
117533,2
117534,2
117535,1
117536,1
117537,0
117538,0
117539,2
117540,3
117541,0
117542,3
117543,3
117544,3
117545,1
117546,3
117547,3
117548,2
117549,2
117550,3
117551,3
117552,3
117553,3
117554,3
117555,3
117556,3
117557,3
117558,3
117559,2
117560,2
117561,2
117562,3
117563,3
117564,2
117565,2
117566,2
117567,2
117568,2
117569,2
117570,2
117571,2
117572,3
117573,2
117574,2
117575,2
117576,2
117577,2
117578,2
117579,2
117580,2
117581,2
117582,2
117583,2
117584,2
117585,2
117586,2
117587,2
117588,2
117589,2
117590,3
117591,2
117592,2
117593,3
117594,3
117595,3
117596,3
117597,3
117598,3
117599,3
117600,3
117601,0
117602,3
117603,3
117604,3
117605,3
117606,3
117607,3
117608,3
117609,3
117610,1
117611,1
117612,1
117613,1
117614,1
117615,3
117616,3
117617,3
117618,3
117619,3
117620,3
117621,3
117622,3
117623,3
117624,2
117625,0
117626,3
117627,3
117628,3
117629,3
117630,3
117631,2
117632,1
117633,0
117634,0
117635,0
117636,3
117637,3
117638,3
117639,2
117640,3
117641,3
117642,1
117643,3
117644,3
117645,3
117646,3
117647,3
117648,2
117649,3
117650,3
117651,3
117652,3
117653,3
117654,3
117655,3
117656,3
117657,3
117658,0
117659,2
117660,0
117661,3
117662,0
117663,0
117664,0
117665,2
117666,2
117667,2
117668,3
117669,3
117670,1
117671,0
117672,1
117673,2
117674,2
117675,2
117676,2
117677,2
117678,2
117679,2
117680,3
117681,0
117682,2
117683,2
117684,2
117685,1
117686,2
117687,1
117688,1
117689,2
117690,2
117691,2
117692,3
117693,2
117694,2
117695,2
117696,2
117697,3
117698,1
117699,2
117700,3
117701,1
117702,2
117703,3
117704,3
117705,2
117706,2
117707,3
117708,3
117709,2
117710,2
117711,3
117712,3
117713,3
117714,3
117715,3
117716,3
117717,3
117718,1
117719,3
117720,0
117721,0
117722,0
117723,0
117724,3
117725,0
117726,0
117727,0
117728,3
117729,2
117730,1
117731,3
117732,3
117733,3
117734,3
117735,3
117736,3
117737,3
117738,4
117739,3
117740,3
117741,3
117742,3
117743,3
117744,0
117745,0
117746,0
117747,0
117748,0
117749,1
117750,3
117751,1
117752,1
117753,1
117754,1
117755,1
117756,3
117757,3
117758,3
117759,3
117760,3
117761,3
117762,3
117763,3
117764,3
117765,3
117766,1
117767,1
117768,1
117769,3
117770,1
117771,2
117772,2
117773,2
117774,2
117775,2
117776,2
117777,3
117778,2
117779,2
117780,2
117781,2
117782,2
117783,0
117784,0
117785,0
117786,3
117787,0
117788,0
117789,0
117790,1
117791,2
117792,2
117793,2
117794,2
117795,2
117796,2
117797,0
117798,2
117799,2
117800,2
117801,2
117802,2
117803,2
117804,2
117805,2
117806,2
117807,2
117808,2
117809,2
117810,2
117811,2
117812,2
117813,3
117814,3
117815,3
117816,3
117817,3
117818,3
117819,2
117820,3
117821,0
117822,0
117823,3
117824,3
117825,3
117826,0
117827,2
117828,1
117829,1
117830,2
117831,2
117832,2
117833,2
117834,2
117835,2
117836,2
117837,2
117838,2
117839,2
117840,2
117841,2
117842,2
117843,2
117844,2
117845,2
117846,2
117847,2
117848,2
117849,2
117850,2
117851,2
117852,2
117853,2
117854,3
117855,1
117856,2
117857,1
117858,3
117859,2
117860,2
117861,2
117862,2
117863,3
117864,1
117865,2
117866,3
117867,3
117868,2
117869,2
117870,2
117871,2
117872,2
117873,2
117874,2
117875,2
117876,2
117877,2
117878,2
117879,2
117880,2
117881,3
117882,1
117883,2
117884,2
117885,2
117886,2
117887,2
117888,2
117889,2
117890,2
117891,2
117892,2
117893,2
117894,2
117895,2
117896,2
117897,2
117898,3
117899,3
117900,3
117901,3
117902,0
117903,2
117904,1
117905,1
117906,2
117907,2
117908,3
117909,2
117910,2
117911,2
117912,3
117913,3
117914,2
117915,2
117916,2
117917,1
117918,2
117919,2
117920,2
117921,2
117922,3
117923,3
117924,3
117925,1
117926,2
117927,2
117928,2
117929,1
117930,2
117931,2
117932,2
117933,2
117934,1
117935,1
117936,1
117937,1
117938,1
117939,1
117940,1
117941,1
117942,3
117943,3
117944,3
117945,2
117946,3
117947,3
117948,2
117949,1
117950,2
117951,2
117952,2
117953,2
117954,2
117955,2
117956,2
117957,2
117958,2
117959,2
117960,2
117961,2
117962,2
117963,2
117964,2
117965,2
117966,2
117967,2
117968,2
117969,2
117970,3
117971,3
117972,3
117973,3
117974,3
117975,3
117976,3
117977,2
117978,2
117979,2
117980,2
117981,1
117982,2
117983,2
117984,2
117985,2
117986,1
117987,2
117988,2
117989,2
117990,2
117991,2
117992,2
117993,2
117994,2
117995,2
117996,2
117997,2
117998,1
117999,3
118000,3
118001,2
118002,2
118003,2
118004,3
118005,1
118006,1
118007,3
118008,3
118009,1
118010,2
118011,1
118012,2
118013,2
118014,2
118015,2
118016,2
118017,1
118018,1
118019,2
118020,2
118021,2
118022,2
118023,2
118024,1
118025,3
118026,2
118027,2
118028,3
118029,2
118030,3
118031,2
118032,3
118033,3
118034,3
118035,3
118036,3
118037,3
118038,3
118039,3
118040,2
118041,2
118042,3
118043,2
118044,3
118045,1
118046,1
118047,3
118048,3
118049,3
118050,0
118051,0
118052,0
118053,0
118054,0
118055,0
118056,0
118057,0
118058,1
118059,2
118060,0
118061,2
118062,2
118063,2
118064,3
118065,2
118066,2
118067,0
118068,0
118069,0
118070,1
118071,3
118072,3
118073,2
118074,2
118075,2
118076,2
118077,2
118078,2
118079,0
118080,1
118081,3
118082,3
118083,3
118084,3
118085,3
118086,3
118087,3
118088,0
118089,0
118090,0
118091,0
118092,0
118093,0
118094,0
118095,0
118096,0
118097,0
118098,0
118099,0
118100,0
118101,0
118102,0
118103,0
118104,0
118105,0
118106,0
118107,0
118108,0
118109,0
118110,0
118111,0
118112,0
118113,0
118114,0
118115,3
118116,2
118117,3
118118,3
118119,1
118120,2
118121,2
118122,2
118123,0
118124,0
118125,0
118126,0
118127,3
118128,2
118129,3
118130,1
118131,2
118132,2
118133,0
118134,2
118135,2
118136,2
118137,2
118138,2
118139,2
118140,2
118141,2
118142,2
118143,2
118144,2
118145,2
118146,2
118147,2
118148,0
118149,2
118150,2
118151,2
118152,2
118153,2
118154,1
118155,2
118156,2
118157,2
118158,2
118159,2
118160,2
118161,2
118162,3
118163,0
118164,0
118165,3
118166,2
118167,2
118168,2
118169,2
118170,2
118171,2
118172,2
118173,2
118174,2
118175,2
118176,2
118177,3
118178,3
118179,2
118180,2
118181,2
118182,2
118183,2
118184,2
118185,2
118186,2
118187,3
118188,2
118189,2
118190,2
118191,2
118192,1
118193,2
118194,3
118195,1
118196,3
118197,2
118198,2
118199,0
118200,0
118201,0
118202,2
118203,0
118204,0
118205,3
118206,0
118207,0
118208,0
118209,0
118210,0
118211,0
118212,0
118213,0
118214,0
118215,0
118216,0
118217,3
118218,0
118219,0
118220,0
118221,0
118222,0
118223,0
118224,0
118225,0
118226,0
118227,0
118228,3
118229,3
118230,3
118231,3
118232,1
118233,0
118234,0
118235,3
118236,3
118237,3
118238,3
118239,3
118240,3
118241,3
118242,3
118243,0
118244,0
118245,0
118246,0
118247,0
118248,0
118249,0
118250,0
118251,0
118252,0
118253,0
118254,0
118255,0
118256,0
118257,0
118258,0
118259,0
118260,0
118261,0
118262,0
118263,0
118264,0
118265,2
118266,2
118267,2
118268,0
118269,2
118270,2
118271,2
118272,2
118273,2
118274,2
118275,2
118276,2
118277,2
118278,2
118279,2
118280,2
118281,2
118282,2
118283,1
118284,2
118285,2
118286,2
118287,2
118288,2
118289,2
118290,2
118291,2
118292,2
118293,0
118294,3
118295,2
118296,3
118297,2
118298,2
118299,2
118300,2
118301,2
118302,2
118303,2
118304,2
118305,3
118306,3
118307,2
118308,3
118309,2
118310,3
118311,3
118312,2
118313,3
118314,3
118315,4
118316,0
118317,0
118318,3
118319,3
118320,1
118321,1
118322,3
118323,3
118324,3
118325,3
118326,1
118327,3
118328,3
118329,3
118330,3
118331,3
118332,0
118333,3
118334,2
118335,3
118336,1
118337,2
118338,2
118339,2
118340,0
118341,2
118342,2
118343,2
118344,2
118345,2
118346,2
118347,2
118348,2
118349,2
118350,2
118351,2
118352,2
118353,2
118354,2
118355,2
118356,3
118357,2
118358,3
118359,2
118360,2
118361,2
118362,2
118363,2
118364,2
118365,3
118366,2
118367,2
118368,1
118369,3
118370,1
118371,3
118372,3
118373,3
118374,3
118375,3
118376,3
118377,3
118378,3
118379,3
118380,3
118381,3
118382,3
118383,1
118384,3
118385,3
118386,3
118387,3
118388,4
118389,0
118390,3
118391,3
118392,3
118393,3
118394,3
118395,2
118396,3
118397,3
118398,3
118399,3
118400,0
118401,2
118402,3
118403,2
118404,1
118405,3
118406,3
118407,3
118408,2
118409,3
118410,3
118411,3
118412,2
118413,3
118414,3
118415,2
118416,2
118417,2
118418,3
118419,3
118420,2
118421,2
118422,3
118423,0
118424,3
118425,3
118426,3
118427,3
118428,1
118429,3
118430,2
118431,2
118432,2
118433,3
118434,3
118435,3
118436,3
118437,2
118438,0
118439,3
118440,3
118441,0
118442,0
118443,0
118444,4
118445,0
118446,0
118447,2
118448,3
118449,3
118450,3
118451,3
118452,3
118453,3
118454,3
118455,3
118456,3
118457,0
118458,4
118459,0
118460,0
118461,0
118462,0
118463,0
118464,2
118465,0
118466,0
118467,0
118468,0
118469,3
118470,3
118471,1
118472,1
118473,1
118474,1
118475,1
118476,1
118477,1
118478,1
118479,1
118480,1
118481,1
118482,1
118483,1
118484,1
118485,1
118486,1
118487,1
118488,1
118489,1
118490,1
118491,1
118492,1
118493,1
118494,1
118495,1
118496,1
118497,1
118498,1
118499,1
118500,1
118501,1
118502,1
118503,1
118504,1
118505,1
118506,1
118507,1
118508,1
118509,2
118510,1
118511,1
118512,1
118513,1
118514,3
118515,3
118516,2
118517,3
118518,2
118519,2
118520,3
118521,2
118522,2
118523,2
118524,2
118525,3
118526,2
118527,2
118528,0
118529,3
118530,3
118531,3
118532,3
118533,2
118534,3
118535,1
118536,1
118537,1
118538,1
118539,1
118540,1
118541,1
118542,1
118543,1
118544,1
118545,2
118546,1
118547,1
118548,0
118549,0
118550,0
118551,3
118552,1
118553,2
118554,0
118555,0
118556,0
118557,0
118558,0
118559,0
118560,0
118561,0
118562,0
118563,0
118564,0
118565,0
118566,0
118567,0
118568,0
118569,0
118570,0
118571,0
118572,2
118573,0
118574,0
118575,0
118576,0
118577,2
118578,0
118579,0
118580,0
118581,0
118582,0
118583,0
118584,0
118585,0
118586,0
118587,0
118588,0
118589,0
118590,0
118591,0
118592,0
118593,0
118594,0
118595,0
118596,0
118597,0
118598,0
118599,0
118600,0
118601,0
118602,0
118603,0
118604,0
118605,0
118606,0
118607,0
118608,0
118609,0
118610,0
118611,0
118612,0
118613,3
118614,3
118615,1
118616,3
118617,3
118618,3
118619,0
118620,0
118621,2
118622,3
118623,3
118624,3
118625,3
118626,2
118627,2
118628,1
118629,2
118630,2
118631,1
118632,3
118633,1
118634,2
118635,3
118636,2
118637,3
118638,0
118639,1
118640,2
118641,0
118642,3
118643,1
118644,1
118645,1
118646,1
118647,1
118648,1
118649,1
118650,1
118651,1
118652,1
118653,1
118654,1
118655,1
118656,3
118657,1
118658,0
118659,0
118660,1
118661,1
118662,1
118663,1
118664,3
118665,3
118666,0
118667,1
118668,3
118669,3
118670,3
118671,1
118672,3
118673,3
118674,3
118675,1
118676,1
118677,0
118678,0
118679,1
118680,1
118681,1
118682,1
118683,1
118684,1
118685,1
118686,1
118687,1
118688,3
118689,0
118690,3
118691,3
118692,3
118693,1
118694,1
118695,3
118696,3
118697,3
118698,3
118699,0
118700,3
118701,3
118702,2
118703,3
118704,2
118705,3
118706,3
118707,2
118708,3
118709,3
118710,3
118711,2
118712,3
118713,2
118714,2
118715,3
118716,3
118717,3
118718,3
118719,3
118720,2
118721,3
118722,2
118723,3
118724,0
118725,3
118726,3
118727,3
118728,2
118729,0
118730,2
118731,0
118732,3
118733,3
118734,2
118735,1
118736,2
118737,2
118738,2
118739,2
118740,3
118741,3
118742,3
118743,3
118744,3
118745,3
118746,0
118747,2
118748,2
118749,2
118750,2
118751,2
118752,3
118753,3
118754,3
118755,2
118756,3
118757,3
118758,3
118759,3
118760,1
118761,0
118762,1
118763,3
118764,2
118765,0
118766,2
118767,0
118768,2
118769,3
118770,2
118771,0
118772,3
118773,3
118774,3
118775,3
118776,3
118777,3
118778,3
118779,3
118780,3
118781,3
118782,3
118783,3
118784,3
118785,3
118786,3
118787,3
118788,3
118789,3
118790,1
118791,3
118792,3
118793,3
118794,3
118795,3
118796,2
118797,2
118798,3
118799,3
118800,3
118801,3
118802,3
118803,3
118804,2
118805,3
118806,3
118807,3
118808,3
118809,3
118810,2
118811,0
118812,2
118813,3
118814,3
118815,3
118816,3
118817,3
118818,3
118819,0
118820,1
118821,3
118822,1
118823,3
118824,3
118825,3
118826,3
118827,3
118828,3
118829,3
118830,3
118831,3
118832,3
118833,3
118834,3
118835,3
118836,1
118837,3
118838,3
118839,3
118840,3
118841,1
118842,1
118843,0
118844,3
118845,3
118846,3
118847,3
118848,3
118849,3
118850,1
118851,0
118852,3
118853,0
118854,1
118855,3
118856,1
118857,3
118858,0
118859,0
118860,3
118861,3
118862,3
118863,1
118864,1
118865,1
118866,1
118867,3
118868,3
118869,3
118870,3
118871,1
118872,2
118873,0
118874,3
118875,1
118876,3
118877,3
118878,1
118879,1
118880,1
118881,3
118882,3
118883,3
118884,2
118885,1
118886,1
118887,3
118888,2
118889,3
118890,2
118891,3
118892,2
118893,2
118894,3
118895,3
118896,3
118897,3
118898,3
118899,1
118900,3
118901,1
118902,3
118903,1
118904,2
118905,3
118906,1
118907,1
118908,1
118909,3
118910,0
118911,1
118912,1
118913,0
118914,3
118915,3
118916,3
118917,1
118918,1
118919,1
118920,1
118921,1
118922,3
118923,3
118924,3
118925,1
118926,3
118927,3
118928,1
118929,3
118930,1
118931,3
118932,3
118933,3
118934,3
118935,3
118936,1
118937,3
118938,3
118939,3
118940,3
118941,3
118942,3
118943,3
118944,3
118945,1
118946,3
118947,3
118948,3
118949,3
118950,3
118951,3
118952,3
118953,3
118954,3
118955,3
118956,3
118957,3
118958,3
118959,3
118960,2
118961,0
118962,0
118963,0
118964,3
118965,3
118966,3
118967,2
118968,2
118969,3
118970,1
118971,1
118972,1
118973,3
118974,1
118975,1
118976,2
118977,0
118978,1
118979,3
118980,0
118981,1
118982,3
118983,2
118984,3
118985,1
118986,1
118987,3
118988,2
118989,2
118990,2
118991,3
118992,3
118993,2
118994,3
118995,2
118996,2
118997,3
118998,2
118999,0
119000,3
119001,1
119002,1
119003,1
119004,3
119005,1
119006,3
119007,3
119008,1
119009,0
119010,1
119011,3
119012,3
119013,2
119014,3
119015,3
119016,3
119017,1
119018,3
119019,3
119020,0
119021,0
119022,2
119023,0
119024,0
119025,0
119026,1
119027,0
119028,0
119029,1
119030,1
119031,0
119032,1
119033,1
119034,0
119035,3
119036,3
119037,3
119038,0
119039,3
119040,2
119041,0
119042,0
119043,0
119044,1
119045,1
119046,1
119047,0
119048,1
119049,1
119050,1
119051,1
119052,3
119053,3
119054,0
119055,1
119056,0
119057,0
119058,2
119059,1
119060,1
119061,1
119062,0
119063,0
119064,0
119065,2
119066,0
119067,1
119068,0
119069,0
119070,0
119071,1
119072,3
119073,3
119074,3
119075,3
119076,3
119077,3
119078,3
119079,3
119080,3
119081,0
119082,3
119083,3
119084,1
119085,2
119086,1
119087,1
119088,2
119089,3
119090,2
119091,3
119092,3
119093,0
119094,1
119095,1
119096,3
119097,0
119098,2
119099,1
119100,2
119101,2
119102,3
119103,3
119104,3
119105,3
119106,2
119107,1
119108,3
119109,3
119110,2
119111,3
119112,1
119113,2
119114,2
119115,2
119116,1
119117,3
119118,3
119119,0
119120,2
119121,3
119122,1
119123,0
119124,3
119125,3
119126,2
119127,1
119128,1
119129,3
119130,3
119131,3
119132,1
119133,3
119134,2
119135,3
119136,2
119137,0
119138,0
119139,3
119140,0
119141,1
119142,2
119143,0
119144,1
119145,3
119146,3
119147,1
119148,0
119149,2
119150,0
119151,0
119152,0
119153,0
119154,0
119155,0
119156,3
119157,0
119158,0
119159,0
119160,0
119161,3
119162,1
119163,1
119164,2
119165,2
119166,1
119167,3
119168,1
119169,2
119170,3
119171,0
119172,1
119173,2
119174,3
119175,3
119176,1
119177,3
119178,3
119179,2
119180,2
119181,3
119182,2
119183,1
119184,1
119185,3
119186,3
119187,3
119188,3
119189,2
119190,1
119191,0
119192,3
119193,3
119194,3
119195,2
119196,2
119197,2
119198,3
119199,3
119200,0
119201,3
119202,3
119203,1
119204,3
119205,1
119206,1
119207,1
119208,3
119209,2
119210,3
119211,2
119212,3
119213,2
119214,2
119215,3
119216,2
119217,3
119218,2
119219,2
119220,2
119221,3
119222,3
119223,3
119224,1
119225,0
119226,1
119227,3
119228,2
119229,2
119230,0
119231,0
119232,0
119233,2
119234,3
119235,3
119236,1
119237,3
119238,2
119239,1
119240,3
119241,1
119242,3
119243,3
119244,1
119245,3
119246,2
119247,3
119248,3
119249,2
119250,3
119251,2
119252,3
119253,1
119254,3
119255,3
119256,3
119257,0
119258,3
119259,1
119260,1
119261,2
119262,1
119263,1
119264,0
119265,1
119266,1
119267,3
119268,3
119269,0
119270,3
119271,3
119272,3
119273,3
119274,3
119275,2
119276,1
119277,1
119278,2
119279,2
119280,2
119281,2
119282,0
119283,3
119284,1
119285,2
119286,2
119287,2
119288,3
119289,2
119290,2
119291,2
119292,2
119293,0
119294,2
119295,2
119296,0
119297,2
119298,0
119299,3
119300,2
119301,0
119302,1
119303,0
119304,1
119305,3
119306,0
119307,3
119308,1
119309,1
119310,0
119311,3
119312,0
119313,3
119314,2
119315,2
119316,1
119317,3
119318,0
119319,0
119320,2
119321,3
119322,1
119323,1
119324,3
119325,3
119326,3
119327,3
119328,0
119329,0
119330,3
119331,0
119332,3
119333,3
119334,3
119335,0
119336,0
119337,2
119338,2
119339,0
119340,3
119341,2
119342,2
119343,3
119344,2
119345,2
119346,2
119347,2
119348,2
119349,2
119350,3
119351,2
119352,2
119353,2
119354,2
119355,2
119356,0
119357,2
119358,2
119359,2
119360,2
119361,2
119362,0
119363,2
119364,3
119365,2
119366,3
119367,3
119368,2
119369,0
119370,1
119371,1
119372,2
119373,1
119374,2
119375,2
119376,2
119377,2
119378,2
119379,3
119380,2
119381,2
119382,2
119383,2
119384,2
119385,2
119386,3
119387,2
119388,2
119389,2
119390,2
119391,3
119392,2
119393,2
119394,2
119395,0
119396,2
119397,0
119398,1
119399,2
119400,2
119401,2
119402,2
119403,2
119404,3
119405,2
119406,0
119407,2
119408,2
119409,2
119410,3
119411,2
119412,2
119413,0
119414,2
119415,3
119416,3
119417,3
119418,3
119419,3
119420,3
119421,0
119422,1
119423,3
119424,1
119425,1
119426,1
119427,1
119428,2
119429,3
119430,3
119431,3
119432,2
119433,2
119434,3
119435,0
119436,1
119437,3
119438,3
119439,3
119440,3
119441,3
119442,3
119443,3
119444,3
119445,3
119446,3
119447,3
119448,3
119449,3
119450,3
119451,2
119452,3
119453,3
119454,2
119455,2
119456,3
119457,3
119458,3
119459,3
119460,3
119461,2
119462,1
119463,0
119464,1
119465,3
119466,3
119467,3
119468,3
119469,3
119470,3
119471,3
119472,3
119473,3
119474,1
119475,1
119476,3
119477,1
119478,1
119479,3
119480,0
119481,0
119482,0
119483,0
119484,3
119485,3
119486,3
119487,2
119488,3
119489,3
119490,3
119491,3
119492,3
119493,3
119494,3
119495,3
119496,0
119497,3
119498,3
119499,3
119500,3
119501,3
119502,3
119503,3
119504,3
119505,3
119506,1
119507,1
119508,3
119509,3
119510,3
119511,3
119512,3
119513,3
119514,1
119515,3
119516,3
119517,3
119518,3
119519,2
119520,3
119521,3
119522,3
119523,3
119524,0
119525,3
119526,0
119527,3
119528,3
119529,3
119530,3
119531,3
119532,3
119533,0
119534,3
119535,3
119536,3
119537,1
119538,3
119539,3
119540,3
119541,3
119542,3
119543,3
119544,3
119545,3
119546,3
119547,3
119548,3
119549,3
119550,3
119551,3
119552,0
119553,0
119554,0
119555,0
119556,0
119557,0
119558,0
119559,3
119560,3
119561,0
119562,2
119563,1
119564,3
119565,3
119566,0
119567,3
119568,3
119569,3
119570,3
119571,0
119572,3
119573,3
119574,3
119575,3
119576,3
119577,0
119578,3
119579,3
119580,3
119581,3
119582,3
119583,3
119584,3
119585,3
119586,3
119587,3
119588,3
119589,3
119590,1
119591,3
119592,1
119593,3
119594,3
119595,3
119596,3
119597,3
119598,3
119599,3
119600,3
119601,3
119602,1
119603,2
119604,3
119605,3
119606,3
119607,3
119608,3
119609,3
119610,3
119611,3
119612,3
119613,3
119614,3
119615,3
119616,3
119617,3
119618,0
119619,0
119620,0
119621,3
119622,3
119623,3
119624,3
119625,3
119626,3
119627,3
119628,3
119629,3
119630,3
119631,3
119632,3
119633,3
119634,1
119635,3
119636,3
119637,3
119638,3
119639,3
119640,3
119641,3
119642,1
119643,3
119644,3
119645,0
119646,3
119647,3
119648,3
119649,0
119650,3
119651,3
119652,0
119653,0
119654,3
119655,3
119656,3
119657,3
119658,0
119659,0
119660,3
119661,3
119662,1
119663,3
119664,0
119665,1
119666,3
119667,3
119668,3
119669,3
119670,3
119671,3
119672,3
119673,3
119674,3
119675,1
119676,0
119677,3
119678,0
119679,0
119680,2
119681,0
119682,3
119683,3
119684,3
119685,3
119686,3
119687,3
119688,3
119689,3
119690,3
119691,3
119692,3
119693,3
119694,3
119695,3
119696,3
119697,3
119698,0
119699,0
119700,3
119701,3
119702,3
119703,0
119704,3
119705,1
119706,3
119707,0
119708,0
119709,0
119710,0
119711,0
119712,0
119713,0
119714,0
119715,0
119716,0
119717,0
119718,0
119719,0
119720,0
119721,0
119722,0
119723,0
119724,0
119725,0
119726,0
119727,0
119728,0
119729,0
119730,0
119731,0
119732,0
119733,0
119734,0
119735,0
119736,0
119737,0
119738,0
119739,2
119740,2
119741,0
119742,0
119743,0
119744,2
119745,0
119746,0
119747,0
119748,0
119749,0
119750,3
119751,0
119752,0
119753,3
119754,0
119755,0
119756,0
119757,0
119758,3
119759,3
119760,3
119761,3
119762,3
119763,3
119764,3
119765,1
119766,3
119767,3
119768,3
119769,3
119770,3
119771,3
119772,3
119773,3
119774,3
119775,0
119776,3
119777,3
119778,0
119779,0
119780,1
119781,3
119782,3
119783,3
119784,3
119785,0
119786,2
119787,3
119788,2
119789,3
119790,3
119791,3
119792,3
119793,2
119794,3
119795,3
119796,3
119797,3
119798,3
119799,3
119800,1
119801,1
119802,3
119803,1
119804,1
119805,3
119806,3
119807,3
119808,3
119809,3
119810,3
119811,3
119812,3
119813,3
119814,3
119815,0
119816,0
119817,0
119818,3
119819,3
119820,3
119821,3
119822,1
119823,1
119824,3
119825,3
119826,3
119827,3
119828,0
119829,3
119830,3
119831,3
119832,3
119833,3
119834,3
119835,3
119836,3
119837,3
119838,3
119839,3
119840,3
119841,3
119842,3
119843,3
119844,3
119845,3
119846,3
119847,3
119848,3
119849,1
119850,3
119851,3
119852,0
119853,3
119854,0
119855,0
119856,3
119857,0
119858,3
119859,3
119860,0
119861,0
119862,3
119863,3
119864,0
119865,3
119866,3
119867,3
119868,3
119869,3
119870,3
119871,1
119872,2
119873,3
119874,3
119875,3
119876,3
119877,3
119878,3
119879,3
119880,0
119881,3
119882,3
119883,3
119884,3
119885,3
119886,3
119887,3
119888,3
119889,3
119890,3
119891,0
119892,3
119893,0
119894,0
119895,0
119896,0
119897,3
119898,0
119899,0
119900,0
119901,3
119902,3
119903,3
119904,1
119905,1
119906,3
119907,3
119908,3
119909,3
119910,3
119911,3
119912,3
119913,3
119914,3
119915,3
119916,0
119917,3
119918,3
119919,3
119920,0
119921,3
119922,3
119923,3
119924,3
119925,3
119926,3
119927,3
119928,3
119929,3
119930,3
119931,3
119932,3
119933,3
119934,3
119935,3
119936,3
119937,3
119938,3
119939,3
119940,3
119941,3
119942,3
119943,3
119944,3
119945,3
119946,3
119947,3
119948,3
119949,3
119950,3
119951,3
119952,3
119953,3
119954,3
119955,3
119956,3
119957,3
119958,3
119959,3
119960,3
119961,3
119962,3
119963,3
119964,0
119965,0
119966,3
119967,3
119968,3
119969,3
119970,0
119971,0
119972,0
119973,3
119974,0
119975,0
119976,0
119977,0
119978,0
119979,0
119980,0
119981,0
119982,0
119983,0
119984,0
119985,0
119986,0
119987,0
119988,0
119989,0
119990,0
119991,0
119992,0
119993,0
119994,0
119995,3
119996,0
119997,0
119998,0
119999,0
120000,0
120001,2
120002,2
120003,0
120004,3
120005,2
120006,3
120007,3
120008,0
120009,3
120010,3
120011,3
120012,3
120013,3
120014,1
120015,3
120016,2
120017,3
120018,1
120019,3
120020,0
120021,0
120022,3
120023,3
120024,3
120025,3
120026,3
120027,3
120028,3
120029,3
120030,0
120031,0
120032,3
120033,2
120034,2
120035,2
120036,2
120037,0
120038,3
120039,3
120040,2
120041,2
120042,3
120043,3
120044,3
120045,2
120046,1
120047,0
120048,3
120049,3
120050,0
120051,0
120052,0
120053,3
120054,0
120055,0
120056,0
120057,0
120058,3
120059,3
120060,3
120061,3
120062,3
120063,3
120064,3
120065,3
120066,2
120067,3
120068,3
120069,3
120070,3
120071,3
120072,3
120073,3
120074,3
120075,3
120076,3
120077,3
120078,3
120079,3
120080,3
120081,3
120082,3
120083,3
120084,3
120085,3
120086,3
120087,3
120088,0
120089,3
120090,1
120091,3
120092,3
120093,3
120094,3
120095,3
120096,3
120097,3
120098,1
120099,3
120100,2
120101,0
120102,2
120103,3
120104,0
120105,0
120106,0
120107,0
120108,0
120109,3
120110,0
120111,0
120112,0
120113,0
120114,0
120115,0
120116,0
120117,0
120118,0
120119,0
120120,0
120121,0
120122,0
120123,0
120124,0
120125,0
120126,2
120127,0
120128,0
120129,0
120130,2
120131,0
120132,0
120133,0
120134,0
120135,0
120136,2
120137,2
120138,0
120139,0
120140,3
120141,0
120142,0
120143,0
120144,0
120145,0
120146,0
120147,0
120148,0
120149,0
120150,0
120151,0
120152,0
120153,0
120154,0
120155,0
120156,0
120157,0
120158,0
120159,0
120160,0
120161,0
120162,0
120163,0
120164,0
120165,3
120166,0
120167,0
120168,0
120169,3
120170,0
120171,3
120172,3
120173,0
120174,0
120175,0
120176,0
120177,0
120178,0
120179,3
120180,3
120181,3
120182,0
120183,0
120184,0
120185,0
120186,3
120187,1
120188,1
120189,1
120190,1
120191,3
120192,0
120193,0
120194,0
120195,0
120196,2
120197,0
120198,0
120199,0
120200,0
120201,0
120202,0
120203,0
120204,0
120205,0
120206,0
120207,0
120208,0
120209,0
120210,0
120211,0
120212,2
120213,0
120214,0
120215,0
120216,0
120217,0
120218,0
120219,0
120220,0
120221,0
120222,0
120223,0
120224,0
120225,0
120226,0
120227,0
120228,0
120229,2
120230,0
120231,2
120232,0
120233,0
120234,0
120235,0
120236,0
120237,0
120238,0
120239,0
120240,0
120241,3
120242,1
120243,1
120244,0
120245,0
120246,0
120247,0
120248,3
120249,0
120250,0
120251,0
120252,0
120253,0
120254,0
120255,0
120256,3
120257,0
120258,0
120259,0
120260,3
120261,0
120262,2
120263,2
120264,2
120265,0
120266,0
120267,0
120268,0
120269,0
120270,0
120271,0
120272,0
120273,0
120274,3
120275,0
120276,3
120277,0
120278,0
120279,3
120280,0
120281,0
120282,3
120283,0
120284,0
120285,3
120286,3
120287,0
120288,0
120289,0
120290,0
120291,3
120292,0
120293,3
120294,3
120295,0
120296,0
120297,0
120298,0
120299,0
120300,0
120301,0
120302,0
120303,2
120304,0
120305,0
120306,0
120307,2
120308,0
120309,2
120310,2
120311,0
120312,0
120313,2
120314,2
120315,0
120316,0
120317,0
120318,0
120319,0
120320,0
120321,0
120322,0
120323,0
120324,0
120325,0
120326,0
120327,3
120328,0
120329,0
120330,2
120331,2
120332,2
120333,3
120334,3
120335,0
120336,0
120337,3
120338,3
120339,0
120340,0
120341,0
120342,0
120343,0
120344,0
120345,0
120346,3
120347,0
120348,0
120349,0
120350,0
120351,0
120352,0
120353,0
120354,0
120355,0
120356,0
120357,0
120358,0
120359,3
120360,0
120361,2
120362,0
120363,0
120364,2
120365,0
120366,3
120367,2
120368,0
120369,0
120370,0
120371,3
120372,2
120373,2
120374,0
120375,0
120376,0
120377,2
120378,0
120379,0
120380,0
120381,2
120382,0
120383,0
120384,0
120385,0
120386,0
120387,2
120388,2
120389,0
120390,3
120391,3
120392,0
120393,0
120394,0
120395,2
120396,0
120397,0
120398,0
120399,3
120400,3
120401,0
120402,3
120403,0
120404,0
120405,0
120406,0
120407,2
120408,0
120409,2
120410,2
120411,0
120412,0
120413,0
120414,0
120415,0
120416,0
120417,0
120418,0
120419,0
120420,0
120421,2
120422,0
120423,0
120424,0
120425,0
120426,0
120427,0
120428,0
120429,0
120430,0
120431,0
120432,0
120433,0
120434,0
120435,0
120436,0
120437,0
120438,0
120439,0
120440,0
120441,0
120442,0
120443,3
120444,0
120445,0
120446,3
120447,0
120448,1
120449,3
120450,0
120451,1
120452,0
120453,0
120454,0
120455,0
120456,0
120457,0
120458,0
120459,0
120460,0
120461,0
120462,0
120463,0
120464,0
120465,0
120466,0
120467,0
120468,0
120469,0
120470,0
120471,0
120472,0
120473,0
120474,0
120475,0
120476,0
120477,0
120478,0
120479,3
120480,0
120481,0
120482,0
120483,0
120484,0
120485,0
120486,0
120487,0
120488,0
120489,0
120490,0
120491,0
120492,0
120493,3
120494,0
120495,3
120496,0
120497,0
120498,0
120499,0
120500,3
120501,0
120502,0
120503,0
120504,0
120505,0
120506,0
120507,0
120508,0
120509,0
120510,0
120511,0
120512,0
120513,3
120514,0
120515,0
120516,0
120517,0
120518,0
120519,0
120520,1
120521,1
120522,1
120523,1
120524,3
120525,3
